account_id,account_number,product_id,branch_id,currency_code,status,ledger_balance,available_balance,opened_at,closed_at,last_activity_at,version,updated_at
1,GL-CASH_VAULT,14,1,USD,active,390212914.66,390212914.66,2008-01-01T00:00:00+00:00,,2026-09-22T21:00:00+00:00,39,2026-09-22T21:00:00+00:00
2,GL-ACH_CLEARING,14,1,USD,active,-38312465.52,-38312465.52,2008-01-01T00:00:00+00:00,,2026-09-22T09:00:00+00:00,36,2026-09-22T09:00:00+00:00
3,GL-CARD_SETTLEMENT,14,1,USD,active,17631143.00,17631143.00,2008-01-01T00:00:00+00:00,,2026-06-28T22:02:05+00:00,35,2026-06-28T22:02:05+00:00
4,GL-FEE_INCOME,14,1,USD,active,41460.00,41460.00,2008-01-01T00:00:00+00:00,,2026-09-22T20:30:00+00:00,34,2026-09-22T20:30:00+00:00
5,GL-INTEREST_EXPENSE,14,1,USD,active,377055.44,377055.44,2008-01-01T00:00:00+00:00,,2026-08-31T22:00:00+00:00,3,2026-08-31T22:00:00+00:00
6,GL-INTEREST_INCOME,14,1,USD,active,1278363.29,1278363.29,2008-01-01T00:00:00+00:00,,2026-09-22T18:00:00+00:00,12,2026-09-22T18:00:00+00:00
7,GL-LOAN_FUNDING,14,1,USD,active,0,0,2008-01-01T00:00:00+00:00,,,0,2008-01-01T00:00:00+00:00
8,GL-WIRE_CLEARING,14,1,USD,active,22343794.05,22343794.05,2008-01-01T00:00:00+00:00,,2026-09-22T20:30:00+00:00,6,2026-09-22T20:30:00+00:00
9,GL-MIGRATION,14,1,USD,active,17523843.45,17523843.45,2008-01-01T00:00:00+00:00,,2026-04-30T23:59:00+00:00,7,2026-04-30T23:59:00+00:00
10,02110000000010,2,18,USD,active,42056.42,42556.42,2021-06-11T14:45:46+00:00,,2026-09-21T09:12:54+00:00,10,2026-09-21T09:12:54+00:00
11,02110000000011,3,18,USD,dormant,135.82,135.82,2024-07-05T17:58:15+00:00,,2026-08-31T22:00:00+00:00,23,2026-08-31T22:00:00+00:00
12,02100000000012,1,5,USD,active,3462.52,3462.52,2010-04-16T21:01:50+00:00,,2026-09-12T09:00:00+00:00,16,2026-09-12T09:00:00+00:00
13,02100000000013,8,5,USD,active,1981.10,8018.90,2022-12-25T21:44:59+00:00,,2026-09-20T13:51:35+00:00,24,2026-09-20T13:51:35+00:00
14,02110000000014,2,16,USD,active,33590.99,34090.99,2023-11-18T08:35:55+00:00,,2026-09-17T23:21:09+00:00,23,2026-09-17T23:21:09+00:00
15,02110000000015,4,16,USD,active,18774.86,18774.86,2025-01-02T01:28:52+00:00,,2026-08-31T22:00:00+00:00,12,2026-08-31T22:00:00+00:00
16,02110000000016,5,16,USD,active,10412.21,10412.21,2025-11-14T21:26:56+00:00,,2026-08-31T22:00:00+00:00,1,2026-08-31T22:00:00+00:00
17,02110000000017,1,21,USD,active,2329.80,2329.80,2026-01-28T03:42:49+00:00,,2026-09-20T17:21:32+00:00,22,2026-09-20T17:21:32+00:00
18,02100000000018,2,5,USD,active,4533.63,5033.63,2026-04-21T12:46:11+00:00,,2026-09-17T01:56:47+00:00,39,2026-09-17T01:56:47+00:00
19,02100000000019,9,5,USD,active,3067.87,4432.13,2026-08-15T22:08:50+00:00,,2026-09-21T18:47:11+00:00,18,2026-09-21T18:47:11+00:00
20,02100000000020,3,4,USD,active,1986.67,1986.67,2024-12-21T03:33:29+00:00,,2026-08-31T22:00:00+00:00,30,2026-08-31T22:00:00+00:00
21,02100000000021,9,4,USD,active,0,15000.00,2024-04-14T08:12:08+00:00,,,0,2024-04-14T08:12:08+00:00
22,02100000000022,1,2,USD,active,3542.09,3542.09,2018-02-17T14:49:23+00:00,,2026-09-12T23:02:34+00:00,25,2026-09-12T23:02:34+00:00
23,02100000000023,4,2,USD,active,9562.60,9562.60,2020-06-05T20:34:25+00:00,,2026-08-31T22:00:00+00:00,7,2026-08-31T22:00:00+00:00
24,02110000000024,2,24,USD,dormant,283.93,283.93,2017-02-09T07:36:24+00:00,,2026-08-31T22:00:00+00:00,11,2026-08-31T22:00:00+00:00
25,02110000000025,4,24,USD,active,16465.54,16465.54,2018-02-11T07:54:08+00:00,,2026-08-31T22:00:00+00:00,1,2026-08-31T22:00:00+00:00
26,02110000000026,8,24,USD,closed,0,10000.00,2023-05-01T16:18:49+00:00,2023-07-07T20:59:12+00:00,,0,2023-07-07T20:59:12+00:00
27,02110000000027,1,23,USD,active,8257.71,8257.71,2018-12-15T09:00:39+00:00,,2026-09-19T13:22:03+00:00,18,2026-09-19T13:22:03+00:00
28,02110000000028,1,20,USD,active,19865.66,19865.66,2012-08-03T08:18:41+00:00,,2026-09-21T14:52:20+00:00,26,2026-09-21T14:52:20+00:00
29,02110000000029,2,13,USD,active,5.36,505.36,2018-11-24T16:29:26+00:00,,2026-09-20T21:53:09+00:00,40,2026-09-20T21:53:09+00:00
30,02110000000030,2,16,USD,active,4535.63,5035.63,2014-09-25T18:33:28+00:00,,2026-08-09T17:22:43+00:00,24,2026-08-09T17:22:43+00:00
31,02110000000031,4,16,USD,active,6415.68,6415.68,2019-04-23T09:24:13+00:00,,2026-08-31T22:00:00+00:00,40,2026-08-31T22:00:00+00:00
32,02110000000032,1,18,USD,active,1234.44,1234.44,2013-01-24T16:20:02+00:00,,2026-09-22T20:46:25+00:00,7,2026-09-22T20:46:25+00:00
33,02110000000033,3,18,USD,active,6187.56,6187.56,2017-05-24T00:50:46+00:00,,2026-08-31T22:00:00+00:00,40,2026-08-31T22:00:00+00:00
34,02110000000034,8,18,USD,active,1856.33,-856.33,2013-12-11T04:05:27+00:00,,2026-08-25T18:00:00+00:00,19,2026-08-25T18:00:00+00:00
35,02110000000035,1,23,USD,active,2927.34,2927.34,2012-08-28T01:30:12+00:00,,2026-09-19T22:21:41+00:00,5,2026-09-19T22:21:41+00:00
36,02110000000036,3,23,USD,active,2040.82,2040.82,2023-08-14T01:56:52+00:00,,2026-08-31T22:00:00+00:00,22,2026-08-31T22:00:00+00:00
37,02110000000037,1,14,USD,active,2508.59,2508.59,2022-12-29T11:30:41+00:00,,2026-09-21T16:10:27+00:00,3,2026-09-21T16:10:27+00:00
38,02110000000038,1,21,USD,active,24206.54,24206.54,2019-12-22T17:00:37+00:00,,2026-09-21T18:25:13+00:00,17,2026-09-21T18:25:13+00:00
39,02110000000039,4,21,USD,active,32775.50,32775.50,2023-10-27T09:30:24+00:00,,2026-08-31T22:00:00+00:00,36,2026-08-31T22:00:00+00:00
40,02110000000040,5,21,USD,active,11109.50,11109.50,2021-04-18T22:07:00+00:00,,2026-08-31T22:00:00+00:00,37,2026-08-31T22:00:00+00:00
41,02100000000041,2,2,USD,active,16157.51,16657.51,2020-03-17T04:49:02+00:00,,2026-09-20T09:00:00+00:00,35,2026-09-20T09:00:00+00:00
42,02100000000042,4,2,USD,active,9896.84,9896.84,2024-12-19T17:39:02+00:00,,2026-08-31T22:00:00+00:00,17,2026-08-31T22:00:00+00:00
43,02100000000043,8,2,USD,active,1286.85,3713.15,2025-04-12T10:06:16+00:00,,2026-09-11T12:25:06+00:00,36,2026-09-11T12:25:06+00:00
44,02100000000044,1,4,USD,active,7151.53,7151.53,2010-01-27T18:46:13+00:00,,2026-09-19T20:36:41+00:00,33,2026-09-19T20:36:41+00:00
45,02100000000045,4,4,USD,active,6599.37,6599.37,2025-02-12T12:33:01+00:00,,2026-08-31T22:00:00+00:00,7,2026-08-31T22:00:00+00:00
46,02100000000046,2,4,USD,active,32190.32,32690.32,2025-05-04T08:03:20+00:00,,2026-09-22T20:53:30+00:00,10,2026-09-22T20:53:30+00:00
47,02100000000047,3,4,USD,active,1134.14,1134.14,2026-03-24T21:18:05+00:00,,2026-08-31T22:00:00+00:00,36,2026-08-31T22:00:00+00:00
48,02100000000048,5,4,USD,active,1389.42,1389.42,2026-08-13T16:14:00+00:00,,2026-08-31T22:00:00+00:00,12,2026-08-31T22:00:00+00:00
49,02100000000049,1,5,USD,active,1359.22,1359.22,2025-11-08T15:28:35+00:00,,2026-08-25T21:10:20+00:00,34,2026-08-25T21:10:20+00:00
50,02100000000050,8,5,USD,active,0,10000.00,2025-12-18T10:46:19+00:00,,,0,2025-12-18T10:46:19+00:00
51,02110000000051,2,15,USD,active,42348.31,42848.31,2017-11-30T08:17:21+00:00,,2026-09-21T20:27:08+00:00,39,2026-09-21T20:27:08+00:00
52,02110000000052,3,15,USD,active,3498.37,3498.37,2024-06-14T20:12:53+00:00,,2026-08-31T22:00:00+00:00,6,2026-08-31T22:00:00+00:00
53,02110000000053,8,15,USD,active,0.00,10000.00,2024-09-06T12:23:42+00:00,,2026-05-25T18:00:00+00:00,23,2026-05-25T18:00:00+00:00
54,02110000000054,2,16,USD,active,13136.77,13636.77,2013-01-29T05:27:16+00:00,,2026-09-21T22:08:05+00:00,29,2026-09-21T22:08:05+00:00
55,02110000000055,4,16,USD,active,3958.53,3958.53,2021-07-26T12:54:09+00:00,,2026-08-31T22:00:00+00:00,5,2026-08-31T22:00:00+00:00
56,02110000000056,8,16,USD,active,0.00,15000.00,2014-08-29T13:23:39+00:00,,2026-05-25T18:00:00+00:00,1,2026-05-25T18:00:00+00:00
57,02100000000057,1,1,USD,frozen,2278.76,2278.76,2021-09-03T19:23:28+00:00,,2026-04-30T23:59:00+00:00,11,2026-04-30T23:59:00+00:00
58,02100000000058,4,1,USD,active,21620.21,21620.21,2022-05-20T14:29:47+00:00,,2026-08-31T22:00:00+00:00,14,2026-08-31T22:00:00+00:00
59,02110000000059,1,22,USD,active,30088.66,30088.66,2017-07-27T19:07:47+00:00,,2026-09-18T19:02:18+00:00,4,2026-09-18T19:02:18+00:00
60,02110000000060,2,14,USD,active,28678.39,29178.39,2022-10-26T19:25:04+00:00,,2026-09-22T08:43:56+00:00,19,2026-09-22T08:43:56+00:00
61,02110000000061,3,14,USD,active,1409.44,1409.44,2024-01-12T05:01:06+00:00,,2026-08-31T22:00:00+00:00,11,2026-08-31T22:00:00+00:00
62,02110000000062,1,21,USD,active,2382.60,2382.60,2008-12-03T00:44:09+00:00,,2026-09-20T09:00:00+00:00,7,2026-09-20T09:00:00+00:00
63,02110000000063,4,21,USD,frozen,3875.80,3875.80,2020-10-02T22:12:48+00:00,,2026-04-30T23:59:00+00:00,17,2026-04-30T23:59:00+00:00
64,02110000000064,9,21,USD,active,1387.42,8612.58,2023-09-26T05:38:25+00:00,,2026-09-21T17:13:26+00:00,38,2026-09-21T17:13:26+00:00
65,02100000000065,1,9,USD,active,17058.43,17058.43,2011-07-13T23:36:57+00:00,,2026-09-18T09:00:00+00:00,26,2026-09-18T09:00:00+00:00
66,02100000000066,3,9,USD,active,1122.83,1122.83,2014-06-26T23:16:46+00:00,,2026-08-31T22:00:00+00:00,23,2026-08-31T22:00:00+00:00
67,02100000000067,8,9,USD,active,847.72,24152.28,2018-12-11T01:01:30+00:00,,2026-09-21T12:29:41+00:00,13,2026-09-21T12:29:41+00:00
68,02110000000068,1,15,USD,active,3165.77,3165.77,2026-02-03T09:18:14+00:00,,2026-09-18T21:42:24+00:00,39,2026-09-18T21:42:24+00:00
69,02100000000069,1,2,USD,active,13659.20,13659.20,2009-05-09T14:04:36+00:00,,2026-09-19T16:13:59+00:00,40,2026-09-19T16:13:59+00:00
70,02100000000070,8,2,USD,active,1095.08,3904.92,2012-10-28T08:05:35+00:00,,2026-09-21T13:38:35+00:00,32,2026-09-21T13:38:35+00:00
71,02110000000071,1,19,USD,active,1145.55,1145.55,2020-06-10T10:39:11+00:00,,2026-09-21T19:41:07+00:00,13,2026-09-21T19:41:07+00:00
72,02110000000072,3,19,USD,active,4337.03,4337.03,2025-04-27T01:36:45+00:00,,2026-08-31T22:00:00+00:00,36,2026-08-31T22:00:00+00:00
73,02110000000073,9,19,USD,active,2074.36,425.64,2023-11-02T17:02:45+00:00,,2026-07-31T22:00:00+00:00,40,2026-07-31T22:00:00+00:00
74,02100000000074,1,9,USD,dormant,280.80,280.80,2008-10-25T23:28:04+00:00,,2026-08-31T22:00:00+00:00,22,2026-08-31T22:00:00+00:00
75,02100000000075,4,9,USD,active,7939.25,7939.25,2014-12-23T12:47:48+00:00,,2026-08-31T22:00:00+00:00,33,2026-08-31T22:00:00+00:00
76,02110000000076,1,23,USD,active,4749.58,4749.58,2022-02-26T01:58:52+00:00,,2026-09-21T23:38:55+00:00,18,2026-09-21T23:38:55+00:00
77,02110000000077,1,25,USD,active,23260.07,23260.07,2016-12-28T19:13:01+00:00,,2026-09-19T09:00:00+00:00,7,2026-09-19T09:00:00+00:00
78,02110000000078,3,25,USD,active,1530.82,1530.82,2020-07-30T22:28:26+00:00,,2026-08-31T22:00:00+00:00,16,2026-08-31T22:00:00+00:00
79,02100000000079,1,3,USD,active,12487.17,12487.17,2022-03-19T13:24:10+00:00,,2026-09-21T18:55:32+00:00,31,2026-09-21T18:55:32+00:00
80,02100000000080,1,2,USD,active,65.92,65.92,2019-01-05T18:18:29+00:00,,2026-09-20T12:49:16+00:00,29,2026-09-20T12:49:16+00:00
81,02100000000081,3,2,USD,active,5369.29,5369.29,2019-10-23T21:42:36+00:00,,2026-08-31T22:00:00+00:00,37,2026-08-31T22:00:00+00:00
82,02100000000082,1,3,USD,active,4217.48,4217.48,2018-02-21T05:56:34+00:00,,2026-09-14T09:00:00+00:00,32,2026-09-14T09:00:00+00:00
83,02100000000083,4,3,USD,active,4524.59,4524.59,2020-07-22T07:22:27+00:00,,2026-08-31T22:00:00+00:00,36,2026-08-31T22:00:00+00:00
84,02100000000084,9,3,USD,active,4873.53,2626.47,2026-06-05T07:38:03+00:00,,2026-09-19T19:34:50+00:00,39,2026-09-19T19:34:50+00:00
85,02110000000085,2,23,USD,active,16448.89,16948.89,2021-08-21T23:17:27+00:00,,2026-09-19T12:34:51+00:00,26,2026-09-19T12:34:51+00:00
86,02110000000086,15,23,EUR,active,11544.58,11544.58,2024-06-05T05:24:20+00:00,,2026-04-30T23:59:00+00:00,17,2026-04-30T23:59:00+00:00
87,02100000000087,1,2,USD,active,16554.94,16554.94,2016-01-17T21:31:49+00:00,,2026-09-21T15:26:02+00:00,26,2026-09-21T15:26:02+00:00
88,02100000000088,3,2,USD,active,2738.54,2738.54,2021-07-14T01:29:58+00:00,,2026-08-31T22:00:00+00:00,6,2026-08-31T22:00:00+00:00
89,02110000000089,8,23,USD,active,0,5000.00,2022-10-24T20:10:16+00:00,,,0,2022-10-24T20:10:16+00:00
90,02110000000090,15,23,EUR,active,9595.12,9595.12,2023-08-27T15:54:44+00:00,,2026-04-30T23:59:00+00:00,24,2026-04-30T23:59:00+00:00
91,02110000000091,1,23,USD,active,28051.49,28051.49,2015-11-16T15:56:56+00:00,,2026-09-20T12:13:22+00:00,8,2026-09-20T12:13:22+00:00
92,02110000000092,2,20,USD,active,11749.15,12249.15,2024-04-01T15:12:31+00:00,,2026-09-17T09:00:00+00:00,34,2026-09-17T09:00:00+00:00
93,02110000000093,8,20,USD,active,3896.14,6103.86,2024-08-31T22:38:00+00:00,,2026-09-21T19:43:34+00:00,33,2026-09-21T19:43:34+00:00
94,02100000000094,1,4,USD,active,857.18,857.18,2017-11-26T17:24:46+00:00,,2026-09-08T21:51:59+00:00,40,2026-09-08T21:51:59+00:00
95,02100000000095,3,4,USD,active,1290.77,1290.77,2020-11-01T21:38:48+00:00,,2026-08-31T22:00:00+00:00,40,2026-08-31T22:00:00+00:00
96,02100000000096,1,1,USD,active,8137.52,8137.52,2010-07-03T17:18:50+00:00,,2026-09-21T03:26:19+00:00,1,2026-09-21T03:26:19+00:00
97,02100000000097,1,5,USD,active,34052.63,34052.63,2015-10-27T02:56:11+00:00,,2026-08-24T15:42:23+00:00,16,2026-08-24T15:42:23+00:00
98,02110000000098,1,25,USD,active,2283.29,2283.29,2026-02-26T03:02:15+00:00,,2026-09-22T14:09:25+00:00,30,2026-09-22T14:09:25+00:00
99,02110000000099,5,25,USD,active,19580.06,19580.06,2026-02-28T21:04:05+00:00,,2026-08-31T22:00:00+00:00,25,2026-08-31T22:00:00+00:00
100,02110000000100,1,23,USD,active,43940.95,43940.95,2012-04-20T08:06:49+00:00,,2026-09-18T04:19:02+00:00,3,2026-09-18T04:19:02+00:00
101,02110000000101,9,23,USD,active,1982.73,517.27,2012-08-11T16:38:13+00:00,,2026-09-13T18:30:28+00:00,29,2026-09-13T18:30:28+00:00
102,02110000000102,1,21,USD,active,1117.84,1117.84,2022-10-28T08:12:07+00:00,,2026-05-28T12:45:31+00:00,40,2026-05-28T12:45:31+00:00
103,02100000000103,1,9,USD,active,6592.25,6592.25,2026-07-09T23:57:48+00:00,,2026-09-21T23:03:02+00:00,36,2026-09-21T23:03:02+00:00
104,02100000000104,3,9,USD,active,4325.79,4325.79,2026-08-27T16:40:43+00:00,,2026-08-31T22:00:00+00:00,40,2026-08-31T22:00:00+00:00
105,02110000000105,2,19,USD,active,21397.32,21897.32,2022-07-19T16:14:43+00:00,,2026-09-15T16:55:46+00:00,5,2026-09-15T16:55:46+00:00
106,02100000000106,1,7,USD,active,27733.57,27733.57,2009-12-14T15:11:34+00:00,,2026-09-20T21:52:00+00:00,37,2026-09-20T21:52:00+00:00
107,02100000000107,3,7,USD,active,4319.19,4319.19,2017-02-05T15:48:51+00:00,,2026-08-31T22:00:00+00:00,17,2026-08-31T22:00:00+00:00
108,02100000000108,2,1,USD,active,21552.80,22052.80,2016-02-20T18:20:33+00:00,,2026-09-20T20:22:06+00:00,13,2026-09-20T20:22:06+00:00
109,02110000000109,1,23,USD,active,5055.05,5055.05,2025-08-22T23:03:04+00:00,,2026-09-22T09:00:00+00:00,39,2026-09-22T09:00:00+00:00
110,02110000000110,1,20,USD,active,5017.89,5017.89,2020-03-27T09:25:28+00:00,,2026-09-21T09:41:57+00:00,10,2026-09-21T09:41:57+00:00
111,02110000000111,9,20,USD,active,1175.31,8824.69,2020-10-10T19:39:47+00:00,,2026-09-22T18:46:29+00:00,5,2026-09-22T18:46:29+00:00
112,02110000000112,1,21,USD,active,21232.15,21232.15,2019-12-08T01:30:59+00:00,,2026-09-21T23:30:15+00:00,39,2026-09-21T23:30:15+00:00
113,02110000000113,3,21,USD,active,7095.52,7095.52,2026-04-06T02:11:06+00:00,,2026-08-31T22:00:00+00:00,9,2026-08-31T22:00:00+00:00
114,02100000000114,2,7,USD,active,26074.23,26574.23,2017-08-24T13:55:02+00:00,,2026-09-21T17:16:34+00:00,2,2026-09-21T17:16:34+00:00
115,02110000000115,1,18,USD,active,34164.56,34164.56,2023-08-07T12:28:38+00:00,,2026-09-20T23:26:17+00:00,10,2026-09-20T23:26:17+00:00
116,02110000000116,4,18,USD,active,4205.34,4205.34,2023-10-10T17:56:31+00:00,,2026-08-31T22:00:00+00:00,16,2026-08-31T22:00:00+00:00
117,02110000000117,1,24,USD,active,27822.85,27822.85,2013-07-18T14:16:39+00:00,,2026-09-14T07:17:29+00:00,23,2026-09-14T07:17:29+00:00
118,02100000000118,1,5,USD,active,15910.85,15910.85,2009-09-16T12:33:15+00:00,,2026-09-18T15:50:03+00:00,36,2026-09-18T15:50:03+00:00
119,02100000000119,4,5,USD,active,6004.32,6004.32,2011-09-16T19:31:22+00:00,,2026-08-31T22:00:00+00:00,11,2026-08-31T22:00:00+00:00
120,02100000000120,9,5,USD,active,0,10000.00,2016-05-28T21:04:59+00:00,,,0,2016-05-28T21:04:59+00:00
121,02100000000121,1,6,USD,active,12862.05,12862.05,2021-07-24T17:22:18+00:00,,2026-09-20T15:19:06+00:00,6,2026-09-20T15:19:06+00:00
122,02100000000122,3,6,USD,active,3786.85,3786.85,2021-11-11T00:08:26+00:00,,2026-08-31T22:00:00+00:00,38,2026-08-31T22:00:00+00:00
123,02100000000123,8,6,USD,active,0,2500.00,2022-02-11T23:48:05+00:00,,,0,2022-02-11T23:48:05+00:00
124,02110000000124,1,21,USD,active,11014.79,11014.79,2014-11-05T09:04:22+00:00,,2026-09-19T21:11:46+00:00,40,2026-09-19T21:11:46+00:00
125,02110000000125,3,21,USD,active,9573.36,9573.36,2024-08-11T19:35:52+00:00,,2026-08-31T22:00:00+00:00,24,2026-08-31T22:00:00+00:00
126,02100000000126,1,5,USD,active,7879.45,7879.45,2013-06-13T06:04:50+00:00,,2026-09-21T14:36:41+00:00,23,2026-09-21T14:36:41+00:00
127,02110000000127,1,20,USD,active,14459.93,14459.93,2015-09-27T23:36:39+00:00,,2026-09-18T09:00:00+00:00,28,2026-09-18T09:00:00+00:00
128,02110000000128,3,20,USD,active,5415.32,5415.32,2018-09-12T23:39:21+00:00,,2026-08-31T22:00:00+00:00,16,2026-08-31T22:00:00+00:00
129,02110000000129,8,20,USD,active,997.04,9002.96,2018-07-22T06:32:44+00:00,,2026-09-21T23:42:53+00:00,5,2026-09-21T23:42:53+00:00
130,02100000000130,2,3,USD,active,10293.77,10793.77,2010-10-05T14:41:28+00:00,,2026-09-22T12:58:23+00:00,24,2026-09-22T12:58:23+00:00
131,02100000000131,3,3,USD,active,5118.44,5118.44,2017-05-27T15:54:49+00:00,,2026-08-31T22:00:00+00:00,12,2026-08-31T22:00:00+00:00
132,02110000000132,1,24,USD,active,13274.90,13274.90,2018-08-08T09:42:50+00:00,,2026-09-21T23:07:18+00:00,13,2026-09-21T23:07:18+00:00
133,02110000000133,3,24,USD,active,1040.87,1040.87,2023-05-19T14:32:27+00:00,,2026-08-31T22:00:00+00:00,21,2026-08-31T22:00:00+00:00
134,02110000000134,1,24,USD,closed,0,0,2022-08-01T08:17:05+00:00,2024-09-23T16:24:24+00:00,,0,2024-09-23T16:24:24+00:00
135,02110000000135,4,24,USD,closed,0,0,2024-12-15T05:01:58+00:00,2026-04-04T18:05:38+00:00,,0,2026-04-04T18:05:38+00:00
136,02100000000136,1,4,USD,closed,0,0,2012-10-07T02:14:52+00:00,2023-09-10T07:10:16+00:00,,0,2023-09-10T07:10:16+00:00
137,02100000000137,3,4,USD,active,345.36,345.36,2017-04-24T20:38:54+00:00,,2026-08-31T22:00:00+00:00,29,2026-08-31T22:00:00+00:00
138,02100000000138,5,4,USD,active,8218.05,8218.05,2024-06-19T02:56:17+00:00,,2026-08-31T22:00:00+00:00,30,2026-08-31T22:00:00+00:00
139,02100000000139,9,4,USD,active,5028.91,4971.09,2017-05-05T16:06:38+00:00,,2026-07-31T22:00:00+00:00,36,2026-07-31T22:00:00+00:00
140,02100000000140,1,5,USD,active,5928.25,5928.25,2013-07-10T14:59:39+00:00,,2026-09-09T05:13:50+00:00,33,2026-09-09T05:13:50+00:00
141,02100000000141,8,5,USD,active,1699.20,800.80,2024-08-18T21:22:01+00:00,,2026-09-21T18:53:48+00:00,36,2026-09-21T18:53:48+00:00
142,02110000000142,1,19,USD,active,15323.15,15323.15,2012-12-28T01:50:14+00:00,,2026-09-20T09:00:00+00:00,4,2026-09-20T09:00:00+00:00
143,02110000000143,9,19,USD,active,1072.89,8927.11,2015-01-07T15:56:42+00:00,,2026-09-17T21:43:38+00:00,25,2026-09-17T21:43:38+00:00
144,02100000000144,1,3,USD,active,3112.00,3112.00,2013-08-24T05:29:40+00:00,,2026-09-20T12:08:18+00:00,25,2026-09-20T12:08:18+00:00
145,02100000000145,3,3,USD,active,7346.17,7346.17,2026-09-14T06:06:14+00:00,,2026-09-14T06:11:14+00:00,5,2026-09-14T06:11:14+00:00
146,02110000000146,1,22,USD,active,3389.51,3389.51,2025-10-24T17:52:28+00:00,,2026-09-22T18:21:44+00:00,36,2026-09-22T18:21:44+00:00
147,02110000000147,5,22,USD,active,5981.23,5981.23,2026-04-15T02:13:01+00:00,,2026-08-31T22:00:00+00:00,1,2026-08-31T22:00:00+00:00
148,02100000000148,1,10,USD,dormant,138.70,138.70,2021-09-13T06:26:42+00:00,,2026-08-31T22:00:00+00:00,18,2026-08-31T22:00:00+00:00
149,02100000000149,2,11,USD,active,31942.88,32442.88,2013-01-22T07:10:29+00:00,,2026-09-21T20:11:35+00:00,14,2026-09-21T20:11:35+00:00
150,02110000000150,1,22,USD,active,21490.05,21490.05,2017-12-22T03:35:54+00:00,,2026-09-22T09:00:00+00:00,39,2026-09-22T09:00:00+00:00
151,02110000000151,3,22,USD,closed,0,0,2024-12-07T06:05:16+00:00,2025-05-07T20:04:17+00:00,,0,2025-05-07T20:04:17+00:00
152,02110000000152,9,22,USD,active,187.42,14812.58,2023-09-23T18:02:34+00:00,,2026-09-09T22:13:24+00:00,34,2026-09-09T22:13:24+00:00
153,02100000000153,1,7,USD,active,14318.86,14318.86,2024-10-06T12:23:35+00:00,,2026-09-21T22:23:03+00:00,11,2026-09-21T22:23:03+00:00
154,02100000000154,3,7,USD,dormant,327.71,327.71,2025-12-03T20:03:32+00:00,,2026-08-31T22:00:00+00:00,10,2026-08-31T22:00:00+00:00
155,02110000000155,2,20,USD,active,4975.70,5475.70,2021-10-29T05:45:51+00:00,,2026-09-22T18:26:47+00:00,7,2026-09-22T18:26:47+00:00
156,02110000000156,4,20,USD,closed,0,0,2024-09-11T15:51:14+00:00,2025-04-01T06:04:07+00:00,,0,2025-04-01T06:04:07+00:00
157,02110000000157,1,14,USD,active,3708.67,3708.67,2023-10-29T15:08:31+00:00,,2026-09-20T09:34:35+00:00,38,2026-09-20T09:34:35+00:00
158,02110000000158,1,20,USD,active,2416.90,2416.90,2011-08-10T11:55:49+00:00,,2026-09-20T11:07:17+00:00,7,2026-09-20T11:07:17+00:00
159,02100000000159,2,1,USD,active,8598.83,9098.83,2008-07-07T16:45:53+00:00,,2026-09-20T15:21:31+00:00,14,2026-09-20T15:21:31+00:00
160,02100000000160,1,3,USD,active,23428.98,23428.98,2019-08-04T14:39:58+00:00,,2026-09-21T09:00:00+00:00,22,2026-09-21T09:00:00+00:00
161,02100000000161,8,3,USD,active,5314.00,2186.00,2021-11-16T00:09:27+00:00,,2026-09-20T20:25:20+00:00,13,2026-09-20T20:25:20+00:00
162,02110000000162,1,13,USD,active,807.64,807.64,2018-05-14T04:14:53+00:00,,2026-09-20T17:19:44+00:00,35,2026-09-20T17:19:44+00:00
163,02110000000163,8,13,USD,active,0,5000.00,2025-01-03T00:50:28+00:00,,,0,2025-01-03T00:50:28+00:00
164,02100000000164,1,7,USD,active,9608.93,9608.93,2016-06-01T02:23:33+00:00,,2026-09-19T19:31:38+00:00,21,2026-09-19T19:31:38+00:00
165,02100000000165,4,7,USD,active,2505.68,2505.68,2026-08-18T00:24:39+00:00,,2026-08-31T22:00:00+00:00,3,2026-08-31T22:00:00+00:00
166,02100000000166,1,2,USD,closed,0,0,2011-06-12T16:50:06+00:00,2018-05-09T03:38:05+00:00,,0,2018-05-09T03:38:05+00:00
167,02100000000167,4,2,USD,active,63896.80,63896.80,2021-01-19T10:32:50+00:00,,2026-08-31T22:00:00+00:00,31,2026-08-31T22:00:00+00:00
168,02100000000168,8,2,USD,active,6306.57,1193.43,2024-07-24T12:42:29+00:00,,2026-04-30T23:59:00+00:00,2,2026-04-30T23:59:00+00:00
169,02110000000169,2,18,USD,active,11891.94,12391.94,2013-05-24T12:04:11+00:00,,2026-09-14T09:00:00+00:00,40,2026-09-14T09:00:00+00:00
170,02110000000170,4,18,USD,active,4941.00,4941.00,2025-08-26T18:50:27+00:00,,2026-08-31T22:00:00+00:00,2,2026-08-31T22:00:00+00:00
171,02110000000171,9,18,USD,active,5150.19,9849.81,2014-06-28T12:19:12+00:00,,2026-09-20T22:21:57+00:00,22,2026-09-20T22:21:57+00:00
172,02110000000172,2,22,USD,active,15179.76,15679.76,2017-03-11T10:48:56+00:00,,2026-09-10T09:00:00+00:00,23,2026-09-10T09:00:00+00:00
173,02110000000173,3,22,USD,active,2560.70,2560.70,2020-12-28T03:21:05+00:00,,2026-08-31T22:00:00+00:00,6,2026-08-31T22:00:00+00:00
174,02110000000174,9,22,USD,active,342.54,14657.46,2017-05-09T19:43:57+00:00,,2026-09-15T16:42:19+00:00,33,2026-09-15T16:42:19+00:00
175,02100000000175,2,5,USD,active,7638.54,8138.54,2014-08-19T21:25:31+00:00,,2026-09-20T09:00:00+00:00,19,2026-09-20T09:00:00+00:00
176,02100000000176,8,5,USD,active,0,25000.00,2020-10-04T03:42:52+00:00,,,0,2020-10-04T03:42:52+00:00
177,02100000000177,2,6,USD,active,22128.64,22628.64,2012-07-23T04:16:22+00:00,,2026-09-22T09:00:00+00:00,16,2026-09-22T09:00:00+00:00
178,02110000000178,1,21,USD,active,21648.36,21648.36,2020-04-01T08:26:52+00:00,,2026-07-30T22:15:13+00:00,27,2026-07-30T22:15:13+00:00
179,02110000000179,1,20,USD,active,1074.75,1074.75,2025-01-26T06:17:19+00:00,,2026-09-22T12:35:12+00:00,16,2026-09-22T12:35:12+00:00
180,02110000000180,1,22,USD,active,26875.44,26875.44,2011-02-07T12:36:06+00:00,,2026-09-22T04:18:04+00:00,16,2026-09-22T04:18:04+00:00
181,02110000000181,8,22,USD,active,698.59,301.41,2026-06-08T02:09:59+00:00,,2026-09-18T18:37:41+00:00,37,2026-09-18T18:37:41+00:00
182,02110000000182,1,22,USD,active,1753.91,1753.91,2019-10-29T23:23:52+00:00,,2026-09-20T18:51:59+00:00,11,2026-09-20T18:51:59+00:00
183,02110000000183,3,22,USD,active,2887.89,2887.89,2022-02-16T23:28:06+00:00,,2026-08-31T22:00:00+00:00,29,2026-08-31T22:00:00+00:00
184,02100000000184,9,8,USD,active,0,2500.00,2014-11-04T19:16:56+00:00,,,0,2014-11-04T19:16:56+00:00
185,02100000000185,1,9,USD,active,8022.53,8022.53,2014-03-09T12:58:26+00:00,,2026-09-22T15:51:33+00:00,19,2026-09-22T15:51:33+00:00
186,02110000000186,1,13,USD,active,16602.77,16602.77,2022-07-07T18:40:43+00:00,,2026-09-22T09:00:00+00:00,11,2026-09-22T09:00:00+00:00
187,02110000000187,4,13,USD,active,21749.21,21749.21,2022-12-11T19:04:49+00:00,,2026-08-31T22:00:00+00:00,40,2026-08-31T22:00:00+00:00
188,02110000000188,8,13,USD,active,0,7500.00,2023-02-01T19:05:51+00:00,,,0,2023-02-01T19:05:51+00:00
189,02100000000189,9,3,USD,active,863.99,6636.01,2023-03-23T22:37:16+00:00,,2026-07-31T22:00:00+00:00,34,2026-07-31T22:00:00+00:00
190,02100000000190,2,12,USD,active,4041.90,4541.90,2017-04-06T15:32:17+00:00,,2026-09-14T09:00:00+00:00,2,2026-09-14T09:00:00+00:00
191,02100000000191,3,12,USD,active,9762.42,9762.42,2021-07-08T01:21:10+00:00,,2026-08-31T22:00:00+00:00,2,2026-08-31T22:00:00+00:00
192,02100000000192,8,12,USD,active,2031.44,12968.56,2020-11-25T13:38:16+00:00,,2026-09-22T17:07:13+00:00,38,2026-09-22T17:07:13+00:00
193,02110000000193,2,21,USD,active,8426.60,8926.60,2018-07-13T15:39:17+00:00,,2026-09-21T21:36:41+00:00,6,2026-09-21T21:36:41+00:00
194,02110000000194,1,24,USD,active,30707.78,30707.78,2020-07-04T23:24:07+00:00,,2026-09-13T09:00:00+00:00,4,2026-09-13T09:00:00+00:00
195,02110000000195,9,24,USD,active,0.00,10000.00,2021-07-06T08:27:30+00:00,,2026-05-25T18:00:00+00:00,18,2026-05-25T18:00:00+00:00
196,02110000000196,2,14,USD,active,85361.42,85861.42,2011-03-09T06:14:32+00:00,,2026-09-20T20:47:42+00:00,23,2026-09-20T20:47:42+00:00
197,02110000000197,8,14,USD,active,0,10000.00,2020-12-22T12:28:43+00:00,,,0,2020-12-22T12:28:43+00:00
198,02110000000198,1,23,USD,dormant,366.68,366.68,2018-11-21T07:41:33+00:00,,2026-08-31T22:00:00+00:00,38,2026-08-31T22:00:00+00:00
199,02110000000199,8,23,USD,active,0,15000.00,2023-09-06T17:19:59+00:00,,,0,2023-09-06T17:19:59+00:00
200,02100000000200,2,10,USD,active,23106.40,23606.40,2014-06-05T17:06:48+00:00,,2026-09-18T15:57:42+00:00,21,2026-09-18T15:57:42+00:00
201,02100000000201,3,10,USD,active,1276.18,1276.18,2024-08-07T07:34:49+00:00,,2026-08-31T22:00:00+00:00,4,2026-08-31T22:00:00+00:00
202,02100000000202,1,8,USD,active,2893.14,2893.14,2015-04-18T08:13:05+00:00,,2026-09-22T20:08:41+00:00,3,2026-09-22T20:08:41+00:00
203,02100000000203,3,8,USD,active,9332.65,9332.65,2017-05-14T15:13:32+00:00,,2026-08-31T22:00:00+00:00,11,2026-08-31T22:00:00+00:00
204,02100000000204,1,11,USD,active,18208.11,18208.11,2009-06-02T03:11:06+00:00,,2026-09-20T09:00:00+00:00,26,2026-09-20T09:00:00+00:00
205,02100000000205,15,11,EUR,active,10648.85,10648.85,2013-02-15T20:46:16+00:00,,2026-04-30T23:59:00+00:00,37,2026-04-30T23:59:00+00:00
206,02110000000206,1,16,USD,active,11295.93,11295.93,2014-01-23T12:53:30+00:00,,2026-09-12T21:12:50+00:00,40,2026-09-12T21:12:50+00:00
207,02100000000207,1,6,USD,active,13425.47,13425.47,2010-04-20T12:07:00+00:00,,2026-09-11T09:00:00+00:00,2,2026-09-11T09:00:00+00:00
208,02100000000208,9,6,USD,active,829.96,4170.04,2019-05-25T03:49:18+00:00,,2026-09-21T12:44:43+00:00,20,2026-09-21T12:44:43+00:00
209,02100000000209,2,4,USD,active,25842.92,26342.92,2019-11-18T15:39:37+00:00,,2026-08-30T13:32:56+00:00,5,2026-08-30T13:32:56+00:00
210,02100000000210,4,4,USD,active,18187.58,18187.58,2024-09-07T18:39:12+00:00,,2026-08-31T22:00:00+00:00,22,2026-08-31T22:00:00+00:00
211,02110000000211,2,23,USD,active,11199.73,11699.73,2012-02-02T05:51:52+00:00,,2026-09-21T13:11:31+00:00,24,2026-09-21T13:11:31+00:00
212,02110000000212,4,23,USD,active,7182.55,7182.55,2020-03-31T23:05:27+00:00,,2026-08-31T22:00:00+00:00,27,2026-08-31T22:00:00+00:00
213,02100000000213,1,6,USD,active,30117.56,30117.56,2011-12-18T06:58:20+00:00,,2026-09-20T21:25:29+00:00,28,2026-09-20T21:25:29+00:00
214,02100000000214,1,4,USD,active,43847.12,43847.12,2022-03-24T06:43:58+00:00,,2026-09-20T09:00:00+00:00,36,2026-09-20T09:00:00+00:00
215,02100000000215,3,4,USD,active,713.61,713.61,2023-07-30T20:19:42+00:00,,2026-08-31T22:00:00+00:00,30,2026-08-31T22:00:00+00:00
216,02100000000216,1,3,USD,active,75194.84,75194.84,2026-02-16T04:56:18+00:00,,2026-09-20T23:33:06+00:00,38,2026-09-20T23:33:06+00:00
217,02100000000217,1,2,USD,active,6546.67,6546.67,2022-01-13T13:17:18+00:00,,2026-09-15T09:00:00+00:00,24,2026-09-15T09:00:00+00:00
218,02100000000218,3,2,USD,active,2457.87,2457.87,2025-02-19T09:15:07+00:00,,2026-08-31T22:00:00+00:00,27,2026-08-31T22:00:00+00:00
219,02100000000219,8,2,USD,active,797.66,24202.34,2025-08-14T07:32:52+00:00,,2026-09-19T21:47:42+00:00,21,2026-09-19T21:47:42+00:00
220,02100000000220,1,1,USD,active,14160.68,14160.68,2020-01-05T06:34:59+00:00,,2026-09-21T23:20:35+00:00,11,2026-09-21T23:20:35+00:00
221,02100000000221,4,1,USD,active,7993.30,7993.30,2025-08-12T09:09:46+00:00,,2026-08-31T22:00:00+00:00,7,2026-08-31T22:00:00+00:00
222,02100000000222,9,1,USD,closed,0,1000.00,2025-08-19T11:30:18+00:00,2025-12-19T20:25:20+00:00,,0,2025-12-19T20:25:20+00:00
223,02100000000223,1,8,USD,active,15158.55,15158.55,2012-07-16T03:24:25+00:00,,2026-09-12T15:53:26+00:00,13,2026-09-12T15:53:26+00:00
224,02100000000224,5,8,USD,active,5269.02,5269.02,2015-12-16T18:05:35+00:00,,2026-08-31T22:00:00+00:00,16,2026-08-31T22:00:00+00:00
225,02100000000225,1,5,USD,active,17319.67,17319.67,2017-05-13T19:56:03+00:00,,2026-09-21T20:01:17+00:00,17,2026-09-21T20:01:17+00:00
226,02110000000226,1,19,USD,active,1593.31,1593.31,2013-09-01T14:03:59+00:00,,2026-09-22T14:53:15+00:00,37,2026-09-22T14:53:15+00:00
227,02110000000227,1,25,USD,active,17489.17,17489.17,2025-02-26T22:17:06+00:00,,2026-09-21T09:00:00+00:00,20,2026-09-21T09:00:00+00:00
228,02110000000228,1,24,USD,active,761.78,761.78,2017-06-12T01:10:00+00:00,,2026-09-17T23:36:59+00:00,14,2026-09-17T23:36:59+00:00
229,02110000000229,3,24,USD,active,904.15,904.15,2021-01-26T05:11:40+00:00,,2026-08-31T22:00:00+00:00,23,2026-08-31T22:00:00+00:00
230,02100000000230,1,6,USD,active,1556.90,1556.90,2019-02-28T13:13:21+00:00,,2026-09-20T18:53:01+00:00,22,2026-09-20T18:53:01+00:00
231,02100000000231,3,6,USD,active,7793.84,7793.84,2019-09-13T11:47:46+00:00,,2026-08-31T22:00:00+00:00,12,2026-08-31T22:00:00+00:00
232,02110000000232,1,19,USD,active,30084.18,30084.18,2012-09-07T22:31:05+00:00,,2026-09-22T09:00:00+00:00,13,2026-09-22T09:00:00+00:00
233,02110000000233,3,19,USD,active,3878.39,3878.39,2026-02-16T15:20:23+00:00,,2026-08-31T22:00:00+00:00,23,2026-08-31T22:00:00+00:00
234,02110000000234,1,25,USD,active,15447.84,15447.84,2012-12-26T06:35:13+00:00,,2026-09-21T22:33:37+00:00,24,2026-09-21T22:33:37+00:00
235,02100000000235,1,6,USD,active,1163.63,1163.63,2021-01-18T09:35:18+00:00,,2026-09-22T13:22:01+00:00,12,2026-09-22T13:22:01+00:00
236,02100000000236,3,6,USD,dormant,101.06,101.06,2025-07-30T14:07:49+00:00,,2026-08-31T22:00:00+00:00,4,2026-08-31T22:00:00+00:00
237,02100000000237,9,6,USD,active,0.00,25000.00,2024-10-05T03:52:12+00:00,,2026-06-25T18:00:00+00:00,28,2026-06-25T18:00:00+00:00
238,02100000000238,2,4,USD,active,1357.66,1857.66,2009-06-24T07:29:47+00:00,,2026-09-18T23:42:31+00:00,22,2026-09-18T23:42:31+00:00
239,02110000000239,1,21,USD,active,10395.85,10395.85,2017-09-06T04:55:00+00:00,,2026-09-21T21:11:20+00:00,12,2026-09-21T21:11:20+00:00
240,02110000000240,4,21,USD,active,3187.01,3187.01,2026-09-08T15:13:21+00:00,,2026-09-08T15:18:21+00:00,27,2026-09-08T15:18:21+00:00
241,02110000000241,5,21,USD,active,19520.23,19520.23,2023-08-02T14:53:54+00:00,,2026-08-31T22:00:00+00:00,13,2026-08-31T22:00:00+00:00
242,02100000000242,1,4,USD,active,10994.62,10994.62,2026-01-28T19:33:58+00:00,,2026-09-15T21:10:21+00:00,2,2026-09-15T21:10:21+00:00
243,02100000000243,9,4,USD,frozen,0,25000.00,2026-06-15T05:21:10+00:00,,,0,2026-06-15T05:21:10+00:00
244,02100000000244,2,1,USD,active,4801.12,5301.12,2017-07-17T23:13:37+00:00,,2026-09-21T23:17:35+00:00,37,2026-09-21T23:17:35+00:00
245,02100000000245,3,1,USD,active,1466.71,1466.71,2020-03-13T13:15:48+00:00,,2026-08-31T22:00:00+00:00,5,2026-08-31T22:00:00+00:00
246,02100000000246,8,1,USD,closed,0,7500.00,2017-09-17T13:18:18+00:00,2025-11-09T18:02:19+00:00,,0,2025-11-09T18:02:19+00:00
247,02110000000247,1,20,USD,active,2721.23,2721.23,2021-03-12T20:19:54+00:00,,2026-09-21T17:54:40+00:00,13,2026-09-21T17:54:40+00:00
248,02110000000248,4,20,USD,closed,0,0,2023-02-16T04:24:40+00:00,2023-07-27T10:32:06+00:00,,0,2023-07-27T10:32:06+00:00
249,02110000000249,1,13,USD,active,22902.34,22902.34,2010-12-20T19:01:40+00:00,,2026-09-22T19:45:00+00:00,37,2026-09-22T19:45:00+00:00
250,02110000000250,5,13,USD,active,10772.07,10772.07,2017-10-06T19:47:40+00:00,,2026-08-31T22:00:00+00:00,5,2026-08-31T22:00:00+00:00
251,02110000000251,8,13,USD,active,994.21,5.79,2017-09-24T15:39:01+00:00,,2026-09-21T18:09:03+00:00,4,2026-09-21T18:09:03+00:00
252,02110000000252,1,21,USD,active,3156.53,3156.53,2024-02-29T00:54:35+00:00,,2026-09-15T18:43:19+00:00,5,2026-09-15T18:43:19+00:00
253,02110000000253,3,21,USD,active,5324.17,5324.17,2024-06-19T09:53:26+00:00,,2026-08-31T22:00:00+00:00,33,2026-08-31T22:00:00+00:00
254,02110000000254,8,21,USD,active,0.00,15000.00,2024-10-28T15:46:19+00:00,,2026-06-25T18:00:00+00:00,3,2026-06-25T18:00:00+00:00
255,02100000000255,2,7,USD,active,12504.91,13004.91,2014-04-22T09:50:47+00:00,,2026-09-19T23:36:50+00:00,1,2026-09-19T23:36:50+00:00
256,02100000000256,3,7,USD,active,4699.19,4699.19,2019-03-24T19:29:49+00:00,,2026-08-31T22:00:00+00:00,15,2026-08-31T22:00:00+00:00
257,02110000000257,1,23,USD,active,6154.81,6154.81,2013-12-03T23:35:34+00:00,,2026-09-22T17:09:02+00:00,5,2026-09-22T17:09:02+00:00
258,02110000000258,1,25,USD,active,27889.66,27889.66,2010-09-25T01:40:19+00:00,,2026-09-22T16:39:39+00:00,6,2026-09-22T16:39:39+00:00
259,02110000000259,1,25,USD,active,10699.22,10699.22,2010-10-30T19:03:31+00:00,,2026-09-11T09:00:00+00:00,9,2026-09-11T09:00:00+00:00
260,02110000000260,3,25,USD,active,1492.25,1492.25,2023-06-06T21:27:30+00:00,,2026-08-31T22:00:00+00:00,8,2026-08-31T22:00:00+00:00
261,02110000000261,8,25,USD,active,1504.01,23495.99,2020-11-26T05:29:48+00:00,,2026-09-21T14:36:50+00:00,27,2026-09-21T14:36:50+00:00
262,02100000000262,1,12,USD,active,43529.68,43529.68,2014-04-03T06:24:02+00:00,,2026-09-21T16:04:41+00:00,36,2026-09-21T16:04:41+00:00
263,02100000000263,4,12,USD,active,4970.68,4970.68,2023-04-09T22:53:53+00:00,,2026-08-31T22:00:00+00:00,35,2026-08-31T22:00:00+00:00
264,02100000000264,5,12,USD,active,5290.67,5290.67,2017-10-21T15:07:08+00:00,,2026-08-31T22:00:00+00:00,9,2026-08-31T22:00:00+00:00
265,02100000000265,9,12,USD,active,0.00,5000.00,2016-09-09T16:13:05+00:00,,2026-06-25T18:00:00+00:00,1,2026-06-25T18:00:00+00:00
266,02110000000266,2,15,USD,active,36073.83,36573.83,2023-10-02T05:05:00+00:00,,2026-09-21T09:00:00+00:00,16,2026-09-21T09:00:00+00:00
267,02110000000267,4,15,USD,active,3771.11,3771.11,2026-08-16T04:30:02+00:00,,2026-08-31T22:00:00+00:00,27,2026-08-31T22:00:00+00:00
268,02110000000268,1,23,USD,active,11464.69,11464.69,2014-12-24T06:47:06+00:00,,2026-09-09T14:15:00+00:00,21,2026-09-09T14:15:00+00:00
269,02110000000269,3,23,USD,active,3250.74,3250.74,2018-06-05T09:35:56+00:00,,2026-08-31T22:00:00+00:00,5,2026-08-31T22:00:00+00:00
270,02110000000270,9,23,USD,active,2761.51,4738.49,2025-05-19T14:46:54+00:00,,2026-09-22T13:11:06+00:00,26,2026-09-22T13:11:06+00:00
271,02110000000271,1,22,USD,closed,0,0,2018-12-31T06:23:44+00:00,2020-12-25T06:16:12+00:00,,0,2020-12-25T06:16:12+00:00
272,02100000000272,1,12,USD,active,2914.42,2914.42,2013-02-06T05:06:07+00:00,,2026-09-18T23:52:29+00:00,27,2026-09-18T23:52:29+00:00
273,02100000000273,4,12,USD,active,16887.79,16887.79,2020-09-02T02:25:14+00:00,,2026-08-31T22:00:00+00:00,21,2026-08-31T22:00:00+00:00
274,02110000000274,1,16,USD,active,1306.25,1306.25,2022-09-21T16:58:00+00:00,,2026-09-13T09:00:00+00:00,6,2026-09-13T09:00:00+00:00
275,02110000000275,3,16,USD,active,2971.12,2971.12,2024-02-12T15:34:39+00:00,,2026-08-31T22:00:00+00:00,38,2026-08-31T22:00:00+00:00
276,02110000000276,9,16,USD,active,2470.17,29.83,2024-01-05T18:20:07+00:00,,2026-09-09T16:50:14+00:00,5,2026-09-09T16:50:14+00:00
277,02110000000277,2,24,USD,closed,0,0,2017-08-13T23:03:11+00:00,2018-03-30T16:25:45+00:00,,0,2018-03-30T16:25:45+00:00
278,02110000000278,3,24,USD,active,2904.56,2904.56,2022-08-30T13:00:36+00:00,,2026-08-31T22:00:00+00:00,31,2026-08-31T22:00:00+00:00
279,02100000000279,1,9,USD,active,4205.32,4205.32,2020-02-05T09:01:42+00:00,,2026-09-11T14:00:00+00:00,17,2026-09-11T14:00:00+00:00
280,02100000000280,9,9,USD,active,999.38,0.62,2020-10-04T04:04:18+00:00,,2026-09-15T12:35:05+00:00,17,2026-09-15T12:35:05+00:00
281,02100000000281,2,11,USD,active,27560.31,28060.31,2010-08-04T19:38:52+00:00,,2026-09-21T19:39:23+00:00,24,2026-09-21T19:39:23+00:00
282,02100000000282,1,5,USD,active,11409.63,11409.63,2012-01-02T14:10:26+00:00,,2026-09-20T08:14:00+00:00,14,2026-09-20T08:14:00+00:00
283,02100000000283,9,5,USD,active,342.14,7157.86,2025-07-02T09:20:14+00:00,,2026-09-17T20:57:18+00:00,34,2026-09-17T20:57:18+00:00
284,02110000000284,1,25,USD,dormant,274.78,274.78,2017-12-07T01:44:01+00:00,,2026-08-31T22:00:00+00:00,32,2026-08-31T22:00:00+00:00
285,02110000000285,3,25,USD,active,3768.57,3768.57,2026-07-26T07:39:21+00:00,,2026-08-31T22:00:00+00:00,18,2026-08-31T22:00:00+00:00
286,02110000000286,9,25,USD,active,0,7500.00,2026-05-04T04:21:27+00:00,,,0,2026-05-04T04:21:27+00:00
287,02110000000287,2,14,USD,active,19558.38,20058.38,2017-11-07T01:16:20+00:00,,2026-09-21T05:10:58+00:00,38,2026-09-21T05:10:58+00:00
288,02110000000288,9,14,USD,active,371.15,2128.85,2020-07-07T16:48:28+00:00,,2026-09-18T19:17:19+00:00,15,2026-09-18T19:17:19+00:00
289,02100000000289,1,10,USD,closed,0,0,2011-04-04T16:50:00+00:00,2021-03-14T22:09:38+00:00,,0,2021-03-14T22:09:38+00:00
290,02100000000290,4,10,USD,active,3608.93,3608.93,2023-09-06T16:58:22+00:00,,2026-08-31T22:00:00+00:00,18,2026-08-31T22:00:00+00:00
291,02100000000291,8,10,USD,active,602.05,397.95,2014-05-25T07:25:12+00:00,,2026-05-31T22:00:00+00:00,21,2026-05-31T22:00:00+00:00
292,02110000000292,1,19,USD,dormant,188.41,188.41,2022-12-10T04:41:24+00:00,,2026-08-31T22:00:00+00:00,9,2026-08-31T22:00:00+00:00
293,02110000000293,3,19,USD,active,3596.49,3596.49,2024-08-25T18:43:37+00:00,,2026-08-31T22:00:00+00:00,33,2026-08-31T22:00:00+00:00
294,02110000000294,1,21,USD,active,929.42,929.42,2021-02-10T18:59:32+00:00,,2026-09-21T19:33:58+00:00,12,2026-09-21T19:33:58+00:00
295,02100000000295,2,3,USD,active,8931.03,9431.03,2023-09-01T07:30:22+00:00,,2026-09-22T12:46:15+00:00,30,2026-09-22T12:46:15+00:00
296,02100000000296,3,3,USD,active,6647.14,6647.14,2024-02-19T18:33:25+00:00,,2026-08-31T22:00:00+00:00,30,2026-08-31T22:00:00+00:00
297,02100000000297,9,3,USD,closed,0,1000.00,2025-02-13T22:28:44+00:00,2026-04-17T01:48:23+00:00,,0,2026-04-17T01:48:23+00:00
298,02110000000298,1,25,USD,active,65.82,65.82,2015-07-08T01:00:05+00:00,,2026-09-22T12:00:21+00:00,34,2026-09-22T12:00:21+00:00
299,02110000000299,3,25,USD,active,1228.01,1228.01,2018-09-28T07:58:39+00:00,,2026-08-31T22:00:00+00:00,31,2026-08-31T22:00:00+00:00
300,02100000000300,1,12,USD,active,140.80,140.80,2024-10-01T17:11:58+00:00,,2026-09-18T13:43:37+00:00,20,2026-09-18T13:43:37+00:00
301,02100000000301,4,12,USD,active,4580.65,4580.65,2026-01-18T12:53:59+00:00,,2026-08-31T22:00:00+00:00,22,2026-08-31T22:00:00+00:00
302,02110000000302,1,25,USD,active,3164.58,3164.58,2013-06-10T07:11:52+00:00,,2026-09-22T18:01:31+00:00,22,2026-09-22T18:01:31+00:00
303,02110000000303,5,25,USD,active,25634.70,25634.70,2015-03-09T22:59:36+00:00,,2026-08-31T22:00:00+00:00,19,2026-08-31T22:00:00+00:00
304,02100000000304,1,1,USD,active,4267.09,4267.09,2014-02-02T07:05:48+00:00,,2026-09-17T09:00:00+00:00,26,2026-09-17T09:00:00+00:00
305,02100000000305,1,10,USD,active,2069.56,2069.56,2012-03-10T15:57:12+00:00,,2026-09-20T16:52:31+00:00,38,2026-09-20T16:52:31+00:00
306,02100000000306,8,10,USD,closed,0,5000.00,2024-11-19T05:47:58+00:00,2025-03-14T21:03:35+00:00,,0,2025-03-14T21:03:35+00:00
307,02100000000307,1,4,USD,active,9795.57,9795.57,2024-05-17T19:28:17+00:00,,2026-09-22T15:12:03+00:00,21,2026-09-22T15:12:03+00:00
308,02100000000308,3,4,USD,active,6727.73,6727.73,2026-08-11T15:50:23+00:00,,2026-08-31T22:00:00+00:00,27,2026-08-31T22:00:00+00:00
309,02100000000309,2,11,USD,active,71843.80,72343.80,2022-10-28T18:46:02+00:00,,2026-09-22T09:00:00+00:00,34,2026-09-22T09:00:00+00:00
310,02100000000310,3,11,USD,active,4539.90,4539.90,2026-05-10T12:01:46+00:00,,2026-08-31T22:00:00+00:00,6,2026-08-31T22:00:00+00:00
311,02100000000311,9,11,USD,active,1217.97,3782.03,2023-12-23T05:45:52+00:00,,2026-09-19T14:59:57+00:00,20,2026-09-19T14:59:57+00:00
312,02100000000312,1,1,USD,active,4616.17,4616.17,2015-12-18T19:58:39+00:00,,2026-09-20T20:54:57+00:00,9,2026-09-20T20:54:57+00:00
313,02100000000313,9,1,USD,active,0.00,2500.00,2025-08-04T07:40:43+00:00,,2026-06-25T18:00:00+00:00,8,2026-06-25T18:00:00+00:00
314,02110000000314,2,16,USD,active,18825.46,19325.46,2020-05-08T01:22:16+00:00,,2026-09-22T09:00:00+00:00,1,2026-09-22T09:00:00+00:00
315,02110000000315,4,16,USD,active,6491.57,6491.57,2024-09-12T06:55:50+00:00,,2026-08-31T22:00:00+00:00,25,2026-08-31T22:00:00+00:00
316,02110000000316,5,16,USD,frozen,0,0,2026-06-12T06:47:41+00:00,,,0,2026-06-12T06:47:41+00:00
317,02100000000317,1,3,USD,active,16713.10,16713.10,2015-11-26T01:42:27+00:00,,2026-09-06T14:16:21+00:00,1,2026-09-06T14:16:21+00:00
318,02100000000318,3,3,USD,active,1453.68,1453.68,2020-06-18T04:54:11+00:00,,2026-08-31T22:00:00+00:00,23,2026-08-31T22:00:00+00:00
319,02100000000319,1,9,USD,active,31447.79,31447.79,2013-08-22T01:02:15+00:00,,2026-09-22T17:21:28+00:00,5,2026-09-22T17:21:28+00:00
320,02100000000320,4,9,USD,active,19509.99,19509.99,2016-04-25T22:05:05+00:00,,2026-08-31T22:00:00+00:00,28,2026-08-31T22:00:00+00:00
321,02110000000321,2,16,USD,active,40634.00,41134.00,2015-12-27T05:51:17+00:00,,2026-09-19T13:33:09+00:00,28,2026-09-19T13:33:09+00:00
322,02100000000322,1,4,USD,active,1046.91,1046.91,2011-11-22T22:12:39+00:00,,2026-09-22T19:39:18+00:00,14,2026-09-22T19:39:18+00:00
323,02100000000323,3,4,USD,active,5316.31,5316.31,2019-09-03T22:43:17+00:00,,2026-08-31T22:00:00+00:00,6,2026-08-31T22:00:00+00:00
324,02110000000324,2,25,USD,active,1304.72,1804.72,2026-05-05T21:27:25+00:00,,2026-09-22T20:51:42+00:00,32,2026-09-22T20:51:42+00:00
325,02110000000325,1,18,USD,active,15532.83,15532.83,2016-12-12T16:41:38+00:00,,2026-09-20T09:00:00+00:00,29,2026-09-20T09:00:00+00:00
326,02110000000326,3,18,USD,active,958.90,958.90,2018-02-11T17:12:06+00:00,,2026-08-31T22:00:00+00:00,2,2026-08-31T22:00:00+00:00
327,02110000000327,1,19,USD,active,19213.30,19213.30,2016-02-11T12:47:54+00:00,,2026-09-19T15:37:18+00:00,25,2026-09-19T15:37:18+00:00
328,02100000000328,1,4,USD,dormant,243.06,243.06,2013-06-29T09:10:18+00:00,,2026-08-31T22:00:00+00:00,12,2026-08-31T22:00:00+00:00
329,02100000000329,4,4,USD,active,4516.74,4516.74,2016-12-05T14:43:43+00:00,,2026-08-31T22:00:00+00:00,7,2026-08-31T22:00:00+00:00
330,02100000000330,1,11,USD,active,1259.41,1259.41,2019-09-23T06:18:51+00:00,,2026-09-21T23:19:13+00:00,1,2026-09-21T23:19:13+00:00
331,02100000000331,3,11,USD,active,1340.95,1340.95,2026-02-21T15:07:49+00:00,,2026-08-31T22:00:00+00:00,4,2026-08-31T22:00:00+00:00
332,02110000000332,8,19,USD,active,233.53,2266.47,2020-09-28T14:23:47+00:00,,2026-04-30T23:59:00+00:00,31,2026-04-30T23:59:00+00:00
333,02100000000333,1,9,USD,active,7327.20,7327.20,2023-02-21T01:18:19+00:00,,2026-09-19T09:00:00+00:00,10,2026-09-19T09:00:00+00:00
334,02100000000334,4,9,USD,active,7821.67,7821.67,2024-02-06T19:48:59+00:00,,2026-08-31T22:00:00+00:00,31,2026-08-31T22:00:00+00:00
335,02100000000335,8,9,USD,active,0.00,10000.00,2025-10-06T01:52:20+00:00,,2026-06-25T18:00:00+00:00,6,2026-06-25T18:00:00+00:00
336,02110000000336,2,20,USD,active,15522.47,16022.47,2023-02-12T14:21:39+00:00,,2026-06-25T19:53:47+00:00,11,2026-06-25T19:53:47+00:00
337,02110000000337,3,20,USD,active,4819.98,4819.98,2024-11-13T20:03:37+00:00,,2026-08-31T22:00:00+00:00,28,2026-08-31T22:00:00+00:00
338,02110000000338,15,20,EUR,active,1085.74,1085.74,2025-10-20T04:13:57+00:00,,2026-08-31T22:00:00+00:00,23,2026-08-31T22:00:00+00:00
339,02110000000339,2,25,USD,active,1426.48,1926.48,2009-11-09T13:59:15+00:00,,2026-09-21T22:15:27+00:00,19,2026-09-21T22:15:27+00:00
340,02110000000340,3,25,USD,active,8369.61,8369.61,2015-03-16T05:38:00+00:00,,2026-08-31T22:00:00+00:00,18,2026-08-31T22:00:00+00:00
341,02100000000341,1,5,USD,active,21728.51,21728.51,2023-10-21T21:58:49+00:00,,2026-09-20T09:00:00+00:00,13,2026-09-20T09:00:00+00:00
342,02100000000342,3,5,USD,active,3370.84,3370.84,2025-11-28T02:26:55+00:00,,2026-08-31T22:00:00+00:00,34,2026-08-31T22:00:00+00:00
343,02110000000343,2,18,USD,active,15136.70,15636.70,2009-11-27T01:25:54+00:00,,2026-09-22T09:00:00+00:00,37,2026-09-22T09:00:00+00:00
344,02110000000344,5,18,USD,active,53590.99,53590.99,2017-08-11T16:36:24+00:00,,2026-08-31T22:00:00+00:00,35,2026-08-31T22:00:00+00:00
345,02100000000345,1,10,USD,active,12282.44,12282.44,2026-05-13T11:59:35+00:00,,2026-09-17T12:04:42+00:00,36,2026-09-17T12:04:42+00:00
346,02100000000346,8,10,USD,active,4943.56,20056.44,2026-06-02T05:02:55+00:00,,2026-09-22T16:14:10+00:00,36,2026-09-22T16:14:10+00:00
347,02100000000347,2,10,USD,active,9062.85,9562.85,2010-10-13T23:45:05+00:00,,2026-09-22T14:21:04+00:00,17,2026-09-22T14:21:04+00:00
348,02100000000348,3,10,USD,active,2811.11,2811.11,2017-12-13T07:08:26+00:00,,2026-08-31T22:00:00+00:00,28,2026-08-31T22:00:00+00:00
349,02110000000349,3,16,USD,active,1572.11,1572.11,2015-12-21T01:14:10+00:00,,2026-08-31T22:00:00+00:00,35,2026-08-31T22:00:00+00:00
350,02100000000350,1,5,USD,active,5123.63,5123.63,2019-02-25T19:13:17+00:00,,2026-09-21T16:22:55+00:00,12,2026-09-21T16:22:55+00:00
351,02100000000351,3,5,USD,active,1572.29,1572.29,2024-07-24T06:34:47+00:00,,2026-08-31T22:00:00+00:00,3,2026-08-31T22:00:00+00:00
352,02100000000352,8,5,USD,active,0,7500.00,2021-02-13T20:16:35+00:00,,,0,2021-02-13T20:16:35+00:00
353,02100000000353,1,5,USD,active,52983.81,52983.81,2010-03-04T16:28:27+00:00,,2026-09-22T12:09:03+00:00,20,2026-09-22T12:09:03+00:00
354,02110000000354,1,25,USD,active,6016.40,6016.40,2010-10-10T14:03:16+00:00,,2026-09-22T19:04:39+00:00,18,2026-09-22T19:04:39+00:00
355,02110000000355,8,25,USD,active,0,5000.00,2026-06-17T14:30:52+00:00,,,0,2026-06-17T14:30:52+00:00
356,02100000000356,1,6,USD,active,6656.59,6656.59,2019-03-14T06:07:34+00:00,,2026-09-21T19:26:43+00:00,31,2026-09-21T19:26:43+00:00
357,02100000000357,8,6,USD,active,0,25000.00,2023-03-17T08:21:25+00:00,,,0,2023-03-17T08:21:25+00:00
358,02100000000358,1,5,USD,active,33301.92,33301.92,2017-08-31T13:29:23+00:00,,2026-09-12T09:00:00+00:00,5,2026-09-12T09:00:00+00:00
359,02100000000359,4,5,USD,active,66282.18,66282.18,2022-04-11T06:47:38+00:00,,2026-08-31T22:00:00+00:00,23,2026-08-31T22:00:00+00:00
360,02100000000360,8,5,USD,active,1412.48,13587.52,2017-10-02T19:59:22+00:00,,2026-09-20T20:49:32+00:00,21,2026-09-20T20:49:32+00:00
361,02110000000361,1,13,USD,active,27297.00,27297.00,2020-02-05T18:41:17+00:00,,2026-09-22T16:41:22+00:00,24,2026-09-22T16:41:22+00:00
362,02110000000362,8,13,USD,closed,0,10000.00,2025-05-12T23:34:02+00:00,2026-02-16T12:29:01+00:00,,0,2026-02-16T12:29:01+00:00
363,02100000000363,1,10,USD,active,24479.84,24479.84,2019-01-25T10:33:20+00:00,,2026-09-21T15:02:46+00:00,27,2026-09-21T15:02:46+00:00
364,02110000000364,1,18,USD,active,4505.57,4505.57,2021-12-06T20:52:25+00:00,,2026-09-18T22:45:00+00:00,24,2026-09-18T22:45:00+00:00
365,02110000000365,8,18,USD,active,3881.59,11118.41,2025-12-01T06:11:44+00:00,,2026-09-22T15:30:55+00:00,37,2026-09-22T15:30:55+00:00
366,02110000000366,1,20,USD,active,2450.89,2450.89,2022-12-19T17:40:45+00:00,,2026-09-20T22:00:37+00:00,25,2026-09-20T22:00:37+00:00
367,02110000000367,4,20,USD,active,52290.30,52290.30,2025-02-17T10:58:07+00:00,,2026-08-31T22:00:00+00:00,20,2026-08-31T22:00:00+00:00
368,02100000000368,1,5,USD,active,12859.15,12859.15,2025-03-29T15:18:57+00:00,,2026-09-19T15:14:24+00:00,1,2026-09-19T15:14:24+00:00
369,02100000000369,1,10,USD,active,2775.55,2775.55,2009-10-21T10:32:02+00:00,,2026-09-22T13:22:52+00:00,5,2026-09-22T13:22:52+00:00
370,02100000000370,1,9,USD,active,2984.72,2984.72,2012-10-12T06:45:26+00:00,,2026-09-22T17:03:43+00:00,21,2026-09-22T17:03:43+00:00
371,02100000000371,4,9,USD,active,22193.07,22193.07,2024-04-12T05:52:20+00:00,,2026-08-31T22:00:00+00:00,12,2026-08-31T22:00:00+00:00
372,02100000000372,1,11,USD,active,10585.23,10585.23,2017-07-01T11:37:43+00:00,,2026-09-19T09:00:00+00:00,39,2026-09-19T09:00:00+00:00
373,02100000000373,3,11,USD,active,650.49,650.49,2025-09-05T11:59:52+00:00,,2026-08-31T22:00:00+00:00,33,2026-08-31T22:00:00+00:00
374,02110000000374,2,13,USD,active,1851.03,2351.03,2013-05-21T18:32:03+00:00,,2026-09-09T09:00:00+00:00,25,2026-09-09T09:00:00+00:00
375,02110000000375,9,13,USD,active,990.82,9.18,2015-02-19T10:59:52+00:00,,2026-09-08T12:01:37+00:00,23,2026-09-08T12:01:37+00:00
376,02110000000376,2,14,USD,active,24234.27,24734.27,2025-01-02T04:57:28+00:00,,2026-09-21T21:00:57+00:00,8,2026-09-21T21:00:57+00:00
377,02100000000377,2,2,USD,dormant,107.08,107.08,2019-11-13T06:21:27+00:00,,2026-08-31T22:00:00+00:00,9,2026-08-31T22:00:00+00:00
378,02100000000378,4,2,USD,active,4874.86,4874.86,2020-09-09T17:53:22+00:00,,2026-08-31T22:00:00+00:00,31,2026-08-31T22:00:00+00:00
379,02100000000379,2,3,USD,active,7029.82,7529.82,2010-08-17T13:34:22+00:00,,2026-09-18T20:41:06+00:00,5,2026-09-18T20:41:06+00:00
380,02100000000380,4,3,USD,active,34478.80,34478.80,2020-01-01T07:36:25+00:00,,2026-08-31T22:00:00+00:00,14,2026-08-31T22:00:00+00:00
381,02110000000381,1,16,USD,active,652.31,652.31,2014-06-22T14:24:23+00:00,,2026-09-17T19:38:11+00:00,29,2026-09-17T19:38:11+00:00
382,02100000000382,1,5,USD,active,22166.56,22166.56,2008-04-06T01:04:03+00:00,,2026-09-20T09:00:00+00:00,11,2026-09-20T09:00:00+00:00
383,02110000000383,2,24,USD,active,6071.09,6571.09,2021-10-27T10:33:40+00:00,,2026-09-20T14:33:13+00:00,25,2026-09-20T14:33:13+00:00
384,02110000000384,4,24,USD,active,24795.62,24795.62,2022-04-13T02:16:28+00:00,,2026-08-31T22:00:00+00:00,23,2026-08-31T22:00:00+00:00
385,02110000000385,1,15,USD,active,13494.52,13494.52,2020-12-17T09:02:59+00:00,,2026-09-20T19:44:41+00:00,11,2026-09-20T19:44:41+00:00
386,02110000000386,3,15,USD,active,1120.17,1120.17,2021-01-27T05:10:29+00:00,,2026-08-31T22:00:00+00:00,39,2026-08-31T22:00:00+00:00
387,02110000000387,1,23,USD,active,16145.80,16145.80,2016-01-29T21:09:32+00:00,,2026-09-19T09:00:00+00:00,14,2026-09-19T09:00:00+00:00
388,02110000000388,8,23,USD,active,4126.35,873.65,2023-07-21T23:35:11+00:00,,2026-09-20T14:54:34+00:00,17,2026-09-20T14:54:34+00:00
389,02110000000389,4,20,USD,dormant,76.86,76.86,2020-08-18T10:13:32+00:00,,2026-08-31T22:00:00+00:00,8,2026-08-31T22:00:00+00:00
390,02110000000390,9,20,USD,active,0,15000.00,2018-12-15T06:56:09+00:00,,,0,2018-12-15T06:56:09+00:00
391,02110000000391,2,24,USD,active,20370.42,20870.42,2015-08-27T13:38:12+00:00,,2026-09-21T14:54:19+00:00,3,2026-09-21T14:54:19+00:00
392,02110000000392,3,24,USD,active,3414.77,3414.77,2017-06-07T11:30:19+00:00,,2026-08-31T22:00:00+00:00,29,2026-08-31T22:00:00+00:00
393,02100000000393,1,12,USD,active,602.00,602.00,2008-08-09T04:58:14+00:00,,2026-09-19T17:51:43+00:00,34,2026-09-19T17:51:43+00:00
394,02100000000394,4,12,USD,active,30883.56,30883.56,2025-10-03T16:12:57+00:00,,2026-08-31T22:00:00+00:00,25,2026-08-31T22:00:00+00:00
395,02110000000395,1,25,USD,active,16224.22,16224.22,2010-05-22T10:52:23+00:00,,2026-09-21T16:06:40+00:00,5,2026-09-21T16:06:40+00:00
396,02110000000396,2,14,USD,active,4977.06,5477.06,2011-10-11T11:20:36+00:00,,2026-09-15T23:35:44+00:00,7,2026-09-15T23:35:44+00:00
397,02110000000397,3,14,USD,active,1109.12,1109.12,2022-11-30T13:00:40+00:00,,2026-08-31T22:00:00+00:00,37,2026-08-31T22:00:00+00:00
398,02100000000398,2,8,USD,active,28424.35,28924.35,2011-06-16T23:29:03+00:00,,2026-09-22T09:00:00+00:00,37,2026-09-22T09:00:00+00:00
399,02100000000399,3,8,USD,active,4999.31,4999.31,2012-10-04T19:49:38+00:00,,2026-08-31T22:00:00+00:00,23,2026-08-31T22:00:00+00:00
400,02100000000400,2,4,USD,active,91190.75,91690.75,2010-01-21T00:09:11+00:00,,2026-09-18T09:00:00+00:00,14,2026-09-18T09:00:00+00:00
401,02100000000401,8,4,USD,active,2733.61,7266.39,2022-11-27T07:54:41+00:00,,2026-09-21T20:08:29+00:00,15,2026-09-21T20:08:29+00:00
402,02100000000402,1,6,USD,active,7668.91,7668.91,2019-09-29T03:29:46+00:00,,2026-09-19T00:15:45+00:00,3,2026-09-19T00:15:45+00:00
403,02100000000403,8,6,USD,active,3176.88,6823.12,2025-04-21T16:38:01+00:00,,2026-09-20T18:22:20+00:00,22,2026-09-20T18:22:20+00:00
404,02100000000404,1,7,USD,active,6227.52,6227.52,2021-09-30T06:54:02+00:00,,2026-09-22T16:05:52+00:00,3,2026-09-22T16:05:52+00:00
405,02100000000405,3,7,USD,active,5082.97,5082.97,2025-07-02T06:07:37+00:00,,2026-08-31T22:00:00+00:00,8,2026-08-31T22:00:00+00:00
406,02100000000406,1,12,USD,active,1594.99,1594.99,2016-12-04T06:17:06+00:00,,2026-09-19T21:01:10+00:00,37,2026-09-19T21:01:10+00:00
407,02100000000407,4,12,USD,active,4141.08,4141.08,2018-09-20T10:40:07+00:00,,2026-08-31T22:00:00+00:00,9,2026-08-31T22:00:00+00:00
408,02110000000408,1,20,USD,closed,0,0,2025-10-29T20:50:55+00:00,2026-01-08T05:46:42+00:00,,0,2026-01-08T05:46:42+00:00
409,02110000000409,4,20,USD,active,42550.23,42550.23,2025-12-29T00:18:09+00:00,,2026-08-31T22:00:00+00:00,3,2026-08-31T22:00:00+00:00
410,02100000000410,1,3,USD,active,7799.45,7799.45,2014-12-06T17:05:59+00:00,,2026-09-21T19:43:03+00:00,3,2026-09-21T19:43:03+00:00
411,02100000000411,9,3,USD,active,0.00,15000.00,2024-05-04T09:56:23+00:00,,2026-07-25T18:00:00+00:00,13,2026-07-25T18:00:00+00:00
412,02100000000412,1,8,USD,active,7812.74,7812.74,2015-12-16T22:46:02+00:00,,2026-09-21T13:53:18+00:00,26,2026-09-21T13:53:18+00:00
413,02100000000413,3,8,USD,active,4033.19,4033.19,2016-10-27T15:21:57+00:00,,2026-08-31T22:00:00+00:00,30,2026-08-31T22:00:00+00:00
414,02100000000414,8,8,USD,active,0.00,10000.00,2025-06-29T04:43:23+00:00,,2026-05-25T18:00:00+00:00,13,2026-05-25T18:00:00+00:00
415,02100000000415,1,7,USD,active,4742.69,4742.69,2009-03-24T09:53:09+00:00,,2026-09-22T13:38:20+00:00,34,2026-09-22T13:38:20+00:00
416,02100000000416,4,7,USD,active,16783.76,16783.76,2024-03-25T20:55:59+00:00,,2026-08-31T22:00:00+00:00,30,2026-08-31T22:00:00+00:00
417,02110000000417,2,16,USD,active,19356.12,19856.12,2011-09-03T11:28:44+00:00,,2026-09-20T12:30:50+00:00,21,2026-09-20T12:30:50+00:00
418,02110000000418,3,16,USD,active,2598.03,2598.03,2016-12-09T16:13:37+00:00,,2026-08-31T22:00:00+00:00,40,2026-08-31T22:00:00+00:00
419,02110000000419,2,13,USD,active,43598.14,44098.14,2024-11-23T19:46:40+00:00,,2026-09-19T09:00:00+00:00,35,2026-09-19T09:00:00+00:00
420,02110000000420,3,13,USD,active,2671.29,2671.29,2026-06-08T17:51:59+00:00,,2026-08-31T22:00:00+00:00,8,2026-08-31T22:00:00+00:00
421,02110000000421,9,13,USD,active,0,7500.00,2024-12-29T23:09:45+00:00,,,0,2024-12-29T23:09:45+00:00
422,02100000000422,1,10,USD,active,14174.43,14174.43,2017-02-25T03:38:46+00:00,,2026-09-19T13:59:07+00:00,24,2026-09-19T13:59:07+00:00
423,02110000000423,2,25,USD,closed,0,0,2012-03-12T07:55:38+00:00,2025-01-19T05:10:40+00:00,,0,2025-01-19T05:10:40+00:00
424,02100000000424,1,4,USD,active,723.62,723.62,2025-02-21T06:59:38+00:00,,2026-09-22T19:36:34+00:00,8,2026-09-22T19:36:34+00:00
425,02100000000425,8,4,USD,active,2499.68,0.32,2025-07-25T15:07:35+00:00,,2026-09-08T21:15:52+00:00,4,2026-09-08T21:15:52+00:00
426,02110000000426,2,25,USD,active,35270.45,35770.45,2026-02-04T21:15:32+00:00,,2026-09-21T18:06:57+00:00,25,2026-09-21T18:06:57+00:00
427,02110000000427,8,25,USD,active,0,2500.00,2026-03-06T16:47:24+00:00,,,0,2026-03-06T16:47:24+00:00
428,02110000000428,2,16,USD,closed,0,0,2016-09-04T09:04:31+00:00,2021-01-02T07:33:00+00:00,,0,2021-01-02T07:33:00+00:00
429,02110000000429,4,16,USD,active,34572.52,34572.52,2025-08-25T02:26:36+00:00,,2026-08-31T22:00:00+00:00,2,2026-08-31T22:00:00+00:00
430,02110000000430,1,18,USD,active,11.99,11.99,2026-01-27T04:30:35+00:00,,2026-09-20T19:34:04+00:00,22,2026-09-20T19:34:04+00:00
431,02110000000431,4,18,USD,active,4614.04,4614.04,2026-02-28T00:31:50+00:00,,2026-08-31T22:00:00+00:00,4,2026-08-31T22:00:00+00:00
432,02110000000432,8,18,USD,active,0,10000.00,2026-07-15T08:59:52+00:00,,,0,2026-07-15T08:59:52+00:00
433,02110000000433,1,23,USD,active,20933.53,20933.53,2011-06-20T04:35:46+00:00,,2026-09-22T18:30:38+00:00,20,2026-09-22T18:30:38+00:00
434,02110000000434,3,23,USD,dormant,5.68,5.68,2014-03-31T09:35:14+00:00,,2026-04-30T23:59:00+00:00,30,2026-04-30T23:59:00+00:00
435,02110000000435,1,22,USD,dormant,2.71,2.71,2013-01-19T10:14:20+00:00,,2026-06-30T22:00:00+00:00,2,2026-06-30T22:00:00+00:00
436,02110000000436,4,22,USD,active,36660.58,36660.58,2021-10-13T17:01:16+00:00,,2026-08-31T22:00:00+00:00,35,2026-08-31T22:00:00+00:00
437,02100000000437,1,2,USD,active,17456.52,17456.52,2025-10-10T05:43:28+00:00,,2026-09-12T09:00:00+00:00,6,2026-09-12T09:00:00+00:00
438,02100000000438,8,2,USD,active,3397.09,6602.91,2026-09-09T11:56:04+00:00,,2026-09-22T16:33:01+00:00,35,2026-09-22T16:33:01+00:00
439,02100000000439,1,10,USD,active,2078.94,2078.94,2022-07-25T09:01:43+00:00,,2026-09-16T23:31:05+00:00,11,2026-09-16T23:31:05+00:00
440,02100000000440,4,10,USD,closed,0,0,2024-10-21T05:39:45+00:00,2025-08-30T13:29:54+00:00,,0,2025-08-30T13:29:54+00:00
441,02100000000441,1,1,USD,active,41716.15,41716.15,2024-09-05T02:45:04+00:00,,2026-07-25T13:52:43+00:00,10,2026-07-25T13:52:43+00:00
442,02100000000442,4,1,USD,active,9517.26,9517.26,2024-11-03T19:42:43+00:00,,2026-08-31T22:00:00+00:00,31,2026-08-31T22:00:00+00:00
443,02100000000443,8,1,USD,frozen,0,7500.00,2026-07-27T08:10:16+00:00,,,0,2026-07-27T08:10:16+00:00
444,02110000000444,4,20,USD,active,4408.79,4408.79,2014-03-19T21:44:52+00:00,,2026-08-31T22:00:00+00:00,9,2026-08-31T22:00:00+00:00
445,02110000000445,8,20,USD,active,6670.93,18329.07,2026-04-09T03:38:25+00:00,,2026-05-31T22:00:00+00:00,34,2026-05-31T22:00:00+00:00
446,02110000000446,1,15,USD,active,49842.32,49842.32,2020-04-18T06:36:59+00:00,,2026-09-20T14:17:18+00:00,26,2026-09-20T14:17:18+00:00
447,02110000000447,4,15,USD,active,5845.48,5845.48,2021-07-18T03:35:58+00:00,,2026-08-31T22:00:00+00:00,24,2026-08-31T22:00:00+00:00
448,02110000000448,1,16,USD,closed,0,0,2020-03-21T21:56:09+00:00,2022-09-28T04:54:21+00:00,,0,2022-09-28T04:54:21+00:00
449,02110000000449,3,16,USD,active,4383.98,4383.98,2020-09-22T23:12:00+00:00,,2026-08-31T22:00:00+00:00,38,2026-08-31T22:00:00+00:00
450,02100000000450,2,11,USD,active,19986.99,20486.99,2012-12-01T03:27:37+00:00,,2026-09-21T23:28:43+00:00,26,2026-09-21T23:28:43+00:00
451,02110000000451,1,16,USD,active,9119.67,9119.67,2013-05-06T12:37:06+00:00,,2026-09-21T17:00:49+00:00,33,2026-09-21T17:00:49+00:00
452,02110000000452,9,16,USD,closed,0,10000.00,2022-06-16T23:28:28+00:00,2022-09-09T19:49:28+00:00,,0,2022-09-09T19:49:28+00:00
453,02110000000453,2,15,USD,active,37014.29,37514.29,2009-03-13T10:53:15+00:00,,2026-09-19T14:00:04+00:00,12,2026-09-19T14:00:04+00:00
454,02110000000454,1,14,USD,active,2194.36,2194.36,2010-08-23T16:50:19+00:00,,2026-09-11T17:46:37+00:00,13,2026-09-11T17:46:37+00:00
455,02100000000455,2,11,USD,dormant,338.88,338.88,2011-03-19T06:06:14+00:00,,2026-08-31T22:00:00+00:00,32,2026-08-31T22:00:00+00:00
456,02100000000456,4,11,USD,active,41270.32,41270.32,2021-03-03T11:54:44+00:00,,2026-08-31T22:00:00+00:00,23,2026-08-31T22:00:00+00:00
457,02100000000457,9,11,USD,active,0,15000.00,2026-06-26T00:45:54+00:00,,,0,2026-06-26T00:45:54+00:00
458,02110000000458,2,14,USD,active,30736.57,31236.57,2014-12-20T06:56:47+00:00,,2026-09-20T14:26:56+00:00,26,2026-09-20T14:26:56+00:00
459,02110000000459,9,14,USD,closed,0,15000.00,2021-11-15T01:53:01+00:00,2024-05-24T13:50:47+00:00,,0,2024-05-24T13:50:47+00:00
460,02110000000460,1,14,USD,closed,0,0,2024-11-30T00:28:16+00:00,2026-04-18T01:39:57+00:00,,0,2026-04-18T01:39:57+00:00
461,02110000000461,4,14,USD,active,23770.14,23770.14,2025-08-20T23:09:48+00:00,,2026-08-31T22:00:00+00:00,28,2026-08-31T22:00:00+00:00
462,02110000000462,2,18,USD,active,15113.67,15613.67,2016-07-30T05:00:51+00:00,,2026-09-21T20:33:04+00:00,38,2026-09-21T20:33:04+00:00
463,02110000000463,3,18,USD,active,1693.76,1693.76,2024-09-15T02:09:07+00:00,,2026-08-31T22:00:00+00:00,10,2026-08-31T22:00:00+00:00
464,02100000000464,1,7,USD,active,389.32,389.32,2021-09-14T11:46:07+00:00,,2026-09-22T15:57:38+00:00,8,2026-09-22T15:57:38+00:00
465,02100000000465,9,7,USD,active,0,10000.00,2024-03-20T06:58:52+00:00,,,0,2024-03-20T06:58:52+00:00
466,02100000000466,2,4,USD,active,49417.71,49917.71,2008-01-01T05:48:08+00:00,,2026-09-22T18:35:58+00:00,16,2026-09-22T18:35:58+00:00
467,02100000000467,2,6,USD,active,33218.51,33718.51,2016-01-06T00:49:44+00:00,,2026-09-18T09:00:00+00:00,15,2026-09-18T09:00:00+00:00
468,02100000000468,5,6,USD,closed,0,0,2016-01-06T12:06:38+00:00,2025-04-05T23:10:53+00:00,,0,2025-04-05T23:10:53+00:00
469,02100000000469,8,6,USD,active,995.03,4.97,2024-01-05T04:02:19+00:00,,2026-09-05T14:03:35+00:00,37,2026-09-05T14:03:35+00:00
470,02100000000470,1,5,USD,active,24816.87,24816.87,2016-08-07T00:49:17+00:00,,2026-09-22T20:29:15+00:00,23,2026-09-22T20:29:15+00:00
471,02100000000471,4,5,USD,active,9157.07,9157.07,2023-09-21T02:01:31+00:00,,2026-08-31T22:00:00+00:00,32,2026-08-31T22:00:00+00:00
472,02100000000472,2,12,USD,active,787.75,1287.75,2023-11-12T00:48:49+00:00,,2026-09-20T23:32:54+00:00,10,2026-09-20T23:32:54+00:00
473,02110000000473,2,23,USD,active,20137.16,20637.16,2014-12-24T01:24:50+00:00,,2026-09-21T04:18:33+00:00,8,2026-09-21T04:18:33+00:00
474,02110000000474,8,23,USD,active,286.86,14713.14,2021-09-17T16:15:21+00:00,,2026-09-20T18:52:35+00:00,31,2026-09-20T18:52:35+00:00
475,02100000000475,1,8,USD,active,1640.26,1640.26,2008-07-18T20:42:33+00:00,,2026-09-18T21:50:28+00:00,35,2026-09-18T21:50:28+00:00
476,02100000000476,4,8,USD,active,9288.65,9288.65,2024-03-31T12:56:27+00:00,,2026-08-31T22:00:00+00:00,16,2026-08-31T22:00:00+00:00
477,02100000000477,1,9,USD,active,2098.59,2098.59,2025-02-04T11:37:11+00:00,,2026-09-21T17:54:44+00:00,6,2026-09-21T17:54:44+00:00
478,02100000000478,4,9,USD,active,3874.69,3874.69,2026-05-01T10:47:58+00:00,,2026-08-31T22:00:00+00:00,9,2026-08-31T22:00:00+00:00
479,02100000000479,8,9,USD,active,841.75,9158.25,2026-03-14T05:18:46+00:00,,2026-08-25T18:00:00+00:00,3,2026-08-25T18:00:00+00:00
480,02110000000480,2,15,USD,active,17250.81,17750.81,2011-09-14T04:50:59+00:00,,2026-09-21T09:00:00+00:00,20,2026-09-21T09:00:00+00:00
481,02110000000481,3,15,USD,closed,0,0,2022-11-10T19:57:09+00:00,2024-10-17T18:12:58+00:00,,0,2024-10-17T18:12:58+00:00
482,02110000000482,9,15,USD,active,1035.31,1464.69,2024-07-22T09:23:28+00:00,,2026-09-22T12:05:47+00:00,1,2026-09-22T12:05:47+00:00
483,02100000000483,2,12,USD,active,5234.13,5734.13,2023-01-05T18:14:15+00:00,,2026-09-07T09:00:00+00:00,38,2026-09-07T09:00:00+00:00
484,02100000000484,4,12,USD,dormant,115.69,115.69,2024-10-28T20:07:52+00:00,,2026-08-31T22:00:00+00:00,18,2026-08-31T22:00:00+00:00
485,02100000000485,9,12,USD,active,8392.53,6607.47,2023-02-15T01:13:09+00:00,,2026-09-21T16:59:19+00:00,15,2026-09-21T16:59:19+00:00
486,02100000000486,1,5,USD,active,1054.93,1054.93,2019-06-19T02:26:44+00:00,,2026-09-14T09:00:00+00:00,4,2026-09-14T09:00:00+00:00
487,02100000000487,3,5,USD,active,1916.52,1916.52,2024-06-06T14:56:04+00:00,,2026-08-31T22:00:00+00:00,39,2026-08-31T22:00:00+00:00
488,02100000000488,1,10,USD,active,61269.24,61269.24,2008-06-01T14:42:06+00:00,,2026-08-08T14:25:23+00:00,17,2026-08-08T14:25:23+00:00
489,02100000000489,1,4,USD,active,23840.67,23840.67,2019-06-20T05:25:33+00:00,,2026-09-20T21:33:05+00:00,31,2026-09-20T21:33:05+00:00
490,02110000000490,1,21,USD,dormant,222.55,222.55,2009-05-08T14:43:32+00:00,,2026-08-31T22:00:00+00:00,8,2026-08-31T22:00:00+00:00
491,02100000000491,2,12,USD,active,53492.71,53992.71,2017-03-15T23:02:06+00:00,,2026-09-17T19:52:48+00:00,20,2026-09-17T19:52:48+00:00
492,02100000000492,2,5,USD,active,19111.39,19611.39,2015-03-05T20:02:09+00:00,,2026-09-22T09:00:00+00:00,11,2026-09-22T09:00:00+00:00
493,02100000000493,3,5,USD,active,8993.27,8993.27,2020-10-21T08:00:46+00:00,,2026-08-31T22:00:00+00:00,29,2026-08-31T22:00:00+00:00
494,02100000000494,9,5,USD,active,653.89,1846.11,2026-04-15T08:26:05+00:00,,2026-09-10T12:08:20+00:00,26,2026-09-10T12:08:20+00:00
495,02110000000495,4,19,USD,active,27098.62,27098.62,2022-03-13T04:27:28+00:00,,2026-08-31T22:00:00+00:00,6,2026-08-31T22:00:00+00:00
496,02110000000496,8,19,USD,active,0,5000.00,2024-12-17T21:10:07+00:00,,,0,2024-12-17T21:10:07+00:00
497,02110000000497,1,13,USD,dormant,0,0,2026-07-02T01:28:10+00:00,,,0,2026-07-02T01:28:10+00:00
498,02100000000498,1,9,USD,active,15539.87,15539.87,2024-02-08T22:23:55+00:00,,2026-09-20T16:41:12+00:00,23,2026-09-20T16:41:12+00:00
499,02100000000499,4,9,USD,active,75762.72,75762.72,2025-05-02T19:12:01+00:00,,2026-08-31T22:00:00+00:00,39,2026-08-31T22:00:00+00:00
500,02100000000500,9,9,USD,frozen,2031.53,5468.47,2024-03-18T10:21:54+00:00,,2026-04-30T23:59:00+00:00,2,2026-04-30T23:59:00+00:00
501,02100000000501,1,5,USD,active,1869.08,1869.08,2011-11-27T21:50:59+00:00,,2026-09-22T09:00:00+00:00,17,2026-09-22T09:00:00+00:00
502,02100000000502,3,5,USD,active,2674.16,2674.16,2023-12-10T06:26:35+00:00,,2026-08-31T22:00:00+00:00,27,2026-08-31T22:00:00+00:00
503,02110000000503,2,13,USD,closed,0,0,2009-02-08T07:18:44+00:00,2025-09-13T00:50:56+00:00,,0,2025-09-13T00:50:56+00:00
504,02110000000504,8,13,USD,active,4726.96,273.04,2015-11-05T14:52:30+00:00,,2026-08-31T22:00:00+00:00,12,2026-08-31T22:00:00+00:00
505,02110000000505,1,21,USD,closed,0,0,2022-01-13T14:20:24+00:00,2026-04-13T15:48:34+00:00,,0,2026-04-13T15:48:34+00:00
506,02110000000506,1,21,USD,active,10705.32,10705.32,2022-07-03T00:37:23+00:00,,2026-09-22T17:27:51+00:00,34,2026-09-22T17:27:51+00:00
507,02110000000507,3,21,USD,active,2166.44,2166.44,2025-10-11T15:05:12+00:00,,2026-08-31T22:00:00+00:00,24,2026-08-31T22:00:00+00:00
508,02100000000508,1,3,USD,active,8508.11,8508.11,2012-01-14T19:02:57+00:00,,2026-09-22T14:54:39+00:00,4,2026-09-22T14:54:39+00:00
509,02100000000509,1,6,USD,active,1445.69,1445.69,2012-04-24T04:37:13+00:00,,2026-05-25T12:57:40+00:00,36,2026-05-25T12:57:40+00:00
510,02100000000510,3,6,USD,active,3543.51,3543.51,2014-03-07T16:17:08+00:00,,2026-08-31T22:00:00+00:00,9,2026-08-31T22:00:00+00:00
511,02100000000511,8,6,USD,active,0.00,15000.00,2024-12-13T09:48:24+00:00,,2026-05-25T18:00:00+00:00,25,2026-05-25T18:00:00+00:00
512,02110000000512,1,18,USD,active,17743.16,17743.16,2009-06-08T12:48:40+00:00,,2026-09-20T18:29:36+00:00,28,2026-09-20T18:29:36+00:00
513,02110000000513,1,22,USD,active,16365.62,16365.62,2014-03-17T20:29:25+00:00,,2026-09-20T11:48:25+00:00,27,2026-09-20T11:48:25+00:00
514,02110000000514,3,22,USD,active,8892.08,8892.08,2022-09-18T02:53:05+00:00,,2026-08-31T22:00:00+00:00,40,2026-08-31T22:00:00+00:00
515,02110000000515,8,22,USD,active,0.00,5000.00,2026-02-05T02:46:02+00:00,,2026-06-25T18:00:00+00:00,17,2026-06-25T18:00:00+00:00
516,02110000000516,2,25,USD,active,6367.67,6867.67,2023-05-26T00:29:07+00:00,,2026-09-19T21:49:15+00:00,32,2026-09-19T21:49:15+00:00
517,02110000000517,3,25,USD,active,1351.03,1351.03,2026-01-11T09:07:32+00:00,,2026-08-31T22:00:00+00:00,6,2026-08-31T22:00:00+00:00
518,02100000000518,2,2,USD,closed,0,0,2023-09-17T05:14:54+00:00,2026-01-29T02:28:03+00:00,,0,2026-01-29T02:28:03+00:00
519,02100000000519,3,2,USD,closed,0,0,2025-10-15T06:14:39+00:00,2026-03-20T06:02:21+00:00,,0,2026-03-20T06:02:21+00:00
520,02100000000520,9,2,USD,closed,0,7500.00,2024-05-11T12:18:08+00:00,2025-11-18T04:12:35+00:00,,0,2025-11-18T04:12:35+00:00
521,02110000000521,1,14,USD,active,254.96,254.96,2020-11-05T02:31:21+00:00,,2026-09-22T15:30:42+00:00,39,2026-09-22T15:30:42+00:00
522,02110000000522,9,14,USD,closed,0,15000.00,2023-03-31T05:49:33+00:00,2025-07-07T02:49:43+00:00,,0,2025-07-07T02:49:43+00:00
523,02110000000523,2,21,USD,active,7219.69,7719.69,2020-06-29T16:36:03+00:00,,2026-09-16T13:30:05+00:00,6,2026-09-16T13:30:05+00:00
524,02110000000524,3,21,USD,active,2303.23,2303.23,2021-07-04T08:20:12+00:00,,2026-08-31T22:00:00+00:00,7,2026-08-31T22:00:00+00:00
525,02110000000525,1,24,USD,active,8877.66,8877.66,2015-10-05T02:17:16+00:00,,2026-09-18T23:39:58+00:00,8,2026-09-18T23:39:58+00:00
526,02110000000526,3,24,USD,active,2739.70,2739.70,2017-04-23T09:10:56+00:00,,2026-08-31T22:00:00+00:00,23,2026-08-31T22:00:00+00:00
527,02100000000527,1,11,USD,active,5958.57,5958.57,2010-03-16T19:56:11+00:00,,2026-09-22T04:09:21+00:00,30,2026-09-22T04:09:21+00:00
528,02110000000528,1,20,USD,active,4253.71,4253.71,2009-07-21T06:06:59+00:00,,2026-09-06T17:27:10+00:00,24,2026-09-06T17:27:10+00:00
529,02110000000529,9,20,USD,active,7025.49,2974.51,2024-11-05T13:25:19+00:00,,2026-07-14T14:46:45+00:00,13,2026-07-14T14:46:45+00:00
530,02110000000530,1,20,USD,active,5082.60,5082.60,2018-06-16T04:03:35+00:00,,2026-09-09T19:15:00+00:00,40,2026-09-09T19:15:00+00:00
531,02110000000531,3,20,USD,active,1089.18,1089.18,2023-12-11T05:54:59+00:00,,2026-08-31T22:00:00+00:00,31,2026-08-31T22:00:00+00:00
532,02110000000532,8,20,USD,active,1016.11,1483.89,2022-07-29T05:20:32+00:00,,2026-09-20T16:08:36+00:00,33,2026-09-20T16:08:36+00:00
533,02110000000533,1,16,USD,active,101.59,101.59,2011-01-26T01:28:31+00:00,,2026-09-22T17:28:59+00:00,4,2026-09-22T17:28:59+00:00
534,02110000000534,3,16,USD,active,4070.02,4070.02,2026-08-18T10:51:46+00:00,,2026-08-31T22:00:00+00:00,24,2026-08-31T22:00:00+00:00
535,02100000000535,1,1,USD,active,6233.71,6233.71,2023-07-19T14:35:54+00:00,,2026-09-20T09:00:00+00:00,20,2026-09-20T09:00:00+00:00
536,02100000000536,3,1,USD,active,671.23,671.23,2024-03-27T07:42:32+00:00,,2026-08-31T22:00:00+00:00,5,2026-08-31T22:00:00+00:00
537,02100000000537,1,4,USD,active,19302.62,19302.62,2025-01-05T19:51:32+00:00,,2026-09-11T09:00:00+00:00,16,2026-09-11T09:00:00+00:00
538,02100000000538,9,4,USD,active,992.35,9007.65,2026-05-23T10:52:27+00:00,,2026-09-15T21:43:12+00:00,29,2026-09-15T21:43:12+00:00
539,02110000000539,2,25,USD,active,23278.36,23778.36,2014-03-20T05:34:56+00:00,,2026-09-22T12:30:34+00:00,30,2026-09-22T12:30:34+00:00
540,02110000000540,5,25,USD,closed,0,0,2016-12-14T07:30:17+00:00,2019-04-24T05:39:22+00:00,,0,2019-04-24T05:39:22+00:00
541,02100000000541,1,8,USD,active,5282.84,5282.84,2012-07-22T20:03:46+00:00,,2026-09-20T21:35:14+00:00,3,2026-09-20T21:35:14+00:00
542,02100000000542,3,8,USD,active,514.23,514.23,2020-07-30T17:27:53+00:00,,2026-08-31T22:00:00+00:00,33,2026-08-31T22:00:00+00:00
543,02100000000543,9,8,USD,active,0,5000.00,2015-05-19T20:13:14+00:00,,,0,2015-05-19T20:13:14+00:00
544,02100000000544,1,7,USD,active,1741.44,1741.44,2009-03-31T08:36:38+00:00,,2026-09-19T10:15:00+00:00,16,2026-09-19T10:15:00+00:00
545,02100000000545,3,7,USD,closed,0,0,2023-04-11T15:03:00+00:00,2026-02-14T00:04:52+00:00,,0,2026-02-14T00:04:52+00:00
546,02100000000546,9,7,USD,active,2359.92,7640.08,2023-05-03T01:29:43+00:00,,2026-09-20T23:07:14+00:00,1,2026-09-20T23:07:14+00:00
547,02110000000547,1,16,USD,active,13251.26,13251.26,2024-03-21T00:20:54+00:00,,2026-09-22T20:12:53+00:00,5,2026-09-22T20:12:53+00:00
548,02100000000548,1,12,USD,active,9039.19,9039.19,2025-09-22T06:08:48+00:00,,2026-09-09T09:00:00+00:00,30,2026-09-09T09:00:00+00:00
549,02100000000549,4,12,USD,active,4678.06,4678.06,2026-06-12T05:32:34+00:00,,2026-08-31T22:00:00+00:00,21,2026-08-31T22:00:00+00:00
550,02100000000550,9,12,USD,active,1917.66,8082.34,2026-03-24T02:15:50+00:00,,2026-09-15T14:03:54+00:00,28,2026-09-15T14:03:54+00:00
551,02100000000551,1,9,USD,active,15912.73,15912.73,2009-02-15T15:18:49+00:00,,2026-09-05T07:31:41+00:00,31,2026-09-05T07:31:41+00:00
552,02100000000552,8,9,USD,active,2497.93,2.07,2010-05-05T20:37:58+00:00,,2026-09-12T20:12:17+00:00,28,2026-09-12T20:12:17+00:00
553,02100000000553,2,6,USD,active,29097.67,29597.67,2015-08-06T10:10:46+00:00,,2026-09-17T20:02:20+00:00,17,2026-09-17T20:02:20+00:00
554,02100000000554,3,6,USD,active,719.91,719.91,2021-09-23T16:33:02+00:00,,2026-08-31T22:00:00+00:00,3,2026-08-31T22:00:00+00:00
555,02110000000555,1,19,USD,closed,0,0,2024-11-27T18:53:49+00:00,2025-03-01T17:46:34+00:00,,0,2025-03-01T17:46:34+00:00
556,02100000000556,1,1,USD,active,27713.84,27713.84,2025-06-03T21:26:29+00:00,,2026-09-22T18:56:23+00:00,17,2026-09-22T18:56:23+00:00
557,02100000000557,4,1,USD,active,39086.11,39086.11,2025-11-23T00:20:34+00:00,,2026-08-31T22:00:00+00:00,36,2026-08-31T22:00:00+00:00
558,02110000000558,1,13,USD,active,521.73,521.73,2023-01-25T23:33:51+00:00,,2026-09-22T15:27:14+00:00,6,2026-09-22T15:27:14+00:00
559,02110000000559,9,13,USD,frozen,4215.24,784.76,2026-01-25T20:53:28+00:00,,2026-04-30T23:59:00+00:00,32,2026-04-30T23:59:00+00:00
560,02100000000560,1,10,USD,active,15626.56,15626.56,2011-08-08T07:16:38+00:00,,2026-09-19T09:00:00+00:00,15,2026-09-19T09:00:00+00:00
561,02110000000561,1,16,USD,dormant,233.66,233.66,2025-12-02T19:41:27+00:00,,2026-08-31T22:00:00+00:00,13,2026-08-31T22:00:00+00:00
562,02100000000562,1,4,USD,active,2017.90,2017.90,2016-04-14T18:25:02+00:00,,2026-09-20T14:43:31+00:00,29,2026-09-20T14:43:31+00:00
563,02110000000563,2,14,USD,active,19928.21,20428.21,2009-02-02T23:25:37+00:00,,2026-09-20T23:33:46+00:00,27,2026-09-20T23:33:46+00:00
564,02110000000564,3,14,USD,active,5095.09,5095.09,2018-09-25T20:53:16+00:00,,2026-08-31T22:00:00+00:00,39,2026-08-31T22:00:00+00:00
565,02110000000565,1,22,USD,active,17987.41,17987.41,2018-02-10T15:15:27+00:00,,2026-06-25T20:06:48+00:00,15,2026-06-25T20:06:48+00:00
566,02110000000566,5,22,USD,active,43972.70,43972.70,2025-03-11T03:27:19+00:00,,2026-08-31T22:00:00+00:00,32,2026-08-31T22:00:00+00:00
567,02110000000567,2,15,USD,active,32642.72,33142.72,2021-11-12T23:12:39+00:00,,2026-09-22T06:48:52+00:00,16,2026-09-22T06:48:52+00:00
568,02110000000568,9,15,USD,active,0.00,1000.00,2022-05-25T21:27:33+00:00,,2026-07-25T18:00:00+00:00,20,2026-07-25T18:00:00+00:00
569,02100000000569,1,12,USD,active,268.67,268.67,2017-09-07T04:34:01+00:00,,2026-09-21T15:36:11+00:00,33,2026-09-21T15:36:11+00:00
570,02110000000570,1,16,USD,closed,0,0,2011-01-16T21:25:28+00:00,2018-04-01T03:44:01+00:00,,0,2018-04-01T03:44:01+00:00
571,02100000000571,1,8,USD,active,10705.36,10705.36,2009-03-28T01:06:53+00:00,,2026-09-20T09:00:00+00:00,33,2026-09-20T09:00:00+00:00
572,02100000000572,3,3,USD,active,963.31,963.31,2026-07-14T15:21:29+00:00,,2026-08-31T22:00:00+00:00,9,2026-08-31T22:00:00+00:00
573,02100000000573,5,3,USD,active,50533.77,50533.77,2019-02-25T21:21:48+00:00,,2026-08-31T22:00:00+00:00,38,2026-08-31T22:00:00+00:00
574,02100000000574,9,3,USD,active,3391.72,6608.28,2018-07-02T04:18:53+00:00,,2026-07-31T22:00:00+00:00,23,2026-07-31T22:00:00+00:00
575,02100000000575,1,8,USD,active,809.97,809.97,2011-11-18T00:09:15+00:00,,2026-09-21T13:06:20+00:00,38,2026-09-21T13:06:20+00:00
576,02100000000576,4,8,USD,active,23384.76,23384.76,2017-01-31T00:37:39+00:00,,2026-08-31T22:00:00+00:00,16,2026-08-31T22:00:00+00:00
577,02100000000577,1,4,USD,active,95515.83,95515.83,2014-01-23T09:28:47+00:00,,2026-09-21T23:31:34+00:00,28,2026-09-21T23:31:34+00:00
578,02100000000578,3,4,USD,active,6804.99,6804.99,2016-06-29T18:21:56+00:00,,2026-08-31T22:00:00+00:00,24,2026-08-31T22:00:00+00:00
579,02100000000579,8,4,USD,active,0.00,5000.00,2023-03-21T15:42:33+00:00,,2026-06-25T18:00:00+00:00,25,2026-06-25T18:00:00+00:00
580,02110000000580,1,19,USD,active,15016.55,15016.55,2021-03-08T19:46:14+00:00,,2026-09-22T17:50:59+00:00,11,2026-09-22T17:50:59+00:00
581,02110000000581,4,19,USD,active,2906.92,2906.92,2026-09-12T21:41:27+00:00,,2026-09-12T21:46:27+00:00,25,2026-09-12T21:46:27+00:00
582,02100000000582,2,7,USD,active,14707.22,15207.22,2019-06-08T21:58:01+00:00,,2026-09-21T22:42:54+00:00,35,2026-09-21T22:42:54+00:00
583,02100000000583,4,7,USD,active,13293.31,13293.31,2022-06-27T15:48:58+00:00,,2026-08-31T22:00:00+00:00,27,2026-08-31T22:00:00+00:00
584,02110000000584,2,24,USD,active,15893.39,16393.39,2019-11-23T03:12:04+00:00,,2026-09-15T09:00:00+00:00,30,2026-09-15T09:00:00+00:00
585,02110000000585,8,24,USD,active,5954.66,19045.34,2025-10-24T17:25:27+00:00,,2026-09-21T13:32:40+00:00,29,2026-09-21T13:32:40+00:00
586,02100000000586,2,5,USD,active,51074.40,51574.40,2008-07-14T05:25:51+00:00,,2026-09-19T13:38:43+00:00,37,2026-09-19T13:38:43+00:00
587,02100000000587,4,5,USD,active,20288.19,20288.19,2017-12-12T09:14:01+00:00,,2026-08-31T22:00:00+00:00,37,2026-08-31T22:00:00+00:00
588,02100000000588,2,11,USD,active,34753.12,35253.12,2014-03-02T03:24:25+00:00,,2026-09-20T22:41:32+00:00,7,2026-09-20T22:41:32+00:00
589,02100000000589,1,6,USD,active,49.89,49.89,2010-09-25T16:03:57+00:00,,2026-09-22T18:38:25+00:00,24,2026-09-22T18:38:25+00:00
590,02100000000590,3,6,USD,active,3243.55,3243.55,2011-06-16T02:31:14+00:00,,2026-08-31T22:00:00+00:00,31,2026-08-31T22:00:00+00:00
591,02110000000591,1,20,USD,active,1794.23,1794.23,2018-07-13T12:47:31+00:00,,2026-09-21T22:39:19+00:00,16,2026-09-21T22:39:19+00:00
592,02100000000592,1,7,USD,active,1193.07,1193.07,2013-09-14T16:28:17+00:00,,2026-09-18T22:50:35+00:00,27,2026-09-18T22:50:35+00:00
593,02100000000593,2,3,USD,active,22709.61,23209.61,2012-10-21T19:51:09+00:00,,2026-09-15T13:49:05+00:00,35,2026-09-15T13:49:05+00:00
594,02100000000594,3,3,USD,active,6823.17,6823.17,2016-09-12T01:25:51+00:00,,2026-08-31T22:00:00+00:00,5,2026-08-31T22:00:00+00:00
595,02100000000595,8,3,USD,active,0.00,25000.00,2018-06-20T11:57:43+00:00,,2026-08-25T18:00:00+00:00,1,2026-08-25T18:00:00+00:00
596,02110000000596,1,22,USD,active,11522.15,11522.15,2026-06-02T17:24:56+00:00,,2026-09-19T19:58:44+00:00,10,2026-09-19T19:58:44+00:00
597,02110000000597,3,22,USD,active,4872.17,4872.17,2026-06-14T23:07:25+00:00,,2026-08-31T22:00:00+00:00,2,2026-08-31T22:00:00+00:00
598,02110000000598,1,22,USD,active,3119.34,3119.34,2025-02-01T09:27:37+00:00,,2026-09-09T09:00:00+00:00,17,2026-09-09T09:00:00+00:00
599,02110000000599,8,22,USD,active,0,15000.00,2025-05-25T02:09:41+00:00,,,0,2025-05-25T02:09:41+00:00
600,02100000000600,2,4,USD,active,24661.60,25161.60,2014-03-16T00:05:00+00:00,,2026-09-20T17:20:16+00:00,22,2026-09-20T17:20:16+00:00
601,02100000000601,3,4,USD,active,1252.78,1252.78,2026-02-02T17:43:01+00:00,,2026-08-31T22:00:00+00:00,14,2026-08-31T22:00:00+00:00
602,02110000000602,1,13,USD,active,2352.48,2352.48,2019-02-20T09:02:36+00:00,,2026-09-19T15:32:38+00:00,3,2026-09-19T15:32:38+00:00
603,02110000000603,1,24,USD,active,9916.89,9916.89,2025-02-04T08:00:45+00:00,,2026-09-20T20:23:54+00:00,40,2026-09-20T20:23:54+00:00
604,02110000000604,4,24,USD,dormant,113.90,113.90,2026-01-09T05:27:09+00:00,,2026-08-31T22:00:00+00:00,20,2026-08-31T22:00:00+00:00
605,02100000000605,1,7,USD,active,5244.53,5244.53,2016-07-15T04:17:36+00:00,,2026-09-20T15:33:19+00:00,23,2026-09-20T15:33:19+00:00
606,02110000000606,1,23,USD,active,23051.02,23051.02,2014-05-22T16:47:00+00:00,,2026-09-22T11:54:14+00:00,2,2026-09-22T11:54:14+00:00
607,02110000000607,4,23,USD,closed,0,0,2021-09-30T14:55:29+00:00,2023-06-08T01:45:32+00:00,,0,2023-06-08T01:45:32+00:00
608,02110000000608,1,25,USD,active,19548.16,19548.16,2024-08-23T14:29:57+00:00,,2026-09-22T09:00:00+00:00,13,2026-09-22T09:00:00+00:00
609,02110000000609,3,25,USD,active,6380.04,6380.04,2025-04-26T05:20:47+00:00,,2026-08-31T22:00:00+00:00,23,2026-08-31T22:00:00+00:00
610,02110000000610,8,25,USD,active,0.00,2500.00,2024-11-13T14:56:01+00:00,,2026-05-25T18:00:00+00:00,20,2026-05-25T18:00:00+00:00
611,02100000000611,1,3,USD,active,15515.60,15515.60,2019-04-26T12:50:55+00:00,,2026-09-20T10:46:39+00:00,25,2026-09-20T10:46:39+00:00
612,02100000000612,1,6,USD,active,20401.67,20401.67,2025-10-07T03:09:03+00:00,,2026-09-17T23:09:41+00:00,20,2026-09-17T23:09:41+00:00
613,02100000000613,4,6,USD,active,3342.96,3342.96,2026-04-20T07:48:48+00:00,,2026-08-31T22:00:00+00:00,5,2026-08-31T22:00:00+00:00
614,02110000000614,2,14,USD,active,11467.22,11967.22,2015-10-31T00:49:27+00:00,,2026-09-20T20:56:44+00:00,34,2026-09-20T20:56:44+00:00
615,02110000000615,3,14,USD,active,1439.75,1439.75,2023-11-12T18:05:10+00:00,,2026-08-31T22:00:00+00:00,17,2026-08-31T22:00:00+00:00
616,02100000000616,1,3,USD,active,1225.15,1225.15,2022-01-29T13:33:35+00:00,,2026-09-22T09:00:00+00:00,36,2026-09-22T09:00:00+00:00
617,02100000000617,4,3,USD,active,28561.42,28561.42,2023-01-25T08:49:48+00:00,,2026-08-31T22:00:00+00:00,26,2026-08-31T22:00:00+00:00
618,02110000000618,1,23,USD,active,12276.45,12276.45,2014-10-21T07:04:39+00:00,,2026-09-19T19:56:02+00:00,13,2026-09-19T19:56:02+00:00
619,02110000000619,4,23,USD,active,6387.20,6387.20,2020-12-06T22:42:44+00:00,,2026-08-31T22:00:00+00:00,29,2026-08-31T22:00:00+00:00
620,02100000000620,2,2,USD,active,42804.01,43304.01,2019-01-16T10:09:23+00:00,,2026-09-22T12:04:15+00:00,30,2026-09-22T12:04:15+00:00
621,02110000000621,1,25,USD,active,20571.22,20571.22,2008-09-16T04:56:00+00:00,,2026-09-22T09:00:00+00:00,4,2026-09-22T09:00:00+00:00
622,02110000000622,3,25,USD,active,1101.89,1101.89,2018-08-02T10:24:29+00:00,,2026-08-31T22:00:00+00:00,39,2026-08-31T22:00:00+00:00
623,02100000000623,1,10,USD,closed,0,0,2022-09-16T23:24:22+00:00,2023-03-13T00:37:55+00:00,,0,2023-03-13T00:37:55+00:00
624,02100000000624,1,1,USD,active,9535.35,9535.35,2013-01-20T00:56:58+00:00,,2026-09-18T13:46:49+00:00,6,2026-09-18T13:46:49+00:00
625,02110000000625,1,21,USD,active,4844.05,4844.05,2019-05-02T02:02:33+00:00,,2026-09-16T09:00:00+00:00,24,2026-09-16T09:00:00+00:00
626,02110000000626,9,21,USD,active,1180.92,3819.08,2020-03-26T09:19:58+00:00,,2026-09-22T15:27:24+00:00,1,2026-09-22T15:27:24+00:00
627,02110000000627,1,23,USD,active,21317.35,21317.35,2011-11-27T00:21:49+00:00,,2026-09-22T21:00:00+00:00,36,2026-09-22T21:00:00+00:00
628,02110000000628,4,23,USD,active,33471.68,33471.68,2019-08-30T11:10:38+00:00,,2026-08-31T22:00:00+00:00,32,2026-08-31T22:00:00+00:00
629,02110000000629,8,23,USD,active,0.00,1000.00,2024-05-19T02:48:11+00:00,,2026-05-25T18:00:00+00:00,24,2026-05-25T18:00:00+00:00
630,02110000000630,2,15,USD,active,24639.20,25139.20,2021-12-01T07:19:47+00:00,,2026-09-22T09:00:00+00:00,34,2026-09-22T09:00:00+00:00
631,02110000000631,3,15,USD,dormant,180.03,180.03,2022-12-28T06:31:10+00:00,,2026-08-31T22:00:00+00:00,18,2026-08-31T22:00:00+00:00
632,02110000000632,8,15,USD,active,204.24,4795.76,2024-08-19T14:30:57+00:00,,2026-09-17T18:45:33+00:00,27,2026-09-17T18:45:33+00:00
633,02100000000633,1,4,USD,active,12920.18,12920.18,2009-10-18T13:16:53+00:00,,2026-09-22T14:54:46+00:00,19,2026-09-22T14:54:46+00:00
634,02110000000634,1,23,USD,active,13918.28,13918.28,2019-09-06T23:11:21+00:00,,2026-09-19T09:00:00+00:00,37,2026-09-19T09:00:00+00:00
635,02110000000635,2,23,USD,closed,0,0,2022-02-21T01:39:47+00:00,2024-01-03T19:53:58+00:00,,0,2024-01-03T19:53:58+00:00
636,02110000000636,4,23,USD,closed,0,0,2024-02-29T17:21:02+00:00,2026-03-06T14:01:10+00:00,,0,2026-03-06T14:01:10+00:00
637,02100000000637,2,8,USD,active,16399.97,16899.97,2025-07-10T23:03:21+00:00,,2026-09-21T22:34:11+00:00,31,2026-09-21T22:34:11+00:00
638,02100000000638,4,8,USD,active,3910.05,3910.05,2026-07-06T04:58:11+00:00,,2026-08-31T22:00:00+00:00,16,2026-08-31T22:00:00+00:00
639,02100000000639,1,7,USD,active,3242.30,3242.30,2011-04-01T04:16:56+00:00,,2026-09-21T20:05:49+00:00,23,2026-09-21T20:05:49+00:00
640,02100000000640,4,7,USD,active,9279.47,9279.47,2018-10-02T02:22:27+00:00,,2026-08-31T22:00:00+00:00,15,2026-08-31T22:00:00+00:00
641,02100000000641,1,11,USD,active,8952.26,8952.26,2019-11-21T03:18:08+00:00,,2026-09-21T19:49:40+00:00,21,2026-09-21T19:49:40+00:00
642,02110000000642,1,25,USD,active,13617.26,13617.26,2021-03-31T22:53:22+00:00,,2026-09-20T09:00:00+00:00,29,2026-09-20T09:00:00+00:00
643,02110000000643,3,25,USD,active,1107.95,1107.95,2023-12-24T10:13:37+00:00,,2026-08-31T22:00:00+00:00,36,2026-08-31T22:00:00+00:00
644,02110000000644,1,23,USD,active,10048.40,10048.40,2021-05-19T21:37:12+00:00,,2026-09-14T09:00:00+00:00,6,2026-09-14T09:00:00+00:00
645,02110000000645,3,23,USD,active,3708.56,3708.56,2025-11-22T06:02:25+00:00,,2026-08-31T22:00:00+00:00,38,2026-08-31T22:00:00+00:00
646,02100000000646,1,9,USD,active,9994.54,9994.54,2014-02-16T13:50:02+00:00,,2026-09-05T09:00:00+00:00,7,2026-09-05T09:00:00+00:00
647,02100000000647,3,9,USD,active,1052.33,1052.33,2017-08-27T09:38:16+00:00,,2026-08-31T22:00:00+00:00,34,2026-08-31T22:00:00+00:00
648,02110000000648,1,24,USD,active,10370.12,10370.12,2018-07-09T22:08:08+00:00,,2026-09-18T12:44:16+00:00,22,2026-09-18T12:44:16+00:00
649,02110000000649,9,24,USD,active,263.08,736.92,2021-08-05T22:31:13+00:00,,2026-09-19T15:25:46+00:00,38,2026-09-19T15:25:46+00:00
650,02110000000650,2,25,USD,closed,0,0,2012-10-22T06:45:07+00:00,2018-09-24T07:33:30+00:00,,0,2018-09-24T07:33:30+00:00
651,02110000000651,1,16,USD,active,13934.51,13934.51,2024-02-21T04:42:05+00:00,,2026-09-20T12:04:22+00:00,13,2026-09-20T12:04:22+00:00
652,02110000000652,1,18,USD,closed,0,0,2023-07-27T15:29:06+00:00,2025-05-14T13:20:02+00:00,,0,2025-05-14T13:20:02+00:00
653,02110000000653,2,22,USD,active,21881.73,22381.73,2022-10-11T12:24:26+00:00,,2026-07-01T16:55:33+00:00,25,2026-07-01T16:55:33+00:00
654,02110000000654,1,20,USD,active,2670.07,2670.07,2011-11-07T08:18:10+00:00,,2026-09-22T16:32:55+00:00,5,2026-09-22T16:32:55+00:00
655,02110000000655,3,20,USD,active,1866.90,1866.90,2026-06-24T11:13:42+00:00,,2026-08-31T22:00:00+00:00,17,2026-08-31T22:00:00+00:00
656,02100000000656,2,4,USD,active,49616.30,50116.30,2018-10-13T04:49:00+00:00,,2026-09-21T13:35:40+00:00,32,2026-09-21T13:35:40+00:00
657,02100000000657,1,10,USD,active,7785.10,7785.10,2017-07-13T03:15:15+00:00,,2026-09-03T09:00:00+00:00,12,2026-09-03T09:00:00+00:00
658,02100000000658,3,10,USD,closed,0,0,2023-11-14T03:01:08+00:00,2025-12-09T07:24:15+00:00,,0,2025-12-09T07:24:15+00:00
659,02100000000659,9,10,USD,active,2493.17,6.83,2020-08-19T04:27:59+00:00,,2026-09-15T19:45:30+00:00,16,2026-09-15T19:45:30+00:00
660,02100000000660,1,3,USD,active,34903.65,34903.65,2016-09-20T07:52:06+00:00,,2026-09-18T09:00:00+00:00,10,2026-09-18T09:00:00+00:00
661,02100000000661,8,3,USD,active,4983.98,16.02,2024-04-07T23:52:59+00:00,,2026-09-14T23:33:11+00:00,34,2026-09-14T23:33:11+00:00
662,02110000000662,2,23,USD,active,29050.05,29550.05,2022-03-16T16:00:20+00:00,,2026-09-22T16:18:15+00:00,36,2026-09-22T16:18:15+00:00
663,02110000000663,8,23,USD,closed,0,7500.00,2023-01-12T01:16:23+00:00,2024-09-10T17:40:05+00:00,,0,2024-09-10T17:40:05+00:00
664,02100000000664,2,10,USD,active,3048.40,3548.40,2012-03-28T11:00:37+00:00,,2026-09-22T20:36:34+00:00,25,2026-09-22T20:36:34+00:00
665,02100000000665,3,10,USD,active,2525.86,2525.86,2022-11-28T11:07:36+00:00,,2026-08-31T22:00:00+00:00,26,2026-08-31T22:00:00+00:00
666,02100000000666,5,10,USD,active,18325.63,18325.63,2012-11-26T09:03:51+00:00,,2026-08-31T22:00:00+00:00,23,2026-08-31T22:00:00+00:00
667,02110000000667,1,15,USD,active,1005.53,1005.53,2014-07-21T22:52:15+00:00,,2026-09-21T20:01:45+00:00,18,2026-09-21T20:01:45+00:00
668,02100000000668,1,7,USD,active,30228.30,30228.30,2018-05-19T00:17:35+00:00,,2026-09-20T09:00:00+00:00,9,2026-09-20T09:00:00+00:00
669,02100000000669,8,7,USD,active,0,10000.00,2019-06-18T01:29:56+00:00,,,0,2019-06-18T01:29:56+00:00
670,02100000000670,1,11,USD,closed,0,0,2009-02-05T13:47:50+00:00,2018-08-26T11:48:16+00:00,,0,2018-08-26T11:48:16+00:00
671,02100000000671,4,11,USD,active,57834.26,57834.26,2014-10-08T03:34:19+00:00,,2026-08-31T22:00:00+00:00,2,2026-08-31T22:00:00+00:00
672,02110000000672,1,23,USD,active,8575.80,8575.80,2012-07-18T04:25:44+00:00,,2026-09-09T09:00:00+00:00,20,2026-09-09T09:00:00+00:00
673,02110000000673,1,23,USD,active,19501.32,19501.32,2016-07-16T15:23:00+00:00,,2026-09-20T21:59:31+00:00,7,2026-09-20T21:59:31+00:00
674,02110000000674,1,20,USD,active,26867.34,26867.34,2022-08-24T05:32:29+00:00,,2026-09-15T09:00:00+00:00,14,2026-09-15T09:00:00+00:00
675,02110000000675,3,20,USD,active,6470.44,6470.44,2026-01-09T04:49:21+00:00,,2026-08-31T22:00:00+00:00,7,2026-08-31T22:00:00+00:00
676,02110000000676,5,20,USD,active,19186.85,19186.85,2025-09-10T19:17:40+00:00,,2026-08-31T22:00:00+00:00,40,2026-08-31T22:00:00+00:00
677,02110000000677,8,20,USD,active,2504.34,22495.66,2026-01-13T19:32:48+00:00,,2026-09-20T16:22:53+00:00,39,2026-09-20T16:22:53+00:00
678,02110000000678,1,25,USD,active,13902.84,13902.84,2023-02-27T04:57:26+00:00,,2026-09-21T17:27:19+00:00,27,2026-09-21T17:27:19+00:00
679,02110000000679,5,25,USD,active,5223.45,5223.45,2026-04-21T19:27:28+00:00,,2026-08-31T22:00:00+00:00,1,2026-08-31T22:00:00+00:00
680,02100000000680,2,5,USD,closed,0,0,2008-02-27T19:14:19+00:00,2020-11-21T13:17:23+00:00,,0,2020-11-21T13:17:23+00:00
681,02100000000681,1,1,USD,active,6.43,6.43,2011-10-27T14:18:17+00:00,,2026-09-20T23:30:52+00:00,17,2026-09-20T23:30:52+00:00
682,02100000000682,2,7,USD,active,30327.69,30827.69,2015-11-12T09:36:20+00:00,,2026-09-15T09:00:00+00:00,34,2026-09-15T09:00:00+00:00
683,02100000000683,3,7,USD,active,4412.27,4412.27,2022-03-02T06:23:13+00:00,,2026-08-31T22:00:00+00:00,5,2026-08-31T22:00:00+00:00
684,02100000000684,1,4,USD,active,11731.32,11731.32,2011-10-24T03:07:51+00:00,,2026-07-08T14:09:08+00:00,12,2026-07-08T14:09:08+00:00
685,02110000000685,1,18,USD,active,8343.79,8343.79,2011-11-24T22:00:21+00:00,,2026-09-22T19:22:15+00:00,27,2026-09-22T19:22:15+00:00
686,02110000000686,4,18,USD,active,20715.05,20715.05,2019-04-10T01:01:23+00:00,,2026-08-31T22:00:00+00:00,32,2026-08-31T22:00:00+00:00
687,02110000000687,1,22,USD,active,613.64,613.64,2012-04-01T18:13:25+00:00,,2026-09-19T21:31:51+00:00,34,2026-09-19T21:31:51+00:00
688,02110000000688,4,22,USD,active,2807.00,2807.00,2016-09-09T14:04:28+00:00,,2026-08-31T22:00:00+00:00,26,2026-08-31T22:00:00+00:00
689,02110000000689,8,22,USD,active,0,1000.00,2015-11-15T06:02:23+00:00,,,0,2015-11-15T06:02:23+00:00
690,02100000000690,1,2,USD,active,2465.04,2465.04,2010-11-20T11:36:39+00:00,,2026-09-17T21:25:21+00:00,36,2026-09-17T21:25:21+00:00
691,02100000000691,1,6,USD,active,28685.09,28685.09,2014-10-07T12:15:01+00:00,,2026-09-21T21:48:16+00:00,21,2026-09-21T21:48:16+00:00
692,02100000000692,4,6,USD,active,7120.86,7120.86,2019-03-28T05:07:51+00:00,,2026-08-31T22:00:00+00:00,29,2026-08-31T22:00:00+00:00
693,02110000000693,1,13,USD,active,397.96,397.96,2024-12-06T21:58:48+00:00,,2026-09-16T20:29:53+00:00,27,2026-09-16T20:29:53+00:00
694,02110000000694,3,13,USD,active,5579.53,5579.53,2026-08-20T02:57:02+00:00,,2026-08-31T22:00:00+00:00,1,2026-08-31T22:00:00+00:00
695,02100000000695,1,11,USD,closed,0,0,2024-09-02T22:43:12+00:00,2025-09-16T08:27:26+00:00,,0,2025-09-16T08:27:26+00:00
696,02100000000696,1,10,USD,active,22556.85,22556.85,2021-10-10T08:44:14+00:00,,2026-09-22T19:33:59+00:00,16,2026-09-22T19:33:59+00:00
697,02100000000697,1,2,USD,active,918.65,918.65,2018-09-27T07:48:12+00:00,,2026-09-21T19:05:33+00:00,31,2026-09-21T19:05:33+00:00
698,02110000000698,1,20,USD,active,7222.77,7222.77,2019-08-27T09:16:31+00:00,,2026-09-22T17:52:53+00:00,32,2026-09-22T17:52:53+00:00
699,02100000000699,2,11,USD,dormant,3.49,3.49,2016-06-16T06:13:29+00:00,,2026-06-30T22:00:00+00:00,38,2026-06-30T22:00:00+00:00
700,02100000000700,4,11,USD,active,9044.82,9044.82,2026-03-11T15:18:49+00:00,,2026-08-31T22:00:00+00:00,5,2026-08-31T22:00:00+00:00
701,02100000000701,1,3,USD,active,11122.03,11122.03,2016-05-21T20:43:57+00:00,,2026-09-22T13:14:42+00:00,3,2026-09-22T13:14:42+00:00
702,02100000000702,1,2,USD,active,2830.04,2830.04,2018-06-07T17:13:49+00:00,,2026-09-21T23:29:36+00:00,26,2026-09-21T23:29:36+00:00
703,02100000000703,3,2,USD,active,5645.24,5645.24,2019-09-10T08:29:32+00:00,,2026-08-31T22:00:00+00:00,25,2026-08-31T22:00:00+00:00
704,02100000000704,9,2,USD,closed,0,7500.00,2022-08-12T23:09:21+00:00,2022-11-06T17:34:57+00:00,,0,2022-11-06T17:34:57+00:00
705,02110000000705,1,14,USD,active,12045.88,12045.88,2018-01-09T08:41:17+00:00,,2026-09-05T09:00:00+00:00,27,2026-09-05T09:00:00+00:00
706,02110000000706,3,14,USD,active,7956.40,7956.40,2023-02-14T18:43:28+00:00,,2026-08-31T22:00:00+00:00,22,2026-08-31T22:00:00+00:00
707,02110000000707,8,14,USD,active,0,0,2026-09-17T12:44:50+00:00,,,0,2026-09-17T12:44:50+00:00
708,02100000000708,2,3,USD,active,18257.63,18757.63,2021-05-16T21:03:42+00:00,,2026-09-21T09:00:00+00:00,31,2026-09-21T09:00:00+00:00
709,02100000000709,3,3,USD,active,611.88,611.88,2024-05-10T17:47:56+00:00,,2026-08-31T22:00:00+00:00,20,2026-08-31T22:00:00+00:00
710,02100000000710,8,3,USD,active,846.75,1653.25,2023-02-22T05:30:56+00:00,,2026-09-22T16:32:04+00:00,17,2026-09-22T16:32:04+00:00
711,02110000000711,1,14,USD,active,14764.48,14764.48,2015-04-02T16:23:39+00:00,,2026-09-16T22:15:53+00:00,7,2026-09-16T22:15:53+00:00
712,02110000000712,8,14,USD,closed,0,25000.00,2021-07-30T11:14:41+00:00,2022-06-23T18:36:39+00:00,,0,2022-06-23T18:36:39+00:00
713,02100000000713,1,10,USD,active,4126.49,4126.49,2008-03-13T21:45:11+00:00,,2026-09-06T09:00:00+00:00,18,2026-09-06T09:00:00+00:00
714,02100000000714,3,10,USD,active,3942.47,3942.47,2014-04-27T16:16:28+00:00,,2026-08-31T22:00:00+00:00,25,2026-08-31T22:00:00+00:00
715,02100000000715,5,10,USD,active,20229.73,20229.73,2008-08-19T16:43:11+00:00,,2026-08-31T22:00:00+00:00,11,2026-08-31T22:00:00+00:00
716,02100000000716,8,10,USD,frozen,0,10000.00,2013-12-10T12:42:26+00:00,,,0,2013-12-10T12:42:26+00:00
717,02100000000717,2,2,USD,active,34842.46,35342.46,2024-03-22T08:15:37+00:00,,2026-09-21T09:00:00+00:00,5,2026-09-21T09:00:00+00:00
718,02100000000718,3,2,USD,active,1160.49,1160.49,2025-06-26T22:35:05+00:00,,2026-08-31T22:00:00+00:00,2,2026-08-31T22:00:00+00:00
719,02110000000719,1,14,USD,active,32806.84,32806.84,2023-07-05T12:29:50+00:00,,2026-09-20T09:00:00+00:00,34,2026-09-20T09:00:00+00:00
720,02110000000720,3,14,USD,active,678.74,678.74,2025-12-02T01:22:16+00:00,,2026-08-31T22:00:00+00:00,13,2026-08-31T22:00:00+00:00
721,02110000000721,9,14,USD,active,0.00,5000.00,2025-05-05T08:11:24+00:00,,2026-05-25T18:00:00+00:00,13,2026-05-25T18:00:00+00:00
722,02100000000722,1,4,USD,active,259.69,259.69,2026-03-22T11:54:45+00:00,,2026-09-16T16:33:00+00:00,6,2026-09-16T16:33:00+00:00
723,02100000000723,3,4,USD,dormant,0,0,2026-05-10T07:52:40+00:00,,,0,2026-05-10T07:52:40+00:00
724,02100000000724,8,4,USD,frozen,0,25000.00,2026-08-31T00:17:02+00:00,,,0,2026-08-31T00:17:02+00:00
725,02110000000725,2,22,USD,active,30403.20,30903.20,2008-10-12T00:36:28+00:00,,2026-09-22T13:55:59+00:00,3,2026-09-22T13:55:59+00:00
726,02110000000726,4,22,USD,active,2927.12,2927.12,2014-12-07T20:41:28+00:00,,2026-08-31T22:00:00+00:00,19,2026-08-31T22:00:00+00:00
727,02110000000727,1,18,USD,active,2987.80,2987.80,2023-10-18T14:49:23+00:00,,2026-09-21T20:54:56+00:00,7,2026-09-21T20:54:56+00:00
728,02110000000728,4,18,USD,active,8486.80,8486.80,2025-07-31T19:47:56+00:00,,2026-08-31T22:00:00+00:00,22,2026-08-31T22:00:00+00:00
729,02100000000729,2,9,USD,active,1249.71,1749.71,2021-07-06T17:14:27+00:00,,2026-09-13T09:00:00+00:00,4,2026-09-13T09:00:00+00:00
730,02100000000730,8,9,USD,active,2951.56,2048.44,2025-11-07T20:50:08+00:00,,2026-09-20T17:14:59+00:00,4,2026-09-20T17:14:59+00:00
731,02100000000731,1,6,USD,active,46401.28,46401.28,2021-12-17T23:17:46+00:00,,2026-09-21T14:03:54+00:00,11,2026-09-21T14:03:54+00:00
732,02100000000732,1,7,USD,active,2683.35,2683.35,2019-11-08T05:53:55+00:00,,2026-09-03T09:00:00+00:00,35,2026-09-03T09:00:00+00:00
733,02100000000733,4,7,USD,active,16364.31,16364.31,2024-06-23T12:10:57+00:00,,2026-08-31T22:00:00+00:00,4,2026-08-31T22:00:00+00:00
734,02100000000734,5,7,USD,active,7119.65,7119.65,2024-08-17T03:27:43+00:00,,2026-08-31T22:00:00+00:00,9,2026-08-31T22:00:00+00:00
735,02100000000735,9,7,USD,active,3260.43,6739.57,2022-05-22T06:18:31+00:00,,2026-09-16T19:56:00+00:00,17,2026-09-16T19:56:00+00:00
736,02110000000736,2,13,USD,active,21755.72,22255.72,2022-01-10T08:05:00+00:00,,2026-09-16T16:07:06+00:00,5,2026-09-16T16:07:06+00:00
737,02110000000737,3,13,USD,active,2202.92,2202.92,2023-03-22T19:10:07+00:00,,2026-08-31T22:00:00+00:00,3,2026-08-31T22:00:00+00:00
738,02100000000738,1,10,USD,closed,0,0,2023-08-30T17:08:31+00:00,2024-11-26T22:08:33+00:00,,0,2024-11-26T22:08:33+00:00
739,02100000000739,4,10,USD,dormant,391.80,391.80,2025-01-07T07:38:34+00:00,,2026-08-31T22:00:00+00:00,14,2026-08-31T22:00:00+00:00
740,02100000000740,1,5,USD,active,1427.81,1427.81,2016-02-29T05:01:36+00:00,,2026-09-20T02:12:15+00:00,8,2026-09-20T02:12:15+00:00
741,02100000000741,4,5,USD,active,82213.18,82213.18,2025-12-15T13:24:46+00:00,,2026-08-31T22:00:00+00:00,15,2026-08-31T22:00:00+00:00
742,02100000000742,1,12,USD,active,1722.55,1722.55,2021-11-03T18:53:27+00:00,,2026-09-22T04:05:43+00:00,20,2026-09-22T04:05:43+00:00
743,02100000000743,9,12,USD,active,2990.24,7009.76,2025-12-24T15:11:42+00:00,,2026-09-22T15:16:47+00:00,31,2026-09-22T15:16:47+00:00
744,02100000000744,1,4,USD,active,14497.01,14497.01,2021-02-16T13:20:40+00:00,,2026-09-19T21:41:57+00:00,36,2026-09-19T21:41:57+00:00
745,02100000000745,4,4,USD,active,14194.50,14194.50,2025-07-28T13:09:57+00:00,,2026-08-31T22:00:00+00:00,13,2026-08-31T22:00:00+00:00
746,02110000000746,2,24,USD,active,13565.12,14065.12,2021-03-24T03:42:30+00:00,,2026-09-05T09:00:00+00:00,27,2026-09-05T09:00:00+00:00
747,02110000000747,8,24,USD,active,830.21,9169.79,2025-10-30T14:13:41+00:00,,2026-09-22T16:09:15+00:00,19,2026-09-22T16:09:15+00:00
748,02100000000748,1,2,USD,active,4134.08,4134.08,2023-12-28T17:01:55+00:00,,2026-09-17T20:22:34+00:00,33,2026-09-17T20:22:34+00:00
749,02100000000749,4,2,USD,active,7570.15,7570.15,2026-08-25T04:40:47+00:00,,2026-08-31T22:00:00+00:00,15,2026-08-31T22:00:00+00:00
750,02100000000750,2,4,USD,active,27814.12,28314.12,2021-07-04T01:50:00+00:00,,2026-09-20T09:00:00+00:00,21,2026-09-20T09:00:00+00:00
751,02100000000751,4,4,USD,active,83594.77,83594.77,2024-10-10T22:15:35+00:00,,2026-08-31T22:00:00+00:00,28,2026-08-31T22:00:00+00:00
752,02100000000752,2,6,USD,active,10270.02,10770.02,2024-04-17T06:24:18+00:00,,2026-09-18T16:31:19+00:00,9,2026-09-18T16:31:19+00:00
753,02100000000753,9,6,USD,active,0.00,25000.00,2026-01-03T20:07:17+00:00,,2026-05-25T18:00:00+00:00,31,2026-05-25T18:00:00+00:00
754,02110000000754,1,18,USD,active,9181.24,9181.24,2009-10-08T11:16:03+00:00,,2026-09-20T14:04:59+00:00,8,2026-09-20T14:04:59+00:00
755,02110000000755,9,18,USD,active,2907.30,2092.70,2017-12-26T08:16:12+00:00,,2026-09-19T18:26:43+00:00,28,2026-09-19T18:26:43+00:00
756,02110000000756,2,23,USD,closed,0,0,2012-01-18T09:23:03+00:00,2017-05-13T07:45:35+00:00,,0,2017-05-13T07:45:35+00:00
757,02100000000757,2,4,USD,active,35115.26,35615.26,2025-05-02T22:24:50+00:00,,2026-09-14T16:12:31+00:00,33,2026-09-14T16:12:31+00:00
758,02100000000758,4,4,USD,dormant,0,0,2026-05-09T23:37:40+00:00,,,0,2026-05-09T23:37:40+00:00
759,02100000000759,5,4,USD,active,8280.54,8280.54,2025-08-21T03:17:46+00:00,,2026-08-31T22:00:00+00:00,12,2026-08-31T22:00:00+00:00
760,02100000000760,9,4,USD,active,868.36,131.64,2026-02-06T04:40:20+00:00,,2026-09-06T17:59:39+00:00,26,2026-09-06T17:59:39+00:00
761,02100000000761,2,4,USD,active,35066.29,35566.29,2023-06-02T02:00:35+00:00,,2026-09-20T17:48:21+00:00,35,2026-09-20T17:48:21+00:00
762,02110000000762,2,24,USD,closed,0,0,2024-11-25T08:09:16+00:00,2025-09-18T17:33:45+00:00,,0,2025-09-18T17:33:45+00:00
763,02110000000763,4,24,USD,active,3431.42,3431.42,2026-05-02T14:03:53+00:00,,2026-08-31T22:00:00+00:00,8,2026-08-31T22:00:00+00:00
764,02110000000764,8,24,USD,frozen,781.20,4218.80,2025-04-21T06:06:31+00:00,,2026-04-30T23:59:00+00:00,36,2026-04-30T23:59:00+00:00
765,02110000000765,1,19,USD,dormant,316.91,316.91,2008-06-10T08:34:21+00:00,,2026-08-31T22:00:00+00:00,10,2026-08-31T22:00:00+00:00
766,02110000000766,3,19,USD,active,618.58,618.58,2016-01-18T15:15:26+00:00,,2026-08-31T22:00:00+00:00,19,2026-08-31T22:00:00+00:00
767,02100000000767,2,2,USD,active,8312.16,8812.16,2011-03-19T15:19:51+00:00,,2026-09-20T09:00:00+00:00,28,2026-09-20T09:00:00+00:00
768,02100000000768,8,2,USD,active,2288.82,211.18,2022-11-18T01:05:43+00:00,,2026-09-19T19:42:34+00:00,18,2026-09-19T19:42:34+00:00
769,02100000000769,5,7,USD,active,50937.34,50937.34,2024-01-01T11:49:15+00:00,,2026-08-31T22:00:00+00:00,28,2026-08-31T22:00:00+00:00
770,02100000000770,1,8,USD,active,2467.26,2467.26,2025-02-17T14:15:07+00:00,,2026-09-15T09:00:00+00:00,13,2026-09-15T09:00:00+00:00
771,02100000000771,3,8,USD,active,6851.84,6851.84,2026-05-09T21:00:50+00:00,,2026-08-31T22:00:00+00:00,12,2026-08-31T22:00:00+00:00
772,02100000000772,9,8,USD,active,996.62,3.38,2026-05-20T08:49:16+00:00,,2026-09-18T13:17:04+00:00,11,2026-09-18T13:17:04+00:00
773,02110000000773,1,25,USD,active,2126.06,2126.06,2011-10-19T00:17:53+00:00,,2026-09-20T14:52:36+00:00,39,2026-09-20T14:52:36+00:00
774,02110000000774,3,25,USD,active,1593.20,1593.20,2017-12-21T23:58:53+00:00,,2026-08-31T22:00:00+00:00,15,2026-08-31T22:00:00+00:00
775,02100000000775,2,3,USD,active,9957.63,10457.63,2010-05-22T13:45:44+00:00,,2026-09-01T09:00:00+00:00,16,2026-09-01T09:00:00+00:00
776,02100000000776,8,3,USD,active,1060.20,8939.80,2012-12-01T04:43:26+00:00,,2026-09-19T12:51:48+00:00,35,2026-09-19T12:51:48+00:00
777,02100000000777,1,9,USD,active,4338.44,4338.44,2013-04-23T04:36:07+00:00,,2026-09-22T19:48:06+00:00,32,2026-09-22T19:48:06+00:00
778,02100000000778,4,9,USD,active,4424.64,4424.64,2017-11-26T16:43:35+00:00,,2026-08-31T22:00:00+00:00,35,2026-08-31T22:00:00+00:00
779,02100000000779,1,3,USD,closed,0,0,2008-09-14T11:19:06+00:00,2010-07-13T10:38:51+00:00,,0,2010-07-13T10:38:51+00:00
780,02100000000780,1,9,USD,active,15512.67,15512.67,2025-07-31T22:48:29+00:00,,2026-09-20T12:58:15+00:00,26,2026-09-20T12:58:15+00:00
781,02100000000781,3,9,USD,active,5644.84,5644.84,2026-03-02T02:29:43+00:00,,2026-08-31T22:00:00+00:00,13,2026-08-31T22:00:00+00:00
782,02100000000782,1,8,USD,active,2455.86,2455.86,2008-06-20T08:18:56+00:00,,2026-09-22T09:00:00+00:00,24,2026-09-22T09:00:00+00:00
783,02100000000783,2,2,USD,active,14645.06,15145.06,2021-06-03T00:24:53+00:00,,2026-09-22T17:59:20+00:00,23,2026-09-22T17:59:20+00:00
784,02100000000784,4,2,USD,active,2268.21,2268.21,2025-10-18T01:24:55+00:00,,2026-08-31T22:00:00+00:00,38,2026-08-31T22:00:00+00:00
785,02110000000785,1,15,USD,active,28173.35,28173.35,2013-03-27T07:28:25+00:00,,2026-09-22T21:00:00+00:00,38,2026-09-22T21:00:00+00:00
786,02110000000786,1,13,USD,active,14663.35,14663.35,2019-10-23T02:54:19+00:00,,2026-06-07T13:21:37+00:00,5,2026-06-07T13:21:37+00:00
787,02110000000787,9,13,USD,active,0.00,10000.00,2024-12-26T17:40:03+00:00,,2026-05-25T18:00:00+00:00,20,2026-05-25T18:00:00+00:00
788,02110000000788,1,15,USD,active,16803.68,16803.68,2024-05-18T02:52:07+00:00,,2026-09-22T20:55:33+00:00,39,2026-09-22T20:55:33+00:00
789,02110000000789,2,13,USD,active,5503.17,6003.17,2014-12-12T12:12:26+00:00,,2026-09-10T09:00:00+00:00,26,2026-09-10T09:00:00+00:00
790,02110000000790,3,13,USD,active,8047.90,8047.90,2019-03-11T07:05:14+00:00,,2026-08-31T22:00:00+00:00,33,2026-08-31T22:00:00+00:00
791,02110000000791,8,13,USD,active,363.59,4636.41,2019-04-01T22:19:22+00:00,,2026-09-18T23:21:03+00:00,1,2026-09-18T23:21:03+00:00
792,02110000000792,1,14,USD,active,13031.43,13031.43,2020-03-23T20:10:09+00:00,,2026-09-22T16:02:27+00:00,20,2026-09-22T16:02:27+00:00
793,02110000000793,4,14,USD,active,69413.36,69413.36,2022-01-04T16:31:21+00:00,,2026-08-31T22:00:00+00:00,14,2026-08-31T22:00:00+00:00
794,02100000000794,1,5,USD,active,10433.63,10433.63,2016-09-07T06:50:23+00:00,,2026-09-17T09:00:00+00:00,24,2026-09-17T09:00:00+00:00
795,02110000000795,4,25,USD,active,2878.33,2878.33,2026-08-21T08:43:28+00:00,,2026-08-31T22:00:00+00:00,8,2026-08-31T22:00:00+00:00
796,02110000000796,8,25,USD,active,0,1000.00,2025-07-12T03:45:56+00:00,,,0,2025-07-12T03:45:56+00:00
797,02100000000797,1,6,USD,active,1493.88,1493.88,2010-12-17T22:19:10+00:00,,2026-09-21T13:22:26+00:00,15,2026-09-21T13:22:26+00:00
798,02100000000798,5,6,USD,active,31242.41,31242.41,2015-01-06T06:56:57+00:00,,2026-08-31T22:00:00+00:00,16,2026-08-31T22:00:00+00:00
799,02110000000799,2,13,USD,active,22731.02,23231.02,2022-01-02T21:49:56+00:00,,2026-09-21T12:22:43+00:00,29,2026-09-21T12:22:43+00:00
800,02110000000800,3,13,USD,active,1361.62,1361.62,2024-05-06T12:32:13+00:00,,2026-08-31T22:00:00+00:00,38,2026-08-31T22:00:00+00:00
801,02110000000801,5,13,USD,active,57895.05,57895.05,2025-03-21T22:25:47+00:00,,2026-08-31T22:00:00+00:00,13,2026-08-31T22:00:00+00:00
802,02110000000802,9,13,USD,active,0,5000.00,2023-11-14T07:00:45+00:00,,,0,2023-11-14T07:00:45+00:00
803,02100000000803,1,5,USD,active,1794.20,1794.20,2024-06-06T13:00:35+00:00,,2026-09-21T13:54:37+00:00,25,2026-09-21T13:54:37+00:00
804,02100000000804,3,5,USD,active,2205.44,2205.44,2025-11-03T06:23:04+00:00,,2026-08-31T22:00:00+00:00,38,2026-08-31T22:00:00+00:00
805,02100000000805,9,5,USD,active,0.00,25000.00,2025-12-30T06:10:07+00:00,,2026-05-25T18:00:00+00:00,29,2026-05-25T18:00:00+00:00
806,02110000000806,1,18,USD,active,4125.98,4125.98,2011-07-23T23:55:15+00:00,,2026-09-22T14:05:12+00:00,20,2026-09-22T14:05:12+00:00
807,02110000000807,1,21,USD,active,33367.76,33367.76,2008-07-31T09:36:58+00:00,,2026-09-21T21:07:16+00:00,28,2026-09-21T21:07:16+00:00
808,02110000000808,1,14,USD,active,1124.72,1124.72,2023-10-28T01:15:35+00:00,,2026-09-22T16:48:00+00:00,40,2026-09-22T16:48:00+00:00
809,02110000000809,4,14,USD,active,50682.92,50682.92,2023-12-31T23:58:14+00:00,,2026-08-31T22:00:00+00:00,39,2026-08-31T22:00:00+00:00
810,02110000000810,8,14,USD,frozen,1384.95,3615.05,2024-01-05T00:13:51+00:00,,2026-04-30T23:59:00+00:00,8,2026-04-30T23:59:00+00:00
811,02100000000811,1,4,USD,active,449.70,449.70,2023-01-10T19:29:08+00:00,,2026-09-20T15:05:22+00:00,11,2026-09-20T15:05:22+00:00
812,02110000000812,1,15,USD,active,2617.75,2617.75,2018-10-20T06:01:06+00:00,,2026-09-22T17:08:33+00:00,19,2026-09-22T17:08:33+00:00
813,02110000000813,3,15,USD,active,2781.60,2781.60,2021-07-03T10:29:56+00:00,,2026-08-31T22:00:00+00:00,40,2026-08-31T22:00:00+00:00
814,02100000000814,4,8,USD,active,6376.29,6376.29,2021-01-16T20:21:44+00:00,,2026-08-31T22:00:00+00:00,11,2026-08-31T22:00:00+00:00
815,02100000000815,2,3,USD,closed,0,0,2016-03-14T20:03:10+00:00,2020-12-17T02:43:04+00:00,,0,2020-12-17T02:43:04+00:00
816,02100000000816,4,3,USD,active,19660.45,19660.45,2021-10-11T23:55:35+00:00,,2026-08-31T22:00:00+00:00,21,2026-08-31T22:00:00+00:00
817,02100000000817,9,3,USD,active,3901.63,11098.37,2018-05-21T13:35:51+00:00,,2026-05-31T22:00:00+00:00,1,2026-05-31T22:00:00+00:00
818,02100000000818,2,10,USD,active,28506.82,29006.82,2019-02-24T12:29:17+00:00,,2026-09-22T13:41:24+00:00,15,2026-09-22T13:41:24+00:00
819,02110000000819,1,24,USD,active,5.99,5.99,2009-06-25T06:32:16+00:00,,2026-09-11T12:07:56+00:00,1,2026-09-11T12:07:56+00:00
820,02110000000820,1,16,USD,active,45657.10,45657.10,2016-05-09T19:51:49+00:00,,2026-09-19T15:51:30+00:00,25,2026-09-19T15:51:30+00:00
821,02110000000821,4,16,USD,closed,0,0,2017-07-26T23:59:36+00:00,2024-12-24T07:47:24+00:00,,0,2024-12-24T07:47:24+00:00
822,02110000000822,1,15,USD,active,11177.95,11177.95,2016-08-04T17:36:16+00:00,,2026-09-22T16:09:22+00:00,6,2026-09-22T16:09:22+00:00
823,02110000000823,3,15,USD,active,6470.69,6470.69,2016-12-18T21:25:38+00:00,,2026-08-31T22:00:00+00:00,37,2026-08-31T22:00:00+00:00
824,02100000000824,1,7,USD,active,14312.00,14312.00,2010-10-19T12:45:36+00:00,,2026-09-20T23:53:11+00:00,15,2026-09-20T23:53:11+00:00
825,02100000000825,2,6,USD,active,7880.33,8380.33,2016-01-09T10:28:56+00:00,,2026-09-22T12:51:21+00:00,34,2026-09-22T12:51:21+00:00
826,02100000000826,1,11,USD,active,1971.39,1971.39,2025-09-25T22:04:44+00:00,,2026-09-09T09:00:00+00:00,22,2026-09-09T09:00:00+00:00
827,02100000000827,3,11,USD,active,3035.31,3035.31,2025-12-17T20:23:08+00:00,,2026-08-31T22:00:00+00:00,34,2026-08-31T22:00:00+00:00
828,02100000000828,9,11,USD,active,4206.96,3293.04,2026-02-25T07:05:59+00:00,,2026-09-17T14:29:08+00:00,21,2026-09-17T14:29:08+00:00
829,02100000000829,1,11,USD,active,3574.64,3574.64,2014-11-09T22:59:01+00:00,,2026-09-17T18:15:00+00:00,27,2026-09-17T18:15:00+00:00
830,02110000000830,2,22,USD,active,38143.50,38643.50,2024-09-18T13:31:56+00:00,,2026-09-22T09:00:00+00:00,8,2026-09-22T09:00:00+00:00
831,02110000000831,3,22,USD,active,4003.46,4003.46,2026-08-14T22:21:36+00:00,,2026-08-31T22:00:00+00:00,9,2026-08-31T22:00:00+00:00
832,02100000000832,1,3,USD,active,2008.60,2008.60,2021-11-26T19:14:55+00:00,,2026-09-21T09:00:00+00:00,18,2026-09-21T09:00:00+00:00
833,02100000000833,3,3,USD,active,9872.23,9872.23,2026-03-14T05:50:36+00:00,,2026-08-31T22:00:00+00:00,26,2026-08-31T22:00:00+00:00
834,02100000000834,1,12,USD,active,11086.84,11086.84,2012-02-20T23:11:51+00:00,,2026-09-22T18:08:31+00:00,13,2026-09-22T18:08:31+00:00
835,02110000000835,2,18,USD,active,35036.13,35536.13,2021-08-19T07:12:29+00:00,,2026-09-21T15:16:57+00:00,6,2026-09-21T15:16:57+00:00
836,02110000000836,3,18,USD,active,1380.92,1380.92,2024-11-20T08:12:20+00:00,,2026-08-31T22:00:00+00:00,37,2026-08-31T22:00:00+00:00
837,02110000000837,5,18,USD,frozen,7392.31,7392.31,2026-04-27T22:12:56+00:00,,2026-04-30T23:59:00+00:00,21,2026-04-30T23:59:00+00:00
838,02110000000838,2,16,USD,active,6752.40,7252.40,2008-12-20T21:46:03+00:00,,2026-09-21T19:06:22+00:00,24,2026-09-21T19:06:22+00:00
839,02100000000839,1,2,USD,active,3330.55,3330.55,2014-01-02T13:49:15+00:00,,2026-09-21T19:13:31+00:00,20,2026-09-21T19:13:31+00:00
840,02110000000840,1,14,USD,active,13913.34,13913.34,2026-01-08T14:27:42+00:00,,2026-09-19T12:54:41+00:00,2,2026-09-19T12:54:41+00:00
841,02110000000841,4,14,USD,active,51358.87,51358.87,2026-02-27T11:32:12+00:00,,2026-08-31T22:00:00+00:00,39,2026-08-31T22:00:00+00:00
842,02100000000842,1,8,USD,dormant,136.48,136.48,2022-02-19T21:54:23+00:00,,2026-08-31T22:00:00+00:00,25,2026-08-31T22:00:00+00:00
843,02100000000843,9,8,USD,active,4164.16,835.84,2023-12-29T00:31:27+00:00,,2026-08-31T22:00:00+00:00,2,2026-08-31T22:00:00+00:00
844,02110000000844,1,24,USD,active,7295.22,7295.22,2017-02-14T09:05:09+00:00,,2026-09-08T22:22:02+00:00,8,2026-09-08T22:22:02+00:00
845,02110000000845,2,13,USD,active,36071.44,36571.44,2012-12-03T10:16:46+00:00,,2026-09-22T13:28:50+00:00,15,2026-09-22T13:28:50+00:00
846,02110000000846,1,13,USD,active,958.34,958.34,2011-10-17T01:47:35+00:00,,2026-09-21T21:24:47+00:00,28,2026-09-21T21:24:47+00:00
847,02110000000847,4,13,USD,active,6583.34,6583.34,2013-11-27T04:14:17+00:00,,2026-08-31T22:00:00+00:00,4,2026-08-31T22:00:00+00:00
848,02100000000848,1,9,USD,active,9738.17,9738.17,2018-07-04T13:14:04+00:00,,2026-09-18T23:13:41+00:00,26,2026-09-18T23:13:41+00:00
849,02100000000849,3,9,USD,active,4331.21,4331.21,2022-12-10T23:26:24+00:00,,2026-08-31T22:00:00+00:00,5,2026-08-31T22:00:00+00:00
850,02110000000850,1,23,USD,active,4364.35,4364.35,2019-01-22T22:22:33+00:00,,2026-09-04T09:00:00+00:00,15,2026-09-04T09:00:00+00:00
851,02110000000851,5,23,USD,active,6685.07,6685.07,2021-12-28T16:08:08+00:00,,2026-08-31T22:00:00+00:00,24,2026-08-31T22:00:00+00:00
852,02110000000852,9,23,USD,active,2024.31,5475.69,2019-06-18T07:54:51+00:00,,2026-09-22T20:33:03+00:00,10,2026-09-22T20:33:03+00:00
853,02100000000853,2,12,USD,active,1785.42,2285.42,2025-12-30T06:21:48+00:00,,2026-09-19T23:44:49+00:00,3,2026-09-19T23:44:49+00:00
854,02100000000854,1,8,USD,active,351.25,351.25,2008-04-07T02:37:09+00:00,,2026-09-16T16:37:30+00:00,26,2026-09-16T16:37:30+00:00
855,02100000000855,4,8,USD,active,3260.97,3260.97,2015-09-02T18:49:15+00:00,,2026-08-31T22:00:00+00:00,11,2026-08-31T22:00:00+00:00
856,02100000000856,2,2,USD,active,3776.05,4276.05,2011-03-30T21:43:10+00:00,,2026-09-02T09:00:00+00:00,40,2026-09-02T09:00:00+00:00
857,02100000000857,8,2,USD,active,2297.45,22702.55,2024-12-01T15:05:52+00:00,,2026-09-19T19:26:03+00:00,7,2026-09-19T19:26:03+00:00
858,02100000000858,1,12,USD,active,13446.18,13446.18,2018-02-03T21:06:13+00:00,,2026-09-20T14:25:05+00:00,1,2026-09-20T14:25:05+00:00
859,02100000000859,4,12,USD,active,24061.64,24061.64,2022-12-04T07:48:06+00:00,,2026-08-31T22:00:00+00:00,33,2026-08-31T22:00:00+00:00
860,02110000000860,2,21,USD,active,16296.20,16796.20,2014-09-05T10:13:55+00:00,,2026-09-01T09:00:00+00:00,2,2026-09-01T09:00:00+00:00
861,02110000000861,4,21,USD,active,20707.70,20707.70,2020-06-24T08:34:00+00:00,,2026-08-31T22:00:00+00:00,1,2026-08-31T22:00:00+00:00
862,02100000000862,1,6,USD,active,12544.74,12544.74,2018-01-05T05:29:24+00:00,,2026-09-18T19:44:35+00:00,26,2026-09-18T19:44:35+00:00
863,02100000000863,1,6,USD,active,38035.69,38035.69,2025-04-27T14:24:55+00:00,,2026-09-22T17:53:44+00:00,31,2026-09-22T17:53:44+00:00
864,02100000000864,4,6,USD,closed,0,0,2025-09-22T00:27:04+00:00,2026-02-24T04:56:28+00:00,,0,2026-02-24T04:56:28+00:00
865,02100000000865,1,4,USD,active,19153.22,19153.22,2021-11-24T07:46:46+00:00,,2026-09-20T16:23:07+00:00,17,2026-09-20T16:23:07+00:00
866,02110000000866,1,22,USD,active,8569.74,8569.74,2013-08-12T08:18:13+00:00,,2026-09-17T18:48:56+00:00,28,2026-09-17T18:48:56+00:00
867,02110000000867,3,22,USD,active,4125.81,4125.81,2019-03-02T12:24:37+00:00,,2026-08-31T22:00:00+00:00,11,2026-08-31T22:00:00+00:00
868,02110000000868,5,22,USD,active,34922.85,34922.85,2014-04-27T12:59:58+00:00,,2026-08-31T22:00:00+00:00,29,2026-08-31T22:00:00+00:00
869,02110000000869,8,22,USD,active,0,7500.00,2022-12-01T09:50:39+00:00,,,0,2022-12-01T09:50:39+00:00
870,02110000000870,1,21,USD,active,2545.10,2545.10,2020-04-05T22:20:20+00:00,,2026-09-09T09:00:00+00:00,13,2026-09-09T09:00:00+00:00
871,02110000000871,9,21,USD,active,2967.96,22032.04,2025-05-05T19:42:16+00:00,,2026-09-21T14:00:25+00:00,25,2026-09-21T14:00:25+00:00
872,02110000000872,3,13,USD,active,1129.66,1129.66,2019-11-19T18:35:07+00:00,,2026-08-31T22:00:00+00:00,35,2026-08-31T22:00:00+00:00
873,02110000000873,2,25,USD,active,9734.87,10234.87,2018-01-29T02:03:18+00:00,,2026-09-21T19:39:46+00:00,39,2026-09-21T19:39:46+00:00
874,02100000000874,2,1,USD,closed,0,0,2018-12-31T12:21:16+00:00,2025-08-20T23:07:01+00:00,,0,2025-08-20T23:07:01+00:00
875,02100000000875,15,1,EUR,active,1174.87,1174.87,2020-12-22T07:03:08+00:00,,2026-08-31T22:00:00+00:00,15,2026-08-31T22:00:00+00:00
876,02110000000876,1,21,USD,active,5295.62,5295.62,2023-10-27T13:37:35+00:00,,2026-09-21T07:55:54+00:00,16,2026-09-21T07:55:54+00:00
877,02110000000877,1,20,USD,active,8435.31,8435.31,2012-02-21T13:42:43+00:00,,2026-09-21T14:30:27+00:00,22,2026-09-21T14:30:27+00:00
878,02100000000878,1,1,USD,active,30562.98,30562.98,2014-10-18T09:27:30+00:00,,2026-09-17T16:18:38+00:00,16,2026-09-17T16:18:38+00:00
879,02100000000879,2,12,USD,active,18222.94,18722.94,2012-11-13T23:46:32+00:00,,2026-09-21T23:33:19+00:00,11,2026-09-21T23:33:19+00:00
880,02100000000880,3,12,USD,frozen,7112.72,7112.72,2015-03-09T10:32:26+00:00,,2026-04-30T23:59:00+00:00,3,2026-04-30T23:59:00+00:00
881,02100000000881,1,3,USD,active,18364.36,18364.36,2014-12-02T08:31:27+00:00,,2026-09-18T15:25:40+00:00,14,2026-09-18T15:25:40+00:00
882,02100000000882,3,3,USD,active,9368.53,9368.53,2023-04-10T06:49:51+00:00,,2026-08-31T22:00:00+00:00,32,2026-08-31T22:00:00+00:00
883,02100000000883,1,8,USD,active,873.27,873.27,2024-04-26T04:53:49+00:00,,2026-09-14T09:00:00+00:00,24,2026-09-14T09:00:00+00:00
884,02100000000884,3,8,USD,active,2045.58,2045.58,2025-09-08T21:24:51+00:00,,2026-08-31T22:00:00+00:00,20,2026-08-31T22:00:00+00:00
885,02100000000885,8,8,USD,active,2129.99,5370.01,2026-09-01T10:30:00+00:00,,2026-09-18T13:42:46+00:00,2,2026-09-18T13:42:46+00:00
886,02100000000886,2,3,USD,closed,0,0,2023-11-25T14:45:28+00:00,2024-10-05T02:00:03+00:00,,0,2024-10-05T02:00:03+00:00
887,02100000000887,3,3,USD,active,837.77,837.77,2024-12-23T15:20:04+00:00,,2026-08-31T22:00:00+00:00,37,2026-08-31T22:00:00+00:00
888,02100000000888,1,12,USD,active,17335.19,17335.19,2008-07-06T07:02:51+00:00,,2026-09-21T19:34:34+00:00,17,2026-09-21T19:34:34+00:00
889,02100000000889,3,12,USD,active,834.09,834.09,2010-08-22T15:04:31+00:00,,2026-08-31T22:00:00+00:00,10,2026-08-31T22:00:00+00:00
890,02110000000890,1,14,USD,active,8639.08,8639.08,2013-05-01T05:44:42+00:00,,2026-09-03T12:31:36+00:00,4,2026-09-03T12:31:36+00:00
891,02100000000891,2,11,USD,active,29631.46,30131.46,2013-08-16T16:10:28+00:00,,2026-09-20T17:59:18+00:00,19,2026-09-20T17:59:18+00:00
892,02100000000892,1,11,USD,active,50135.66,50135.66,2009-09-07T23:40:50+00:00,,2026-09-22T19:08:09+00:00,1,2026-09-22T19:08:09+00:00
893,02100000000893,3,11,USD,closed,0,0,2023-02-07T13:55:26+00:00,2025-03-22T10:56:26+00:00,,0,2025-03-22T10:56:26+00:00
894,02100000000894,2,11,USD,active,14863.10,15363.10,2014-06-17T10:25:38+00:00,,2026-09-16T20:09:58+00:00,32,2026-09-16T20:09:58+00:00
895,02100000000895,4,11,USD,active,14727.63,14727.63,2017-10-27T11:02:35+00:00,,2026-08-31T22:00:00+00:00,31,2026-08-31T22:00:00+00:00
896,02110000000896,2,15,USD,active,80311.56,80811.56,2018-04-01T03:42:38+00:00,,2026-09-21T15:53:41+00:00,37,2026-09-21T15:53:41+00:00
897,02100000000897,1,11,USD,active,868.94,868.94,2025-04-13T21:59:11+00:00,,2026-09-22T13:26:05+00:00,18,2026-09-22T13:26:05+00:00
898,02100000000898,1,9,USD,active,815.30,815.30,2017-06-22T06:31:08+00:00,,2026-08-10T23:08:24+00:00,13,2026-08-10T23:08:24+00:00
899,02100000000899,1,7,USD,active,62908.77,62908.77,2025-02-27T07:30:14+00:00,,2026-09-09T09:00:00+00:00,29,2026-09-09T09:00:00+00:00
900,02100000000900,8,7,USD,active,983.00,17.00,2026-02-06T08:12:03+00:00,,2026-09-21T17:41:18+00:00,7,2026-09-21T17:41:18+00:00
901,02100000000901,2,11,USD,active,9316.28,9816.28,2010-10-24T00:41:11+00:00,,2026-09-20T23:05:00+00:00,34,2026-09-20T23:05:00+00:00
902,02100000000902,3,11,USD,active,4472.54,4472.54,2017-02-18T20:58:07+00:00,,2026-08-31T22:00:00+00:00,26,2026-08-31T22:00:00+00:00
903,02100000000903,5,11,USD,active,6511.05,6511.05,2016-11-21T14:34:52+00:00,,2026-08-31T22:00:00+00:00,18,2026-08-31T22:00:00+00:00
904,02110000000904,1,14,USD,active,733.36,733.36,2010-04-23T07:02:28+00:00,,2026-09-21T20:38:00+00:00,39,2026-09-21T20:38:00+00:00
905,02110000000905,8,14,USD,active,0.00,1000.00,2012-06-12T17:48:40+00:00,,2026-05-25T18:00:00+00:00,2,2026-05-25T18:00:00+00:00
906,02110000000906,2,14,USD,active,14518.21,15018.21,2012-04-20T20:43:30+00:00,,2026-09-20T09:00:00+00:00,4,2026-09-20T09:00:00+00:00
907,02110000000907,3,14,USD,active,3223.58,3223.58,2015-12-16T01:32:55+00:00,,2026-08-31T22:00:00+00:00,28,2026-08-31T22:00:00+00:00
908,02110000000908,2,18,USD,active,12575.45,13075.45,2014-05-06T07:04:25+00:00,,2026-09-19T09:00:00+00:00,23,2026-09-19T09:00:00+00:00
909,02110000000909,3,18,USD,active,8139.83,8139.83,2018-07-01T18:22:44+00:00,,2026-08-31T22:00:00+00:00,9,2026-08-31T22:00:00+00:00
910,02100000000910,2,10,USD,active,31106.32,31606.32,2015-07-05T13:01:09+00:00,,2026-09-11T09:00:00+00:00,32,2026-09-11T09:00:00+00:00
911,02100000000911,8,10,USD,active,2472.35,27.65,2021-08-27T19:44:09+00:00,,2026-09-06T14:49:29+00:00,9,2026-09-06T14:49:29+00:00
912,02110000000912,1,14,USD,active,1895.43,1895.43,2014-08-30T22:54:09+00:00,,2026-09-14T17:30:02+00:00,5,2026-09-14T17:30:02+00:00
913,02110000000913,1,13,USD,active,32007.65,32007.65,2023-01-06T15:53:49+00:00,,2026-09-13T19:06:14+00:00,3,2026-09-13T19:06:14+00:00
914,02110000000914,4,13,USD,active,23753.05,23753.05,2024-02-25T19:35:30+00:00,,2026-08-31T22:00:00+00:00,24,2026-08-31T22:00:00+00:00
915,02110000000915,1,14,USD,active,7558.14,7558.14,2024-02-22T17:29:46+00:00,,2026-09-21T16:29:01+00:00,28,2026-09-21T16:29:01+00:00
916,02110000000916,8,14,USD,closed,0,5000.00,2025-06-04T15:31:14+00:00,2026-04-16T17:01:27+00:00,,0,2026-04-16T17:01:27+00:00
917,02110000000917,1,19,USD,active,4074.28,4074.28,2012-12-26T10:17:24+00:00,,2026-09-03T09:00:00+00:00,14,2026-09-03T09:00:00+00:00
918,02110000000918,3,19,USD,active,11148.64,11148.64,2013-10-26T07:03:30+00:00,,2026-08-31T22:00:00+00:00,27,2026-08-31T22:00:00+00:00
919,02110000000919,9,19,USD,active,2303.97,7696.03,2019-10-03T23:33:13+00:00,,2026-09-22T16:36:53+00:00,10,2026-09-22T16:36:53+00:00
920,02110000000920,1,13,USD,active,34270.41,34270.41,2017-04-14T04:21:30+00:00,,2026-09-14T09:00:00+00:00,8,2026-09-14T09:00:00+00:00
921,02100000000921,1,2,USD,active,3666.00,3666.00,2011-01-02T07:52:47+00:00,,2026-09-19T22:33:45+00:00,10,2026-09-19T22:33:45+00:00
922,02100000000922,3,2,USD,active,809.74,809.74,2023-02-09T03:48:28+00:00,,2026-08-31T22:00:00+00:00,23,2026-08-31T22:00:00+00:00
923,02110000000923,1,24,USD,active,17257.06,17257.06,2014-07-24T03:26:15+00:00,,2026-09-18T15:57:56+00:00,25,2026-09-18T15:57:56+00:00
924,02110000000924,3,24,USD,active,6323.15,6323.15,2023-08-10T09:33:13+00:00,,2026-08-31T22:00:00+00:00,19,2026-08-31T22:00:00+00:00
925,02110000000925,8,24,USD,active,0.00,15000.00,2025-09-29T08:08:11+00:00,,2026-06-25T18:00:00+00:00,37,2026-06-25T18:00:00+00:00
926,02110000000926,1,13,USD,closed,0,0,2019-03-15T18:13:19+00:00,2024-02-25T21:06:28+00:00,,0,2024-02-25T21:06:28+00:00
927,02110000000927,3,13,USD,active,834.78,834.78,2022-02-14T11:35:23+00:00,,2026-08-31T22:00:00+00:00,7,2026-08-31T22:00:00+00:00
928,02110000000928,9,13,USD,active,0,15000.00,2025-10-23T23:26:21+00:00,,,0,2025-10-23T23:26:21+00:00
929,02110000000929,1,15,USD,active,21737.44,21737.44,2008-04-20T21:06:16+00:00,,2026-09-17T21:27:45+00:00,15,2026-09-17T21:27:45+00:00
930,02110000000930,2,13,USD,active,21857.21,22357.21,2008-12-25T14:49:50+00:00,,2026-09-18T22:42:32+00:00,1,2026-09-18T22:42:32+00:00
931,02110000000931,1,25,USD,active,1361.45,1361.45,2008-03-15T20:24:32+00:00,,2026-09-19T23:32:20+00:00,37,2026-09-19T23:32:20+00:00
932,02110000000932,4,25,USD,active,15028.30,15028.30,2008-08-01T10:25:39+00:00,,2026-08-31T22:00:00+00:00,36,2026-08-31T22:00:00+00:00
933,02110000000933,15,25,EUR,active,5052.20,5052.20,2016-06-09T19:11:21+00:00,,2026-04-30T23:59:00+00:00,11,2026-04-30T23:59:00+00:00
934,02110000000934,1,18,USD,active,45205.01,45205.01,2013-04-12T22:57:59+00:00,,2026-09-22T20:00:21+00:00,22,2026-09-22T20:00:21+00:00
935,02110000000935,1,23,USD,dormant,11.17,11.17,2025-04-17T01:19:23+00:00,,2026-08-31T22:00:00+00:00,31,2026-08-31T22:00:00+00:00
936,02110000000936,2,20,USD,active,42556.44,43056.44,2025-09-03T14:22:25+00:00,,2026-09-22T09:00:00+00:00,39,2026-09-22T09:00:00+00:00
937,02110000000937,3,20,USD,active,4276.14,4276.14,2026-09-05T08:59:28+00:00,,2026-09-05T09:04:28+00:00,14,2026-09-05T09:04:28+00:00
938,02110000000938,1,23,USD,frozen,1895.50,1895.50,2016-09-05T10:27:31+00:00,,2026-04-30T23:59:00+00:00,13,2026-04-30T23:59:00+00:00
939,02110000000939,4,23,USD,active,18067.02,18067.02,2021-10-08T19:01:11+00:00,,2026-08-31T22:00:00+00:00,27,2026-08-31T22:00:00+00:00
940,02110000000940,1,22,USD,active,4728.68,4728.68,2024-09-14T23:26:10+00:00,,2026-09-07T09:00:00+00:00,25,2026-09-07T09:00:00+00:00
941,02110000000941,2,13,USD,active,6973.85,7473.85,2013-07-27T20:26:34+00:00,,2026-09-19T22:39:31+00:00,36,2026-09-19T22:39:31+00:00
942,02110000000942,4,13,USD,active,4900.79,4900.79,2019-10-31T10:59:12+00:00,,2026-08-31T22:00:00+00:00,27,2026-08-31T22:00:00+00:00
943,02110000000943,1,20,USD,active,10595.03,10595.03,2015-08-25T14:33:49+00:00,,2026-09-22T21:00:00+00:00,14,2026-09-22T21:00:00+00:00
944,02100000000944,1,12,USD,active,412.48,412.48,2016-10-08T09:20:03+00:00,,2026-09-20T15:05:22+00:00,17,2026-09-20T15:05:22+00:00
945,02100000000945,3,12,USD,active,2871.35,2871.35,2023-01-21T21:26:06+00:00,,2026-08-31T22:00:00+00:00,34,2026-08-31T22:00:00+00:00
946,02100000000946,1,4,USD,active,4447.33,4447.33,2018-12-31T15:06:46+00:00,,2026-09-18T23:46:53+00:00,1,2026-09-18T23:46:53+00:00
947,02110000000947,1,24,USD,active,23804.38,23804.38,2020-07-31T01:37:49+00:00,,2026-09-21T22:53:45+00:00,20,2026-09-21T22:53:45+00:00
948,02110000000948,3,24,USD,active,753.24,753.24,2021-02-10T08:33:02+00:00,,2026-08-31T22:00:00+00:00,23,2026-08-31T22:00:00+00:00
949,02110000000949,1,21,USD,active,2187.19,2187.19,2019-05-29T11:53:33+00:00,,2026-09-22T07:30:00+00:00,23,2026-09-22T07:30:00+00:00
950,02110000000950,3,21,USD,active,2194.28,2194.28,2023-09-15T19:24:31+00:00,,2026-08-31T22:00:00+00:00,22,2026-08-31T22:00:00+00:00
951,02110000000951,1,15,USD,active,7462.98,7462.98,2020-04-29T02:35:36+00:00,,2026-09-15T19:45:13+00:00,4,2026-09-15T19:45:13+00:00
952,02110000000952,4,15,USD,active,22758.63,22758.63,2022-10-08T01:21:10+00:00,,2026-08-31T22:00:00+00:00,35,2026-08-31T22:00:00+00:00
953,02100000000953,2,4,USD,dormant,9.73,9.73,2008-09-06T02:52:56+00:00,,2026-06-30T22:00:00+00:00,35,2026-06-30T22:00:00+00:00
954,02100000000954,3,4,USD,active,3388.34,3388.34,2022-06-22T06:24:43+00:00,,2026-08-31T22:00:00+00:00,4,2026-08-31T22:00:00+00:00
955,02110000000955,1,23,USD,active,31295.16,31295.16,2010-04-10T03:03:15+00:00,,2026-09-18T12:00:00+00:00,11,2026-09-18T12:00:00+00:00
956,02110000000956,3,23,USD,active,730.00,730.00,2011-03-26T04:06:21+00:00,,2026-08-31T22:00:00+00:00,36,2026-08-31T22:00:00+00:00
957,02110000000957,1,15,USD,closed,0,0,2015-03-22T07:33:27+00:00,2019-10-03T14:39:59+00:00,,0,2019-10-03T14:39:59+00:00
958,02110000000958,8,15,USD,active,2999.75,2000.25,2018-01-19T01:45:35+00:00,,2026-04-30T23:59:00+00:00,19,2026-04-30T23:59:00+00:00
959,02110000000959,1,16,USD,active,9036.84,9036.84,2025-09-08T12:58:10+00:00,,2026-09-10T09:00:00+00:00,37,2026-09-10T09:00:00+00:00
960,02110000000960,3,16,USD,dormant,0,0,2026-06-04T10:28:14+00:00,,,0,2026-06-04T10:28:14+00:00
961,02110000000961,1,18,USD,active,22559.04,22559.04,2014-04-01T16:58:36+00:00,,2026-09-09T09:00:00+00:00,37,2026-09-09T09:00:00+00:00
962,02110000000962,9,18,USD,active,289.06,7210.94,2023-12-31T07:20:55+00:00,,2026-09-20T21:08:41+00:00,25,2026-09-20T21:08:41+00:00
963,02110000000963,2,19,USD,active,6929.49,7429.49,2016-06-07T00:40:56+00:00,,2026-09-14T20:47:23+00:00,9,2026-09-14T20:47:23+00:00
964,02110000000964,4,19,USD,active,14457.88,14457.88,2017-03-04T20:10:10+00:00,,2026-08-31T22:00:00+00:00,21,2026-08-31T22:00:00+00:00
965,02110000000965,9,19,USD,active,268.26,24731.74,2023-04-16T22:16:20+00:00,,2026-09-10T16:32:13+00:00,29,2026-09-10T16:32:13+00:00
966,02110000000966,2,22,USD,active,12948.34,13448.34,2016-04-29T13:36:25+00:00,,2026-09-16T13:55:57+00:00,36,2026-09-16T13:55:57+00:00
967,02110000000967,4,22,USD,active,3025.69,3025.69,2023-09-29T00:09:07+00:00,,2026-08-31T22:00:00+00:00,7,2026-08-31T22:00:00+00:00
968,02100000000968,1,9,USD,active,835.43,835.43,2025-10-07T23:24:44+00:00,,2026-09-07T09:00:00+00:00,37,2026-09-07T09:00:00+00:00
969,02100000000969,8,9,USD,active,4584.74,5415.26,2025-10-20T19:12:26+00:00,,2026-09-21T20:33:03+00:00,14,2026-09-21T20:33:03+00:00
970,02100000000970,2,8,USD,active,40607.22,41107.22,2013-04-30T18:17:01+00:00,,2026-09-15T09:00:00+00:00,29,2026-09-15T09:00:00+00:00
971,02100000000971,4,8,USD,active,3555.55,3555.55,2026-07-04T02:31:42+00:00,,2026-08-31T22:00:00+00:00,23,2026-08-31T22:00:00+00:00
972,02100000000972,8,8,USD,active,452.16,547.84,2023-12-02T03:09:03+00:00,,2026-09-19T23:18:58+00:00,33,2026-09-19T23:18:58+00:00
973,02100000000973,1,9,USD,active,18885.15,18885.15,2010-05-29T06:29:33+00:00,,2026-09-18T13:24:05+00:00,38,2026-09-18T13:24:05+00:00
974,02100000000974,3,9,USD,active,1830.86,1830.86,2025-05-05T16:40:01+00:00,,2026-08-31T22:00:00+00:00,18,2026-08-31T22:00:00+00:00
975,02100000000975,2,4,USD,active,22394.81,22894.81,2009-05-31T01:09:48+00:00,,2026-09-19T22:57:10+00:00,10,2026-09-19T22:57:10+00:00
976,02110000000976,1,23,USD,active,6121.73,6121.73,2016-08-16T01:29:35+00:00,,2026-09-22T17:30:05+00:00,22,2026-09-22T17:30:05+00:00
977,02110000000977,3,23,USD,active,2159.35,2159.35,2021-04-23T22:02:32+00:00,,2026-08-31T22:00:00+00:00,12,2026-08-31T22:00:00+00:00
978,02110000000978,5,23,USD,active,15433.08,15433.08,2017-10-08T14:31:49+00:00,,2026-08-31T22:00:00+00:00,29,2026-08-31T22:00:00+00:00
979,02110000000979,1,23,USD,closed,0,0,2026-02-03T10:46:58+00:00,2026-03-26T01:38:22+00:00,,0,2026-03-26T01:38:22+00:00
980,02110000000980,4,23,USD,active,2325.29,2325.29,2026-03-30T17:21:07+00:00,,2026-08-31T22:00:00+00:00,38,2026-08-31T22:00:00+00:00
981,02110000000981,8,23,USD,active,0,2500.00,2026-03-22T15:23:03+00:00,,,0,2026-03-22T15:23:03+00:00
982,02100000000982,2,1,USD,active,35187.35,35687.35,2020-01-09T19:30:34+00:00,,2026-09-22T18:55:29+00:00,40,2026-09-22T18:55:29+00:00
983,02110000000983,1,22,USD,active,14516.60,14516.60,2010-03-21T17:28:29+00:00,,2026-09-22T13:42:55+00:00,11,2026-09-22T13:42:55+00:00
984,02100000000984,1,3,USD,closed,0,0,2014-04-20T09:38:43+00:00,2017-09-12T06:12:50+00:00,,0,2017-09-12T06:12:50+00:00
985,02100000000985,8,3,USD,frozen,3315.28,21684.72,2018-03-23T01:17:48+00:00,,2026-04-30T23:59:00+00:00,29,2026-04-30T23:59:00+00:00
986,02100000000986,1,9,USD,active,4184.40,4184.40,2014-09-20T08:13:32+00:00,,2026-09-22T14:13:58+00:00,26,2026-09-22T14:13:58+00:00
987,02100000000987,3,9,USD,active,1044.24,1044.24,2021-07-16T20:21:23+00:00,,2026-08-31T22:00:00+00:00,1,2026-08-31T22:00:00+00:00
988,02110000000988,1,24,USD,active,20793.41,20793.41,2024-12-02T19:53:13+00:00,,2026-09-20T02:48:59+00:00,29,2026-09-20T02:48:59+00:00
989,02110000000989,1,20,USD,active,2330.49,2330.49,2010-07-15T18:09:09+00:00,,2026-09-19T19:22:37+00:00,26,2026-09-19T19:22:37+00:00
990,02110000000990,3,20,USD,active,5287.69,5287.69,2023-10-09T14:08:59+00:00,,2026-08-31T22:00:00+00:00,27,2026-08-31T22:00:00+00:00
991,02110000000991,1,20,USD,active,72193.86,72193.86,2011-02-13T22:21:03+00:00,,2026-09-22T09:00:00+00:00,14,2026-09-22T09:00:00+00:00
992,02110000000992,1,14,USD,active,7068.96,7068.96,2017-02-17T06:13:41+00:00,,2026-09-11T05:57:33+00:00,37,2026-09-11T05:57:33+00:00
993,02110000000993,4,14,USD,active,7896.43,7896.43,2026-02-02T07:09:11+00:00,,2026-08-31T22:00:00+00:00,8,2026-08-31T22:00:00+00:00
994,02110000000994,9,14,USD,active,2489.94,10.06,2026-08-17T22:35:38+00:00,,2026-09-17T19:15:02+00:00,33,2026-09-17T19:15:02+00:00
995,02100000000995,1,4,USD,active,1160.35,1160.35,2020-01-07T05:53:44+00:00,,2026-09-15T23:26:02+00:00,20,2026-09-15T23:26:02+00:00
996,02100000000996,3,4,USD,active,2540.52,2540.52,2022-07-19T07:58:25+00:00,,2026-08-31T22:00:00+00:00,17,2026-08-31T22:00:00+00:00
997,02100000000997,1,5,USD,active,22343.57,22343.57,2021-07-21T13:54:13+00:00,,2026-09-22T09:00:00+00:00,31,2026-09-22T09:00:00+00:00
998,02110000000998,1,18,USD,active,19.23,19.23,2026-02-10T23:34:51+00:00,,2026-09-22T17:22:49+00:00,5,2026-09-22T17:22:49+00:00
999,02100000000999,2,2,USD,active,51589.93,52089.93,2016-08-04T10:53:10+00:00,,2026-09-22T09:00:00+00:00,19,2026-09-22T09:00:00+00:00
1000,02100000001000,4,2,USD,active,41896.07,41896.07,2025-11-26T05:58:03+00:00,,2026-08-31T22:00:00+00:00,11,2026-08-31T22:00:00+00:00
1001,02110000001001,1,16,USD,active,5228.98,5228.98,2011-09-22T06:07:57+00:00,,2026-09-20T21:13:10+00:00,3,2026-09-20T21:13:10+00:00
1002,02110000001002,3,16,USD,active,3522.63,3522.63,2012-11-12T02:09:48+00:00,,2026-08-31T22:00:00+00:00,12,2026-08-31T22:00:00+00:00
1003,02110000001003,2,24,USD,closed,0,0,2021-05-14T19:30:31+00:00,2022-11-16T13:38:14+00:00,,0,2022-11-16T13:38:14+00:00
1004,02110000001004,3,24,USD,closed,0,0,2024-04-05T07:27:46+00:00,2025-04-01T01:16:37+00:00,,0,2025-04-01T01:16:37+00:00
1005,02110000001005,1,18,USD,active,4537.96,4537.96,2023-11-12T02:32:00+00:00,,2026-09-20T11:12:54+00:00,12,2026-09-20T11:12:54+00:00
1006,02110000001006,4,18,USD,active,7979.18,7979.18,2024-09-24T07:30:22+00:00,,2026-08-31T22:00:00+00:00,26,2026-08-31T22:00:00+00:00
1007,02110000001007,9,18,USD,active,0.00,15000.00,2026-02-16T15:15:21+00:00,,2026-08-25T18:00:00+00:00,4,2026-08-25T18:00:00+00:00
1008,02110000001008,1,23,USD,active,9890.49,9890.49,2018-11-12T12:32:02+00:00,,2026-09-18T15:52:46+00:00,26,2026-09-18T15:52:46+00:00
1009,02110000001009,3,23,USD,active,2553.92,2553.92,2025-03-02T07:47:50+00:00,,2026-08-31T22:00:00+00:00,19,2026-08-31T22:00:00+00:00
1010,02110000001010,1,24,USD,active,487.10,487.10,2015-12-26T16:09:07+00:00,,2026-09-20T21:58:36+00:00,37,2026-09-20T21:58:36+00:00
1011,02110000001011,4,24,USD,active,8851.96,8851.96,2019-12-30T12:54:36+00:00,,2026-08-31T22:00:00+00:00,1,2026-08-31T22:00:00+00:00
1012,02100000001012,1,12,USD,active,3774.39,3774.39,2012-02-03T08:33:39+00:00,,2026-09-21T22:56:38+00:00,31,2026-09-21T22:56:38+00:00
1013,02110000001013,1,21,USD,active,7452.65,7452.65,2009-09-25T01:31:49+00:00,,2026-09-17T20:33:40+00:00,7,2026-09-17T20:33:40+00:00
1014,02110000001014,2,20,USD,active,704.69,1204.69,2009-08-23T13:37:51+00:00,,2026-09-21T17:02:19+00:00,37,2026-09-21T17:02:19+00:00
1015,02110000001015,4,20,USD,active,21896.65,21896.65,2017-11-08T14:59:08+00:00,,2026-08-31T22:00:00+00:00,34,2026-08-31T22:00:00+00:00
1016,02100000001016,2,8,USD,active,18917.78,19417.78,2011-07-27T12:39:02+00:00,,2026-09-22T16:38:23+00:00,19,2026-09-22T16:38:23+00:00
1017,02100000001017,4,8,USD,active,74525.36,74525.36,2024-01-08T06:32:56+00:00,,2026-08-31T22:00:00+00:00,12,2026-08-31T22:00:00+00:00
1018,02100000001018,1,10,USD,active,11962.61,11962.61,2014-10-18T04:03:33+00:00,,2026-09-21T17:20:00+00:00,13,2026-09-21T17:20:00+00:00
1019,02100000001019,4,10,USD,active,7096.27,7096.27,2024-10-26T11:08:36+00:00,,2026-08-31T22:00:00+00:00,30,2026-08-31T22:00:00+00:00
1020,02100000001020,2,5,USD,active,28703.20,29203.20,2022-03-03T02:33:54+00:00,,2026-09-19T21:25:56+00:00,18,2026-09-19T21:25:56+00:00
1021,02100000001021,4,5,USD,active,12032.13,12032.13,2025-09-04T19:22:21+00:00,,2026-08-31T22:00:00+00:00,32,2026-08-31T22:00:00+00:00
1022,02110000001022,2,15,USD,closed,0,0,2011-03-11T08:29:50+00:00,2013-01-17T16:00:30+00:00,,0,2013-01-17T16:00:30+00:00
1023,02110000001023,4,15,USD,active,64852.63,64852.63,2020-04-27T21:09:19+00:00,,2026-08-31T22:00:00+00:00,38,2026-08-31T22:00:00+00:00
1024,02110000001024,9,15,USD,active,51.92,4948.08,2023-10-26T03:56:59+00:00,,2026-07-31T22:00:00+00:00,6,2026-07-31T22:00:00+00:00
1025,02110000001025,1,24,USD,active,83.23,83.23,2024-03-18T21:16:34+00:00,,2026-09-22T14:25:52+00:00,9,2026-09-22T14:25:52+00:00
1026,02110000001026,9,24,USD,active,0,1000.00,2026-04-19T12:27:51+00:00,,,0,2026-04-19T12:27:51+00:00
1027,02110000001027,2,21,USD,active,22660.10,23160.10,2012-06-16T01:39:48+00:00,,2026-09-19T10:36:03+00:00,10,2026-09-19T10:36:03+00:00
1028,02110000001028,4,21,USD,active,8251.25,8251.25,2015-03-20T09:10:51+00:00,,2026-08-31T22:00:00+00:00,15,2026-08-31T22:00:00+00:00
1029,02110000001029,9,21,USD,active,2490.40,9.60,2025-12-09T05:16:11+00:00,,2026-09-08T20:58:25+00:00,22,2026-09-08T20:58:25+00:00
1030,02100000001030,1,5,USD,active,4544.05,4544.05,2017-02-02T17:47:50+00:00,,2026-05-06T22:39:17+00:00,1,2026-05-06T22:39:17+00:00
1031,02100000001031,4,5,USD,dormant,150.81,150.81,2021-02-24T16:17:08+00:00,,2026-08-31T22:00:00+00:00,21,2026-08-31T22:00:00+00:00
1032,02100000001032,1,1,USD,active,14601.86,14601.86,2008-07-21T19:55:12+00:00,,2026-09-21T12:38:11+00:00,13,2026-09-21T12:38:11+00:00
1033,02100000001033,5,1,USD,active,21143.15,21143.15,2022-02-21T01:32:57+00:00,,2026-08-31T22:00:00+00:00,35,2026-08-31T22:00:00+00:00
1034,02100000001034,8,1,USD,frozen,831.00,14169.00,2015-01-12T22:33:46+00:00,,2026-04-30T23:59:00+00:00,40,2026-04-30T23:59:00+00:00
1035,02100000001035,1,11,USD,active,248.29,248.29,2021-05-01T03:44:39+00:00,,2026-09-21T17:25:29+00:00,5,2026-09-21T17:25:29+00:00
1036,02100000001036,4,11,USD,active,3944.61,3944.61,2023-02-12T01:07:05+00:00,,2026-08-31T22:00:00+00:00,4,2026-08-31T22:00:00+00:00
1037,02100000001037,9,11,USD,active,0.00,1000.00,2021-07-02T04:33:28+00:00,,2026-06-25T18:00:00+00:00,27,2026-06-25T18:00:00+00:00
1038,02110000001038,1,18,USD,active,8235.46,8235.46,2018-01-03T21:22:11+00:00,,2026-09-17T18:57:12+00:00,2,2026-09-17T18:57:12+00:00
1039,02100000001039,2,8,USD,active,27194.92,27694.92,2008-01-19T22:13:38+00:00,,2026-09-19T15:12:15+00:00,23,2026-09-19T15:12:15+00:00
1040,02100000001040,5,8,USD,active,7434.53,7434.53,2019-09-11T20:32:23+00:00,,2026-08-31T22:00:00+00:00,32,2026-08-31T22:00:00+00:00
1041,02100000001041,1,1,USD,active,25416.27,25416.27,2016-07-11T08:38:35+00:00,,2026-09-21T22:35:40+00:00,24,2026-09-21T22:35:40+00:00
1042,02100000001042,3,1,USD,active,1992.32,1992.32,2019-06-07T13:28:56+00:00,,2026-08-31T22:00:00+00:00,12,2026-08-31T22:00:00+00:00
1043,02100000001043,5,1,USD,active,47439.62,47439.62,2023-11-01T11:10:32+00:00,,2026-08-31T22:00:00+00:00,8,2026-08-31T22:00:00+00:00
1044,02100000001044,1,9,USD,active,8019.67,8019.67,2024-12-18T03:22:15+00:00,,2026-09-21T14:12:36+00:00,24,2026-09-21T14:12:36+00:00
1045,02100000001045,5,9,USD,active,50222.99,50222.99,2025-09-10T23:31:08+00:00,,2026-08-31T22:00:00+00:00,4,2026-08-31T22:00:00+00:00
1046,02110000001046,1,23,USD,active,8997.62,8997.62,2015-05-30T00:40:17+00:00,,2026-09-22T19:15:00+00:00,14,2026-09-22T19:15:00+00:00
1047,02110000001047,1,25,USD,active,8774.97,8774.97,2022-01-08T08:46:54+00:00,,2026-09-07T09:00:00+00:00,22,2026-09-07T09:00:00+00:00
1048,02110000001048,8,25,USD,active,4305.38,10694.62,2024-05-26T20:58:33+00:00,,2026-09-17T18:12:29+00:00,9,2026-09-17T18:12:29+00:00
1049,02110000001049,1,23,USD,active,65472.25,65472.25,2015-06-23T04:48:06+00:00,,2026-09-16T18:03:42+00:00,23,2026-09-16T18:03:42+00:00
1050,02110000001050,5,23,USD,active,42133.15,42133.15,2023-01-02T21:06:34+00:00,,2026-08-31T22:00:00+00:00,8,2026-08-31T22:00:00+00:00
1051,02110000001051,1,18,USD,active,58151.50,58151.50,2023-12-31T01:55:05+00:00,,2026-09-20T15:33:15+00:00,5,2026-09-20T15:33:15+00:00
1052,02110000001052,4,18,USD,active,8921.32,8921.32,2024-02-07T06:58:06+00:00,,2026-08-31T22:00:00+00:00,28,2026-08-31T22:00:00+00:00
1053,02110000001053,8,18,USD,closed,0,15000.00,2024-03-02T12:35:08+00:00,2024-06-16T17:33:56+00:00,,0,2024-06-16T17:33:56+00:00
1054,02100000001054,1,10,USD,active,12145.67,12145.67,2020-06-26T19:09:59+00:00,,2026-09-22T09:00:00+00:00,27,2026-09-22T09:00:00+00:00
1055,02100000001055,4,10,USD,active,28808.34,28808.34,2023-12-01T00:04:23+00:00,,2026-08-31T22:00:00+00:00,19,2026-08-31T22:00:00+00:00
1056,02100000001056,1,3,USD,active,7318.67,7318.67,2022-12-14T09:25:37+00:00,,2026-09-18T09:00:00+00:00,24,2026-09-18T09:00:00+00:00
1057,02100000001057,3,3,USD,active,10443.03,10443.03,2024-02-02T04:03:07+00:00,,2026-08-31T22:00:00+00:00,30,2026-08-31T22:00:00+00:00
1058,02100000001058,1,8,USD,active,21114.49,21114.49,2015-07-04T19:30:27+00:00,,2026-09-22T20:26:38+00:00,3,2026-09-22T20:26:38+00:00
1059,02100000001059,3,8,USD,active,800.89,800.89,2019-08-23T00:17:20+00:00,,2026-08-31T22:00:00+00:00,2,2026-08-31T22:00:00+00:00
1060,02110000001060,2,25,USD,active,41101.55,41601.55,2023-11-29T05:19:54+00:00,,2026-09-15T09:00:00+00:00,3,2026-09-15T09:00:00+00:00
1061,02110000001061,8,25,USD,active,0.00,15000.00,2024-12-15T13:26:08+00:00,,2026-06-25T18:00:00+00:00,40,2026-06-25T18:00:00+00:00
1062,02110000001062,2,13,USD,active,40682.41,41182.41,2025-02-17T16:33:59+00:00,,2026-09-21T17:13:49+00:00,25,2026-09-21T17:13:49+00:00
1063,02110000001063,3,13,USD,closed,0,0,2025-12-04T14:23:29+00:00,2026-03-09T08:14:14+00:00,,0,2026-03-09T08:14:14+00:00
1064,02110000001064,5,13,USD,active,12230.27,12230.27,2025-05-15T06:58:36+00:00,,2026-08-31T22:00:00+00:00,39,2026-08-31T22:00:00+00:00
1065,02110000001065,8,13,USD,active,0,7500.00,2026-03-16T09:43:17+00:00,,,0,2026-03-16T09:43:17+00:00
1066,02100000001066,1,10,USD,active,26639.97,26639.97,2010-06-25T16:20:43+00:00,,2026-09-17T09:00:00+00:00,21,2026-09-17T09:00:00+00:00
1067,02100000001067,3,10,USD,dormant,94.93,94.93,2020-08-26T19:38:51+00:00,,2026-08-31T22:00:00+00:00,21,2026-08-31T22:00:00+00:00
1068,02100000001068,8,10,USD,active,131.66,24868.34,2021-04-13T07:45:24+00:00,,2026-09-21T20:12:12+00:00,31,2026-09-21T20:12:12+00:00
1069,02110000001069,2,14,USD,active,1498.79,1998.79,2023-07-14T16:50:18+00:00,,2026-09-02T09:00:00+00:00,13,2026-09-02T09:00:00+00:00
1070,02110000001070,8,14,USD,active,7286.90,213.10,2025-05-24T19:33:49+00:00,,2026-09-21T20:13:13+00:00,11,2026-09-21T20:13:13+00:00
1071,02110000001071,1,25,USD,active,80.90,80.90,2025-04-22T16:13:45+00:00,,2026-09-19T16:47:37+00:00,6,2026-09-19T16:47:37+00:00
1072,02110000001072,3,25,USD,active,5028.54,5028.54,2025-07-27T00:16:48+00:00,,2026-08-31T22:00:00+00:00,17,2026-08-31T22:00:00+00:00
1073,02110000001073,2,25,USD,active,30101.20,30601.20,2017-08-16T22:14:30+00:00,,2026-07-30T17:47:18+00:00,2,2026-07-30T17:47:18+00:00
1074,02100000001074,1,7,USD,active,10785.57,10785.57,2009-11-07T15:11:05+00:00,,2026-09-21T15:11:06+00:00,13,2026-09-21T15:11:06+00:00
1075,02100000001075,4,7,USD,active,19247.23,19247.23,2019-09-21T04:52:27+00:00,,2026-08-31T22:00:00+00:00,35,2026-08-31T22:00:00+00:00
1076,02100000001076,2,9,USD,active,45337.97,45837.97,2019-07-07T09:06:34+00:00,,2026-09-20T12:59:40+00:00,39,2026-09-20T12:59:40+00:00
1077,02100000001077,4,9,USD,active,16506.49,16506.49,2023-08-23T18:50:06+00:00,,2026-08-31T22:00:00+00:00,19,2026-08-31T22:00:00+00:00
1078,02110000001078,1,25,USD,active,3108.34,3108.34,2023-12-29T09:13:00+00:00,,2026-09-22T14:33:04+00:00,9,2026-09-22T14:33:04+00:00
1079,02100000001079,1,5,USD,active,1481.83,1481.83,2009-08-29T23:05:34+00:00,,2026-09-22T04:05:22+00:00,1,2026-09-22T04:05:22+00:00
1080,02100000001080,1,8,USD,active,5839.09,5839.09,2010-01-03T13:29:56+00:00,,2026-09-16T20:38:13+00:00,29,2026-09-16T20:38:13+00:00
1081,02100000001081,3,8,USD,active,2435.95,2435.95,2011-04-18T19:08:58+00:00,,2026-08-31T22:00:00+00:00,13,2026-08-31T22:00:00+00:00
1082,02100000001082,9,8,USD,closed,0,2500.00,2018-10-24T23:56:49+00:00,2021-12-21T08:28:26+00:00,,0,2021-12-21T08:28:26+00:00
1083,02110000001083,1,14,USD,active,18722.01,18722.01,2019-11-13T10:06:33+00:00,,2026-09-21T23:18:12+00:00,12,2026-09-21T23:18:12+00:00
1084,02110000001084,3,14,USD,active,1886.56,1886.56,2022-11-23T11:22:00+00:00,,2026-08-31T22:00:00+00:00,19,2026-08-31T22:00:00+00:00
1085,02110000001085,8,14,USD,active,0,1000.00,2026-08-05T13:16:18+00:00,,,0,2026-08-05T13:16:18+00:00
1086,02100000001086,2,1,USD,active,1331.54,1831.54,2010-07-26T19:13:37+00:00,,2026-09-22T07:52:14+00:00,29,2026-09-22T07:52:14+00:00
1087,02110000001087,1,19,USD,active,912.36,912.36,2015-07-13T04:24:05+00:00,,2026-09-19T17:30:52+00:00,19,2026-09-19T17:30:52+00:00
1088,02110000001088,3,19,USD,closed,0,0,2017-04-15T00:25:23+00:00,2019-09-18T13:32:51+00:00,,0,2019-09-18T13:32:51+00:00
1089,02110000001089,1,23,USD,active,23881.89,23881.89,2022-12-28T04:25:21+00:00,,2026-09-21T09:00:00+00:00,20,2026-09-21T09:00:00+00:00
1090,02100000001090,1,2,USD,active,36893.64,36893.64,2023-10-01T21:34:47+00:00,,2026-09-10T09:00:00+00:00,26,2026-09-10T09:00:00+00:00
1091,02100000001091,4,2,USD,active,29514.25,29514.25,2023-12-18T01:47:30+00:00,,2026-08-31T22:00:00+00:00,22,2026-08-31T22:00:00+00:00
1092,02100000001092,8,2,USD,active,997.68,2.32,2024-11-22T19:07:56+00:00,,2026-09-05T16:34:27+00:00,2,2026-09-05T16:34:27+00:00
1093,02110000001093,1,23,USD,active,103.24,103.24,2017-05-04T09:33:47+00:00,,2026-09-21T13:47:30+00:00,39,2026-09-21T13:47:30+00:00
1094,02110000001094,4,23,USD,closed,0,0,2022-05-08T06:00:00+00:00,2023-03-28T01:08:58+00:00,,0,2023-03-28T01:08:58+00:00
1095,02110000001095,2,15,USD,active,38396.89,38896.89,2023-11-25T13:19:34+00:00,,2026-09-20T13:36:55+00:00,30,2026-09-20T13:36:55+00:00
1096,02110000001096,1,13,USD,active,61.90,61.90,2016-03-02T04:44:19+00:00,,2026-09-21T18:42:54+00:00,27,2026-09-21T18:42:54+00:00
1097,02110000001097,9,13,USD,frozen,5178.61,9821.39,2017-02-13T08:23:22+00:00,,2026-04-30T23:59:00+00:00,23,2026-04-30T23:59:00+00:00
1098,02110000001098,1,13,USD,active,2467.44,2467.44,2021-06-09T04:04:38+00:00,,2026-09-15T16:07:00+00:00,23,2026-09-15T16:07:00+00:00
1099,02110000001099,3,13,USD,active,1585.23,1585.23,2023-12-05T08:00:47+00:00,,2026-08-31T22:00:00+00:00,37,2026-08-31T22:00:00+00:00
1100,02110000001100,9,13,USD,active,0,25000.00,2023-10-25T00:06:43+00:00,,,0,2023-10-25T00:06:43+00:00
1101,02100000001101,2,5,USD,active,17821.83,18321.83,2016-05-30T16:13:08+00:00,,2026-09-22T09:00:00+00:00,9,2026-09-22T09:00:00+00:00
1102,02110000001102,1,13,USD,active,1369.08,1369.08,2009-06-16T02:02:53+00:00,,2026-09-21T23:31:50+00:00,40,2026-09-21T23:31:50+00:00
1103,02110000001103,5,13,USD,active,6059.02,6059.02,2020-02-05T12:28:51+00:00,,2026-08-31T22:00:00+00:00,33,2026-08-31T22:00:00+00:00
1104,02110000001104,2,23,USD,active,14035.40,14535.40,2012-01-17T13:51:52+00:00,,2026-09-21T14:52:38+00:00,6,2026-09-21T14:52:38+00:00
1105,02100000001105,2,2,USD,active,2332.53,2832.53,2015-12-28T22:50:06+00:00,,2026-09-09T09:00:00+00:00,12,2026-09-09T09:00:00+00:00
1106,02100000001106,9,2,USD,active,2482.00,18.00,2018-05-31T02:32:45+00:00,,2026-09-11T19:22:55+00:00,22,2026-09-11T19:22:55+00:00
1107,02110000001107,1,20,USD,active,224.91,224.91,2024-04-11T06:55:38+00:00,,2026-09-21T18:56:21+00:00,34,2026-09-21T18:56:21+00:00
1108,02110000001108,4,20,USD,active,5269.73,5269.73,2024-12-17T10:29:16+00:00,,2026-08-31T22:00:00+00:00,21,2026-08-31T22:00:00+00:00
1109,02110000001109,1,19,USD,active,25809.21,25809.21,2024-01-23T18:29:32+00:00,,2026-09-18T23:18:59+00:00,17,2026-09-18T23:18:59+00:00
1110,02110000001110,3,19,USD,active,565.28,565.28,2024-03-25T07:23:17+00:00,,2026-08-31T22:00:00+00:00,26,2026-08-31T22:00:00+00:00
1111,02110000001111,1,23,USD,active,39595.33,39595.33,2021-04-30T20:50:31+00:00,,2026-09-22T09:00:00+00:00,40,2026-09-22T09:00:00+00:00
1112,02110000001112,3,23,USD,active,4094.83,4094.83,2022-08-22T09:07:01+00:00,,2026-08-31T22:00:00+00:00,24,2026-08-31T22:00:00+00:00
1113,02110000001113,5,23,USD,active,32712.58,32712.58,2025-10-28T17:02:48+00:00,,2026-08-31T22:00:00+00:00,9,2026-08-31T22:00:00+00:00
1114,02100000001114,1,6,USD,active,25855.43,25855.43,2009-07-25T01:35:42+00:00,,2026-09-19T23:33:12+00:00,14,2026-09-19T23:33:12+00:00
1115,02100000001115,4,6,USD,active,56419.69,56419.69,2023-08-16T23:04:39+00:00,,2026-08-31T22:00:00+00:00,21,2026-08-31T22:00:00+00:00
1116,02100000001116,2,3,USD,active,31569.38,32069.38,2015-07-04T09:47:16+00:00,,2026-09-20T14:18:22+00:00,7,2026-09-20T14:18:22+00:00
1117,02100000001117,4,3,USD,active,9929.16,9929.16,2021-07-10T05:20:52+00:00,,2026-08-31T22:00:00+00:00,34,2026-08-31T22:00:00+00:00
1118,02110000001118,1,19,USD,active,50326.15,50326.15,2012-05-11T10:24:46+00:00,,2026-09-21T19:58:02+00:00,8,2026-09-21T19:58:02+00:00
1119,02110000001119,4,19,USD,active,31891.86,31891.86,2018-06-28T14:16:36+00:00,,2026-08-31T22:00:00+00:00,40,2026-08-31T22:00:00+00:00
1120,02110000001120,1,24,USD,active,28765.59,28765.59,2016-01-11T10:21:13+00:00,,2026-09-21T13:58:04+00:00,36,2026-09-21T13:58:04+00:00
1121,02100000001121,1,2,USD,active,21650.49,21650.49,2019-08-09T11:10:43+00:00,,2026-09-19T03:04:02+00:00,39,2026-09-19T03:04:02+00:00
1122,02110000001122,1,21,USD,active,27475.92,27475.92,2015-01-19T15:14:20+00:00,,2026-09-22T17:22:43+00:00,6,2026-09-22T17:22:43+00:00
1123,02110000001123,8,21,USD,active,0.00,15000.00,2019-01-11T20:34:22+00:00,,2026-06-25T18:00:00+00:00,4,2026-06-25T18:00:00+00:00
1124,02110000001124,2,23,USD,active,25313.41,25813.41,2022-08-26T20:59:28+00:00,,2026-09-22T09:00:00+00:00,9,2026-09-22T09:00:00+00:00
1125,02110000001125,9,23,USD,active,994.49,5.51,2025-02-26T13:24:41+00:00,,2026-09-13T17:26:12+00:00,16,2026-09-13T17:26:12+00:00
1126,02100000001126,2,9,USD,active,3936.07,4436.07,2008-07-26T09:26:06+00:00,,2026-09-21T17:20:20+00:00,17,2026-09-21T17:20:20+00:00
1127,02100000001127,9,9,USD,active,0.00,1000.00,2023-11-14T08:21:49+00:00,,2026-06-25T18:00:00+00:00,39,2026-06-25T18:00:00+00:00
1128,02100000001128,1,6,USD,active,6496.38,6496.38,2023-04-27T04:35:20+00:00,,2026-09-16T16:58:30+00:00,5,2026-09-16T16:58:30+00:00
1129,02100000001129,4,6,USD,active,17330.92,17330.92,2023-05-27T12:38:49+00:00,,2026-08-31T22:00:00+00:00,25,2026-08-31T22:00:00+00:00
1130,02100000001130,9,6,USD,active,0.00,5000.00,2024-07-07T10:14:41+00:00,,2026-05-25T18:00:00+00:00,12,2026-05-25T18:00:00+00:00
1131,02100000001131,1,11,USD,active,112.83,112.83,2009-06-22T22:32:12+00:00,,2026-09-22T17:42:30+00:00,16,2026-09-22T17:42:30+00:00
1132,02100000001132,3,11,USD,active,4147.19,4147.19,2026-09-15T01:21:23+00:00,,2026-09-15T01:26:23+00:00,25,2026-09-15T01:26:23+00:00
1133,02110000001133,3,23,USD,active,6908.38,6908.38,2021-09-28T20:22:25+00:00,,2026-08-31T22:00:00+00:00,4,2026-08-31T22:00:00+00:00
1134,02110000001134,5,23,USD,active,5768.03,5768.03,2016-10-15T01:37:46+00:00,,2026-08-31T22:00:00+00:00,5,2026-08-31T22:00:00+00:00
1135,02100000001135,1,1,USD,active,25184.14,25184.14,2025-08-07T15:17:00+00:00,,2026-09-19T12:11:26+00:00,31,2026-09-19T12:11:26+00:00
1136,02100000001136,3,1,USD,active,5189.44,5189.44,2026-02-25T10:45:29+00:00,,2026-08-31T22:00:00+00:00,3,2026-08-31T22:00:00+00:00
1137,02110000001137,1,16,USD,active,22885.95,22885.95,2025-03-03T04:14:58+00:00,,2026-09-17T22:14:56+00:00,4,2026-09-17T22:14:56+00:00
1138,02110000001138,3,16,USD,active,572.28,572.28,2026-03-20T22:46:11+00:00,,2026-08-31T22:00:00+00:00,32,2026-08-31T22:00:00+00:00
1139,02100000001139,2,11,USD,active,23629.77,24129.77,2016-05-29T09:23:43+00:00,,2026-09-20T15:25:39+00:00,10,2026-09-20T15:25:39+00:00
1140,02110000001140,1,22,USD,active,2222.29,2222.29,2025-08-28T23:40:05+00:00,,2026-09-03T09:00:00+00:00,5,2026-09-03T09:00:00+00:00
1141,02110000001141,8,22,USD,active,2878.79,12121.21,2026-08-24T01:18:37+00:00,,2026-09-19T18:05:55+00:00,10,2026-09-19T18:05:55+00:00
1142,02110000001142,1,18,USD,active,7822.47,7822.47,2013-01-13T06:53:44+00:00,,2026-06-19T21:52:02+00:00,17,2026-06-19T21:52:02+00:00
1143,02100000001143,1,6,USD,active,7710.25,7710.25,2017-12-27T10:53:34+00:00,,2026-09-20T09:00:00+00:00,36,2026-09-20T09:00:00+00:00
1144,02100000001144,3,6,USD,active,4434.89,4434.89,2025-04-12T10:09:03+00:00,,2026-08-31T22:00:00+00:00,2,2026-08-31T22:00:00+00:00
1145,02100000001145,8,6,USD,active,868.12,131.88,2018-12-23T18:10:29+00:00,,2026-09-19T20:02:07+00:00,36,2026-09-19T20:02:07+00:00
1146,02110000001146,1,21,USD,active,12023.32,12023.32,2017-04-21T18:01:24+00:00,,2026-09-18T12:36:34+00:00,3,2026-09-18T12:36:34+00:00
1147,02110000001147,3,21,USD,active,914.98,914.98,2020-07-07T23:52:19+00:00,,2026-08-31T22:00:00+00:00,33,2026-08-31T22:00:00+00:00
1148,02110000001148,1,22,USD,active,3934.95,3934.95,2009-05-07T12:07:20+00:00,,2026-09-05T22:19:39+00:00,31,2026-09-05T22:19:39+00:00
1149,02110000001149,3,22,USD,active,2938.22,2938.22,2024-02-24T12:46:45+00:00,,2026-08-31T22:00:00+00:00,37,2026-08-31T22:00:00+00:00
1150,02110000001150,9,22,USD,active,1751.38,3248.62,2022-09-09T20:25:40+00:00,,2026-09-20T21:14:05+00:00,26,2026-09-20T21:14:05+00:00
1151,02110000001151,2,21,USD,active,38280.63,38780.63,2013-04-09T03:17:43+00:00,,2026-09-21T23:04:01+00:00,20,2026-09-21T23:04:01+00:00
1152,02110000001152,3,21,USD,active,3105.01,3105.01,2023-10-13T11:04:23+00:00,,2026-08-31T22:00:00+00:00,30,2026-08-31T22:00:00+00:00
1153,02110000001153,5,21,USD,active,17357.06,17357.06,2025-07-10T03:05:22+00:00,,2026-08-31T22:00:00+00:00,5,2026-08-31T22:00:00+00:00
1154,02100000001154,1,1,USD,active,13540.04,13540.04,2019-12-03T02:17:46+00:00,,2026-09-03T09:00:00+00:00,17,2026-09-03T09:00:00+00:00
1155,02100000001155,3,1,USD,active,1423.79,1423.79,2023-11-28T18:47:45+00:00,,2026-08-31T22:00:00+00:00,9,2026-08-31T22:00:00+00:00
1156,02100000001156,8,1,USD,active,11.68,14988.32,2020-05-09T17:51:21+00:00,,2026-09-02T12:16:51+00:00,21,2026-09-02T12:16:51+00:00
1157,02100000001157,1,7,USD,active,1116.80,1116.80,2011-07-13T04:02:44+00:00,,2026-09-21T20:23:47+00:00,3,2026-09-21T20:23:47+00:00
1158,02100000001158,4,7,USD,active,5360.03,5360.03,2024-05-29T23:51:24+00:00,,2026-08-31T22:00:00+00:00,7,2026-08-31T22:00:00+00:00
1159,02110000001159,2,15,USD,active,26130.54,26630.54,2010-12-20T05:18:05+00:00,,2026-09-18T18:17:51+00:00,3,2026-09-18T18:17:51+00:00
1160,02110000001160,3,15,USD,active,1275.39,1275.39,2013-01-27T19:59:54+00:00,,2026-08-31T22:00:00+00:00,35,2026-08-31T22:00:00+00:00
1161,02110000001161,1,22,USD,active,21033.21,21033.21,2021-11-04T00:23:07+00:00,,2026-09-19T13:44:49+00:00,25,2026-09-19T13:44:49+00:00
1162,02110000001162,9,22,USD,closed,0,10000.00,2022-04-05T18:44:04+00:00,2025-12-06T00:45:59+00:00,,0,2025-12-06T00:45:59+00:00
1163,02100000001163,1,6,USD,active,9811.58,9811.58,2015-04-11T04:40:46+00:00,,2026-09-22T13:33:35+00:00,15,2026-09-22T13:33:35+00:00
1164,02110000001164,2,20,USD,active,3320.52,3820.52,2011-05-15T17:07:07+00:00,,2026-09-20T17:28:30+00:00,26,2026-09-20T17:28:30+00:00
1165,02110000001165,4,20,USD,active,9924.32,9924.32,2025-12-07T02:10:27+00:00,,2026-08-31T22:00:00+00:00,32,2026-08-31T22:00:00+00:00
1166,02100000001166,1,11,USD,active,16516.71,16516.71,2010-09-01T00:28:40+00:00,,2026-09-21T13:57:47+00:00,13,2026-09-21T13:57:47+00:00
1167,02100000001167,1,8,USD,active,27701.81,27701.81,2021-08-30T06:26:04+00:00,,2026-09-21T22:35:40+00:00,10,2026-09-21T22:35:40+00:00
1168,02100000001168,1,11,USD,active,2282.79,2282.79,2016-02-27T18:13:24+00:00,,2026-09-21T23:15:35+00:00,35,2026-09-21T23:15:35+00:00
1169,02100000001169,3,11,USD,active,1151.99,1151.99,2026-09-08T09:05:02+00:00,,2026-09-08T09:10:02+00:00,6,2026-09-08T09:10:02+00:00
1170,02110000001170,1,25,USD,dormant,295.53,295.53,2010-07-01T00:42:11+00:00,,2026-08-31T22:00:00+00:00,14,2026-08-31T22:00:00+00:00
1171,02110000001171,3,25,USD,active,2686.60,2686.60,2015-03-03T13:14:53+00:00,,2026-08-31T22:00:00+00:00,12,2026-08-31T22:00:00+00:00
1172,02110000001172,1,25,USD,active,3994.99,3994.99,2014-06-22T20:21:48+00:00,,2026-09-20T12:56:00+00:00,22,2026-09-20T12:56:00+00:00
1173,02110000001173,3,25,USD,active,2277.48,2277.48,2018-01-18T07:36:50+00:00,,2026-08-31T22:00:00+00:00,30,2026-08-31T22:00:00+00:00
1174,02110000001174,2,20,USD,active,14010.36,14510.36,2019-12-18T09:42:13+00:00,,2026-09-17T15:36:59+00:00,6,2026-09-17T15:36:59+00:00
1175,02100000001175,1,7,USD,active,10003.38,10003.38,2020-04-22T08:04:44+00:00,,2026-09-18T09:00:00+00:00,1,2026-09-18T09:00:00+00:00
1176,02100000001176,4,7,USD,active,87928.85,87928.85,2022-05-13T17:24:48+00:00,,2026-08-31T22:00:00+00:00,14,2026-08-31T22:00:00+00:00
1177,02100000001177,8,7,USD,active,996.39,3.61,2023-01-18T16:39:15+00:00,,2026-09-05T21:22:41+00:00,15,2026-09-05T21:22:41+00:00
1178,02100000001178,1,5,USD,closed,0,0,2010-09-09T21:30:16+00:00,2018-05-07T08:43:02+00:00,,0,2018-05-07T08:43:02+00:00
1179,02100000001179,2,4,USD,active,32054.07,32554.07,2010-02-23T20:56:21+00:00,,2026-09-22T10:49:01+00:00,1,2026-09-22T10:49:01+00:00
1180,02100000001180,1,11,USD,active,8900.02,8900.02,2018-08-07T15:41:12+00:00,,2026-09-04T19:30:54+00:00,15,2026-09-04T19:30:54+00:00
1181,02100000001181,9,11,USD,active,4039.04,10960.96,2019-01-22T17:18:10+00:00,,2026-09-18T20:01:26+00:00,27,2026-09-18T20:01:26+00:00
1182,02110000001182,1,22,USD,active,9346.52,9346.52,2022-08-22T04:42:56+00:00,,2026-09-21T22:34:40+00:00,37,2026-09-21T22:34:40+00:00
1183,02110000001183,3,22,USD,active,3211.44,3211.44,2025-01-27T03:08:30+00:00,,2026-08-31T22:00:00+00:00,25,2026-08-31T22:00:00+00:00
1184,02110000001184,1,25,USD,active,5976.21,5976.21,2023-07-25T09:41:31+00:00,,2026-09-20T22:21:32+00:00,20,2026-09-20T22:21:32+00:00
1185,02110000001185,1,19,USD,active,349.65,349.65,2011-07-15T10:06:20+00:00,,2026-09-15T15:28:29+00:00,5,2026-09-15T15:28:29+00:00
1186,02110000001186,3,19,USD,closed,0,0,2024-12-04T12:10:00+00:00,2025-02-15T14:31:42+00:00,,0,2025-02-15T14:31:42+00:00
1187,02100000001187,1,6,USD,active,24242.25,24242.25,2015-10-31T01:15:59+00:00,,2026-09-09T09:00:00+00:00,15,2026-09-09T09:00:00+00:00
1188,02100000001188,8,6,USD,active,1223.23,13776.77,2017-04-26T10:08:39+00:00,,2026-09-20T17:42:03+00:00,18,2026-09-20T17:42:03+00:00
1189,02110000001189,1,18,USD,active,12830.26,12830.26,2010-05-30T00:23:10+00:00,,2026-09-10T09:00:00+00:00,37,2026-09-10T09:00:00+00:00
1190,02110000001190,3,18,USD,active,1475.18,1475.18,2016-04-08T12:33:11+00:00,,2026-08-31T22:00:00+00:00,1,2026-08-31T22:00:00+00:00
1191,02110000001191,8,18,USD,active,1094.37,8905.63,2018-10-04T07:50:15+00:00,,2026-09-17T21:55:13+00:00,29,2026-09-17T21:55:13+00:00
1192,02100000001192,1,12,USD,active,13456.81,13456.81,2009-02-01T01:05:34+00:00,,2026-09-21T13:03:30+00:00,7,2026-09-21T13:03:30+00:00
1193,02100000001193,9,12,USD,active,0.00,7500.00,2020-04-28T05:06:00+00:00,,2026-05-25T18:00:00+00:00,17,2026-05-25T18:00:00+00:00
1194,02100000001194,1,8,USD,active,25065.82,25065.82,2015-11-18T09:38:20+00:00,,2026-09-22T09:00:00+00:00,20,2026-09-22T09:00:00+00:00
1195,02100000001195,3,8,USD,active,3290.82,3290.82,2023-04-11T14:49:03+00:00,,2026-08-31T22:00:00+00:00,33,2026-08-31T22:00:00+00:00
1196,02110000001196,1,25,USD,active,19266.55,19266.55,2010-04-10T06:01:48+00:00,,2026-09-22T17:30:26+00:00,23,2026-09-22T17:30:26+00:00
1197,02100000001197,1,12,USD,active,3625.75,3625.75,2009-10-21T14:09:16+00:00,,2026-09-20T09:00:00+00:00,8,2026-09-20T09:00:00+00:00
1198,02110000001198,1,24,USD,active,20588.60,20588.60,2009-11-19T06:45:50+00:00,,2026-09-09T09:00:00+00:00,28,2026-09-09T09:00:00+00:00
1199,02110000001199,3,24,USD,active,5962.91,5962.91,2014-04-24T17:15:14+00:00,,2026-08-31T22:00:00+00:00,5,2026-08-31T22:00:00+00:00
1200,02110000001200,1,20,USD,active,1864.00,1864.00,2021-01-18T12:26:22+00:00,,2026-09-21T09:00:00+00:00,16,2026-09-21T09:00:00+00:00
1201,02110000001201,4,20,USD,active,4383.06,4383.06,2023-11-12T06:05:07+00:00,,2026-08-31T22:00:00+00:00,24,2026-08-31T22:00:00+00:00
1202,02110000001202,9,20,USD,closed,0,7500.00,2024-04-19T16:49:28+00:00,2025-01-06T13:01:29+00:00,,0,2025-01-06T13:01:29+00:00
1203,02100000001203,1,7,USD,active,6711.95,6711.95,2011-09-08T23:48:00+00:00,,2026-09-21T12:43:52+00:00,17,2026-09-21T12:43:52+00:00
1204,02100000001204,4,7,USD,active,7711.54,7711.54,2011-10-16T00:31:13+00:00,,2026-08-31T22:00:00+00:00,19,2026-08-31T22:00:00+00:00
1205,02110000001205,1,24,USD,active,15753.82,15753.82,2017-09-21T15:35:38+00:00,,2026-09-19T23:21:32+00:00,32,2026-09-19T23:21:32+00:00
1206,02100000001206,1,4,USD,active,16468.62,16468.62,2018-11-28T05:48:04+00:00,,2026-09-19T17:24:54+00:00,8,2026-09-19T17:24:54+00:00
1207,02100000001207,2,9,USD,active,11445.58,11945.58,2013-11-13T19:52:36+00:00,,2026-09-21T09:00:00+00:00,11,2026-09-21T09:00:00+00:00
1208,02100000001208,3,9,USD,active,1116.89,1116.89,2017-03-26T03:09:30+00:00,,2026-08-31T22:00:00+00:00,11,2026-08-31T22:00:00+00:00
1209,02100000001209,8,9,USD,active,0.00,1000.00,2014-07-19T22:15:46+00:00,,2026-08-25T18:00:00+00:00,23,2026-08-25T18:00:00+00:00
1210,02110000001210,2,23,USD,active,3661.00,4161.00,2011-09-06T22:53:28+00:00,,2026-09-19T22:04:06+00:00,28,2026-09-19T22:04:06+00:00
1211,02110000001211,3,23,USD,active,4588.15,4588.15,2012-03-19T20:48:41+00:00,,2026-08-31T22:00:00+00:00,9,2026-08-31T22:00:00+00:00
1212,02100000001212,1,6,USD,active,16659.89,16659.89,2018-08-01T18:59:18+00:00,,2026-09-22T14:12:14+00:00,24,2026-09-22T14:12:14+00:00
1213,02100000001213,4,6,USD,active,4978.50,4978.50,2021-09-29T15:20:46+00:00,,2026-08-31T22:00:00+00:00,39,2026-08-31T22:00:00+00:00
1214,02100000001214,5,6,USD,active,44714.26,44714.26,2020-02-09T16:39:04+00:00,,2026-08-31T22:00:00+00:00,22,2026-08-31T22:00:00+00:00
1215,02100000001215,1,6,USD,active,8275.29,8275.29,2021-03-09T18:23:23+00:00,,2026-09-18T09:00:00+00:00,17,2026-09-18T09:00:00+00:00
1216,02100000001216,4,6,USD,active,4137.88,4137.88,2023-04-03T02:44:25+00:00,,2026-08-31T22:00:00+00:00,13,2026-08-31T22:00:00+00:00
1217,02100000001217,8,6,USD,active,0,2500.00,2023-09-03T03:47:37+00:00,,,0,2023-09-03T03:47:37+00:00
1218,02110000001218,1,22,USD,active,28685.56,28685.56,2020-03-31T07:37:37+00:00,,2026-09-19T14:01:11+00:00,33,2026-09-19T14:01:11+00:00
1219,02110000001219,4,22,USD,active,7306.56,7306.56,2024-02-17T12:52:35+00:00,,2026-08-31T22:00:00+00:00,19,2026-08-31T22:00:00+00:00
1220,02100000001220,1,3,USD,active,44914.52,44914.52,2024-09-11T15:15:29+00:00,,2026-09-19T09:00:00+00:00,9,2026-09-19T09:00:00+00:00
1221,02100000001221,3,3,USD,active,1247.69,1247.69,2025-01-30T09:03:54+00:00,,2026-08-31T22:00:00+00:00,39,2026-08-31T22:00:00+00:00
1222,02100000001222,5,3,USD,active,4431.76,4431.76,2026-08-24T10:26:59+00:00,,2026-08-31T22:00:00+00:00,39,2026-08-31T22:00:00+00:00
1223,02100000001223,8,3,USD,active,875.46,124.54,2026-06-27T13:21:03+00:00,,2026-09-21T16:56:38+00:00,18,2026-09-21T16:56:38+00:00
1224,02100000001224,2,12,USD,active,16753.48,17253.48,2010-12-24T01:11:17+00:00,,2026-05-15T20:49:21+00:00,36,2026-05-15T20:49:21+00:00
1225,02110000001225,2,16,USD,active,10236.86,10736.86,2008-11-12T23:41:30+00:00,,2026-09-21T22:31:41+00:00,37,2026-09-21T22:31:41+00:00
1226,02110000001226,1,20,USD,active,15315.07,15315.07,2024-07-07T00:02:48+00:00,,2026-09-22T18:51:52+00:00,31,2026-09-22T18:51:52+00:00
1227,02110000001227,3,20,USD,dormant,0,0,2026-06-28T15:23:50+00:00,,,0,2026-06-28T15:23:50+00:00
1228,02100000001228,1,3,USD,active,1143.43,1143.43,2012-04-01T14:43:08+00:00,,2026-09-22T14:43:47+00:00,20,2026-09-22T14:43:47+00:00
1229,02100000001229,4,3,USD,active,2123.34,2123.34,2026-08-26T13:17:32+00:00,,2026-08-31T22:00:00+00:00,29,2026-08-31T22:00:00+00:00
1230,02110000001230,1,23,USD,active,5867.19,5867.19,2022-06-10T00:54:22+00:00,,2026-09-07T09:00:00+00:00,7,2026-09-07T09:00:00+00:00
1231,02100000001231,2,10,USD,frozen,9748.41,9748.41,2008-06-22T10:54:21+00:00,,2026-04-30T23:59:00+00:00,20,2026-04-30T23:59:00+00:00
1232,02110000001232,2,20,USD,closed,0,0,2010-04-26T15:22:28+00:00,2013-08-28T02:55:06+00:00,,0,2013-08-28T02:55:06+00:00
1233,02110000001233,9,20,USD,closed,0,2500.00,2024-02-02T09:11:52+00:00,2024-03-11T23:27:15+00:00,,0,2024-03-11T23:27:15+00:00
1234,02110000001234,1,14,USD,active,1284.64,1284.64,2016-04-01T19:55:23+00:00,,2026-09-19T16:32:51+00:00,16,2026-09-19T16:32:51+00:00
1235,02110000001235,3,14,USD,active,2822.08,2822.08,2021-07-23T23:48:35+00:00,,2026-08-31T22:00:00+00:00,33,2026-08-31T22:00:00+00:00
1236,02100000001236,1,8,USD,active,361.71,361.71,2024-07-30T09:00:44+00:00,,2026-09-11T23:14:39+00:00,2,2026-09-11T23:14:39+00:00
1237,02100000001237,4,8,USD,active,5200.13,5200.13,2026-07-21T10:27:01+00:00,,2026-08-31T22:00:00+00:00,34,2026-08-31T22:00:00+00:00
1238,02100000001238,1,7,USD,active,13524.73,13524.73,2015-12-13T18:33:06+00:00,,2026-09-20T14:11:08+00:00,6,2026-09-20T14:11:08+00:00
1239,02110000001239,2,19,USD,active,12594.50,13094.50,2019-01-08T02:01:40+00:00,,2026-09-12T09:00:00+00:00,32,2026-09-12T09:00:00+00:00
1240,02110000001240,8,19,USD,active,1126.40,1373.60,2023-12-23T05:58:28+00:00,,2026-09-16T20:54:02+00:00,31,2026-09-16T20:54:02+00:00
1241,02110000001241,1,21,USD,active,3991.88,3991.88,2022-08-04T20:44:42+00:00,,2026-09-18T19:45:18+00:00,15,2026-09-18T19:45:18+00:00
1242,02100000001242,2,3,USD,active,10606.11,11106.11,2015-01-24T11:16:10+00:00,,2026-09-22T09:00:00+00:00,16,2026-09-22T09:00:00+00:00
1243,02100000001243,3,3,USD,dormant,70.80,70.80,2021-11-13T19:05:34+00:00,,2026-08-31T22:00:00+00:00,30,2026-08-31T22:00:00+00:00
1244,02110000001244,1,24,USD,active,12865.84,12865.84,2020-12-01T15:04:48+00:00,,2026-09-20T21:20:01+00:00,35,2026-09-20T21:20:01+00:00
1245,02110000001245,3,24,USD,active,1446.56,1446.56,2022-01-10T20:55:16+00:00,,2026-08-31T22:00:00+00:00,22,2026-08-31T22:00:00+00:00
1246,02110000001246,8,24,USD,frozen,605.98,6894.02,2024-02-15T13:09:53+00:00,,2026-04-30T23:59:00+00:00,27,2026-04-30T23:59:00+00:00
1247,02100000001247,2,4,USD,active,6052.85,6552.85,2026-02-01T14:25:11+00:00,,2026-09-20T20:49:07+00:00,9,2026-09-20T20:49:07+00:00
1248,02100000001248,5,4,USD,active,38469.02,38469.02,2026-02-18T02:19:10+00:00,,2026-08-31T22:00:00+00:00,25,2026-08-31T22:00:00+00:00
1249,02100000001249,9,4,USD,active,5013.76,9986.24,2026-05-18T02:32:55+00:00,,2026-09-19T23:11:23+00:00,22,2026-09-19T23:11:23+00:00
1250,02100000001250,1,9,USD,active,1463.86,1463.86,2026-07-05T19:01:44+00:00,,2026-09-21T18:00:35+00:00,26,2026-09-21T18:00:35+00:00
1251,02100000001251,1,1,USD,active,582.52,582.52,2022-01-06T22:08:53+00:00,,2026-09-20T19:44:55+00:00,37,2026-09-20T19:44:55+00:00
1252,02100000001252,4,1,USD,active,5995.28,5995.28,2026-09-10T16:47:20+00:00,,2026-09-10T16:52:20+00:00,19,2026-09-10T16:52:20+00:00
1253,02100000001253,8,1,USD,active,6411.30,18588.70,2025-08-18T08:56:30+00:00,,2026-07-31T22:00:00+00:00,19,2026-07-31T22:00:00+00:00
1254,02110000001254,2,22,USD,active,4060.45,4560.45,2024-03-26T17:53:59+00:00,,2026-09-20T14:54:54+00:00,5,2026-09-20T14:54:54+00:00
1255,02110000001255,5,22,USD,active,15918.83,15918.83,2025-08-12T22:12:37+00:00,,2026-08-31T22:00:00+00:00,36,2026-08-31T22:00:00+00:00
1256,02110000001256,1,24,USD,active,63010.34,63010.34,2015-12-08T19:00:31+00:00,,2026-09-19T09:00:00+00:00,14,2026-09-19T09:00:00+00:00
1257,02110000001257,3,24,USD,active,7837.10,7837.10,2023-02-20T11:35:11+00:00,,2026-08-31T22:00:00+00:00,31,2026-08-31T22:00:00+00:00
1258,02110000001258,1,18,USD,active,26642.53,26642.53,2023-02-10T11:35:23+00:00,,2026-09-22T20:52:43+00:00,10,2026-09-22T20:52:43+00:00
1259,02110000001259,1,21,USD,active,28131.98,28131.98,2024-03-18T04:03:49+00:00,,2026-09-21T16:47:15+00:00,39,2026-09-21T16:47:15+00:00
1260,02110000001260,1,16,USD,active,15020.83,15020.83,2012-08-27T19:36:36+00:00,,2026-09-17T15:00:00+00:00,33,2026-09-17T15:00:00+00:00
1261,02110000001261,9,16,USD,active,4974.78,25.22,2019-11-18T13:19:18+00:00,,2026-09-19T16:06:54+00:00,26,2026-09-19T16:06:54+00:00
1262,02100000001262,2,5,USD,active,10616.36,11116.36,2025-07-27T21:05:24+00:00,,2026-09-18T12:43:06+00:00,5,2026-09-18T12:43:06+00:00
1263,02100000001263,4,5,USD,active,13659.87,13659.87,2025-12-02T12:27:01+00:00,,2026-08-31T22:00:00+00:00,12,2026-08-31T22:00:00+00:00
1264,02100000001264,9,5,USD,active,0,5000.00,2026-07-07T10:15:23+00:00,,,0,2026-07-07T10:15:23+00:00
1265,02110000001265,1,25,USD,active,4891.50,4891.50,2013-04-14T20:25:30+00:00,,2026-09-22T13:28:39+00:00,39,2026-09-22T13:28:39+00:00
1266,02110000001266,3,25,USD,active,2626.52,2626.52,2013-06-24T18:44:29+00:00,,2026-08-31T22:00:00+00:00,20,2026-08-31T22:00:00+00:00
1267,02110000001267,2,13,USD,active,25183.64,25683.64,2016-05-09T13:52:43+00:00,,2026-09-22T18:14:09+00:00,30,2026-09-22T18:14:09+00:00
1268,02100000001268,2,3,USD,active,49687.52,50187.52,2020-02-21T17:18:12+00:00,,2026-09-22T09:00:00+00:00,14,2026-09-22T09:00:00+00:00
1269,02100000001269,3,3,USD,active,4621.92,4621.92,2020-05-11T03:33:55+00:00,,2026-08-31T22:00:00+00:00,8,2026-08-31T22:00:00+00:00
1270,02100000001270,3,8,USD,active,1691.39,1691.39,2020-10-19T21:42:17+00:00,,2026-08-31T22:00:00+00:00,22,2026-08-31T22:00:00+00:00
1271,02100000001271,9,8,USD,active,5550.64,1949.36,2023-09-05T19:26:17+00:00,,2026-07-31T22:00:00+00:00,1,2026-07-31T22:00:00+00:00
1272,02100000001272,1,6,USD,active,4449.74,4449.74,2023-08-14T03:10:33+00:00,,2026-09-14T23:24:27+00:00,7,2026-09-14T23:24:27+00:00
1273,02100000001273,3,6,USD,active,4634.80,4634.80,2026-03-10T09:02:57+00:00,,2026-08-31T22:00:00+00:00,25,2026-08-31T22:00:00+00:00
1274,02100000001274,8,6,USD,active,2093.41,2906.59,2023-10-14T00:36:29+00:00,,2026-09-19T23:11:19+00:00,21,2026-09-19T23:11:19+00:00
1275,02100000001275,1,4,USD,active,10394.70,10394.70,2016-05-06T18:40:01+00:00,,2026-09-15T17:00:47+00:00,36,2026-09-15T17:00:47+00:00
1276,02100000001276,3,4,USD,active,3781.39,3781.39,2023-05-27T16:04:39+00:00,,2026-08-31T22:00:00+00:00,25,2026-08-31T22:00:00+00:00
1277,02110000001277,2,24,USD,active,24143.40,24643.40,2017-07-15T02:44:08+00:00,,2026-09-12T01:10:52+00:00,16,2026-09-12T01:10:52+00:00
1278,02110000001278,4,24,USD,active,9877.63,9877.63,2023-12-10T06:29:51+00:00,,2026-08-31T22:00:00+00:00,31,2026-08-31T22:00:00+00:00
1279,02110000001279,8,24,USD,active,3965.82,6034.18,2022-03-13T01:09:33+00:00,,2026-09-22T15:23:21+00:00,37,2026-09-22T15:23:21+00:00
1280,02110000001280,15,24,EUR,frozen,13215.00,13215.00,2021-08-27T02:19:28+00:00,,2026-04-30T23:59:00+00:00,33,2026-04-30T23:59:00+00:00
1281,02110000001281,2,21,USD,active,12967.38,13467.38,2023-01-07T05:10:02+00:00,,2026-09-21T22:19:51+00:00,4,2026-09-21T22:19:51+00:00
1282,02110000001282,3,21,USD,active,5986.31,5986.31,2026-06-13T05:22:50+00:00,,2026-08-31T22:00:00+00:00,28,2026-08-31T22:00:00+00:00
1283,02110000001283,1,22,USD,frozen,1034.16,1034.16,2010-10-18T22:00:39+00:00,,2026-04-30T23:59:00+00:00,18,2026-04-30T23:59:00+00:00
1284,02110000001284,3,22,USD,active,1042.44,1042.44,2025-09-24T04:49:56+00:00,,2026-08-31T22:00:00+00:00,2,2026-08-31T22:00:00+00:00
1285,02110000001285,8,22,USD,active,5035.45,-2535.45,2013-05-06T19:43:13+00:00,,2026-04-30T23:59:00+00:00,22,2026-04-30T23:59:00+00:00
1286,02100000001286,1,4,USD,active,2346.54,2346.54,2010-09-13T10:15:31+00:00,,2026-09-21T22:20:02+00:00,16,2026-09-21T22:20:02+00:00
1287,02110000001287,1,19,USD,active,3445.24,3445.24,2021-04-01T15:25:13+00:00,,2026-09-20T17:46:15+00:00,22,2026-09-20T17:46:15+00:00
1288,02110000001288,3,19,USD,active,8986.02,8986.02,2025-07-09T13:54:58+00:00,,2026-08-31T22:00:00+00:00,22,2026-08-31T22:00:00+00:00
1289,02100000001289,1,10,USD,active,7076.42,7076.42,2019-11-22T01:16:48+00:00,,2026-09-10T09:00:00+00:00,23,2026-09-10T09:00:00+00:00
1290,02110000001290,1,23,USD,active,9247.62,9247.62,2016-01-30T02:55:34+00:00,,2026-09-21T09:00:00+00:00,36,2026-09-21T09:00:00+00:00
1291,02100000001291,1,10,USD,active,9803.36,9803.36,2024-07-12T13:08:45+00:00,,2026-09-22T15:05:03+00:00,33,2026-09-22T15:05:03+00:00
1292,02110000001292,1,19,USD,active,6209.75,6209.75,2022-02-02T14:43:25+00:00,,2026-09-13T23:48:50+00:00,32,2026-09-13T23:48:50+00:00
1293,02110000001293,4,19,USD,dormant,75.01,75.01,2024-06-28T08:44:35+00:00,,2026-08-31T22:00:00+00:00,29,2026-08-31T22:00:00+00:00
1294,02110000001294,1,20,USD,active,17301.80,17301.80,2018-04-18T04:46:11+00:00,,2026-09-21T15:52:32+00:00,6,2026-09-21T15:52:32+00:00
1295,02100000001295,1,1,USD,active,10266.29,10266.29,2018-07-21T11:56:18+00:00,,2026-09-18T22:09:35+00:00,9,2026-09-18T22:09:35+00:00
1296,02110000001296,1,20,USD,active,1206.00,1206.00,2023-11-04T20:44:53+00:00,,2026-09-21T16:03:39+00:00,21,2026-09-21T16:03:39+00:00
1297,02110000001297,3,20,USD,active,943.22,943.22,2025-09-21T01:03:25+00:00,,2026-08-31T22:00:00+00:00,31,2026-08-31T22:00:00+00:00
1298,02100000001298,2,4,USD,active,13009.07,13509.07,2019-02-28T08:58:27+00:00,,2026-09-20T19:47:08+00:00,7,2026-09-20T19:47:08+00:00
1299,02100000001299,4,4,USD,active,16005.78,16005.78,2022-03-04T22:06:39+00:00,,2026-08-31T22:00:00+00:00,7,2026-08-31T22:00:00+00:00
1300,02100000001300,8,4,USD,frozen,673.23,14326.77,2023-05-16T09:39:58+00:00,,2026-04-30T23:59:00+00:00,34,2026-04-30T23:59:00+00:00
1301,02100000001301,1,9,USD,active,30890.95,30890.95,2016-04-29T14:52:05+00:00,,2026-09-20T21:12:34+00:00,20,2026-09-20T21:12:34+00:00
1302,02100000001302,4,9,USD,active,60533.31,60533.31,2019-02-24T18:17:20+00:00,,2026-08-31T22:00:00+00:00,23,2026-08-31T22:00:00+00:00
1303,02110000001303,1,16,USD,active,997.01,997.01,2010-05-05T05:51:36+00:00,,2026-09-12T09:00:00+00:00,24,2026-09-12T09:00:00+00:00
1304,02110000001304,1,16,USD,active,4454.32,4454.32,2023-05-02T16:35:07+00:00,,2026-09-10T09:00:00+00:00,2,2026-09-10T09:00:00+00:00
1305,02110000001305,3,16,USD,active,5923.90,5923.90,2023-12-16T05:07:24+00:00,,2026-08-31T22:00:00+00:00,6,2026-08-31T22:00:00+00:00
1306,02110000001306,5,16,USD,active,13325.56,13325.56,2023-12-31T01:15:34+00:00,,2026-08-31T22:00:00+00:00,29,2026-08-31T22:00:00+00:00
1307,02110000001307,8,16,USD,active,2998.48,7001.52,2025-08-07T20:23:56+00:00,,2026-09-21T22:40:28+00:00,7,2026-09-21T22:40:28+00:00
1308,02100000001308,1,5,USD,closed,0,0,2021-04-16T14:37:54+00:00,2023-06-19T22:52:32+00:00,,0,2023-06-19T22:52:32+00:00
1309,02100000001309,4,5,USD,active,769.02,769.02,2026-08-07T03:50:12+00:00,,2026-08-31T22:00:00+00:00,19,2026-08-31T22:00:00+00:00
1310,02110000001310,1,15,USD,active,6819.73,6819.73,2026-01-24T21:14:52+00:00,,2026-09-21T10:09:05+00:00,20,2026-09-21T10:09:05+00:00
1311,02110000001311,4,15,USD,active,2840.77,2840.77,2026-07-03T15:02:04+00:00,,2026-08-31T22:00:00+00:00,15,2026-08-31T22:00:00+00:00
1312,02110000001312,5,15,USD,active,18430.85,18430.85,2026-03-13T19:00:34+00:00,,2026-08-31T22:00:00+00:00,35,2026-08-31T22:00:00+00:00
1313,02110000001313,9,15,USD,active,2495.74,7504.26,2026-04-04T14:51:11+00:00,,2026-09-20T12:09:48+00:00,28,2026-09-20T12:09:48+00:00
1314,02110000001314,1,20,USD,active,3865.85,3865.85,2016-07-27T06:45:50+00:00,,2026-09-22T13:06:42+00:00,36,2026-09-22T13:06:42+00:00
1315,02110000001315,3,20,USD,active,853.49,853.49,2018-03-13T18:10:28+00:00,,2026-08-31T22:00:00+00:00,7,2026-08-31T22:00:00+00:00
1316,02110000001316,9,20,USD,active,422.14,577.86,2026-03-13T19:57:18+00:00,,2026-08-25T18:00:00+00:00,7,2026-08-25T18:00:00+00:00
1317,02110000001317,1,20,USD,active,22862.96,22862.96,2023-01-10T15:06:45+00:00,,2026-09-18T12:22:16+00:00,25,2026-09-18T12:22:16+00:00
1318,02110000001318,3,20,USD,active,7478.62,7478.62,2025-08-31T04:09:04+00:00,,2026-08-31T22:00:00+00:00,36,2026-08-31T22:00:00+00:00
1319,02110000001319,5,20,USD,active,9268.47,9268.47,2025-12-25T05:28:38+00:00,,2026-08-31T22:00:00+00:00,4,2026-08-31T22:00:00+00:00
1320,02110000001320,1,18,USD,closed,0,0,2025-10-12T16:56:25+00:00,2026-01-28T01:00:25+00:00,,0,2026-01-28T01:00:25+00:00
1321,02110000001321,3,18,USD,active,2066.01,2066.01,2026-05-27T07:20:22+00:00,,2026-08-31T22:00:00+00:00,28,2026-08-31T22:00:00+00:00
1322,02110000001322,9,18,USD,active,4812.73,-2312.73,2026-01-07T14:14:01+00:00,,2026-06-30T22:00:00+00:00,16,2026-06-30T22:00:00+00:00
1323,02110000001323,2,23,USD,active,14448.20,14948.20,2020-04-22T04:44:36+00:00,,2026-09-20T15:52:14+00:00,6,2026-09-20T15:52:14+00:00
1324,02110000001324,15,23,EUR,active,1526.94,1526.94,2025-07-24T20:25:04+00:00,,2026-04-30T23:59:00+00:00,32,2026-04-30T23:59:00+00:00
1325,02110000001325,2,19,USD,active,6492.20,6992.20,2015-07-09T03:01:03+00:00,,2026-09-16T22:20:30+00:00,36,2026-09-16T22:20:30+00:00
1326,02110000001326,5,19,USD,active,20861.00,20861.00,2022-01-20T06:38:29+00:00,,2026-08-31T22:00:00+00:00,13,2026-08-31T22:00:00+00:00
1327,02110000001327,2,22,USD,active,6314.21,6814.21,2013-11-22T07:33:32+00:00,,2026-09-20T22:06:43+00:00,36,2026-09-20T22:06:43+00:00
1328,02110000001328,1,25,USD,active,858.27,858.27,2010-12-15T12:22:20+00:00,,2026-09-09T20:39:31+00:00,21,2026-09-09T20:39:31+00:00
1329,02110000001329,5,25,USD,active,6689.36,6689.36,2022-06-12T13:36:48+00:00,,2026-08-31T22:00:00+00:00,29,2026-08-31T22:00:00+00:00
1330,02110000001330,9,25,USD,active,4991.04,8.96,2019-09-23T10:11:13+00:00,,2026-09-22T14:45:22+00:00,2,2026-09-22T14:45:22+00:00
1331,02100000001331,1,3,USD,active,11993.83,11993.83,2024-06-26T19:13:58+00:00,,2026-09-20T09:00:00+00:00,14,2026-09-20T09:00:00+00:00
1332,02100000001332,9,3,USD,active,747.41,9252.59,2025-03-10T17:41:08+00:00,,2026-09-19T22:23:21+00:00,34,2026-09-19T22:23:21+00:00
1333,02100000001333,1,8,USD,active,8545.00,8545.00,2021-04-16T16:15:23+00:00,,2026-09-22T06:17:20+00:00,20,2026-09-22T06:17:20+00:00
1334,02100000001334,8,8,USD,closed,0,7500.00,2022-01-24T05:10:30+00:00,2023-01-17T04:02:48+00:00,,0,2023-01-17T04:02:48+00:00
1335,02110000001335,1,24,USD,active,5085.80,5085.80,2010-12-05T01:00:06+00:00,,2026-09-22T13:10:09+00:00,31,2026-09-22T13:10:09+00:00
1336,02110000001336,3,24,USD,active,7899.66,7899.66,2022-07-04T15:10:30+00:00,,2026-08-31T22:00:00+00:00,35,2026-08-31T22:00:00+00:00
1337,02110000001337,1,16,USD,active,17837.44,17837.44,2013-03-27T15:46:35+00:00,,2026-09-19T22:39:40+00:00,34,2026-09-19T22:39:40+00:00
1338,02110000001338,4,16,USD,active,23972.87,23972.87,2013-08-19T01:18:27+00:00,,2026-08-31T22:00:00+00:00,22,2026-08-31T22:00:00+00:00
1339,02110000001339,8,16,USD,active,483.14,9516.86,2017-04-21T00:37:28+00:00,,2026-09-18T23:03:54+00:00,18,2026-09-18T23:03:54+00:00
1340,02110000001340,1,23,USD,active,23621.29,23621.29,2019-12-08T07:01:58+00:00,,2026-09-22T17:32:25+00:00,9,2026-09-22T17:32:25+00:00
1341,02110000001341,3,23,USD,active,1283.19,1283.19,2020-10-30T02:49:49+00:00,,2026-08-31T22:00:00+00:00,40,2026-08-31T22:00:00+00:00
1342,02110000001342,2,14,USD,active,6856.51,7356.51,2025-05-19T03:29:39+00:00,,2026-09-20T19:24:06+00:00,22,2026-09-20T19:24:06+00:00
1343,02110000001343,4,14,USD,active,2573.56,2573.56,2025-10-02T11:58:29+00:00,,2026-08-31T22:00:00+00:00,16,2026-08-31T22:00:00+00:00
1344,02100000001344,1,12,USD,active,11300.78,11300.78,2022-01-31T23:08:41+00:00,,2026-09-13T20:39:33+00:00,37,2026-09-13T20:39:33+00:00
1345,02100000001345,2,9,USD,frozen,13896.59,13896.59,2015-03-04T00:35:18+00:00,,2026-04-30T23:59:00+00:00,2,2026-04-30T23:59:00+00:00
1346,02100000001346,4,9,USD,active,8746.77,8746.77,2023-03-18T13:28:41+00:00,,2026-08-31T22:00:00+00:00,10,2026-08-31T22:00:00+00:00
1347,02100000001347,5,9,USD,active,28330.81,28330.81,2023-04-03T18:44:14+00:00,,2026-08-31T22:00:00+00:00,5,2026-08-31T22:00:00+00:00
1348,02110000001348,1,13,USD,active,6858.10,6858.10,2008-01-19T19:32:44+00:00,,2026-09-10T12:18:13+00:00,21,2026-09-10T12:18:13+00:00
1349,02110000001349,2,19,USD,closed,0,0,2011-05-28T06:37:19+00:00,2012-12-23T04:07:37+00:00,,0,2012-12-23T04:07:37+00:00
1350,02110000001350,8,19,USD,active,0,2500.00,2023-08-29T04:05:40+00:00,,,0,2023-08-29T04:05:40+00:00
1351,02100000001351,1,2,USD,active,11315.45,11315.45,2021-08-31T00:55:51+00:00,,2026-09-22T18:37:41+00:00,18,2026-09-22T18:37:41+00:00
1352,02100000001352,1,5,USD,active,36221.87,36221.87,2015-04-11T18:44:09+00:00,,2026-09-21T13:22:48+00:00,27,2026-09-21T13:22:48+00:00
1353,02110000001353,1,20,USD,active,4445.21,4445.21,2009-08-16T21:51:25+00:00,,2026-09-22T16:36:57+00:00,27,2026-09-22T16:36:57+00:00
1354,02110000001354,4,20,USD,active,3018.37,3018.37,2023-05-21T16:18:16+00:00,,2026-08-31T22:00:00+00:00,40,2026-08-31T22:00:00+00:00
1355,02110000001355,1,15,USD,active,10234.61,10234.61,2017-08-25T20:57:32+00:00,,2026-09-14T09:00:00+00:00,28,2026-09-14T09:00:00+00:00
1356,02110000001356,3,15,USD,active,7497.40,7497.40,2024-01-05T09:32:26+00:00,,2026-08-31T22:00:00+00:00,35,2026-08-31T22:00:00+00:00
1357,02110000001357,9,15,USD,active,1861.22,3138.78,2026-04-03T04:55:54+00:00,,2026-09-21T20:57:54+00:00,17,2026-09-21T20:57:54+00:00
1358,02110000001358,1,25,USD,active,61981.33,61981.33,2009-11-01T01:24:08+00:00,,2026-09-21T17:12:48+00:00,40,2026-09-21T17:12:48+00:00
1359,02110000001359,4,25,USD,active,19777.41,19777.41,2018-02-20T15:04:11+00:00,,2026-08-31T22:00:00+00:00,38,2026-08-31T22:00:00+00:00
1360,02100000001360,1,7,USD,active,2781.90,2781.90,2022-04-28T20:57:32+00:00,,2026-09-14T20:00:00+00:00,17,2026-09-14T20:00:00+00:00
1361,02100000001361,3,7,USD,active,2667.97,2667.97,2026-05-30T10:12:44+00:00,,2026-08-31T22:00:00+00:00,5,2026-08-31T22:00:00+00:00
1362,02100000001362,5,7,USD,active,34240.40,34240.40,2024-05-30T03:33:16+00:00,,2026-08-31T22:00:00+00:00,37,2026-08-31T22:00:00+00:00
1363,02100000001363,8,7,USD,active,3137.03,11862.97,2022-08-28T23:28:17+00:00,,2026-09-22T15:48:10+00:00,17,2026-09-22T15:48:10+00:00
1364,02100000001364,1,11,USD,closed,0,0,2008-10-27T23:23:04+00:00,2020-05-02T20:09:45+00:00,,0,2020-05-02T20:09:45+00:00
1365,02100000001365,4,11,USD,active,2691.53,2691.53,2022-08-29T04:43:05+00:00,,2026-08-31T22:00:00+00:00,15,2026-08-31T22:00:00+00:00
1366,02110000001366,1,19,USD,active,4358.35,4358.35,2018-03-20T14:57:00+00:00,,2026-09-14T18:37:45+00:00,15,2026-09-14T18:37:45+00:00
1367,02110000001367,3,19,USD,active,1025.13,1025.13,2020-06-19T23:32:50+00:00,,2026-08-31T22:00:00+00:00,10,2026-08-31T22:00:00+00:00
1368,02110000001368,8,19,USD,active,2234.66,265.34,2018-09-12T18:07:58+00:00,,2026-09-22T17:27:40+00:00,36,2026-09-22T17:27:40+00:00
1369,02110000001369,1,25,USD,active,1026.61,1026.61,2020-12-29T10:51:18+00:00,,2026-09-22T20:44:11+00:00,20,2026-09-22T20:44:11+00:00
1370,02110000001370,4,25,USD,active,20159.72,20159.72,2025-02-19T02:46:13+00:00,,2026-08-31T22:00:00+00:00,30,2026-08-31T22:00:00+00:00
1371,02100000001371,1,12,USD,active,34304.44,34304.44,2020-11-21T05:08:18+00:00,,2026-09-18T18:48:59+00:00,5,2026-09-18T18:48:59+00:00
1372,02100000001372,4,12,USD,active,12410.23,12410.23,2024-08-07T06:06:06+00:00,,2026-08-31T22:00:00+00:00,21,2026-08-31T22:00:00+00:00
1373,02110000001373,1,15,USD,active,10292.25,10292.25,2025-04-30T06:59:41+00:00,,2026-09-18T09:00:00+00:00,27,2026-09-18T09:00:00+00:00
1374,02110000001374,3,15,USD,active,1966.38,1966.38,2026-06-29T07:58:33+00:00,,2026-08-31T22:00:00+00:00,29,2026-08-31T22:00:00+00:00
1375,02110000001375,9,15,USD,active,1620.87,8379.13,2026-08-08T14:50:25+00:00,,2026-09-22T18:27:48+00:00,24,2026-09-22T18:27:48+00:00
1376,02100000001376,2,6,USD,active,37785.07,38285.07,2024-01-14T07:55:44+00:00,,2026-09-20T17:49:40+00:00,34,2026-09-20T17:49:40+00:00
1377,02100000001377,4,6,USD,active,1844.22,1844.22,2026-06-06T21:02:54+00:00,,2026-08-31T22:00:00+00:00,7,2026-08-31T22:00:00+00:00
1378,02100000001378,1,12,USD,active,14262.62,14262.62,2009-01-13T06:54:31+00:00,,2026-09-18T15:03:14+00:00,39,2026-09-18T15:03:14+00:00
1379,02100000001379,3,12,USD,active,3942.76,3942.76,2012-12-02T01:30:49+00:00,,2026-08-31T22:00:00+00:00,7,2026-08-31T22:00:00+00:00
1380,02100000001380,2,2,USD,active,14539.50,15039.50,2022-11-27T07:28:08+00:00,,2026-09-20T13:52:31+00:00,26,2026-09-20T13:52:31+00:00
1381,02110000001381,1,21,USD,active,6295.50,6295.50,2014-05-16T10:59:01+00:00,,2026-09-22T15:04:38+00:00,34,2026-09-22T15:04:38+00:00
1382,02110000001382,4,21,USD,active,67235.73,67235.73,2017-11-15T04:29:44+00:00,,2026-08-31T22:00:00+00:00,10,2026-08-31T22:00:00+00:00
1383,02110000001383,1,22,USD,active,17134.00,17134.00,2025-01-16T22:19:10+00:00,,2026-09-21T11:58:52+00:00,21,2026-09-21T11:58:52+00:00
1384,02110000001384,3,22,USD,closed,0,0,2025-02-12T01:19:44+00:00,2026-02-24T05:41:40+00:00,,0,2026-02-24T05:41:40+00:00
1385,02110000001385,5,22,USD,active,15124.84,15124.84,2025-03-18T23:19:25+00:00,,2026-08-31T22:00:00+00:00,14,2026-08-31T22:00:00+00:00
1386,02100000001386,1,10,USD,active,10481.35,10481.35,2010-09-25T16:52:19+00:00,,2026-09-20T19:54:50+00:00,26,2026-09-20T19:54:50+00:00
1387,02100000001387,3,10,USD,active,1828.91,1828.91,2014-05-11T22:18:15+00:00,,2026-08-31T22:00:00+00:00,16,2026-08-31T22:00:00+00:00
1388,02100000001388,1,8,USD,active,5969.11,5969.11,2020-05-10T15:06:46+00:00,,2026-09-22T12:11:50+00:00,34,2026-09-22T12:11:50+00:00
1389,02100000001389,5,8,USD,active,7545.90,7545.90,2020-12-08T09:58:41+00:00,,2026-08-31T22:00:00+00:00,16,2026-08-31T22:00:00+00:00
1390,02110000001390,1,15,USD,active,16967.04,16967.04,2026-03-02T12:47:49+00:00,,2026-09-21T23:18:09+00:00,14,2026-09-21T23:18:09+00:00
1391,02100000001391,2,8,USD,active,23123.18,23623.18,2025-07-21T02:50:39+00:00,,2026-09-21T10:54:57+00:00,32,2026-09-21T10:54:57+00:00
1392,02100000001392,4,8,USD,dormant,0,0,2026-05-08T20:14:54+00:00,,,0,2026-05-08T20:14:54+00:00
1393,02100000001393,9,8,USD,active,241.01,7258.99,2026-05-04T06:41:49+00:00,,2026-09-16T16:31:34+00:00,5,2026-09-16T16:31:34+00:00
1394,02100000001394,2,1,USD,active,3646.80,4146.80,2011-04-13T20:28:40+00:00,,2026-09-22T13:19:11+00:00,34,2026-09-22T13:19:11+00:00
1395,02110000001395,1,20,USD,active,2675.03,2675.03,2013-12-27T08:43:12+00:00,,2026-09-22T17:48:28+00:00,20,2026-09-22T17:48:28+00:00
1396,02100000001396,1,9,USD,active,26275.68,26275.68,2008-12-22T08:48:23+00:00,,2026-09-19T14:49:37+00:00,1,2026-09-19T14:49:37+00:00
1397,02100000001397,3,9,USD,dormant,374.12,374.12,2011-01-26T08:37:50+00:00,,2026-08-31T22:00:00+00:00,36,2026-08-31T22:00:00+00:00
1398,02100000001398,2,8,USD,active,14773.90,15273.90,2012-01-29T11:20:29+00:00,,2026-09-10T13:02:01+00:00,2,2026-09-10T13:02:01+00:00
1399,02100000001399,3,8,USD,active,5406.66,5406.66,2013-02-10T22:26:10+00:00,,2026-08-31T22:00:00+00:00,16,2026-08-31T22:00:00+00:00
1400,02100000001400,9,8,USD,active,7216.86,283.14,2026-05-09T01:23:08+00:00,,2026-09-19T20:47:40+00:00,36,2026-09-19T20:47:40+00:00
1401,02110000001401,1,19,USD,active,2257.92,2257.92,2016-04-11T17:06:52+00:00,,2026-09-14T11:03:31+00:00,18,2026-09-14T11:03:31+00:00
1402,02110000001402,3,19,USD,active,5996.05,5996.05,2026-03-04T15:22:42+00:00,,2026-08-31T22:00:00+00:00,11,2026-08-31T22:00:00+00:00
1403,02110000001403,8,19,USD,active,10744.61,14255.39,2026-07-26T00:35:46+00:00,,2026-09-21T18:21:27+00:00,17,2026-09-21T18:21:27+00:00
1404,02110000001404,1,22,USD,active,9774.67,9774.67,2011-08-06T08:23:52+00:00,,2026-09-17T09:00:00+00:00,7,2026-09-17T09:00:00+00:00
1405,02110000001405,3,22,USD,closed,0,0,2015-06-27T17:20:29+00:00,2017-10-06T16:55:31+00:00,,0,2017-10-06T16:55:31+00:00
1406,02110000001406,5,22,USD,active,37288.08,37288.08,2016-07-09T01:27:14+00:00,,2026-08-31T22:00:00+00:00,25,2026-08-31T22:00:00+00:00
1407,02110000001407,8,22,USD,active,1202.62,8797.38,2017-08-07T21:35:03+00:00,,2026-09-22T19:46:10+00:00,20,2026-09-22T19:46:10+00:00
1408,02110000001408,1,23,USD,active,9950.80,9950.80,2010-06-13T00:36:07+00:00,,2026-09-21T09:00:00+00:00,37,2026-09-21T09:00:00+00:00
1409,02110000001409,3,23,USD,active,2485.55,2485.55,2013-06-14T01:00:29+00:00,,2026-08-31T22:00:00+00:00,3,2026-08-31T22:00:00+00:00
1410,02100000001410,1,1,USD,active,3254.23,3254.23,2020-03-14T14:11:42+00:00,,2026-09-22T12:52:59+00:00,18,2026-09-22T12:52:59+00:00
1411,02110000001411,2,13,USD,active,22286.73,22786.73,2022-04-04T18:00:52+00:00,,2026-09-20T20:34:20+00:00,23,2026-09-20T20:34:20+00:00
1412,02110000001412,3,13,USD,active,8185.58,8185.58,2022-08-07T20:14:40+00:00,,2026-08-31T22:00:00+00:00,32,2026-08-31T22:00:00+00:00
1413,02110000001413,1,21,USD,active,10338.94,10338.94,2014-05-17T16:08:52+00:00,,2026-09-20T12:05:53+00:00,17,2026-09-20T12:05:53+00:00
1414,02110000001414,3,21,USD,active,4077.09,4077.09,2017-02-01T10:16:12+00:00,,2026-08-31T22:00:00+00:00,22,2026-08-31T22:00:00+00:00
1415,02110000001415,9,21,USD,closed,0,2500.00,2025-07-28T03:41:51+00:00,2025-11-07T23:32:26+00:00,,0,2025-11-07T23:32:26+00:00
1416,02110000001416,1,16,USD,active,11447.24,11447.24,2008-01-10T15:23:58+00:00,,2026-09-09T09:00:00+00:00,25,2026-09-09T09:00:00+00:00
1417,02110000001417,8,16,USD,active,3045.35,21954.65,2013-03-03T18:03:22+00:00,,2026-09-18T21:33:22+00:00,27,2026-09-18T21:33:22+00:00
1418,02110000001418,1,21,USD,active,8125.80,8125.80,2008-11-04T10:51:39+00:00,,2026-09-22T09:00:00+00:00,35,2026-09-22T09:00:00+00:00
1419,02110000001419,1,19,USD,active,2485.25,2485.25,2019-12-14T08:06:17+00:00,,2026-09-21T02:47:35+00:00,22,2026-09-21T02:47:35+00:00
1420,02100000001420,1,11,USD,active,22755.86,22755.86,2022-06-12T04:54:06+00:00,,2026-09-13T15:24:15+00:00,37,2026-09-13T15:24:15+00:00
1421,02100000001421,4,11,USD,active,3858.02,3858.02,2022-06-19T06:25:53+00:00,,2026-08-31T22:00:00+00:00,40,2026-08-31T22:00:00+00:00
1422,02110000001422,2,13,USD,active,47853.45,48353.45,2011-11-29T21:36:12+00:00,,2026-09-20T17:52:50+00:00,21,2026-09-20T17:52:50+00:00
1423,02110000001423,4,13,USD,active,1563.15,1563.15,2026-05-23T11:24:57+00:00,,2026-08-31T22:00:00+00:00,30,2026-08-31T22:00:00+00:00
1424,02110000001424,1,19,USD,active,44751.86,44751.86,2020-05-26T03:30:27+00:00,,2026-09-21T14:49:03+00:00,2,2026-09-21T14:49:03+00:00
1425,02110000001425,4,19,USD,active,3550.63,3550.63,2022-11-26T10:17:58+00:00,,2026-08-31T22:00:00+00:00,20,2026-08-31T22:00:00+00:00
1426,02110000001426,1,16,USD,active,25938.49,25938.49,2012-03-31T22:41:18+00:00,,2026-09-21T20:24:41+00:00,4,2026-09-21T20:24:41+00:00
1427,02110000001427,3,16,USD,active,1357.59,1357.59,2024-03-07T01:47:24+00:00,,2026-08-31T22:00:00+00:00,10,2026-08-31T22:00:00+00:00
1428,02110000001428,8,16,USD,active,2758.35,22241.65,2025-03-15T02:43:20+00:00,,2026-09-20T23:15:07+00:00,22,2026-09-20T23:15:07+00:00
1429,02110000001429,2,25,USD,active,10760.96,11260.96,2014-10-29T07:20:34+00:00,,2026-09-21T22:14:50+00:00,39,2026-09-21T22:14:50+00:00
1430,02110000001430,1,16,USD,active,1479.56,1479.56,2018-12-14T15:03:22+00:00,,2026-09-18T22:29:23+00:00,5,2026-09-18T22:29:23+00:00
1431,02110000001431,3,16,USD,active,8640.18,8640.18,2020-04-25T11:23:20+00:00,,2026-08-31T22:00:00+00:00,21,2026-08-31T22:00:00+00:00
1432,02110000001432,1,24,USD,active,4371.43,4371.43,2025-06-09T05:18:29+00:00,,2026-09-20T18:40:46+00:00,36,2026-09-20T18:40:46+00:00
1433,02100000001433,2,6,USD,active,12934.75,13434.75,2022-10-15T17:08:50+00:00,,2026-08-27T18:37:49+00:00,37,2026-08-27T18:37:49+00:00
1434,02100000001434,9,6,USD,closed,0,2500.00,2024-01-24T15:34:44+00:00,2025-05-03T16:42:49+00:00,,0,2025-05-03T16:42:49+00:00
1435,02110000001435,2,24,USD,active,15072.83,15572.83,2025-06-08T13:41:11+00:00,,2026-09-22T14:41:54+00:00,9,2026-09-22T14:41:54+00:00
1436,02110000001436,4,24,USD,active,17884.35,17884.35,2025-12-08T08:56:25+00:00,,2026-08-31T22:00:00+00:00,36,2026-08-31T22:00:00+00:00
1437,02110000001437,1,20,USD,active,30320.53,30320.53,2010-09-06T20:00:32+00:00,,2026-09-19T15:55:09+00:00,17,2026-09-19T15:55:09+00:00
1438,02110000001438,4,20,USD,active,37547.31,37547.31,2018-09-25T19:09:52+00:00,,2026-08-31T22:00:00+00:00,36,2026-08-31T22:00:00+00:00
1439,02110000001439,2,13,USD,active,590.17,1090.17,2015-10-20T06:07:41+00:00,,2026-09-17T21:06:27+00:00,39,2026-09-17T21:06:27+00:00
1440,02110000001440,1,15,USD,active,8281.77,8281.77,2019-06-05T10:12:34+00:00,,2026-09-21T18:38:00+00:00,25,2026-09-21T18:38:00+00:00
1441,02100000001441,1,6,USD,active,19328.77,19328.77,2019-01-01T10:21:09+00:00,,2026-09-21T12:34:20+00:00,11,2026-09-21T12:34:20+00:00
1442,02110000001442,1,23,USD,active,7422.58,7422.58,2014-06-18T13:40:46+00:00,,2026-09-21T22:57:01+00:00,34,2026-09-21T22:57:01+00:00
1443,02110000001443,2,21,USD,active,31731.41,32231.41,2019-05-06T03:36:03+00:00,,2026-09-20T23:29:10+00:00,3,2026-09-20T23:29:10+00:00
1444,02110000001444,3,21,USD,active,4496.82,4496.82,2024-09-03T19:40:32+00:00,,2026-08-31T22:00:00+00:00,14,2026-08-31T22:00:00+00:00
1445,02110000001445,1,24,USD,closed,0,0,2022-01-25T21:46:15+00:00,2025-05-19T10:27:22+00:00,,0,2025-05-19T10:27:22+00:00
1446,02110000001446,3,24,USD,active,5991.03,5991.03,2025-10-09T04:26:16+00:00,,2026-08-31T22:00:00+00:00,4,2026-08-31T22:00:00+00:00
1447,02100000001447,1,1,USD,active,23000.27,23000.27,2009-11-06T08:50:10+00:00,,2026-09-22T13:07:32+00:00,39,2026-09-22T13:07:32+00:00
1448,02100000001448,1,12,USD,active,1528.48,1528.48,2019-09-07T02:41:53+00:00,,2026-09-22T19:44:49+00:00,10,2026-09-22T19:44:49+00:00
1449,02100000001449,4,12,USD,active,52329.16,52329.16,2022-10-16T12:02:26+00:00,,2026-08-31T22:00:00+00:00,12,2026-08-31T22:00:00+00:00
1450,02100000001450,2,5,USD,active,1523.57,2023.57,2018-07-02T16:52:02+00:00,,2026-09-18T16:42:37+00:00,8,2026-09-18T16:42:37+00:00
1451,02100000001451,3,5,USD,active,3179.00,3179.00,2023-06-29T17:56:30+00:00,,2026-08-31T22:00:00+00:00,30,2026-08-31T22:00:00+00:00
1452,02100000001452,1,1,USD,active,18283.57,18283.57,2019-08-22T14:09:43+00:00,,2026-09-19T09:00:00+00:00,6,2026-09-19T09:00:00+00:00
1453,02110000001453,2,19,USD,active,9912.75,10412.75,2009-07-27T00:38:35+00:00,,2026-09-19T19:34:54+00:00,25,2026-09-19T19:34:54+00:00
1454,02110000001454,2,22,USD,active,21071.77,21571.77,2011-05-24T15:58:19+00:00,,2026-09-15T09:00:00+00:00,29,2026-09-15T09:00:00+00:00
1455,02110000001455,3,22,USD,closed,0,0,2013-11-22T03:40:29+00:00,2023-09-08T00:04:28+00:00,,0,2023-09-08T00:04:28+00:00
1456,02110000001456,5,22,USD,active,16785.43,16785.43,2014-03-25T22:52:43+00:00,,2026-08-31T22:00:00+00:00,27,2026-08-31T22:00:00+00:00
1457,02110000001457,9,22,USD,active,716.50,9283.50,2013-06-30T21:22:49+00:00,,2026-09-21T13:57:07+00:00,19,2026-09-21T13:57:07+00:00
1458,02110000001458,2,20,USD,active,32871.78,33371.78,2021-03-04T19:34:24+00:00,,2026-09-22T20:20:54+00:00,34,2026-09-22T20:20:54+00:00
1459,02110000001459,3,20,USD,active,3280.47,3280.47,2026-08-21T13:52:45+00:00,,2026-08-31T22:00:00+00:00,28,2026-08-31T22:00:00+00:00
1460,02100000001460,1,12,USD,active,16777.79,16777.79,2010-11-16T11:19:55+00:00,,2026-09-22T19:44:08+00:00,40,2026-09-22T19:44:08+00:00
1461,02110000001461,1,25,USD,active,24529.71,24529.71,2015-07-27T03:11:57+00:00,,2026-09-17T09:00:00+00:00,30,2026-09-17T09:00:00+00:00
1462,02110000001462,3,25,USD,active,619.52,619.52,2021-11-25T13:08:46+00:00,,2026-08-31T22:00:00+00:00,9,2026-08-31T22:00:00+00:00
1463,02110000001463,9,25,USD,active,973.63,26.37,2021-04-13T17:28:07+00:00,,2026-09-12T15:56:37+00:00,13,2026-09-12T15:56:37+00:00
1464,02100000001464,2,6,USD,active,32820.03,33320.03,2012-08-13T13:34:47+00:00,,2026-09-20T16:35:55+00:00,21,2026-09-20T16:35:55+00:00
1465,02100000001465,3,6,USD,active,10652.46,10652.46,2021-07-04T14:09:57+00:00,,2026-08-31T22:00:00+00:00,23,2026-08-31T22:00:00+00:00
1466,02100000001466,1,5,USD,active,16396.73,16396.73,2013-01-07T16:14:00+00:00,,2026-09-22T16:41:00+00:00,21,2026-09-22T16:41:00+00:00
1467,02100000001467,3,5,USD,active,2289.54,2289.54,2019-11-23T05:31:28+00:00,,2026-08-31T22:00:00+00:00,12,2026-08-31T22:00:00+00:00
1468,02100000001468,8,5,USD,active,0.00,2500.00,2025-10-19T15:29:42+00:00,,2026-06-25T18:00:00+00:00,34,2026-06-25T18:00:00+00:00
1469,02100000001469,1,2,USD,active,2120.12,2120.12,2013-06-04T09:41:04+00:00,,2026-09-22T19:09:54+00:00,34,2026-09-22T19:09:54+00:00
1470,02100000001470,3,2,USD,active,4493.22,4493.22,2022-02-01T14:46:52+00:00,,2026-08-31T22:00:00+00:00,21,2026-08-31T22:00:00+00:00
1471,02110000001471,1,21,USD,active,15828.88,15828.88,2015-09-03T05:43:00+00:00,,2026-09-16T09:00:00+00:00,22,2026-09-16T09:00:00+00:00
1472,02110000001472,8,21,USD,active,349.82,4650.18,2020-07-14T08:25:05+00:00,,2026-09-09T22:42:46+00:00,37,2026-09-09T22:42:46+00:00
1473,02100000001473,1,5,USD,active,12280.56,12280.56,2024-03-01T20:39:21+00:00,,2026-09-21T13:28:31+00:00,15,2026-09-21T13:28:31+00:00
1474,02100000001474,1,3,USD,active,43663.64,43663.64,2019-08-17T03:37:36+00:00,,2026-09-21T16:35:30+00:00,39,2026-09-21T16:35:30+00:00
1475,02100000001475,4,3,USD,active,3430.07,3430.07,2025-07-24T23:17:26+00:00,,2026-08-31T22:00:00+00:00,30,2026-08-31T22:00:00+00:00
1476,02110000001476,1,16,USD,active,32872.22,32872.22,2016-06-03T09:17:06+00:00,,2026-09-20T17:21:31+00:00,24,2026-09-20T17:21:31+00:00
1477,02110000001477,4,16,USD,active,27414.06,27414.06,2026-04-04T16:37:15+00:00,,2026-08-31T22:00:00+00:00,1,2026-08-31T22:00:00+00:00
1478,02110000001478,5,16,USD,closed,0,0,2023-04-18T09:36:22+00:00,2024-07-07T07:57:41+00:00,,0,2024-07-07T07:57:41+00:00
1479,02110000001479,2,16,USD,closed,0,0,2011-03-14T22:21:49+00:00,2014-09-08T21:43:30+00:00,,0,2014-09-08T21:43:30+00:00
1480,02100000001480,1,9,USD,active,18815.12,18815.12,2020-08-02T16:35:17+00:00,,2026-09-21T21:06:05+00:00,5,2026-09-21T21:06:05+00:00
1481,02110000001481,2,21,USD,dormant,156.60,156.60,2023-07-31T23:35:02+00:00,,2026-08-31T22:00:00+00:00,38,2026-08-31T22:00:00+00:00
1482,02110000001482,3,21,USD,active,5679.29,5679.29,2025-12-20T06:18:47+00:00,,2026-08-31T22:00:00+00:00,35,2026-08-31T22:00:00+00:00
1483,02110000001483,8,21,USD,active,0,5000.00,2026-07-13T20:59:55+00:00,,,0,2026-07-13T20:59:55+00:00
1484,02100000001484,1,6,USD,active,960.64,960.64,2017-03-17T13:46:57+00:00,,2026-09-21T22:12:39+00:00,22,2026-09-21T22:12:39+00:00
1485,02100000001485,1,5,USD,active,7449.87,7449.87,2010-12-19T07:43:13+00:00,,2026-09-19T09:47:07+00:00,20,2026-09-19T09:47:07+00:00
1486,02100000001486,3,5,USD,active,2625.08,2625.08,2021-05-16T23:57:04+00:00,,2026-08-31T22:00:00+00:00,9,2026-08-31T22:00:00+00:00
1487,02100000001487,9,5,USD,active,12622.83,2377.17,2023-08-05T04:32:36+00:00,,2026-09-22T13:30:19+00:00,39,2026-09-22T13:30:19+00:00
1488,02110000001488,1,14,USD,active,3719.74,3719.74,2010-03-03T06:19:18+00:00,,2026-09-18T17:18:42+00:00,22,2026-09-18T17:18:42+00:00
1489,02110000001489,3,14,USD,active,1925.37,1925.37,2024-03-03T17:13:38+00:00,,2026-08-31T22:00:00+00:00,1,2026-08-31T22:00:00+00:00
1490,02100000001490,2,10,USD,active,6553.50,7053.50,2011-03-12T21:07:45+00:00,,2026-09-02T15:48:52+00:00,8,2026-09-02T15:48:52+00:00
1491,02100000001491,1,2,USD,active,3314.68,3314.68,2012-02-18T22:46:29+00:00,,2026-09-22T20:16:15+00:00,23,2026-09-22T20:16:15+00:00
1492,02110000001492,1,23,USD,active,1.87,1.87,2014-11-24T04:57:07+00:00,,2026-09-19T15:04:45+00:00,30,2026-09-19T15:04:45+00:00
1493,02110000001493,3,23,USD,active,808.79,808.79,2016-05-09T16:50:41+00:00,,2026-08-31T22:00:00+00:00,3,2026-08-31T22:00:00+00:00
1494,02110000001494,2,13,USD,active,21842.08,22342.08,2012-11-09T17:08:13+00:00,,2026-09-21T12:27:12+00:00,28,2026-09-21T12:27:12+00:00
1495,02110000001495,1,25,USD,active,13900.19,13900.19,2023-06-03T00:27:39+00:00,,2026-09-20T12:23:52+00:00,29,2026-09-20T12:23:52+00:00
1496,02110000001496,8,25,USD,active,7344.17,17655.83,2024-09-06T05:11:17+00:00,,2026-09-22T12:11:20+00:00,38,2026-09-22T12:11:20+00:00
1497,02110000001497,2,14,USD,active,14861.56,15361.56,2010-01-26T20:08:11+00:00,,2026-09-05T09:00:00+00:00,20,2026-09-05T09:00:00+00:00
1498,02110000001498,8,14,USD,active,979.26,20.74,2011-01-25T23:52:37+00:00,,2026-09-10T16:12:14+00:00,28,2026-09-10T16:12:14+00:00
1499,02110000001499,1,15,USD,active,12853.00,12853.00,2009-09-01T14:56:03+00:00,,2026-09-14T09:00:00+00:00,26,2026-09-14T09:00:00+00:00
1500,02110000001500,3,15,USD,active,9130.93,9130.93,2010-05-13T00:11:06+00:00,,2026-08-31T22:00:00+00:00,21,2026-08-31T22:00:00+00:00
1501,02110000001501,8,15,USD,active,952.35,47.65,2014-04-30T17:02:59+00:00,,2026-09-13T22:09:07+00:00,32,2026-09-13T22:09:07+00:00
1502,02110000001502,1,22,USD,active,10863.06,10863.06,2024-03-06T23:52:08+00:00,,2026-09-16T17:23:18+00:00,19,2026-09-16T17:23:18+00:00
1503,02110000001503,3,22,USD,active,2840.62,2840.62,2024-05-20T05:11:08+00:00,,2026-08-31T22:00:00+00:00,7,2026-08-31T22:00:00+00:00
1504,02110000001504,1,24,USD,active,7848.36,7848.36,2009-02-07T18:31:04+00:00,,2026-09-15T09:00:00+00:00,3,2026-09-15T09:00:00+00:00
1505,02110000001505,8,24,USD,active,940.05,59.95,2018-08-09T12:50:05+00:00,,2026-09-12T13:23:47+00:00,31,2026-09-12T13:23:47+00:00
1506,02110000001506,1,18,USD,active,3119.70,3119.70,2015-07-21T20:04:09+00:00,,2026-09-22T18:11:38+00:00,18,2026-09-22T18:11:38+00:00
1507,02110000001507,3,18,USD,active,675.14,675.14,2021-08-25T01:31:00+00:00,,2026-08-31T22:00:00+00:00,36,2026-08-31T22:00:00+00:00
1508,02100000001508,1,1,USD,active,12971.61,12971.61,2013-08-24T20:06:36+00:00,,2026-09-14T13:20:48+00:00,35,2026-09-14T13:20:48+00:00
1509,02110000001509,1,25,USD,active,15288.81,15288.81,2014-06-22T22:45:03+00:00,,2026-09-18T15:58:10+00:00,14,2026-09-18T15:58:10+00:00
1510,02110000001510,9,25,USD,active,977.98,22.02,2019-09-22T08:02:45+00:00,,2026-09-18T15:14:29+00:00,1,2026-09-18T15:14:29+00:00
1511,02100000001511,1,12,USD,closed,0,0,2015-10-31T06:29:23+00:00,2022-09-14T23:13:55+00:00,,0,2022-09-14T23:13:55+00:00
1512,02100000001512,9,12,USD,active,0,25000.00,2021-11-06T05:03:33+00:00,,,0,2021-11-06T05:03:33+00:00
1513,02110000001513,1,18,USD,active,903.84,903.84,2025-09-23T15:46:27+00:00,,2026-09-22T15:04:06+00:00,26,2026-09-22T15:04:06+00:00
1514,02110000001514,4,18,USD,active,6593.70,6593.70,2026-03-15T04:40:08+00:00,,2026-08-31T22:00:00+00:00,22,2026-08-31T22:00:00+00:00
1515,02110000001515,5,18,USD,active,33789.46,33789.46,2025-11-03T19:03:52+00:00,,2026-08-31T22:00:00+00:00,38,2026-08-31T22:00:00+00:00
1516,02110000001516,1,24,USD,active,23193.64,23193.64,2021-01-01T02:56:26+00:00,,2026-09-21T09:00:00+00:00,25,2026-09-21T09:00:00+00:00
1517,02110000001517,4,24,USD,active,80175.25,80175.25,2025-10-18T04:16:12+00:00,,2026-08-31T22:00:00+00:00,4,2026-08-31T22:00:00+00:00
1518,02100000001518,1,9,USD,active,20054.82,20054.82,2014-05-14T00:16:39+00:00,,2026-09-20T05:56:38+00:00,32,2026-09-20T05:56:38+00:00
1519,02100000001519,8,9,USD,active,1449.37,23550.63,2023-02-26T08:02:58+00:00,,2026-09-20T23:48:31+00:00,34,2026-09-20T23:48:31+00:00
1520,02100000001520,2,10,USD,active,53418.63,53918.63,2015-11-04T01:23:06+00:00,,2026-09-18T19:11:01+00:00,18,2026-09-18T19:11:01+00:00
1521,02100000001521,3,10,USD,active,5366.53,5366.53,2018-11-08T14:21:01+00:00,,2026-08-31T22:00:00+00:00,1,2026-08-31T22:00:00+00:00
1522,02100000001522,8,10,USD,active,3180.73,4319.27,2018-08-13T16:11:18+00:00,,2026-09-22T18:38:56+00:00,1,2026-09-22T18:38:56+00:00
1523,02110000001523,2,13,USD,active,7607.42,8107.42,2019-06-14T13:16:13+00:00,,2026-09-22T13:21:38+00:00,23,2026-09-22T13:21:38+00:00
1524,02110000001524,1,19,USD,active,190.40,190.40,2021-08-02T22:12:38+00:00,,2026-09-21T22:55:41+00:00,36,2026-09-21T22:55:41+00:00
1525,02110000001525,15,19,EUR,active,2617.88,2617.88,2025-04-23T18:57:03+00:00,,2026-04-30T23:59:00+00:00,38,2026-04-30T23:59:00+00:00
1526,02110000001526,1,13,USD,dormant,4.86,4.86,2025-10-25T04:26:37+00:00,,2026-06-30T22:00:00+00:00,17,2026-06-30T22:00:00+00:00
1527,02110000001527,9,13,USD,active,0,1000.00,2026-07-16T03:34:59+00:00,,,0,2026-07-16T03:34:59+00:00
1528,02100000001528,1,2,USD,active,80.47,80.47,2011-07-09T23:42:30+00:00,,2026-09-20T17:23:02+00:00,23,2026-09-20T17:23:02+00:00
1529,02100000001529,3,2,USD,active,7710.43,7710.43,2021-04-11T05:19:54+00:00,,2026-08-31T22:00:00+00:00,13,2026-08-31T22:00:00+00:00
1530,02110000001530,1,15,USD,active,880.00,880.00,2008-04-08T15:09:10+00:00,,2026-09-21T19:15:47+00:00,8,2026-09-21T19:15:47+00:00
1531,02110000001531,3,15,USD,active,4004.11,4004.11,2022-10-27T18:59:19+00:00,,2026-08-31T22:00:00+00:00,15,2026-08-31T22:00:00+00:00
1532,02100000001532,1,12,USD,dormant,4.09,4.09,2008-04-27T00:51:21+00:00,,2026-06-30T22:00:00+00:00,28,2026-06-30T22:00:00+00:00
1533,02110000001533,2,16,USD,active,12257.72,12757.72,2018-07-22T09:28:17+00:00,,2026-09-15T09:00:00+00:00,38,2026-09-15T09:00:00+00:00
1534,02110000001534,3,16,USD,active,4839.72,4839.72,2026-07-23T00:30:53+00:00,,2026-08-31T22:00:00+00:00,2,2026-08-31T22:00:00+00:00
1535,02100000001535,2,10,USD,active,51800.51,52300.51,2008-11-18T06:55:55+00:00,,2026-09-19T19:36:00+00:00,12,2026-09-19T19:36:00+00:00
1536,02100000001536,3,10,USD,active,1665.51,1665.51,2016-12-26T21:16:06+00:00,,2026-08-31T22:00:00+00:00,6,2026-08-31T22:00:00+00:00
1537,02100000001537,5,10,USD,active,13375.11,13375.11,2024-03-07T08:53:20+00:00,,2026-08-31T22:00:00+00:00,8,2026-08-31T22:00:00+00:00
1538,02100000001538,9,10,USD,active,0,25000.00,2012-08-06T15:46:01+00:00,,,0,2012-08-06T15:46:01+00:00
1539,02110000001539,1,21,USD,active,11137.94,11137.94,2010-03-01T22:24:02+00:00,,2026-09-09T09:00:00+00:00,14,2026-09-09T09:00:00+00:00
1540,02110000001540,3,21,USD,active,1368.93,1368.93,2017-04-22T09:11:38+00:00,,2026-08-31T22:00:00+00:00,39,2026-08-31T22:00:00+00:00
1541,02110000001541,8,21,USD,active,2020.82,22979.18,2012-05-21T22:17:58+00:00,,2026-09-22T14:13:35+00:00,19,2026-09-22T14:13:35+00:00
1542,02110000001542,2,16,USD,active,35514.07,36014.07,2016-02-23T22:26:33+00:00,,2026-09-16T18:06:43+00:00,30,2026-09-16T18:06:43+00:00
1543,02110000001543,2,16,USD,active,18233.33,18733.33,2017-11-26T17:39:54+00:00,,2026-09-20T12:23:01+00:00,16,2026-09-20T12:23:01+00:00
1544,02110000001544,5,16,USD,active,7121.28,7121.28,2020-10-04T14:36:41+00:00,,2026-08-31T22:00:00+00:00,24,2026-08-31T22:00:00+00:00
1545,02100000001545,1,3,USD,active,20589.95,20589.95,2025-07-17T20:06:31+00:00,,2026-09-18T12:28:12+00:00,15,2026-09-18T12:28:12+00:00
1546,02100000001546,4,3,USD,active,77227.21,77227.21,2025-12-22T05:17:34+00:00,,2026-08-31T22:00:00+00:00,32,2026-08-31T22:00:00+00:00
1547,02110000001547,1,19,USD,active,6217.25,6217.25,2013-12-13T01:38:44+00:00,,2026-09-21T23:58:01+00:00,33,2026-09-21T23:58:01+00:00
1548,02100000001548,1,3,USD,active,3239.72,3239.72,2014-10-29T00:11:11+00:00,,2026-09-08T09:00:00+00:00,1,2026-09-08T09:00:00+00:00
1549,02100000001549,4,3,USD,active,50514.65,50514.65,2020-09-18T07:23:19+00:00,,2026-08-31T22:00:00+00:00,18,2026-08-31T22:00:00+00:00
1550,02100000001550,9,3,USD,active,4059.07,20940.93,2021-05-12T07:53:17+00:00,,2026-09-14T20:47:08+00:00,39,2026-09-14T20:47:08+00:00
1551,02100000001551,1,12,USD,active,10192.99,10192.99,2022-03-04T22:08:36+00:00,,2026-09-20T20:14:15+00:00,13,2026-09-20T20:14:15+00:00
1552,02100000001552,4,12,USD,active,5638.05,5638.05,2025-03-23T04:40:19+00:00,,2026-08-31T22:00:00+00:00,28,2026-08-31T22:00:00+00:00
1553,02100000001553,1,2,USD,active,4348.18,4348.18,2023-09-15T22:25:34+00:00,,2026-06-10T12:19:49+00:00,21,2026-06-10T12:19:49+00:00
1554,02100000001554,3,2,USD,active,1401.32,1401.32,2024-11-24T20:04:06+00:00,,2026-08-31T22:00:00+00:00,40,2026-08-31T22:00:00+00:00
1555,02110000001555,1,18,USD,active,18067.85,18067.85,2025-05-10T00:22:30+00:00,,2026-09-20T14:07:20+00:00,30,2026-09-20T14:07:20+00:00
1556,02110000001556,1,24,USD,active,94.46,94.46,2013-10-23T03:07:56+00:00,,2026-09-22T16:29:07+00:00,2,2026-09-22T16:29:07+00:00
1557,02100000001557,1,9,USD,active,2568.35,2568.35,2020-09-15T05:38:18+00:00,,2026-09-11T09:00:00+00:00,8,2026-09-11T09:00:00+00:00
1558,02100000001558,8,9,USD,active,1578.79,23421.21,2021-04-11T12:34:20+00:00,,2026-09-20T13:43:54+00:00,26,2026-09-20T13:43:54+00:00
1559,02110000001559,4,13,USD,active,2318.88,2318.88,2024-09-28T06:20:13+00:00,,2026-08-31T22:00:00+00:00,37,2026-08-31T22:00:00+00:00
1560,02110000001560,1,19,USD,active,3675.93,3675.93,2011-01-13T10:10:23+00:00,,2026-09-21T17:34:21+00:00,14,2026-09-21T17:34:21+00:00
1561,02100000001561,1,12,USD,active,2293.12,2293.12,2016-02-13T12:48:27+00:00,,2026-09-20T23:26:56+00:00,12,2026-09-20T23:26:56+00:00
1562,02100000001562,3,12,USD,active,2222.57,2222.57,2025-01-19T15:43:13+00:00,,2026-08-31T22:00:00+00:00,28,2026-08-31T22:00:00+00:00
1563,02110000001563,1,23,USD,active,4655.71,4655.71,2021-07-20T17:41:24+00:00,,2026-09-22T09:00:00+00:00,22,2026-09-22T09:00:00+00:00
1564,02110000001564,3,23,USD,active,683.69,683.69,2022-03-27T20:42:06+00:00,,2026-08-31T22:00:00+00:00,7,2026-08-31T22:00:00+00:00
1565,02100000001565,2,7,USD,active,39154.05,39654.05,2023-01-11T16:37:29+00:00,,2026-09-22T16:47:38+00:00,23,2026-09-22T16:47:38+00:00
1566,02100000001566,3,7,USD,active,11949.78,11949.78,2024-03-25T04:13:15+00:00,,2026-08-31T22:00:00+00:00,25,2026-08-31T22:00:00+00:00
1567,02100000001567,1,4,USD,active,469.06,469.06,2021-12-08T22:36:15+00:00,,2026-09-21T22:43:58+00:00,2,2026-09-21T22:43:58+00:00
1568,02100000001568,1,5,USD,active,925.77,925.77,2018-09-11T21:56:22+00:00,,2026-09-21T09:00:00+00:00,21,2026-09-21T09:00:00+00:00
1569,02100000001569,3,5,USD,active,3336.16,3336.16,2026-03-27T14:02:56+00:00,,2026-08-31T22:00:00+00:00,27,2026-08-31T22:00:00+00:00
1570,02100000001570,5,5,USD,active,5090.42,5090.42,2022-05-26T10:27:47+00:00,,2026-08-31T22:00:00+00:00,25,2026-08-31T22:00:00+00:00
1571,02110000001571,1,23,USD,active,9280.17,9280.17,2025-10-25T05:18:25+00:00,,2026-09-19T18:06:25+00:00,18,2026-09-19T18:06:25+00:00
1572,02110000001572,1,14,USD,closed,0,0,2014-06-24T12:47:27+00:00,2018-12-07T10:41:08+00:00,,0,2018-12-07T10:41:08+00:00
1573,02110000001573,9,14,USD,active,6540.90,-4040.90,2021-04-10T10:51:22+00:00,,2026-07-31T22:00:00+00:00,19,2026-07-31T22:00:00+00:00
1574,02110000001574,1,13,USD,active,18030.03,18030.03,2011-12-07T10:35:11+00:00,,2026-09-22T16:27:28+00:00,9,2026-09-22T16:27:28+00:00
1575,02100000001575,1,8,USD,active,6057.87,6057.87,2018-07-14T17:29:51+00:00,,2026-09-21T20:02:40+00:00,15,2026-09-21T20:02:40+00:00
1576,02100000001576,4,8,USD,active,11588.65,11588.65,2022-09-24T19:09:36+00:00,,2026-08-31T22:00:00+00:00,24,2026-08-31T22:00:00+00:00
1577,02110000001577,1,13,USD,active,4117.50,4117.50,2020-01-22T23:29:03+00:00,,2026-09-12T18:45:14+00:00,28,2026-09-12T18:45:14+00:00
1578,02110000001578,4,13,USD,active,54650.07,54650.07,2025-03-12T07:36:26+00:00,,2026-08-31T22:00:00+00:00,3,2026-08-31T22:00:00+00:00
1579,02100000001579,1,6,USD,active,1420.84,1420.84,2024-11-19T13:28:55+00:00,,2026-09-20T13:13:46+00:00,14,2026-09-20T13:13:46+00:00
1580,02100000001580,3,6,USD,active,579.83,579.83,2026-03-04T18:30:12+00:00,,2026-08-31T22:00:00+00:00,30,2026-08-31T22:00:00+00:00
1581,02110000001581,1,23,USD,active,11197.83,11197.83,2012-10-01T23:53:34+00:00,,2026-09-21T22:55:37+00:00,14,2026-09-21T22:55:37+00:00
1582,02110000001582,3,23,USD,active,4524.73,4524.73,2026-05-30T23:47:39+00:00,,2026-08-31T22:00:00+00:00,18,2026-08-31T22:00:00+00:00
1583,02100000001583,1,4,USD,closed,0,0,2008-10-17T02:52:07+00:00,2018-08-03T20:56:50+00:00,,0,2018-08-03T20:56:50+00:00
1584,02100000001584,4,4,USD,active,37959.95,37959.95,2025-11-14T12:18:16+00:00,,2026-08-31T22:00:00+00:00,38,2026-08-31T22:00:00+00:00
1585,02100000001585,1,9,USD,closed,0,0,2024-03-02T21:27:20+00:00,2024-05-20T01:57:30+00:00,,0,2024-05-20T01:57:30+00:00
1586,02100000001586,5,9,USD,active,10038.35,10038.35,2025-04-10T18:36:46+00:00,,2026-08-31T22:00:00+00:00,17,2026-08-31T22:00:00+00:00
1587,02110000001587,1,23,USD,active,6425.88,6425.88,2012-10-27T01:33:11+00:00,,2026-09-22T09:00:00+00:00,34,2026-09-22T09:00:00+00:00
1588,02110000001588,3,23,USD,active,6721.93,6721.93,2014-11-19T14:28:06+00:00,,2026-08-31T22:00:00+00:00,36,2026-08-31T22:00:00+00:00
1589,02110000001589,5,23,USD,active,35432.49,35432.49,2018-10-22T20:27:07+00:00,,2026-08-31T22:00:00+00:00,3,2026-08-31T22:00:00+00:00
1590,02100000001590,1,5,USD,active,27475.69,27475.69,2017-12-18T19:21:11+00:00,,2026-08-29T14:08:58+00:00,11,2026-08-29T14:08:58+00:00
1591,02100000001591,3,5,USD,active,6272.02,6272.02,2025-08-13T23:20:01+00:00,,2026-08-31T22:00:00+00:00,38,2026-08-31T22:00:00+00:00
1592,02110000001592,1,18,USD,active,9593.15,9593.15,2025-07-21T22:35:58+00:00,,2026-09-22T20:25:06+00:00,9,2026-09-22T20:25:06+00:00
1593,02110000001593,9,18,USD,active,0,15000.00,2026-04-27T08:16:27+00:00,,,0,2026-04-27T08:16:27+00:00
1594,02100000001594,1,8,USD,active,23730.40,23730.40,2008-04-04T06:27:45+00:00,,2026-09-20T21:23:32+00:00,17,2026-09-20T21:23:32+00:00
1595,02100000001595,1,3,USD,active,771123.84,771123.84,2025-12-23T03:28:21+00:00,,2026-09-20T22:53:31+00:00,27,2026-09-20T22:53:31+00:00
1596,02100000001596,3,3,USD,active,3556.41,3556.41,2026-05-18T22:57:01+00:00,,2026-08-31T22:00:00+00:00,36,2026-08-31T22:00:00+00:00
1597,02100000001597,1,8,USD,active,9413.08,9413.08,2010-12-16T05:28:35+00:00,,2026-09-22T16:00:43+00:00,32,2026-09-22T16:00:43+00:00
1598,02100000001598,2,9,USD,active,22470.96,22970.96,2016-10-18T12:17:27+00:00,,2026-09-12T23:42:37+00:00,26,2026-09-12T23:42:37+00:00
1599,02100000001599,3,9,USD,active,2617.51,2617.51,2024-03-04T03:11:38+00:00,,2026-08-31T22:00:00+00:00,23,2026-08-31T22:00:00+00:00
1600,02100000001600,1,2,USD,active,4444.68,4444.68,2009-12-31T08:42:55+00:00,,2026-09-17T09:00:00+00:00,33,2026-09-17T09:00:00+00:00
1601,02100000001601,4,2,USD,active,12292.05,12292.05,2020-03-06T03:53:07+00:00,,2026-08-31T22:00:00+00:00,15,2026-08-31T22:00:00+00:00
1602,02100000001602,9,2,USD,active,842.52,14157.48,2010-02-07T08:18:32+00:00,,2026-09-13T13:31:44+00:00,13,2026-09-13T13:31:44+00:00
1603,02110000001603,1,14,USD,active,766.74,766.74,2022-06-12T18:14:25+00:00,,2026-09-20T20:06:39+00:00,3,2026-09-20T20:06:39+00:00
1604,02110000001604,4,14,USD,active,46617.86,46617.86,2023-07-14T05:17:29+00:00,,2026-08-31T22:00:00+00:00,22,2026-08-31T22:00:00+00:00
1605,02110000001605,2,20,USD,active,35213.95,35713.95,2012-07-05T18:49:15+00:00,,2026-09-19T23:43:15+00:00,28,2026-09-19T23:43:15+00:00
1606,02110000001606,1,16,USD,active,823.45,823.45,2018-07-01T08:03:43+00:00,,2026-09-19T20:24:02+00:00,25,2026-09-19T20:24:02+00:00
1607,02110000001607,8,16,USD,active,0,5000.00,2019-09-18T02:58:33+00:00,,,0,2019-09-18T02:58:33+00:00
1608,02110000001608,1,16,USD,active,7091.90,7091.90,2022-12-21T10:05:44+00:00,,2026-09-16T19:00:56+00:00,25,2026-09-16T19:00:56+00:00
1609,02110000001609,3,16,USD,active,7404.09,7404.09,2025-12-28T07:43:00+00:00,,2026-08-31T22:00:00+00:00,38,2026-08-31T22:00:00+00:00
1610,02100000001610,1,1,USD,active,1585.98,1585.98,2010-09-03T09:37:38+00:00,,2026-09-21T17:09:10+00:00,30,2026-09-21T17:09:10+00:00
1611,02100000001611,1,1,USD,active,2806.96,2806.96,2024-05-15T22:53:51+00:00,,2026-05-27T20:00:56+00:00,29,2026-05-27T20:00:56+00:00
1612,02100000001612,2,9,USD,active,15434.08,15934.08,2025-12-27T08:40:56+00:00,,2026-09-12T12:50:55+00:00,3,2026-09-12T12:50:55+00:00
1613,02110000001613,1,13,USD,active,19148.35,19148.35,2022-12-05T17:09:39+00:00,,2026-09-22T13:23:27+00:00,6,2026-09-22T13:23:27+00:00
1614,02110000001614,2,15,USD,active,28787.98,29287.98,2017-04-09T08:28:40+00:00,,2026-09-20T22:56:30+00:00,26,2026-09-20T22:56:30+00:00
1615,02110000001615,4,15,USD,active,33108.02,33108.02,2026-02-28T02:39:25+00:00,,2026-08-31T22:00:00+00:00,15,2026-08-31T22:00:00+00:00
1616,02110000001616,8,15,USD,closed,0,7500.00,2025-01-11T19:26:46+00:00,2025-02-18T17:37:34+00:00,,0,2025-02-18T17:37:34+00:00
1617,02110000001617,2,25,USD,active,18886.68,19386.68,2008-10-22T06:05:34+00:00,,2026-09-21T09:00:00+00:00,39,2026-09-21T09:00:00+00:00
1618,02110000001618,4,25,USD,active,14349.91,14349.91,2010-12-10T19:28:54+00:00,,2026-08-31T22:00:00+00:00,22,2026-08-31T22:00:00+00:00
1619,02100000001619,2,2,USD,active,50226.84,50726.84,2017-06-13T18:17:53+00:00,,2026-09-18T09:00:00+00:00,25,2026-09-18T09:00:00+00:00
1620,02100000001620,1,1,USD,active,5549.81,5549.81,2020-09-20T09:08:55+00:00,,2026-09-20T20:06:12+00:00,12,2026-09-20T20:06:12+00:00
1621,02100000001621,5,1,USD,active,54242.78,54242.78,2023-08-19T22:34:03+00:00,,2026-08-31T22:00:00+00:00,19,2026-08-31T22:00:00+00:00
1622,02110000001622,1,18,USD,active,1169.17,1169.17,2019-05-07T12:03:05+00:00,,2026-09-20T03:58:32+00:00,31,2026-09-20T03:58:32+00:00
1623,02110000001623,4,18,USD,active,55425.44,55425.44,2026-03-08T08:48:36+00:00,,2026-08-31T22:00:00+00:00,27,2026-08-31T22:00:00+00:00
1624,02110000001624,9,18,USD,active,1913.69,586.31,2026-03-27T01:14:16+00:00,,2026-05-12T20:19:53+00:00,17,2026-05-12T20:19:53+00:00
1625,02110000001625,8,15,USD,active,0,2500.00,2026-01-30T04:27:29+00:00,,,0,2026-01-30T04:27:29+00:00
1626,02110000001626,2,20,USD,active,11344.73,11844.73,2025-01-28T14:28:06+00:00,,2026-09-19T13:41:07+00:00,35,2026-09-19T13:41:07+00:00
1627,02110000001627,8,20,USD,active,0,10000.00,2025-12-25T17:52:05+00:00,,,0,2025-12-25T17:52:05+00:00
1628,02100000001628,1,10,USD,active,8103.25,8103.25,2017-04-16T10:51:23+00:00,,2026-09-14T09:00:00+00:00,22,2026-09-14T09:00:00+00:00
1629,02100000001629,4,10,USD,active,83996.45,83996.45,2024-05-25T15:23:38+00:00,,2026-08-31T22:00:00+00:00,17,2026-08-31T22:00:00+00:00
1630,02100000001630,9,10,USD,active,5256.45,19743.55,2023-02-27T21:02:06+00:00,,2026-09-21T15:12:16+00:00,9,2026-09-21T15:12:16+00:00
1631,02100000001631,1,9,USD,active,17241.25,17241.25,2013-04-02T12:09:34+00:00,,2026-09-20T23:22:08+00:00,7,2026-09-20T23:22:08+00:00
1632,02100000001632,4,9,USD,active,13172.98,13172.98,2016-08-24T03:44:15+00:00,,2026-08-31T22:00:00+00:00,40,2026-08-31T22:00:00+00:00
1633,02100000001633,1,10,USD,active,1336.12,1336.12,2017-07-07T07:18:31+00:00,,2026-09-22T18:18:19+00:00,16,2026-09-22T18:18:19+00:00
1634,02100000001634,4,10,USD,active,22778.12,22778.12,2019-07-09T03:16:01+00:00,,2026-08-31T22:00:00+00:00,5,2026-08-31T22:00:00+00:00
1635,02100000001635,1,8,USD,active,46373.08,46373.08,2015-08-18T10:27:57+00:00,,2026-09-20T19:51:22+00:00,17,2026-09-20T19:51:22+00:00
1636,02100000001636,4,8,USD,active,19934.58,19934.58,2016-08-04T03:39:52+00:00,,2026-08-31T22:00:00+00:00,27,2026-08-31T22:00:00+00:00
1637,02110000001637,1,22,USD,closed,0,0,2025-05-23T01:48:09+00:00,2025-07-05T13:36:39+00:00,,0,2025-07-05T13:36:39+00:00
1638,02110000001638,4,22,USD,active,18636.25,18636.25,2025-07-18T06:05:20+00:00,,2026-08-31T22:00:00+00:00,7,2026-08-31T22:00:00+00:00
1639,02110000001639,9,22,USD,active,0,1000.00,2025-05-29T22:06:40+00:00,,,0,2025-05-29T22:06:40+00:00
1640,02110000001640,2,19,USD,active,2185.46,2685.46,2008-06-08T07:25:09+00:00,,2026-09-12T09:00:00+00:00,10,2026-09-12T09:00:00+00:00
1641,02110000001641,4,19,USD,active,10394.73,10394.73,2011-08-11T08:15:45+00:00,,2026-08-31T22:00:00+00:00,22,2026-08-31T22:00:00+00:00
1642,02110000001642,9,19,USD,active,5409.11,19590.89,2019-03-03T15:02:40+00:00,,2026-09-22T16:56:06+00:00,3,2026-09-22T16:56:06+00:00
1643,02100000001643,1,1,USD,active,30160.49,30160.49,2025-07-17T19:57:11+00:00,,2026-09-20T15:19:39+00:00,28,2026-09-20T15:19:39+00:00
1644,02100000001644,3,1,USD,active,1424.63,1424.63,2025-11-17T16:51:58+00:00,,2026-08-31T22:00:00+00:00,7,2026-08-31T22:00:00+00:00
1645,02100000001645,5,1,USD,active,3301.88,3301.88,2026-05-18T09:14:02+00:00,,2026-08-31T22:00:00+00:00,37,2026-08-31T22:00:00+00:00
1646,02100000001646,1,8,USD,active,25696.73,25696.73,2026-02-19T05:42:32+00:00,,2026-09-20T06:22:39+00:00,40,2026-09-20T06:22:39+00:00
1647,02100000001647,3,8,USD,active,4560.21,4560.21,2026-07-06T10:38:12+00:00,,2026-08-31T22:00:00+00:00,38,2026-08-31T22:00:00+00:00
1648,02110000001648,1,14,USD,active,1505.43,1505.43,2025-10-24T15:56:18+00:00,,2026-09-21T16:11:26+00:00,34,2026-09-21T16:11:26+00:00
1649,02110000001649,2,21,USD,active,8502.10,9002.10,2026-03-25T17:39:13+00:00,,2026-09-21T14:40:26+00:00,21,2026-09-21T14:40:26+00:00
1650,02110000001650,3,21,USD,active,4207.15,4207.15,2026-06-08T09:06:06+00:00,,2026-08-31T22:00:00+00:00,38,2026-08-31T22:00:00+00:00
1651,02100000001651,1,2,USD,active,15016.61,15016.61,2009-06-29T02:49:28+00:00,,2026-09-22T12:49:23+00:00,20,2026-09-22T12:49:23+00:00
1652,02100000001652,1,10,USD,active,22204.70,22204.70,2024-01-06T22:03:38+00:00,,2026-09-16T09:00:00+00:00,22,2026-09-16T09:00:00+00:00
1653,02100000001653,9,10,USD,active,1584.52,5915.48,2026-01-11T00:41:08+00:00,,2026-09-17T18:48:16+00:00,13,2026-09-17T18:48:16+00:00
1654,02110000001654,1,13,USD,active,135.77,135.77,2018-08-27T14:42:41+00:00,,2026-09-14T23:56:16+00:00,3,2026-09-14T23:56:16+00:00
1655,02110000001655,1,23,USD,active,24271.75,24271.75,2012-04-29T19:21:38+00:00,,2026-09-21T14:41:57+00:00,37,2026-09-21T14:41:57+00:00
1656,02110000001656,3,23,USD,active,7114.43,7114.43,2014-02-01T15:10:57+00:00,,2026-08-31T22:00:00+00:00,12,2026-08-31T22:00:00+00:00
1657,02100000001657,2,12,USD,active,34774.13,35274.13,2012-10-23T23:14:29+00:00,,2026-09-20T20:11:19+00:00,19,2026-09-20T20:11:19+00:00
1658,02100000001658,3,12,USD,active,4639.31,4639.31,2023-10-21T11:30:41+00:00,,2026-08-31T22:00:00+00:00,11,2026-08-31T22:00:00+00:00
1659,02110000001659,1,24,USD,active,6693.88,6693.88,2012-07-31T02:25:22+00:00,,2026-09-19T09:00:00+00:00,6,2026-09-19T09:00:00+00:00
1660,02110000001660,4,24,USD,active,55168.32,55168.32,2012-11-03T15:25:08+00:00,,2026-08-31T22:00:00+00:00,8,2026-08-31T22:00:00+00:00
1661,02110000001661,8,24,USD,active,3331.01,1668.99,2013-11-09T04:11:22+00:00,,2026-09-18T12:54:53+00:00,16,2026-09-18T12:54:53+00:00
1662,02100000001662,1,2,USD,active,2010.04,2010.04,2026-04-21T01:34:21+00:00,,2026-09-15T23:33:08+00:00,8,2026-09-15T23:33:08+00:00
1663,02100000001663,3,2,USD,active,5387.76,5387.76,2026-08-06T10:20:27+00:00,,2026-08-31T22:00:00+00:00,5,2026-08-31T22:00:00+00:00
1664,02100000001664,8,2,USD,active,4963.54,10036.46,2026-05-07T06:08:19+00:00,,2026-09-14T16:01:42+00:00,12,2026-09-14T16:01:42+00:00
1665,02110000001665,1,24,USD,active,13487.25,13487.25,2023-01-27T23:35:04+00:00,,2026-09-22T15:09:02+00:00,39,2026-09-22T15:09:02+00:00
1666,02110000001666,3,24,USD,active,3236.66,3236.66,2023-10-12T04:58:37+00:00,,2026-08-31T22:00:00+00:00,26,2026-08-31T22:00:00+00:00
1667,02110000001667,1,20,USD,active,25981.15,25981.15,2021-05-18T07:19:39+00:00,,2026-09-18T16:10:24+00:00,11,2026-09-18T16:10:24+00:00
1668,02110000001668,4,20,USD,active,5131.62,5131.62,2022-10-13T01:27:30+00:00,,2026-08-31T22:00:00+00:00,10,2026-08-31T22:00:00+00:00
1669,02100000001669,1,6,USD,active,36446.01,36446.01,2021-02-01T18:18:24+00:00,,2026-09-21T08:46:36+00:00,4,2026-09-21T08:46:36+00:00
1670,02100000001670,3,4,USD,active,4925.35,4925.35,2023-09-10T04:54:05+00:00,,2026-08-31T22:00:00+00:00,5,2026-08-31T22:00:00+00:00
1671,02100000001671,1,8,USD,active,28038.38,28038.38,2017-12-04T03:47:17+00:00,,2026-09-22T17:42:52+00:00,20,2026-09-22T17:42:52+00:00
1672,02100000001672,1,5,USD,active,5568.77,5568.77,2020-05-27T00:11:23+00:00,,2026-09-22T09:00:00+00:00,22,2026-09-22T09:00:00+00:00
1673,02100000001673,3,5,USD,active,1625.95,1625.95,2024-12-20T18:50:54+00:00,,2026-08-31T22:00:00+00:00,37,2026-08-31T22:00:00+00:00
1674,02110000001674,2,15,USD,active,26821.65,27321.65,2020-05-08T09:42:50+00:00,,2026-09-20T15:20:21+00:00,23,2026-09-20T15:20:21+00:00
1675,02110000001675,3,15,USD,active,4765.27,4765.27,2026-04-30T15:31:25+00:00,,2026-08-31T22:00:00+00:00,5,2026-08-31T22:00:00+00:00
1676,02110000001676,2,22,USD,active,65736.06,66236.06,2011-08-30T22:06:04+00:00,,2026-09-16T16:01:26+00:00,26,2026-09-16T16:01:26+00:00
1677,02110000001677,4,22,USD,active,3891.67,3891.67,2013-12-07T03:00:48+00:00,,2026-08-31T22:00:00+00:00,24,2026-08-31T22:00:00+00:00
1678,02100000001678,2,8,USD,active,26701.99,27201.99,2023-11-08T05:48:21+00:00,,2026-09-19T13:09:20+00:00,12,2026-09-19T13:09:20+00:00
1679,02100000001679,3,8,USD,active,1155.23,1155.23,2024-08-05T21:10:29+00:00,,2026-08-31T22:00:00+00:00,4,2026-08-31T22:00:00+00:00
1680,02110000001680,2,24,USD,active,5412.89,5912.89,2021-05-04T08:04:06+00:00,,2026-09-20T12:00:40+00:00,39,2026-09-20T12:00:40+00:00
1681,02110000001681,3,24,USD,active,6630.88,6630.88,2024-07-06T11:55:24+00:00,,2026-08-31T22:00:00+00:00,23,2026-08-31T22:00:00+00:00
1682,02110000001682,5,24,USD,active,22329.25,22329.25,2023-02-18T10:17:07+00:00,,2026-08-31T22:00:00+00:00,17,2026-08-31T22:00:00+00:00
1683,02100000001683,1,9,USD,active,315.52,315.52,2023-03-15T15:43:13+00:00,,2026-09-21T16:01:44+00:00,13,2026-09-21T16:01:44+00:00
1684,02100000001684,3,9,USD,active,2379.48,2379.48,2025-03-30T04:59:37+00:00,,2026-08-31T22:00:00+00:00,1,2026-08-31T22:00:00+00:00
1685,02110000001685,1,15,USD,active,1266.68,1266.68,2010-07-15T05:49:16+00:00,,2026-09-22T14:27:06+00:00,20,2026-09-22T14:27:06+00:00
1686,02110000001686,1,23,USD,active,4519.05,4519.05,2023-10-31T03:13:54+00:00,,2026-09-22T20:45:15+00:00,26,2026-09-22T20:45:15+00:00
1687,02100000001687,1,1,USD,active,9804.96,9804.96,2014-08-21T08:34:57+00:00,,2026-09-17T20:46:55+00:00,39,2026-09-17T20:46:55+00:00
1688,02100000001688,1,10,USD,active,7097.73,7097.73,2012-01-05T19:02:14+00:00,,2026-09-22T12:09:01+00:00,36,2026-09-22T12:09:01+00:00
1689,02100000001689,4,10,USD,active,13533.69,13533.69,2012-02-04T02:46:48+00:00,,2026-08-31T22:00:00+00:00,39,2026-08-31T22:00:00+00:00
1690,02100000001690,1,9,USD,active,8798.42,8798.42,2011-01-01T17:22:41+00:00,,2026-09-22T15:08:35+00:00,18,2026-09-22T15:08:35+00:00
1691,02110000001691,1,13,USD,active,20817.48,20817.48,2008-03-10T15:12:13+00:00,,2026-09-22T16:32:03+00:00,3,2026-09-22T16:32:03+00:00
1692,02110000001692,4,13,USD,active,18140.41,18140.41,2025-02-21T13:33:26+00:00,,2026-08-31T22:00:00+00:00,14,2026-08-31T22:00:00+00:00
1693,02110000001693,1,25,USD,active,12504.70,12504.70,2012-01-15T02:27:35+00:00,,2026-09-21T21:34:24+00:00,7,2026-09-21T21:34:24+00:00
1694,02110000001694,3,25,USD,closed,0,0,2024-04-27T06:49:23+00:00,2025-12-31T11:44:02+00:00,,0,2025-12-31T11:44:02+00:00
1695,02100000001695,1,9,USD,active,5393.39,5393.39,2022-06-17T18:21:44+00:00,,2026-09-16T09:00:00+00:00,16,2026-09-16T09:00:00+00:00
1696,02100000001696,3,9,USD,active,9180.95,9180.95,2023-10-02T13:37:03+00:00,,2026-08-31T22:00:00+00:00,21,2026-08-31T22:00:00+00:00
1697,02100000001697,5,9,USD,active,6418.89,6418.89,2025-04-10T15:39:36+00:00,,2026-08-31T22:00:00+00:00,13,2026-08-31T22:00:00+00:00
1698,02110000001698,1,23,USD,active,5800.22,5800.22,2022-05-23T23:36:53+00:00,,2026-09-18T19:20:29+00:00,17,2026-09-18T19:20:29+00:00
1699,02110000001699,4,23,USD,active,7412.66,7412.66,2023-06-16T00:17:13+00:00,,2026-08-31T22:00:00+00:00,8,2026-08-31T22:00:00+00:00
1700,02110000001700,1,16,USD,active,10242.37,10242.37,2012-10-23T23:30:07+00:00,,2026-09-10T09:00:00+00:00,18,2026-09-10T09:00:00+00:00
1701,02110000001701,3,16,USD,active,1521.15,1521.15,2018-06-01T03:51:31+00:00,,2026-08-31T22:00:00+00:00,13,2026-08-31T22:00:00+00:00
1702,02110000001702,8,16,USD,active,2637.45,2362.55,2017-03-18T21:39:15+00:00,,2026-09-19T15:51:10+00:00,13,2026-09-19T15:51:10+00:00
1703,02110000001703,1,22,USD,active,19965.96,19965.96,2023-06-30T03:43:52+00:00,,2026-09-19T17:33:38+00:00,2,2026-09-19T17:33:38+00:00
1704,02100000001704,1,2,USD,closed,0,0,2015-06-29T02:01:05+00:00,2019-09-15T06:17:43+00:00,,0,2019-09-15T06:17:43+00:00
1705,02100000001705,1,2,USD,dormant,63.73,63.73,2024-06-17T22:13:41+00:00,,2026-08-31T22:00:00+00:00,39,2026-08-31T22:00:00+00:00
1706,02100000001706,4,2,USD,active,2463.51,2463.51,2026-03-22T10:58:13+00:00,,2026-08-31T22:00:00+00:00,6,2026-08-31T22:00:00+00:00
1707,02100000001707,1,8,USD,active,135.32,135.32,2022-07-03T15:48:30+00:00,,2026-09-20T23:33:38+00:00,4,2026-09-20T23:33:38+00:00
1708,02100000001708,5,8,USD,active,13250.49,13250.49,2023-09-03T15:13:10+00:00,,2026-08-31T22:00:00+00:00,16,2026-08-31T22:00:00+00:00
1709,02110000001709,1,15,USD,active,74095.25,74095.25,2021-09-06T08:15:11+00:00,,2026-09-16T14:54:50+00:00,2,2026-09-16T14:54:50+00:00
1710,02110000001710,2,22,USD,active,79224.03,79724.03,2021-04-26T10:09:11+00:00,,2026-09-21T18:31:33+00:00,6,2026-09-21T18:31:33+00:00
1711,02110000001711,5,22,USD,active,9070.75,9070.75,2025-08-22T06:15:01+00:00,,2026-08-31T22:00:00+00:00,11,2026-08-31T22:00:00+00:00
1712,02100000001712,1,10,USD,active,38926.81,38926.81,2017-05-16T08:31:46+00:00,,2026-09-21T21:49:31+00:00,8,2026-09-21T21:49:31+00:00
1713,02100000001713,3,10,USD,active,1370.17,1370.17,2017-11-19T02:11:33+00:00,,2026-08-31T22:00:00+00:00,16,2026-08-31T22:00:00+00:00
1714,02100000001714,9,10,USD,active,0,1000.00,2019-02-18T01:46:32+00:00,,,0,2019-02-18T01:46:32+00:00
1715,02100000001715,2,12,USD,active,45580.97,46080.97,2011-01-28T04:04:25+00:00,,2026-09-21T20:29:42+00:00,37,2026-09-21T20:29:42+00:00
1716,02100000001716,3,12,USD,active,4317.25,4317.25,2013-09-26T00:20:50+00:00,,2026-08-31T22:00:00+00:00,40,2026-08-31T22:00:00+00:00
1717,02100000001717,2,5,USD,active,877.77,1377.77,2012-07-14T11:21:54+00:00,,2026-09-10T02:19:57+00:00,7,2026-09-10T02:19:57+00:00
1718,02100000001718,8,5,USD,active,4767.27,232.73,2024-12-25T10:24:15+00:00,,2026-09-22T14:12:57+00:00,33,2026-09-22T14:12:57+00:00
1719,02110000001719,1,19,USD,active,17508.34,17508.34,2014-06-05T23:15:07+00:00,,2026-09-19T21:17:29+00:00,2,2026-09-19T21:17:29+00:00
1720,02110000001720,1,21,USD,active,10292.59,10292.59,2013-10-20T09:29:19+00:00,,2026-09-21T22:35:14+00:00,14,2026-09-21T22:35:14+00:00
1721,02110000001721,4,21,USD,active,37108.14,37108.14,2014-06-24T12:27:02+00:00,,2026-08-31T22:00:00+00:00,2,2026-08-31T22:00:00+00:00
1722,02100000001722,2,6,USD,active,9449.15,9949.15,2009-03-19T21:15:00+00:00,,2026-09-13T09:00:00+00:00,31,2026-09-13T09:00:00+00:00
1723,02100000001723,4,6,USD,active,22821.26,22821.26,2020-10-20T22:44:15+00:00,,2026-08-31T22:00:00+00:00,3,2026-08-31T22:00:00+00:00
1724,02100000001724,9,6,USD,active,4823.18,10176.82,2024-04-23T19:54:19+00:00,,2026-09-19T20:10:20+00:00,8,2026-09-19T20:10:20+00:00
1725,02110000001725,2,25,USD,active,39337.09,39837.09,2009-11-07T03:37:06+00:00,,2026-09-22T18:23:51+00:00,3,2026-09-22T18:23:51+00:00
1726,02110000001726,1,15,USD,active,664.73,664.73,2024-07-02T17:04:50+00:00,,2026-09-21T22:17:26+00:00,2,2026-09-21T22:17:26+00:00
1727,02100000001727,1,11,USD,active,7808.19,7808.19,2014-07-23T10:45:56+00:00,,2026-09-22T16:23:22+00:00,38,2026-09-22T16:23:22+00:00
1728,02100000001728,4,11,USD,active,6692.78,6692.78,2015-11-15T00:25:42+00:00,,2026-08-31T22:00:00+00:00,20,2026-08-31T22:00:00+00:00
1729,02100000001729,2,5,USD,active,10278.69,10778.69,2012-11-01T11:38:05+00:00,,2026-09-21T12:19:58+00:00,40,2026-09-21T12:19:58+00:00
1730,02110000001730,1,16,USD,active,12237.50,12237.50,2016-12-14T14:29:50+00:00,,2026-09-20T17:20:07+00:00,22,2026-09-20T17:20:07+00:00
1731,02110000001731,1,23,USD,active,9141.88,9141.88,2014-04-22T18:51:23+00:00,,2026-09-15T09:00:00+00:00,27,2026-09-15T09:00:00+00:00
1732,02110000001732,8,23,USD,active,2555.47,2444.53,2016-08-23T12:33:14+00:00,,2026-09-19T22:16:16+00:00,7,2026-09-19T22:16:16+00:00
1733,02110000001733,1,16,USD,active,8434.51,8434.51,2020-12-18T10:00:20+00:00,,2026-09-22T20:48:30+00:00,27,2026-09-22T20:48:30+00:00
1734,02110000001734,4,16,USD,active,3602.91,3602.91,2026-08-19T20:25:17+00:00,,2026-08-31T22:00:00+00:00,18,2026-08-31T22:00:00+00:00
1735,02110000001735,2,19,USD,active,4344.84,4844.84,2022-07-25T10:19:15+00:00,,2026-09-20T15:39:33+00:00,3,2026-09-20T15:39:33+00:00
1736,02100000001736,2,3,USD,active,29638.68,30138.68,2024-04-29T02:18:55+00:00,,2026-09-22T12:52:22+00:00,14,2026-09-22T12:52:22+00:00
1737,02100000001737,4,3,USD,closed,0,0,2024-07-22T14:09:19+00:00,2026-04-15T23:16:33+00:00,,0,2026-04-15T23:16:33+00:00
1738,02100000001738,9,3,USD,active,0,10000.00,2025-05-26T20:49:35+00:00,,,0,2025-05-26T20:49:35+00:00
1739,02100000001739,1,1,USD,active,33371.92,33371.92,2008-09-26T03:47:27+00:00,,2026-09-20T20:33:24+00:00,16,2026-09-20T20:33:24+00:00
1740,02100000001740,4,1,USD,active,52692.78,52692.78,2015-11-09T10:31:34+00:00,,2026-08-31T22:00:00+00:00,3,2026-08-31T22:00:00+00:00
1741,02100000001741,1,3,USD,active,10765.69,10765.69,2019-05-23T07:44:05+00:00,,2026-09-14T09:00:00+00:00,29,2026-09-14T09:00:00+00:00
1742,02100000001742,8,3,USD,active,1149.46,1350.54,2024-08-07T15:37:29+00:00,,2026-09-22T13:08:00+00:00,18,2026-09-22T13:08:00+00:00
1743,02110000001743,1,18,USD,active,24614.21,24614.21,2015-10-13T12:48:22+00:00,,2026-09-06T16:13:11+00:00,14,2026-09-06T16:13:11+00:00
1744,02110000001744,3,18,USD,active,4385.33,4385.33,2020-01-18T05:36:16+00:00,,2026-08-31T22:00:00+00:00,3,2026-08-31T22:00:00+00:00
1745,02110000001745,5,18,USD,active,9799.76,9799.76,2022-12-16T20:02:34+00:00,,2026-08-31T22:00:00+00:00,12,2026-08-31T22:00:00+00:00
1746,02110000001746,9,18,USD,active,2501.38,-1.38,2016-06-12T00:11:17+00:00,,2026-08-31T22:00:00+00:00,9,2026-08-31T22:00:00+00:00
1747,02100000001747,1,12,USD,active,11453.10,11453.10,2012-01-18T11:47:08+00:00,,2026-09-19T23:24:04+00:00,2,2026-09-19T23:24:04+00:00
1748,02100000001748,4,12,USD,active,18168.11,18168.11,2024-03-14T00:34:04+00:00,,2026-08-31T22:00:00+00:00,2,2026-08-31T22:00:00+00:00
1749,02100000001749,8,12,USD,active,0,1000.00,2020-01-07T06:28:01+00:00,,,0,2020-01-07T06:28:01+00:00
1750,02110000001750,1,22,USD,active,10281.16,10281.16,2022-07-30T14:38:07+00:00,,2026-09-18T17:19:36+00:00,22,2026-09-18T17:19:36+00:00
1751,02110000001751,3,22,USD,active,1445.75,1445.75,2022-12-22T17:30:49+00:00,,2026-08-31T22:00:00+00:00,13,2026-08-31T22:00:00+00:00
1752,02110000001752,1,23,USD,active,14268.25,14268.25,2016-07-09T14:53:33+00:00,,2026-09-22T09:00:00+00:00,39,2026-09-22T09:00:00+00:00
1753,02100000001753,1,4,USD,active,3340.63,3340.63,2016-10-09T19:01:16+00:00,,2026-09-20T12:20:27+00:00,4,2026-09-20T12:20:27+00:00
1754,02100000001754,3,4,USD,closed,0,0,2018-11-08T18:48:41+00:00,2024-03-14T02:25:27+00:00,,0,2024-03-14T02:25:27+00:00
1755,02100000001755,9,4,USD,active,0,5000.00,2025-10-24T18:03:52+00:00,,,0,2025-10-24T18:03:52+00:00
1756,02100000001756,1,9,USD,active,20989.81,20989.81,2012-01-23T22:25:35+00:00,,2026-05-12T19:16:34+00:00,38,2026-05-12T19:16:34+00:00
1757,02100000001757,3,9,USD,active,4328.09,4328.09,2015-10-21T20:21:42+00:00,,2026-08-31T22:00:00+00:00,9,2026-08-31T22:00:00+00:00
1758,02100000001758,15,9,EUR,active,2176.36,2176.36,2023-11-23T16:38:57+00:00,,2026-04-30T23:59:00+00:00,15,2026-04-30T23:59:00+00:00
1759,02100000001759,2,12,USD,active,26174.63,26674.63,2024-03-14T23:19:07+00:00,,2026-09-18T18:28:23+00:00,18,2026-09-18T18:28:23+00:00
1760,02100000001760,4,12,USD,active,3317.14,3317.14,2026-07-27T17:01:45+00:00,,2026-08-31T22:00:00+00:00,16,2026-08-31T22:00:00+00:00
1761,02100000001761,2,11,USD,active,29833.18,30333.18,2026-02-24T13:00:12+00:00,,2026-09-22T18:46:16+00:00,20,2026-09-22T18:46:16+00:00
1762,02100000001762,2,8,USD,active,29203.87,29703.87,2023-06-25T12:01:07+00:00,,2026-09-15T09:00:00+00:00,21,2026-09-15T09:00:00+00:00
1763,02100000001763,4,8,USD,active,72438.11,72438.11,2024-01-27T00:14:29+00:00,,2026-08-31T22:00:00+00:00,10,2026-08-31T22:00:00+00:00
1764,02100000001764,9,8,USD,active,1418.82,3581.18,2023-09-18T21:50:33+00:00,,2026-09-16T17:38:01+00:00,7,2026-09-16T17:38:01+00:00
1765,02110000001765,1,15,USD,active,3783.98,3783.98,2021-06-27T19:25:48+00:00,,2026-09-21T12:03:46+00:00,15,2026-09-21T12:03:46+00:00
1766,02110000001766,1,25,USD,active,2286.00,2286.00,2017-08-17T19:01:59+00:00,,2026-09-22T09:00:00+00:00,15,2026-09-22T09:00:00+00:00
1767,02110000001767,4,25,USD,active,7149.75,7149.75,2019-01-15T00:57:00+00:00,,2026-08-31T22:00:00+00:00,28,2026-08-31T22:00:00+00:00
1768,02100000001768,2,8,USD,active,16476.74,16976.74,2015-02-19T20:20:42+00:00,,2026-09-19T18:44:49+00:00,3,2026-09-19T18:44:49+00:00
1769,02100000001769,9,8,USD,closed,0,25000.00,2022-08-16T01:14:22+00:00,2026-03-15T13:48:26+00:00,,0,2026-03-15T13:48:26+00:00
1770,02100000001770,2,7,USD,active,15819.17,16319.17,2016-12-14T05:28:25+00:00,,2026-09-10T09:00:00+00:00,31,2026-09-10T09:00:00+00:00
1771,02100000001771,4,7,USD,active,71008.50,71008.50,2018-08-06T19:03:14+00:00,,2026-08-31T22:00:00+00:00,12,2026-08-31T22:00:00+00:00
1772,02100000001772,9,7,USD,active,1678.01,821.99,2017-07-28T13:28:42+00:00,,2026-09-15T19:31:37+00:00,30,2026-09-15T19:31:37+00:00
1773,02110000001773,8,22,USD,active,0,1000.00,2022-10-28T10:32:23+00:00,,,0,2022-10-28T10:32:23+00:00
1774,02110000001774,2,18,USD,active,38929.88,39429.88,2020-11-27T11:06:16+00:00,,2026-09-21T09:00:00+00:00,28,2026-09-21T09:00:00+00:00
1775,02110000001775,3,18,USD,active,1349.87,1349.87,2023-01-18T13:23:02+00:00,,2026-08-31T22:00:00+00:00,30,2026-08-31T22:00:00+00:00
1776,02110000001776,9,18,USD,active,963.83,36.17,2024-07-23T00:38:17+00:00,,2026-09-20T22:51:57+00:00,17,2026-09-20T22:51:57+00:00
1777,02110000001777,2,19,USD,closed,0,0,2009-02-01T06:45:56+00:00,2015-02-23T15:41:47+00:00,,0,2015-02-23T15:41:47+00:00
1778,02110000001778,4,19,USD,closed,0,0,2023-07-29T22:14:46+00:00,2025-06-08T14:56:34+00:00,,0,2025-06-08T14:56:34+00:00
1779,02110000001779,2,20,USD,active,7322.33,7822.33,2016-10-17T19:34:31+00:00,,2026-09-20T09:00:00+00:00,3,2026-09-20T09:00:00+00:00
1780,02100000001780,2,3,USD,active,38496.71,38996.71,2022-04-27T14:29:14+00:00,,2026-09-22T16:15:39+00:00,22,2026-09-22T16:15:39+00:00
1781,02100000001781,3,3,USD,active,4316.04,4316.04,2025-04-21T14:58:17+00:00,,2026-08-31T22:00:00+00:00,27,2026-08-31T22:00:00+00:00
1782,02110000001782,1,22,USD,active,1746.01,1746.01,2025-10-01T05:33:16+00:00,,2026-09-16T22:45:53+00:00,7,2026-09-16T22:45:53+00:00
1783,02110000001783,3,22,USD,active,4800.00,4800.00,2026-02-27T02:25:02+00:00,,2026-08-31T22:00:00+00:00,20,2026-08-31T22:00:00+00:00
1784,02110000001784,1,21,USD,active,11290.65,11290.65,2011-07-09T06:58:38+00:00,,2026-08-14T15:33:25+00:00,36,2026-08-14T15:33:25+00:00
1785,02110000001785,3,21,USD,active,855.46,855.46,2019-04-01T15:51:14+00:00,,2026-08-31T22:00:00+00:00,9,2026-08-31T22:00:00+00:00
1786,02100000001786,1,1,USD,active,162.89,162.89,2010-01-25T20:14:57+00:00,,2026-09-21T22:43:25+00:00,31,2026-09-21T22:43:25+00:00
1787,02100000001787,4,3,USD,active,9636.61,9636.61,2025-07-21T18:36:48+00:00,,2026-08-31T22:00:00+00:00,2,2026-08-31T22:00:00+00:00
1788,02100000001788,9,3,USD,active,3481.05,-2481.05,2025-09-18T13:20:54+00:00,,2026-08-31T22:00:00+00:00,7,2026-08-31T22:00:00+00:00
1789,02110000001789,1,18,USD,dormant,140.94,140.94,2016-06-02T08:25:26+00:00,,2026-08-31T22:00:00+00:00,19,2026-08-31T22:00:00+00:00
1790,02110000001790,4,18,USD,active,61018.67,61018.67,2024-01-02T14:40:02+00:00,,2026-08-31T22:00:00+00:00,9,2026-08-31T22:00:00+00:00
1791,02110000001791,9,18,USD,active,0,2500.00,2018-12-19T01:13:41+00:00,,,0,2018-12-19T01:13:41+00:00
1792,02110000001792,1,20,USD,active,8047.91,8047.91,2020-03-24T15:36:19+00:00,,2026-09-20T23:30:05+00:00,31,2026-09-20T23:30:05+00:00
1793,02110000001793,3,20,USD,active,1311.88,1311.88,2022-01-23T06:43:24+00:00,,2026-08-31T22:00:00+00:00,12,2026-08-31T22:00:00+00:00
1794,02100000001794,1,2,USD,active,27492.10,27492.10,2015-04-07T06:02:40+00:00,,2026-09-22T13:23:32+00:00,38,2026-09-22T13:23:32+00:00
1795,02100000001795,4,2,USD,active,58926.89,58926.89,2019-06-01T06:34:29+00:00,,2026-08-31T22:00:00+00:00,5,2026-08-31T22:00:00+00:00
1796,02110000001796,1,22,USD,active,8549.21,8549.21,2014-01-16T10:48:32+00:00,,2026-09-20T09:00:00+00:00,28,2026-09-20T09:00:00+00:00
1797,02110000001797,5,22,USD,active,57262.28,57262.28,2018-11-19T11:37:04+00:00,,2026-08-31T22:00:00+00:00,2,2026-08-31T22:00:00+00:00
1798,02100000001798,1,12,USD,active,9218.33,9218.33,2013-07-12T04:43:51+00:00,,2026-09-22T19:09:12+00:00,2,2026-09-22T19:09:12+00:00
1799,02110000001799,2,24,USD,active,10776.90,11276.90,2015-07-05T07:37:10+00:00,,2026-09-17T21:52:26+00:00,28,2026-09-17T21:52:26+00:00
1800,02110000001800,3,24,USD,active,733.75,733.75,2024-03-31T19:59:11+00:00,,2026-08-31T22:00:00+00:00,23,2026-08-31T22:00:00+00:00
1801,02110000001801,1,14,USD,active,15346.71,15346.71,2014-07-30T09:37:17+00:00,,2026-09-17T09:00:00+00:00,21,2026-09-17T09:00:00+00:00
1802,02110000001802,8,14,USD,active,5257.61,2242.39,2018-08-30T12:00:00+00:00,,2026-09-22T16:36:00+00:00,32,2026-09-22T16:36:00+00:00
1803,02110000001803,2,24,USD,active,20386.25,20886.25,2010-09-21T07:28:10+00:00,,2026-09-22T15:00:00+00:00,38,2026-09-22T15:00:00+00:00
1804,02110000001804,4,24,USD,active,72550.84,72550.84,2018-08-20T07:46:26+00:00,,2026-08-31T22:00:00+00:00,34,2026-08-31T22:00:00+00:00
1805,02110000001805,9,24,USD,active,5069.27,19930.73,2023-04-26T08:20:41+00:00,,2026-07-13T22:21:10+00:00,11,2026-07-13T22:21:10+00:00
1806,02110000001806,1,21,USD,active,1500.89,1500.89,2015-06-22T21:09:38+00:00,,2026-09-21T15:40:42+00:00,28,2026-09-21T15:40:42+00:00
1807,02110000001807,3,21,USD,active,7346.34,7346.34,2026-03-24T12:47:17+00:00,,2026-08-31T22:00:00+00:00,15,2026-08-31T22:00:00+00:00
1808,02110000001808,1,14,USD,active,6968.67,6968.67,2015-03-04T15:53:39+00:00,,2026-09-15T17:28:30+00:00,29,2026-09-15T17:28:30+00:00
1809,02110000001809,3,14,USD,active,1589.94,1589.94,2018-02-13T05:20:46+00:00,,2026-08-31T22:00:00+00:00,35,2026-08-31T22:00:00+00:00
1810,02110000001810,2,25,USD,active,4516.49,5016.49,2018-11-24T16:14:32+00:00,,2026-09-21T13:23:25+00:00,15,2026-09-21T13:23:25+00:00
1811,02110000001811,3,25,USD,active,3845.06,3845.06,2024-07-04T09:33:31+00:00,,2026-08-31T22:00:00+00:00,23,2026-08-31T22:00:00+00:00
1812,02110000001812,8,25,USD,active,2058.03,22941.97,2019-08-26T17:18:49+00:00,,2026-09-21T14:28:41+00:00,25,2026-09-21T14:28:41+00:00
1813,02100000001813,1,9,USD,active,31899.33,31899.33,2008-03-24T15:48:53+00:00,,2026-09-16T22:50:44+00:00,5,2026-09-16T22:50:44+00:00
1814,02100000001814,3,5,USD,active,3337.80,3337.80,2026-06-26T07:54:06+00:00,,2026-08-31T22:00:00+00:00,15,2026-08-31T22:00:00+00:00
1815,02100000001815,2,7,USD,active,15078.86,15578.86,2021-07-20T11:22:17+00:00,,2026-09-16T05:18:59+00:00,26,2026-09-16T05:18:59+00:00
1816,02100000001816,5,7,USD,active,38164.84,38164.84,2021-10-04T09:57:56+00:00,,2026-08-31T22:00:00+00:00,33,2026-08-31T22:00:00+00:00
1817,02100000001817,8,7,USD,active,1378.91,23621.09,2021-12-30T20:39:05+00:00,,2026-06-28T12:23:18+00:00,9,2026-06-28T12:23:18+00:00
1818,02100000001818,1,6,USD,active,12771.23,12771.23,2023-06-09T05:07:18+00:00,,2026-09-19T21:29:21+00:00,18,2026-09-19T21:29:21+00:00
1819,02100000001819,3,6,USD,active,1393.07,1393.07,2024-10-19T20:30:00+00:00,,2026-08-31T22:00:00+00:00,5,2026-08-31T22:00:00+00:00
1820,02100000001820,2,4,USD,active,2298.54,2798.54,2015-12-08T06:50:57+00:00,,2026-09-22T13:00:51+00:00,1,2026-09-22T13:00:51+00:00
1821,02100000001821,3,4,USD,active,4917.30,4917.30,2021-12-02T06:52:04+00:00,,2026-08-31T22:00:00+00:00,17,2026-08-31T22:00:00+00:00
1822,02110000001822,1,23,USD,active,9694.32,9694.32,2024-04-19T04:15:36+00:00,,2026-09-16T14:37:17+00:00,9,2026-09-16T14:37:17+00:00
1823,02110000001823,9,23,USD,active,973.76,24026.24,2025-11-06T12:06:09+00:00,,2026-09-22T17:33:44+00:00,33,2026-09-22T17:33:44+00:00
1824,02100000001824,1,9,USD,active,69337.59,69337.59,2022-09-28T21:01:44+00:00,,2026-09-21T09:00:00+00:00,22,2026-09-21T09:00:00+00:00
1825,02100000001825,3,9,USD,active,5159.02,5159.02,2025-09-23T11:45:22+00:00,,2026-08-31T22:00:00+00:00,26,2026-08-31T22:00:00+00:00
1826,02110000001826,2,15,USD,active,33603.00,34103.00,2017-07-22T20:36:14+00:00,,2026-09-21T12:54:43+00:00,5,2026-09-21T12:54:43+00:00
1827,02100000001827,2,8,USD,active,57849.60,58349.60,2015-09-17T04:53:09+00:00,,2026-09-22T09:00:00+00:00,10,2026-09-22T09:00:00+00:00
1828,02100000001828,2,3,USD,active,61203.92,61703.92,2023-10-26T01:24:03+00:00,,2026-09-22T18:22:27+00:00,13,2026-09-22T18:22:27+00:00
1829,02100000001829,3,3,USD,active,9831.71,9831.71,2025-07-21T17:01:23+00:00,,2026-08-31T22:00:00+00:00,18,2026-08-31T22:00:00+00:00
1830,02100000001830,1,12,USD,active,17542.63,17542.63,2023-02-01T09:28:01+00:00,,2026-09-13T09:00:00+00:00,2,2026-09-13T09:00:00+00:00
1831,02100000001831,3,12,USD,active,5576.88,5576.88,2026-05-15T16:13:00+00:00,,2026-08-31T22:00:00+00:00,32,2026-08-31T22:00:00+00:00
1832,02100000001832,9,12,USD,active,812.74,6687.26,2025-04-29T09:51:34+00:00,,2026-07-17T19:53:51+00:00,19,2026-07-17T19:53:51+00:00
1833,02100000001833,2,10,USD,active,28084.06,28584.06,2023-03-22T22:01:33+00:00,,2026-09-20T18:24:46+00:00,12,2026-09-20T18:24:46+00:00
1834,02100000001834,3,10,USD,active,651.85,651.85,2025-11-24T00:33:49+00:00,,2026-08-31T22:00:00+00:00,28,2026-08-31T22:00:00+00:00
1835,02100000001835,1,6,USD,active,17144.05,17144.05,2018-11-28T14:15:38+00:00,,2026-09-18T17:01:36+00:00,29,2026-09-18T17:01:36+00:00
1836,02100000001836,4,6,USD,active,10531.31,10531.31,2019-04-11T13:24:47+00:00,,2026-08-31T22:00:00+00:00,31,2026-08-31T22:00:00+00:00
1837,02100000001837,1,3,USD,active,24637.78,24637.78,2010-12-01T22:07:31+00:00,,2026-09-19T12:30:59+00:00,4,2026-09-19T12:30:59+00:00
1838,02100000001838,3,3,USD,active,8190.03,8190.03,2022-10-30T18:58:21+00:00,,2026-08-31T22:00:00+00:00,10,2026-08-31T22:00:00+00:00
1839,02100000001839,8,3,USD,active,0,1000.00,2024-09-10T11:18:08+00:00,,,0,2024-09-10T11:18:08+00:00
1840,02100000001840,1,9,USD,active,12990.02,12990.02,2019-03-19T04:22:47+00:00,,2026-09-20T15:00:27+00:00,24,2026-09-20T15:00:27+00:00
1841,02100000001841,4,9,USD,active,22687.92,22687.92,2019-06-20T00:15:16+00:00,,2026-08-31T22:00:00+00:00,4,2026-08-31T22:00:00+00:00
1842,02100000001842,8,9,USD,active,0.00,7500.00,2021-03-29T04:26:58+00:00,,2026-05-25T18:00:00+00:00,39,2026-05-25T18:00:00+00:00
1843,02100000001843,1,7,USD,active,2243.54,2243.54,2024-01-17T11:15:13+00:00,,2026-09-15T15:23:52+00:00,34,2026-09-15T15:23:52+00:00
1844,02100000001844,4,7,USD,active,7272.43,7272.43,2025-01-11T15:28:40+00:00,,2026-08-31T22:00:00+00:00,17,2026-08-31T22:00:00+00:00
1845,02100000001845,8,7,USD,active,1019.81,-19.81,2026-02-10T01:28:25+00:00,,2026-08-31T22:00:00+00:00,10,2026-08-31T22:00:00+00:00
1846,02100000001846,1,6,USD,active,2463.51,2463.51,2022-10-21T08:05:18+00:00,,2026-09-21T20:13:45+00:00,28,2026-09-21T20:13:45+00:00
1847,02100000001847,3,6,USD,active,3963.32,3963.32,2023-07-15T05:14:25+00:00,,2026-08-31T22:00:00+00:00,34,2026-08-31T22:00:00+00:00
1848,02100000001848,5,6,USD,active,18774.82,18774.82,2025-10-19T13:43:00+00:00,,2026-08-31T22:00:00+00:00,16,2026-08-31T22:00:00+00:00
1849,02100000001849,1,3,USD,active,11833.13,11833.13,2025-01-09T11:23:01+00:00,,2026-09-22T15:41:31+00:00,2,2026-09-22T15:41:31+00:00
1850,02100000001850,3,3,USD,active,1423.52,1423.52,2026-07-12T11:21:41+00:00,,2026-08-31T22:00:00+00:00,18,2026-08-31T22:00:00+00:00
1851,02110000001851,1,20,USD,active,7676.43,7676.43,2011-05-02T06:13:32+00:00,,2026-09-02T09:00:00+00:00,22,2026-09-02T09:00:00+00:00
1852,02110000001852,5,20,USD,active,52269.68,52269.68,2018-06-25T17:08:06+00:00,,2026-08-31T22:00:00+00:00,6,2026-08-31T22:00:00+00:00
1853,02110000001853,9,20,USD,active,5400.41,19599.59,2021-03-30T01:41:02+00:00,,2026-09-20T13:09:19+00:00,25,2026-09-20T13:09:19+00:00
1854,02110000001854,2,13,USD,active,24308.78,24808.78,2024-10-24T20:26:59+00:00,,2026-09-22T14:21:13+00:00,2,2026-09-22T14:21:13+00:00
1855,02110000001855,4,13,USD,active,3955.51,3955.51,2026-08-07T10:51:24+00:00,,2026-08-31T22:00:00+00:00,13,2026-08-31T22:00:00+00:00
1856,02110000001856,2,19,USD,active,12320.77,12820.77,2012-12-05T16:44:14+00:00,,2026-09-18T19:26:42+00:00,12,2026-09-18T19:26:42+00:00
1857,02110000001857,3,19,USD,active,946.49,946.49,2014-01-06T01:50:05+00:00,,2026-08-31T22:00:00+00:00,11,2026-08-31T22:00:00+00:00
1858,02100000001858,1,12,USD,active,31117.23,31117.23,2022-03-23T05:56:48+00:00,,2026-09-21T04:42:12+00:00,36,2026-09-21T04:42:12+00:00
1859,02100000001859,3,12,USD,dormant,129.56,129.56,2022-05-26T15:26:07+00:00,,2026-08-31T22:00:00+00:00,27,2026-08-31T22:00:00+00:00
1860,02100000001860,9,12,USD,closed,0,2500.00,2024-11-22T05:54:27+00:00,2025-06-09T10:15:57+00:00,,0,2025-06-09T10:15:57+00:00
1861,02110000001861,2,16,USD,active,19011.63,19511.63,2023-12-30T18:46:31+00:00,,2026-09-16T09:00:00+00:00,36,2026-09-16T09:00:00+00:00
1862,02110000001862,5,16,USD,active,45987.63,45987.63,2024-09-28T03:56:25+00:00,,2026-08-31T22:00:00+00:00,34,2026-08-31T22:00:00+00:00
1863,02110000001863,9,16,USD,active,2499.48,0.52,2026-07-24T10:39:46+00:00,,2026-09-12T23:10:16+00:00,4,2026-09-12T23:10:16+00:00
1864,02110000001864,3,22,USD,dormant,213.31,213.31,2019-08-22T02:43:31+00:00,,2026-08-31T22:00:00+00:00,24,2026-08-31T22:00:00+00:00
1865,02110000001865,1,16,USD,active,661.43,661.43,2010-10-08T11:49:16+00:00,,2026-09-19T16:11:23+00:00,11,2026-09-19T16:11:23+00:00
1866,02110000001866,3,16,USD,active,7976.74,7976.74,2022-08-15T02:32:37+00:00,,2026-08-31T22:00:00+00:00,3,2026-08-31T22:00:00+00:00
1867,02100000001867,2,5,USD,active,48431.97,48931.97,2013-06-29T04:08:07+00:00,,2026-09-20T12:33:27+00:00,36,2026-09-20T12:33:27+00:00
1868,02110000001868,1,25,USD,active,17216.64,17216.64,2009-04-04T08:31:09+00:00,,2026-09-21T22:35:00+00:00,7,2026-09-21T22:35:00+00:00
1869,02110000001869,3,25,USD,active,4551.49,4551.49,2024-01-17T16:57:07+00:00,,2026-08-31T22:00:00+00:00,16,2026-08-31T22:00:00+00:00
1870,02100000001870,1,10,USD,active,15036.75,15036.75,2011-11-17T04:59:58+00:00,,2026-09-21T19:55:45+00:00,10,2026-09-21T19:55:45+00:00
1871,02100000001871,3,10,USD,active,5138.48,5138.48,2025-03-23T08:57:24+00:00,,2026-08-31T22:00:00+00:00,18,2026-08-31T22:00:00+00:00
1872,02110000001872,1,20,USD,active,18464.67,18464.67,2013-12-01T18:46:23+00:00,,2026-09-21T22:16:25+00:00,39,2026-09-21T22:16:25+00:00
1873,02100000001873,1,8,USD,active,30156.70,30156.70,2015-03-14T02:00:45+00:00,,2026-09-20T18:45:16+00:00,34,2026-09-20T18:45:16+00:00
1874,02100000001874,4,8,USD,active,3492.82,3492.82,2024-06-03T08:53:14+00:00,,2026-08-31T22:00:00+00:00,24,2026-08-31T22:00:00+00:00
1875,02100000001875,5,8,USD,active,54635.03,54635.03,2018-03-28T08:53:23+00:00,,2026-08-31T22:00:00+00:00,24,2026-08-31T22:00:00+00:00
1876,02100000001876,1,5,USD,active,13652.11,13652.11,2012-01-09T04:24:51+00:00,,2026-09-22T04:29:31+00:00,21,2026-09-22T04:29:31+00:00
1877,02100000001877,4,5,USD,active,8687.58,8687.58,2023-08-21T13:14:13+00:00,,2026-08-31T22:00:00+00:00,24,2026-08-31T22:00:00+00:00
1878,02100000001878,8,5,USD,active,0,1000.00,2026-09-16T13:13:09+00:00,,,0,2026-09-16T13:13:09+00:00
1879,02110000001879,1,13,USD,active,2514.84,2514.84,2012-06-13T07:04:19+00:00,,2026-09-19T20:52:27+00:00,8,2026-09-19T20:52:27+00:00
1880,02100000001880,1,2,USD,active,1914.19,1914.19,2024-01-29T17:54:24+00:00,,2026-09-16T18:34:43+00:00,8,2026-09-16T18:34:43+00:00
1881,02110000001881,1,13,USD,active,12215.52,12215.52,2010-04-21T15:02:34+00:00,,2026-09-20T18:07:09+00:00,13,2026-09-20T18:07:09+00:00
1882,02110000001882,1,25,USD,active,22472.28,22472.28,2011-10-11T09:37:49+00:00,,2026-09-15T09:00:00+00:00,11,2026-09-15T09:00:00+00:00
1883,02100000001883,1,11,USD,active,2686.19,2686.19,2022-10-13T13:14:49+00:00,,2026-09-13T12:22:26+00:00,3,2026-09-13T12:22:26+00:00
1884,02110000001884,1,18,USD,active,2219.62,2219.62,2016-10-08T20:29:43+00:00,,2026-09-12T13:40:47+00:00,14,2026-09-12T13:40:47+00:00
1885,02110000001885,9,18,USD,active,713.61,286.39,2022-08-05T16:53:36+00:00,,2026-09-20T23:58:51+00:00,23,2026-09-20T23:58:51+00:00
1886,02110000001886,1,13,USD,active,5071.14,5071.14,2019-10-04T03:53:05+00:00,,2026-09-22T02:02:37+00:00,15,2026-09-22T02:02:37+00:00
1887,02110000001887,3,13,USD,active,3391.02,3391.02,2021-03-01T12:13:31+00:00,,2026-08-31T22:00:00+00:00,40,2026-08-31T22:00:00+00:00
1888,02110000001888,8,13,USD,active,1546.37,3453.63,2020-01-13T02:40:22+00:00,,2026-09-08T23:34:57+00:00,38,2026-09-08T23:34:57+00:00
1889,02110000001889,2,24,USD,active,21938.48,22438.48,2021-11-15T18:17:25+00:00,,2026-09-22T13:41:39+00:00,7,2026-09-22T13:41:39+00:00
1890,02110000001890,4,24,USD,active,50180.18,50180.18,2022-04-11T00:27:07+00:00,,2026-08-31T22:00:00+00:00,40,2026-08-31T22:00:00+00:00
1891,02100000001891,1,7,USD,active,29767.00,29767.00,2022-05-14T06:36:01+00:00,,2026-09-21T15:56:36+00:00,9,2026-09-21T15:56:36+00:00
1892,02100000001892,1,11,USD,active,9617.82,9617.82,2014-02-09T00:21:30+00:00,,2026-09-22T16:10:39+00:00,26,2026-09-22T16:10:39+00:00
1893,02100000001893,3,11,USD,closed,0,0,2025-11-08T07:44:59+00:00,2026-04-21T06:45:13+00:00,,0,2026-04-21T06:45:13+00:00
1894,02100000001894,8,11,USD,active,0.00,1000.00,2018-05-24T20:56:46+00:00,,2026-06-25T18:00:00+00:00,20,2026-06-25T18:00:00+00:00
1895,02110000001895,2,22,USD,active,32266.85,32766.85,2025-05-28T08:19:41+00:00,,2026-09-22T09:00:00+00:00,17,2026-09-22T09:00:00+00:00
1896,02110000001896,3,22,USD,active,1174.56,1174.56,2026-01-03T02:53:15+00:00,,2026-08-31T22:00:00+00:00,1,2026-08-31T22:00:00+00:00
1897,02110000001897,1,23,USD,active,29229.06,29229.06,2020-01-11T06:23:50+00:00,,2026-09-08T09:00:00+00:00,36,2026-09-08T09:00:00+00:00
1898,02110000001898,8,23,USD,active,1138.89,8861.11,2020-07-29T13:42:04+00:00,,2026-09-22T15:20:20+00:00,15,2026-09-22T15:20:20+00:00
1899,02110000001899,1,13,USD,active,4475.22,4475.22,2026-01-09T14:21:40+00:00,,2026-09-16T13:59:50+00:00,27,2026-09-16T13:59:50+00:00
1900,02110000001900,4,13,USD,active,10963.64,10963.64,2026-01-26T06:20:59+00:00,,2026-08-31T22:00:00+00:00,8,2026-08-31T22:00:00+00:00
1901,02110000001901,1,15,USD,active,21919.02,21919.02,2023-11-15T06:13:49+00:00,,2026-09-20T16:29:26+00:00,27,2026-09-20T16:29:26+00:00
1902,02110000001902,3,15,USD,active,2110.06,2110.06,2025-08-31T08:25:35+00:00,,2026-08-31T22:00:00+00:00,21,2026-08-31T22:00:00+00:00
1903,02110000001903,1,23,USD,active,2312.22,2312.22,2024-09-11T21:05:31+00:00,,2026-09-22T20:22:45+00:00,26,2026-09-22T20:22:45+00:00
1904,02110000001904,4,23,USD,active,3285.84,3285.84,2025-04-03T07:59:30+00:00,,2026-08-31T22:00:00+00:00,40,2026-08-31T22:00:00+00:00
1905,02110000001905,5,23,USD,active,7292.34,7292.34,2025-03-11T13:33:48+00:00,,2026-08-31T22:00:00+00:00,13,2026-08-31T22:00:00+00:00
1906,02110000001906,8,23,USD,active,0,25000.00,2026-04-13T20:13:28+00:00,,,0,2026-04-13T20:13:28+00:00
1907,02110000001907,1,13,USD,active,1146.12,1146.12,2013-02-02T00:32:52+00:00,,2026-09-19T12:54:59+00:00,3,2026-09-19T12:54:59+00:00
1908,02100000001908,1,9,USD,active,38481.78,38481.78,2014-01-09T21:36:56+00:00,,2026-09-20T23:36:15+00:00,35,2026-09-20T23:36:15+00:00
1909,02100000001909,1,11,USD,active,3598.38,3598.38,2008-04-25T00:18:06+00:00,,2026-09-20T18:13:11+00:00,27,2026-09-20T18:13:11+00:00
1910,02100000001910,3,11,USD,active,2178.32,2178.32,2012-01-16T04:29:31+00:00,,2026-08-31T22:00:00+00:00,12,2026-08-31T22:00:00+00:00
1911,02100000001911,1,6,USD,active,5850.53,5850.53,2017-07-02T22:36:33+00:00,,2026-09-21T20:53:21+00:00,7,2026-09-21T20:53:21+00:00
1912,02100000001912,4,6,USD,active,75256.21,75256.21,2025-08-11T20:01:55+00:00,,2026-08-31T22:00:00+00:00,16,2026-08-31T22:00:00+00:00
1913,02110000001913,1,16,USD,active,18882.54,18882.54,2023-04-08T06:18:28+00:00,,2026-09-17T22:12:25+00:00,20,2026-09-17T22:12:25+00:00
1914,02100000001914,1,7,USD,active,20228.95,20228.95,2013-11-21T07:47:09+00:00,,2026-09-19T21:38:58+00:00,19,2026-09-19T21:38:58+00:00
1915,02110000001915,1,20,USD,active,375.16,375.16,2020-07-18T03:25:58+00:00,,2026-09-21T17:14:19+00:00,28,2026-09-21T17:14:19+00:00
1916,02100000001916,1,11,USD,active,1274.38,1274.38,2019-02-17T03:29:24+00:00,,2026-09-18T19:27:37+00:00,21,2026-09-18T19:27:37+00:00
1917,02100000001917,4,11,USD,closed,0,0,2020-05-02T22:48:57+00:00,2024-01-11T11:25:32+00:00,,0,2024-01-11T11:25:32+00:00
1918,02100000001918,1,4,USD,active,23771.89,23771.89,2016-07-13T01:37:23+00:00,,2026-09-21T20:46:49+00:00,17,2026-09-21T20:46:49+00:00
1919,02100000001919,1,9,USD,active,4178.58,4178.58,2024-03-12T13:42:53+00:00,,2026-09-21T21:57:27+00:00,19,2026-09-21T21:57:27+00:00
1920,02100000001920,3,9,USD,active,11224.61,11224.61,2026-02-04T15:08:30+00:00,,2026-08-31T22:00:00+00:00,15,2026-08-31T22:00:00+00:00
1921,02110000001921,2,16,USD,active,47256.34,47756.34,2011-01-27T02:28:00+00:00,,2026-09-15T09:00:00+00:00,18,2026-09-15T09:00:00+00:00
1922,02110000001922,8,16,USD,active,1201.94,1298.06,2013-10-12T13:12:38+00:00,,2026-09-21T14:29:19+00:00,32,2026-09-21T14:29:19+00:00
1923,02100000001923,1,3,USD,active,1623.01,1623.01,2026-03-13T06:50:32+00:00,,2026-09-20T12:59:00+00:00,3,2026-09-20T12:59:00+00:00
1924,02100000001924,4,3,USD,active,61946.98,61946.98,2026-04-09T18:55:37+00:00,,2026-08-31T22:00:00+00:00,16,2026-08-31T22:00:00+00:00
1925,02100000001925,1,8,USD,active,380.60,380.60,2010-06-22T21:55:58+00:00,,2026-09-21T23:53:22+00:00,12,2026-09-21T23:53:22+00:00
1926,02100000001926,4,8,USD,active,45675.45,45675.45,2017-06-04T09:03:08+00:00,,2026-08-31T22:00:00+00:00,10,2026-08-31T22:00:00+00:00
1927,02100000001927,9,8,USD,active,3865.39,3634.61,2021-12-01T15:55:58+00:00,,2026-08-31T22:00:00+00:00,31,2026-08-31T22:00:00+00:00
1928,02110000001928,1,24,USD,active,16485.27,16485.27,2013-11-11T17:54:51+00:00,,2026-09-19T16:39:18+00:00,13,2026-09-19T16:39:18+00:00
1929,02110000001929,9,24,USD,closed,0,2500.00,2019-08-12T05:56:15+00:00,2023-07-05T00:38:40+00:00,,0,2023-07-05T00:38:40+00:00
1930,02110000001930,2,18,USD,active,25507.55,26007.55,2013-10-26T12:15:10+00:00,,2026-09-18T22:29:27+00:00,2,2026-09-18T22:29:27+00:00
1931,02110000001931,4,18,USD,active,84501.31,84501.31,2025-01-20T21:19:54+00:00,,2026-08-31T22:00:00+00:00,14,2026-08-31T22:00:00+00:00
1932,02110000001932,1,18,USD,active,23941.26,23941.26,2018-05-04T11:37:32+00:00,,2026-09-22T18:38:15+00:00,8,2026-09-22T18:38:15+00:00
1933,02110000001933,4,18,USD,active,35529.12,35529.12,2021-11-20T18:13:52+00:00,,2026-08-31T22:00:00+00:00,35,2026-08-31T22:00:00+00:00
1934,02110000001934,2,13,USD,active,50265.67,50765.67,2009-06-20T16:22:05+00:00,,2026-09-21T22:26:39+00:00,4,2026-09-21T22:26:39+00:00
1935,02110000001935,1,22,USD,active,25283.83,25283.83,2017-09-10T16:11:11+00:00,,2026-09-22T15:30:10+00:00,1,2026-09-22T15:30:10+00:00
1936,02110000001936,4,22,USD,active,10649.55,10649.55,2024-02-24T20:27:28+00:00,,2026-08-31T22:00:00+00:00,27,2026-08-31T22:00:00+00:00
1937,02110000001937,1,20,USD,active,8906.47,8906.47,2012-01-25T15:35:48+00:00,,2026-09-22T20:57:52+00:00,2,2026-09-22T20:57:52+00:00
1938,02110000001938,1,16,USD,active,12083.11,12083.11,2021-03-25T18:02:31+00:00,,2026-09-22T13:08:36+00:00,4,2026-09-22T13:08:36+00:00
1939,02110000001939,1,23,USD,active,8961.04,8961.04,2022-03-13T10:16:54+00:00,,2026-09-22T19:54:36+00:00,40,2026-09-22T19:54:36+00:00
1940,02100000001940,1,9,USD,active,11206.67,11206.67,2017-07-29T05:38:25+00:00,,2026-09-22T09:00:00+00:00,24,2026-09-22T09:00:00+00:00
1941,02100000001941,4,9,USD,dormant,109.66,109.66,2022-03-10T08:53:22+00:00,,2026-08-31T22:00:00+00:00,37,2026-08-31T22:00:00+00:00
1942,02110000001942,2,19,USD,active,27126.53,27626.53,2023-10-09T03:08:45+00:00,,2026-09-13T09:00:00+00:00,1,2026-09-13T09:00:00+00:00
1943,02110000001943,4,19,USD,active,15876.66,15876.66,2025-04-02T05:14:01+00:00,,2026-08-31T22:00:00+00:00,1,2026-08-31T22:00:00+00:00
1944,02110000001944,1,22,USD,closed,0,0,2012-04-20T10:58:54+00:00,2012-08-23T06:04:57+00:00,,0,2012-08-23T06:04:57+00:00
1945,02110000001945,3,22,USD,active,749.80,749.80,2025-04-29T08:18:11+00:00,,2026-08-31T22:00:00+00:00,10,2026-08-31T22:00:00+00:00
1946,02110000001946,8,22,USD,active,111.60,888.40,2013-04-23T18:18:48+00:00,,2026-08-31T22:00:00+00:00,20,2026-08-31T22:00:00+00:00
1947,02110000001947,15,22,EUR,active,4043.79,4043.79,2016-07-02T04:45:24+00:00,,2026-04-30T23:59:00+00:00,3,2026-04-30T23:59:00+00:00
1948,02100000001948,1,10,USD,active,5097.25,5097.25,2021-06-13T12:14:15+00:00,,2026-09-08T20:05:48+00:00,33,2026-09-08T20:05:48+00:00
1949,02100000001949,4,10,USD,active,8435.95,8435.95,2026-05-13T02:52:12+00:00,,2026-08-31T22:00:00+00:00,38,2026-08-31T22:00:00+00:00
1950,02100000001950,9,10,USD,active,2456.84,12543.16,2026-01-22T06:20:58+00:00,,2026-09-21T18:13:41+00:00,16,2026-09-21T18:13:41+00:00
1951,02110000001951,2,21,USD,active,10070.52,10570.52,2016-05-24T20:25:04+00:00,,2026-09-17T22:38:18+00:00,9,2026-09-17T22:38:18+00:00
1952,02110000001952,5,21,USD,active,8920.09,8920.09,2018-08-21T09:29:10+00:00,,2026-08-31T22:00:00+00:00,1,2026-08-31T22:00:00+00:00
1953,02110000001953,1,22,USD,active,20044.49,20044.49,2025-01-31T08:38:48+00:00,,2026-09-14T09:00:00+00:00,27,2026-09-14T09:00:00+00:00
1954,02110000001954,9,22,USD,active,6600.07,18399.93,2026-08-31T23:18:19+00:00,,2026-09-16T22:11:14+00:00,26,2026-09-16T22:11:14+00:00
1955,02110000001955,1,15,USD,active,29763.82,29763.82,2022-10-10T08:18:56+00:00,,2026-09-19T22:53:27+00:00,14,2026-09-19T22:53:27+00:00
1956,02110000001956,4,15,USD,active,18677.54,18677.54,2026-04-19T09:03:18+00:00,,2026-08-31T22:00:00+00:00,23,2026-08-31T22:00:00+00:00
1957,02110000001957,8,15,USD,frozen,1305.34,-305.34,2022-12-24T10:33:51+00:00,,2026-04-30T23:59:00+00:00,33,2026-04-30T23:59:00+00:00
1958,02110000001958,4,21,USD,active,76121.94,76121.94,2016-02-11T16:31:16+00:00,,2026-08-31T22:00:00+00:00,9,2026-08-31T22:00:00+00:00
1959,02110000001959,1,13,USD,active,11432.82,11432.82,2023-07-12T18:01:42+00:00,,2026-09-22T09:00:00+00:00,33,2026-09-22T09:00:00+00:00
1960,02110000001960,3,13,USD,active,7139.81,7139.81,2025-04-04T14:46:18+00:00,,2026-08-31T22:00:00+00:00,1,2026-08-31T22:00:00+00:00
1961,02110000001961,8,13,USD,active,1058.29,8941.71,2025-05-28T20:34:15+00:00,,2026-09-21T22:48:08+00:00,22,2026-09-21T22:48:08+00:00
1962,02110000001962,1,14,USD,active,308.12,308.12,2010-02-28T05:06:56+00:00,,2026-09-22T16:16:58+00:00,18,2026-09-22T16:16:58+00:00
1963,02100000001963,2,2,USD,active,8083.00,8583.00,2011-03-23T06:38:06+00:00,,2026-09-19T21:02:03+00:00,6,2026-09-19T21:02:03+00:00
1964,02100000001964,3,2,USD,active,3760.33,3760.33,2019-06-29T04:39:15+00:00,,2026-08-31T22:00:00+00:00,34,2026-08-31T22:00:00+00:00
1965,02100000001965,1,8,USD,active,9399.80,9399.80,2016-02-11T08:26:26+00:00,,2026-09-22T19:38:21+00:00,8,2026-09-22T19:38:21+00:00
1966,02100000001966,3,8,USD,active,3967.42,3967.42,2018-01-20T04:27:53+00:00,,2026-08-31T22:00:00+00:00,2,2026-08-31T22:00:00+00:00
1967,02100000001967,1,3,USD,active,471.86,471.86,2012-07-18T18:29:38+00:00,,2026-09-19T11:36:09+00:00,37,2026-09-19T11:36:09+00:00
1968,02110000001968,1,20,USD,active,23277.21,23277.21,2015-01-13T23:02:26+00:00,,2026-09-21T18:53:35+00:00,21,2026-09-21T18:53:35+00:00
1969,02110000001969,2,19,USD,active,2800.63,3300.63,2025-02-24T16:25:38+00:00,,2026-09-22T13:48:19+00:00,21,2026-09-22T13:48:19+00:00
1970,02110000001970,4,19,USD,active,29932.03,29932.03,2026-03-25T03:35:03+00:00,,2026-08-31T22:00:00+00:00,1,2026-08-31T22:00:00+00:00
1971,02110000001971,1,20,USD,active,2270.69,2270.69,2014-12-05T13:37:15+00:00,,2026-09-18T19:19:45+00:00,20,2026-09-18T19:19:45+00:00
1972,02110000001972,3,20,USD,active,2921.01,2921.01,2014-12-07T22:05:55+00:00,,2026-08-31T22:00:00+00:00,17,2026-08-31T22:00:00+00:00
1973,02100000001973,2,10,USD,active,31012.25,31512.25,2010-06-26T06:26:46+00:00,,2026-09-22T16:33:51+00:00,39,2026-09-22T16:33:51+00:00
1974,02100000001974,3,10,USD,active,5553.69,5553.69,2017-11-11T19:50:29+00:00,,2026-08-31T22:00:00+00:00,22,2026-08-31T22:00:00+00:00
1975,02110000001975,2,19,USD,active,14264.52,14764.52,2009-02-08T16:10:02+00:00,,2026-09-22T08:03:30+00:00,5,2026-09-22T08:03:30+00:00
1976,02110000001976,2,23,USD,active,27472.96,27972.96,2016-06-14T20:21:47+00:00,,2026-09-20T23:17:07+00:00,21,2026-09-20T23:17:07+00:00
1977,02110000001977,4,23,USD,active,5232.79,5232.79,2025-07-23T19:27:34+00:00,,2026-08-31T22:00:00+00:00,2,2026-08-31T22:00:00+00:00
1978,02110000001978,1,24,USD,active,4596.32,4596.32,2014-11-25T09:18:35+00:00,,2026-09-09T09:00:00+00:00,10,2026-09-09T09:00:00+00:00
1979,02110000001979,5,24,USD,active,48115.71,48115.71,2020-12-07T20:44:27+00:00,,2026-08-31T22:00:00+00:00,35,2026-08-31T22:00:00+00:00
1980,02110000001980,8,24,USD,active,3901.02,1098.98,2018-08-02T09:54:05+00:00,,2026-09-22T15:45:46+00:00,6,2026-09-22T15:45:46+00:00
1981,02100000001981,1,10,USD,active,9424.30,9424.30,2013-05-05T20:03:40+00:00,,2026-09-22T09:00:00+00:00,31,2026-09-22T09:00:00+00:00
1982,02100000001982,4,10,USD,active,7259.10,7259.10,2013-08-21T14:36:49+00:00,,2026-08-31T22:00:00+00:00,17,2026-08-31T22:00:00+00:00
1983,02100000001983,1,2,USD,active,491.12,491.12,2010-07-07T13:50:46+00:00,,2026-09-18T20:47:24+00:00,31,2026-09-18T20:47:24+00:00
1984,02100000001984,1,7,USD,active,12119.98,12119.98,2023-10-05T18:39:18+00:00,,2026-09-15T09:00:00+00:00,26,2026-09-15T09:00:00+00:00
1985,02100000001985,3,7,USD,active,8404.87,8404.87,2025-06-12T21:00:57+00:00,,2026-08-31T22:00:00+00:00,36,2026-08-31T22:00:00+00:00
1986,02100000001986,8,7,USD,active,2654.60,22345.40,2024-06-24T11:03:20+00:00,,2026-09-22T19:39:07+00:00,39,2026-09-22T19:39:07+00:00
1987,02100000001987,15,7,EUR,active,2358.90,2358.90,2023-10-30T13:58:19+00:00,,2026-04-30T23:59:00+00:00,5,2026-04-30T23:59:00+00:00
1988,02110000001988,1,18,USD,active,2499.97,2499.97,2010-05-04T15:32:35+00:00,,2026-09-06T19:26:53+00:00,38,2026-09-06T19:26:53+00:00
1989,02110000001989,1,20,USD,active,14656.81,14656.81,2021-10-25T12:20:48+00:00,,2026-09-21T19:37:46+00:00,10,2026-09-21T19:37:46+00:00
1990,02110000001990,9,20,USD,active,0,1000.00,2022-08-09T18:43:36+00:00,,,0,2022-08-09T18:43:36+00:00
1991,02110000001991,1,24,USD,active,25123.89,25123.89,2023-06-22T20:40:19+00:00,,2026-09-20T23:11:01+00:00,5,2026-09-20T23:11:01+00:00
1992,02110000001992,5,24,USD,active,31311.30,31311.30,2023-10-24T22:56:40+00:00,,2026-08-31T22:00:00+00:00,10,2026-08-31T22:00:00+00:00
1993,02100000001993,1,10,USD,active,1282.56,1282.56,2019-06-26T14:44:35+00:00,,2026-09-14T22:14:54+00:00,37,2026-09-14T22:14:54+00:00
1994,02100000001994,4,10,USD,active,11007.73,11007.73,2023-07-08T06:52:00+00:00,,2026-08-31T22:00:00+00:00,23,2026-08-31T22:00:00+00:00
1995,02110000001995,1,19,USD,active,8827.32,8827.32,2020-05-12T01:42:23+00:00,,2026-09-22T12:59:37+00:00,36,2026-09-22T12:59:37+00:00
1996,02110000001996,4,19,USD,dormant,0,0,2026-08-18T18:20:24+00:00,,,0,2026-08-18T18:20:24+00:00
1997,02100000001997,2,3,USD,active,26684.15,27184.15,2013-07-09T04:12:20+00:00,,2026-09-14T09:00:00+00:00,37,2026-09-14T09:00:00+00:00
1998,02100000001998,8,3,USD,closed,0,2500.00,2019-08-12T15:43:24+00:00,2023-08-18T09:08:53+00:00,,0,2023-08-18T09:08:53+00:00
1999,02100000001999,1,8,USD,active,11455.06,11455.06,2014-02-02T02:31:02+00:00,,2026-09-18T23:43:33+00:00,25,2026-09-18T23:43:33+00:00
2000,02100000002000,2,8,USD,active,25074.91,25574.91,2015-09-12T10:47:06+00:00,,2026-07-13T17:09:05+00:00,26,2026-07-13T17:09:05+00:00
2001,02100000002001,3,8,USD,active,2933.53,2933.53,2024-10-05T15:04:14+00:00,,2026-08-31T22:00:00+00:00,37,2026-08-31T22:00:00+00:00
2002,02110000002002,1,16,USD,active,6592.02,6592.02,2016-10-13T20:53:17+00:00,,2026-09-22T16:52:56+00:00,3,2026-09-22T16:52:56+00:00
2003,02110000002003,4,16,USD,active,34873.90,34873.90,2017-09-20T04:04:19+00:00,,2026-08-31T22:00:00+00:00,13,2026-08-31T22:00:00+00:00
2004,02100000002004,1,10,USD,active,26842.54,26842.54,2010-03-08T16:08:45+00:00,,2026-09-22T09:00:00+00:00,24,2026-09-22T09:00:00+00:00
2005,02100000002005,8,10,USD,active,0.00,25000.00,2016-12-03T15:13:17+00:00,,2026-05-25T18:00:00+00:00,35,2026-05-25T18:00:00+00:00
2006,02100000002006,1,6,USD,active,98.43,98.43,2018-09-19T02:14:19+00:00,,2026-09-21T22:49:49+00:00,4,2026-09-21T22:49:49+00:00
2007,02100000002007,4,6,USD,active,64586.90,64586.90,2024-06-02T22:40:19+00:00,,2026-08-31T22:00:00+00:00,18,2026-08-31T22:00:00+00:00
2008,02110000002008,2,23,USD,active,32054.38,32554.38,2023-03-18T20:44:27+00:00,,2026-09-17T09:00:00+00:00,14,2026-09-17T09:00:00+00:00
2009,02110000002009,9,23,USD,active,621.96,9378.04,2025-08-13T17:55:03+00:00,,2026-08-28T13:52:23+00:00,17,2026-08-28T13:52:23+00:00
2010,02110000002010,1,21,USD,active,9272.65,9272.65,2012-02-26T19:25:46+00:00,,2026-09-22T19:12:05+00:00,15,2026-09-22T19:12:05+00:00
2011,02100000002011,1,8,USD,active,5448.16,5448.16,2022-02-10T19:17:44+00:00,,2026-09-18T21:50:44+00:00,30,2026-09-18T21:50:44+00:00
2012,02100000002012,4,8,USD,active,22751.68,22751.68,2024-03-29T05:46:20+00:00,,2026-08-31T22:00:00+00:00,32,2026-08-31T22:00:00+00:00
2013,02110000002013,1,25,USD,active,2903.74,2903.74,2022-10-10T15:42:10+00:00,,2026-09-21T09:00:00+00:00,30,2026-09-21T09:00:00+00:00
2014,02110000002014,3,25,USD,active,4886.57,4886.57,2024-01-21T15:10:57+00:00,,2026-08-31T22:00:00+00:00,10,2026-08-31T22:00:00+00:00
2015,02100000002015,1,2,USD,active,27642.10,27642.10,2020-02-29T04:25:11+00:00,,2026-09-16T09:00:00+00:00,35,2026-09-16T09:00:00+00:00
2016,02100000002016,3,2,USD,closed,0,0,2021-10-06T00:49:35+00:00,2022-10-18T19:29:14+00:00,,0,2022-10-18T19:29:14+00:00
2017,02100000002017,2,7,USD,active,5496.40,5996.40,2010-04-05T21:34:07+00:00,,2026-09-17T09:42:48+00:00,17,2026-09-17T09:42:48+00:00
2018,02100000002018,5,7,USD,active,31876.09,31876.09,2012-07-02T08:34:53+00:00,,2026-08-31T22:00:00+00:00,7,2026-08-31T22:00:00+00:00
2019,02110000002019,2,16,USD,active,27346.42,27846.42,2018-06-25T06:15:34+00:00,,2026-09-19T23:06:42+00:00,34,2026-09-19T23:06:42+00:00
2020,02100000002020,1,5,USD,active,1316.55,1316.55,2025-03-02T12:41:07+00:00,,2026-09-22T14:20:42+00:00,34,2026-09-22T14:20:42+00:00
2021,02110000002021,1,24,USD,active,544.69,544.69,2013-11-16T20:38:53+00:00,,2026-09-22T16:51:28+00:00,20,2026-09-22T16:51:28+00:00
2022,02110000002022,5,24,USD,active,24073.28,24073.28,2014-03-28T17:29:05+00:00,,2026-08-31T22:00:00+00:00,16,2026-08-31T22:00:00+00:00
2023,02100000002023,1,10,USD,closed,0,0,2008-09-10T22:29:55+00:00,2021-01-23T20:24:57+00:00,,0,2021-01-23T20:24:57+00:00
2024,02100000002024,2,11,USD,active,3891.04,4391.04,2009-07-11T20:32:31+00:00,,2026-09-20T16:19:26+00:00,36,2026-09-20T16:19:26+00:00
2025,02100000002025,2,1,USD,active,14287.52,14787.52,2021-09-16T01:10:43+00:00,,2026-09-22T20:59:42+00:00,5,2026-09-22T20:59:42+00:00
2026,02100000002026,5,1,USD,closed,0,0,2022-09-07T16:33:53+00:00,2024-06-29T08:44:37+00:00,,0,2024-06-29T08:44:37+00:00
2027,02100000002027,1,4,USD,active,16326.41,16326.41,2026-03-09T11:08:44+00:00,,2026-09-22T19:44:23+00:00,6,2026-09-22T19:44:23+00:00
2028,02100000002028,1,5,USD,active,17178.87,17178.87,2016-06-11T23:39:22+00:00,,2026-09-21T16:40:52+00:00,6,2026-09-21T16:40:52+00:00
2029,02100000002029,3,5,USD,active,7809.87,7809.87,2017-09-08T07:30:28+00:00,,2026-08-31T22:00:00+00:00,25,2026-08-31T22:00:00+00:00
2030,02110000002030,1,24,USD,active,17238.21,17238.21,2023-12-17T22:59:09+00:00,,2026-09-20T21:38:46+00:00,30,2026-09-20T21:38:46+00:00
2031,02100000002031,1,4,USD,active,8446.58,8446.58,2011-02-14T17:57:57+00:00,,2026-09-22T13:23:09+00:00,9,2026-09-22T13:23:09+00:00
2032,02100000002032,2,7,USD,active,15100.98,15600.98,2014-01-21T01:03:56+00:00,,2026-09-21T12:34:22+00:00,10,2026-09-21T12:34:22+00:00
2033,02100000002033,8,7,USD,active,0,15000.00,2025-12-20T12:51:53+00:00,,,0,2025-12-20T12:51:53+00:00
2034,02100000002034,1,11,USD,active,22839.08,22839.08,2023-04-24T07:24:48+00:00,,2026-09-22T21:00:00+00:00,9,2026-09-22T21:00:00+00:00
2035,02100000002035,2,2,USD,active,13551.29,14051.29,2025-09-23T12:31:47+00:00,,2026-09-11T09:00:00+00:00,26,2026-09-11T09:00:00+00:00
2036,02100000002036,4,2,USD,active,1982.27,1982.27,2026-05-22T02:20:53+00:00,,2026-08-31T22:00:00+00:00,20,2026-08-31T22:00:00+00:00
2037,02100000002037,8,2,USD,active,1110.54,3889.46,2026-01-20T07:39:30+00:00,,2026-09-21T16:48:05+00:00,19,2026-09-21T16:48:05+00:00
2038,02110000002038,1,18,USD,active,26584.52,26584.52,2024-02-26T15:27:33+00:00,,2026-09-22T15:50:54+00:00,11,2026-09-22T15:50:54+00:00
2039,02110000002039,3,18,USD,active,2759.44,2759.44,2026-09-15T01:34:25+00:00,,2026-09-15T01:39:25+00:00,36,2026-09-15T01:39:25+00:00
2040,02100000002040,2,12,USD,active,596.56,1096.56,2008-06-01T19:37:53+00:00,,2026-09-22T15:46:15+00:00,30,2026-09-22T15:46:15+00:00
2041,02100000002041,4,12,USD,closed,0,0,2009-01-08T07:28:06+00:00,2012-08-30T22:31:38+00:00,,0,2012-08-30T22:31:38+00:00
2042,02100000002042,8,12,USD,active,0,2500.00,2021-04-19T15:12:47+00:00,,,0,2021-04-19T15:12:47+00:00
2043,02100000002043,1,8,USD,active,25114.91,25114.91,2012-08-23T10:24:09+00:00,,2026-09-19T22:49:22+00:00,28,2026-09-19T22:49:22+00:00
2044,02100000002044,5,8,USD,active,8654.30,8654.30,2012-10-10T13:09:24+00:00,,2026-08-31T22:00:00+00:00,8,2026-08-31T22:00:00+00:00
2045,02100000002045,2,1,USD,active,1995.98,2495.98,2011-06-17T02:17:44+00:00,,2026-09-21T23:57:04+00:00,17,2026-09-21T23:57:04+00:00
2046,02100000002046,3,1,USD,active,4416.61,4416.61,2015-03-15T06:14:46+00:00,,2026-08-31T22:00:00+00:00,33,2026-08-31T22:00:00+00:00
2047,02110000002047,1,14,USD,active,5045.59,5045.59,2021-06-28T19:11:52+00:00,,2026-09-21T18:00:00+00:00,9,2026-09-21T18:00:00+00:00
2048,02110000002048,4,14,USD,active,39791.19,39791.19,2022-12-16T03:08:02+00:00,,2026-08-31T22:00:00+00:00,31,2026-08-31T22:00:00+00:00
2049,02110000002049,9,14,USD,active,2048.34,2951.66,2022-05-15T11:05:34+00:00,,2026-09-19T21:09:42+00:00,8,2026-09-19T21:09:42+00:00
2050,02110000002050,1,19,USD,active,1519.39,1519.39,2009-04-12T21:20:12+00:00,,2026-09-22T12:07:22+00:00,39,2026-09-22T12:07:22+00:00
2051,02110000002051,2,16,USD,dormant,110.13,110.13,2013-08-01T18:14:45+00:00,,2026-08-31T22:00:00+00:00,34,2026-08-31T22:00:00+00:00
2052,02110000002052,3,16,USD,active,4634.42,4634.42,2025-08-11T01:00:38+00:00,,2026-08-31T22:00:00+00:00,40,2026-08-31T22:00:00+00:00
2053,02100000002053,2,4,USD,dormant,197.69,197.69,2016-06-03T01:54:27+00:00,,2026-08-31T22:00:00+00:00,30,2026-08-31T22:00:00+00:00
2054,02100000002054,1,12,USD,dormant,353.13,353.13,2008-04-11T04:28:32+00:00,,2026-08-31T22:00:00+00:00,36,2026-08-31T22:00:00+00:00
2055,02100000002055,9,12,USD,active,0,7500.00,2010-03-15T05:24:10+00:00,,,0,2010-03-15T05:24:10+00:00
2056,02100000002056,1,1,USD,active,74349.08,74349.08,2019-02-15T14:47:48+00:00,,2026-09-20T21:24:55+00:00,26,2026-09-20T21:24:55+00:00
2057,02100000002057,2,12,USD,active,6169.19,6669.19,2012-02-07T03:19:38+00:00,,2026-09-18T16:41:28+00:00,4,2026-09-18T16:41:28+00:00
2058,02100000002058,3,12,USD,active,610.13,610.13,2016-06-19T18:01:51+00:00,,2026-08-31T22:00:00+00:00,20,2026-08-31T22:00:00+00:00
2059,02100000002059,1,4,USD,active,3139.92,3139.92,2009-10-06T15:17:30+00:00,,2026-09-21T14:48:11+00:00,36,2026-09-21T14:48:11+00:00
2060,02100000002060,1,6,USD,active,7713.90,7713.90,2015-12-23T01:01:04+00:00,,2026-09-20T19:22:16+00:00,1,2026-09-20T19:22:16+00:00
2061,02100000002061,5,6,USD,active,13313.34,13313.34,2022-01-23T22:25:06+00:00,,2026-08-31T22:00:00+00:00,27,2026-08-31T22:00:00+00:00
2062,02100000002062,2,5,USD,active,965.77,1465.77,2018-09-27T07:34:08+00:00,,2026-09-22T14:48:19+00:00,25,2026-09-22T14:48:19+00:00
2063,02110000002063,1,13,USD,active,21813.46,21813.46,2022-03-29T22:18:27+00:00,,2026-09-09T09:00:00+00:00,34,2026-09-09T09:00:00+00:00
2064,02110000002064,5,13,USD,active,60407.34,60407.34,2022-05-12T17:25:09+00:00,,2026-08-31T22:00:00+00:00,7,2026-08-31T22:00:00+00:00
2065,02110000002065,1,14,USD,active,48227.79,48227.79,2026-01-20T05:11:48+00:00,,2026-09-21T23:18:00+00:00,6,2026-09-21T23:18:00+00:00
2066,02110000002066,1,23,USD,active,6269.98,6269.98,2016-11-01T20:51:13+00:00,,2026-09-19T09:00:00+00:00,10,2026-09-19T09:00:00+00:00
2067,02110000002067,5,23,USD,active,40864.12,40864.12,2025-02-19T19:10:58+00:00,,2026-08-31T22:00:00+00:00,31,2026-08-31T22:00:00+00:00
2068,02100000002068,1,5,USD,active,14688.78,14688.78,2010-04-13T09:58:06+00:00,,2026-09-21T21:20:05+00:00,9,2026-09-21T21:20:05+00:00
2069,02100000002069,4,5,USD,active,14993.18,14993.18,2016-05-28T05:46:54+00:00,,2026-08-31T22:00:00+00:00,20,2026-08-31T22:00:00+00:00
2070,02110000002070,1,25,USD,active,5406.11,5406.11,2011-07-27T15:58:55+00:00,,2026-09-15T17:47:53+00:00,1,2026-09-15T17:47:53+00:00
2071,02110000002071,3,25,USD,active,3143.09,3143.09,2018-12-19T15:12:42+00:00,,2026-08-31T22:00:00+00:00,35,2026-08-31T22:00:00+00:00
2072,02110000002072,1,23,USD,closed,0,0,2012-10-23T20:26:05+00:00,2016-05-05T00:31:43+00:00,,0,2016-05-05T00:31:43+00:00
2073,02110000002073,3,23,USD,active,1610.29,1610.29,2019-12-21T02:42:34+00:00,,2026-08-31T22:00:00+00:00,6,2026-08-31T22:00:00+00:00
2074,02100000002074,1,11,USD,active,5966.99,5966.99,2015-08-26T05:06:29+00:00,,2026-09-15T09:00:00+00:00,6,2026-09-15T09:00:00+00:00
2075,02100000002075,8,11,USD,active,5518.04,9481.96,2020-02-15T18:32:20+00:00,,2026-09-22T16:10:44+00:00,8,2026-09-22T16:10:44+00:00
2076,02100000002076,1,5,USD,active,41.81,41.81,2024-02-26T02:03:30+00:00,,2026-09-20T15:34:25+00:00,31,2026-09-20T15:34:25+00:00
2077,02100000002077,1,10,USD,active,3928.35,3928.35,2012-10-27T09:40:29+00:00,,2026-09-20T21:59:33+00:00,27,2026-09-20T21:59:33+00:00
2078,02110000002078,2,20,USD,active,2077.94,2577.94,2025-10-07T13:05:07+00:00,,2026-09-21T13:47:57+00:00,23,2026-09-21T13:47:57+00:00
2079,02110000002079,4,20,USD,active,5716.30,5716.30,2026-06-12T07:02:19+00:00,,2026-08-31T22:00:00+00:00,4,2026-08-31T22:00:00+00:00
2080,02110000002080,1,20,USD,closed,0,0,2021-01-05T13:52:42+00:00,2025-12-06T03:40:03+00:00,,0,2025-12-06T03:40:03+00:00
2081,02110000002081,9,20,USD,frozen,0,7500.00,2024-08-14T15:50:10+00:00,,,0,2024-08-14T15:50:10+00:00
2082,02110000002082,1,24,USD,closed,0,0,2024-07-20T11:19:20+00:00,2025-10-19T10:50:48+00:00,,0,2025-10-19T10:50:48+00:00
2083,02100000002083,1,5,USD,active,54127.17,54127.17,2012-04-07T07:21:38+00:00,,2026-09-21T13:50:30+00:00,21,2026-09-21T13:50:30+00:00
2084,02100000002084,1,9,USD,closed,0,0,2025-03-04T04:00:11+00:00,2025-04-29T16:37:22+00:00,,0,2025-04-29T16:37:22+00:00
2085,02100000002085,1,3,USD,active,10275.21,10275.21,2015-11-26T07:28:52+00:00,,2026-09-11T09:00:00+00:00,37,2026-09-11T09:00:00+00:00
2086,02100000002086,9,3,USD,active,2542.99,-42.99,2018-01-07T03:11:07+00:00,,2026-08-31T22:00:00+00:00,34,2026-08-31T22:00:00+00:00
2087,02110000002087,2,20,USD,active,18901.96,19401.96,2015-11-02T18:13:44+00:00,,2026-09-22T15:07:24+00:00,22,2026-09-22T15:07:24+00:00
2088,02110000002088,4,20,USD,active,2732.01,2732.01,2018-10-09T02:35:59+00:00,,2026-08-31T22:00:00+00:00,31,2026-08-31T22:00:00+00:00
2089,02110000002089,1,22,USD,active,28278.23,28278.23,2015-01-24T15:50:49+00:00,,2026-09-07T17:45:28+00:00,24,2026-09-07T17:45:28+00:00
2090,02110000002090,3,22,USD,active,2746.78,2746.78,2016-01-20T20:36:33+00:00,,2026-08-31T22:00:00+00:00,2,2026-08-31T22:00:00+00:00
2091,02100000002091,1,3,USD,active,45971.54,45971.54,2010-09-12T12:25:51+00:00,,2026-09-22T16:53:23+00:00,40,2026-09-22T16:53:23+00:00
2092,02110000002092,2,24,USD,active,29252.33,29752.33,2014-05-24T12:27:03+00:00,,2026-09-18T20:18:15+00:00,23,2026-09-18T20:18:15+00:00
2093,02110000002093,3,24,USD,active,8638.01,8638.01,2016-11-26T19:36:08+00:00,,2026-08-31T22:00:00+00:00,27,2026-08-31T22:00:00+00:00
2094,02110000002094,8,24,USD,active,0.00,5000.00,2019-03-26T22:49:59+00:00,,2026-05-25T18:00:00+00:00,7,2026-05-25T18:00:00+00:00
2095,02110000002095,15,24,EUR,closed,0,0,2017-04-08T09:02:24+00:00,2018-06-14T02:10:34+00:00,,0,2018-06-14T02:10:34+00:00
2096,02100000002096,1,2,USD,active,2235.24,2235.24,2016-06-28T05:04:43+00:00,,2026-09-18T15:41:06+00:00,35,2026-09-18T15:41:06+00:00
2097,02100000002097,1,2,USD,active,23540.39,23540.39,2009-09-09T11:52:46+00:00,,2026-09-20T16:38:39+00:00,26,2026-09-20T16:38:39+00:00
2098,02100000002098,8,2,USD,active,0,2500.00,2025-05-25T05:24:52+00:00,,,0,2025-05-25T05:24:52+00:00
2099,02110000002099,1,14,USD,active,63984.82,63984.82,2014-10-12T13:24:00+00:00,,2026-09-21T18:16:45+00:00,27,2026-09-21T18:16:45+00:00
2100,02110000002100,3,14,USD,active,2552.27,2552.27,2016-05-20T13:11:04+00:00,,2026-08-31T22:00:00+00:00,37,2026-08-31T22:00:00+00:00
2101,02100000002101,1,2,USD,active,38221.89,38221.89,2010-12-18T01:23:59+00:00,,2026-09-22T15:11:04+00:00,21,2026-09-22T15:11:04+00:00
2102,02100000002102,3,2,USD,closed,0,0,2019-06-30T13:25:25+00:00,2020-10-25T06:20:10+00:00,,0,2020-10-25T06:20:10+00:00
2103,02100000002103,2,12,USD,active,15056.81,15556.81,2016-02-24T23:35:48+00:00,,2026-09-22T09:00:00+00:00,38,2026-09-22T09:00:00+00:00
2104,02100000002104,3,12,USD,active,2126.72,2126.72,2020-07-14T01:08:18+00:00,,2026-08-31T22:00:00+00:00,2,2026-08-31T22:00:00+00:00
2105,02100000002105,9,12,USD,frozen,1075.35,-75.35,2017-11-01T15:34:21+00:00,,2026-04-30T23:59:00+00:00,8,2026-04-30T23:59:00+00:00
2106,02110000002106,1,23,USD,active,28390.82,28390.82,2014-03-18T23:20:55+00:00,,2026-09-20T17:38:52+00:00,37,2026-09-20T17:38:52+00:00
2107,02100000002107,2,6,USD,active,12377.58,12877.58,2010-12-02T21:16:18+00:00,,2026-09-15T09:00:00+00:00,3,2026-09-15T09:00:00+00:00
2108,02100000002108,8,6,USD,active,0.00,15000.00,2021-11-26T09:29:50+00:00,,2026-06-25T18:00:00+00:00,22,2026-06-25T18:00:00+00:00
2109,02100000002109,2,10,USD,active,16978.91,17478.91,2024-03-19T07:31:24+00:00,,2026-09-22T12:25:02+00:00,28,2026-09-22T12:25:02+00:00
2110,02100000002110,3,10,USD,active,2429.41,2429.41,2025-06-20T03:26:37+00:00,,2026-08-31T22:00:00+00:00,1,2026-08-31T22:00:00+00:00
2111,02100000002111,2,6,USD,active,30283.70,30783.70,2018-04-19T04:59:42+00:00,,2026-09-11T09:00:00+00:00,10,2026-09-11T09:00:00+00:00
2112,02100000002112,3,6,USD,active,2260.67,2260.67,2025-02-21T15:30:24+00:00,,2026-08-31T22:00:00+00:00,6,2026-08-31T22:00:00+00:00
2113,02100000002113,8,6,USD,active,0,25000.00,2019-11-20T20:32:51+00:00,,,0,2019-11-20T20:32:51+00:00
2114,02100000002114,1,2,USD,active,12492.40,12492.40,2011-09-05T07:12:20+00:00,,2026-09-16T09:00:00+00:00,3,2026-09-16T09:00:00+00:00
2115,02100000002115,8,2,USD,active,2030.27,469.73,2016-02-18T20:46:24+00:00,,2026-09-17T15:51:44+00:00,2,2026-09-17T15:51:44+00:00
2116,02110000002116,1,21,USD,active,8738.61,8738.61,2026-04-07T12:49:41+00:00,,2026-09-22T14:04:27+00:00,30,2026-09-22T14:04:27+00:00
2117,02110000002117,4,21,USD,active,4403.55,4403.55,2026-09-07T21:22:41+00:00,,2026-09-07T21:27:41+00:00,3,2026-09-07T21:27:41+00:00
2118,02110000002118,2,13,USD,frozen,7413.53,7413.53,2019-04-04T02:53:56+00:00,,2026-04-30T23:59:00+00:00,20,2026-04-30T23:59:00+00:00
2119,02110000002119,5,13,USD,active,38344.37,38344.37,2022-12-25T18:06:55+00:00,,2026-08-31T22:00:00+00:00,18,2026-08-31T22:00:00+00:00
2120,02110000002120,8,13,USD,active,3332.55,1667.45,2022-02-16T08:28:19+00:00,,2026-04-30T23:59:00+00:00,3,2026-04-30T23:59:00+00:00
2121,02100000002121,8,6,USD,active,0,5000.00,2021-02-02T17:52:08+00:00,,,0,2021-02-02T17:52:08+00:00
2122,02100000002122,1,11,USD,active,1117.99,1117.99,2015-10-23T10:15:22+00:00,,2026-09-22T16:45:59+00:00,37,2026-09-22T16:45:59+00:00
2123,02100000002123,3,11,USD,active,4150.51,4150.51,2023-09-12T10:44:20+00:00,,2026-08-31T22:00:00+00:00,22,2026-08-31T22:00:00+00:00
2124,02100000002124,8,12,USD,active,0,7500.00,2018-03-02T10:23:08+00:00,,,0,2018-03-02T10:23:08+00:00
2125,02110000002125,1,21,USD,active,39194.74,39194.74,2014-08-21T17:17:22+00:00,,2026-09-13T09:00:00+00:00,4,2026-09-13T09:00:00+00:00
2126,02110000002126,9,21,USD,active,1113.72,6386.28,2020-06-15T20:40:27+00:00,,2026-09-19T22:43:05+00:00,40,2026-09-19T22:43:05+00:00
2127,02100000002127,1,7,USD,active,23613.14,23613.14,2023-01-21T08:37:24+00:00,,2026-09-21T16:30:00+00:00,16,2026-09-21T16:30:00+00:00
2128,02100000002128,9,7,USD,active,3153.36,-653.36,2025-02-25T11:36:26+00:00,,2026-08-31T22:00:00+00:00,2,2026-08-31T22:00:00+00:00
2129,02100000002129,2,2,USD,active,10246.19,10746.19,2020-05-31T14:49:05+00:00,,2026-09-21T21:08:18+00:00,9,2026-09-21T21:08:18+00:00
2130,02100000002130,1,7,USD,active,10610.09,10610.09,2018-05-15T16:02:26+00:00,,2026-09-21T16:16:50+00:00,14,2026-09-21T16:16:50+00:00
2131,02100000002131,1,2,USD,active,41942.23,41942.23,2023-01-18T01:05:10+00:00,,2026-09-15T18:33:05+00:00,39,2026-09-15T18:33:05+00:00
2132,02100000002132,3,2,USD,active,1142.52,1142.52,2024-11-04T14:54:16+00:00,,2026-08-31T22:00:00+00:00,25,2026-08-31T22:00:00+00:00
2133,02100000002133,1,11,USD,active,8145.64,8145.64,2019-12-06T19:55:12+00:00,,2026-09-19T22:51:32+00:00,7,2026-09-19T22:51:32+00:00
2134,02100000002134,4,11,USD,active,17314.66,17314.66,2023-09-26T11:33:33+00:00,,2026-08-31T22:00:00+00:00,35,2026-08-31T22:00:00+00:00
2135,02110000002135,1,14,USD,active,3733.17,3733.17,2015-11-15T04:51:23+00:00,,2026-09-20T18:25:54+00:00,27,2026-09-20T18:25:54+00:00
2136,02110000002136,3,14,USD,active,4122.92,4122.92,2016-02-03T12:21:43+00:00,,2026-08-31T22:00:00+00:00,2,2026-08-31T22:00:00+00:00
2137,02110000002137,1,15,USD,active,22766.59,22766.59,2024-07-28T06:09:21+00:00,,2026-09-20T19:59:16+00:00,24,2026-09-20T19:59:16+00:00
2138,02110000002138,4,15,USD,active,35745.31,35745.31,2025-12-30T05:15:55+00:00,,2026-08-31T22:00:00+00:00,35,2026-08-31T22:00:00+00:00
2139,02110000002139,5,15,USD,active,5388.47,5388.47,2025-09-29T17:41:44+00:00,,2026-08-31T22:00:00+00:00,21,2026-08-31T22:00:00+00:00
2140,02100000002140,1,1,USD,active,43221.39,43221.39,2020-07-01T07:16:48+00:00,,2026-09-20T19:24:05+00:00,23,2026-09-20T19:24:05+00:00
2141,02100000002141,3,1,USD,active,3627.28,3627.28,2023-07-29T12:05:33+00:00,,2026-08-31T22:00:00+00:00,16,2026-08-31T22:00:00+00:00
2142,02110000002142,1,14,USD,active,1931.42,1931.42,2019-03-29T08:32:29+00:00,,2026-09-22T16:44:09+00:00,38,2026-09-22T16:44:09+00:00
2143,02110000002143,2,23,USD,active,40536.14,41036.14,2018-02-04T22:29:02+00:00,,2026-09-05T09:00:00+00:00,28,2026-09-05T09:00:00+00:00
2144,02110000002144,8,23,USD,active,918.72,1581.28,2020-01-09T03:14:37+00:00,,2026-09-19T21:33:34+00:00,18,2026-09-19T21:33:34+00:00
2145,02100000002145,2,1,USD,active,23223.74,23723.74,2017-07-16T16:13:55+00:00,,2026-09-20T09:00:00+00:00,11,2026-09-20T09:00:00+00:00
2146,02100000002146,1,4,USD,active,5791.80,5791.80,2022-12-26T00:38:56+00:00,,2026-09-22T18:01:59+00:00,3,2026-09-22T18:01:59+00:00
2147,02100000002147,3,4,USD,active,9970.79,9970.79,2026-01-14T07:52:02+00:00,,2026-08-31T22:00:00+00:00,10,2026-08-31T22:00:00+00:00
2148,02100000002148,2,3,USD,active,4264.96,4764.96,2008-06-15T18:58:39+00:00,,2026-09-08T15:59:40+00:00,18,2026-09-08T15:59:40+00:00
2149,02100000002149,3,3,USD,active,589.97,589.97,2011-05-09T07:36:11+00:00,,2026-08-31T22:00:00+00:00,5,2026-08-31T22:00:00+00:00
2150,02100000002150,8,3,USD,active,0.00,25000.00,2022-07-28T19:24:55+00:00,,2026-08-25T18:00:00+00:00,12,2026-08-25T18:00:00+00:00
2151,02100000002151,1,12,USD,active,1801.05,1801.05,2018-12-09T20:46:53+00:00,,2026-09-21T06:38:29+00:00,38,2026-09-21T06:38:29+00:00
2152,02100000002152,3,12,USD,active,922.67,922.67,2021-09-09T13:37:19+00:00,,2026-08-31T22:00:00+00:00,16,2026-08-31T22:00:00+00:00
2153,02110000002153,1,22,USD,active,1408.10,1408.10,2012-11-07T23:55:44+00:00,,2026-09-18T21:55:29+00:00,9,2026-09-18T21:55:29+00:00
2154,02110000002154,3,22,USD,active,3491.93,3491.93,2014-01-05T19:41:09+00:00,,2026-08-31T22:00:00+00:00,8,2026-08-31T22:00:00+00:00
2155,02110000002155,5,22,USD,active,5844.58,5844.58,2023-04-09T06:01:51+00:00,,2026-08-31T22:00:00+00:00,28,2026-08-31T22:00:00+00:00
2156,02100000002156,2,5,USD,active,11924.98,12424.98,2008-05-01T23:32:25+00:00,,2026-09-14T19:37:10+00:00,2,2026-09-14T19:37:10+00:00
2157,02100000002157,4,5,USD,active,63554.90,63554.90,2016-05-15T16:37:02+00:00,,2026-08-31T22:00:00+00:00,7,2026-08-31T22:00:00+00:00
2158,02100000002158,8,5,USD,active,2637.48,2362.52,2023-03-26T04:00:39+00:00,,2026-09-21T20:37:23+00:00,6,2026-09-21T20:37:23+00:00
2159,02110000002159,1,14,USD,active,66668.18,66668.18,2011-01-02T02:02:13+00:00,,2026-09-17T09:00:00+00:00,38,2026-09-17T09:00:00+00:00
2160,02110000002160,3,14,USD,closed,0,0,2011-07-28T03:14:31+00:00,2023-03-25T08:36:26+00:00,,0,2023-03-25T08:36:26+00:00
2161,02110000002161,9,14,USD,active,6431.64,3568.36,2013-10-09T02:38:01+00:00,,2026-09-15T20:46:31+00:00,36,2026-09-15T20:46:31+00:00
2162,02100000002162,1,12,USD,active,5837.52,5837.52,2021-01-02T20:10:49+00:00,,2026-09-22T15:43:28+00:00,39,2026-09-22T15:43:28+00:00
2163,02110000002163,1,16,USD,active,4366.15,4366.15,2024-09-14T17:50:08+00:00,,2026-09-21T23:48:41+00:00,2,2026-09-21T23:48:41+00:00
2164,02110000002164,4,16,USD,active,25484.59,25484.59,2025-07-25T18:55:03+00:00,,2026-08-31T22:00:00+00:00,13,2026-08-31T22:00:00+00:00
2165,02110000002165,1,23,USD,active,38387.54,38387.54,2024-08-12T02:38:00+00:00,,2026-09-17T09:00:00+00:00,10,2026-09-17T09:00:00+00:00
2166,02110000002166,9,23,USD,active,979.59,9020.41,2025-12-14T05:41:00+00:00,,2026-09-22T18:53:21+00:00,5,2026-09-22T18:53:21+00:00
2167,02110000002167,1,22,USD,active,27837.16,27837.16,2020-04-04T08:13:20+00:00,,2026-09-22T16:56:27+00:00,3,2026-09-22T16:56:27+00:00
2168,02110000002168,3,22,USD,active,2315.16,2315.16,2026-07-20T04:24:24+00:00,,2026-08-31T22:00:00+00:00,9,2026-08-31T22:00:00+00:00
2169,02110000002169,2,21,USD,active,97690.92,98190.92,2016-09-23T16:00:22+00:00,,2026-06-06T13:24:08+00:00,11,2026-06-06T13:24:08+00:00
2170,02110000002170,3,21,USD,closed,0,0,2025-02-08T19:08:40+00:00,2025-09-25T03:13:30+00:00,,0,2025-09-25T03:13:30+00:00
2171,02100000002171,1,11,USD,active,38671.65,38671.65,2022-02-22T14:04:08+00:00,,2026-09-11T09:00:00+00:00,22,2026-09-11T09:00:00+00:00
2172,02100000002172,4,11,USD,active,84444.94,84444.94,2023-10-26T06:30:38+00:00,,2026-08-31T22:00:00+00:00,38,2026-08-31T22:00:00+00:00
2173,02100000002173,8,11,USD,active,4731.83,-2231.83,2025-01-12T10:30:23+00:00,,2026-08-31T22:00:00+00:00,5,2026-08-31T22:00:00+00:00
2174,02110000002174,1,15,USD,active,21354.34,21354.34,2018-07-06T13:38:52+00:00,,2026-09-21T14:19:44+00:00,27,2026-09-21T14:19:44+00:00
2175,02110000002175,4,15,USD,dormant,7.75,7.75,2020-08-24T11:34:31+00:00,,2026-08-31T22:00:00+00:00,33,2026-08-31T22:00:00+00:00
2176,02100000002176,1,2,USD,active,21327.84,21327.84,2026-05-27T07:14:39+00:00,,2026-09-21T15:48:46+00:00,16,2026-09-21T15:48:46+00:00
2177,02100000002177,5,2,USD,active,4527.52,4527.52,2026-06-05T17:32:29+00:00,,2026-08-31T22:00:00+00:00,29,2026-08-31T22:00:00+00:00
2178,02110000002178,2,23,USD,closed,0,0,2024-11-04T22:52:37+00:00,2026-01-17T10:11:34+00:00,,0,2026-01-17T10:11:34+00:00
2179,02100000002179,1,6,USD,active,18002.31,18002.31,2018-09-05T05:27:06+00:00,,2026-09-22T20:06:05+00:00,37,2026-09-22T20:06:05+00:00
2180,02100000002180,1,7,USD,active,3483.98,3483.98,2014-09-26T17:48:14+00:00,,2026-09-21T06:53:14+00:00,21,2026-09-21T06:53:14+00:00
2181,02100000002181,9,7,USD,active,215.06,14784.94,2023-09-16T07:25:42+00:00,,2026-09-16T22:21:56+00:00,36,2026-09-16T22:21:56+00:00
2182,02110000002182,2,23,USD,active,35910.45,36410.45,2014-05-18T00:22:28+00:00,,2026-09-22T16:51:25+00:00,17,2026-09-22T16:51:25+00:00
2183,02110000002183,9,23,USD,closed,0,5000.00,2015-06-11T09:00:47+00:00,2022-03-16T00:26:11+00:00,,0,2022-03-16T00:26:11+00:00
2184,02100000002184,1,3,USD,active,9206.89,9206.89,2009-10-08T07:41:50+00:00,,2026-09-21T20:55:00+00:00,26,2026-09-21T20:55:00+00:00
2185,02100000002185,4,3,USD,active,25215.66,25215.66,2016-01-09T12:39:42+00:00,,2026-08-31T22:00:00+00:00,28,2026-08-31T22:00:00+00:00
2186,02100000002186,1,4,USD,active,35736.98,35736.98,2008-07-13T14:52:12+00:00,,2026-09-14T09:00:00+00:00,21,2026-09-14T09:00:00+00:00
2187,02100000002187,8,4,USD,active,652.53,347.47,2023-11-15T12:37:11+00:00,,2026-09-19T18:22:54+00:00,37,2026-09-19T18:22:54+00:00
2188,02110000002188,2,16,USD,active,78017.32,78517.32,2025-08-09T06:48:53+00:00,,2026-09-20T17:19:10+00:00,21,2026-09-20T17:19:10+00:00
2189,02110000002189,8,16,USD,active,0,7500.00,2026-08-13T21:30:43+00:00,,,0,2026-08-13T21:30:43+00:00
2190,02100000002190,1,7,USD,active,15630.82,15630.82,2025-07-25T13:00:32+00:00,,2026-09-22T21:00:00+00:00,10,2026-09-22T21:00:00+00:00
2191,02110000002191,2,21,USD,active,198.26,698.26,2010-10-27T18:10:14+00:00,,2026-09-20T18:24:49+00:00,17,2026-09-20T18:24:49+00:00
2192,02110000002192,4,21,USD,active,4902.43,4902.43,2020-06-08T14:51:52+00:00,,2026-08-31T22:00:00+00:00,17,2026-08-31T22:00:00+00:00
2193,02110000002193,2,15,USD,closed,0,0,2022-03-21T07:48:53+00:00,2024-06-03T10:30:36+00:00,,0,2024-06-03T10:30:36+00:00
2194,02100000002194,1,3,USD,active,13718.60,13718.60,2024-05-13T10:51:26+00:00,,2026-09-22T17:35:26+00:00,32,2026-09-22T17:35:26+00:00
2195,02100000002195,3,3,USD,dormant,0,0,2026-07-04T23:58:39+00:00,,,0,2026-07-04T23:58:39+00:00
2196,02100000002196,5,3,USD,active,41839.43,41839.43,2025-12-29T15:46:16+00:00,,2026-08-31T22:00:00+00:00,40,2026-08-31T22:00:00+00:00
2197,02100000002197,9,3,USD,active,0.00,5000.00,2025-06-11T10:50:46+00:00,,2026-06-25T18:00:00+00:00,18,2026-06-25T18:00:00+00:00
2198,02100000002198,1,11,USD,active,2368.14,2368.14,2015-03-24T03:04:03+00:00,,2026-09-22T20:07:46+00:00,11,2026-09-22T20:07:46+00:00
2199,02100000002199,4,11,USD,closed,0,0,2022-05-20T17:43:57+00:00,2025-11-02T10:38:31+00:00,,0,2025-11-02T10:38:31+00:00
2200,02100000002200,1,4,USD,closed,0,0,2023-03-15T01:21:01+00:00,2023-07-18T01:41:07+00:00,,0,2023-07-18T01:41:07+00:00
2201,02100000002201,9,4,USD,active,0,1000.00,2025-07-13T14:26:24+00:00,,,0,2025-07-13T14:26:24+00:00
2202,02110000002202,2,21,USD,active,17682.68,18182.68,2019-12-05T06:53:42+00:00,,2026-09-21T23:54:25+00:00,3,2026-09-21T23:54:25+00:00
2203,02100000002203,2,7,USD,closed,0,0,2017-02-28T20:47:28+00:00,2021-01-05T09:35:08+00:00,,0,2021-01-05T09:35:08+00:00
2204,02100000002204,5,7,USD,active,41833.73,41833.73,2017-08-12T04:22:26+00:00,,2026-08-31T22:00:00+00:00,8,2026-08-31T22:00:00+00:00
2205,02110000002205,1,15,USD,active,72835.96,72835.96,2013-01-23T04:11:39+00:00,,2026-09-16T23:38:42+00:00,27,2026-09-16T23:38:42+00:00
2206,02110000002206,8,15,USD,active,0,10000.00,2022-04-02T13:30:58+00:00,,,0,2022-04-02T13:30:58+00:00
2207,02100000002207,1,11,USD,active,25201.71,25201.71,2016-04-10T04:14:39+00:00,,2026-09-22T13:58:12+00:00,40,2026-09-22T13:58:12+00:00
2208,02100000002208,8,11,USD,frozen,4696.32,2803.68,2019-10-05T21:37:28+00:00,,2026-04-30T23:59:00+00:00,38,2026-04-30T23:59:00+00:00
2209,02110000002209,2,18,USD,active,12520.29,13020.29,2024-05-03T15:29:41+00:00,,2026-09-20T09:00:00+00:00,3,2026-09-20T09:00:00+00:00
2210,02110000002210,8,18,USD,active,3165.48,1834.52,2024-11-26T09:09:50+00:00,,2026-08-31T22:00:00+00:00,10,2026-08-31T22:00:00+00:00
2211,02100000002211,2,10,USD,active,12423.18,12923.18,2021-11-19T07:31:18+00:00,,2026-09-15T21:19:28+00:00,35,2026-09-15T21:19:28+00:00
2212,02110000002212,1,21,USD,closed,0,0,2022-09-22T11:11:13+00:00,2025-02-19T15:37:43+00:00,,0,2025-02-19T15:37:43+00:00
2213,02110000002213,2,13,USD,active,3421.75,3921.75,2019-03-23T06:55:37+00:00,,2026-09-15T09:00:00+00:00,35,2026-09-15T09:00:00+00:00
2214,02110000002214,9,13,USD,active,3263.71,6736.29,2020-10-29T02:04:49+00:00,,2026-09-20T20:35:41+00:00,12,2026-09-20T20:35:41+00:00
2215,02100000002215,1,12,USD,active,13434.00,13434.00,2023-09-09T12:23:25+00:00,,2026-09-22T09:00:00+00:00,7,2026-09-22T09:00:00+00:00
2216,02100000002216,4,12,USD,active,7413.55,7413.55,2025-11-30T05:42:01+00:00,,2026-08-31T22:00:00+00:00,34,2026-08-31T22:00:00+00:00
2217,02110000002217,1,16,USD,active,7828.08,7828.08,2018-02-03T01:35:03+00:00,,2026-09-19T21:39:24+00:00,34,2026-09-19T21:39:24+00:00
2218,02100000002218,1,7,USD,active,7291.41,7291.41,2017-02-27T23:57:52+00:00,,2026-09-20T18:09:21+00:00,37,2026-09-20T18:09:21+00:00
2219,02100000002219,3,7,USD,active,9161.64,9161.64,2017-03-20T14:12:38+00:00,,2026-08-31T22:00:00+00:00,15,2026-08-31T22:00:00+00:00
2220,02110000002220,1,19,USD,active,380.75,380.75,2012-03-15T04:39:00+00:00,,2026-09-21T20:52:26+00:00,28,2026-09-21T20:52:26+00:00
2221,02110000002221,4,19,USD,active,5842.81,5842.81,2024-08-14T11:18:39+00:00,,2026-08-31T22:00:00+00:00,37,2026-08-31T22:00:00+00:00
2222,02100000002222,1,8,USD,active,6690.99,6690.99,2012-01-05T08:53:43+00:00,,2026-09-09T09:00:00+00:00,4,2026-09-09T09:00:00+00:00
2223,02100000002223,4,8,USD,dormant,359.09,359.09,2018-02-25T16:30:48+00:00,,2026-08-31T22:00:00+00:00,27,2026-08-31T22:00:00+00:00
2224,02100000002224,9,8,USD,active,805.20,24194.80,2013-10-19T08:50:54+00:00,,2026-09-21T15:38:39+00:00,29,2026-09-21T15:38:39+00:00
2225,02110000002225,1,24,USD,active,3173.96,3173.96,2021-11-03T23:18:32+00:00,,2026-09-22T14:35:11+00:00,6,2026-09-22T14:35:11+00:00
2226,02100000002226,1,5,USD,active,743.47,743.47,2009-07-08T20:12:45+00:00,,2026-09-21T16:40:33+00:00,38,2026-09-21T16:40:33+00:00
2227,02110000002227,1,25,USD,active,1374.50,1374.50,2017-09-29T19:16:46+00:00,,2026-09-18T20:38:24+00:00,38,2026-09-18T20:38:24+00:00
2228,02110000002228,3,25,USD,active,2927.68,2927.68,2025-09-01T04:24:46+00:00,,2026-08-31T22:00:00+00:00,20,2026-08-31T22:00:00+00:00
2229,02100000002229,1,11,USD,active,21086.36,21086.36,2018-02-15T08:25:46+00:00,,2026-09-21T13:12:52+00:00,27,2026-09-21T13:12:52+00:00
2230,02100000002230,4,11,USD,active,6246.29,6246.29,2019-05-31T20:34:20+00:00,,2026-08-31T22:00:00+00:00,16,2026-08-31T22:00:00+00:00
2231,02100000002231,2,4,USD,active,4400.21,4900.21,2026-05-29T15:34:07+00:00,,2026-09-21T16:50:08+00:00,8,2026-09-21T16:50:08+00:00
2232,02100000002232,4,4,USD,active,2384.19,2384.19,2026-07-15T19:53:33+00:00,,2026-08-31T22:00:00+00:00,14,2026-08-31T22:00:00+00:00
2233,02100000002233,1,7,USD,active,13468.51,13468.51,2017-05-26T04:18:01+00:00,,2026-09-22T19:45:16+00:00,18,2026-09-22T19:45:16+00:00
2234,02100000002234,3,7,USD,active,1075.75,1075.75,2020-06-08T02:37:06+00:00,,2026-08-31T22:00:00+00:00,13,2026-08-31T22:00:00+00:00
2235,02100000002235,1,7,USD,active,17473.10,17473.10,2012-02-10T14:36:56+00:00,,2026-09-22T18:06:05+00:00,26,2026-09-22T18:06:05+00:00
2236,02100000002236,1,2,USD,active,8557.60,8557.60,2013-10-02T21:32:17+00:00,,2026-09-21T19:27:46+00:00,3,2026-09-21T19:27:46+00:00
2237,02110000002237,2,19,USD,active,20740.81,21240.81,2020-08-09T03:48:06+00:00,,2026-09-18T23:15:45+00:00,16,2026-09-18T23:15:45+00:00
2238,02100000002238,1,6,USD,active,26998.52,26998.52,2023-06-14T15:41:29+00:00,,2026-09-20T22:54:12+00:00,24,2026-09-20T22:54:12+00:00
2239,02100000002239,1,8,USD,active,931.66,931.66,2010-04-02T15:38:29+00:00,,2026-09-22T16:41:59+00:00,5,2026-09-22T16:41:59+00:00
2240,02100000002240,4,8,USD,active,41952.27,41952.27,2014-02-10T17:03:25+00:00,,2026-08-31T22:00:00+00:00,39,2026-08-31T22:00:00+00:00
2241,02110000002241,2,16,USD,active,10095.81,10595.81,2019-03-07T00:56:46+00:00,,2026-09-19T17:55:59+00:00,11,2026-09-19T17:55:59+00:00
2242,02110000002242,3,16,USD,active,911.36,911.36,2023-12-21T20:34:48+00:00,,2026-08-31T22:00:00+00:00,4,2026-08-31T22:00:00+00:00
2243,02110000002243,9,16,USD,active,170.54,2329.46,2025-04-12T12:22:29+00:00,,2026-09-15T15:22:04+00:00,9,2026-09-15T15:22:04+00:00
2244,02110000002244,2,25,USD,active,10675.86,11175.86,2024-12-14T07:00:16+00:00,,2026-09-19T15:58:15+00:00,2,2026-09-19T15:58:15+00:00
2245,02110000002245,4,25,USD,closed,0,0,2025-01-14T18:03:58+00:00,2025-05-08T18:48:16+00:00,,0,2025-05-08T18:48:16+00:00
2246,02110000002246,2,21,USD,dormant,59.69,59.69,2024-04-05T14:59:05+00:00,,2026-08-31T22:00:00+00:00,24,2026-08-31T22:00:00+00:00
2247,02110000002247,4,21,USD,active,14203.89,14203.89,2025-02-22T06:07:06+00:00,,2026-08-31T22:00:00+00:00,10,2026-08-31T22:00:00+00:00
2248,02100000002248,1,4,USD,active,7643.25,7643.25,2021-08-15T18:47:03+00:00,,2026-09-20T15:44:28+00:00,11,2026-09-20T15:44:28+00:00
2249,02100000002249,4,4,USD,active,45491.13,45491.13,2022-06-11T17:21:59+00:00,,2026-08-31T22:00:00+00:00,4,2026-08-31T22:00:00+00:00
2250,02100000002250,1,10,USD,active,3719.12,3719.12,2009-11-07T04:11:02+00:00,,2026-09-22T20:41:46+00:00,17,2026-09-22T20:41:46+00:00
2251,02100000002251,3,10,USD,active,1985.24,1985.24,2024-11-24T11:19:54+00:00,,2026-08-31T22:00:00+00:00,23,2026-08-31T22:00:00+00:00
2252,02110000002252,1,15,USD,active,19180.43,19180.43,2008-02-19T13:49:10+00:00,,2026-09-16T09:00:00+00:00,34,2026-09-16T09:00:00+00:00
2253,02110000002253,1,21,USD,active,6718.75,6718.75,2014-07-08T00:19:58+00:00,,2026-09-20T23:48:14+00:00,29,2026-09-20T23:48:14+00:00
2254,02110000002254,3,21,USD,active,7877.02,7877.02,2024-10-10T15:37:53+00:00,,2026-08-31T22:00:00+00:00,30,2026-08-31T22:00:00+00:00
2255,02100000002255,2,3,USD,active,1772.84,2272.84,2015-02-23T03:06:29+00:00,,2026-09-13T09:00:00+00:00,17,2026-09-13T09:00:00+00:00
2256,02100000002256,3,3,USD,active,4047.56,4047.56,2021-04-05T07:47:31+00:00,,2026-08-31T22:00:00+00:00,1,2026-08-31T22:00:00+00:00
2257,02100000002257,9,3,USD,closed,0,5000.00,2024-01-08T07:43:01+00:00,2025-04-12T19:27:25+00:00,,0,2025-04-12T19:27:25+00:00
2258,02110000002258,1,14,USD,active,1251.85,1251.85,2016-01-08T22:27:24+00:00,,2026-09-19T18:41:31+00:00,14,2026-09-19T18:41:31+00:00
2259,02110000002259,4,14,USD,active,46555.55,46555.55,2021-07-11T19:32:22+00:00,,2026-08-31T22:00:00+00:00,37,2026-08-31T22:00:00+00:00
2260,02100000002260,2,10,USD,active,29263.23,29763.23,2023-06-29T04:39:54+00:00,,2026-09-09T15:16:04+00:00,10,2026-09-09T15:16:04+00:00
2261,02100000002261,2,8,USD,closed,0,0,2020-07-02T16:12:17+00:00,2021-12-31T15:19:10+00:00,,0,2021-12-31T15:19:10+00:00
2262,02100000002262,3,8,USD,active,6677.61,6677.61,2021-12-22T22:59:25+00:00,,2026-08-31T22:00:00+00:00,8,2026-08-31T22:00:00+00:00
2263,02100000002263,8,8,USD,closed,0,1000.00,2025-08-22T03:37:35+00:00,2025-10-11T03:40:56+00:00,,0,2025-10-11T03:40:56+00:00
2264,02110000002264,1,21,USD,closed,0,0,2021-06-25T21:26:22+00:00,2023-03-03T08:28:23+00:00,,0,2023-03-03T08:28:23+00:00
2265,02110000002265,3,21,USD,active,2356.68,2356.68,2024-07-30T02:03:37+00:00,,2026-08-31T22:00:00+00:00,27,2026-08-31T22:00:00+00:00
2266,02110000002266,9,21,USD,active,2496.44,2503.56,2021-10-27T16:26:42+00:00,,2026-05-31T22:00:00+00:00,30,2026-05-31T22:00:00+00:00
2267,02110000002267,1,16,USD,active,14103.66,14103.66,2019-04-14T10:20:52+00:00,,2026-09-17T16:13:16+00:00,8,2026-09-17T16:13:16+00:00
2268,02110000002268,4,16,USD,active,17934.88,17934.88,2019-08-10T20:46:23+00:00,,2026-08-31T22:00:00+00:00,11,2026-08-31T22:00:00+00:00
2269,02110000002269,1,19,USD,active,35066.39,35066.39,2012-10-16T19:38:46+00:00,,2026-09-15T09:00:00+00:00,9,2026-09-15T09:00:00+00:00
2270,02110000002270,9,19,USD,active,640.66,4359.34,2025-02-26T15:24:59+00:00,,2026-09-21T14:36:25+00:00,2,2026-09-21T14:36:25+00:00
2271,02110000002271,2,14,USD,active,1195.92,1695.92,2020-05-12T07:59:13+00:00,,2026-09-16T12:15:19+00:00,34,2026-09-16T12:15:19+00:00
2272,02100000002272,1,7,USD,active,2912.88,2912.88,2009-06-30T23:20:24+00:00,,2026-09-14T13:18:15+00:00,22,2026-09-14T13:18:15+00:00
2273,02100000002273,3,7,USD,dormant,59.04,59.04,2024-08-06T11:38:01+00:00,,2026-08-31T22:00:00+00:00,6,2026-08-31T22:00:00+00:00
2274,02100000002274,1,1,USD,active,5064.34,5064.34,2015-10-06T11:42:51+00:00,,2026-09-20T14:44:57+00:00,15,2026-09-20T14:44:57+00:00
2275,02100000002275,4,1,USD,closed,0,0,2017-08-26T16:01:41+00:00,2023-06-16T14:34:12+00:00,,0,2023-06-16T14:34:12+00:00
2276,02100000002276,2,12,USD,active,7972.30,8472.30,2020-11-13T08:55:44+00:00,,2026-09-22T09:00:00+00:00,14,2026-09-22T09:00:00+00:00
2277,02100000002277,3,12,USD,active,3217.42,3217.42,2026-07-23T13:16:10+00:00,,2026-08-31T22:00:00+00:00,11,2026-08-31T22:00:00+00:00
2278,02100000002278,1,8,USD,active,21317.90,21317.90,2023-11-19T00:35:02+00:00,,2026-09-19T16:28:04+00:00,3,2026-09-19T16:28:04+00:00
2279,02100000002279,3,8,USD,active,2309.92,2309.92,2025-01-18T16:12:41+00:00,,2026-08-31T22:00:00+00:00,26,2026-08-31T22:00:00+00:00
2280,02100000002280,1,2,USD,active,4059.36,4059.36,2022-11-09T09:46:46+00:00,,2026-09-20T18:05:34+00:00,13,2026-09-20T18:05:34+00:00
2281,02110000002281,1,22,USD,active,53695.63,53695.63,2022-02-05T04:50:58+00:00,,2026-09-20T18:02:04+00:00,6,2026-09-20T18:02:04+00:00
2282,02110000002282,4,22,USD,active,9884.59,9884.59,2026-01-17T18:16:39+00:00,,2026-08-31T22:00:00+00:00,24,2026-08-31T22:00:00+00:00
2283,02110000002283,1,19,USD,active,2073.65,2073.65,2023-10-04T13:00:11+00:00,,2026-09-15T21:19:24+00:00,29,2026-09-15T21:19:24+00:00
2284,02110000002284,9,19,USD,active,0,2500.00,2026-09-08T13:09:52+00:00,,,0,2026-09-08T13:09:52+00:00
2285,02100000002285,2,7,USD,active,6775.77,7275.77,2014-12-20T20:15:11+00:00,,2026-07-30T23:37:00+00:00,32,2026-07-30T23:37:00+00:00
2286,02100000002286,4,7,USD,active,92560.49,92560.49,2022-12-12T21:40:29+00:00,,2026-08-31T22:00:00+00:00,34,2026-08-31T22:00:00+00:00
2287,02100000002287,5,7,USD,active,8902.90,8902.90,2022-04-04T05:46:07+00:00,,2026-08-31T22:00:00+00:00,37,2026-08-31T22:00:00+00:00
2288,02110000002288,1,25,USD,active,20607.78,20607.78,2022-06-22T13:52:22+00:00,,2026-09-20T23:06:01+00:00,39,2026-09-20T23:06:01+00:00
2289,02100000002289,1,12,USD,active,3156.12,3156.12,2024-06-02T14:27:47+00:00,,2026-09-02T09:00:00+00:00,22,2026-09-02T09:00:00+00:00
2290,02100000002290,3,12,USD,active,3795.05,3795.05,2024-09-28T10:01:27+00:00,,2026-08-31T22:00:00+00:00,24,2026-08-31T22:00:00+00:00
2291,02100000002291,9,12,USD,active,3583.07,21416.93,2025-05-21T21:59:15+00:00,,2026-09-20T16:55:17+00:00,12,2026-09-20T16:55:17+00:00
2292,02100000002292,2,12,USD,active,50892.94,51392.94,2012-11-28T19:41:38+00:00,,2026-09-21T17:41:07+00:00,20,2026-09-21T17:41:07+00:00
2293,02100000002293,3,12,USD,active,518.22,518.22,2015-01-04T18:57:58+00:00,,2026-08-31T22:00:00+00:00,16,2026-08-31T22:00:00+00:00
2294,02100000002294,3,1,USD,active,2615.82,2615.82,2023-06-17T06:14:42+00:00,,2026-08-31T22:00:00+00:00,22,2026-08-31T22:00:00+00:00
2295,02100000002295,1,3,USD,active,1694.61,1694.61,2014-07-02T10:58:44+00:00,,2026-09-06T09:00:00+00:00,3,2026-09-06T09:00:00+00:00
2296,02100000002296,5,3,USD,closed,0,0,2021-03-21T14:06:05+00:00,2021-07-07T17:22:41+00:00,,0,2021-07-07T17:22:41+00:00
2297,02100000002297,9,3,USD,active,7758.34,7241.66,2022-04-16T16:01:30+00:00,,2026-09-22T20:08:30+00:00,26,2026-09-22T20:08:30+00:00
2298,02110000002298,2,18,USD,active,65781.91,66281.91,2014-11-27T12:09:16+00:00,,2026-09-22T09:00:00+00:00,4,2026-09-22T09:00:00+00:00
2299,02110000002299,3,18,USD,active,991.99,991.99,2015-05-21T21:39:23+00:00,,2026-08-31T22:00:00+00:00,40,2026-08-31T22:00:00+00:00
2300,02110000002300,8,18,USD,active,901.32,98.68,2021-01-25T17:58:05+00:00,,2026-09-10T21:23:32+00:00,20,2026-09-10T21:23:32+00:00
2301,02100000002301,1,2,USD,active,13070.88,13070.88,2025-06-13T20:44:29+00:00,,2026-09-20T09:00:00+00:00,15,2026-09-20T09:00:00+00:00
2302,02110000002302,2,21,USD,closed,0,0,2023-04-13T16:11:01+00:00,2024-11-17T23:18:07+00:00,,0,2024-11-17T23:18:07+00:00
2303,02110000002303,4,21,USD,active,40136.83,40136.83,2025-10-01T11:34:41+00:00,,2026-08-31T22:00:00+00:00,15,2026-08-31T22:00:00+00:00
2304,02110000002304,2,16,USD,active,34720.47,35220.47,2009-06-01T21:50:50+00:00,,2026-09-21T17:06:12+00:00,17,2026-09-21T17:06:12+00:00
2305,02110000002305,4,16,USD,active,8536.60,8536.60,2025-05-26T18:46:12+00:00,,2026-08-31T22:00:00+00:00,32,2026-08-31T22:00:00+00:00
2306,02110000002306,1,21,USD,active,4483.02,4483.02,2018-02-23T23:33:51+00:00,,2026-09-21T09:00:00+00:00,19,2026-09-21T09:00:00+00:00
2307,02110000002307,3,21,USD,active,2465.96,2465.96,2023-02-18T11:38:57+00:00,,2026-08-31T22:00:00+00:00,1,2026-08-31T22:00:00+00:00
2308,02110000002308,2,24,USD,active,31.08,531.08,2008-01-25T10:22:23+00:00,,2026-09-18T18:40:24+00:00,30,2026-09-18T18:40:24+00:00
2309,02110000002309,4,24,USD,active,10097.08,10097.08,2020-04-26T07:12:18+00:00,,2026-08-31T22:00:00+00:00,25,2026-08-31T22:00:00+00:00
2310,02110000002310,1,13,USD,active,5715.26,5715.26,2024-03-25T06:57:31+00:00,,2026-09-18T22:21:56+00:00,3,2026-09-18T22:21:56+00:00
2311,02110000002311,3,13,USD,active,2751.66,2751.66,2024-12-31T07:02:27+00:00,,2026-08-31T22:00:00+00:00,32,2026-08-31T22:00:00+00:00
2312,02110000002312,5,13,USD,active,5090.14,5090.14,2024-08-23T14:53:45+00:00,,2026-08-31T22:00:00+00:00,2,2026-08-31T22:00:00+00:00
2313,02100000002313,1,5,USD,active,6983.37,6983.37,2013-07-18T19:15:39+00:00,,2026-09-22T18:52:54+00:00,11,2026-09-22T18:52:54+00:00
2314,02110000002314,2,16,USD,active,20825.38,21325.38,2015-09-01T04:56:40+00:00,,2026-09-20T14:30:48+00:00,9,2026-09-20T14:30:48+00:00
2315,02110000002315,3,16,USD,active,6546.85,6546.85,2021-06-29T11:50:05+00:00,,2026-08-31T22:00:00+00:00,24,2026-08-31T22:00:00+00:00
2316,02110000002316,1,14,USD,active,1692.22,1692.22,2012-12-16T05:12:28+00:00,,2026-09-21T20:56:43+00:00,29,2026-09-21T20:56:43+00:00
2317,02110000002317,3,14,USD,active,2722.06,2722.06,2019-08-23T21:48:29+00:00,,2026-08-31T22:00:00+00:00,6,2026-08-31T22:00:00+00:00
2318,02110000002318,2,21,USD,closed,0,0,2019-03-01T16:32:02+00:00,2020-01-23T07:47:11+00:00,,0,2020-01-23T07:47:11+00:00
2319,02110000002319,8,21,USD,active,0,5000.00,2020-06-20T03:46:47+00:00,,,0,2020-06-20T03:46:47+00:00
2320,02100000002320,2,7,USD,active,6877.95,7377.95,2014-05-25T17:53:43+00:00,,2026-09-04T09:00:00+00:00,18,2026-09-04T09:00:00+00:00
2321,02100000002321,3,7,USD,active,3366.82,3366.82,2021-06-20T17:00:16+00:00,,2026-08-31T22:00:00+00:00,30,2026-08-31T22:00:00+00:00
2322,02100000002322,8,7,USD,active,869.59,4130.41,2022-02-08T03:13:13+00:00,,2026-09-13T18:59:49+00:00,40,2026-09-13T18:59:49+00:00
2323,02110000002323,1,13,USD,active,6162.34,6162.34,2009-03-16T06:10:51+00:00,,2026-09-21T18:23:42+00:00,27,2026-09-21T18:23:42+00:00
2324,02110000002324,4,13,USD,closed,0,0,2015-05-03T16:43:02+00:00,2019-01-24T08:53:11+00:00,,0,2019-01-24T08:53:11+00:00
2325,02100000002325,1,4,USD,active,983.04,983.04,2023-07-30T14:52:15+00:00,,2026-09-22T15:06:47+00:00,23,2026-09-22T15:06:47+00:00
2326,02100000002326,4,4,USD,dormant,40.98,40.98,2023-11-02T05:31:08+00:00,,2026-08-31T22:00:00+00:00,25,2026-08-31T22:00:00+00:00
2327,02100000002327,5,4,USD,active,9835.50,9835.50,2024-01-01T00:06:18+00:00,,2026-08-31T22:00:00+00:00,29,2026-08-31T22:00:00+00:00
2328,02100000002328,1,3,USD,active,31121.12,31121.12,2011-08-18T09:52:49+00:00,,2026-09-21T09:00:00+00:00,13,2026-09-21T09:00:00+00:00
2329,02100000002329,8,3,USD,active,858.89,141.11,2021-02-16T06:02:31+00:00,,2026-09-14T15:18:33+00:00,24,2026-09-14T15:18:33+00:00
2330,02100000002330,1,11,USD,active,5110.07,5110.07,2013-08-13T20:18:13+00:00,,2026-09-02T09:00:00+00:00,8,2026-09-02T09:00:00+00:00
2331,02100000002331,8,11,USD,active,3191.12,1808.88,2018-06-19T02:02:22+00:00,,2026-09-13T18:03:49+00:00,25,2026-09-13T18:03:49+00:00
2332,02110000002332,1,21,USD,active,9098.93,9098.93,2025-05-26T09:39:13+00:00,,2026-09-22T20:36:45+00:00,13,2026-09-22T20:36:45+00:00
2333,02110000002333,3,21,USD,active,530.50,530.50,2025-12-10T06:42:54+00:00,,2026-08-31T22:00:00+00:00,34,2026-08-31T22:00:00+00:00
2334,02110000002334,1,24,USD,active,2461.61,2461.61,2008-04-26T21:55:31+00:00,,2026-09-21T02:59:35+00:00,35,2026-09-21T02:59:35+00:00
2335,02110000002335,4,24,USD,closed,0,0,2010-01-15T07:22:34+00:00,2019-06-01T20:51:42+00:00,,0,2019-06-01T20:51:42+00:00
2336,02110000002336,9,24,USD,active,0.00,7500.00,2009-06-03T03:47:29+00:00,,2026-06-25T18:00:00+00:00,40,2026-06-25T18:00:00+00:00
2337,02110000002337,1,16,USD,active,652.94,652.94,2020-09-25T02:02:52+00:00,,2026-09-21T17:31:51+00:00,28,2026-09-21T17:31:51+00:00
2338,02110000002338,1,20,USD,dormant,232.04,232.04,2021-10-27T18:19:24+00:00,,2026-08-31T22:00:00+00:00,28,2026-08-31T22:00:00+00:00
2339,02110000002339,8,20,USD,active,0,15000.00,2022-12-11T23:28:28+00:00,,,0,2022-12-11T23:28:28+00:00
2340,02110000002340,1,15,USD,active,7521.78,7521.78,2008-11-11T15:52:03+00:00,,2026-09-19T14:28:21+00:00,34,2026-09-19T14:28:21+00:00
2341,02100000002341,1,2,USD,active,269.05,269.05,2014-03-15T18:20:16+00:00,,2026-09-16T18:20:09+00:00,38,2026-09-16T18:20:09+00:00
2342,02100000002342,1,12,USD,dormant,3.73,3.73,2012-11-09T17:42:36+00:00,,2026-08-31T22:00:00+00:00,1,2026-08-31T22:00:00+00:00
2343,02100000002343,4,12,USD,closed,0,0,2025-09-25T00:34:35+00:00,2026-02-13T22:10:25+00:00,,0,2026-02-13T22:10:25+00:00
2344,02100000002344,8,12,USD,active,0,10000.00,2021-03-22T13:14:51+00:00,,,0,2021-03-22T13:14:51+00:00
2345,02100000002345,1,11,USD,frozen,854.47,854.47,2026-01-06T19:04:00+00:00,,2026-04-30T23:59:00+00:00,17,2026-04-30T23:59:00+00:00
2346,02110000002346,1,21,USD,dormant,192.24,192.24,2014-06-11T05:11:28+00:00,,2026-08-31T22:00:00+00:00,23,2026-08-31T22:00:00+00:00
2347,02110000002347,3,21,USD,frozen,322.10,322.10,2025-05-29T12:23:09+00:00,,2026-04-30T23:59:00+00:00,34,2026-04-30T23:59:00+00:00
2348,02110000002348,1,20,USD,active,0.21,0.21,2008-03-02T18:03:49+00:00,,2026-09-21T14:26:01+00:00,6,2026-09-21T14:26:01+00:00
2349,02110000002349,2,24,USD,active,6985.53,7485.53,2021-07-12T02:27:34+00:00,,2026-09-22T20:41:40+00:00,32,2026-09-22T20:41:40+00:00
2350,02110000002350,4,24,USD,active,2120.57,2120.57,2026-05-05T09:55:40+00:00,,2026-08-31T22:00:00+00:00,21,2026-08-31T22:00:00+00:00
2351,02110000002351,2,14,USD,active,12800.33,13300.33,2024-05-11T21:54:10+00:00,,2026-09-21T16:52:08+00:00,6,2026-09-21T16:52:08+00:00
2352,02110000002352,8,14,USD,active,0,2500.00,2024-10-27T19:49:28+00:00,,,0,2024-10-27T19:49:28+00:00
2353,02110000002353,2,13,USD,active,38586.21,39086.21,2024-01-09T21:04:22+00:00,,2026-09-22T09:00:00+00:00,39,2026-09-22T09:00:00+00:00
2354,02110000002354,4,13,USD,active,21054.02,21054.02,2025-12-06T22:55:32+00:00,,2026-08-31T22:00:00+00:00,21,2026-08-31T22:00:00+00:00
2355,02110000002355,5,13,USD,active,55170.34,55170.34,2026-02-22T11:22:36+00:00,,2026-08-31T22:00:00+00:00,34,2026-08-31T22:00:00+00:00
2356,02110000002356,8,13,USD,active,264.91,4735.09,2026-05-18T22:27:25+00:00,,2026-09-15T17:29:59+00:00,19,2026-09-15T17:29:59+00:00
2357,02110000002357,1,19,USD,active,17808.54,17808.54,2017-09-27T21:16:28+00:00,,2026-09-20T20:47:53+00:00,5,2026-09-20T20:47:53+00:00
2358,02110000002358,3,19,USD,active,7840.84,7840.84,2020-12-05T10:16:00+00:00,,2026-08-31T22:00:00+00:00,23,2026-08-31T22:00:00+00:00
2359,02110000002359,1,16,USD,active,16094.07,16094.07,2016-12-27T04:03:07+00:00,,2026-09-21T16:35:16+00:00,33,2026-09-21T16:35:16+00:00
2360,02110000002360,3,16,USD,active,1925.40,1925.40,2023-11-04T11:05:08+00:00,,2026-08-31T22:00:00+00:00,16,2026-08-31T22:00:00+00:00
2361,02110000002361,1,16,USD,active,2840.16,2840.16,2014-08-16T16:39:40+00:00,,2026-09-20T13:50:00+00:00,16,2026-09-20T13:50:00+00:00
2362,02110000002362,3,16,USD,active,1358.49,1358.49,2016-03-18T23:22:35+00:00,,2026-08-31T22:00:00+00:00,37,2026-08-31T22:00:00+00:00
2363,02110000002363,1,22,USD,dormant,266.44,266.44,2025-12-03T08:57:28+00:00,,2026-08-31T22:00:00+00:00,25,2026-08-31T22:00:00+00:00
2364,02110000002364,9,22,USD,active,0,15000.00,2026-08-25T19:37:41+00:00,,,0,2026-08-25T19:37:41+00:00
2365,02100000002365,1,12,USD,active,1009.53,1009.53,2012-02-25T14:43:41+00:00,,2026-09-17T16:45:49+00:00,9,2026-09-17T16:45:49+00:00
2366,02100000002366,1,7,USD,active,13084.56,13084.56,2024-12-06T11:54:35+00:00,,2026-09-20T17:02:21+00:00,23,2026-09-20T17:02:21+00:00
2367,02100000002367,4,7,USD,active,3958.36,3958.36,2026-05-20T01:34:38+00:00,,2026-08-31T22:00:00+00:00,12,2026-08-31T22:00:00+00:00
2368,02110000002368,1,25,USD,active,4171.05,4171.05,2013-03-15T18:35:27+00:00,,2026-09-22T12:42:27+00:00,26,2026-09-22T12:42:27+00:00
2369,02110000002369,3,25,USD,active,2853.09,2853.09,2026-04-17T11:36:03+00:00,,2026-08-31T22:00:00+00:00,40,2026-08-31T22:00:00+00:00
2370,02100000002370,1,7,USD,active,12148.56,12148.56,2025-12-29T12:10:52+00:00,,2026-09-16T14:45:27+00:00,26,2026-09-16T14:45:27+00:00
2371,02100000002371,1,9,USD,active,6946.42,6946.42,2025-03-18T05:48:36+00:00,,2026-09-22T20:03:32+00:00,6,2026-09-22T20:03:32+00:00
2372,02100000002372,3,9,USD,active,8904.48,8904.48,2025-08-31T06:48:43+00:00,,2026-08-31T22:00:00+00:00,28,2026-08-31T22:00:00+00:00
2373,02110000002373,2,24,USD,active,48856.31,49356.31,2021-11-21T08:22:00+00:00,,2026-09-22T09:00:00+00:00,27,2026-09-22T09:00:00+00:00
2374,02110000002374,4,24,USD,active,2990.64,2990.64,2025-11-01T14:48:49+00:00,,2026-08-31T22:00:00+00:00,24,2026-08-31T22:00:00+00:00
2375,02110000002375,8,24,USD,active,0.00,10000.00,2024-09-26T15:48:20+00:00,,2026-05-25T18:00:00+00:00,26,2026-05-25T18:00:00+00:00
2376,02110000002376,1,22,USD,active,29674.61,29674.61,2025-12-22T21:13:26+00:00,,2026-09-20T18:23:54+00:00,16,2026-09-20T18:23:54+00:00
2377,02110000002377,4,22,USD,active,4669.73,4669.73,2026-08-11T23:42:52+00:00,,2026-08-31T22:00:00+00:00,19,2026-08-31T22:00:00+00:00
2378,02110000002378,1,16,USD,active,17488.45,17488.45,2025-06-20T00:01:15+00:00,,2026-09-15T17:56:09+00:00,26,2026-09-15T17:56:09+00:00
2379,02110000002379,1,20,USD,active,16455.96,16455.96,2014-12-11T08:12:19+00:00,,2026-09-20T16:08:45+00:00,23,2026-09-20T16:08:45+00:00
2380,02110000002380,2,18,USD,active,39454.70,39954.70,2022-01-27T16:49:33+00:00,,2026-09-21T22:09:06+00:00,28,2026-09-21T22:09:06+00:00
2381,02110000002381,2,22,USD,active,2547.26,3047.26,2020-01-09T07:22:49+00:00,,2026-09-22T07:40:09+00:00,32,2026-09-22T07:40:09+00:00
2382,02110000002382,5,22,USD,active,34944.01,34944.01,2022-08-27T21:37:16+00:00,,2026-08-31T22:00:00+00:00,31,2026-08-31T22:00:00+00:00
2383,02110000002383,1,24,USD,active,30813.05,30813.05,2017-01-09T03:45:22+00:00,,2026-09-22T09:00:00+00:00,7,2026-09-22T09:00:00+00:00
2384,02110000002384,3,24,USD,active,3278.13,3278.13,2021-06-21T09:09:08+00:00,,2026-08-31T22:00:00+00:00,34,2026-08-31T22:00:00+00:00
2385,02100000002385,1,9,USD,active,309.47,309.47,2022-03-17T04:52:47+00:00,,2026-09-19T20:36:31+00:00,6,2026-09-19T20:36:31+00:00
2386,02100000002386,4,9,USD,active,2926.05,2926.05,2026-07-02T15:27:55+00:00,,2026-08-31T22:00:00+00:00,16,2026-08-31T22:00:00+00:00
2387,02110000002387,3,22,USD,active,320.61,320.61,2018-04-21T03:16:19+00:00,,2026-08-31T22:00:00+00:00,21,2026-08-31T22:00:00+00:00
2388,02100000002388,1,12,USD,active,3961.46,3961.46,2023-12-14T23:05:28+00:00,,2026-09-18T23:10:44+00:00,21,2026-09-18T23:10:44+00:00
2389,02100000002389,4,12,USD,active,26631.40,26631.40,2023-12-18T19:37:20+00:00,,2026-08-31T22:00:00+00:00,3,2026-08-31T22:00:00+00:00
2390,02110000002390,1,18,USD,active,5166.04,5166.04,2015-06-17T14:23:32+00:00,,2026-09-19T00:38:48+00:00,11,2026-09-19T00:38:48+00:00
2391,02110000002391,8,18,USD,active,0.00,5000.00,2025-12-03T01:55:22+00:00,,2026-05-25T18:00:00+00:00,23,2026-05-25T18:00:00+00:00
2392,02110000002392,1,15,USD,active,1623.13,1623.13,2012-08-30T11:39:06+00:00,,2026-09-18T19:39:25+00:00,2,2026-09-18T19:39:25+00:00
2393,02110000002393,4,15,USD,active,85462.23,85462.23,2012-12-22T05:33:59+00:00,,2026-08-31T22:00:00+00:00,12,2026-08-31T22:00:00+00:00
2394,02100000002394,1,2,USD,active,395.79,395.79,2019-05-31T19:04:12+00:00,,2026-09-21T14:24:41+00:00,30,2026-09-21T14:24:41+00:00
2395,02110000002395,1,24,USD,active,2129.11,2129.11,2020-08-07T22:48:45+00:00,,2026-09-13T21:53:40+00:00,34,2026-09-13T21:53:40+00:00
2396,02110000002396,2,23,USD,active,22364.59,22864.59,2017-01-08T16:24:28+00:00,,2026-09-22T21:00:00+00:00,38,2026-09-22T21:00:00+00:00
2397,02110000002397,3,23,USD,active,1358.11,1358.11,2018-08-07T23:38:34+00:00,,2026-08-31T22:00:00+00:00,33,2026-08-31T22:00:00+00:00
2398,02110000002398,5,23,USD,active,53332.94,53332.94,2020-10-10T08:05:55+00:00,,2026-08-31T22:00:00+00:00,31,2026-08-31T22:00:00+00:00
2399,02100000002399,1,1,USD,active,11272.48,11272.48,2025-08-15T04:46:10+00:00,,2026-09-14T09:00:00+00:00,13,2026-09-14T09:00:00+00:00
2400,02100000002400,4,6,USD,active,23784.25,23784.25,2021-02-22T10:13:27+00:00,,2026-08-31T22:00:00+00:00,23,2026-08-31T22:00:00+00:00
2401,02100000002401,1,11,USD,active,21827.25,21827.25,2018-07-09T17:04:19+00:00,,2026-09-22T09:00:00+00:00,22,2026-09-22T09:00:00+00:00
2402,02100000002402,8,11,USD,frozen,4671.09,2828.91,2024-09-22T20:25:57+00:00,,2026-04-30T23:59:00+00:00,12,2026-04-30T23:59:00+00:00
2403,02100000002403,1,11,USD,active,24916.76,24916.76,2011-05-09T10:41:49+00:00,,2026-09-21T20:45:00+00:00,37,2026-09-21T20:45:00+00:00
2404,02110000002404,2,22,USD,dormant,120.45,120.45,2011-10-27T03:28:40+00:00,,2026-08-31T22:00:00+00:00,7,2026-08-31T22:00:00+00:00
2405,02110000002405,4,22,USD,active,80569.82,80569.82,2017-02-04T12:52:32+00:00,,2026-08-31T22:00:00+00:00,35,2026-08-31T22:00:00+00:00
2406,02100000002406,2,3,USD,active,22693.80,23193.80,2020-06-07T01:11:54+00:00,,2026-09-22T09:00:00+00:00,9,2026-09-22T09:00:00+00:00
2407,02100000002407,1,10,USD,active,17421.02,17421.02,2016-12-04T23:54:21+00:00,,2026-09-20T22:27:13+00:00,23,2026-09-20T22:27:13+00:00
2408,02110000002408,1,24,USD,active,2030.91,2030.91,2016-12-15T03:32:58+00:00,,2026-09-22T18:00:00+00:00,33,2026-09-22T18:00:00+00:00
2409,02100000002409,2,11,USD,active,83424.10,83924.10,2015-03-05T19:41:10+00:00,,2026-09-20T01:22:09+00:00,16,2026-09-20T01:22:09+00:00
2410,02110000002410,2,20,USD,active,4237.96,4737.96,2015-03-04T08:06:35+00:00,,2026-09-16T09:00:00+00:00,36,2026-09-16T09:00:00+00:00
2411,02110000002411,3,20,USD,active,5791.81,5791.81,2020-10-03T19:48:06+00:00,,2026-08-31T22:00:00+00:00,1,2026-08-31T22:00:00+00:00
2412,02110000002412,1,19,USD,active,7735.84,7735.84,2009-04-13T03:42:26+00:00,,2026-09-08T19:30:12+00:00,5,2026-09-08T19:30:12+00:00
2413,02100000002413,1,5,USD,active,11223.31,11223.31,2019-10-26T15:53:54+00:00,,2026-09-09T13:26:14+00:00,5,2026-09-09T13:26:14+00:00
2414,02100000002414,4,5,USD,active,7427.58,7427.58,2023-09-14T08:56:03+00:00,,2026-08-31T22:00:00+00:00,7,2026-08-31T22:00:00+00:00
2415,02100000002415,2,10,USD,active,5731.82,6231.82,2018-02-08T06:00:25+00:00,,2026-09-20T14:36:18+00:00,40,2026-09-20T14:36:18+00:00
2416,02110000002416,1,25,USD,closed,0,0,2010-04-06T17:41:27+00:00,2022-01-17T09:55:51+00:00,,0,2022-01-17T09:55:51+00:00
2417,02110000002417,1,15,USD,active,3815.45,3815.45,2022-12-23T08:05:10+00:00,,2026-09-20T18:32:18+00:00,19,2026-09-20T18:32:18+00:00
2418,02110000002418,3,15,USD,active,4667.67,4667.67,2025-01-26T02:13:49+00:00,,2026-08-31T22:00:00+00:00,37,2026-08-31T22:00:00+00:00
2419,02110000002419,1,13,USD,active,23353.75,23353.75,2008-02-02T13:58:10+00:00,,2026-09-20T23:27:44+00:00,35,2026-09-20T23:27:44+00:00
2420,02110000002420,2,15,USD,active,15710.90,16210.90,2016-05-28T12:04:36+00:00,,2026-09-05T09:00:00+00:00,3,2026-09-05T09:00:00+00:00
2421,02110000002421,3,15,USD,active,1409.84,1409.84,2018-06-28T10:25:29+00:00,,2026-08-31T22:00:00+00:00,6,2026-08-31T22:00:00+00:00
2422,02110000002422,8,15,USD,active,2316.75,7683.25,2021-05-31T05:25:16+00:00,,2026-09-21T20:33:20+00:00,14,2026-09-21T20:33:20+00:00
2423,02100000002423,1,8,USD,active,30757.73,30757.73,2022-02-03T06:14:00+00:00,,2026-09-15T09:00:00+00:00,4,2026-09-15T09:00:00+00:00
2424,02110000002424,1,20,USD,closed,0,0,2024-08-16T01:07:50+00:00,2025-03-20T17:29:09+00:00,,0,2025-03-20T17:29:09+00:00
2425,02110000002425,3,20,USD,active,3430.24,3430.24,2025-02-23T11:18:05+00:00,,2026-08-31T22:00:00+00:00,6,2026-08-31T22:00:00+00:00
2426,02110000002426,1,20,USD,active,22372.23,22372.23,2009-12-13T02:38:57+00:00,,2026-09-16T09:00:00+00:00,14,2026-09-16T09:00:00+00:00
2427,02110000002427,3,20,USD,active,5635.99,5635.99,2012-05-09T22:29:11+00:00,,2026-08-31T22:00:00+00:00,4,2026-08-31T22:00:00+00:00
2428,02100000002428,2,10,USD,closed,0,0,2015-03-07T16:56:22+00:00,2021-05-25T17:45:47+00:00,,0,2021-05-25T17:45:47+00:00
2429,02100000002429,3,10,USD,active,1777.31,1777.31,2015-11-09T07:33:01+00:00,,2026-08-31T22:00:00+00:00,31,2026-08-31T22:00:00+00:00
2430,02100000002430,9,10,USD,active,0,15000.00,2019-02-01T10:57:29+00:00,,,0,2019-02-01T10:57:29+00:00
2431,02100000002431,1,6,USD,active,13973.42,13973.42,2021-05-30T12:49:32+00:00,,2026-09-17T22:30:15+00:00,10,2026-09-17T22:30:15+00:00
2432,02110000002432,1,20,USD,active,5021.52,5021.52,2008-10-03T18:12:58+00:00,,2026-09-19T21:53:21+00:00,39,2026-09-19T21:53:21+00:00
2433,02110000002433,3,20,USD,closed,0,0,2021-09-07T10:34:58+00:00,2022-06-28T04:24:32+00:00,,0,2022-06-28T04:24:32+00:00
2434,02100000002434,2,4,USD,active,22365.76,22865.76,2022-01-27T09:20:21+00:00,,2026-09-22T20:03:04+00:00,29,2026-09-22T20:03:04+00:00
2435,02100000002435,8,4,USD,active,0.00,5000.00,2023-01-09T03:44:01+00:00,,2026-05-25T18:00:00+00:00,20,2026-05-25T18:00:00+00:00
2436,02100000002436,2,8,USD,active,30825.65,31325.65,2011-07-27T20:24:26+00:00,,2026-09-21T13:31:20+00:00,22,2026-09-21T13:31:20+00:00
2437,02100000002437,3,8,USD,active,5962.44,5962.44,2011-11-05T12:13:49+00:00,,2026-08-31T22:00:00+00:00,15,2026-08-31T22:00:00+00:00
2438,02100000002438,2,5,USD,active,36190.56,36690.56,2015-05-24T01:21:13+00:00,,2026-09-20T20:30:42+00:00,39,2026-09-20T20:30:42+00:00
2439,02100000002439,3,5,USD,active,1105.13,1105.13,2019-10-01T18:23:19+00:00,,2026-08-31T22:00:00+00:00,3,2026-08-31T22:00:00+00:00
2440,02100000002440,5,5,USD,active,7098.45,7098.45,2023-01-06T07:47:16+00:00,,2026-08-31T22:00:00+00:00,6,2026-08-31T22:00:00+00:00
2441,02110000002441,1,18,USD,active,3396.14,3396.14,2023-12-20T06:13:34+00:00,,2026-09-09T09:00:00+00:00,27,2026-09-09T09:00:00+00:00
2442,02100000002442,2,1,USD,active,93687.27,94187.27,2024-10-06T13:28:42+00:00,,2026-09-22T09:00:00+00:00,37,2026-09-22T09:00:00+00:00
2443,02100000002443,3,1,USD,active,4936.07,4936.07,2025-11-17T15:12:50+00:00,,2026-08-31T22:00:00+00:00,3,2026-08-31T22:00:00+00:00
2444,02100000002444,9,1,USD,active,0,10000.00,2025-11-05T06:58:56+00:00,,,0,2025-11-05T06:58:56+00:00
2445,02100000002445,1,2,USD,active,31292.27,31292.27,2015-05-10T22:16:01+00:00,,2026-09-21T17:27:46+00:00,40,2026-09-21T17:27:46+00:00
2446,02100000002446,4,2,USD,active,56135.22,56135.22,2019-01-11T01:03:22+00:00,,2026-08-31T22:00:00+00:00,27,2026-08-31T22:00:00+00:00
2447,02110000002447,2,23,USD,active,48433.59,48933.59,2025-08-20T02:48:22+00:00,,2026-09-11T09:00:00+00:00,20,2026-09-11T09:00:00+00:00
2448,02110000002448,3,23,USD,active,2903.16,2903.16,2026-08-13T00:19:54+00:00,,2026-08-31T22:00:00+00:00,15,2026-08-31T22:00:00+00:00
2449,02110000002449,9,23,USD,active,2499.15,0.85,2026-07-31T05:29:00+00:00,,2026-09-20T15:12:11+00:00,33,2026-09-20T15:12:11+00:00
2450,02100000002450,1,6,USD,active,3723.11,3723.11,2018-07-08T04:32:37+00:00,,2026-09-22T20:51:03+00:00,2,2026-09-22T20:51:03+00:00
2451,02100000002451,3,6,USD,dormant,0,0,2026-08-19T22:59:27+00:00,,,0,2026-08-19T22:59:27+00:00
2452,02110000002452,1,24,USD,active,697.86,697.86,2008-01-31T09:23:08+00:00,,2026-09-21T04:57:56+00:00,28,2026-09-21T04:57:56+00:00
2453,02110000002453,4,24,USD,active,68915.92,68915.92,2015-03-14T11:17:54+00:00,,2026-08-31T22:00:00+00:00,16,2026-08-31T22:00:00+00:00
2454,02100000002454,1,9,USD,active,23971.38,23971.38,2014-09-08T23:17:00+00:00,,2026-09-20T22:31:15+00:00,27,2026-09-20T22:31:15+00:00
2455,02110000002455,1,13,USD,active,7695.06,7695.06,2022-06-16T01:13:45+00:00,,2026-09-19T02:06:07+00:00,9,2026-09-19T02:06:07+00:00
2456,02110000002456,1,16,USD,active,28996.67,28996.67,2018-08-14T07:05:18+00:00,,2026-09-21T22:46:21+00:00,28,2026-09-21T22:46:21+00:00
2457,02110000002457,3,16,USD,dormant,36.58,36.58,2021-01-07T03:16:26+00:00,,2026-08-31T22:00:00+00:00,24,2026-08-31T22:00:00+00:00
2458,02110000002458,1,23,USD,active,22184.67,22184.67,2016-12-30T08:06:27+00:00,,2026-09-21T09:00:00+00:00,18,2026-09-21T09:00:00+00:00
2459,02110000002459,3,23,USD,active,2184.08,2184.08,2023-02-28T09:51:14+00:00,,2026-08-31T22:00:00+00:00,15,2026-08-31T22:00:00+00:00
2460,02110000002460,8,23,USD,closed,0,15000.00,2018-10-14T09:44:05+00:00,2020-06-29T02:00:39+00:00,,0,2020-06-29T02:00:39+00:00
2461,02110000002461,1,20,USD,active,23135.54,23135.54,2019-06-11T23:14:28+00:00,,2026-09-22T19:43:24+00:00,14,2026-09-22T19:43:24+00:00
2462,02110000002462,4,20,USD,active,6911.75,6911.75,2026-05-07T06:01:13+00:00,,2026-08-31T22:00:00+00:00,18,2026-08-31T22:00:00+00:00
2463,02110000002463,2,18,USD,closed,0,0,2021-12-22T05:56:00+00:00,2024-06-15T06:22:23+00:00,,0,2024-06-15T06:22:23+00:00
2464,02110000002464,4,18,USD,active,74008.50,74008.50,2023-07-10T07:56:30+00:00,,2026-08-31T22:00:00+00:00,13,2026-08-31T22:00:00+00:00
2465,02110000002465,2,15,USD,active,2114.66,2614.66,2026-01-17T05:48:19+00:00,,2026-09-21T20:00:30+00:00,30,2026-09-21T20:00:30+00:00
2466,02110000002466,8,15,USD,frozen,236.42,4763.58,2026-04-01T05:52:30+00:00,,2026-04-30T23:59:00+00:00,12,2026-04-30T23:59:00+00:00
2467,02100000002467,1,3,USD,active,31742.33,31742.33,2015-02-22T16:36:02+00:00,,2026-09-22T13:59:11+00:00,17,2026-09-22T13:59:11+00:00
2468,02100000002468,3,3,USD,active,1572.30,1572.30,2019-01-09T07:32:59+00:00,,2026-08-31T22:00:00+00:00,21,2026-08-31T22:00:00+00:00
2469,02100000002469,5,3,USD,active,39558.57,39558.57,2018-02-01T02:39:28+00:00,,2026-08-31T22:00:00+00:00,7,2026-08-31T22:00:00+00:00
2470,02100000002470,9,7,USD,active,317.21,4682.79,2024-06-20T00:47:32+00:00,,2026-05-31T22:00:00+00:00,23,2026-05-31T22:00:00+00:00
2471,02100000002471,1,8,USD,active,25566.08,25566.08,2021-12-13T15:59:20+00:00,,2026-09-18T04:23:13+00:00,37,2026-09-18T04:23:13+00:00
2472,02100000002472,3,8,USD,active,1414.53,1414.53,2024-11-23T00:05:25+00:00,,2026-08-31T22:00:00+00:00,33,2026-08-31T22:00:00+00:00
2473,02110000002473,1,25,USD,active,24804.63,24804.63,2025-10-24T00:42:10+00:00,,2026-07-01T16:43:02+00:00,5,2026-07-01T16:43:02+00:00
2474,02110000002474,3,25,USD,active,5795.49,5795.49,2026-09-04T06:25:38+00:00,,2026-09-04T06:30:38+00:00,12,2026-09-04T06:30:38+00:00
2475,02100000002475,1,5,USD,active,1371.10,1371.10,2010-05-02T06:43:44+00:00,,2026-09-06T16:42:29+00:00,9,2026-09-06T16:42:29+00:00
2476,02100000002476,1,4,USD,active,742.20,742.20,2012-06-24T11:46:18+00:00,,2026-09-16T13:53:01+00:00,20,2026-09-16T13:53:01+00:00
2477,02100000002477,3,4,USD,active,2963.36,2963.36,2014-12-22T09:01:39+00:00,,2026-08-31T22:00:00+00:00,19,2026-08-31T22:00:00+00:00
2478,02100000002478,1,8,USD,active,7632.51,7632.51,2010-05-02T03:57:44+00:00,,2026-09-22T14:47:01+00:00,3,2026-09-22T14:47:01+00:00
2479,02110000002479,1,16,USD,active,490.74,490.74,2020-09-07T07:59:38+00:00,,2026-07-08T17:00:04+00:00,29,2026-07-08T17:00:04+00:00
2480,02110000002480,2,25,USD,active,2836.84,3336.84,2015-06-19T04:06:11+00:00,,2026-09-21T21:40:27+00:00,40,2026-09-21T21:40:27+00:00
2481,02110000002481,3,25,USD,closed,0,0,2022-06-16T15:30:01+00:00,2026-01-25T09:51:46+00:00,,0,2026-01-25T09:51:46+00:00
2482,02110000002482,8,25,USD,active,0,2500.00,2021-07-20T18:38:47+00:00,,,0,2021-07-20T18:38:47+00:00
2483,02100000002483,1,11,USD,active,12361.69,12361.69,2023-08-10T13:47:46+00:00,,2026-09-22T20:29:32+00:00,39,2026-09-22T20:29:32+00:00
2484,02110000002484,2,20,USD,active,2277.37,2777.37,2013-09-01T02:39:01+00:00,,2026-09-21T17:18:11+00:00,10,2026-09-21T17:18:11+00:00
2485,02110000002485,1,18,USD,active,9146.06,9146.06,2014-03-13T17:04:09+00:00,,2026-09-20T21:17:15+00:00,10,2026-09-20T21:17:15+00:00
2486,02110000002486,4,18,USD,active,5100.64,5100.64,2014-04-23T19:01:15+00:00,,2026-08-31T22:00:00+00:00,27,2026-08-31T22:00:00+00:00
2487,02110000002487,1,16,USD,active,7284.70,7284.70,2023-08-31T13:20:48+00:00,,2026-09-12T14:28:46+00:00,33,2026-09-12T14:28:46+00:00
2488,02110000002488,3,16,USD,active,6226.25,6226.25,2023-12-13T08:42:05+00:00,,2026-08-31T22:00:00+00:00,2,2026-08-31T22:00:00+00:00
2489,02100000002489,1,11,USD,active,17030.53,17030.53,2010-04-29T17:25:58+00:00,,2026-09-22T10:19:16+00:00,5,2026-09-22T10:19:16+00:00
2490,02110000002490,2,23,USD,active,18493.40,18993.40,2010-10-28T03:45:12+00:00,,2026-08-25T15:21:31+00:00,13,2026-08-25T15:21:31+00:00
2491,02110000002491,1,25,USD,active,447.22,447.22,2023-08-27T03:11:35+00:00,,2026-09-22T15:56:23+00:00,12,2026-09-22T15:56:23+00:00
2492,02110000002492,1,16,USD,active,15413.55,15413.55,2023-11-28T20:04:43+00:00,,2026-09-16T20:56:41+00:00,8,2026-09-16T20:56:41+00:00
2493,02110000002493,4,16,USD,active,28392.88,28392.88,2024-04-08T01:51:17+00:00,,2026-08-31T22:00:00+00:00,22,2026-08-31T22:00:00+00:00
2494,02110000002494,2,23,USD,active,84758.63,85258.63,2010-06-27T01:05:50+00:00,,2026-09-22T15:32:51+00:00,7,2026-09-22T15:32:51+00:00
2495,02110000002495,4,23,USD,active,3099.93,3099.93,2018-09-30T21:23:16+00:00,,2026-08-31T22:00:00+00:00,25,2026-08-31T22:00:00+00:00
2496,02110000002496,8,23,USD,closed,0,7500.00,2014-05-12T08:11:30+00:00,2025-09-20T21:33:24+00:00,,0,2025-09-20T21:33:24+00:00
2497,02110000002497,1,19,USD,active,32202.69,32202.69,2010-11-07T12:22:01+00:00,,2026-09-19T23:14:00+00:00,26,2026-09-19T23:14:00+00:00
2498,02110000002498,4,19,USD,active,15000.84,15000.84,2022-06-17T03:35:59+00:00,,2026-08-31T22:00:00+00:00,25,2026-08-31T22:00:00+00:00
2499,02100000002499,1,2,USD,active,30959.75,30959.75,2008-10-11T13:29:51+00:00,,2026-09-18T09:00:00+00:00,13,2026-09-18T09:00:00+00:00
2500,02100000002500,4,2,USD,active,21459.77,21459.77,2019-10-16T22:09:39+00:00,,2026-08-31T22:00:00+00:00,26,2026-08-31T22:00:00+00:00
2501,02100000002501,9,2,USD,active,660.07,24339.93,2011-11-06T08:27:19+00:00,,2026-09-21T21:09:55+00:00,15,2026-09-21T21:09:55+00:00
2502,02100000002502,3,7,USD,active,8770.51,8770.51,2020-06-29T10:30:58+00:00,,2026-08-31T22:00:00+00:00,38,2026-08-31T22:00:00+00:00
2503,02110000002503,1,14,USD,active,9360.45,9360.45,2017-10-10T18:48:44+00:00,,2026-09-20T09:00:00+00:00,21,2026-09-20T09:00:00+00:00
2504,02110000002504,8,14,USD,active,806.64,193.36,2025-01-27T12:33:01+00:00,,2026-09-22T20:25:28+00:00,34,2026-09-22T20:25:28+00:00
2505,02110000002505,2,22,USD,active,5525.11,6025.11,2010-11-26T03:13:46+00:00,,2026-09-19T13:35:49+00:00,4,2026-09-19T13:35:49+00:00
2506,02110000002506,3,22,USD,active,1228.91,1228.91,2014-10-07T00:45:33+00:00,,2026-08-31T22:00:00+00:00,31,2026-08-31T22:00:00+00:00
2507,02100000002507,1,1,USD,active,22868.16,22868.16,2012-02-20T13:54:19+00:00,,2026-09-15T13:30:00+00:00,25,2026-09-15T13:30:00+00:00
2508,02100000002508,4,1,USD,active,23157.99,23157.99,2017-08-13T04:59:42+00:00,,2026-08-31T22:00:00+00:00,18,2026-08-31T22:00:00+00:00
2509,02100000002509,8,1,USD,active,4689.78,10310.22,2022-02-13T04:13:39+00:00,,2026-09-22T17:35:21+00:00,25,2026-09-22T17:35:21+00:00
2510,02110000002510,1,19,USD,active,3351.27,3351.27,2014-06-05T00:28:36+00:00,,2026-09-21T14:26:35+00:00,29,2026-09-21T14:26:35+00:00
2511,02110000002511,9,19,USD,active,995.17,4.83,2019-05-02T00:16:26+00:00,,2026-09-14T16:12:50+00:00,39,2026-09-14T16:12:50+00:00
2512,02110000002512,2,16,USD,active,7254.92,7754.92,2009-04-07T22:04:32+00:00,,2026-09-10T22:40:40+00:00,27,2026-09-10T22:40:40+00:00
2513,02110000002513,3,16,USD,active,2356.26,2356.26,2019-03-18T18:03:04+00:00,,2026-08-31T22:00:00+00:00,35,2026-08-31T22:00:00+00:00
2514,02100000002514,1,7,USD,active,9679.36,9679.36,2024-12-24T00:44:38+00:00,,2026-09-17T16:55:42+00:00,9,2026-09-17T16:55:42+00:00
2515,02110000002515,4,13,USD,active,4282.02,4282.02,2024-09-20T11:51:02+00:00,,2026-08-31T22:00:00+00:00,26,2026-08-31T22:00:00+00:00
2516,02110000002516,5,13,USD,frozen,15608.41,15608.41,2024-03-01T10:52:58+00:00,,2026-04-30T23:59:00+00:00,36,2026-04-30T23:59:00+00:00
2517,02100000002517,1,12,USD,active,16106.64,16106.64,2012-11-12T22:41:24+00:00,,2026-09-12T09:00:00+00:00,4,2026-09-12T09:00:00+00:00
2518,02100000002518,3,12,USD,active,718.19,718.19,2023-09-29T14:19:43+00:00,,2026-08-31T22:00:00+00:00,16,2026-08-31T22:00:00+00:00
2519,02100000002519,9,12,USD,active,918.60,6581.40,2014-09-12T11:35:42+00:00,,2026-09-21T12:40:11+00:00,30,2026-09-21T12:40:11+00:00
2520,02100000002520,1,5,USD,active,2130.26,2130.26,2012-05-22T19:45:52+00:00,,2026-09-22T14:12:28+00:00,6,2026-09-22T14:12:28+00:00
2521,02110000002521,1,21,USD,closed,0,0,2013-05-24T09:45:17+00:00,2016-07-26T13:54:13+00:00,,0,2016-07-26T13:54:13+00:00
2522,02110000002522,4,21,USD,active,2083.04,2083.04,2024-09-15T01:52:55+00:00,,2026-08-31T22:00:00+00:00,7,2026-08-31T22:00:00+00:00
2523,02110000002523,1,18,USD,active,969.76,969.76,2015-08-30T02:58:56+00:00,,2026-09-19T21:28:44+00:00,35,2026-09-19T21:28:44+00:00
2524,02100000002524,1,8,USD,active,4609.82,4609.82,2009-01-11T23:59:25+00:00,,2026-06-06T18:47:20+00:00,37,2026-06-06T18:47:20+00:00
2525,02100000002525,4,8,USD,active,3123.83,3123.83,2026-08-20T05:29:30+00:00,,2026-08-31T22:00:00+00:00,1,2026-08-31T22:00:00+00:00
2526,02100000002526,9,8,USD,active,3471.76,4028.24,2016-05-05T20:19:23+00:00,,2026-08-25T18:00:00+00:00,6,2026-08-25T18:00:00+00:00
2527,02110000002527,1,22,USD,active,7246.88,7246.88,2009-11-23T11:54:50+00:00,,2026-09-13T09:00:00+00:00,4,2026-09-13T09:00:00+00:00
2528,02110000002528,8,22,USD,active,340.90,9659.10,2013-02-13T19:44:14+00:00,,2026-09-13T23:20:42+00:00,1,2026-09-13T23:20:42+00:00
2529,02110000002529,2,21,USD,active,23854.88,24354.88,2022-04-18T20:44:31+00:00,,2026-09-22T09:00:00+00:00,18,2026-09-22T09:00:00+00:00
2530,02110000002530,3,21,USD,active,1251.45,1251.45,2023-11-26T22:25:52+00:00,,2026-08-31T22:00:00+00:00,3,2026-08-31T22:00:00+00:00
2531,02110000002531,9,21,USD,active,1015.92,13984.08,2026-02-22T17:35:10+00:00,,2026-09-18T18:51:03+00:00,13,2026-09-18T18:51:03+00:00
2532,02110000002532,1,24,USD,active,9476.92,9476.92,2010-12-19T16:17:01+00:00,,2026-09-09T15:45:00+00:00,18,2026-09-09T15:45:00+00:00
2533,02110000002533,8,24,USD,active,6558.72,8441.28,2013-07-17T14:29:59+00:00,,2026-09-22T14:16:07+00:00,14,2026-09-22T14:16:07+00:00
2534,02100000002534,1,3,USD,active,7296.83,7296.83,2013-07-25T09:03:03+00:00,,2026-09-14T09:00:00+00:00,8,2026-09-14T09:00:00+00:00
2535,02100000002535,3,3,USD,active,4501.69,4501.69,2023-08-11T14:24:29+00:00,,2026-08-31T22:00:00+00:00,17,2026-08-31T22:00:00+00:00
2536,02100000002536,8,3,USD,active,4280.18,5719.82,2025-06-23T01:48:07+00:00,,2026-09-20T15:31:09+00:00,20,2026-09-20T15:31:09+00:00
2537,02100000002537,2,9,USD,closed,0,0,2008-02-13T08:03:12+00:00,2018-09-15T12:40:58+00:00,,0,2018-09-15T12:40:58+00:00
2538,02110000002538,1,14,USD,active,2900.92,2900.92,2024-06-19T09:44:46+00:00,,2026-09-22T20:30:54+00:00,28,2026-09-22T20:30:54+00:00
2539,02110000002539,4,14,USD,active,36003.50,36003.50,2024-08-29T15:10:22+00:00,,2026-08-31T22:00:00+00:00,17,2026-08-31T22:00:00+00:00
2540,02110000002540,5,14,USD,active,16442.95,16442.95,2025-12-01T16:18:16+00:00,,2026-08-31T22:00:00+00:00,6,2026-08-31T22:00:00+00:00
2541,02100000002541,1,1,USD,active,26288.14,26288.14,2016-07-02T21:09:38+00:00,,2026-09-22T13:41:01+00:00,31,2026-09-22T13:41:01+00:00
2542,02100000002542,3,1,USD,active,955.52,955.52,2022-06-16T06:59:19+00:00,,2026-08-31T22:00:00+00:00,23,2026-08-31T22:00:00+00:00
2543,02100000002543,8,1,USD,active,0.00,10000.00,2018-02-02T21:04:20+00:00,,2026-06-25T18:00:00+00:00,37,2026-06-25T18:00:00+00:00
2544,02100000002544,2,8,USD,active,30054.79,30554.79,2016-06-07T07:24:59+00:00,,2026-09-22T16:20:06+00:00,30,2026-09-22T16:20:06+00:00
2545,02100000002545,8,8,USD,active,0.00,5000.00,2019-07-26T00:36:33+00:00,,2026-05-25T18:00:00+00:00,4,2026-05-25T18:00:00+00:00
2546,02110000002546,1,13,USD,active,5142.01,5142.01,2009-08-25T06:28:39+00:00,,2026-09-22T13:32:10+00:00,29,2026-09-22T13:32:10+00:00
2547,02110000002547,4,13,USD,active,35649.14,35649.14,2020-08-31T03:05:34+00:00,,2026-08-31T22:00:00+00:00,4,2026-08-31T22:00:00+00:00
2548,02100000002548,1,1,USD,active,36421.12,36421.12,2020-09-14T11:07:10+00:00,,2026-09-21T23:14:45+00:00,1,2026-09-21T23:14:45+00:00
2549,02100000002549,3,1,USD,active,3195.83,3195.83,2022-06-05T06:50:12+00:00,,2026-08-31T22:00:00+00:00,18,2026-08-31T22:00:00+00:00
2550,02100000002550,9,1,USD,closed,0,10000.00,2021-07-06T07:05:18+00:00,2023-03-20T21:21:03+00:00,,0,2023-03-20T21:21:03+00:00
2551,02110000002551,1,19,USD,active,5289.47,5289.47,2015-06-01T00:55:39+00:00,,2026-09-21T23:29:25+00:00,32,2026-09-21T23:29:25+00:00
2552,02110000002552,3,19,USD,active,4136.32,4136.32,2022-08-08T00:04:20+00:00,,2026-08-31T22:00:00+00:00,37,2026-08-31T22:00:00+00:00
2553,02110000002553,1,16,USD,active,4910.08,4910.08,2008-01-27T14:20:17+00:00,,2026-09-22T13:47:31+00:00,28,2026-09-22T13:47:31+00:00
2554,02110000002554,3,16,USD,active,1690.74,1690.74,2014-04-22T02:19:23+00:00,,2026-08-31T22:00:00+00:00,13,2026-08-31T22:00:00+00:00
2555,02110000002555,9,16,USD,active,0,15000.00,2022-03-21T06:55:52+00:00,,,0,2022-03-21T06:55:52+00:00
2556,02110000002556,2,14,USD,active,22329.32,22829.32,2009-12-22T19:08:41+00:00,,2026-09-19T09:00:00+00:00,32,2026-09-19T09:00:00+00:00
2557,02110000002557,8,14,USD,active,4035.23,5964.77,2011-05-07T23:01:57+00:00,,2026-09-18T20:05:14+00:00,22,2026-09-18T20:05:14+00:00
2558,02110000002558,2,14,USD,active,25285.10,25785.10,2013-08-13T13:37:33+00:00,,2026-09-19T21:20:28+00:00,11,2026-09-19T21:20:28+00:00
2559,02110000002559,4,14,USD,frozen,14729.40,14729.40,2018-04-14T15:10:10+00:00,,2026-04-30T23:59:00+00:00,33,2026-04-30T23:59:00+00:00
2560,02100000002560,1,12,USD,frozen,668.24,668.24,2015-02-17T14:24:44+00:00,,2026-04-30T23:59:00+00:00,34,2026-04-30T23:59:00+00:00
2561,02100000002561,8,12,USD,active,741.58,24258.42,2020-03-11T12:29:23+00:00,,2026-08-31T22:00:00+00:00,31,2026-08-31T22:00:00+00:00
2562,02110000002562,1,18,USD,active,31949.78,31949.78,2020-11-14T13:34:58+00:00,,2026-09-19T18:09:11+00:00,38,2026-09-19T18:09:11+00:00
2563,02110000002563,3,18,USD,active,2786.95,2786.95,2024-01-28T21:29:53+00:00,,2026-08-31T22:00:00+00:00,34,2026-08-31T22:00:00+00:00
2564,02100000002564,2,9,USD,active,55877.92,56377.92,2018-04-04T13:45:04+00:00,,2026-09-22T20:47:21+00:00,3,2026-09-22T20:47:21+00:00
2565,02100000002565,3,9,USD,closed,0,0,2025-09-09T16:18:03+00:00,2026-04-16T07:48:00+00:00,,0,2026-04-16T07:48:00+00:00
2566,02100000002566,5,9,USD,active,18250.42,18250.42,2021-09-18T23:39:01+00:00,,2026-08-31T22:00:00+00:00,24,2026-08-31T22:00:00+00:00
2567,02100000002567,1,8,USD,active,6955.34,6955.34,2018-05-13T21:15:41+00:00,,2026-09-21T16:36:03+00:00,1,2026-09-21T16:36:03+00:00
2568,02110000002568,2,20,USD,active,14.63,514.63,2015-04-15T14:11:08+00:00,,2026-09-21T15:12:58+00:00,8,2026-09-21T15:12:58+00:00
2569,02100000002569,1,4,USD,closed,0,0,2016-10-23T16:51:25+00:00,2019-09-24T08:06:32+00:00,,0,2019-09-24T08:06:32+00:00
2570,02100000002570,3,4,USD,active,1104.60,1104.60,2022-05-01T20:06:19+00:00,,2026-08-31T22:00:00+00:00,38,2026-08-31T22:00:00+00:00
2571,02100000002571,1,4,USD,closed,0,0,2008-11-20T08:29:23+00:00,2017-04-26T02:38:00+00:00,,0,2017-04-26T02:38:00+00:00
2572,02100000002572,4,4,USD,active,3496.71,3496.71,2017-05-20T12:20:10+00:00,,2026-08-31T22:00:00+00:00,5,2026-08-31T22:00:00+00:00
2573,02110000002573,1,19,USD,active,19102.67,19102.67,2008-01-09T04:09:56+00:00,,2026-09-06T09:00:00+00:00,12,2026-09-06T09:00:00+00:00
2574,02110000002574,5,19,USD,active,4207.92,4207.92,2026-06-02T04:58:22+00:00,,2026-08-31T22:00:00+00:00,7,2026-08-31T22:00:00+00:00
2575,02100000002575,1,7,USD,active,8393.48,8393.48,2010-05-15T14:09:29+00:00,,2026-09-18T18:26:49+00:00,26,2026-09-18T18:26:49+00:00
2576,02100000002576,3,7,USD,active,3404.09,3404.09,2025-09-05T16:30:14+00:00,,2026-08-31T22:00:00+00:00,28,2026-08-31T22:00:00+00:00
2577,02100000002577,5,7,USD,active,29899.61,29899.61,2012-12-30T19:35:01+00:00,,2026-08-31T22:00:00+00:00,34,2026-08-31T22:00:00+00:00
2578,02100000002578,1,3,USD,active,1328.50,1328.50,2009-04-20T07:16:48+00:00,,2026-09-22T20:59:19+00:00,37,2026-09-22T20:59:19+00:00
2579,02100000002579,4,3,USD,active,13569.87,13569.87,2018-02-04T15:04:31+00:00,,2026-08-31T22:00:00+00:00,22,2026-08-31T22:00:00+00:00
2580,02100000002580,1,4,USD,active,3648.74,3648.74,2011-07-07T11:29:38+00:00,,2026-09-18T23:48:36+00:00,36,2026-09-18T23:48:36+00:00
2581,02110000002581,2,23,USD,active,29441.95,29941.95,2010-09-24T12:07:01+00:00,,2026-09-22T18:16:06+00:00,16,2026-09-22T18:16:06+00:00
2582,02110000002582,2,21,USD,active,17478.16,17978.16,2016-07-18T14:46:35+00:00,,2026-09-09T09:00:00+00:00,31,2026-09-09T09:00:00+00:00
2583,02110000002583,9,21,USD,active,6915.86,18084.14,2026-01-30T06:15:45+00:00,,2026-09-11T14:11:23+00:00,22,2026-09-11T14:11:23+00:00
2584,02110000002584,1,14,USD,active,25473.69,25473.69,2022-03-18T20:33:11+00:00,,2026-09-22T09:00:00+00:00,2,2026-09-22T09:00:00+00:00
2585,02110000002585,8,14,USD,active,740.46,6759.54,2022-11-13T06:58:26+00:00,,2026-09-22T19:34:48+00:00,17,2026-09-22T19:34:48+00:00
2586,02110000002586,1,23,USD,active,8849.98,8849.98,2021-01-07T19:02:01+00:00,,2026-09-19T22:12:00+00:00,39,2026-09-19T22:12:00+00:00
2587,02110000002587,1,13,USD,active,5555.04,5555.04,2021-03-21T15:07:14+00:00,,2026-09-19T21:25:49+00:00,34,2026-09-19T21:25:49+00:00
2588,02110000002588,3,13,USD,active,627.17,627.17,2023-10-27T22:38:05+00:00,,2026-08-31T22:00:00+00:00,32,2026-08-31T22:00:00+00:00
2589,02100000002589,1,11,USD,active,15545.17,15545.17,2022-10-04T23:28:49+00:00,,2026-08-22T12:20:47+00:00,22,2026-08-22T12:20:47+00:00
2590,02100000002590,8,11,USD,active,0.00,1000.00,2022-10-12T13:33:27+00:00,,2026-05-25T18:00:00+00:00,15,2026-05-25T18:00:00+00:00
2591,02110000002591,2,23,USD,closed,0,0,2012-09-21T08:59:02+00:00,2020-11-23T16:56:22+00:00,,0,2020-11-23T16:56:22+00:00
2592,02110000002592,2,14,USD,active,8688.14,9188.14,2025-10-02T14:07:48+00:00,,2026-09-21T20:08:30+00:00,38,2026-09-21T20:08:30+00:00
2593,02110000002593,5,14,USD,active,33047.76,33047.76,2025-11-16T23:29:37+00:00,,2026-08-31T22:00:00+00:00,37,2026-08-31T22:00:00+00:00
2594,02100000002594,1,6,USD,active,6841.85,6841.85,2020-12-18T02:37:45+00:00,,2026-09-18T16:17:00+00:00,4,2026-09-18T16:17:00+00:00
2595,02100000002595,3,6,USD,active,6103.46,6103.46,2026-02-22T03:05:35+00:00,,2026-08-31T22:00:00+00:00,6,2026-08-31T22:00:00+00:00
2596,02110000002596,1,24,USD,closed,0,0,2011-03-08T20:21:00+00:00,2013-11-22T15:38:36+00:00,,0,2013-11-22T15:38:36+00:00
2597,02110000002597,9,24,USD,active,0,5000.00,2026-02-20T11:14:26+00:00,,,0,2026-02-20T11:14:26+00:00
2598,02110000002598,2,23,USD,active,36660.10,37160.10,2010-07-21T09:50:28+00:00,,2026-09-21T14:18:22+00:00,31,2026-09-21T14:18:22+00:00
2599,02110000002599,4,23,USD,active,41982.22,41982.22,2013-12-08T08:59:42+00:00,,2026-08-31T22:00:00+00:00,3,2026-08-31T22:00:00+00:00
2600,02100000002600,1,1,USD,active,20520.28,20520.28,2009-09-10T14:30:50+00:00,,2026-09-21T09:00:00+00:00,15,2026-09-21T09:00:00+00:00
2601,02100000002601,4,5,USD,active,13439.20,13439.20,2017-11-02T09:15:54+00:00,,2026-08-31T22:00:00+00:00,4,2026-08-31T22:00:00+00:00
2602,02100000002602,5,5,USD,active,30491.30,30491.30,2010-09-29T01:15:23+00:00,,2026-08-31T22:00:00+00:00,34,2026-08-31T22:00:00+00:00
2603,02110000002603,2,20,USD,active,1583.18,2083.18,2018-08-24T02:48:21+00:00,,2026-09-20T23:07:41+00:00,3,2026-09-20T23:07:41+00:00
2604,02110000002604,4,20,USD,active,33770.18,33770.18,2024-05-28T20:44:48+00:00,,2026-08-31T22:00:00+00:00,33,2026-08-31T22:00:00+00:00
2605,02110000002605,5,20,USD,active,7889.06,7889.06,2026-04-25T21:50:26+00:00,,2026-08-31T22:00:00+00:00,38,2026-08-31T22:00:00+00:00
2606,02100000002606,1,10,USD,active,3303.17,3303.17,2018-05-06T16:30:11+00:00,,2026-09-21T23:18:32+00:00,15,2026-09-21T23:18:32+00:00
2607,02100000002607,1,11,USD,active,1593.77,1593.77,2013-04-29T15:49:30+00:00,,2026-09-21T19:02:52+00:00,24,2026-09-21T19:02:52+00:00
2608,02110000002608,1,22,USD,active,4931.46,4931.46,2008-02-11T02:26:48+00:00,,2026-09-21T06:34:44+00:00,37,2026-09-21T06:34:44+00:00
2609,02100000002609,2,5,USD,active,58460.93,58960.93,2020-12-09T08:18:26+00:00,,2026-09-18T21:36:34+00:00,38,2026-09-18T21:36:34+00:00
2610,02100000002610,4,5,USD,active,2898.45,2898.45,2025-11-05T00:33:47+00:00,,2026-08-31T22:00:00+00:00,39,2026-08-31T22:00:00+00:00
2611,02100000002611,1,11,USD,active,12652.42,12652.42,2017-03-18T07:27:41+00:00,,2026-09-22T15:16:27+00:00,7,2026-09-22T15:16:27+00:00
2612,02110000002612,1,15,USD,active,21128.92,21128.92,2008-09-30T08:25:42+00:00,,2026-09-22T20:31:50+00:00,39,2026-09-22T20:31:50+00:00
2613,02110000002613,3,15,USD,active,799.09,799.09,2018-02-14T00:26:44+00:00,,2026-08-31T22:00:00+00:00,22,2026-08-31T22:00:00+00:00
2614,02110000002614,5,15,USD,active,6081.26,6081.26,2015-04-10T00:30:34+00:00,,2026-08-31T22:00:00+00:00,5,2026-08-31T22:00:00+00:00
2615,02110000002615,2,21,USD,closed,0,0,2016-03-17T19:16:28+00:00,2018-08-24T18:45:38+00:00,,0,2018-08-24T18:45:38+00:00
2616,02110000002616,4,21,USD,active,48247.92,48247.92,2017-09-07T20:45:54+00:00,,2026-08-31T22:00:00+00:00,5,2026-08-31T22:00:00+00:00
2617,02100000002617,1,4,USD,active,2059.24,2059.24,2014-01-10T04:30:08+00:00,,2026-09-14T14:19:49+00:00,1,2026-09-14T14:19:49+00:00
2618,02100000002618,4,4,USD,active,20032.12,20032.12,2020-03-22T12:20:07+00:00,,2026-08-31T22:00:00+00:00,11,2026-08-31T22:00:00+00:00
2619,02100000002619,9,4,USD,active,7577.70,-77.70,2015-11-23T01:26:36+00:00,,2026-08-25T18:00:00+00:00,17,2026-08-25T18:00:00+00:00
2620,02110000002620,1,24,USD,active,2119.45,2119.45,2022-05-24T11:57:37+00:00,,2026-09-07T17:00:00+00:00,11,2026-09-07T17:00:00+00:00
2621,02110000002621,9,24,USD,active,7598.92,-98.92,2026-03-01T04:03:29+00:00,,2026-08-31T22:00:00+00:00,27,2026-08-31T22:00:00+00:00
2622,02110000002622,1,25,USD,active,3567.67,3567.67,2013-03-15T18:24:58+00:00,,2026-09-16T09:00:00+00:00,9,2026-09-16T09:00:00+00:00
2623,02110000002623,8,25,USD,active,0.00,1000.00,2019-11-30T10:56:36+00:00,,2026-07-25T18:00:00+00:00,24,2026-07-25T18:00:00+00:00
2624,02100000002624,1,8,USD,active,23088.14,23088.14,2025-05-01T05:30:20+00:00,,2026-09-14T09:00:00+00:00,26,2026-09-14T09:00:00+00:00
2625,02100000002625,9,8,USD,active,1565.96,5934.04,2025-07-14T03:54:57+00:00,,2026-09-21T22:00:20+00:00,10,2026-09-21T22:00:20+00:00
2626,02100000002626,1,8,USD,active,1475.63,1475.63,2018-02-14T02:02:17+00:00,,2026-09-01T09:00:00+00:00,9,2026-09-01T09:00:00+00:00
2627,02100000002627,8,8,USD,active,5725.93,19274.07,2019-02-17T08:57:59+00:00,,2026-09-20T23:00:34+00:00,30,2026-09-20T23:00:34+00:00
2628,02100000002628,1,9,USD,active,10065.23,10065.23,2020-09-04T14:51:49+00:00,,2026-08-14T17:51:44+00:00,6,2026-08-14T17:51:44+00:00
2629,02100000002629,4,9,USD,active,64966.73,64966.73,2024-10-03T06:08:13+00:00,,2026-08-31T22:00:00+00:00,17,2026-08-31T22:00:00+00:00
2630,02100000002630,1,8,USD,closed,0,0,2025-05-12T08:12:52+00:00,2025-11-06T10:31:32+00:00,,0,2025-11-06T10:31:32+00:00
2631,02100000002631,3,8,USD,active,8548.28,8548.28,2025-12-02T01:26:35+00:00,,2026-08-31T22:00:00+00:00,33,2026-08-31T22:00:00+00:00
2632,02100000002632,8,8,USD,active,2090.49,2909.51,2026-01-08T14:12:10+00:00,,2026-07-31T22:00:00+00:00,5,2026-07-31T22:00:00+00:00
2633,02110000002633,1,23,USD,active,12991.11,12991.11,2016-05-07T11:24:15+00:00,,2026-09-10T09:00:00+00:00,8,2026-09-10T09:00:00+00:00
2634,02110000002634,3,23,USD,active,5998.09,5998.09,2024-03-16T02:27:15+00:00,,2026-08-31T22:00:00+00:00,20,2026-08-31T22:00:00+00:00
2635,02110000002635,9,23,USD,active,1079.72,3920.28,2023-03-11T09:59:24+00:00,,2026-09-21T15:12:21+00:00,3,2026-09-21T15:12:21+00:00
2636,02110000002636,1,15,USD,active,35715.40,35715.40,2022-12-12T03:03:04+00:00,,2026-09-19T22:42:43+00:00,11,2026-09-19T22:42:43+00:00
2637,02110000002637,9,15,USD,active,953.68,46.32,2024-04-24T15:13:40+00:00,,2026-09-16T22:22:02+00:00,3,2026-09-16T22:22:02+00:00
2638,02110000002638,1,18,USD,closed,0,0,2011-07-15T08:37:51+00:00,2013-08-31T00:17:45+00:00,,0,2013-08-31T00:17:45+00:00
2639,02110000002639,3,18,USD,dormant,136.89,136.89,2015-11-04T15:04:47+00:00,,2026-08-31T22:00:00+00:00,39,2026-08-31T22:00:00+00:00
2640,02110000002640,8,18,USD,active,6232.52,1267.48,2011-11-18T20:54:19+00:00,,2026-05-31T22:00:00+00:00,4,2026-05-31T22:00:00+00:00
2641,02100000002641,1,5,USD,active,41001.07,41001.07,2012-02-26T21:22:03+00:00,,2026-09-18T16:15:47+00:00,13,2026-09-18T16:15:47+00:00
2642,02100000002642,3,5,USD,closed,0,0,2014-11-13T04:49:31+00:00,2021-06-19T05:05:07+00:00,,0,2021-06-19T05:05:07+00:00
2643,02100000002643,1,8,USD,active,1346.26,1346.26,2011-06-29T07:05:57+00:00,,2026-09-21T03:07:29+00:00,29,2026-09-21T03:07:29+00:00
2644,02100000002644,8,8,USD,active,3508.15,6491.85,2017-09-11T02:39:16+00:00,,2026-09-17T14:19:03+00:00,30,2026-09-17T14:19:03+00:00
2645,02110000002645,1,15,USD,active,1786.62,1786.62,2013-10-26T12:45:31+00:00,,2026-09-18T19:07:48+00:00,36,2026-09-18T19:07:48+00:00
2646,02110000002646,3,15,USD,active,5590.00,5590.00,2016-03-06T12:50:37+00:00,,2026-08-31T22:00:00+00:00,13,2026-08-31T22:00:00+00:00
2647,02110000002647,2,19,USD,active,42002.33,42502.33,2010-01-22T12:48:04+00:00,,2026-09-20T21:18:25+00:00,9,2026-09-20T21:18:25+00:00
2648,02100000002648,1,5,USD,active,2233.09,2233.09,2009-11-30T19:13:34+00:00,,2026-09-13T09:00:00+00:00,12,2026-09-13T09:00:00+00:00
2649,02100000002649,3,5,USD,active,6032.37,6032.37,2015-03-28T08:58:46+00:00,,2026-08-31T22:00:00+00:00,1,2026-08-31T22:00:00+00:00
2650,02100000002650,8,5,USD,active,7365.10,134.90,2011-06-13T15:57:54+00:00,,2026-09-22T17:43:56+00:00,21,2026-09-22T17:43:56+00:00
2651,02100000002651,2,11,USD,active,36910.61,37410.61,2025-05-13T04:52:29+00:00,,2026-09-16T09:00:00+00:00,17,2026-09-16T09:00:00+00:00
2652,02100000002652,8,11,USD,active,2176.66,5323.34,2026-01-17T01:24:16+00:00,,2026-09-22T20:43:31+00:00,40,2026-09-22T20:43:31+00:00
2653,02110000002653,1,22,USD,active,61179.38,61179.38,2025-02-08T05:58:56+00:00,,2026-09-20T09:00:00+00:00,35,2026-09-20T09:00:00+00:00
2654,02110000002654,4,22,USD,active,6328.36,6328.36,2025-04-10T00:29:03+00:00,,2026-08-31T22:00:00+00:00,8,2026-08-31T22:00:00+00:00
2655,02100000002655,1,5,USD,active,10090.65,10090.65,2021-05-12T07:23:54+00:00,,2026-09-18T22:27:01+00:00,9,2026-09-18T22:27:01+00:00
2656,02100000002656,3,5,USD,active,601.04,601.04,2021-08-15T03:46:12+00:00,,2026-08-31T22:00:00+00:00,9,2026-08-31T22:00:00+00:00
2657,02100000002657,15,5,EUR,active,4237.22,4237.22,2025-03-30T08:23:08+00:00,,2026-04-30T23:59:00+00:00,29,2026-04-30T23:59:00+00:00
2658,02110000002658,1,21,USD,active,2932.34,2932.34,2008-06-07T04:08:48+00:00,,2026-09-22T13:21:57+00:00,14,2026-09-22T13:21:57+00:00
2659,02110000002659,4,21,USD,active,5244.38,5244.38,2011-12-27T00:11:16+00:00,,2026-08-31T22:00:00+00:00,11,2026-08-31T22:00:00+00:00
2660,02100000002660,1,4,USD,active,833.21,833.21,2019-02-08T03:04:07+00:00,,2026-09-18T18:27:42+00:00,7,2026-09-18T18:27:42+00:00
2661,02100000002661,4,4,USD,active,5272.58,5272.58,2023-03-24T17:24:36+00:00,,2026-08-31T22:00:00+00:00,18,2026-08-31T22:00:00+00:00
2662,02100000002662,3,8,USD,active,415.79,415.79,2019-08-26T04:39:52+00:00,,2026-08-31T22:00:00+00:00,3,2026-08-31T22:00:00+00:00
2663,02100000002663,1,11,USD,active,10.58,10.58,2011-05-15T23:54:45+00:00,,2026-09-18T10:30:51+00:00,21,2026-09-18T10:30:51+00:00
2664,02100000002664,3,11,USD,closed,0,0,2020-10-10T01:19:49+00:00,2024-03-24T20:41:58+00:00,,0,2024-03-24T20:41:58+00:00
2665,02100000002665,8,11,USD,active,0,7500.00,2022-02-28T08:04:45+00:00,,,0,2022-02-28T08:04:45+00:00
2666,02110000002666,1,24,USD,active,632.71,632.71,2020-11-04T09:41:28+00:00,,2026-09-22T20:29:23+00:00,19,2026-09-22T20:29:23+00:00
2667,02110000002667,4,24,USD,active,4581.63,4581.63,2021-07-01T05:52:08+00:00,,2026-08-31T22:00:00+00:00,24,2026-08-31T22:00:00+00:00
2668,02110000002668,9,24,USD,active,0.00,25000.00,2021-09-11T20:25:44+00:00,,2026-05-25T18:00:00+00:00,37,2026-05-25T18:00:00+00:00
2669,02110000002669,1,16,USD,active,474.98,474.98,2010-07-18T21:18:42+00:00,,2026-09-22T17:40:28+00:00,13,2026-09-22T17:40:28+00:00
2670,02110000002670,3,16,USD,active,2274.22,2274.22,2013-07-02T02:34:20+00:00,,2026-08-31T22:00:00+00:00,21,2026-08-31T22:00:00+00:00
2671,02110000002671,1,15,USD,active,3937.42,3937.42,2011-04-12T12:07:05+00:00,,2026-09-22T16:53:32+00:00,8,2026-09-22T16:53:32+00:00
2672,02110000002672,4,15,USD,active,3433.18,3433.18,2022-02-28T11:53:21+00:00,,2026-08-31T22:00:00+00:00,21,2026-08-31T22:00:00+00:00
2673,02100000002673,1,2,USD,active,2474.60,2474.60,2016-11-13T19:00:38+00:00,,2026-09-12T09:00:00+00:00,6,2026-09-12T09:00:00+00:00
2674,02100000002674,3,2,USD,active,7808.17,7808.17,2026-03-04T12:07:23+00:00,,2026-08-31T22:00:00+00:00,17,2026-08-31T22:00:00+00:00
2675,02110000002675,1,13,USD,active,2694.73,2694.73,2022-10-07T07:30:54+00:00,,2026-09-19T15:23:19+00:00,33,2026-09-19T15:23:19+00:00
2676,02110000002676,3,13,USD,active,4433.73,4433.73,2026-05-12T17:20:16+00:00,,2026-08-31T22:00:00+00:00,11,2026-08-31T22:00:00+00:00
2677,02110000002677,1,18,USD,active,12181.47,12181.47,2021-07-03T20:44:37+00:00,,2026-09-21T17:27:30+00:00,20,2026-09-21T17:27:30+00:00
2678,02110000002678,1,16,USD,dormant,322.95,322.95,2008-01-19T16:56:41+00:00,,2026-08-31T22:00:00+00:00,2,2026-08-31T22:00:00+00:00
2679,02100000002679,1,1,USD,active,225.15,225.15,2008-08-24T20:48:37+00:00,,2026-09-19T15:44:23+00:00,33,2026-09-19T15:44:23+00:00
2680,02100000002680,4,1,USD,active,2472.16,2472.16,2020-06-01T17:13:12+00:00,,2026-08-31T22:00:00+00:00,18,2026-08-31T22:00:00+00:00
2681,02110000002681,2,22,USD,active,85255.66,85755.66,2018-06-24T09:25:34+00:00,,2026-09-22T09:00:00+00:00,19,2026-09-22T09:00:00+00:00
2682,02110000002682,3,22,USD,active,2366.84,2366.84,2023-05-21T08:41:02+00:00,,2026-08-31T22:00:00+00:00,35,2026-08-31T22:00:00+00:00
2683,02110000002683,1,14,USD,active,13110.50,13110.50,2019-11-11T19:48:07+00:00,,2026-09-15T09:00:00+00:00,17,2026-09-15T09:00:00+00:00
2684,02110000002684,8,14,USD,active,2419.89,80.11,2023-03-19T11:55:07+00:00,,2026-09-17T14:54:31+00:00,33,2026-09-17T14:54:31+00:00
2685,02100000002685,2,10,USD,active,2925.28,3425.28,2009-01-15T04:16:50+00:00,,2026-09-19T18:38:52+00:00,40,2026-09-19T18:38:52+00:00
2686,02110000002686,1,13,USD,active,6335.87,6335.87,2024-02-05T01:20:53+00:00,,2026-09-19T22:05:23+00:00,11,2026-09-19T22:05:23+00:00
2687,02100000002687,1,12,USD,active,13362.65,13362.65,2013-07-31T23:30:14+00:00,,2026-09-22T13:12:24+00:00,17,2026-09-22T13:12:24+00:00
2688,02100000002688,4,12,USD,active,3351.15,3351.15,2016-12-22T19:39:05+00:00,,2026-08-31T22:00:00+00:00,26,2026-08-31T22:00:00+00:00
2689,02110000002689,1,23,USD,active,5022.89,5022.89,2011-03-03T02:20:23+00:00,,2026-09-22T12:47:14+00:00,3,2026-09-22T12:47:14+00:00
2690,02100000002690,1,4,USD,active,65338.68,65338.68,2026-01-20T01:50:23+00:00,,2026-09-20T19:11:23+00:00,20,2026-09-20T19:11:23+00:00
2691,02100000002691,3,4,USD,active,7348.82,7348.82,2026-07-05T15:04:54+00:00,,2026-08-31T22:00:00+00:00,25,2026-08-31T22:00:00+00:00
2692,02100000002692,9,4,USD,active,0,25000.00,2026-04-11T16:05:06+00:00,,,0,2026-04-11T16:05:06+00:00
2693,02110000002693,1,21,USD,active,4047.63,4047.63,2020-05-21T11:20:22+00:00,,2026-09-09T12:36:22+00:00,20,2026-09-09T12:36:22+00:00
2694,02110000002694,4,21,USD,active,61967.57,61967.57,2022-05-22T18:50:34+00:00,,2026-08-31T22:00:00+00:00,15,2026-08-31T22:00:00+00:00
2695,02110000002695,9,21,USD,active,4934.85,65.15,2020-09-10T20:17:52+00:00,,2026-09-12T20:14:19+00:00,21,2026-09-12T20:14:19+00:00
2696,02100000002696,2,5,USD,active,5093.64,5593.64,2024-04-07T05:54:54+00:00,,2026-09-19T08:41:27+00:00,15,2026-09-19T08:41:27+00:00
2697,02100000002697,4,5,USD,active,911.14,911.14,2026-05-13T23:02:40+00:00,,2026-08-31T22:00:00+00:00,35,2026-08-31T22:00:00+00:00
2698,02100000002698,1,4,USD,active,9268.11,9268.11,2025-01-28T19:12:15+00:00,,2026-09-22T09:00:00+00:00,33,2026-09-22T09:00:00+00:00
2699,02100000002699,3,4,USD,active,4394.16,4394.16,2025-12-25T16:04:37+00:00,,2026-08-31T22:00:00+00:00,6,2026-08-31T22:00:00+00:00
2700,02100000002700,8,4,USD,active,0,25000.00,2025-06-25T05:19:10+00:00,,,0,2025-06-25T05:19:10+00:00
2701,02110000002701,1,15,USD,active,3235.95,3235.95,2011-03-27T09:33:36+00:00,,2026-09-20T01:35:23+00:00,10,2026-09-20T01:35:23+00:00
2702,02110000002702,3,15,USD,active,6216.10,6216.10,2013-02-15T05:01:06+00:00,,2026-08-31T22:00:00+00:00,31,2026-08-31T22:00:00+00:00
2703,02100000002703,2,9,USD,active,3984.48,4484.48,2014-03-24T08:59:54+00:00,,2026-09-21T14:30:28+00:00,6,2026-09-21T14:30:28+00:00
2704,02100000002704,4,9,USD,active,4541.62,4541.62,2017-09-07T23:07:54+00:00,,2026-08-31T22:00:00+00:00,22,2026-08-31T22:00:00+00:00
2705,02100000002705,1,11,USD,active,6895.24,6895.24,2017-09-22T11:12:32+00:00,,2026-09-22T16:16:45+00:00,23,2026-09-22T16:16:45+00:00
2706,02100000002706,4,11,USD,active,6098.03,6098.03,2018-04-14T07:19:11+00:00,,2026-08-31T22:00:00+00:00,14,2026-08-31T22:00:00+00:00
2707,02110000002707,1,24,USD,active,3072.97,3072.97,2025-11-03T12:54:36+00:00,,2026-09-22T16:55:23+00:00,17,2026-09-22T16:55:23+00:00
2708,02110000002708,4,24,USD,active,24239.01,24239.01,2026-04-26T16:00:52+00:00,,2026-08-31T22:00:00+00:00,30,2026-08-31T22:00:00+00:00
2709,02100000002709,2,8,USD,active,30088.20,30588.20,2022-08-07T05:28:03+00:00,,2026-09-21T03:04:31+00:00,14,2026-09-21T03:04:31+00:00
2710,02100000002710,4,8,USD,active,6647.18,6647.18,2023-08-12T11:38:00+00:00,,2026-08-31T22:00:00+00:00,35,2026-08-31T22:00:00+00:00
2711,02100000002711,2,4,USD,active,13951.80,14451.80,2024-01-22T10:52:52+00:00,,2026-09-19T18:51:48+00:00,9,2026-09-19T18:51:48+00:00
2712,02100000002712,2,3,USD,active,15822.31,16322.31,2021-04-05T18:05:53+00:00,,2026-09-20T14:02:19+00:00,16,2026-09-20T14:02:19+00:00
2713,02100000002713,3,3,USD,active,1158.32,1158.32,2024-11-06T12:11:35+00:00,,2026-08-31T22:00:00+00:00,17,2026-08-31T22:00:00+00:00
2714,02110000002714,1,19,USD,active,22903.08,22903.08,2017-02-09T17:51:46+00:00,,2026-09-21T18:55:44+00:00,8,2026-09-21T18:55:44+00:00
2715,02100000002715,1,10,USD,active,11571.63,11571.63,2014-07-22T03:19:49+00:00,,2026-09-22T19:04:35+00:00,34,2026-09-22T19:04:35+00:00
2716,02100000002716,5,10,USD,frozen,9949.44,9949.44,2022-01-12T09:31:03+00:00,,2026-04-30T23:59:00+00:00,15,2026-04-30T23:59:00+00:00
2717,02100000002717,1,11,USD,active,16132.55,16132.55,2015-01-24T21:33:24+00:00,,2026-09-17T17:21:56+00:00,22,2026-09-17T17:21:56+00:00
2718,02100000002718,3,11,USD,active,4715.97,4715.97,2019-08-17T05:45:52+00:00,,2026-08-31T22:00:00+00:00,16,2026-08-31T22:00:00+00:00
2719,02100000002719,8,11,USD,active,0,5000.00,2018-04-21T00:07:27+00:00,,,0,2018-04-21T00:07:27+00:00
2720,02100000002720,2,2,USD,active,10534.20,11034.20,2024-05-16T19:26:05+00:00,,2026-09-01T09:00:00+00:00,3,2026-09-01T09:00:00+00:00
2721,02100000002721,4,2,USD,active,67300.64,67300.64,2024-08-17T16:38:59+00:00,,2026-08-31T22:00:00+00:00,37,2026-08-31T22:00:00+00:00
2722,02100000002722,1,10,USD,active,6392.58,6392.58,2025-07-05T05:57:20+00:00,,2026-09-21T17:43:06+00:00,23,2026-09-21T17:43:06+00:00
2723,02100000002723,3,10,USD,closed,0,0,2025-10-18T13:21:36+00:00,2025-12-29T02:23:24+00:00,,0,2025-12-29T02:23:24+00:00
2724,02110000002724,1,18,USD,active,10940.73,10940.73,2021-05-22T11:31:39+00:00,,2026-09-22T09:00:00+00:00,39,2026-09-22T09:00:00+00:00
2725,02110000002725,3,18,USD,active,7321.91,7321.91,2021-12-19T09:10:28+00:00,,2026-08-31T22:00:00+00:00,33,2026-08-31T22:00:00+00:00
2726,02110000002726,1,22,USD,active,19864.89,19864.89,2023-01-27T19:25:55+00:00,,2026-09-22T20:11:57+00:00,28,2026-09-22T20:11:57+00:00
2727,02110000002727,4,22,USD,closed,0,0,2023-02-23T23:55:35+00:00,2023-10-07T23:52:07+00:00,,0,2023-10-07T23:52:07+00:00
2728,02100000002728,2,7,USD,active,24685.25,25185.25,2014-08-10T04:27:41+00:00,,2026-09-19T22:47:53+00:00,10,2026-09-19T22:47:53+00:00
2729,02100000002729,1,5,USD,active,76956.12,76956.12,2008-10-09T16:58:22+00:00,,2026-09-12T15:19:26+00:00,1,2026-09-12T15:19:26+00:00
2730,02100000002730,8,5,USD,active,1448.46,13551.54,2017-11-12T15:58:35+00:00,,2026-09-17T21:21:19+00:00,30,2026-09-17T21:21:19+00:00
2731,02110000002731,2,19,USD,active,24398.36,24898.36,2009-12-05T01:45:00+00:00,,2026-09-08T09:00:00+00:00,17,2026-09-08T09:00:00+00:00
2732,02110000002732,9,19,USD,active,0,10000.00,2011-04-08T09:13:42+00:00,,,0,2011-04-08T09:13:42+00:00
2733,02110000002733,2,18,USD,active,13428.10,13928.10,2013-07-03T19:48:18+00:00,,2026-09-22T17:03:26+00:00,31,2026-09-22T17:03:26+00:00
2734,02110000002734,3,18,USD,active,3647.96,3647.96,2021-12-01T03:46:55+00:00,,2026-08-31T22:00:00+00:00,38,2026-08-31T22:00:00+00:00
2735,02100000002735,2,11,USD,active,8638.07,9138.07,2011-01-08T17:53:43+00:00,,2026-09-21T12:40:19+00:00,2,2026-09-21T12:40:19+00:00
2736,02110000002736,2,22,USD,active,20972.73,21472.73,2008-08-03T02:35:55+00:00,,2026-06-11T21:40:54+00:00,20,2026-06-11T21:40:54+00:00
2737,02110000002737,3,22,USD,active,2012.54,2012.54,2020-03-11T15:03:06+00:00,,2026-08-31T22:00:00+00:00,40,2026-08-31T22:00:00+00:00
2738,02110000002738,1,13,USD,active,646.87,646.87,2017-03-30T20:52:05+00:00,,2026-09-22T17:18:06+00:00,22,2026-09-22T17:18:06+00:00
2739,02110000002739,3,13,USD,active,4173.47,4173.47,2020-08-06T07:19:11+00:00,,2026-08-31T22:00:00+00:00,29,2026-08-31T22:00:00+00:00
2740,02100000002740,1,7,USD,active,8410.23,8410.23,2016-06-21T02:55:54+00:00,,2026-09-22T18:22:34+00:00,39,2026-09-22T18:22:34+00:00
2741,02100000002741,3,7,USD,active,1618.47,1618.47,2025-01-23T23:55:40+00:00,,2026-08-31T22:00:00+00:00,17,2026-08-31T22:00:00+00:00
2742,02110000002742,1,23,USD,active,4300.44,4300.44,2016-07-29T08:14:17+00:00,,2026-09-15T09:00:00+00:00,15,2026-09-15T09:00:00+00:00
2743,02110000002743,4,23,USD,active,32788.90,32788.90,2021-06-13T18:17:09+00:00,,2026-08-31T22:00:00+00:00,29,2026-08-31T22:00:00+00:00
2744,02110000002744,8,23,USD,active,1845.35,23154.65,2025-06-01T18:48:47+00:00,,2026-08-31T22:00:00+00:00,30,2026-08-31T22:00:00+00:00
2745,02100000002745,2,12,USD,active,8146.43,8646.43,2016-03-18T20:35:06+00:00,,2026-09-22T18:16:38+00:00,26,2026-09-22T18:16:38+00:00
2746,02100000002746,3,12,USD,active,743.60,743.60,2017-05-21T00:40:59+00:00,,2026-08-31T22:00:00+00:00,11,2026-08-31T22:00:00+00:00
2747,02100000002747,1,3,USD,active,7196.99,7196.99,2019-12-17T06:13:34+00:00,,2026-09-20T17:05:59+00:00,33,2026-09-20T17:05:59+00:00
2748,02100000002748,4,3,USD,active,11940.47,11940.47,2020-08-06T22:45:09+00:00,,2026-08-31T22:00:00+00:00,21,2026-08-31T22:00:00+00:00
2749,02110000002749,1,21,USD,active,14817.44,14817.44,2016-10-11T03:58:28+00:00,,2026-09-19T13:24:46+00:00,24,2026-09-19T13:24:46+00:00
2750,02110000002750,3,21,USD,active,4785.96,4785.96,2017-06-27T13:10:11+00:00,,2026-08-31T22:00:00+00:00,16,2026-08-31T22:00:00+00:00
2751,02100000002751,1,10,USD,active,55935.20,55935.20,2021-09-04T02:04:45+00:00,,2026-09-22T17:41:19+00:00,19,2026-09-22T17:41:19+00:00
2752,02110000002752,1,20,USD,active,7464.46,7464.46,2014-07-21T17:59:18+00:00,,2026-09-20T09:00:00+00:00,16,2026-09-20T09:00:00+00:00
2753,02110000002753,3,20,USD,active,997.59,997.59,2025-04-10T10:47:25+00:00,,2026-08-31T22:00:00+00:00,10,2026-08-31T22:00:00+00:00
2754,02110000002754,2,21,USD,closed,0,0,2008-02-25T06:00:41+00:00,2014-12-02T02:36:57+00:00,,0,2014-12-02T02:36:57+00:00
2755,02110000002755,3,21,USD,closed,0,0,2023-07-06T06:18:47+00:00,2025-05-19T15:20:46+00:00,,0,2025-05-19T15:20:46+00:00
2756,02110000002756,1,14,USD,active,650.22,650.22,2020-10-28T04:38:58+00:00,,2026-09-21T04:30:03+00:00,16,2026-09-21T04:30:03+00:00
2757,02110000002757,3,14,USD,active,4275.19,4275.19,2020-12-14T20:31:49+00:00,,2026-08-31T22:00:00+00:00,5,2026-08-31T22:00:00+00:00
2758,02110000002758,8,14,USD,active,5161.53,-2661.53,2021-09-11T17:43:12+00:00,,2026-08-25T18:00:00+00:00,30,2026-08-25T18:00:00+00:00
2759,02100000002759,1,10,USD,active,558.10,558.10,2008-09-23T23:09:06+00:00,,2026-09-16T21:27:13+00:00,19,2026-09-16T21:27:13+00:00
2760,02100000002760,4,10,USD,active,4767.78,4767.78,2012-05-07T05:20:59+00:00,,2026-08-31T22:00:00+00:00,5,2026-08-31T22:00:00+00:00
2761,02110000002761,1,20,USD,active,3274.64,3274.64,2010-12-04T04:37:42+00:00,,2026-09-19T19:35:30+00:00,4,2026-09-19T19:35:30+00:00
2762,02110000002762,8,20,USD,active,2776.78,12223.22,2021-10-22T05:05:27+00:00,,2026-09-21T14:17:13+00:00,12,2026-09-21T14:17:13+00:00
2763,02110000002763,1,14,USD,active,18450.98,18450.98,2025-10-11T02:43:45+00:00,,2026-09-22T11:56:48+00:00,22,2026-09-22T11:56:48+00:00
2764,02110000002764,4,14,USD,closed,0,0,2025-12-25T04:51:00+00:00,2026-03-21T13:54:47+00:00,,0,2026-03-21T13:54:47+00:00
2765,02110000002765,2,16,USD,active,24991.14,25491.14,2024-06-15T18:55:41+00:00,,2026-09-21T18:00:33+00:00,27,2026-09-21T18:00:33+00:00
2766,02110000002766,3,16,USD,active,4960.90,4960.90,2024-09-17T18:57:18+00:00,,2026-08-31T22:00:00+00:00,10,2026-08-31T22:00:00+00:00
2767,02100000002767,3,2,USD,active,976.84,976.84,2022-07-08T19:53:01+00:00,,2026-08-31T22:00:00+00:00,10,2026-08-31T22:00:00+00:00
2768,02100000002768,8,2,USD,active,0,1000.00,2019-04-14T23:32:14+00:00,,,0,2019-04-14T23:32:14+00:00
2769,02110000002769,1,22,USD,active,4187.81,4187.81,2023-06-25T15:06:18+00:00,,2026-09-22T15:19:23+00:00,24,2026-09-22T15:19:23+00:00
2770,02110000002770,3,22,USD,active,3729.88,3729.88,2025-01-09T14:21:44+00:00,,2026-08-31T22:00:00+00:00,14,2026-08-31T22:00:00+00:00
2771,02110000002771,9,22,USD,frozen,0,5000.00,2026-03-20T14:49:02+00:00,,,0,2026-03-20T14:49:02+00:00
2772,02100000002772,2,1,USD,active,12177.38,12677.38,2015-05-24T19:20:44+00:00,,2026-09-14T09:00:00+00:00,2,2026-09-14T09:00:00+00:00
2773,02110000002773,1,25,USD,closed,0,0,2009-02-05T05:24:41+00:00,2012-03-10T21:56:41+00:00,,0,2012-03-10T21:56:41+00:00
2774,02110000002774,1,19,USD,active,9368.57,9368.57,2022-10-23T18:45:05+00:00,,2026-09-21T22:44:49+00:00,39,2026-09-21T22:44:49+00:00
2775,02100000002775,1,11,USD,closed,0,0,2010-08-20T07:00:39+00:00,2019-02-25T03:03:20+00:00,,0,2019-02-25T03:03:20+00:00
2776,02100000002776,4,11,USD,active,28625.28,28625.28,2018-09-07T09:59:32+00:00,,2026-08-31T22:00:00+00:00,31,2026-08-31T22:00:00+00:00
2777,02100000002777,1,10,USD,active,898.52,898.52,2022-06-28T06:21:11+00:00,,2026-09-19T13:42:50+00:00,20,2026-09-19T13:42:50+00:00
2778,02100000002778,4,10,USD,active,10257.53,10257.53,2024-09-07T09:39:15+00:00,,2026-08-31T22:00:00+00:00,37,2026-08-31T22:00:00+00:00
2779,02100000002779,2,1,USD,active,43118.79,43618.79,2010-09-11T03:44:25+00:00,,2026-09-20T09:00:00+00:00,13,2026-09-20T09:00:00+00:00
2780,02100000002780,4,1,USD,active,26270.11,26270.11,2014-03-24T13:02:28+00:00,,2026-08-31T22:00:00+00:00,36,2026-08-31T22:00:00+00:00
2781,02100000002781,9,1,USD,active,0.00,10000.00,2016-07-23T23:24:28+00:00,,2026-05-25T18:00:00+00:00,40,2026-05-25T18:00:00+00:00
2782,02100000002782,1,3,USD,active,19910.47,19910.47,2009-10-27T06:05:03+00:00,,2026-09-22T20:53:46+00:00,1,2026-09-22T20:53:46+00:00
2783,02100000002783,4,3,USD,active,39029.26,39029.26,2011-12-28T06:46:30+00:00,,2026-08-31T22:00:00+00:00,5,2026-08-31T22:00:00+00:00
2784,02100000002784,2,4,USD,active,7453.82,7953.82,2013-08-05T22:16:50+00:00,,2026-09-22T18:33:00+00:00,34,2026-09-22T18:33:00+00:00
2785,02100000002785,4,4,USD,active,17880.67,17880.67,2017-11-11T20:44:03+00:00,,2026-08-31T22:00:00+00:00,22,2026-08-31T22:00:00+00:00
2786,02110000002786,2,13,USD,dormant,301.62,301.62,2015-01-24T18:51:50+00:00,,2026-08-31T22:00:00+00:00,35,2026-08-31T22:00:00+00:00
2787,02110000002787,3,13,USD,active,5734.52,5734.52,2024-04-17T15:07:43+00:00,,2026-08-31T22:00:00+00:00,24,2026-08-31T22:00:00+00:00
2788,02110000002788,4,18,USD,closed,0,0,2023-10-16T09:24:37+00:00,2026-01-24T20:13:01+00:00,,0,2026-01-24T20:13:01+00:00
2789,02110000002789,9,18,USD,active,0,10000.00,2026-06-10T09:03:17+00:00,,,0,2026-06-10T09:03:17+00:00
2790,02100000002790,1,11,USD,active,820.39,820.39,2019-09-17T20:24:20+00:00,,2026-08-24T21:39:25+00:00,16,2026-08-24T21:39:25+00:00
2791,02110000002791,1,13,USD,active,3806.56,3806.56,2025-09-23T05:49:01+00:00,,2026-09-22T07:46:37+00:00,31,2026-09-22T07:46:37+00:00
2792,02110000002792,4,13,USD,active,2734.70,2734.70,2026-05-24T00:35:55+00:00,,2026-08-31T22:00:00+00:00,26,2026-08-31T22:00:00+00:00
2793,02100000002793,1,12,USD,active,60900.04,60900.04,2022-10-15T09:27:10+00:00,,2026-09-21T09:00:00+00:00,39,2026-09-21T09:00:00+00:00
2794,02100000002794,4,12,USD,active,9314.97,9314.97,2022-11-19T01:13:22+00:00,,2026-08-31T22:00:00+00:00,31,2026-08-31T22:00:00+00:00
2795,02100000002795,2,7,USD,active,9302.67,9802.67,2008-08-12T09:36:49+00:00,,2026-09-18T22:45:58+00:00,20,2026-09-18T22:45:58+00:00
2796,02100000002796,1,6,USD,active,11768.09,11768.09,2008-08-17T16:19:11+00:00,,2026-09-14T16:26:10+00:00,32,2026-09-14T16:26:10+00:00
2797,02100000002797,9,6,USD,active,1566.08,23433.92,2016-08-16T18:19:07+00:00,,2026-09-22T16:08:52+00:00,14,2026-09-22T16:08:52+00:00
2798,02110000002798,1,25,USD,active,25807.55,25807.55,2010-01-29T21:43:40+00:00,,2026-09-09T09:00:00+00:00,38,2026-09-09T09:00:00+00:00
2799,02110000002799,8,25,USD,active,3637.11,6362.89,2025-12-19T02:44:02+00:00,,2026-09-16T13:35:53+00:00,21,2026-09-16T13:35:53+00:00
2800,02110000002800,2,14,USD,active,14781.02,15281.02,2012-05-04T18:29:08+00:00,,2026-09-21T20:47:10+00:00,34,2026-09-21T20:47:10+00:00
2801,02100000002801,1,4,USD,active,12575.86,12575.86,2016-03-31T08:27:14+00:00,,2026-09-17T19:02:26+00:00,21,2026-09-17T19:02:26+00:00
2802,02110000002802,2,22,USD,active,1083.99,1583.99,2011-03-22T03:41:11+00:00,,2026-09-17T08:22:31+00:00,31,2026-09-17T08:22:31+00:00
2803,02110000002803,8,22,USD,active,0.00,25000.00,2011-09-29T19:11:18+00:00,,2026-08-25T18:00:00+00:00,19,2026-08-25T18:00:00+00:00
2804,02110000002804,1,13,USD,active,1177.42,1177.42,2023-01-03T12:27:25+00:00,,2026-09-03T09:00:00+00:00,17,2026-09-03T09:00:00+00:00
2805,02110000002805,3,13,USD,active,1115.87,1115.87,2023-11-29T16:34:03+00:00,,2026-08-31T22:00:00+00:00,19,2026-08-31T22:00:00+00:00
2806,02110000002806,8,13,USD,active,968.14,31.86,2023-11-14T16:11:14+00:00,,2026-08-31T22:00:00+00:00,7,2026-08-31T22:00:00+00:00
2807,02110000002807,2,25,USD,active,2177.22,2677.22,2018-05-21T16:31:57+00:00,,2026-09-22T16:23:21+00:00,23,2026-09-22T16:23:21+00:00
2808,02100000002808,1,9,USD,closed,0,0,2009-05-29T23:17:55+00:00,2010-02-23T17:46:01+00:00,,0,2010-02-23T17:46:01+00:00
2809,02100000002809,3,9,USD,active,3937.19,3937.19,2010-11-07T11:42:52+00:00,,2026-08-31T22:00:00+00:00,17,2026-08-31T22:00:00+00:00
2810,02100000002810,8,9,USD,closed,0,2500.00,2015-07-05T23:55:15+00:00,2023-09-22T20:27:36+00:00,,0,2023-09-22T20:27:36+00:00
2811,02110000002811,1,23,USD,active,4990.28,4990.28,2025-10-14T14:56:53+00:00,,2026-09-21T21:37:25+00:00,5,2026-09-21T21:37:25+00:00
2812,02110000002812,3,23,USD,active,5686.91,5686.91,2026-03-27T05:20:56+00:00,,2026-08-31T22:00:00+00:00,8,2026-08-31T22:00:00+00:00
2813,02100000002813,2,4,USD,active,34706.10,35206.10,2016-09-08T11:30:19+00:00,,2026-09-20T18:12:44+00:00,7,2026-09-20T18:12:44+00:00
2814,02100000002814,4,4,USD,active,3715.59,3715.59,2025-08-12T18:37:45+00:00,,2026-08-31T22:00:00+00:00,23,2026-08-31T22:00:00+00:00
2815,02100000002815,8,4,USD,closed,0,1000.00,2018-02-26T12:54:51+00:00,2020-11-29T20:45:17+00:00,,0,2020-11-29T20:45:17+00:00
2816,02110000002816,1,14,USD,active,28355.37,28355.37,2019-05-23T04:43:37+00:00,,2026-09-21T23:41:34+00:00,31,2026-09-21T23:41:34+00:00
2817,02110000002817,2,24,USD,active,38900.69,39400.69,2010-06-23T10:52:24+00:00,,2026-09-22T09:00:00+00:00,1,2026-09-22T09:00:00+00:00
2818,02110000002818,4,24,USD,active,14612.16,14612.16,2021-11-23T04:43:49+00:00,,2026-08-31T22:00:00+00:00,25,2026-08-31T22:00:00+00:00
2819,02110000002819,1,18,USD,active,10811.58,10811.58,2022-05-25T08:10:40+00:00,,2026-09-20T09:00:00+00:00,27,2026-09-20T09:00:00+00:00
2820,02110000002820,3,18,USD,active,3149.85,3149.85,2023-08-12T20:20:13+00:00,,2026-08-31T22:00:00+00:00,28,2026-08-31T22:00:00+00:00
2821,02110000002821,1,24,USD,active,3305.79,3305.79,2013-01-10T20:03:31+00:00,,2026-09-18T18:42:47+00:00,3,2026-09-18T18:42:47+00:00
2822,02110000002822,4,24,USD,active,9291.91,9291.91,2021-01-12T00:31:44+00:00,,2026-08-31T22:00:00+00:00,35,2026-08-31T22:00:00+00:00
2823,02100000002823,2,11,USD,active,38070.58,38570.58,2020-06-23T13:09:01+00:00,,2026-09-21T01:20:32+00:00,10,2026-09-21T01:20:32+00:00
2824,02100000002824,4,11,USD,active,4601.59,4601.59,2022-07-31T15:54:35+00:00,,2026-08-31T22:00:00+00:00,23,2026-08-31T22:00:00+00:00
2825,02100000002825,5,11,USD,active,8634.73,8634.73,2026-02-25T14:45:23+00:00,,2026-08-31T22:00:00+00:00,9,2026-08-31T22:00:00+00:00
2826,02100000002826,8,11,USD,active,0.00,5000.00,2020-07-18T07:41:50+00:00,,2026-07-25T18:00:00+00:00,8,2026-07-25T18:00:00+00:00
2827,02100000002827,1,2,USD,active,9916.97,9916.97,2016-10-31T18:41:09+00:00,,2026-09-19T17:56:17+00:00,6,2026-09-19T17:56:17+00:00
2828,02110000002828,1,15,USD,active,1740.31,1740.31,2025-08-31T00:22:14+00:00,,2026-09-19T18:25:34+00:00,23,2026-09-19T18:25:34+00:00
2829,02110000002829,3,15,USD,active,1367.57,1367.57,2025-10-17T15:10:22+00:00,,2026-08-31T22:00:00+00:00,4,2026-08-31T22:00:00+00:00
2830,02100000002830,1,9,USD,active,19134.50,19134.50,2014-05-09T22:56:55+00:00,,2026-09-20T23:32:10+00:00,20,2026-09-20T23:32:10+00:00
2831,02100000002831,9,9,USD,active,0,2500.00,2016-11-05T07:45:47+00:00,,,0,2016-11-05T07:45:47+00:00
2832,02110000002832,1,21,USD,active,28712.18,28712.18,2021-05-28T22:36:34+00:00,,2026-09-22T12:44:52+00:00,28,2026-09-22T12:44:52+00:00
2833,02110000002833,3,21,USD,active,4309.67,4309.67,2026-06-27T16:06:22+00:00,,2026-08-31T22:00:00+00:00,28,2026-08-31T22:00:00+00:00
2834,02100000002834,1,8,USD,active,8200.74,8200.74,2024-08-04T13:38:38+00:00,,2026-09-12T09:00:00+00:00,35,2026-09-12T09:00:00+00:00
2835,02100000002835,3,8,USD,active,5019.86,5019.86,2024-12-12T22:37:24+00:00,,2026-08-31T22:00:00+00:00,14,2026-08-31T22:00:00+00:00
2836,02100000002836,9,8,USD,active,510.86,4489.14,2026-01-26T20:20:23+00:00,,2026-09-18T18:30:51+00:00,9,2026-09-18T18:30:51+00:00
2837,02100000002837,1,7,USD,active,13625.02,13625.02,2012-08-26T03:46:02+00:00,,2026-09-01T09:00:00+00:00,5,2026-09-01T09:00:00+00:00
2838,02100000002838,8,7,USD,active,2526.73,12473.27,2026-07-02T05:04:09+00:00,,2026-09-12T22:08:25+00:00,38,2026-09-12T22:08:25+00:00
2839,02100000002839,1,5,USD,active,1227.36,1227.36,2019-10-06T08:37:28+00:00,,2026-09-22T20:57:13+00:00,1,2026-09-22T20:57:13+00:00
2840,02100000002840,9,5,USD,active,0,5000.00,2019-12-22T17:51:19+00:00,,,0,2019-12-22T17:51:19+00:00
2841,02100000002841,1,1,USD,dormant,256.37,256.37,2018-08-04T03:41:00+00:00,,2026-08-31T22:00:00+00:00,8,2026-08-31T22:00:00+00:00
2842,02100000002842,3,1,USD,active,7561.48,7561.48,2023-12-15T00:53:04+00:00,,2026-08-31T22:00:00+00:00,31,2026-08-31T22:00:00+00:00
2843,02100000002843,1,2,USD,active,242.95,242.95,2011-12-15T14:44:41+00:00,,2026-09-21T20:57:51+00:00,31,2026-09-21T20:57:51+00:00
2844,02100000002844,3,2,USD,active,1752.90,1752.90,2025-07-09T18:40:12+00:00,,2026-08-31T22:00:00+00:00,33,2026-08-31T22:00:00+00:00
2845,02100000002845,1,12,USD,active,1536.37,1536.37,2011-01-21T22:05:19+00:00,,2026-09-20T19:20:23+00:00,9,2026-09-20T19:20:23+00:00
2846,02100000002846,4,12,USD,active,65776.11,65776.11,2025-12-25T01:03:38+00:00,,2026-08-31T22:00:00+00:00,7,2026-08-31T22:00:00+00:00
2847,02110000002847,2,18,USD,closed,0,0,2024-04-02T22:59:20+00:00,2025-09-16T01:33:12+00:00,,0,2025-09-16T01:33:12+00:00
2848,02110000002848,9,18,USD,active,5603.98,-3103.98,2025-09-28T17:44:41+00:00,,2026-04-30T23:59:00+00:00,27,2026-04-30T23:59:00+00:00
2849,02100000002849,1,3,USD,active,5140.12,5140.12,2018-10-25T19:16:31+00:00,,2026-09-14T19:25:59+00:00,20,2026-09-14T19:25:59+00:00
2850,02110000002850,1,14,USD,active,12144.60,12144.60,2013-06-19T20:30:49+00:00,,2026-09-21T20:00:48+00:00,22,2026-09-21T20:00:48+00:00
2851,02110000002851,4,14,USD,active,54849.01,54849.01,2026-01-23T15:22:19+00:00,,2026-08-31T22:00:00+00:00,20,2026-08-31T22:00:00+00:00
2852,02110000002852,8,14,USD,active,4608.86,20391.14,2019-08-13T16:22:25+00:00,,2026-09-22T17:06:23+00:00,28,2026-09-22T17:06:23+00:00
2853,02100000002853,1,12,USD,active,6875.33,6875.33,2016-01-27T04:45:04+00:00,,2026-09-20T14:40:04+00:00,38,2026-09-20T14:40:04+00:00
2854,02100000002854,4,12,USD,active,2346.65,2346.65,2016-02-08T16:05:14+00:00,,2026-08-31T22:00:00+00:00,23,2026-08-31T22:00:00+00:00
2855,02100000002855,1,6,USD,active,4180.54,4180.54,2012-02-08T04:45:44+00:00,,2026-09-11T09:00:00+00:00,21,2026-09-11T09:00:00+00:00
2856,02100000002856,3,6,USD,active,6227.57,6227.57,2019-09-28T22:36:24+00:00,,2026-08-31T22:00:00+00:00,40,2026-08-31T22:00:00+00:00
2857,02100000002857,5,6,USD,active,35941.55,35941.55,2013-08-02T08:30:32+00:00,,2026-08-31T22:00:00+00:00,36,2026-08-31T22:00:00+00:00
2858,02110000002858,1,23,USD,active,9985.46,9985.46,2019-02-03T02:19:45+00:00,,2026-09-12T18:43:26+00:00,12,2026-09-12T18:43:26+00:00
2859,02110000002859,3,23,USD,active,8141.95,8141.95,2023-11-20T19:38:34+00:00,,2026-08-31T22:00:00+00:00,13,2026-08-31T22:00:00+00:00
2860,02110000002860,8,23,USD,active,780.52,219.48,2022-02-20T09:02:44+00:00,,2026-09-17T16:39:36+00:00,39,2026-09-17T16:39:36+00:00
2861,02100000002861,1,7,USD,active,6794.69,6794.69,2024-06-07T01:35:46+00:00,,2026-09-22T20:40:47+00:00,10,2026-09-22T20:40:47+00:00
2862,02100000002862,4,7,USD,active,5671.39,5671.39,2025-02-19T05:38:01+00:00,,2026-08-31T22:00:00+00:00,14,2026-08-31T22:00:00+00:00
2863,02110000002863,1,24,USD,active,23002.40,23002.40,2013-06-04T03:27:04+00:00,,2026-09-19T09:00:00+00:00,21,2026-09-19T09:00:00+00:00
2864,02110000002864,1,25,USD,closed,0,0,2022-03-28T03:05:00+00:00,2024-10-18T00:53:53+00:00,,0,2024-10-18T00:53:53+00:00
2865,02100000002865,2,9,USD,active,40260.82,40760.82,2026-02-07T00:26:10+00:00,,2026-09-20T17:06:55+00:00,12,2026-09-20T17:06:55+00:00
2866,02100000002866,4,9,USD,active,6530.79,6530.79,2026-04-26T20:44:20+00:00,,2026-08-31T22:00:00+00:00,31,2026-08-31T22:00:00+00:00
2867,02110000002867,2,22,USD,active,25212.80,25712.80,2013-03-13T10:26:39+00:00,,2026-09-21T14:53:50+00:00,5,2026-09-21T14:53:50+00:00
2868,02100000002868,1,8,USD,frozen,232.48,232.48,2020-09-18T10:01:57+00:00,,2026-04-30T23:59:00+00:00,6,2026-04-30T23:59:00+00:00
2869,02100000002869,9,8,USD,closed,0,5000.00,2023-11-23T03:14:03+00:00,2024-11-06T04:27:32+00:00,,0,2024-11-06T04:27:32+00:00
2870,02110000002870,2,20,USD,closed,0,0,2013-02-12T21:44:01+00:00,2022-09-28T14:21:38+00:00,,0,2022-09-28T14:21:38+00:00
2871,02110000002871,1,22,USD,active,3805.87,3805.87,2021-03-06T04:18:00+00:00,,2026-09-22T14:43:44+00:00,27,2026-09-22T14:43:44+00:00
2872,02110000002872,3,22,USD,active,5075.77,5075.77,2023-04-22T16:26:24+00:00,,2026-08-31T22:00:00+00:00,13,2026-08-31T22:00:00+00:00
2873,02100000002873,1,1,USD,active,16920.91,16920.91,2017-07-22T18:44:13+00:00,,2026-09-21T13:51:38+00:00,35,2026-09-21T13:51:38+00:00
2874,02100000002874,8,1,USD,active,0,1000.00,2019-01-30T00:21:58+00:00,,,0,2019-01-30T00:21:58+00:00
2875,02100000002875,2,2,USD,active,7367.48,7867.48,2009-09-19T04:34:00+00:00,,2026-09-19T23:35:47+00:00,24,2026-09-19T23:35:47+00:00
2876,02100000002876,3,2,USD,active,3051.96,3051.96,2020-01-07T12:08:57+00:00,,2026-08-31T22:00:00+00:00,12,2026-08-31T22:00:00+00:00
2877,02110000002877,1,20,USD,active,11521.84,11521.84,2020-06-14T09:02:35+00:00,,2026-09-22T16:30:17+00:00,3,2026-09-22T16:30:17+00:00
2878,02110000002878,3,20,USD,active,1605.65,1605.65,2024-07-10T09:24:25+00:00,,2026-08-31T22:00:00+00:00,30,2026-08-31T22:00:00+00:00
2879,02110000002879,1,19,USD,active,13009.57,13009.57,2021-02-08T07:20:48+00:00,,2026-09-18T09:00:00+00:00,18,2026-09-18T09:00:00+00:00
2880,02110000002880,1,20,USD,active,8869.82,8869.82,2011-01-09T19:39:38+00:00,,2026-09-18T14:13:25+00:00,30,2026-09-18T14:13:25+00:00
2881,02100000002881,2,9,USD,active,2.26,502.26,2015-02-21T20:46:57+00:00,,2026-09-21T13:48:12+00:00,28,2026-09-21T13:48:12+00:00
2882,02100000002882,1,3,USD,active,10912.11,10912.11,2018-12-21T05:22:26+00:00,,2026-09-20T12:53:47+00:00,37,2026-09-20T12:53:47+00:00
2883,02100000002883,9,3,USD,active,0,25000.00,2025-04-20T16:11:52+00:00,,,0,2025-04-20T16:11:52+00:00
2884,02110000002884,9,25,USD,active,5587.37,9412.63,2022-04-07T20:56:06+00:00,,2026-08-31T22:00:00+00:00,4,2026-08-31T22:00:00+00:00
2885,02110000002885,1,24,USD,active,5595.46,5595.46,2023-09-05T04:35:00+00:00,,2026-09-22T16:00:00+00:00,32,2026-09-22T16:00:00+00:00
2886,02100000002886,1,9,USD,active,5442.26,5442.26,2008-02-09T20:19:10+00:00,,2026-09-19T09:00:00+00:00,17,2026-09-19T09:00:00+00:00
2887,02100000002887,3,9,USD,active,906.19,906.19,2008-07-04T13:10:29+00:00,,2026-08-31T22:00:00+00:00,24,2026-08-31T22:00:00+00:00
2888,02100000002888,1,8,USD,active,9024.10,9024.10,2008-09-15T05:09:31+00:00,,2026-09-15T21:23:10+00:00,17,2026-09-15T21:23:10+00:00
2889,02100000002889,4,8,USD,active,43153.47,43153.47,2015-11-05T12:24:38+00:00,,2026-08-31T22:00:00+00:00,31,2026-08-31T22:00:00+00:00
2890,02110000002890,1,15,USD,active,3810.04,3810.04,2015-09-03T13:59:35+00:00,,2026-09-22T17:27:41+00:00,35,2026-09-22T17:27:41+00:00
2891,02110000002891,3,15,USD,active,1713.01,1713.01,2023-09-24T00:41:09+00:00,,2026-08-31T22:00:00+00:00,7,2026-08-31T22:00:00+00:00
2892,02110000002892,2,21,USD,active,40522.74,41022.74,2009-06-13T05:43:01+00:00,,2026-09-19T23:32:46+00:00,6,2026-09-19T23:32:46+00:00
2893,02110000002893,4,21,USD,dormant,403.78,403.78,2016-12-30T07:01:27+00:00,,2026-08-31T22:00:00+00:00,13,2026-08-31T22:00:00+00:00
2894,02100000002894,1,3,USD,active,2906.44,2906.44,2015-07-13T05:17:16+00:00,,2026-09-13T09:00:00+00:00,16,2026-09-13T09:00:00+00:00
2895,02100000002895,3,3,USD,active,667.42,667.42,2023-04-25T05:34:12+00:00,,2026-08-31T22:00:00+00:00,12,2026-08-31T22:00:00+00:00
2896,02100000002896,9,3,USD,active,610.09,9389.91,2023-08-06T21:25:19+00:00,,2026-09-05T18:26:40+00:00,9,2026-09-05T18:26:40+00:00
2897,02110000002897,1,23,USD,active,23882.01,23882.01,2018-10-18T04:31:33+00:00,,2026-09-20T09:00:00+00:00,1,2026-09-20T09:00:00+00:00
2898,02110000002898,8,23,USD,active,3448.08,4051.92,2025-09-10T16:08:49+00:00,,2026-09-21T16:54:31+00:00,29,2026-09-21T16:54:31+00:00
2899,02110000002899,1,13,USD,active,26060.85,26060.85,2010-05-13T00:05:28+00:00,,2026-09-14T09:00:00+00:00,12,2026-09-14T09:00:00+00:00
2900,02110000002900,3,13,USD,active,1970.65,1970.65,2021-02-26T17:47:36+00:00,,2026-08-31T22:00:00+00:00,11,2026-08-31T22:00:00+00:00
2901,02110000002901,8,13,USD,active,1067.57,23932.43,2026-06-28T13:41:34+00:00,,2026-09-21T18:11:35+00:00,30,2026-09-21T18:11:35+00:00
2902,02100000002902,1,6,USD,active,1974.04,1974.04,2023-03-24T16:34:40+00:00,,2026-09-21T22:01:17+00:00,16,2026-09-21T22:01:17+00:00
2903,02100000002903,3,6,USD,active,1129.14,1129.14,2025-12-12T22:19:36+00:00,,2026-08-31T22:00:00+00:00,36,2026-08-31T22:00:00+00:00
2904,02110000002904,1,18,USD,active,22270.78,22270.78,2017-08-28T03:53:58+00:00,,2026-09-16T18:35:34+00:00,4,2026-09-16T18:35:34+00:00
2905,02110000002905,1,14,USD,active,860.55,860.55,2017-07-18T18:58:16+00:00,,2026-09-19T15:24:29+00:00,26,2026-09-19T15:24:29+00:00
2906,02110000002906,9,14,USD,active,0,7500.00,2026-01-15T09:23:24+00:00,,,0,2026-01-15T09:23:24+00:00
2907,02100000002907,1,8,USD,closed,0,0,2024-12-26T03:27:50+00:00,2026-01-16T12:25:59+00:00,,0,2026-01-16T12:25:59+00:00
2908,02100000002908,5,8,USD,active,15157.02,15157.02,2026-04-14T23:33:18+00:00,,2026-08-31T22:00:00+00:00,11,2026-08-31T22:00:00+00:00
2909,02110000002909,1,19,USD,dormant,197.26,197.26,2024-03-27T04:29:42+00:00,,2026-08-31T22:00:00+00:00,12,2026-08-31T22:00:00+00:00
2910,02110000002910,1,23,USD,active,337.30,337.30,2020-02-08T18:46:15+00:00,,2026-09-22T12:06:00+00:00,40,2026-09-22T12:06:00+00:00
2911,02110000002911,3,23,USD,active,6336.76,6336.76,2026-09-11T23:57:13+00:00,,2026-09-12T00:02:13+00:00,30,2026-09-12T00:02:13+00:00
2912,02110000002912,8,23,USD,active,0.00,2500.00,2024-06-04T07:09:25+00:00,,2026-05-25T18:00:00+00:00,37,2026-05-25T18:00:00+00:00
2913,02100000002913,2,10,USD,active,30748.59,31248.59,2014-09-14T04:19:29+00:00,,2026-09-22T18:12:05+00:00,8,2026-09-22T18:12:05+00:00
2914,02100000002914,1,6,USD,dormant,318.06,318.06,2013-10-30T14:52:53+00:00,,2026-08-31T22:00:00+00:00,30,2026-08-31T22:00:00+00:00
2915,02100000002915,3,6,USD,active,943.62,943.62,2015-08-28T10:07:53+00:00,,2026-08-31T22:00:00+00:00,39,2026-08-31T22:00:00+00:00
2916,02110000002916,1,25,USD,active,10424.60,10424.60,2014-03-27T11:48:23+00:00,,2026-09-21T18:12:34+00:00,30,2026-09-21T18:12:34+00:00
2917,02110000002917,8,25,USD,active,0.00,25000.00,2018-02-02T22:22:39+00:00,,2026-05-25T18:00:00+00:00,3,2026-05-25T18:00:00+00:00
2918,02110000002918,1,18,USD,active,19607.20,19607.20,2013-12-12T20:25:40+00:00,,2026-09-18T22:10:23+00:00,10,2026-09-18T22:10:23+00:00
2919,02110000002919,3,18,USD,active,998.72,998.72,2025-11-19T07:28:50+00:00,,2026-08-31T22:00:00+00:00,2,2026-08-31T22:00:00+00:00
2920,02110000002920,9,18,USD,active,0,7500.00,2024-04-29T23:01:52+00:00,,,0,2024-04-29T23:01:52+00:00
2921,02110000002921,1,24,USD,active,10407.74,10407.74,2009-11-26T10:25:31+00:00,,2026-09-16T20:51:25+00:00,29,2026-09-16T20:51:25+00:00
2922,02110000002922,4,24,USD,active,5054.12,5054.12,2020-08-07T20:22:13+00:00,,2026-08-31T22:00:00+00:00,27,2026-08-31T22:00:00+00:00
2923,02110000002923,2,20,USD,active,41214.36,41714.36,2025-02-01T18:34:25+00:00,,2026-09-16T09:00:00+00:00,6,2026-09-16T09:00:00+00:00
2924,02110000002924,4,20,USD,dormant,326.29,326.29,2026-01-09T00:09:08+00:00,,2026-08-31T22:00:00+00:00,2,2026-08-31T22:00:00+00:00
2925,02110000002925,5,20,USD,active,4990.12,4990.12,2026-07-06T22:05:41+00:00,,2026-08-31T22:00:00+00:00,18,2026-08-31T22:00:00+00:00
2926,02110000002926,9,20,USD,active,4011.16,10988.84,2025-10-01T23:10:27+00:00,,2026-09-22T15:55:48+00:00,38,2026-09-22T15:55:48+00:00
2927,02100000002927,2,9,USD,active,14406.04,14906.04,2012-03-15T07:28:54+00:00,,2026-09-21T14:17:57+00:00,14,2026-09-21T14:17:57+00:00
2928,02100000002928,3,9,USD,active,5894.36,5894.36,2014-03-20T09:22:43+00:00,,2026-08-31T22:00:00+00:00,11,2026-08-31T22:00:00+00:00
2929,02100000002929,1,12,USD,active,26593.68,26593.68,2013-08-03T08:15:28+00:00,,2026-09-19T09:00:00+00:00,1,2026-09-19T09:00:00+00:00
2930,02100000002930,3,12,USD,active,2458.85,2458.85,2025-02-01T19:26:25+00:00,,2026-08-31T22:00:00+00:00,24,2026-08-31T22:00:00+00:00
2931,02110000002931,1,21,USD,active,1035.18,1035.18,2010-12-20T09:44:26+00:00,,2026-09-06T05:29:04+00:00,26,2026-09-06T05:29:04+00:00
2932,02110000002932,4,21,USD,active,8464.51,8464.51,2021-02-24T14:35:38+00:00,,2026-08-31T22:00:00+00:00,37,2026-08-31T22:00:00+00:00
2933,02110000002933,9,21,USD,active,4341.17,658.83,2019-06-06T18:33:45+00:00,,2026-05-26T23:08:55+00:00,3,2026-05-26T23:08:55+00:00
2934,02110000002934,1,16,USD,active,3374.66,3374.66,2018-04-19T05:54:57+00:00,,2026-09-21T21:35:32+00:00,34,2026-09-21T21:35:32+00:00
2935,02100000002935,2,9,USD,active,3846.60,4346.60,2022-02-18T12:21:09+00:00,,2026-09-22T17:42:37+00:00,4,2026-09-22T17:42:37+00:00
2936,02100000002936,3,9,USD,active,5417.23,5417.23,2023-07-07T14:23:11+00:00,,2026-08-31T22:00:00+00:00,30,2026-08-31T22:00:00+00:00
2937,02100000002937,1,6,USD,active,5441.44,5441.44,2014-07-13T04:03:32+00:00,,2026-09-22T16:41:35+00:00,13,2026-09-22T16:41:35+00:00
2938,02100000002938,3,6,USD,active,6057.40,6057.40,2020-01-07T13:30:28+00:00,,2026-08-31T22:00:00+00:00,32,2026-08-31T22:00:00+00:00
2939,02100000002939,1,12,USD,dormant,174.45,174.45,2026-03-11T09:29:53+00:00,,2026-08-31T22:00:00+00:00,20,2026-08-31T22:00:00+00:00
2940,02100000002940,2,3,USD,active,19966.34,20466.34,2019-08-08T11:19:51+00:00,,2026-09-20T16:17:40+00:00,22,2026-09-20T16:17:40+00:00
2941,02100000002941,3,3,USD,active,3847.49,3847.49,2026-04-12T23:41:53+00:00,,2026-08-31T22:00:00+00:00,10,2026-08-31T22:00:00+00:00
2942,02110000002942,1,14,USD,closed,0,0,2025-01-28T20:26:04+00:00,2026-02-05T10:39:55+00:00,,0,2026-02-05T10:39:55+00:00
2943,02110000002943,3,14,USD,active,1804.53,1804.53,2025-12-27T18:55:01+00:00,,2026-08-31T22:00:00+00:00,7,2026-08-31T22:00:00+00:00
2944,02100000002944,2,10,USD,closed,0,0,2009-05-01T18:44:06+00:00,2019-02-12T01:21:50+00:00,,0,2019-02-12T01:21:50+00:00
2945,02100000002945,3,10,USD,active,1343.42,1343.42,2025-05-12T18:05:23+00:00,,2026-08-31T22:00:00+00:00,21,2026-08-31T22:00:00+00:00
2946,02100000002946,1,7,USD,active,3176.27,3176.27,2022-07-31T10:28:53+00:00,,2026-09-06T09:00:00+00:00,1,2026-09-06T09:00:00+00:00
2947,02100000002947,3,7,USD,active,2073.23,2073.23,2024-06-29T20:11:18+00:00,,2026-08-31T22:00:00+00:00,32,2026-08-31T22:00:00+00:00
2948,02100000002948,9,7,USD,active,2132.90,2867.10,2025-04-07T16:11:13+00:00,,2026-09-16T16:02:11+00:00,20,2026-09-16T16:02:11+00:00
2949,02100000002949,2,6,USD,active,26500.54,27000.54,2025-12-03T16:58:59+00:00,,2026-06-12T23:34:24+00:00,29,2026-06-12T23:34:24+00:00
2950,02100000002950,1,9,USD,closed,0,0,2022-05-29T13:46:46+00:00,2023-04-10T01:26:38+00:00,,0,2023-04-10T01:26:38+00:00
2951,02100000002951,4,9,USD,active,61792.33,61792.33,2025-03-05T11:39:22+00:00,,2026-08-31T22:00:00+00:00,29,2026-08-31T22:00:00+00:00
2952,02100000002952,8,9,USD,active,5875.37,9124.63,2024-08-10T17:09:12+00:00,,2026-07-31T22:00:00+00:00,27,2026-07-31T22:00:00+00:00
2953,02110000002953,2,15,USD,active,18018.03,18518.03,2019-05-13T15:58:50+00:00,,2026-09-18T09:00:00+00:00,22,2026-09-18T09:00:00+00:00
2954,02110000002954,4,15,USD,active,30027.00,30027.00,2024-06-12T11:24:51+00:00,,2026-08-31T22:00:00+00:00,1,2026-08-31T22:00:00+00:00
2955,02110000002955,9,15,USD,active,3431.79,11568.21,2023-03-07T00:18:48+00:00,,2026-09-22T14:28:21+00:00,31,2026-09-22T14:28:21+00:00
2956,02100000002956,1,6,USD,active,8219.35,8219.35,2018-07-09T17:53:37+00:00,,2026-09-21T09:00:00+00:00,38,2026-09-21T09:00:00+00:00
2957,02100000002957,9,6,USD,active,1727.42,23272.58,2024-05-19T01:05:53+00:00,,2026-09-19T19:58:30+00:00,24,2026-09-19T19:58:30+00:00
2958,02110000002958,1,23,USD,active,11201.85,11201.85,2016-08-26T22:44:27+00:00,,2026-09-14T19:07:32+00:00,24,2026-09-14T19:07:32+00:00
2959,02110000002959,3,23,USD,active,1875.34,1875.34,2019-07-27T22:51:46+00:00,,2026-08-31T22:00:00+00:00,8,2026-08-31T22:00:00+00:00
2960,02110000002960,1,22,USD,closed,0,0,2017-06-03T18:34:38+00:00,2022-09-02T23:46:24+00:00,,0,2022-09-02T23:46:24+00:00
2961,02110000002961,3,22,USD,active,341.23,341.23,2021-07-17T19:38:10+00:00,,2026-08-31T22:00:00+00:00,25,2026-08-31T22:00:00+00:00
2962,02110000002962,9,22,USD,active,1375.79,3624.21,2024-05-17T16:23:18+00:00,,2026-07-31T22:00:00+00:00,7,2026-07-31T22:00:00+00:00
2963,02100000002963,1,9,USD,active,990.30,990.30,2026-05-27T15:47:29+00:00,,2026-09-20T19:00:35+00:00,16,2026-09-20T19:00:35+00:00
2964,02100000002964,3,9,USD,active,4739.55,4739.55,2026-07-14T11:27:33+00:00,,2026-08-31T22:00:00+00:00,39,2026-08-31T22:00:00+00:00
2965,02100000002965,8,9,USD,active,0,15000.00,2026-07-24T04:08:52+00:00,,,0,2026-07-24T04:08:52+00:00
2966,02110000002966,1,13,USD,active,5654.35,5654.35,2016-03-27T22:12:31+00:00,,2026-09-22T09:00:00+00:00,6,2026-09-22T09:00:00+00:00
2967,02110000002967,4,13,USD,active,4877.70,4877.70,2019-06-06T00:55:34+00:00,,2026-08-31T22:00:00+00:00,19,2026-08-31T22:00:00+00:00
2968,02110000002968,1,15,USD,active,51282.96,51282.96,2008-06-08T05:11:16+00:00,,2026-09-20T22:04:31+00:00,4,2026-09-20T22:04:31+00:00
2969,02100000002969,1,12,USD,active,1420.60,1420.60,2012-05-23T15:33:31+00:00,,2026-09-13T09:00:00+00:00,9,2026-09-13T09:00:00+00:00
2970,02110000002970,1,21,USD,active,2027.33,2027.33,2018-10-03T22:36:02+00:00,,2026-09-06T09:00:00+00:00,25,2026-09-06T09:00:00+00:00
2971,02110000002971,8,21,USD,active,5962.50,9037.50,2024-03-23T11:13:27+00:00,,2026-09-20T15:25:18+00:00,12,2026-09-20T15:25:18+00:00
2972,02110000002972,1,13,USD,active,32838.62,32838.62,2009-08-14T10:26:06+00:00,,2026-09-19T22:03:37+00:00,33,2026-09-19T22:03:37+00:00
2973,02100000002973,1,7,USD,active,16195.67,16195.67,2019-09-16T04:49:24+00:00,,2026-09-22T13:12:15+00:00,30,2026-09-22T13:12:15+00:00
2974,02100000002974,1,5,USD,active,14441.14,14441.14,2012-11-25T08:51:44+00:00,,2026-09-17T00:14:26+00:00,30,2026-09-17T00:14:26+00:00
2975,02100000002975,8,5,USD,active,1377.13,23622.87,2022-04-29T01:32:25+00:00,,2026-09-21T17:03:22+00:00,23,2026-09-21T17:03:22+00:00
2976,02110000002976,2,21,USD,active,15293.44,15793.44,2022-11-27T09:26:41+00:00,,2026-09-16T15:37:37+00:00,26,2026-09-16T15:37:37+00:00
2977,02110000002977,9,21,USD,active,0,7500.00,2023-02-06T23:34:15+00:00,,,0,2023-02-06T23:34:15+00:00
2978,02110000002978,2,15,USD,active,38040.28,38540.28,2012-08-30T09:46:48+00:00,,2026-09-17T16:54:32+00:00,28,2026-09-17T16:54:32+00:00
2979,02110000002979,3,15,USD,active,640.29,640.29,2019-06-10T06:24:15+00:00,,2026-08-31T22:00:00+00:00,38,2026-08-31T22:00:00+00:00
2980,02110000002980,2,25,USD,active,47147.09,47647.09,2011-06-11T09:19:37+00:00,,2026-09-20T09:00:00+00:00,5,2026-09-20T09:00:00+00:00
2981,02110000002981,9,25,USD,active,0.00,15000.00,2023-02-02T03:02:32+00:00,,2026-05-25T18:00:00+00:00,17,2026-05-25T18:00:00+00:00
2982,02110000002982,1,20,USD,active,19877.87,19877.87,2025-02-04T22:08:09+00:00,,2026-06-19T16:28:50+00:00,34,2026-06-19T16:28:50+00:00
2983,02110000002983,4,20,USD,active,3256.70,3256.70,2026-03-24T10:04:12+00:00,,2026-08-31T22:00:00+00:00,3,2026-08-31T22:00:00+00:00
2984,02110000002984,2,18,USD,active,22798.27,23298.27,2008-03-01T19:19:24+00:00,,2026-09-19T21:07:52+00:00,7,2026-09-19T21:07:52+00:00
2985,02110000002985,4,18,USD,active,5966.79,5966.79,2022-10-09T07:20:56+00:00,,2026-08-31T22:00:00+00:00,32,2026-08-31T22:00:00+00:00
2986,02100000002986,3,10,USD,active,1699.13,1699.13,2025-07-16T23:24:57+00:00,,2026-08-31T22:00:00+00:00,31,2026-08-31T22:00:00+00:00
2987,02110000002987,2,18,USD,active,26101.56,26601.56,2019-06-30T16:38:41+00:00,,2026-09-21T20:00:00+00:00,25,2026-09-21T20:00:00+00:00
2988,02100000002988,1,9,USD,active,31.86,31.86,2014-01-13T11:04:01+00:00,,2026-09-21T17:59:36+00:00,35,2026-09-21T17:59:36+00:00
2989,02100000002989,3,9,USD,frozen,1424.67,1424.67,2014-12-16T12:11:14+00:00,,2026-04-30T23:59:00+00:00,30,2026-04-30T23:59:00+00:00
2990,02110000002990,1,14,USD,active,4254.90,4254.90,2016-07-19T02:31:04+00:00,,2026-09-17T08:35:19+00:00,1,2026-09-17T08:35:19+00:00
2991,02110000002991,4,14,USD,active,41928.90,41928.90,2022-10-23T07:08:31+00:00,,2026-08-31T22:00:00+00:00,35,2026-08-31T22:00:00+00:00
2992,02110000002992,9,14,USD,active,8961.35,16038.65,2022-07-19T00:27:48+00:00,,2026-09-22T21:00:00+00:00,12,2026-09-22T21:00:00+00:00
2993,02100000002993,2,6,USD,active,22913.74,23413.74,2008-05-24T09:49:35+00:00,,2026-09-20T15:21:57+00:00,38,2026-09-20T15:21:57+00:00
2994,02100000002994,1,2,USD,active,7183.41,7183.41,2013-02-05T23:00:12+00:00,,2026-09-22T14:05:29+00:00,16,2026-09-22T14:05:29+00:00
2995,02100000002995,9,2,USD,active,0,25000.00,2022-04-13T10:25:00+00:00,,,0,2022-04-13T10:25:00+00:00
2996,02100000002996,2,5,USD,active,31527.03,32027.03,2009-06-14T16:10:13+00:00,,2026-09-20T12:50:54+00:00,37,2026-09-20T12:50:54+00:00
2997,02100000002997,4,5,USD,active,77023.89,77023.89,2014-02-21T08:57:11+00:00,,2026-08-31T22:00:00+00:00,13,2026-08-31T22:00:00+00:00
2998,02100000002998,2,12,USD,active,6693.69,7193.69,2024-11-13T00:32:10+00:00,,2026-09-19T09:45:03+00:00,16,2026-09-19T09:45:03+00:00
2999,02110000002999,1,23,USD,active,35292.43,35292.43,2023-05-28T01:22:50+00:00,,2026-09-17T20:40:57+00:00,17,2026-09-17T20:40:57+00:00
3000,02110000003000,4,23,USD,active,4872.24,4872.24,2026-06-11T00:18:14+00:00,,2026-08-31T22:00:00+00:00,9,2026-08-31T22:00:00+00:00
3001,02110000003001,9,23,USD,active,4627.25,5372.75,2026-02-23T15:41:52+00:00,,2026-09-21T18:37:44+00:00,3,2026-09-21T18:37:44+00:00
3002,02100000003002,2,12,USD,active,46956.05,47456.05,2017-05-08T01:56:36+00:00,,2026-09-20T09:00:00+00:00,30,2026-09-20T09:00:00+00:00
3003,02100000003003,4,12,USD,active,26194.74,26194.74,2021-09-05T22:23:35+00:00,,2026-08-31T22:00:00+00:00,38,2026-08-31T22:00:00+00:00
3004,02100000003004,8,12,USD,active,1730.07,23269.93,2021-11-24T01:43:46+00:00,,2026-09-22T14:08:08+00:00,25,2026-09-22T14:08:08+00:00
3005,02110000003005,2,21,USD,active,39793.70,40293.70,2021-06-29T02:12:02+00:00,,2026-05-27T15:32:06+00:00,9,2026-05-27T15:32:06+00:00
3006,02110000003006,3,21,USD,frozen,1811.16,1811.16,2024-12-03T14:32:35+00:00,,2026-04-30T23:59:00+00:00,1,2026-04-30T23:59:00+00:00
3007,02100000003007,1,5,USD,active,21831.29,21831.29,2021-08-30T03:04:05+00:00,,2026-09-21T20:33:15+00:00,32,2026-09-21T20:33:15+00:00
3008,02100000003008,1,5,USD,active,14809.58,14809.58,2022-01-09T09:36:42+00:00,,2026-09-21T21:33:56+00:00,10,2026-09-21T21:33:56+00:00
3009,02100000003009,4,5,USD,active,48174.46,48174.46,2023-04-06T13:13:22+00:00,,2026-08-31T22:00:00+00:00,14,2026-08-31T22:00:00+00:00
3010,02110000003010,2,25,USD,active,2652.53,3152.53,2016-04-16T17:52:34+00:00,,2026-09-21T23:01:06+00:00,6,2026-09-21T23:01:06+00:00
3011,02110000003011,1,23,USD,active,8542.96,8542.96,2016-02-02T06:31:00+00:00,,2026-09-20T18:26:22+00:00,29,2026-09-20T18:26:22+00:00
3012,02110000003012,9,23,USD,active,0,5000.00,2018-07-23T17:42:55+00:00,,,0,2018-07-23T17:42:55+00:00
3013,02110000003013,2,13,USD,active,24522.47,25022.47,2019-07-26T22:07:30+00:00,,2026-09-20T09:00:00+00:00,15,2026-09-20T09:00:00+00:00
3014,02110000003014,3,13,USD,active,9284.15,9284.15,2025-03-26T19:37:24+00:00,,2026-08-31T22:00:00+00:00,25,2026-08-31T22:00:00+00:00
3015,02110000003015,8,13,USD,active,2496.88,3.12,2026-03-07T15:53:12+00:00,,2026-09-07T22:15:07+00:00,30,2026-09-07T22:15:07+00:00
3016,02110000003016,1,22,USD,active,2657.84,2657.84,2013-02-13T14:02:27+00:00,,2026-09-19T19:27:32+00:00,13,2026-09-19T19:27:32+00:00
3017,02110000003017,3,19,USD,active,523.79,523.79,2026-04-07T10:05:46+00:00,,2026-08-31T22:00:00+00:00,15,2026-08-31T22:00:00+00:00
3018,02100000003018,2,3,USD,active,58267.06,58767.06,2026-04-28T05:29:20+00:00,,2026-09-20T11:00:00+00:00,6,2026-09-20T11:00:00+00:00
3019,02100000003019,8,3,USD,active,839.26,160.74,2026-07-11T05:53:10+00:00,,2026-09-22T17:30:06+00:00,5,2026-09-22T17:30:06+00:00
3020,02100000003020,1,2,USD,active,3437.11,3437.11,2015-03-31T20:38:59+00:00,,2026-09-22T20:00:00+00:00,22,2026-09-22T20:00:00+00:00
3021,02100000003021,8,2,USD,active,8173.79,6826.21,2026-06-11T14:07:07+00:00,,2026-09-21T16:44:25+00:00,38,2026-09-21T16:44:25+00:00
3022,02110000003022,1,19,USD,dormant,289.43,289.43,2014-10-31T02:37:37+00:00,,2026-08-31T22:00:00+00:00,37,2026-08-31T22:00:00+00:00
3023,02110000003023,9,19,USD,active,0,1000.00,2015-02-16T15:57:15+00:00,,,0,2015-02-16T15:57:15+00:00
3024,02110000003024,2,14,USD,active,17438.94,17938.94,2021-02-11T13:15:42+00:00,,2026-09-18T23:28:05+00:00,5,2026-09-18T23:28:05+00:00
3025,02110000003025,4,14,USD,closed,0,0,2022-10-13T06:48:40+00:00,2024-12-23T21:35:02+00:00,,0,2024-12-23T21:35:02+00:00
3026,02110000003026,1,14,USD,closed,0,0,2017-08-19T14:14:16+00:00,2023-04-09T17:01:20+00:00,,0,2023-04-09T17:01:20+00:00
3027,02100000003027,1,10,USD,active,8223.55,8223.55,2021-10-08T03:32:44+00:00,,2026-09-21T19:29:38+00:00,2,2026-09-21T19:29:38+00:00
3028,02100000003028,3,10,USD,active,3243.68,3243.68,2022-06-15T08:11:53+00:00,,2026-08-31T22:00:00+00:00,21,2026-08-31T22:00:00+00:00
3029,02110000003029,2,18,USD,closed,0,0,2019-01-03T14:09:02+00:00,2020-07-22T22:06:01+00:00,,0,2020-07-22T22:06:01+00:00
3030,02110000003030,4,18,USD,active,19558.32,19558.32,2023-05-23T00:39:59+00:00,,2026-08-31T22:00:00+00:00,25,2026-08-31T22:00:00+00:00
3031,02110000003031,5,18,USD,active,30976.32,30976.32,2021-10-09T00:50:52+00:00,,2026-08-31T22:00:00+00:00,9,2026-08-31T22:00:00+00:00
3032,02110000003032,8,18,USD,active,0,15000.00,2023-10-03T07:24:30+00:00,,,0,2023-10-03T07:24:30+00:00
3033,02110000003033,1,24,USD,active,11661.42,11661.42,2026-03-20T06:31:50+00:00,,2026-09-16T09:00:00+00:00,24,2026-09-16T09:00:00+00:00
3034,02110000003034,3,24,USD,active,4204.93,4204.93,2026-06-02T18:08:52+00:00,,2026-08-31T22:00:00+00:00,4,2026-08-31T22:00:00+00:00
3035,02110000003035,9,24,USD,active,6235.09,3764.91,2026-06-23T14:29:23+00:00,,2026-09-21T21:51:57+00:00,8,2026-09-21T21:51:57+00:00
3036,02110000003036,2,13,USD,active,54464.33,54964.33,2023-09-12T10:46:44+00:00,,2026-09-22T09:07:31+00:00,39,2026-09-22T09:07:31+00:00
3037,02110000003037,8,13,USD,active,270.51,7229.49,2025-03-15T19:33:19+00:00,,2026-09-21T17:12:15+00:00,5,2026-09-21T17:12:15+00:00
3038,02100000003038,1,5,USD,active,6386.53,6386.53,2012-12-07T18:44:47+00:00,,2026-09-21T18:24:33+00:00,3,2026-09-21T18:24:33+00:00
3039,02110000003039,1,18,USD,closed,0,0,2017-02-12T10:22:50+00:00,2020-11-03T19:05:30+00:00,,0,2020-11-03T19:05:30+00:00
3040,02110000003040,8,18,USD,active,0,7500.00,2023-08-18T12:19:46+00:00,,,0,2023-08-18T12:19:46+00:00
3041,02110000003041,1,13,USD,active,887.31,887.31,2023-04-21T19:37:33+00:00,,2026-09-17T17:00:00+00:00,15,2026-09-17T17:00:00+00:00
3042,02110000003042,3,13,USD,active,4950.31,4950.31,2026-05-26T04:36:37+00:00,,2026-08-31T22:00:00+00:00,40,2026-08-31T22:00:00+00:00
3043,02110000003043,1,14,USD,active,2134.37,2134.37,2014-10-24T22:58:04+00:00,,2026-09-20T14:19:54+00:00,9,2026-09-20T14:19:54+00:00
3044,02110000003044,3,14,USD,active,1496.45,1496.45,2017-07-26T16:54:10+00:00,,2026-08-31T22:00:00+00:00,9,2026-08-31T22:00:00+00:00
3045,02100000003045,1,8,USD,active,1317.55,1317.55,2024-01-16T03:45:26+00:00,,2026-09-11T09:23:42+00:00,16,2026-09-11T09:23:42+00:00
3046,02100000003046,8,8,USD,active,1051.91,23948.09,2025-08-10T07:36:29+00:00,,2026-09-19T15:24:14+00:00,16,2026-09-19T15:24:14+00:00
3047,02110000003047,1,22,USD,active,38787.39,38787.39,2013-12-03T01:05:32+00:00,,2026-09-22T18:24:49+00:00,7,2026-09-22T18:24:49+00:00
3048,02110000003048,4,22,USD,active,7501.76,7501.76,2017-04-01T10:54:22+00:00,,2026-08-31T22:00:00+00:00,25,2026-08-31T22:00:00+00:00
3049,02100000003049,1,7,USD,active,15416.99,15416.99,2022-06-12T15:25:13+00:00,,2026-09-10T09:00:00+00:00,19,2026-09-10T09:00:00+00:00
3050,02100000003050,4,7,USD,active,82214.17,82214.17,2022-11-21T02:34:25+00:00,,2026-08-31T22:00:00+00:00,31,2026-08-31T22:00:00+00:00
3051,02110000003051,2,22,USD,active,7639.44,8139.44,2014-06-24T14:24:53+00:00,,2026-09-20T21:41:11+00:00,6,2026-09-20T21:41:11+00:00
3052,02110000003052,3,22,USD,active,836.47,836.47,2015-09-21T04:02:58+00:00,,2026-08-31T22:00:00+00:00,1,2026-08-31T22:00:00+00:00
3053,02110000003053,9,22,USD,closed,0,2500.00,2022-05-12T04:10:25+00:00,2026-01-29T09:16:59+00:00,,0,2026-01-29T09:16:59+00:00
3054,02100000003054,1,10,USD,active,2852.43,2852.43,2009-10-09T18:29:42+00:00,,2026-09-12T09:00:00+00:00,37,2026-09-12T09:00:00+00:00
3055,02100000003055,5,10,USD,active,9082.21,9082.21,2021-12-19T15:05:00+00:00,,2026-08-31T22:00:00+00:00,31,2026-08-31T22:00:00+00:00
3056,02100000003056,9,10,USD,active,994.05,5.95,2013-07-30T10:17:05+00:00,,2026-09-07T16:10:49+00:00,2,2026-09-07T16:10:49+00:00
3057,02110000003057,1,21,USD,active,14219.17,14219.17,2008-09-28T19:19:37+00:00,,2026-09-20T09:00:00+00:00,13,2026-09-20T09:00:00+00:00
3058,02110000003058,3,21,USD,active,9793.32,9793.32,2024-01-14T01:01:03+00:00,,2026-08-31T22:00:00+00:00,23,2026-08-31T22:00:00+00:00
3059,02110000003059,9,21,USD,active,1765.91,13234.09,2012-01-08T12:03:59+00:00,,2026-09-20T17:27:11+00:00,39,2026-09-20T17:27:11+00:00
3060,02110000003060,2,15,USD,active,27320.71,27820.71,2012-07-22T06:19:00+00:00,,2026-09-21T09:00:00+00:00,6,2026-09-21T09:00:00+00:00
3061,02110000003061,9,15,USD,active,1647.71,23352.29,2017-02-05T10:57:43+00:00,,2026-09-19T20:53:07+00:00,17,2026-09-19T20:53:07+00:00
3062,02100000003062,1,5,USD,active,1035.84,1035.84,2014-04-19T02:59:57+00:00,,2026-09-19T15:41:41+00:00,2,2026-09-19T15:41:41+00:00
3063,02100000003063,9,5,USD,active,0.00,10000.00,2019-09-20T05:50:27+00:00,,2026-08-25T18:00:00+00:00,36,2026-08-25T18:00:00+00:00
3064,02100000003064,1,1,USD,active,53465.96,53465.96,2021-06-02T15:17:41+00:00,,2026-09-10T09:00:00+00:00,11,2026-09-10T09:00:00+00:00
3065,02110000003065,1,18,USD,active,33.83,33.83,2026-01-02T20:38:56+00:00,,2026-07-30T23:49:47+00:00,31,2026-07-30T23:49:47+00:00
3066,02110000003066,3,18,USD,active,4870.33,4870.33,2026-06-22T10:36:07+00:00,,2026-08-31T22:00:00+00:00,37,2026-08-31T22:00:00+00:00
3067,02110000003067,1,20,USD,active,3934.70,3934.70,2013-01-19T19:05:27+00:00,,2026-09-22T18:30:21+00:00,18,2026-09-22T18:30:21+00:00
3068,02110000003068,3,20,USD,active,940.70,940.70,2022-03-09T17:45:48+00:00,,2026-08-31T22:00:00+00:00,34,2026-08-31T22:00:00+00:00
3069,02100000003069,1,6,USD,active,48091.46,48091.46,2012-03-18T03:48:09+00:00,,2026-09-13T09:00:00+00:00,2,2026-09-13T09:00:00+00:00
3070,02100000003070,1,3,USD,active,12344.72,12344.72,2023-11-14T10:24:01+00:00,,2026-09-19T22:49:15+00:00,14,2026-09-19T22:49:15+00:00
3071,02110000003071,1,24,USD,active,34540.87,34540.87,2016-12-07T02:22:27+00:00,,2026-09-17T09:00:00+00:00,15,2026-09-17T09:00:00+00:00
3072,02110000003072,4,24,USD,active,38211.35,38211.35,2017-07-06T15:18:00+00:00,,2026-08-31T22:00:00+00:00,37,2026-08-31T22:00:00+00:00
3073,02110000003073,9,24,USD,active,4109.28,10890.72,2026-08-07T06:29:14+00:00,,2026-09-21T20:55:41+00:00,40,2026-09-21T20:55:41+00:00
3074,02100000003074,2,9,USD,active,26931.33,27431.33,2008-03-13T14:26:07+00:00,,2026-09-14T09:00:00+00:00,32,2026-09-14T09:00:00+00:00
3075,02100000003075,8,9,USD,active,3143.51,21856.49,2024-08-05T02:26:43+00:00,,2026-09-21T21:43:00+00:00,3,2026-09-21T21:43:00+00:00
3076,02100000003076,1,3,USD,active,646.89,646.89,2023-03-12T18:02:12+00:00,,2026-09-21T15:03:52+00:00,2,2026-09-21T15:03:52+00:00
3077,02100000003077,3,3,USD,active,634.52,634.52,2025-12-02T08:52:29+00:00,,2026-08-31T22:00:00+00:00,26,2026-08-31T22:00:00+00:00
3078,02100000003078,2,2,USD,active,21061.29,21561.29,2022-02-24T17:11:55+00:00,,2026-09-21T09:00:00+00:00,40,2026-09-21T09:00:00+00:00
3079,02100000003079,3,2,USD,dormant,17.45,17.45,2026-01-12T11:06:37+00:00,,2026-08-31T22:00:00+00:00,25,2026-08-31T22:00:00+00:00
3080,02110000003080,1,22,USD,active,85439.68,85439.68,2026-06-11T07:44:52+00:00,,2026-09-22T10:56:49+00:00,26,2026-09-22T10:56:49+00:00
3081,02110000003081,5,22,USD,active,2701.73,2701.73,2026-06-23T16:21:33+00:00,,2026-08-31T22:00:00+00:00,26,2026-08-31T22:00:00+00:00
3082,02110000003082,9,22,USD,active,1037.84,1462.16,2026-07-23T03:34:14+00:00,,2026-09-16T21:30:01+00:00,30,2026-09-16T21:30:01+00:00
3083,02110000003083,1,13,USD,active,11204.70,11204.70,2016-08-28T03:54:04+00:00,,2026-09-18T09:00:00+00:00,7,2026-09-18T09:00:00+00:00
3084,02110000003084,4,13,USD,active,34307.69,34307.69,2023-12-03T20:35:12+00:00,,2026-08-31T22:00:00+00:00,26,2026-08-31T22:00:00+00:00
3085,02110000003085,9,13,USD,active,5470.64,2029.36,2018-04-15T16:06:24+00:00,,2026-09-21T14:33:27+00:00,20,2026-09-21T14:33:27+00:00
3086,02110000003086,1,22,USD,active,39624.83,39624.83,2015-08-12T05:38:52+00:00,,2026-09-20T19:11:01+00:00,37,2026-09-20T19:11:01+00:00
3087,02110000003087,1,19,USD,active,7.96,7.96,2023-08-26T00:36:59+00:00,,2026-09-19T12:59:54+00:00,12,2026-09-19T12:59:54+00:00
3088,02100000003088,2,3,USD,active,10691.11,11191.11,2023-10-11T04:45:59+00:00,,2026-09-20T14:19:34+00:00,18,2026-09-20T14:19:34+00:00
3089,02110000003089,1,22,USD,active,2617.13,2617.13,2025-11-14T05:32:41+00:00,,2026-09-13T09:00:00+00:00,40,2026-09-13T09:00:00+00:00
3090,02110000003090,9,22,USD,active,2492.55,7.45,2026-06-09T08:04:47+00:00,,2026-09-11T16:05:38+00:00,35,2026-09-11T16:05:38+00:00
3091,02110000003091,1,23,USD,active,24850.06,24850.06,2022-10-10T05:39:08+00:00,,2026-09-15T09:00:00+00:00,21,2026-09-15T09:00:00+00:00
3092,02110000003092,4,23,USD,active,41496.39,41496.39,2025-03-01T03:10:12+00:00,,2026-08-31T22:00:00+00:00,20,2026-08-31T22:00:00+00:00
3093,02110000003093,8,23,USD,active,744.43,9255.57,2024-10-13T20:17:20+00:00,,2026-09-21T12:41:17+00:00,5,2026-09-21T12:41:17+00:00
3094,02110000003094,1,16,USD,active,10207.99,10207.99,2021-07-18T16:05:59+00:00,,2026-09-19T09:00:00+00:00,36,2026-09-19T09:00:00+00:00
3095,02110000003095,3,16,USD,active,7038.32,7038.32,2024-04-29T09:46:00+00:00,,2026-08-31T22:00:00+00:00,5,2026-08-31T22:00:00+00:00
3096,02110000003096,1,20,USD,active,8435.09,8435.09,2012-05-11T06:44:19+00:00,,2026-09-22T16:38:33+00:00,14,2026-09-22T16:38:33+00:00
3097,02100000003097,2,4,USD,active,16062.55,16562.55,2010-10-03T17:24:03+00:00,,2026-09-22T20:43:30+00:00,24,2026-09-22T20:43:30+00:00
3098,02100000003098,2,11,USD,active,19369.14,19869.14,2016-11-12T16:50:09+00:00,,2026-09-21T22:54:40+00:00,4,2026-09-21T22:54:40+00:00
3099,02100000003099,4,11,USD,active,3539.24,3539.24,2022-04-15T03:05:54+00:00,,2026-08-31T22:00:00+00:00,22,2026-08-31T22:00:00+00:00
3100,02100000003100,1,9,USD,active,32771.15,32771.15,2022-05-17T11:41:42+00:00,,2026-09-20T19:19:32+00:00,32,2026-09-20T19:19:32+00:00
3101,02100000003101,2,5,USD,active,15780.99,16280.99,2012-04-11T05:36:12+00:00,,2026-09-13T23:54:55+00:00,35,2026-09-13T23:54:55+00:00
3102,02100000003102,3,5,USD,active,6800.60,6800.60,2014-12-07T12:00:14+00:00,,2026-08-31T22:00:00+00:00,8,2026-08-31T22:00:00+00:00
3103,02110000003103,2,15,USD,active,11257.08,11757.08,2013-02-17T15:11:49+00:00,,2026-09-16T01:32:24+00:00,20,2026-09-16T01:32:24+00:00
3104,02110000003104,4,15,USD,active,48178.61,48178.61,2016-10-07T14:40:06+00:00,,2026-08-31T22:00:00+00:00,6,2026-08-31T22:00:00+00:00
3105,02110000003105,8,15,USD,active,1375.79,23624.21,2021-11-21T07:14:19+00:00,,2026-09-19T22:41:11+00:00,32,2026-09-19T22:41:11+00:00
3106,02110000003106,1,13,USD,active,12131.12,12131.12,2008-08-22T12:12:57+00:00,,2026-09-17T13:09:12+00:00,6,2026-09-17T13:09:12+00:00
3107,02110000003107,3,13,USD,active,4291.81,4291.81,2015-04-23T07:41:15+00:00,,2026-08-31T22:00:00+00:00,22,2026-08-31T22:00:00+00:00
3108,02110000003108,1,19,USD,active,2387.32,2387.32,2026-02-05T18:34:06+00:00,,2026-09-20T23:09:18+00:00,21,2026-09-20T23:09:18+00:00
3109,02110000003109,1,20,USD,active,32992.28,32992.28,2023-11-27T09:17:59+00:00,,2026-09-22T16:18:25+00:00,34,2026-09-22T16:18:25+00:00
3110,02110000003110,4,20,USD,active,15408.62,15408.62,2024-03-29T08:12:49+00:00,,2026-08-31T22:00:00+00:00,30,2026-08-31T22:00:00+00:00
3111,02110000003111,1,22,USD,active,7647.28,7647.28,2011-12-20T15:29:58+00:00,,2026-09-19T20:49:59+00:00,18,2026-09-19T20:49:59+00:00
3112,02110000003112,4,22,USD,active,6435.60,6435.60,2012-09-30T07:51:50+00:00,,2026-08-31T22:00:00+00:00,39,2026-08-31T22:00:00+00:00
3113,02110000003113,5,22,USD,closed,0,0,2013-08-03T00:22:13+00:00,2023-10-28T20:05:48+00:00,,0,2023-10-28T20:05:48+00:00
3114,02100000003114,3,2,USD,active,455.09,455.09,2025-03-12T19:15:06+00:00,,2026-08-31T22:00:00+00:00,1,2026-08-31T22:00:00+00:00
3115,02100000003115,8,2,USD,active,1465.13,13534.87,2024-02-14T01:18:20+00:00,,2026-04-30T23:59:00+00:00,29,2026-04-30T23:59:00+00:00
3116,02100000003116,1,6,USD,active,28251.17,28251.17,2026-05-02T11:54:35+00:00,,2026-09-12T09:00:00+00:00,21,2026-09-12T09:00:00+00:00
3117,02100000003117,4,6,USD,active,5646.30,5646.30,2026-08-15T15:03:33+00:00,,2026-08-31T22:00:00+00:00,36,2026-08-31T22:00:00+00:00
3118,02100000003118,9,6,USD,active,0,1000.00,2026-08-26T05:17:39+00:00,,,0,2026-08-26T05:17:39+00:00
3119,02100000003119,1,10,USD,active,12552.81,12552.81,2021-11-30T13:44:03+00:00,,2026-09-09T09:00:00+00:00,27,2026-09-09T09:00:00+00:00
3120,02100000003120,8,10,USD,active,2721.53,7278.47,2022-11-14T01:23:08+00:00,,2026-09-22T13:50:21+00:00,6,2026-09-22T13:50:21+00:00
3121,02110000003121,1,21,USD,active,12210.55,12210.55,2009-04-01T03:05:32+00:00,,2026-09-17T14:25:54+00:00,38,2026-09-17T14:25:54+00:00
3122,02100000003122,1,5,USD,active,27647.12,27647.12,2014-08-31T20:58:53+00:00,,2026-09-22T16:50:03+00:00,35,2026-09-22T16:50:03+00:00
3123,02100000003123,4,5,USD,active,10711.26,10711.26,2021-04-27T20:35:20+00:00,,2026-08-31T22:00:00+00:00,34,2026-08-31T22:00:00+00:00
3124,02100000003124,8,5,USD,closed,0,5000.00,2021-03-20T17:41:55+00:00,2026-02-12T00:17:42+00:00,,0,2026-02-12T00:17:42+00:00
3125,02110000003125,1,20,USD,active,9926.80,9926.80,2021-06-22T23:22:13+00:00,,2026-09-22T09:00:00+00:00,3,2026-09-22T09:00:00+00:00
3126,02110000003126,3,20,USD,active,1433.62,1433.62,2025-08-26T03:01:45+00:00,,2026-08-31T22:00:00+00:00,39,2026-08-31T22:00:00+00:00
3127,02100000003127,1,10,USD,active,11376.75,11376.75,2017-05-03T13:42:52+00:00,,2026-09-18T21:31:49+00:00,32,2026-09-18T21:31:49+00:00
3128,02100000003128,4,10,USD,active,40018.08,40018.08,2025-10-25T10:08:37+00:00,,2026-08-31T22:00:00+00:00,30,2026-08-31T22:00:00+00:00
3129,02100000003129,1,6,USD,active,10571.24,10571.24,2008-02-08T17:38:29+00:00,,2026-09-21T17:33:34+00:00,7,2026-09-21T17:33:34+00:00
3130,02100000003130,8,6,USD,active,0.00,1000.00,2010-03-24T22:02:58+00:00,,2026-05-25T18:00:00+00:00,39,2026-05-25T18:00:00+00:00
3131,02100000003131,2,6,USD,active,24846.85,25346.85,2020-10-22T06:49:53+00:00,,2026-09-21T20:19:08+00:00,28,2026-09-21T20:19:08+00:00
3132,02100000003132,1,1,USD,frozen,301.58,301.58,2021-05-01T19:36:35+00:00,,2026-04-30T23:59:00+00:00,3,2026-04-30T23:59:00+00:00
3133,02110000003133,1,25,USD,active,1566.50,1566.50,2021-06-24T14:11:21+00:00,,2026-09-18T19:31:34+00:00,22,2026-09-18T19:31:34+00:00
3134,02110000003134,1,15,USD,closed,0,0,2015-11-09T21:11:59+00:00,2022-10-19T00:57:47+00:00,,0,2022-10-19T00:57:47+00:00
3135,02110000003135,3,15,USD,active,2262.02,2262.02,2019-09-02T23:38:38+00:00,,2026-08-31T22:00:00+00:00,23,2026-08-31T22:00:00+00:00
3136,02110000003136,1,19,USD,closed,0,0,2024-11-12T09:29:34+00:00,2026-04-27T16:27:01+00:00,,0,2026-04-27T16:27:01+00:00
3137,02100000003137,2,9,USD,active,26278.15,26778.15,2022-11-28T07:02:17+00:00,,2026-09-17T15:09:41+00:00,15,2026-09-17T15:09:41+00:00
3138,02100000003138,8,9,USD,active,0,15000.00,2026-04-03T17:58:31+00:00,,,0,2026-04-03T17:58:31+00:00
3139,02110000003139,1,23,USD,active,5930.19,5930.19,2020-12-17T08:52:13+00:00,,2026-08-17T18:38:04+00:00,23,2026-08-17T18:38:04+00:00
3140,02100000003140,2,8,USD,active,27167.94,27667.94,2013-01-30T07:33:48+00:00,,2026-09-20T09:00:00+00:00,24,2026-09-20T09:00:00+00:00
3141,02100000003141,3,8,USD,active,2260.09,2260.09,2016-05-03T14:45:52+00:00,,2026-08-31T22:00:00+00:00,26,2026-08-31T22:00:00+00:00
3142,02100000003142,8,8,USD,active,763.48,236.52,2019-10-12T09:49:41+00:00,,2026-09-19T12:21:11+00:00,27,2026-09-19T12:21:11+00:00
3143,02100000003143,2,10,USD,active,6750.48,7250.48,2020-01-23T22:05:33+00:00,,2026-09-21T09:00:00+00:00,27,2026-09-21T09:00:00+00:00
3144,02110000003144,2,21,USD,active,9582.41,10082.41,2018-07-01T03:18:34+00:00,,2026-09-15T08:26:03+00:00,10,2026-09-15T08:26:03+00:00
3145,02110000003145,4,21,USD,active,3107.99,3107.99,2023-10-04T05:39:34+00:00,,2026-08-31T22:00:00+00:00,4,2026-08-31T22:00:00+00:00
3146,02110000003146,8,21,USD,active,5748.39,9251.61,2025-02-16T09:25:29+00:00,,2026-09-17T17:43:49+00:00,23,2026-09-17T17:43:49+00:00
3147,02110000003147,2,19,USD,active,28605.52,29105.52,2019-04-28T16:59:22+00:00,,2026-09-21T13:59:06+00:00,30,2026-09-21T13:59:06+00:00
3148,02110000003148,3,19,USD,active,6163.32,6163.32,2024-09-16T17:46:40+00:00,,2026-08-31T22:00:00+00:00,18,2026-08-31T22:00:00+00:00
3149,02110000003149,1,24,USD,active,11991.83,11991.83,2018-10-14T00:33:23+00:00,,2026-09-19T15:36:21+00:00,30,2026-09-19T15:36:21+00:00
3150,02110000003150,3,24,USD,dormant,256.20,256.20,2021-12-11T16:26:05+00:00,,2026-08-31T22:00:00+00:00,15,2026-08-31T22:00:00+00:00
3151,02110000003151,5,24,USD,active,44499.13,44499.13,2021-11-21T07:35:51+00:00,,2026-08-31T22:00:00+00:00,34,2026-08-31T22:00:00+00:00
3152,02110000003152,8,24,USD,frozen,0,10000.00,2026-09-03T04:23:27+00:00,,,0,2026-09-03T04:23:27+00:00
3153,02100000003153,1,11,USD,active,27757.66,27757.66,2021-08-10T02:11:38+00:00,,2026-09-22T09:00:00+00:00,18,2026-09-22T09:00:00+00:00
3154,02100000003154,4,11,USD,active,5154.40,5154.40,2022-10-24T18:19:08+00:00,,2026-08-31T22:00:00+00:00,33,2026-08-31T22:00:00+00:00
3155,02100000003155,1,6,USD,active,2429.04,2429.04,2024-05-17T10:16:51+00:00,,2026-09-05T19:32:12+00:00,28,2026-09-05T19:32:12+00:00
3156,02100000003156,1,11,USD,active,32677.41,32677.41,2021-09-30T11:14:50+00:00,,2026-09-22T16:28:17+00:00,24,2026-09-22T16:28:17+00:00
3157,02100000003157,1,1,USD,active,9890.22,9890.22,2012-06-03T08:37:34+00:00,,2026-09-20T16:28:48+00:00,23,2026-09-20T16:28:48+00:00
3158,02100000003158,4,1,USD,active,25554.50,25554.50,2025-02-15T18:10:56+00:00,,2026-08-31T22:00:00+00:00,8,2026-08-31T22:00:00+00:00
3159,02100000003159,1,8,USD,closed,0,0,2009-10-08T16:52:01+00:00,2021-08-24T07:26:22+00:00,,0,2021-08-24T07:26:22+00:00
3160,02100000003160,9,8,USD,active,2108.84,391.16,2015-05-14T14:56:50+00:00,,2026-08-31T22:00:00+00:00,25,2026-08-31T22:00:00+00:00
3161,02100000003161,2,2,USD,closed,0,0,2008-06-09T16:34:21+00:00,2022-05-19T08:40:21+00:00,,0,2022-05-19T08:40:21+00:00
3162,02100000003162,1,9,USD,active,35755.41,35755.41,2020-04-27T06:56:11+00:00,,2026-09-20T09:00:00+00:00,17,2026-09-20T09:00:00+00:00
3163,02100000003163,4,9,USD,active,15927.17,15927.17,2022-08-03T22:48:13+00:00,,2026-08-31T22:00:00+00:00,17,2026-08-31T22:00:00+00:00
3164,02110000003164,1,13,USD,active,61601.45,61601.45,2022-12-01T10:12:44+00:00,,2026-09-20T09:00:00+00:00,8,2026-09-20T09:00:00+00:00
3165,02110000003165,8,13,USD,active,0,7500.00,2023-06-20T13:18:32+00:00,,,0,2023-06-20T13:18:32+00:00
3166,02100000003166,2,12,USD,active,32498.27,32998.27,2020-08-01T22:23:56+00:00,,2026-09-13T09:00:00+00:00,17,2026-09-13T09:00:00+00:00
3167,02100000003167,3,12,USD,closed,0,0,2021-12-30T09:14:26+00:00,2022-05-04T11:51:26+00:00,,0,2022-05-04T11:51:26+00:00
3168,02100000003168,8,12,USD,active,0.00,2500.00,2020-11-22T12:43:55+00:00,,2026-05-25T18:00:00+00:00,24,2026-05-25T18:00:00+00:00
3169,02100000003169,1,12,USD,active,15052.64,15052.64,2016-10-28T08:08:14+00:00,,2026-09-20T20:18:01+00:00,22,2026-09-20T20:18:01+00:00
3170,02100000003170,3,12,USD,active,1249.66,1249.66,2021-09-03T07:44:29+00:00,,2026-08-31T22:00:00+00:00,25,2026-08-31T22:00:00+00:00
3171,02100000003171,8,12,USD,active,0.00,5000.00,2018-07-03T13:32:46+00:00,,2026-05-25T18:00:00+00:00,37,2026-05-25T18:00:00+00:00
3172,02100000003172,1,9,USD,dormant,374.01,374.01,2017-05-23T05:10:56+00:00,,2026-08-31T22:00:00+00:00,18,2026-08-31T22:00:00+00:00
3173,02110000003173,4,23,USD,active,48922.40,48922.40,2019-07-14T02:42:12+00:00,,2026-08-31T22:00:00+00:00,12,2026-08-31T22:00:00+00:00
3174,02110000003174,1,19,USD,active,3638.47,3638.47,2024-10-24T13:24:50+00:00,,2026-09-22T14:00:00+00:00,7,2026-09-22T14:00:00+00:00
3175,02110000003175,3,19,USD,closed,0,0,2025-04-06T08:20:48+00:00,2025-12-02T18:26:44+00:00,,0,2025-12-02T18:26:44+00:00
3176,02100000003176,1,8,USD,active,2248.86,2248.86,2012-08-30T18:07:36+00:00,,2026-09-21T14:12:49+00:00,36,2026-09-21T14:12:49+00:00
3177,02100000003177,4,8,USD,active,25531.68,25531.68,2019-06-28T08:34:01+00:00,,2026-08-31T22:00:00+00:00,39,2026-08-31T22:00:00+00:00
3178,02100000003178,8,8,USD,frozen,0,1000.00,2020-05-19T11:48:12+00:00,,,0,2020-05-19T11:48:12+00:00
3179,02110000003179,1,25,USD,active,2100.33,2100.33,2014-08-27T17:02:29+00:00,,2026-09-19T16:32:06+00:00,23,2026-09-19T16:32:06+00:00
3180,02110000003180,3,25,USD,active,6790.73,6790.73,2015-05-30T11:35:00+00:00,,2026-08-31T22:00:00+00:00,15,2026-08-31T22:00:00+00:00
3181,02110000003181,1,18,USD,active,2689.45,2689.45,2020-12-12T03:22:08+00:00,,2026-06-09T12:17:19+00:00,23,2026-06-09T12:17:19+00:00
3182,02110000003182,4,18,USD,active,8782.80,8782.80,2023-01-25T21:55:01+00:00,,2026-08-31T22:00:00+00:00,33,2026-08-31T22:00:00+00:00
3183,02110000003183,2,21,USD,active,10346.53,10846.53,2025-02-26T02:05:29+00:00,,2026-09-20T17:45:22+00:00,34,2026-09-20T17:45:22+00:00
3184,02110000003184,4,21,USD,active,3393.17,3393.17,2025-03-04T20:27:12+00:00,,2026-08-31T22:00:00+00:00,20,2026-08-31T22:00:00+00:00
3185,02110000003185,2,19,USD,closed,0,0,2025-08-27T20:38:53+00:00,2026-02-15T13:54:00+00:00,,0,2026-02-15T13:54:00+00:00
3186,02110000003186,1,14,USD,active,4660.85,4660.85,2020-11-22T22:00:23+00:00,,2026-09-18T18:53:00+00:00,30,2026-09-18T18:53:00+00:00
3187,02110000003187,3,14,USD,active,3447.13,3447.13,2026-01-25T23:41:00+00:00,,2026-08-31T22:00:00+00:00,9,2026-08-31T22:00:00+00:00
3188,02110000003188,2,13,USD,closed,0,0,2016-08-04T10:36:45+00:00,2025-01-26T03:10:41+00:00,,0,2025-01-26T03:10:41+00:00
3189,02110000003189,4,13,USD,active,17447.18,17447.18,2017-12-18T00:56:18+00:00,,2026-08-31T22:00:00+00:00,21,2026-08-31T22:00:00+00:00
3190,02110000003190,1,15,USD,active,46162.39,46162.39,2017-07-07T21:31:13+00:00,,2026-09-19T09:00:00+00:00,3,2026-09-19T09:00:00+00:00
3191,02110000003191,3,15,USD,active,2670.18,2670.18,2019-01-11T23:34:49+00:00,,2026-08-31T22:00:00+00:00,8,2026-08-31T22:00:00+00:00
3192,02100000003192,1,2,USD,active,21870.55,21870.55,2025-03-21T22:45:00+00:00,,2026-09-22T09:00:00+00:00,17,2026-09-22T09:00:00+00:00
3193,02100000003193,4,2,USD,active,15042.93,15042.93,2026-01-16T15:16:39+00:00,,2026-08-31T22:00:00+00:00,35,2026-08-31T22:00:00+00:00
3194,02100000003194,5,2,USD,active,42841.67,42841.67,2026-02-27T01:36:40+00:00,,2026-08-31T22:00:00+00:00,17,2026-08-31T22:00:00+00:00
3195,02110000003195,1,16,USD,active,65009.70,65009.70,2016-08-05T08:38:38+00:00,,2026-09-22T18:50:45+00:00,25,2026-09-22T18:50:45+00:00
3196,02110000003196,3,16,USD,active,1318.04,1318.04,2020-10-04T05:56:12+00:00,,2026-08-31T22:00:00+00:00,31,2026-08-31T22:00:00+00:00
3197,02100000003197,1,3,USD,dormant,325.99,325.99,2011-11-22T14:21:10+00:00,,2026-08-31T22:00:00+00:00,37,2026-08-31T22:00:00+00:00
3198,02110000003198,1,22,USD,active,12074.93,12074.93,2009-11-24T15:49:22+00:00,,2026-09-21T09:00:00+00:00,1,2026-09-21T09:00:00+00:00
3199,02100000003199,1,7,USD,active,9954.70,9954.70,2021-11-13T17:44:13+00:00,,2026-09-21T19:03:32+00:00,37,2026-09-21T19:03:32+00:00
3200,02100000003200,1,11,USD,active,1134.04,1134.04,2017-11-23T18:18:59+00:00,,2026-09-22T12:21:04+00:00,4,2026-09-22T12:21:04+00:00
3201,02100000003201,3,11,USD,active,2793.85,2793.85,2024-01-13T07:25:29+00:00,,2026-08-31T22:00:00+00:00,13,2026-08-31T22:00:00+00:00
3202,02110000003202,1,23,USD,closed,0,0,2023-10-13T18:03:24+00:00,2026-04-07T22:13:37+00:00,,0,2026-04-07T22:13:37+00:00
3203,02110000003203,3,23,USD,dormant,366.26,366.26,2025-02-03T14:54:23+00:00,,2026-08-31T22:00:00+00:00,3,2026-08-31T22:00:00+00:00
3204,02110000003204,2,16,USD,active,11098.13,11598.13,2017-08-06T23:46:19+00:00,,2026-09-17T23:15:30+00:00,10,2026-09-17T23:15:30+00:00
3205,02110000003205,4,16,USD,active,4970.93,4970.93,2022-09-24T16:21:36+00:00,,2026-08-31T22:00:00+00:00,37,2026-08-31T22:00:00+00:00
3206,02110000003206,9,16,USD,active,2353.71,7646.29,2025-10-30T02:25:10+00:00,,2026-09-22T12:35:58+00:00,31,2026-09-22T12:35:58+00:00
3207,02110000003207,1,16,USD,active,6554.27,6554.27,2013-03-13T23:26:16+00:00,,2026-09-16T17:13:05+00:00,6,2026-09-16T17:13:05+00:00
3208,02110000003208,9,16,USD,active,0,10000.00,2018-06-08T03:20:40+00:00,,,0,2018-06-08T03:20:40+00:00
3209,02110000003209,1,20,USD,active,16297.75,16297.75,2008-11-26T10:27:36+00:00,,2026-09-22T16:32:28+00:00,6,2026-09-22T16:32:28+00:00
3210,02110000003210,3,20,USD,active,4711.46,4711.46,2009-12-16T00:18:13+00:00,,2026-08-31T22:00:00+00:00,8,2026-08-31T22:00:00+00:00
3211,02110000003211,2,19,USD,active,2492.24,2992.24,2022-07-21T12:21:59+00:00,,2026-09-19T18:36:17+00:00,38,2026-09-19T18:36:17+00:00
3212,02110000003212,4,19,USD,active,3038.59,3038.59,2024-11-15T22:06:07+00:00,,2026-08-31T22:00:00+00:00,19,2026-08-31T22:00:00+00:00
3213,02110000003213,9,19,USD,active,2397.45,22602.55,2024-09-14T05:31:35+00:00,,2026-09-22T16:00:38+00:00,31,2026-09-22T16:00:38+00:00
3214,02100000003214,1,2,USD,active,9913.99,9913.99,2008-10-21T15:41:09+00:00,,2026-09-19T16:42:12+00:00,20,2026-09-19T16:42:12+00:00
3215,02100000003215,3,2,USD,active,1912.99,1912.99,2024-09-22T17:42:38+00:00,,2026-08-31T22:00:00+00:00,8,2026-08-31T22:00:00+00:00
3216,02100000003216,1,4,USD,active,25997.26,25997.26,2020-05-22T06:18:54+00:00,,2026-09-22T13:02:34+00:00,35,2026-09-22T13:02:34+00:00
3217,02100000003217,2,9,USD,active,23786.42,24286.42,2025-04-27T00:53:10+00:00,,2026-05-20T15:37:16+00:00,36,2026-05-20T15:37:16+00:00
3218,02100000003218,1,12,USD,active,2611.82,2611.82,2019-03-16T10:39:49+00:00,,2026-09-21T19:17:45+00:00,30,2026-09-21T19:17:45+00:00
3219,02100000003219,4,12,USD,active,4410.94,4410.94,2026-05-05T16:38:00+00:00,,2026-08-31T22:00:00+00:00,36,2026-08-31T22:00:00+00:00
3220,02100000003220,2,5,USD,active,36924.05,37424.05,2017-10-21T21:30:31+00:00,,2026-09-11T09:00:00+00:00,14,2026-09-11T09:00:00+00:00
3221,02100000003221,2,2,USD,active,17737.71,18237.71,2022-03-16T20:04:28+00:00,,2026-09-17T14:17:50+00:00,32,2026-09-17T14:17:50+00:00
3222,02100000003222,2,12,USD,active,24951.64,25451.64,2020-08-02T23:41:40+00:00,,2026-09-19T09:00:00+00:00,11,2026-09-19T09:00:00+00:00
3223,02110000003223,1,22,USD,active,16124.11,16124.11,2012-01-09T05:53:27+00:00,,2026-09-22T18:21:21+00:00,25,2026-09-22T18:21:21+00:00
3224,02110000003224,1,13,USD,active,1397.10,1397.10,2010-03-21T07:49:54+00:00,,2026-09-18T19:15:16+00:00,24,2026-09-18T19:15:16+00:00
3225,02100000003225,1,12,USD,active,28903.90,28903.90,2012-01-06T05:16:51+00:00,,2026-09-14T09:00:00+00:00,26,2026-09-14T09:00:00+00:00
3226,02100000003226,4,12,USD,active,46175.64,46175.64,2024-07-30T08:00:12+00:00,,2026-08-31T22:00:00+00:00,19,2026-08-31T22:00:00+00:00
3227,02100000003227,9,12,USD,active,325.23,9674.77,2017-01-14T12:01:01+00:00,,2026-09-19T12:37:13+00:00,6,2026-09-19T12:37:13+00:00
3228,02110000003228,1,15,USD,active,9575.29,9575.29,2019-07-17T15:46:27+00:00,,2026-09-21T22:37:44+00:00,6,2026-09-21T22:37:44+00:00
3229,02110000003229,3,15,USD,active,1376.88,1376.88,2025-01-12T12:25:59+00:00,,2026-08-31T22:00:00+00:00,28,2026-08-31T22:00:00+00:00
3230,02110000003230,9,15,USD,frozen,4561.17,10438.83,2019-10-19T01:21:19+00:00,,2026-04-30T23:59:00+00:00,33,2026-04-30T23:59:00+00:00
3231,02110000003231,1,24,USD,active,58797.31,58797.31,2019-03-30T06:09:50+00:00,,2026-09-21T09:00:00+00:00,9,2026-09-21T09:00:00+00:00
3232,02110000003232,4,24,USD,active,10761.60,10761.60,2024-08-09T12:01:17+00:00,,2026-08-31T22:00:00+00:00,38,2026-08-31T22:00:00+00:00
3233,02100000003233,1,11,USD,dormant,159.70,159.70,2019-01-19T08:02:03+00:00,,2026-08-31T22:00:00+00:00,21,2026-08-31T22:00:00+00:00
3234,02100000003234,3,11,USD,active,746.14,746.14,2019-02-18T14:39:21+00:00,,2026-08-31T22:00:00+00:00,24,2026-08-31T22:00:00+00:00
3235,02110000003235,1,19,USD,active,10264.52,10264.52,2011-08-31T10:25:07+00:00,,2026-09-14T17:04:04+00:00,24,2026-09-14T17:04:04+00:00
3236,02110000003236,8,19,USD,active,0,1000.00,2019-01-29T11:07:41+00:00,,,0,2019-01-29T11:07:41+00:00
3237,02110000003237,2,16,USD,active,14506.53,15006.53,2020-01-15T23:13:20+00:00,,2026-09-19T09:00:00+00:00,34,2026-09-19T09:00:00+00:00
3238,02110000003238,3,16,USD,active,5017.01,5017.01,2026-06-28T20:51:17+00:00,,2026-08-31T22:00:00+00:00,26,2026-08-31T22:00:00+00:00
3239,02110000003239,9,16,USD,active,990.55,14009.45,2021-01-20T05:18:04+00:00,,2026-09-16T14:59:02+00:00,6,2026-09-16T14:59:02+00:00
3240,02110000003240,1,13,USD,closed,0,0,2015-08-23T06:44:43+00:00,2015-12-24T08:42:54+00:00,,0,2015-12-24T08:42:54+00:00
3241,02110000003241,3,13,USD,active,2498.16,2498.16,2017-05-28T08:22:00+00:00,,2026-08-31T22:00:00+00:00,23,2026-08-31T22:00:00+00:00
3242,02100000003242,1,2,USD,active,3159.62,3159.62,2013-01-04T13:00:13+00:00,,2026-09-19T06:52:20+00:00,11,2026-09-19T06:52:20+00:00
3243,02100000003243,4,2,USD,active,39595.46,39595.46,2020-11-20T22:26:36+00:00,,2026-08-31T22:00:00+00:00,9,2026-08-31T22:00:00+00:00
3244,02100000003244,9,2,USD,active,0,25000.00,2014-04-04T10:09:35+00:00,,,0,2014-04-04T10:09:35+00:00
3245,02110000003245,2,24,USD,active,6415.92,6915.92,2022-07-14T10:27:16+00:00,,2026-09-21T19:45:56+00:00,34,2026-09-21T19:45:56+00:00
3246,02100000003246,1,3,USD,active,444.28,444.28,2013-01-06T20:42:37+00:00,,2026-09-21T13:38:56+00:00,27,2026-09-21T13:38:56+00:00
3247,02100000003247,1,7,USD,active,6886.31,6886.31,2017-12-21T02:11:17+00:00,,2026-09-03T09:00:00+00:00,26,2026-09-03T09:00:00+00:00
3248,02100000003248,4,7,USD,active,34867.37,34867.37,2020-10-20T13:47:27+00:00,,2026-08-31T22:00:00+00:00,20,2026-08-31T22:00:00+00:00
3249,02100000003249,2,1,USD,active,38143.37,38643.37,2026-04-15T01:15:55+00:00,,2026-09-19T17:43:30+00:00,22,2026-09-19T17:43:30+00:00
3250,02100000003250,2,8,USD,active,37811.34,38311.34,2022-01-10T21:15:26+00:00,,2026-09-19T16:02:10+00:00,10,2026-09-19T16:02:10+00:00
3251,02110000003251,1,18,USD,active,5810.82,5810.82,2022-06-19T12:01:13+00:00,,2026-09-17T07:02:46+00:00,39,2026-09-17T07:02:46+00:00
3252,02110000003252,4,18,USD,active,6987.02,6987.02,2023-04-11T23:56:06+00:00,,2026-08-31T22:00:00+00:00,4,2026-08-31T22:00:00+00:00
3253,02110000003253,9,18,USD,active,1472.31,13527.69,2023-07-02T11:06:13+00:00,,2026-09-18T21:59:16+00:00,9,2026-09-18T21:59:16+00:00
3254,02110000003254,1,22,USD,active,14792.34,14792.34,2023-01-13T19:23:30+00:00,,2026-09-21T18:09:01+00:00,1,2026-09-21T18:09:01+00:00
3255,02110000003255,3,22,USD,active,3782.04,3782.04,2025-12-08T20:49:16+00:00,,2026-08-31T22:00:00+00:00,9,2026-08-31T22:00:00+00:00
3256,02110000003256,9,22,USD,active,0.00,5000.00,2025-12-24T23:59:09+00:00,,2026-06-25T18:00:00+00:00,9,2026-06-25T18:00:00+00:00
3257,02110000003257,1,21,USD,closed,0,0,2012-12-12T08:53:39+00:00,2015-10-26T21:43:42+00:00,,0,2015-10-26T21:43:42+00:00
3258,02100000003258,1,8,USD,active,1064.44,1064.44,2023-05-31T16:44:09+00:00,,2026-09-20T14:20:59+00:00,2,2026-09-20T14:20:59+00:00
3259,02100000003259,3,8,USD,active,9320.94,9320.94,2024-11-10T20:58:52+00:00,,2026-08-31T22:00:00+00:00,27,2026-08-31T22:00:00+00:00
3260,02110000003260,2,15,USD,active,30075.00,30575.00,2012-06-01T16:59:21+00:00,,2026-09-21T18:49:43+00:00,28,2026-09-21T18:49:43+00:00
3261,02100000003261,1,10,USD,active,33325.03,33325.03,2015-12-14T21:19:49+00:00,,2026-09-22T09:00:00+00:00,7,2026-09-22T09:00:00+00:00
3262,02100000003262,3,10,USD,active,4997.38,4997.38,2021-12-15T14:59:54+00:00,,2026-08-31T22:00:00+00:00,2,2026-08-31T22:00:00+00:00
3263,02100000003263,8,10,USD,active,0,15000.00,2026-08-04T15:54:00+00:00,,,0,2026-08-04T15:54:00+00:00
3264,02100000003264,1,9,USD,active,43595.00,43595.00,2011-03-18T00:41:34+00:00,,2026-09-21T09:00:00+00:00,25,2026-09-21T09:00:00+00:00
3265,02100000003265,2,5,USD,active,4922.74,5422.74,2020-12-13T00:58:17+00:00,,2026-09-20T22:34:21+00:00,13,2026-09-20T22:34:21+00:00
3266,02100000003266,1,1,USD,active,7714.53,7714.53,2020-01-17T20:19:21+00:00,,2026-09-19T22:44:58+00:00,7,2026-09-19T22:44:58+00:00
3267,02100000003267,3,1,USD,active,3245.57,3245.57,2025-02-20T17:54:44+00:00,,2026-08-31T22:00:00+00:00,4,2026-08-31T22:00:00+00:00
3268,02110000003268,1,25,USD,closed,0,0,2025-04-12T02:01:50+00:00,2025-07-27T05:13:04+00:00,,0,2025-07-27T05:13:04+00:00
3269,02110000003269,4,25,USD,active,66883.21,66883.21,2025-04-13T11:34:28+00:00,,2026-08-31T22:00:00+00:00,12,2026-08-31T22:00:00+00:00
3270,02100000003270,2,6,USD,active,33486.82,33986.82,2014-02-08T22:24:12+00:00,,2026-09-19T09:00:00+00:00,12,2026-09-19T09:00:00+00:00
3271,02100000003271,3,6,USD,active,744.73,744.73,2015-07-13T06:41:20+00:00,,2026-08-31T22:00:00+00:00,40,2026-08-31T22:00:00+00:00
3272,02100000003272,9,6,USD,active,0.00,1000.00,2021-08-15T12:06:43+00:00,,2026-05-25T18:00:00+00:00,20,2026-05-25T18:00:00+00:00
3273,02100000003273,2,6,USD,active,11916.29,12416.29,2013-07-17T19:32:05+00:00,,2026-09-22T19:56:39+00:00,29,2026-09-22T19:56:39+00:00
3274,02100000003274,3,6,USD,active,7994.52,7994.52,2015-01-29T12:41:35+00:00,,2026-08-31T22:00:00+00:00,29,2026-08-31T22:00:00+00:00
3275,02110000003275,1,16,USD,active,2964.55,2964.55,2008-08-22T22:13:35+00:00,,2026-09-22T18:26:12+00:00,20,2026-09-22T18:26:12+00:00
3276,02100000003276,1,4,USD,active,2612.55,2612.55,2014-08-03T14:15:09+00:00,,2026-09-20T13:22:42+00:00,34,2026-09-20T13:22:42+00:00
3277,02100000003277,4,4,USD,active,6161.08,6161.08,2015-12-16T21:08:21+00:00,,2026-08-31T22:00:00+00:00,21,2026-08-31T22:00:00+00:00
3278,02110000003278,2,24,USD,active,23414.58,23914.58,2011-09-14T02:19:17+00:00,,2026-09-18T02:29:27+00:00,21,2026-09-18T02:29:27+00:00
3279,02110000003279,3,24,USD,active,3635.58,3635.58,2014-06-11T20:30:04+00:00,,2026-08-31T22:00:00+00:00,31,2026-08-31T22:00:00+00:00
3280,02110000003280,8,24,USD,active,275.93,2224.07,2018-08-01T01:29:17+00:00,,2026-09-19T19:02:12+00:00,38,2026-09-19T19:02:12+00:00
3281,02110000003281,1,14,USD,dormant,230.19,230.19,2021-03-03T16:47:58+00:00,,2026-08-31T22:00:00+00:00,3,2026-08-31T22:00:00+00:00
3282,02110000003282,9,14,USD,active,0,5000.00,2024-03-08T01:46:57+00:00,,,0,2024-03-08T01:46:57+00:00
3283,02110000003283,1,21,USD,active,4731.89,4731.89,2010-05-22T17:08:52+00:00,,2026-09-19T09:00:00+00:00,34,2026-09-19T09:00:00+00:00
3284,02110000003284,4,21,USD,active,51359.18,51359.18,2018-05-03T16:19:05+00:00,,2026-08-31T22:00:00+00:00,37,2026-08-31T22:00:00+00:00
3285,02100000003285,1,7,USD,active,46968.83,46968.83,2016-12-29T02:49:55+00:00,,2026-09-22T13:11:00+00:00,11,2026-09-22T13:11:00+00:00
3286,02100000003286,8,7,USD,active,0.00,7500.00,2026-04-02T04:29:10+00:00,,2026-06-25T18:00:00+00:00,19,2026-06-25T18:00:00+00:00
3287,02100000003287,1,5,USD,active,2114.92,2114.92,2023-11-13T12:53:35+00:00,,2026-09-19T14:51:37+00:00,13,2026-09-19T14:51:37+00:00
3288,02100000003288,4,5,USD,active,3251.90,3251.90,2026-09-13T07:53:16+00:00,,2026-09-13T07:58:16+00:00,16,2026-09-13T07:58:16+00:00
3289,02110000003289,2,25,USD,active,8100.20,8600.20,2011-03-07T04:52:24+00:00,,2026-09-22T19:19:05+00:00,13,2026-09-22T19:19:05+00:00
3290,02110000003290,9,25,USD,frozen,0,1000.00,2017-11-18T14:22:41+00:00,,,0,2017-11-18T14:22:41+00:00
3291,02110000003291,2,23,USD,active,24460.59,24960.59,2015-02-07T16:13:25+00:00,,2026-09-21T19:16:27+00:00,21,2026-09-21T19:16:27+00:00
3292,02110000003292,5,23,USD,active,5749.60,5749.60,2022-08-17T19:01:16+00:00,,2026-08-31T22:00:00+00:00,30,2026-08-31T22:00:00+00:00
3293,02110000003293,8,23,USD,active,0.00,7500.00,2025-04-05T21:11:00+00:00,,2026-05-25T18:00:00+00:00,39,2026-05-25T18:00:00+00:00
3294,02100000003294,2,2,USD,active,3383.48,3883.48,2011-07-07T18:30:22+00:00,,2026-09-18T16:32:49+00:00,39,2026-09-18T16:32:49+00:00
3295,02100000003295,4,2,USD,active,14493.36,14493.36,2021-09-13T16:44:57+00:00,,2026-08-31T22:00:00+00:00,18,2026-08-31T22:00:00+00:00
3296,02100000003296,5,2,USD,active,22896.73,22896.73,2019-10-01T12:00:59+00:00,,2026-08-31T22:00:00+00:00,4,2026-08-31T22:00:00+00:00
3297,02100000003297,2,7,USD,active,20642.09,21142.09,2012-11-29T00:54:31+00:00,,2026-09-22T14:44:13+00:00,33,2026-09-22T14:44:13+00:00
3298,02100000003298,3,7,USD,active,2077.36,2077.36,2025-12-22T02:55:22+00:00,,2026-08-31T22:00:00+00:00,30,2026-08-31T22:00:00+00:00
3299,02110000003299,2,16,USD,active,8990.29,9490.29,2016-10-18T19:42:44+00:00,,2026-09-19T23:27:38+00:00,12,2026-09-19T23:27:38+00:00
3300,02110000003300,3,16,USD,active,3448.80,3448.80,2021-07-14T22:46:59+00:00,,2026-08-31T22:00:00+00:00,26,2026-08-31T22:00:00+00:00
3301,02110000003301,2,16,USD,active,28215.78,28715.78,2018-07-21T19:08:26+00:00,,2026-09-22T12:59:26+00:00,26,2026-09-22T12:59:26+00:00
3302,02110000003302,4,16,USD,active,56693.12,56693.12,2018-12-23T00:03:55+00:00,,2026-08-31T22:00:00+00:00,3,2026-08-31T22:00:00+00:00
3303,02110000003303,1,24,USD,closed,0,0,2012-02-05T11:45:51+00:00,2020-11-14T07:27:49+00:00,,0,2020-11-14T07:27:49+00:00
3304,02110000003304,1,14,USD,active,21145.11,21145.11,2009-07-24T13:07:48+00:00,,2026-09-14T09:00:00+00:00,28,2026-09-14T09:00:00+00:00
3305,02110000003305,4,14,USD,active,8532.98,8532.98,2023-07-20T08:30:57+00:00,,2026-08-31T22:00:00+00:00,30,2026-08-31T22:00:00+00:00
3306,02110000003306,9,14,USD,active,1928.62,3071.38,2023-02-02T16:20:13+00:00,,2026-09-22T12:42:18+00:00,28,2026-09-22T12:42:18+00:00
3307,02100000003307,1,9,USD,active,4801.12,4801.12,2023-06-18T06:21:16+00:00,,2026-09-22T19:14:17+00:00,1,2026-09-22T19:14:17+00:00
3308,02110000003308,2,15,USD,active,15755.73,16255.73,2016-08-03T03:22:14+00:00,,2026-09-22T12:17:21+00:00,7,2026-09-22T12:17:21+00:00
3309,02110000003309,4,15,USD,active,8099.06,8099.06,2021-08-30T14:14:50+00:00,,2026-08-31T22:00:00+00:00,3,2026-08-31T22:00:00+00:00
3310,02100000003310,1,2,USD,active,34483.62,34483.62,2018-01-06T13:19:58+00:00,,2026-09-21T15:45:04+00:00,40,2026-09-21T15:45:04+00:00
3311,02100000003311,4,2,USD,closed,0,0,2020-12-09T09:24:37+00:00,2022-02-04T07:52:47+00:00,,0,2022-02-04T07:52:47+00:00
3312,02110000003312,1,16,USD,active,25999.50,25999.50,2014-11-07T16:58:36+00:00,,2026-09-22T09:00:00+00:00,8,2026-09-22T09:00:00+00:00
3313,02110000003313,1,23,USD,active,15298.44,15298.44,2014-07-22T14:19:21+00:00,,2026-09-19T13:31:11+00:00,29,2026-09-19T13:31:11+00:00
3314,02110000003314,3,23,USD,active,4668.24,4668.24,2018-07-01T10:26:01+00:00,,2026-08-31T22:00:00+00:00,20,2026-08-31T22:00:00+00:00
3315,02110000003315,2,16,USD,active,32619.98,33119.98,2014-10-16T20:56:31+00:00,,2026-09-22T17:56:10+00:00,27,2026-09-22T17:56:10+00:00
3316,02110000003316,3,16,USD,active,7265.62,7265.62,2019-07-18T14:44:51+00:00,,2026-08-31T22:00:00+00:00,38,2026-08-31T22:00:00+00:00
3317,02110000003317,9,16,USD,active,0.00,5000.00,2019-01-09T06:34:04+00:00,,2026-06-25T18:00:00+00:00,7,2026-06-25T18:00:00+00:00
3318,02100000003318,1,6,USD,active,9657.39,9657.39,2016-04-18T22:50:04+00:00,,2026-09-19T20:22:33+00:00,9,2026-09-19T20:22:33+00:00
3319,02100000003319,2,6,USD,active,11736.74,12236.74,2012-02-02T23:57:44+00:00,,2026-09-20T16:18:25+00:00,26,2026-09-20T16:18:25+00:00
3320,02110000003320,1,23,USD,active,46374.29,46374.29,2008-08-10T23:39:24+00:00,,2026-09-22T16:17:43+00:00,16,2026-09-22T16:17:43+00:00
3321,02110000003321,3,23,USD,active,1861.78,1861.78,2012-02-13T06:24:26+00:00,,2026-08-31T22:00:00+00:00,28,2026-08-31T22:00:00+00:00
3322,02110000003322,1,23,USD,active,4209.01,4209.01,2017-12-24T14:59:33+00:00,,2026-09-22T12:06:11+00:00,15,2026-09-22T12:06:11+00:00
3323,02100000003323,2,10,USD,closed,0,0,2020-08-08T15:35:01+00:00,2021-07-13T23:43:10+00:00,,0,2021-07-13T23:43:10+00:00
3324,02100000003324,3,10,USD,active,779.93,779.93,2021-03-21T13:13:14+00:00,,2026-08-31T22:00:00+00:00,37,2026-08-31T22:00:00+00:00
3325,02100000003325,1,6,USD,active,6815.27,6815.27,2011-01-23T04:23:32+00:00,,2026-09-20T23:26:30+00:00,7,2026-09-20T23:26:30+00:00
3326,02100000003326,4,6,USD,active,3260.37,3260.37,2016-02-18T13:58:37+00:00,,2026-08-31T22:00:00+00:00,24,2026-08-31T22:00:00+00:00
3327,02110000003327,5,19,USD,active,60741.43,60741.43,2023-10-02T23:09:26+00:00,,2026-08-31T22:00:00+00:00,36,2026-08-31T22:00:00+00:00
3328,02110000003328,8,19,USD,active,0,1000.00,2026-05-04T12:44:16+00:00,,,0,2026-05-04T12:44:16+00:00
3329,02110000003329,2,21,USD,closed,0,0,2009-11-08T21:08:20+00:00,2025-11-16T23:53:26+00:00,,0,2025-11-16T23:53:26+00:00
3330,02110000003330,2,16,USD,dormant,27.10,27.10,2021-10-30T20:10:03+00:00,,2026-08-31T22:00:00+00:00,14,2026-08-31T22:00:00+00:00
3331,02100000003331,2,2,USD,active,839.98,1339.98,2012-04-03T00:56:47+00:00,,2026-09-21T16:50:36+00:00,36,2026-09-21T16:50:36+00:00
3332,02100000003332,8,2,USD,active,0.00,5000.00,2019-07-26T22:11:55+00:00,,2026-05-25T18:00:00+00:00,3,2026-05-25T18:00:00+00:00
3333,02100000003333,1,5,USD,active,5375.85,5375.85,2015-10-20T00:08:20+00:00,,2026-09-06T11:00:00+00:00,29,2026-09-06T11:00:00+00:00
3334,02100000003334,9,5,USD,active,1532.20,23467.80,2025-07-19T07:06:59+00:00,,2026-09-10T20:56:29+00:00,21,2026-09-10T20:56:29+00:00
3335,02110000003335,1,18,USD,active,6368.56,6368.56,2009-06-03T19:01:54+00:00,,2026-09-20T22:17:35+00:00,9,2026-09-20T22:17:35+00:00
3336,02100000003336,1,1,USD,active,12127.99,12127.99,2020-08-01T01:55:54+00:00,,2026-09-18T07:05:53+00:00,30,2026-09-18T07:05:53+00:00
3337,02100000003337,8,1,USD,active,1325.95,23674.05,2023-09-17T07:49:57+00:00,,2026-09-15T23:51:12+00:00,27,2026-09-15T23:51:12+00:00
3338,02110000003338,2,20,USD,active,3527.25,4027.25,2017-01-02T22:25:53+00:00,,2026-09-14T17:07:29+00:00,11,2026-09-14T17:07:29+00:00
3339,02110000003339,4,20,USD,active,4304.81,4304.81,2024-11-28T06:34:14+00:00,,2026-08-31T22:00:00+00:00,38,2026-08-31T22:00:00+00:00
3340,02110000003340,5,20,USD,active,7345.09,7345.09,2017-09-29T06:31:43+00:00,,2026-08-31T22:00:00+00:00,29,2026-08-31T22:00:00+00:00
3341,02100000003341,1,12,USD,active,11820.66,11820.66,2024-11-10T11:16:51+00:00,,2026-09-22T19:18:01+00:00,35,2026-09-22T19:18:01+00:00
3342,02100000003342,3,12,USD,active,1159.39,1159.39,2025-03-25T05:18:22+00:00,,2026-08-31T22:00:00+00:00,35,2026-08-31T22:00:00+00:00
3343,02100000003343,1,2,USD,closed,0,0,2017-11-17T16:07:35+00:00,2020-12-17T23:21:20+00:00,,0,2020-12-17T23:21:20+00:00
3344,02100000003344,3,2,USD,active,1731.16,1731.16,2023-04-30T06:29:30+00:00,,2026-08-31T22:00:00+00:00,36,2026-08-31T22:00:00+00:00
3345,02100000003345,8,2,USD,active,6660.33,-4160.33,2019-01-04T14:36:41+00:00,,2026-04-30T23:59:00+00:00,25,2026-04-30T23:59:00+00:00
3346,02100000003346,2,1,USD,active,19315.01,19815.01,2010-02-05T17:49:36+00:00,,2026-09-14T09:00:00+00:00,28,2026-09-14T09:00:00+00:00
3347,02100000003347,8,1,USD,active,2492.52,7.48,2019-12-11T18:09:17+00:00,,2026-09-22T15:34:20+00:00,29,2026-09-22T15:34:20+00:00
3348,02110000003348,2,22,USD,active,22408.14,22908.14,2015-02-15T06:07:48+00:00,,2026-09-18T09:00:00+00:00,29,2026-09-18T09:00:00+00:00
3349,02110000003349,4,22,USD,active,10880.69,10880.69,2023-01-21T09:44:10+00:00,,2026-08-31T22:00:00+00:00,24,2026-08-31T22:00:00+00:00
3350,02110000003350,9,22,USD,active,284.36,2215.64,2015-12-10T17:46:42+00:00,,2026-09-08T18:22:09+00:00,13,2026-09-08T18:22:09+00:00
3351,02100000003351,1,4,USD,active,496.88,496.88,2015-06-07T00:49:32+00:00,,2026-09-18T16:54:50+00:00,24,2026-09-18T16:54:50+00:00
3352,02100000003352,3,4,USD,active,1274.94,1274.94,2017-12-19T03:49:15+00:00,,2026-08-31T22:00:00+00:00,32,2026-08-31T22:00:00+00:00
3353,02100000003353,2,6,USD,active,7277.91,7777.91,2017-05-26T18:01:13+00:00,,2026-09-21T15:59:45+00:00,29,2026-09-21T15:59:45+00:00
3354,02110000003354,2,21,USD,active,8564.99,9064.99,2014-09-10T01:33:21+00:00,,2026-09-20T23:57:46+00:00,37,2026-09-20T23:57:46+00:00
3355,02110000003355,1,15,USD,active,424.09,424.09,2013-05-25T12:21:13+00:00,,2026-07-23T12:57:06+00:00,17,2026-07-23T12:57:06+00:00
3356,02110000003356,3,15,USD,active,3735.11,3735.11,2017-11-06T14:41:26+00:00,,2026-08-31T22:00:00+00:00,39,2026-08-31T22:00:00+00:00
3357,02100000003357,1,2,USD,active,1611.00,1611.00,2015-04-12T14:26:37+00:00,,2026-09-13T20:43:47+00:00,28,2026-09-13T20:43:47+00:00
3358,02100000003358,3,2,USD,active,4551.77,4551.77,2023-06-04T04:30:32+00:00,,2026-08-31T22:00:00+00:00,38,2026-08-31T22:00:00+00:00
3359,02100000003359,1,4,USD,active,15777.23,15777.23,2018-03-02T07:56:20+00:00,,2026-09-14T09:00:00+00:00,14,2026-09-14T09:00:00+00:00
3360,02100000003360,3,4,USD,active,8956.50,8956.50,2020-07-31T08:46:10+00:00,,2026-08-31T22:00:00+00:00,17,2026-08-31T22:00:00+00:00
3361,02100000003361,8,4,USD,active,1459.92,13540.08,2022-11-30T22:33:59+00:00,,2026-09-22T12:45:26+00:00,27,2026-09-22T12:45:26+00:00
3362,02100000003362,1,2,USD,active,8346.83,8346.83,2014-09-29T10:41:32+00:00,,2026-09-22T18:14:46+00:00,23,2026-09-22T18:14:46+00:00
3363,02110000003363,1,15,USD,active,15543.58,15543.58,2013-01-12T04:00:15+00:00,,2026-09-16T13:13:57+00:00,34,2026-09-16T13:13:57+00:00
3364,02110000003364,3,15,USD,closed,0,0,2023-11-25T05:55:31+00:00,2024-04-13T02:03:53+00:00,,0,2024-04-13T02:03:53+00:00
3365,02110000003365,9,15,USD,active,1941.72,5558.28,2023-11-19T02:39:29+00:00,,2026-09-19T17:15:40+00:00,35,2026-09-19T17:15:40+00:00
3366,02100000003366,2,8,USD,active,890.78,1390.78,2018-01-24T06:39:38+00:00,,2026-09-22T12:29:41+00:00,23,2026-09-22T12:29:41+00:00
3367,02100000003367,1,11,USD,active,539.31,539.31,2024-09-20T08:19:37+00:00,,2026-08-26T14:46:07+00:00,38,2026-08-26T14:46:07+00:00
3368,02100000003368,4,11,USD,active,8069.59,8069.59,2025-05-24T02:00:13+00:00,,2026-08-31T22:00:00+00:00,7,2026-08-31T22:00:00+00:00
3369,02100000003369,1,12,USD,active,1735.23,1735.23,2008-01-29T09:50:09+00:00,,2026-09-22T20:12:20+00:00,2,2026-09-22T20:12:20+00:00
3370,02100000003370,3,12,USD,active,6693.74,6693.74,2017-02-11T10:55:23+00:00,,2026-08-31T22:00:00+00:00,5,2026-08-31T22:00:00+00:00
3371,02100000003371,8,12,USD,active,192.01,2307.99,2022-09-17T04:19:21+00:00,,2026-08-25T18:00:00+00:00,1,2026-08-25T18:00:00+00:00
3372,02110000003372,2,19,USD,active,30431.45,30931.45,2017-11-11T10:06:07+00:00,,2026-09-21T21:25:59+00:00,9,2026-09-21T21:25:59+00:00
3373,02110000003373,3,19,USD,active,6085.17,6085.17,2022-07-09T02:05:51+00:00,,2026-08-31T22:00:00+00:00,33,2026-08-31T22:00:00+00:00
3374,02100000003374,1,1,USD,dormant,348.56,348.56,2011-01-11T06:42:23+00:00,,2026-08-31T22:00:00+00:00,19,2026-08-31T22:00:00+00:00
3375,02110000003375,1,19,USD,active,1362.58,1362.58,2020-07-21T12:26:02+00:00,,2026-09-19T20:55:15+00:00,24,2026-09-19T20:55:15+00:00
3376,02110000003376,4,19,USD,active,8840.38,8840.38,2025-03-30T15:29:47+00:00,,2026-08-31T22:00:00+00:00,17,2026-08-31T22:00:00+00:00
3377,02100000003377,1,8,USD,active,13969.71,13969.71,2016-10-09T09:13:17+00:00,,2026-09-18T09:00:00+00:00,12,2026-09-18T09:00:00+00:00
3378,02100000003378,8,8,USD,active,7496.37,3.63,2025-09-21T04:56:36+00:00,,2026-08-31T22:00:00+00:00,10,2026-08-31T22:00:00+00:00
3379,02100000003379,1,7,USD,active,28880.89,28880.89,2009-09-13T22:25:11+00:00,,2026-09-20T17:35:31+00:00,39,2026-09-20T17:35:31+00:00
3380,02100000003380,1,12,USD,active,27481.30,27481.30,2008-08-05T16:28:01+00:00,,2026-09-22T15:01:16+00:00,7,2026-09-22T15:01:16+00:00
3381,02110000003381,1,20,USD,active,3200.50,3200.50,2024-06-26T07:06:16+00:00,,2026-09-21T13:44:43+00:00,16,2026-09-21T13:44:43+00:00
3382,02100000003382,1,4,USD,active,3398.74,3398.74,2009-05-20T00:05:23+00:00,,2026-09-17T15:21:37+00:00,18,2026-09-17T15:21:37+00:00
3383,02100000003383,3,4,USD,active,1111.86,1111.86,2014-11-29T23:28:55+00:00,,2026-08-31T22:00:00+00:00,14,2026-08-31T22:00:00+00:00
3384,02100000003384,2,11,USD,active,34139.58,34639.58,2012-09-10T01:40:14+00:00,,2026-09-19T09:00:00+00:00,31,2026-09-19T09:00:00+00:00
3385,02100000003385,3,11,USD,active,1859.85,1859.85,2012-11-11T09:05:01+00:00,,2026-08-31T22:00:00+00:00,27,2026-08-31T22:00:00+00:00
3386,02100000003386,5,11,USD,active,13641.24,13641.24,2017-03-17T05:16:16+00:00,,2026-08-31T22:00:00+00:00,6,2026-08-31T22:00:00+00:00
3387,02100000003387,9,11,USD,active,3743.24,1256.76,2015-03-04T19:31:52+00:00,,2026-09-20T22:55:23+00:00,6,2026-09-20T22:55:23+00:00
3388,02110000003388,2,22,USD,active,40513.26,41013.26,2012-11-02T13:59:46+00:00,,2026-09-21T23:05:25+00:00,5,2026-09-21T23:05:25+00:00
3389,02110000003389,4,22,USD,active,14866.54,14866.54,2019-12-06T03:44:48+00:00,,2026-08-31T22:00:00+00:00,33,2026-08-31T22:00:00+00:00
3390,02110000003390,8,22,USD,frozen,0,7500.00,2025-01-04T11:21:51+00:00,,,0,2025-01-04T11:21:51+00:00
3391,02100000003391,1,9,USD,active,9304.66,9304.66,2023-01-24T10:23:12+00:00,,2026-09-07T18:00:00+00:00,14,2026-09-07T18:00:00+00:00
3392,02100000003392,3,9,USD,active,750.23,750.23,2023-11-11T10:48:46+00:00,,2026-08-31T22:00:00+00:00,33,2026-08-31T22:00:00+00:00
3393,02100000003393,9,9,USD,active,6027.43,3972.57,2023-06-02T21:39:43+00:00,,2026-09-19T21:29:39+00:00,15,2026-09-19T21:29:39+00:00
3394,02100000003394,2,1,USD,closed,0,0,2025-01-25T14:27:34+00:00,2025-09-06T02:57:58+00:00,,0,2025-09-06T02:57:58+00:00
3395,02100000003395,1,3,USD,active,24226.25,24226.25,2015-02-24T13:52:34+00:00,,2026-09-22T12:29:24+00:00,7,2026-09-22T12:29:24+00:00
3396,02110000003396,1,21,USD,active,4990.10,4990.10,2011-01-22T10:32:24+00:00,,2026-09-22T16:08:39+00:00,20,2026-09-22T16:08:39+00:00
3397,02110000003397,3,21,USD,active,1090.99,1090.99,2024-07-24T00:54:51+00:00,,2026-08-31T22:00:00+00:00,26,2026-08-31T22:00:00+00:00
3398,02110000003398,2,15,USD,active,3409.56,3909.56,2013-06-22T13:34:15+00:00,,2026-09-20T14:59:00+00:00,2,2026-09-20T14:59:00+00:00
3399,02100000003399,1,9,USD,active,407.92,407.92,2013-02-26T20:25:36+00:00,,2026-09-21T19:37:53+00:00,5,2026-09-21T19:37:53+00:00
3400,02100000003400,4,9,USD,active,5872.57,5872.57,2023-06-06T00:59:10+00:00,,2026-08-31T22:00:00+00:00,3,2026-08-31T22:00:00+00:00
3401,02110000003401,2,25,USD,dormant,110.42,110.42,2021-01-22T08:23:47+00:00,,2026-08-31T22:00:00+00:00,27,2026-08-31T22:00:00+00:00
3402,02110000003402,4,25,USD,active,9265.20,9265.20,2023-12-04T20:25:18+00:00,,2026-08-31T22:00:00+00:00,26,2026-08-31T22:00:00+00:00
3403,02110000003403,1,20,USD,dormant,158.07,158.07,2014-04-20T21:30:38+00:00,,2026-08-31T22:00:00+00:00,5,2026-08-31T22:00:00+00:00
3404,02110000003404,1,19,USD,active,19870.64,19870.64,2019-03-21T12:04:34+00:00,,2026-09-18T12:34:30+00:00,5,2026-09-18T12:34:30+00:00
3405,02110000003405,1,14,USD,active,9233.46,9233.46,2019-06-22T10:36:25+00:00,,2026-09-22T16:14:38+00:00,24,2026-09-22T16:14:38+00:00
3406,02100000003406,1,10,USD,active,11070.09,11070.09,2009-08-12T11:33:02+00:00,,2026-09-21T16:43:57+00:00,6,2026-09-21T16:43:57+00:00
3407,02110000003407,1,21,USD,active,27260.35,27260.35,2009-02-16T04:38:36+00:00,,2026-09-22T18:04:17+00:00,19,2026-09-22T18:04:17+00:00
3408,02110000003408,4,21,USD,active,51688.68,51688.68,2024-06-12T12:44:36+00:00,,2026-08-31T22:00:00+00:00,1,2026-08-31T22:00:00+00:00
3409,02110000003409,1,23,USD,active,9321.51,9321.51,2021-05-24T22:07:42+00:00,,2026-09-13T09:00:00+00:00,7,2026-09-13T09:00:00+00:00
3410,02110000003410,4,23,USD,active,20047.00,20047.00,2024-09-02T01:00:11+00:00,,2026-08-31T22:00:00+00:00,29,2026-08-31T22:00:00+00:00
3411,02110000003411,8,23,USD,active,1270.89,1229.11,2024-01-24T19:37:50+00:00,,2026-09-15T18:08:51+00:00,6,2026-09-15T18:08:51+00:00
3412,02110000003412,2,25,USD,active,13476.33,13976.33,2011-02-28T12:07:06+00:00,,2026-09-22T18:39:03+00:00,23,2026-09-22T18:39:03+00:00
3413,02110000003413,3,25,USD,active,4786.33,4786.33,2024-05-22T09:47:32+00:00,,2026-08-31T22:00:00+00:00,26,2026-08-31T22:00:00+00:00
3414,02110000003414,5,25,USD,active,11497.63,11497.63,2012-06-18T12:47:39+00:00,,2026-08-31T22:00:00+00:00,23,2026-08-31T22:00:00+00:00
3415,02110000003415,2,14,USD,active,48465.86,48965.86,2018-06-05T20:31:43+00:00,,2026-09-22T01:19:29+00:00,10,2026-09-22T01:19:29+00:00
3416,02110000003416,3,14,USD,active,1256.72,1256.72,2020-09-29T14:25:36+00:00,,2026-08-31T22:00:00+00:00,31,2026-08-31T22:00:00+00:00
3417,02110000003417,5,14,USD,active,15950.81,15950.81,2023-09-05T02:39:23+00:00,,2026-08-31T22:00:00+00:00,26,2026-08-31T22:00:00+00:00
3418,02100000003418,2,2,USD,active,17548.61,18048.61,2012-12-27T12:25:14+00:00,,2026-09-18T23:00:25+00:00,8,2026-09-18T23:00:25+00:00
3419,02100000003419,3,2,USD,active,5118.55,5118.55,2023-07-27T03:03:38+00:00,,2026-08-31T22:00:00+00:00,12,2026-08-31T22:00:00+00:00
3420,02100000003420,8,2,USD,active,996.53,3.47,2013-06-08T15:04:32+00:00,,2026-09-18T15:49:51+00:00,28,2026-09-18T15:49:51+00:00
3421,02100000003421,1,3,USD,dormant,272.59,272.59,2023-07-08T13:12:10+00:00,,2026-08-31T22:00:00+00:00,3,2026-08-31T22:00:00+00:00
3422,02100000003422,3,3,USD,active,349.75,349.75,2026-02-05T12:13:47+00:00,,2026-08-31T22:00:00+00:00,23,2026-08-31T22:00:00+00:00
3423,02100000003423,1,12,USD,active,42533.65,42533.65,2008-05-27T08:28:02+00:00,,2026-09-20T16:12:33+00:00,17,2026-09-20T16:12:33+00:00
3424,02100000003424,2,12,USD,active,48626.66,49126.66,2017-08-30T01:28:47+00:00,,2026-09-22T20:39:35+00:00,24,2026-09-22T20:39:35+00:00
3425,02100000003425,4,12,USD,active,6047.06,6047.06,2020-08-19T13:00:19+00:00,,2026-08-31T22:00:00+00:00,30,2026-08-31T22:00:00+00:00
3426,02110000003426,1,22,USD,closed,0,0,2013-05-29T23:55:34+00:00,2019-03-04T07:22:37+00:00,,0,2019-03-04T07:22:37+00:00
3427,02110000003427,4,22,USD,active,67083.31,67083.31,2014-12-20T19:29:53+00:00,,2026-08-31T22:00:00+00:00,22,2026-08-31T22:00:00+00:00
3428,02110000003428,9,22,USD,active,205.60,794.40,2020-07-13T15:22:43+00:00,,2026-08-31T22:00:00+00:00,8,2026-08-31T22:00:00+00:00
3429,02100000003429,1,3,USD,active,3031.09,3031.09,2008-11-22T20:25:26+00:00,,2026-09-16T09:00:00+00:00,19,2026-09-16T09:00:00+00:00
3430,02100000003430,2,10,USD,active,42924.12,43424.12,2014-12-30T12:09:45+00:00,,2026-09-22T06:15:20+00:00,24,2026-09-22T06:15:20+00:00
3431,02110000003431,1,20,USD,active,9156.13,9156.13,2010-08-03T20:05:28+00:00,,2026-09-22T13:20:48+00:00,21,2026-09-22T13:20:48+00:00
3432,02110000003432,4,20,USD,active,3670.64,3670.64,2012-08-04T13:45:59+00:00,,2026-08-31T22:00:00+00:00,13,2026-08-31T22:00:00+00:00
3433,02100000003433,1,11,USD,active,29243.93,29243.93,2013-10-08T16:15:23+00:00,,2026-09-19T09:00:00+00:00,29,2026-09-19T09:00:00+00:00
3434,02110000003434,1,18,USD,active,7337.66,7337.66,2021-10-31T18:57:08+00:00,,2026-09-22T20:48:46+00:00,2,2026-09-22T20:48:46+00:00
3435,02110000003435,4,18,USD,closed,0,0,2023-09-30T22:49:48+00:00,2025-02-08T19:30:41+00:00,,0,2025-02-08T19:30:41+00:00
3436,02110000003436,5,18,USD,active,18344.60,18344.60,2022-05-12T18:29:32+00:00,,2026-08-31T22:00:00+00:00,29,2026-08-31T22:00:00+00:00
3437,02110000003437,1,14,USD,active,20864.12,20864.12,2011-03-25T18:33:33+00:00,,2026-09-22T05:42:30+00:00,9,2026-09-22T05:42:30+00:00
3438,02110000003438,4,14,USD,active,5597.11,5597.11,2018-08-07T22:36:30+00:00,,2026-08-31T22:00:00+00:00,17,2026-08-31T22:00:00+00:00
3439,02110000003439,1,19,USD,active,19542.06,19542.06,2010-12-24T16:05:19+00:00,,2026-09-18T09:00:00+00:00,34,2026-09-18T09:00:00+00:00
3440,02110000003440,9,19,USD,active,5664.60,9335.40,2018-07-31T06:36:57+00:00,,2026-09-20T22:01:49+00:00,29,2026-09-20T22:01:49+00:00
3441,02110000003441,1,24,USD,active,5373.34,5373.34,2019-08-01T20:22:09+00:00,,2026-09-22T19:40:36+00:00,24,2026-09-22T19:40:36+00:00
3442,02110000003442,3,24,USD,active,2465.05,2465.05,2025-07-03T18:30:23+00:00,,2026-08-31T22:00:00+00:00,4,2026-08-31T22:00:00+00:00
3443,02100000003443,1,5,USD,dormant,337.16,337.16,2025-12-13T23:31:37+00:00,,2026-08-31T22:00:00+00:00,18,2026-08-31T22:00:00+00:00
3444,02110000003444,2,15,USD,active,29833.95,30333.95,2024-07-22T13:48:25+00:00,,2026-09-21T22:54:04+00:00,14,2026-09-21T22:54:04+00:00
3445,02110000003445,3,15,USD,active,7219.43,7219.43,2025-09-07T18:37:35+00:00,,2026-08-31T22:00:00+00:00,3,2026-08-31T22:00:00+00:00
3446,02110000003446,2,24,USD,active,14060.34,14560.34,2020-05-06T00:46:27+00:00,,2026-09-17T16:50:17+00:00,5,2026-09-17T16:50:17+00:00
3447,02110000003447,3,24,USD,active,7407.79,7407.79,2023-08-07T20:38:09+00:00,,2026-08-31T22:00:00+00:00,32,2026-08-31T22:00:00+00:00
3448,02110000003448,1,13,USD,active,10415.91,10415.91,2022-11-11T19:19:57+00:00,,2026-09-11T09:00:00+00:00,39,2026-09-11T09:00:00+00:00
3449,02110000003449,8,13,USD,active,1592.42,907.58,2023-07-19T09:32:07+00:00,,2026-09-19T22:07:27+00:00,30,2026-09-19T22:07:27+00:00
3450,02100000003450,2,12,USD,active,21852.90,22352.90,2014-04-10T07:24:11+00:00,,2026-09-20T09:00:00+00:00,6,2026-09-20T09:00:00+00:00
3451,02100000003451,9,12,USD,active,759.30,4240.70,2015-06-01T12:39:39+00:00,,2026-09-20T18:41:58+00:00,11,2026-09-20T18:41:58+00:00
3452,02110000003452,1,19,USD,active,8340.02,8340.02,2009-07-02T00:53:41+00:00,,2026-08-09T15:45:06+00:00,5,2026-08-09T15:45:06+00:00
3453,02110000003453,3,19,USD,active,1798.35,1798.35,2015-11-15T12:26:32+00:00,,2026-08-31T22:00:00+00:00,40,2026-08-31T22:00:00+00:00
3454,02100000003454,1,3,USD,active,17869.98,17869.98,2020-11-22T05:28:56+00:00,,2026-09-10T16:23:09+00:00,35,2026-09-10T16:23:09+00:00
3455,02110000003455,1,24,USD,active,1687.34,1687.34,2009-07-05T22:03:03+00:00,,2026-09-17T15:50:17+00:00,5,2026-09-17T15:50:17+00:00
3456,02110000003456,4,24,USD,active,30979.25,30979.25,2016-12-24T15:04:02+00:00,,2026-08-31T22:00:00+00:00,20,2026-08-31T22:00:00+00:00
3457,02100000003457,2,5,USD,closed,0,0,2012-05-10T08:39:09+00:00,2012-08-31T19:00:07+00:00,,0,2012-08-31T19:00:07+00:00
3458,02100000003458,3,5,USD,dormant,70.90,70.90,2014-04-22T00:02:12+00:00,,2026-08-31T22:00:00+00:00,32,2026-08-31T22:00:00+00:00
3459,02100000003459,1,1,USD,active,1914.86,1914.86,2016-08-25T11:56:30+00:00,,2026-09-16T17:49:25+00:00,28,2026-09-16T17:49:25+00:00
3460,02110000003460,1,21,USD,active,16459.05,16459.05,2017-02-01T13:09:34+00:00,,2026-09-17T15:13:43+00:00,24,2026-09-17T15:13:43+00:00
3461,02110000003461,5,21,USD,active,13603.17,13603.17,2021-08-02T01:13:05+00:00,,2026-08-31T22:00:00+00:00,17,2026-08-31T22:00:00+00:00
3462,02110000003462,1,24,USD,active,60184.55,60184.55,2013-09-19T19:15:03+00:00,,2026-09-15T15:07:29+00:00,38,2026-09-15T15:07:29+00:00
3463,02110000003463,3,24,USD,active,5507.05,5507.05,2018-07-31T15:57:42+00:00,,2026-08-31T22:00:00+00:00,36,2026-08-31T22:00:00+00:00
3464,02100000003464,1,8,USD,active,1467.88,1467.88,2020-10-18T16:44:44+00:00,,2026-09-20T17:39:30+00:00,39,2026-09-20T17:39:30+00:00
3465,02100000003465,5,8,USD,active,10399.99,10399.99,2026-04-28T21:10:43+00:00,,2026-08-31T22:00:00+00:00,36,2026-08-31T22:00:00+00:00
3466,02100000003466,8,8,USD,active,0.00,1000.00,2024-09-30T02:27:38+00:00,,2026-05-25T18:00:00+00:00,20,2026-05-25T18:00:00+00:00
3467,02100000003467,2,3,USD,active,15739.61,16239.61,2025-01-09T02:23:38+00:00,,2026-09-18T09:00:00+00:00,35,2026-09-18T09:00:00+00:00
3468,02100000003468,3,3,USD,active,2105.22,2105.22,2025-11-23T17:13:39+00:00,,2026-08-31T22:00:00+00:00,28,2026-08-31T22:00:00+00:00
3469,02100000003469,9,3,USD,active,2323.23,12676.77,2025-08-27T13:33:36+00:00,,2026-09-20T21:51:57+00:00,10,2026-09-20T21:51:57+00:00
3470,02110000003470,1,22,USD,active,38035.64,38035.64,2015-02-19T00:41:26+00:00,,2026-09-22T09:00:00+00:00,5,2026-09-22T09:00:00+00:00
3471,02100000003471,2,1,USD,active,17081.05,17581.05,2020-05-18T07:08:10+00:00,,2026-09-15T17:39:54+00:00,31,2026-09-15T17:39:54+00:00
3472,02110000003472,1,15,USD,active,542.35,542.35,2025-08-29T19:44:34+00:00,,2026-09-21T23:55:56+00:00,18,2026-09-21T23:55:56+00:00
3473,02110000003473,1,13,USD,active,6804.28,6804.28,2010-05-01T16:15:16+00:00,,2026-09-15T22:00:00+00:00,5,2026-09-15T22:00:00+00:00
3474,02110000003474,3,13,USD,active,1054.01,1054.01,2025-11-05T11:26:44+00:00,,2026-08-31T22:00:00+00:00,14,2026-08-31T22:00:00+00:00
3475,02100000003475,2,1,USD,active,1845.93,2345.93,2017-04-26T20:29:51+00:00,,2026-09-21T23:22:27+00:00,39,2026-09-21T23:22:27+00:00
3476,02100000003476,3,1,USD,active,1440.24,1440.24,2025-01-21T22:51:58+00:00,,2026-08-31T22:00:00+00:00,5,2026-08-31T22:00:00+00:00
3477,02110000003477,2,18,USD,active,42109.23,42609.23,2015-09-03T07:29:54+00:00,,2026-09-22T16:40:46+00:00,25,2026-09-22T16:40:46+00:00
3478,02110000003478,4,18,USD,active,12085.82,12085.82,2026-01-13T18:24:29+00:00,,2026-08-31T22:00:00+00:00,21,2026-08-31T22:00:00+00:00
3479,02100000003479,2,10,USD,active,16589.06,17089.06,2018-06-01T01:20:22+00:00,,2026-09-20T09:00:00+00:00,11,2026-09-20T09:00:00+00:00
3480,02100000003480,3,10,USD,active,1326.11,1326.11,2025-01-01T10:48:46+00:00,,2026-08-31T22:00:00+00:00,20,2026-08-31T22:00:00+00:00
3481,02100000003481,8,10,USD,active,1990.44,5509.56,2018-11-07T06:57:29+00:00,,2026-09-13T20:29:18+00:00,9,2026-09-13T20:29:18+00:00
3482,02100000003482,2,2,USD,active,1717.88,2217.88,2008-04-21T09:44:03+00:00,,2026-09-22T18:17:04+00:00,16,2026-09-22T18:17:04+00:00
3483,02100000003483,3,2,USD,active,1652.23,1652.23,2013-04-14T19:08:19+00:00,,2026-08-31T22:00:00+00:00,24,2026-08-31T22:00:00+00:00
3484,02100000003484,1,4,USD,active,28007.06,28007.06,2015-02-10T03:06:15+00:00,,2026-09-18T13:45:58+00:00,14,2026-09-18T13:45:58+00:00
3485,02100000003485,1,8,USD,active,17551.24,17551.24,2020-05-25T17:34:42+00:00,,2026-09-17T09:00:00+00:00,6,2026-09-17T09:00:00+00:00
3486,02100000003486,1,10,USD,active,26618.49,26618.49,2011-09-11T12:56:18+00:00,,2026-09-20T23:45:34+00:00,28,2026-09-20T23:45:34+00:00
3487,02100000003487,2,10,USD,active,1333.70,1833.70,2020-03-21T19:36:32+00:00,,2026-09-22T20:30:05+00:00,10,2026-09-22T20:30:05+00:00
3488,02100000003488,8,10,USD,active,0,15000.00,2026-07-04T16:39:22+00:00,,,0,2026-07-04T16:39:22+00:00
3489,02100000003489,1,8,USD,active,26554.88,26554.88,2020-02-13T05:49:11+00:00,,2026-09-21T17:03:23+00:00,12,2026-09-21T17:03:23+00:00
3490,02100000003490,4,8,USD,active,27061.23,27061.23,2024-05-11T22:40:41+00:00,,2026-08-31T22:00:00+00:00,6,2026-08-31T22:00:00+00:00
3491,02100000003491,5,8,USD,active,49724.56,49724.56,2022-04-17T07:45:53+00:00,,2026-08-31T22:00:00+00:00,29,2026-08-31T22:00:00+00:00
3492,02110000003492,1,18,USD,active,3791.03,3791.03,2013-11-10T22:07:14+00:00,,2026-09-20T12:25:25+00:00,39,2026-09-20T12:25:25+00:00
3493,02110000003493,4,18,USD,active,11253.11,11253.11,2023-12-29T22:36:37+00:00,,2026-08-31T22:00:00+00:00,27,2026-08-31T22:00:00+00:00
3494,02110000003494,1,15,USD,active,22347.23,22347.23,2023-06-03T12:34:04+00:00,,2026-09-22T20:35:47+00:00,16,2026-09-22T20:35:47+00:00
3495,02110000003495,4,15,USD,active,14950.65,14950.65,2025-10-07T20:36:29+00:00,,2026-08-31T22:00:00+00:00,10,2026-08-31T22:00:00+00:00
3496,02110000003496,1,13,USD,active,1725.52,1725.52,2021-07-02T16:50:58+00:00,,2026-09-22T20:18:36+00:00,26,2026-09-22T20:18:36+00:00
3497,02110000003497,4,13,USD,active,6124.30,6124.30,2024-04-19T19:21:34+00:00,,2026-08-31T22:00:00+00:00,1,2026-08-31T22:00:00+00:00
3498,02110000003498,9,13,USD,active,0.00,1000.00,2022-12-07T15:18:08+00:00,,2026-07-25T18:00:00+00:00,34,2026-07-25T18:00:00+00:00
3499,02100000003499,2,1,USD,active,37371.35,37871.35,2012-01-22T20:49:34+00:00,,2026-09-18T09:00:00+00:00,39,2026-09-18T09:00:00+00:00
3500,02100000003500,4,1,USD,active,77447.07,77447.07,2012-10-05T06:26:55+00:00,,2026-08-31T22:00:00+00:00,27,2026-08-31T22:00:00+00:00
3501,02100000003501,8,1,USD,active,1054.38,13945.62,2020-07-29T17:38:18+00:00,,2026-09-18T12:34:38+00:00,19,2026-09-18T12:34:38+00:00
3502,02100000003502,2,10,USD,active,23190.50,23690.50,2011-08-22T01:53:54+00:00,,2026-09-22T15:22:09+00:00,16,2026-09-22T15:22:09+00:00
3503,02100000003503,4,10,USD,active,18078.23,18078.23,2020-08-06T00:15:18+00:00,,2026-08-31T22:00:00+00:00,36,2026-08-31T22:00:00+00:00
3504,02110000003504,2,19,USD,active,18773.10,19273.10,2022-02-03T10:50:51+00:00,,2026-09-19T13:00:59+00:00,35,2026-09-19T13:00:59+00:00
3505,02110000003505,3,19,USD,active,5081.24,5081.24,2022-05-16T06:06:35+00:00,,2026-08-31T22:00:00+00:00,20,2026-08-31T22:00:00+00:00
3506,02110000003506,1,21,USD,active,24621.98,24621.98,2008-04-23T00:37:25+00:00,,2026-09-21T21:24:29+00:00,12,2026-09-21T21:24:29+00:00
3507,02110000003507,3,21,USD,active,4831.24,4831.24,2024-09-02T11:41:28+00:00,,2026-08-31T22:00:00+00:00,6,2026-08-31T22:00:00+00:00
3508,02110000003508,9,21,USD,active,2543.51,22456.49,2016-01-07T22:30:47+00:00,,2026-09-22T18:02:23+00:00,22,2026-09-22T18:02:23+00:00
3509,02110000003509,1,23,USD,active,53146.10,53146.10,2010-12-26T12:16:12+00:00,,2026-09-21T09:00:00+00:00,29,2026-09-21T09:00:00+00:00
3510,02110000003510,1,19,USD,active,44424.29,44424.29,2025-04-20T03:37:03+00:00,,2026-09-13T18:29:21+00:00,26,2026-09-13T18:29:21+00:00
3511,02100000003511,2,2,USD,active,41419.50,41919.50,2018-03-30T14:06:21+00:00,,2026-09-19T15:51:38+00:00,39,2026-09-19T15:51:38+00:00
3512,02110000003512,1,15,USD,active,1716.99,1716.99,2011-11-17T09:07:22+00:00,,2026-09-21T09:00:00+00:00,10,2026-09-21T09:00:00+00:00
3513,02110000003513,3,15,USD,active,6511.47,6511.47,2017-10-06T02:42:07+00:00,,2026-08-31T22:00:00+00:00,26,2026-08-31T22:00:00+00:00
3514,02110000003514,1,14,USD,active,1970.79,1970.79,2025-02-11T14:40:43+00:00,,2026-09-22T12:52:26+00:00,21,2026-09-22T12:52:26+00:00
3515,02110000003515,3,14,USD,active,647.39,647.39,2025-04-21T02:37:48+00:00,,2026-08-31T22:00:00+00:00,34,2026-08-31T22:00:00+00:00
3516,02100000003516,1,11,USD,active,3564.01,3564.01,2017-11-09T13:57:17+00:00,,2026-09-18T08:50:59+00:00,15,2026-09-18T08:50:59+00:00
3517,02100000003517,9,11,USD,active,30.98,4969.02,2025-06-08T00:56:44+00:00,,2026-08-31T18:32:32+00:00,17,2026-08-31T18:32:32+00:00
3518,02100000003518,1,8,USD,active,15457.76,15457.76,2021-08-21T10:57:08+00:00,,2026-09-21T09:00:00+00:00,13,2026-09-21T09:00:00+00:00
3519,02100000003519,3,8,USD,active,2786.77,2786.77,2025-04-05T19:54:48+00:00,,2026-08-31T22:00:00+00:00,3,2026-08-31T22:00:00+00:00
3520,02100000003520,15,8,EUR,active,1186.81,1186.81,2024-10-23T08:16:32+00:00,,2026-08-31T22:00:00+00:00,1,2026-08-31T22:00:00+00:00
3521,02100000003521,1,3,USD,active,40233.11,40233.11,2011-10-01T09:25:03+00:00,,2026-09-22T16:03:59+00:00,19,2026-09-22T16:03:59+00:00
3522,02100000003522,1,7,USD,active,826.39,826.39,2014-12-26T02:05:45+00:00,,2026-09-22T13:16:29+00:00,4,2026-09-22T13:16:29+00:00
3523,02100000003523,3,7,USD,active,6965.01,6965.01,2016-04-23T17:35:47+00:00,,2026-08-31T22:00:00+00:00,14,2026-08-31T22:00:00+00:00
3524,02110000003524,1,22,USD,active,5383.60,5383.60,2021-05-23T02:29:51+00:00,,2026-09-07T09:00:00+00:00,27,2026-09-07T09:00:00+00:00
3525,02110000003525,3,22,USD,active,2358.38,2358.38,2022-10-08T16:28:50+00:00,,2026-08-31T22:00:00+00:00,32,2026-08-31T22:00:00+00:00
3526,02110000003526,8,22,USD,active,4087.56,3412.44,2022-07-29T07:29:09+00:00,,2026-09-22T16:12:00+00:00,20,2026-09-22T16:12:00+00:00
3527,02110000003527,1,24,USD,active,27647.65,27647.65,2022-04-29T12:33:09+00:00,,2026-09-19T20:26:01+00:00,38,2026-09-19T20:26:01+00:00
3528,02110000003528,1,24,USD,active,11581.47,11581.47,2016-09-14T01:58:40+00:00,,2026-09-19T12:18:08+00:00,33,2026-09-19T12:18:08+00:00
3529,02110000003529,3,24,USD,active,2038.63,2038.63,2021-03-11T20:26:08+00:00,,2026-08-31T22:00:00+00:00,27,2026-08-31T22:00:00+00:00
3530,02110000003530,5,24,USD,active,26051.62,26051.62,2019-07-21T20:20:07+00:00,,2026-08-31T22:00:00+00:00,13,2026-08-31T22:00:00+00:00
3531,02110000003531,15,24,EUR,active,7222.30,7222.30,2020-06-13T19:43:01+00:00,,2026-04-30T23:59:00+00:00,14,2026-04-30T23:59:00+00:00
3532,02110000003532,1,13,USD,active,50550.68,50550.68,2021-12-20T07:57:09+00:00,,2026-09-22T16:35:05+00:00,23,2026-09-22T16:35:05+00:00
3533,02100000003533,2,3,USD,active,35359.26,35859.26,2024-06-15T12:30:14+00:00,,2026-09-05T09:00:00+00:00,4,2026-09-05T09:00:00+00:00
3534,02100000003534,8,3,USD,active,4054.47,5945.53,2025-09-24T14:00:25+00:00,,2026-09-21T22:23:04+00:00,31,2026-09-21T22:23:04+00:00
3535,02110000003535,1,19,USD,active,53937.73,53937.73,2026-03-27T16:35:08+00:00,,2026-09-21T22:27:00+00:00,16,2026-09-21T22:27:00+00:00
3536,02110000003536,3,19,USD,active,2986.19,2986.19,2026-07-09T19:34:33+00:00,,2026-08-31T22:00:00+00:00,7,2026-08-31T22:00:00+00:00
3537,02110000003537,9,19,USD,active,7257.56,17742.44,2015-12-22T09:09:16+00:00,,2026-07-31T22:00:00+00:00,17,2026-07-31T22:00:00+00:00
3538,02100000003538,2,6,USD,active,59857.99,60357.99,2023-10-10T12:42:07+00:00,,2026-09-21T21:48:45+00:00,6,2026-09-21T21:48:45+00:00
3539,02100000003539,1,6,USD,active,33988.00,33988.00,2015-03-08T00:02:54+00:00,,2026-09-18T22:07:30+00:00,26,2026-09-18T22:07:30+00:00
3540,02100000003540,4,6,USD,active,31228.78,31228.78,2024-08-05T16:37:53+00:00,,2026-08-31T22:00:00+00:00,20,2026-08-31T22:00:00+00:00
3541,02100000003541,2,10,USD,active,18563.57,19063.57,2022-07-06T03:52:56+00:00,,2026-09-12T09:00:00+00:00,37,2026-09-12T09:00:00+00:00
3542,02100000003542,4,10,USD,active,22887.15,22887.15,2025-08-09T19:08:33+00:00,,2026-08-31T22:00:00+00:00,23,2026-08-31T22:00:00+00:00
3543,02100000003543,9,10,USD,active,758.60,241.40,2022-09-27T10:06:31+00:00,,2026-09-22T18:26:52+00:00,1,2026-09-22T18:26:52+00:00
3544,02100000003544,2,6,USD,active,2689.08,3189.08,2012-05-09T01:25:54+00:00,,2026-09-22T17:59:47+00:00,6,2026-09-22T17:59:47+00:00
3545,02100000003545,4,6,USD,active,19561.77,19561.77,2020-05-18T00:25:31+00:00,,2026-08-31T22:00:00+00:00,14,2026-08-31T22:00:00+00:00
3546,02110000003546,1,22,USD,active,24115.69,24115.69,2009-05-29T04:46:13+00:00,,2026-09-17T09:00:00+00:00,12,2026-09-17T09:00:00+00:00
3547,02110000003547,3,22,USD,active,4771.96,4771.96,2024-11-17T06:21:42+00:00,,2026-08-31T22:00:00+00:00,33,2026-08-31T22:00:00+00:00
3548,02110000003548,1,21,USD,active,58907.04,58907.04,2019-10-23T10:52:43+00:00,,2026-09-19T22:46:04+00:00,23,2026-09-19T22:46:04+00:00
3549,02110000003549,1,16,USD,active,2734.71,2734.71,2018-02-11T07:32:10+00:00,,2026-09-21T15:24:07+00:00,23,2026-09-21T15:24:07+00:00
3550,02110000003550,3,16,USD,active,7248.42,7248.42,2020-05-05T20:54:21+00:00,,2026-08-31T22:00:00+00:00,3,2026-08-31T22:00:00+00:00
3551,02100000003551,1,1,USD,dormant,89.26,89.26,2022-10-31T17:05:19+00:00,,2026-08-31T22:00:00+00:00,2,2026-08-31T22:00:00+00:00
3552,02100000003552,4,1,USD,active,23597.52,23597.52,2024-11-11T17:35:56+00:00,,2026-08-31T22:00:00+00:00,10,2026-08-31T22:00:00+00:00
3553,02110000003553,2,23,USD,active,46720.87,47220.87,2014-04-19T13:38:45+00:00,,2026-09-16T09:00:00+00:00,9,2026-09-16T09:00:00+00:00
3554,02100000003554,1,6,USD,active,7204.87,7204.87,2013-06-04T14:59:59+00:00,,2026-09-18T23:50:56+00:00,39,2026-09-18T23:50:56+00:00
3555,02100000003555,4,6,USD,active,66717.56,66717.56,2020-10-23T10:04:23+00:00,,2026-08-31T22:00:00+00:00,32,2026-08-31T22:00:00+00:00
3556,02100000003556,5,6,USD,active,15833.51,15833.51,2022-10-02T03:55:04+00:00,,2026-08-31T22:00:00+00:00,31,2026-08-31T22:00:00+00:00
3557,02100000003557,9,6,USD,closed,0,25000.00,2014-10-28T04:28:04+00:00,2022-04-30T00:10:20+00:00,,0,2022-04-30T00:10:20+00:00
3558,02110000003558,2,19,USD,active,1771.25,2271.25,2023-08-28T21:51:00+00:00,,2026-09-20T22:43:34+00:00,21,2026-09-20T22:43:34+00:00
3559,02110000003559,3,19,USD,active,5065.95,5065.95,2025-12-16T21:33:35+00:00,,2026-08-31T22:00:00+00:00,37,2026-08-31T22:00:00+00:00
3560,02110000003560,5,19,USD,active,32297.52,32297.52,2024-01-20T07:26:58+00:00,,2026-08-31T22:00:00+00:00,16,2026-08-31T22:00:00+00:00
3561,02110000003561,8,19,USD,frozen,0,7500.00,2026-06-08T08:46:29+00:00,,,0,2026-06-08T08:46:29+00:00
3562,02100000003562,1,2,USD,active,1494.54,1494.54,2024-06-12T16:55:59+00:00,,2026-09-17T20:45:09+00:00,7,2026-09-17T20:45:09+00:00
3563,02100000003563,9,2,USD,active,0.00,7500.00,2025-10-29T01:15:54+00:00,,2026-06-25T18:00:00+00:00,28,2026-06-25T18:00:00+00:00
3564,02100000003564,1,9,USD,dormant,211.87,211.87,2016-12-05T23:56:59+00:00,,2026-08-31T22:00:00+00:00,38,2026-08-31T22:00:00+00:00
3565,02100000003565,4,9,USD,active,44177.56,44177.56,2025-10-10T06:32:39+00:00,,2026-08-31T22:00:00+00:00,14,2026-08-31T22:00:00+00:00
3566,02100000003566,9,9,USD,active,778.29,221.71,2024-02-01T14:41:32+00:00,,2026-08-31T22:00:00+00:00,18,2026-08-31T22:00:00+00:00
3567,02110000003567,2,14,USD,active,173.23,673.23,2023-03-22T01:22:19+00:00,,2026-09-13T21:53:41+00:00,18,2026-09-13T21:53:41+00:00
3568,02110000003568,4,14,USD,dormant,152.47,152.47,2026-02-08T07:48:00+00:00,,2026-08-31T22:00:00+00:00,15,2026-08-31T22:00:00+00:00
3569,02110000003569,1,16,USD,active,15310.37,15310.37,2010-04-27T23:48:38+00:00,,2026-09-21T12:57:51+00:00,23,2026-09-21T12:57:51+00:00
3570,02110000003570,4,16,USD,active,10897.52,10897.52,2012-07-09T08:19:47+00:00,,2026-08-31T22:00:00+00:00,31,2026-08-31T22:00:00+00:00
3571,02110000003571,2,24,USD,active,42501.93,43001.93,2016-12-23T13:23:27+00:00,,2026-09-11T09:00:00+00:00,1,2026-09-11T09:00:00+00:00
3572,02110000003572,4,24,USD,active,8109.14,8109.14,2025-02-09T13:49:54+00:00,,2026-08-31T22:00:00+00:00,1,2026-08-31T22:00:00+00:00
3573,02110000003573,9,24,USD,active,3736.22,3763.78,2019-08-10T22:11:50+00:00,,2026-09-22T14:57:35+00:00,38,2026-09-22T14:57:35+00:00
3574,02110000003574,2,13,USD,active,3447.46,3947.46,2022-06-21T13:30:04+00:00,,2026-09-21T19:46:06+00:00,32,2026-09-21T19:46:06+00:00
3575,02110000003575,3,13,USD,active,2064.28,2064.28,2026-08-13T03:00:22+00:00,,2026-08-31T22:00:00+00:00,23,2026-08-31T22:00:00+00:00
3576,02110000003576,1,18,USD,active,4695.58,4695.58,2016-02-02T03:11:29+00:00,,2026-09-19T04:57:19+00:00,10,2026-09-19T04:57:19+00:00
3577,02110000003577,3,18,USD,active,8238.11,8238.11,2016-07-07T19:39:35+00:00,,2026-08-31T22:00:00+00:00,20,2026-08-31T22:00:00+00:00
3578,02110000003578,9,18,USD,active,374.82,24625.18,2017-11-04T00:34:44+00:00,,2026-09-22T14:46:32+00:00,24,2026-09-22T14:46:32+00:00
3579,02110000003579,1,24,USD,active,20155.44,20155.44,2008-05-03T07:29:58+00:00,,2026-09-21T16:30:11+00:00,3,2026-09-21T16:30:11+00:00
3580,02110000003580,4,24,USD,active,92004.92,92004.92,2020-08-20T04:53:18+00:00,,2026-08-31T22:00:00+00:00,17,2026-08-31T22:00:00+00:00
3581,02110000003581,1,15,USD,active,9493.28,9493.28,2015-06-03T14:12:15+00:00,,2026-09-20T17:49:47+00:00,38,2026-09-20T17:49:47+00:00
3582,02110000003582,4,15,USD,active,1203.38,1203.38,2026-07-23T02:24:13+00:00,,2026-08-31T22:00:00+00:00,33,2026-08-31T22:00:00+00:00
3583,02110000003583,2,25,USD,active,8452.92,8952.92,2012-06-15T00:43:04+00:00,,2026-09-14T17:50:59+00:00,32,2026-09-14T17:50:59+00:00
3584,02110000003584,3,25,USD,active,807.83,807.83,2021-04-01T19:26:22+00:00,,2026-08-31T22:00:00+00:00,21,2026-08-31T22:00:00+00:00
3585,02110000003585,8,25,USD,active,2495.15,4.85,2020-06-10T19:50:00+00:00,,2026-09-21T19:05:10+00:00,5,2026-09-21T19:05:10+00:00
3586,02110000003586,1,16,USD,active,5813.49,5813.49,2012-09-15T07:14:05+00:00,,2026-09-21T16:13:57+00:00,34,2026-09-21T16:13:57+00:00
3587,02110000003587,4,16,USD,active,14688.70,14688.70,2016-11-30T18:57:15+00:00,,2026-08-31T22:00:00+00:00,26,2026-08-31T22:00:00+00:00
3588,02100000003588,1,10,USD,active,4543.86,4543.86,2016-07-03T05:13:54+00:00,,2026-09-20T19:44:20+00:00,5,2026-09-20T19:44:20+00:00
3589,02110000003589,1,19,USD,active,34255.10,34255.10,2011-10-23T20:54:18+00:00,,2026-09-22T14:51:07+00:00,13,2026-09-22T14:51:07+00:00
3590,02110000003590,5,19,USD,active,26094.21,26094.21,2016-06-13T06:16:29+00:00,,2026-08-31T22:00:00+00:00,4,2026-08-31T22:00:00+00:00
3591,02100000003591,1,6,USD,active,11987.06,11987.06,2016-10-12T15:08:13+00:00,,2026-09-18T18:32:54+00:00,15,2026-09-18T18:32:54+00:00
3592,02100000003592,4,6,USD,active,14626.97,14626.97,2021-10-12T13:26:07+00:00,,2026-08-31T22:00:00+00:00,39,2026-08-31T22:00:00+00:00
3593,02100000003593,2,3,USD,active,8137.24,8637.24,2015-08-08T22:04:07+00:00,,2026-09-22T09:15:57+00:00,29,2026-09-22T09:15:57+00:00
3594,02100000003594,3,3,USD,active,1850.89,1850.89,2020-11-18T17:01:29+00:00,,2026-08-31T22:00:00+00:00,20,2026-08-31T22:00:00+00:00
3595,02100000003595,2,3,USD,active,33709.85,34209.85,2020-11-12T23:56:47+00:00,,2026-05-24T12:01:59+00:00,9,2026-05-24T12:01:59+00:00
3596,02110000003596,1,25,USD,active,11807.29,11807.29,2019-10-30T10:49:00+00:00,,2026-09-20T01:39:28+00:00,3,2026-09-20T01:39:28+00:00
3597,02110000003597,3,25,USD,active,6162.13,6162.13,2026-01-17T15:48:15+00:00,,2026-08-31T22:00:00+00:00,5,2026-08-31T22:00:00+00:00
3598,02110000003598,5,25,USD,closed,0,0,2023-02-03T11:39:45+00:00,2026-02-18T06:46:22+00:00,,0,2026-02-18T06:46:22+00:00
3599,02110000003599,2,16,USD,active,22083.07,22583.07,2013-12-12T06:07:55+00:00,,2026-09-20T14:06:39+00:00,18,2026-09-20T14:06:39+00:00
3600,02110000003600,1,15,USD,active,47752.75,47752.75,2021-10-31T18:19:12+00:00,,2026-09-22T15:10:45+00:00,22,2026-09-22T15:10:45+00:00
3601,02110000003601,3,15,USD,active,7642.91,7642.91,2024-08-01T10:44:16+00:00,,2026-08-31T22:00:00+00:00,24,2026-08-31T22:00:00+00:00
3602,02110000003602,2,25,USD,active,3069.51,3569.51,2017-04-30T08:35:57+00:00,,2026-09-11T15:27:08+00:00,12,2026-09-11T15:27:08+00:00
3603,02110000003603,3,25,USD,active,528.14,528.14,2025-05-02T19:48:28+00:00,,2026-08-31T22:00:00+00:00,15,2026-08-31T22:00:00+00:00
3604,02110000003604,2,21,USD,active,35751.68,36251.68,2022-10-09T10:25:32+00:00,,2026-09-21T01:39:13+00:00,9,2026-09-21T01:39:13+00:00
3605,02110000003605,3,21,USD,active,7031.41,7031.41,2026-09-08T07:34:38+00:00,,2026-09-08T07:39:38+00:00,34,2026-09-08T07:39:38+00:00
3606,02110000003606,1,20,USD,active,32809.82,32809.82,2023-07-24T11:11:37+00:00,,2026-09-19T09:00:00+00:00,40,2026-09-19T09:00:00+00:00
3607,02110000003607,3,20,USD,active,6113.75,6113.75,2023-10-05T13:43:49+00:00,,2026-08-31T22:00:00+00:00,39,2026-08-31T22:00:00+00:00
3608,02110000003608,5,20,USD,active,30846.06,30846.06,2024-09-23T21:31:50+00:00,,2026-08-31T22:00:00+00:00,24,2026-08-31T22:00:00+00:00
3609,02110000003609,9,20,USD,active,257.07,2242.93,2025-09-12T17:37:32+00:00,,2026-09-15T20:50:55+00:00,35,2026-09-15T20:50:55+00:00
3610,02100000003610,2,6,USD,active,24323.51,24823.51,2012-10-07T03:25:10+00:00,,2026-09-07T09:00:00+00:00,25,2026-09-07T09:00:00+00:00
3611,02100000003611,8,6,USD,active,648.09,1851.91,2019-08-29T08:18:39+00:00,,2026-09-02T23:21:39+00:00,27,2026-09-02T23:21:39+00:00
3612,02100000003612,2,1,USD,active,44899.83,45399.83,2014-07-11T20:52:56+00:00,,2026-09-21T15:02:14+00:00,16,2026-09-21T15:02:14+00:00
3613,02100000003613,2,6,USD,active,31289.64,31789.64,2024-03-09T13:14:58+00:00,,2026-09-22T08:24:08+00:00,17,2026-09-22T08:24:08+00:00
3614,02110000003614,2,15,USD,active,3656.79,4156.79,2025-04-16T21:15:29+00:00,,2026-09-19T09:00:00+00:00,8,2026-09-19T09:00:00+00:00
3615,02110000003615,3,15,USD,active,1416.22,1416.22,2025-05-06T01:42:53+00:00,,2026-08-31T22:00:00+00:00,39,2026-08-31T22:00:00+00:00
3616,02110000003616,8,15,USD,active,3325.57,1674.43,2025-10-20T03:42:52+00:00,,2026-09-19T12:56:23+00:00,5,2026-09-19T12:56:23+00:00
3617,02110000003617,2,13,USD,active,30002.20,30502.20,2015-10-04T12:39:23+00:00,,2026-09-22T20:46:44+00:00,38,2026-09-22T20:46:44+00:00
3618,02110000003618,4,13,USD,active,15838.95,15838.95,2019-03-01T10:16:56+00:00,,2026-08-31T22:00:00+00:00,9,2026-08-31T22:00:00+00:00
3619,02110000003619,8,13,USD,active,0.00,1000.00,2022-07-24T00:57:32+00:00,,2026-05-25T18:00:00+00:00,28,2026-05-25T18:00:00+00:00
3620,02110000003620,1,13,USD,active,12596.33,12596.33,2008-08-10T03:42:08+00:00,,2026-09-19T15:18:58+00:00,32,2026-09-19T15:18:58+00:00
3621,02100000003621,1,10,USD,active,3672.45,3672.45,2016-01-26T20:09:20+00:00,,2026-09-22T16:06:31+00:00,1,2026-09-22T16:06:31+00:00
3622,02100000003622,3,10,USD,active,809.59,809.59,2020-10-09T12:02:24+00:00,,2026-08-31T22:00:00+00:00,36,2026-08-31T22:00:00+00:00
3623,02100000003623,9,10,USD,active,0,25000.00,2021-01-29T19:33:45+00:00,,,0,2021-01-29T19:33:45+00:00
3624,02110000003624,2,18,USD,active,1232.55,1732.55,2012-02-23T04:51:31+00:00,,2026-09-22T17:14:32+00:00,25,2026-09-22T17:14:32+00:00
3625,02110000003625,1,15,USD,active,5068.15,5068.15,2010-02-22T14:10:26+00:00,,2026-09-21T18:43:16+00:00,39,2026-09-21T18:43:16+00:00
3626,02110000003626,4,15,USD,active,8724.10,8724.10,2023-05-16T10:28:39+00:00,,2026-08-31T22:00:00+00:00,36,2026-08-31T22:00:00+00:00
3627,02110000003627,9,15,USD,active,0.00,15000.00,2011-07-27T10:26:07+00:00,,2026-06-25T18:00:00+00:00,8,2026-06-25T18:00:00+00:00
3628,02110000003628,2,23,USD,active,6722.11,7222.11,2008-03-16T09:07:29+00:00,,2026-09-20T23:31:05+00:00,26,2026-09-20T23:31:05+00:00
3629,02110000003629,2,23,USD,active,36242.29,36742.29,2010-05-07T19:24:46+00:00,,2026-09-15T22:56:33+00:00,24,2026-09-15T22:56:33+00:00
3630,02110000003630,3,23,USD,dormant,191.70,191.70,2019-07-07T23:52:11+00:00,,2026-08-31T22:00:00+00:00,32,2026-08-31T22:00:00+00:00
3631,02110000003631,1,22,USD,active,19813.18,19813.18,2015-12-27T02:17:22+00:00,,2026-09-20T18:45:12+00:00,28,2026-09-20T18:45:12+00:00
3632,02110000003632,4,22,USD,active,3315.41,3315.41,2021-11-14T14:48:45+00:00,,2026-08-31T22:00:00+00:00,6,2026-08-31T22:00:00+00:00
3633,02100000003633,2,6,USD,active,10519.77,11019.77,2012-01-15T01:04:35+00:00,,2026-08-09T17:50:20+00:00,14,2026-08-09T17:50:20+00:00
3634,02100000003634,2,3,USD,active,21737.63,22237.63,2025-05-20T16:49:34+00:00,,2026-09-17T19:20:58+00:00,19,2026-09-17T19:20:58+00:00
3635,02100000003635,3,3,USD,dormant,0,0,2026-06-20T16:01:52+00:00,,,0,2026-06-20T16:01:52+00:00
3636,02100000003636,5,3,USD,active,13277.27,13277.27,2026-03-25T05:36:39+00:00,,2026-08-31T22:00:00+00:00,22,2026-08-31T22:00:00+00:00
3637,02100000003637,5,1,USD,active,15218.01,15218.01,2024-07-25T10:52:55+00:00,,2026-08-31T22:00:00+00:00,9,2026-08-31T22:00:00+00:00
3638,02100000003638,8,1,USD,active,341.45,9658.55,2024-10-24T17:34:44+00:00,,2026-06-30T22:00:00+00:00,24,2026-06-30T22:00:00+00:00
3639,02110000003639,1,22,USD,active,17666.53,17666.53,2018-04-07T05:57:49+00:00,,2026-09-14T09:00:00+00:00,30,2026-09-14T09:00:00+00:00
3640,02110000003640,8,22,USD,active,600.89,1899.11,2018-12-26T19:07:43+00:00,,2026-09-17T13:57:43+00:00,33,2026-09-17T13:57:43+00:00
3641,02100000003641,1,1,USD,active,15962.13,15962.13,2022-12-12T12:30:16+00:00,,2026-09-22T14:45:17+00:00,4,2026-09-22T14:45:17+00:00
3642,02100000003642,4,1,USD,active,69034.47,69034.47,2024-10-21T21:57:49+00:00,,2026-08-31T22:00:00+00:00,22,2026-08-31T22:00:00+00:00
3643,02110000003643,2,20,USD,active,25167.91,25667.91,2021-05-10T20:32:24+00:00,,2026-09-13T16:02:55+00:00,34,2026-09-13T16:02:55+00:00
3644,02110000003644,8,20,USD,active,6280.68,3719.32,2026-01-30T13:49:01+00:00,,2026-09-21T19:21:44+00:00,1,2026-09-21T19:21:44+00:00
3645,02110000003645,1,14,USD,active,761.39,761.39,2024-11-30T05:38:31+00:00,,2026-09-20T22:59:11+00:00,32,2026-09-20T22:59:11+00:00
3646,02100000003646,2,9,USD,active,11411.19,11911.19,2023-04-07T16:00:22+00:00,,2026-09-19T12:15:29+00:00,24,2026-09-19T12:15:29+00:00
3647,02100000003647,9,9,USD,active,3604.26,3895.74,2025-10-21T01:23:54+00:00,,2026-09-15T18:04:02+00:00,37,2026-09-15T18:04:02+00:00
3648,02100000003648,1,4,USD,dormant,90.56,90.56,2017-03-08T02:29:02+00:00,,2026-08-31T22:00:00+00:00,6,2026-08-31T22:00:00+00:00
3649,02100000003649,1,10,USD,active,5333.89,5333.89,2018-07-24T14:40:01+00:00,,2026-09-19T02:02:07+00:00,31,2026-09-19T02:02:07+00:00
3650,02100000003650,8,10,USD,active,137.76,9862.24,2019-03-12T04:06:51+00:00,,2026-09-21T18:02:11+00:00,8,2026-09-21T18:02:11+00:00
3651,02110000003651,1,19,USD,active,40632.61,40632.61,2024-07-22T22:47:13+00:00,,2026-09-20T17:00:38+00:00,6,2026-09-20T17:00:38+00:00
3652,02110000003652,1,25,USD,active,2547.52,2547.52,2018-01-31T11:25:19+00:00,,2026-09-22T17:52:50+00:00,18,2026-09-22T17:52:50+00:00
3653,02110000003653,4,25,USD,active,6731.83,6731.83,2020-02-19T05:37:19+00:00,,2026-08-31T22:00:00+00:00,6,2026-08-31T22:00:00+00:00
3654,02110000003654,5,25,USD,active,8124.79,8124.79,2020-06-16T11:26:21+00:00,,2026-08-31T22:00:00+00:00,27,2026-08-31T22:00:00+00:00
3655,02110000003655,1,19,USD,closed,0,0,2017-07-18T06:24:16+00:00,2023-12-15T06:45:36+00:00,,0,2023-12-15T06:45:36+00:00
3656,02110000003656,2,14,USD,active,3040.66,3540.66,2020-10-04T01:22:58+00:00,,2026-09-21T21:00:00+00:00,6,2026-09-21T21:00:00+00:00
3657,02100000003657,1,2,USD,active,36760.60,36760.60,2023-06-24T03:17:35+00:00,,2026-08-26T23:00:21+00:00,37,2026-08-26T23:00:21+00:00
3658,02100000003658,2,9,USD,active,37422.80,37922.80,2020-03-29T20:34:21+00:00,,2026-09-16T14:09:30+00:00,29,2026-09-16T14:09:30+00:00
3659,02100000003659,1,4,USD,active,936.98,936.98,2025-08-09T00:20:27+00:00,,2026-09-18T19:28:56+00:00,26,2026-09-18T19:28:56+00:00
3660,02100000003660,3,4,USD,active,8529.88,8529.88,2025-08-22T18:04:43+00:00,,2026-08-31T22:00:00+00:00,37,2026-08-31T22:00:00+00:00
3661,02100000003661,2,4,USD,active,62105.70,62605.70,2021-12-03T07:48:06+00:00,,2026-09-20T23:25:35+00:00,13,2026-09-20T23:25:35+00:00
3662,02110000003662,1,22,USD,active,5524.26,5524.26,2022-07-26T04:35:53+00:00,,2026-09-19T09:00:00+00:00,17,2026-09-19T09:00:00+00:00
3663,02110000003663,9,22,USD,active,1032.25,3967.75,2024-03-15T22:10:54+00:00,,2026-09-14T22:12:35+00:00,13,2026-09-14T22:12:35+00:00
3664,02100000003664,4,9,USD,active,5425.28,5425.28,2026-02-06T19:56:22+00:00,,2026-08-31T22:00:00+00:00,6,2026-08-31T22:00:00+00:00
3665,02110000003665,1,18,USD,active,7560.56,7560.56,2012-03-18T15:31:35+00:00,,2026-09-22T16:47:47+00:00,5,2026-09-22T16:47:47+00:00
3666,02110000003666,8,18,USD,active,0.00,1000.00,2018-03-01T08:41:54+00:00,,2026-05-25T18:00:00+00:00,40,2026-05-25T18:00:00+00:00
3667,02110000003667,1,20,USD,active,35522.60,35522.60,2024-09-07T11:01:11+00:00,,2026-09-20T17:34:26+00:00,12,2026-09-20T17:34:26+00:00
3668,02110000003668,3,22,USD,active,7915.61,7915.61,2019-07-20T13:56:55+00:00,,2026-08-31T22:00:00+00:00,26,2026-08-31T22:00:00+00:00
3669,02110000003669,5,22,USD,active,7690.92,7690.92,2022-01-21T08:42:48+00:00,,2026-08-31T22:00:00+00:00,38,2026-08-31T22:00:00+00:00
3670,02110000003670,1,18,USD,active,38352.89,38352.89,2017-08-20T03:56:38+00:00,,2026-09-22T17:23:42+00:00,20,2026-09-22T17:23:42+00:00
3671,02110000003671,4,18,USD,active,10408.77,10408.77,2025-05-07T07:37:14+00:00,,2026-08-31T22:00:00+00:00,3,2026-08-31T22:00:00+00:00
3672,02100000003672,1,8,USD,active,1362.63,1362.63,2014-03-20T02:08:24+00:00,,2026-09-21T20:19:46+00:00,14,2026-09-21T20:19:46+00:00
3673,02100000003673,3,8,USD,active,1539.21,1539.21,2015-03-01T18:47:19+00:00,,2026-08-31T22:00:00+00:00,4,2026-08-31T22:00:00+00:00
3674,02110000003674,1,20,USD,closed,0,0,2024-05-16T05:14:43+00:00,2026-03-31T17:11:38+00:00,,0,2026-03-31T17:11:38+00:00
3675,02110000003675,4,20,USD,closed,0,0,2025-03-08T12:20:32+00:00,2025-11-06T11:36:24+00:00,,0,2025-11-06T11:36:24+00:00
3676,02110000003676,9,20,USD,active,66.46,4933.54,2024-10-01T18:44:03+00:00,,2026-08-31T22:00:00+00:00,10,2026-08-31T22:00:00+00:00
3677,02110000003677,2,18,USD,active,43558.72,44058.72,2009-10-21T12:21:33+00:00,,2026-09-20T21:33:05+00:00,3,2026-09-20T21:33:05+00:00
3678,02100000003678,2,4,USD,active,1540.75,2040.75,2018-06-22T11:20:11+00:00,,2026-09-19T22:08:51+00:00,17,2026-09-19T22:08:51+00:00
3679,02110000003679,1,20,USD,active,4843.17,4843.17,2024-03-31T09:06:03+00:00,,2026-09-05T09:00:00+00:00,1,2026-09-05T09:00:00+00:00
3680,02110000003680,3,20,USD,active,4999.59,4999.59,2025-11-03T13:58:34+00:00,,2026-08-31T22:00:00+00:00,8,2026-08-31T22:00:00+00:00
3681,02110000003681,8,20,USD,active,1377.29,1122.71,2025-06-24T08:16:58+00:00,,2026-09-19T19:28:52+00:00,8,2026-09-19T19:28:52+00:00
3682,02100000003682,1,9,USD,active,20639.66,20639.66,2009-03-08T21:56:08+00:00,,2026-07-15T18:54:46+00:00,4,2026-07-15T18:54:46+00:00
3683,02100000003683,3,9,USD,active,4250.41,4250.41,2019-06-18T05:54:57+00:00,,2026-08-31T22:00:00+00:00,35,2026-08-31T22:00:00+00:00
3684,02100000003684,1,2,USD,active,7902.73,7902.73,2017-11-10T20:38:02+00:00,,2026-09-12T14:52:41+00:00,36,2026-09-12T14:52:41+00:00
3685,02110000003685,2,20,USD,active,16270.30,16770.30,2009-07-31T17:53:26+00:00,,2026-09-21T09:00:00+00:00,35,2026-09-21T09:00:00+00:00
3686,02110000003686,4,20,USD,active,6279.14,6279.14,2011-07-05T17:33:37+00:00,,2026-08-31T22:00:00+00:00,24,2026-08-31T22:00:00+00:00
3687,02110000003687,9,20,USD,active,996.36,3.64,2015-02-11T12:41:40+00:00,,2026-09-18T13:34:15+00:00,3,2026-09-18T13:34:15+00:00
3688,02100000003688,1,6,USD,active,3370.43,3370.43,2016-07-07T13:37:28+00:00,,2026-09-14T13:56:49+00:00,38,2026-09-14T13:56:49+00:00
3689,02100000003689,4,6,USD,active,12092.64,12092.64,2021-08-05T01:20:51+00:00,,2026-08-31T22:00:00+00:00,16,2026-08-31T22:00:00+00:00
3690,02100000003690,9,6,USD,active,2374.20,5125.80,2024-02-27T19:46:19+00:00,,2026-09-17T18:18:34+00:00,10,2026-09-17T18:18:34+00:00
3691,02110000003691,2,25,USD,active,28052.55,28552.55,2014-01-15T12:15:08+00:00,,2026-09-21T14:30:02+00:00,11,2026-09-21T14:30:02+00:00
3692,02110000003692,3,25,USD,active,4035.50,4035.50,2025-12-29T05:30:48+00:00,,2026-08-31T22:00:00+00:00,22,2026-08-31T22:00:00+00:00
3693,02110000003693,9,25,USD,active,0,1000.00,2025-08-22T04:09:33+00:00,,,0,2025-08-22T04:09:33+00:00
3694,02110000003694,2,23,USD,active,21876.33,22376.33,2025-07-23T03:14:28+00:00,,2026-09-19T23:41:50+00:00,12,2026-09-19T23:41:50+00:00
3695,02110000003695,3,23,USD,active,3181.03,3181.03,2026-07-17T04:35:53+00:00,,2026-08-31T22:00:00+00:00,28,2026-08-31T22:00:00+00:00
3696,02110000003696,1,15,USD,active,1704.34,1704.34,2011-04-06T21:22:08+00:00,,2026-09-02T09:00:00+00:00,2,2026-09-02T09:00:00+00:00
3697,02110000003697,3,15,USD,dormant,397.74,397.74,2018-12-21T18:20:18+00:00,,2026-08-31T22:00:00+00:00,15,2026-08-31T22:00:00+00:00
3698,02110000003698,8,15,USD,active,993.11,6.89,2025-05-14T00:13:09+00:00,,2026-08-28T18:04:51+00:00,39,2026-08-28T18:04:51+00:00
3699,02110000003699,2,13,USD,active,76485.16,76985.16,2023-07-06T09:41:20+00:00,,2026-09-20T18:16:56+00:00,10,2026-09-20T18:16:56+00:00
3700,02110000003700,3,13,USD,active,1452.36,1452.36,2025-01-21T00:16:57+00:00,,2026-08-31T22:00:00+00:00,1,2026-08-31T22:00:00+00:00
3701,02110000003701,1,24,USD,active,35468.69,35468.69,2024-02-16T18:13:55+00:00,,2026-08-09T20:33:58+00:00,2,2026-08-09T20:33:58+00:00
3702,02110000003702,4,24,USD,active,2073.29,2073.29,2026-05-28T23:48:06+00:00,,2026-08-31T22:00:00+00:00,25,2026-08-31T22:00:00+00:00
3703,02110000003703,1,21,USD,active,8247.98,8247.98,2026-06-01T16:29:37+00:00,,2026-09-10T09:00:00+00:00,24,2026-09-10T09:00:00+00:00
3704,02110000003704,3,21,USD,active,3434.28,3434.28,2026-09-09T20:06:32+00:00,,2026-09-09T20:11:32+00:00,12,2026-09-09T20:11:32+00:00
3705,02110000003705,9,21,USD,active,4698.36,2801.64,2026-07-04T23:43:54+00:00,,2026-09-14T21:07:35+00:00,39,2026-09-14T21:07:35+00:00
3706,02110000003706,1,20,USD,active,2802.28,2802.28,2014-03-15T12:09:46+00:00,,2026-09-22T09:00:00+00:00,23,2026-09-22T09:00:00+00:00
3707,02110000003707,8,20,USD,active,597.07,9402.93,2015-02-25T17:15:02+00:00,,2026-09-18T22:28:41+00:00,10,2026-09-18T22:28:41+00:00
3708,02110000003708,1,20,USD,dormant,221.84,221.84,2008-03-05T01:57:38+00:00,,2026-08-31T22:00:00+00:00,8,2026-08-31T22:00:00+00:00
3709,02110000003709,4,20,USD,dormant,151.58,151.58,2021-05-10T16:35:49+00:00,,2026-08-31T22:00:00+00:00,34,2026-08-31T22:00:00+00:00
3710,02110000003710,1,19,USD,active,6151.97,6151.97,2016-01-20T23:07:11+00:00,,2026-09-18T09:00:00+00:00,23,2026-09-18T09:00:00+00:00
3711,02110000003711,3,19,USD,active,7167.15,7167.15,2021-11-02T22:03:55+00:00,,2026-08-31T22:00:00+00:00,32,2026-08-31T22:00:00+00:00
3712,02110000003712,5,19,USD,active,9833.30,9833.30,2026-03-20T13:35:15+00:00,,2026-08-31T22:00:00+00:00,7,2026-08-31T22:00:00+00:00
3713,02100000003713,1,12,USD,active,1962.88,1962.88,2016-10-06T16:14:26+00:00,,2026-09-21T17:15:21+00:00,17,2026-09-21T17:15:21+00:00
3714,02110000003714,1,24,USD,active,5470.06,5470.06,2022-03-25T20:41:40+00:00,,2026-09-19T09:00:00+00:00,7,2026-09-19T09:00:00+00:00
3715,02110000003715,3,24,USD,active,9585.65,9585.65,2025-12-28T18:53:32+00:00,,2026-08-31T22:00:00+00:00,16,2026-08-31T22:00:00+00:00
3716,02110000003716,1,23,USD,active,770.81,770.81,2025-06-25T14:31:10+00:00,,2026-09-19T18:52:09+00:00,2,2026-09-19T18:52:09+00:00
3717,02110000003717,1,19,USD,active,7374.59,7374.59,2017-10-03T06:58:15+00:00,,2026-09-22T17:06:42+00:00,28,2026-09-22T17:06:42+00:00
3718,02110000003718,3,19,USD,active,10818.69,10818.69,2022-12-29T19:48:23+00:00,,2026-08-31T22:00:00+00:00,36,2026-08-31T22:00:00+00:00
3719,02110000003719,8,19,USD,active,0.00,7500.00,2025-08-14T10:18:24+00:00,,2026-07-25T18:00:00+00:00,24,2026-07-25T18:00:00+00:00
3720,02110000003720,1,19,USD,active,18914.60,18914.60,2008-01-11T05:05:07+00:00,,2026-09-18T18:31:10+00:00,3,2026-09-18T18:31:10+00:00
3721,02110000003721,4,19,USD,active,10939.50,10939.50,2020-06-04T04:03:28+00:00,,2026-08-31T22:00:00+00:00,26,2026-08-31T22:00:00+00:00
3722,02110000003722,2,22,USD,active,24306.91,24806.91,2011-08-05T10:36:19+00:00,,2026-09-11T16:58:49+00:00,10,2026-09-11T16:58:49+00:00
3723,02110000003723,4,22,USD,active,2919.80,2919.80,2012-12-23T06:16:46+00:00,,2026-08-31T22:00:00+00:00,37,2026-08-31T22:00:00+00:00
3724,02100000003724,1,5,USD,active,4853.34,4853.34,2018-09-12T08:29:09+00:00,,2026-09-17T15:04:33+00:00,36,2026-09-17T15:04:33+00:00
3725,02100000003725,4,5,USD,dormant,283.20,283.20,2023-04-20T22:57:24+00:00,,2026-08-31T22:00:00+00:00,9,2026-08-31T22:00:00+00:00
3726,02100000003726,1,11,USD,active,3170.34,3170.34,2010-02-19T14:34:57+00:00,,2026-09-20T21:53:48+00:00,32,2026-09-20T21:53:48+00:00
3727,02100000003727,1,8,USD,active,1221.42,1221.42,2025-08-06T22:45:01+00:00,,2026-08-22T13:22:35+00:00,25,2026-08-22T13:22:35+00:00
3728,02110000003728,1,21,USD,active,21569.68,21569.68,2015-03-17T15:06:11+00:00,,2026-09-12T16:04:40+00:00,8,2026-09-12T16:04:40+00:00
3729,02110000003729,4,21,USD,active,48868.84,48868.84,2018-02-08T05:31:06+00:00,,2026-08-31T22:00:00+00:00,35,2026-08-31T22:00:00+00:00
3730,02110000003730,1,22,USD,active,45087.33,45087.33,2016-12-16T10:22:26+00:00,,2026-09-22T06:51:08+00:00,36,2026-09-22T06:51:08+00:00
3731,02110000003731,8,22,USD,active,998.05,1.95,2020-12-03T16:52:00+00:00,,2026-09-05T19:45:32+00:00,13,2026-09-05T19:45:32+00:00
3732,02100000003732,1,8,USD,active,579.73,579.73,2018-12-26T02:05:58+00:00,,2026-09-21T21:06:12+00:00,11,2026-09-21T21:06:12+00:00
3733,02100000003733,3,8,USD,active,2559.29,2559.29,2025-07-07T23:43:33+00:00,,2026-08-31T22:00:00+00:00,11,2026-08-31T22:00:00+00:00
3734,02100000003734,15,8,EUR,active,6884.84,6884.84,2019-01-10T07:11:10+00:00,,2026-04-30T23:59:00+00:00,31,2026-04-30T23:59:00+00:00
3735,02100000003735,1,2,USD,active,11884.59,11884.59,2013-12-20T12:17:03+00:00,,2026-09-20T23:12:30+00:00,38,2026-09-20T23:12:30+00:00
3736,02100000003736,3,2,USD,active,1191.60,1191.60,2014-07-10T10:17:50+00:00,,2026-08-31T22:00:00+00:00,21,2026-08-31T22:00:00+00:00
3737,02100000003737,1,11,USD,active,731.14,731.14,2022-05-12T05:41:45+00:00,,2026-09-19T17:13:07+00:00,5,2026-09-19T17:13:07+00:00
3738,02100000003738,4,11,USD,active,14356.01,14356.01,2023-05-24T08:51:16+00:00,,2026-08-31T22:00:00+00:00,19,2026-08-31T22:00:00+00:00
3739,02110000003739,1,13,USD,active,5531.26,5531.26,2021-07-14T16:45:30+00:00,,2026-09-09T17:18:38+00:00,33,2026-09-09T17:18:38+00:00
3740,02110000003740,3,13,USD,active,2584.87,2584.87,2021-12-16T01:25:17+00:00,,2026-08-31T22:00:00+00:00,34,2026-08-31T22:00:00+00:00
3741,02110000003741,8,13,USD,active,4619.47,380.53,2025-09-07T12:58:20+00:00,,2026-09-20T16:10:33+00:00,4,2026-09-20T16:10:33+00:00
3742,02100000003742,1,2,USD,active,8520.10,8520.10,2023-10-16T15:07:21+00:00,,2026-09-15T13:35:33+00:00,36,2026-09-15T13:35:33+00:00
3743,02100000003743,4,2,USD,active,68917.35,68917.35,2024-10-09T10:49:14+00:00,,2026-08-31T22:00:00+00:00,32,2026-08-31T22:00:00+00:00
3744,02100000003744,1,2,USD,active,23481.89,23481.89,2025-03-27T15:30:18+00:00,,2026-09-20T03:31:31+00:00,2,2026-09-20T03:31:31+00:00
3745,02110000003745,2,24,USD,closed,0,0,2019-05-07T06:46:07+00:00,2025-10-21T05:50:57+00:00,,0,2025-10-21T05:50:57+00:00
3746,02110000003746,5,24,USD,active,40166.06,40166.06,2022-08-20T17:01:47+00:00,,2026-08-31T22:00:00+00:00,11,2026-08-31T22:00:00+00:00
3747,02100000003747,1,7,USD,active,22720.30,22720.30,2009-04-03T05:54:22+00:00,,2026-09-12T09:00:00+00:00,35,2026-09-12T09:00:00+00:00
3748,02100000003748,4,7,USD,active,43204.34,43204.34,2015-07-14T13:24:51+00:00,,2026-08-31T22:00:00+00:00,27,2026-08-31T22:00:00+00:00
3749,02100000003749,9,7,USD,active,940.55,59.45,2022-06-20T21:26:05+00:00,,2026-09-13T14:20:04+00:00,20,2026-09-13T14:20:04+00:00
3750,02100000003750,1,10,USD,active,18179.64,18179.64,2026-03-16T14:57:49+00:00,,2026-09-21T14:33:05+00:00,17,2026-09-21T14:33:05+00:00
3751,02100000003751,3,10,USD,active,1833.69,1833.69,2026-03-26T18:30:09+00:00,,2026-08-31T22:00:00+00:00,34,2026-08-31T22:00:00+00:00
3752,02100000003752,5,10,USD,active,3049.28,3049.28,2026-08-24T00:42:00+00:00,,2026-08-31T22:00:00+00:00,32,2026-08-31T22:00:00+00:00
3753,02100000003753,1,12,USD,closed,0,0,2012-01-08T13:59:37+00:00,2025-04-23T09:26:39+00:00,,0,2025-04-23T09:26:39+00:00
3754,02100000003754,8,12,USD,active,149.82,9850.18,2026-04-08T07:59:52+00:00,,2026-04-30T23:59:00+00:00,40,2026-04-30T23:59:00+00:00
3755,02110000003755,1,19,USD,active,22860.22,22860.22,2017-11-29T02:49:01+00:00,,2026-09-22T17:33:22+00:00,14,2026-09-22T17:33:22+00:00
3756,02110000003756,4,19,USD,active,23793.11,23793.11,2020-03-06T06:41:49+00:00,,2026-08-31T22:00:00+00:00,29,2026-08-31T22:00:00+00:00
3757,02100000003757,2,4,USD,active,45087.65,45587.65,2013-09-30T22:01:20+00:00,,2026-09-21T16:27:21+00:00,34,2026-09-21T16:27:21+00:00
3758,02100000003758,3,4,USD,active,8519.18,8519.18,2023-06-24T09:18:28+00:00,,2026-08-31T22:00:00+00:00,8,2026-08-31T22:00:00+00:00
3759,02100000003759,1,11,USD,active,5307.28,5307.28,2016-04-27T01:39:32+00:00,,2026-09-02T09:00:00+00:00,26,2026-09-02T09:00:00+00:00
3760,02100000003760,4,11,USD,active,15210.52,15210.52,2017-07-09T18:11:14+00:00,,2026-08-31T22:00:00+00:00,13,2026-08-31T22:00:00+00:00
3761,02100000003761,5,11,USD,active,58492.29,58492.29,2024-07-09T06:18:17+00:00,,2026-08-31T22:00:00+00:00,34,2026-08-31T22:00:00+00:00
3762,02100000003762,9,11,USD,active,2090.54,5409.46,2023-10-01T06:55:57+00:00,,2026-09-22T18:41:56+00:00,29,2026-09-22T18:41:56+00:00
3763,02110000003763,1,19,USD,active,1810.87,1810.87,2020-10-04T18:40:01+00:00,,2026-09-22T18:38:37+00:00,11,2026-09-22T18:38:37+00:00
3764,02100000003764,1,4,USD,active,10190.62,10190.62,2017-10-03T16:38:33+00:00,,2026-09-20T20:27:26+00:00,30,2026-09-20T20:27:26+00:00
3765,02100000003765,1,4,USD,active,28871.62,28871.62,2015-12-08T09:18:03+00:00,,2026-09-21T15:37:59+00:00,15,2026-09-21T15:37:59+00:00
3766,02100000003766,4,4,USD,active,37335.28,37335.28,2021-11-28T13:37:16+00:00,,2026-08-31T22:00:00+00:00,26,2026-08-31T22:00:00+00:00
3767,02100000003767,2,11,USD,active,43339.30,43839.30,2008-10-07T11:45:00+00:00,,2026-09-12T09:00:00+00:00,32,2026-09-12T09:00:00+00:00
3768,02100000003768,8,11,USD,active,955.35,9044.65,2022-10-04T18:52:29+00:00,,2026-09-10T14:20:37+00:00,29,2026-09-10T14:20:37+00:00
3769,02110000003769,1,22,USD,active,17784.12,17784.12,2019-07-25T05:27:23+00:00,,2026-09-22T14:42:06+00:00,11,2026-09-22T14:42:06+00:00
3770,02110000003770,4,22,USD,active,19479.70,19479.70,2025-06-23T10:21:14+00:00,,2026-08-31T22:00:00+00:00,34,2026-08-31T22:00:00+00:00
3771,02100000003771,1,4,USD,active,1718.88,1718.88,2022-04-18T03:05:06+00:00,,2026-07-08T16:17:14+00:00,23,2026-07-08T16:17:14+00:00
3772,02100000003772,1,2,USD,active,1111.39,1111.39,2020-06-09T23:31:15+00:00,,2026-09-22T20:49:43+00:00,26,2026-09-22T20:49:43+00:00
3773,02100000003773,8,2,USD,frozen,1440.35,13559.65,2020-07-15T08:22:13+00:00,,2026-04-30T23:59:00+00:00,7,2026-04-30T23:59:00+00:00
3774,02100000003774,1,4,USD,closed,0,0,2008-03-10T08:42:07+00:00,2021-04-02T15:43:09+00:00,,0,2021-04-02T15:43:09+00:00
3775,02100000003775,4,4,USD,active,2532.37,2532.37,2018-09-13T09:39:15+00:00,,2026-08-31T22:00:00+00:00,28,2026-08-31T22:00:00+00:00
3776,02100000003776,8,4,USD,active,0,1000.00,2022-03-16T08:17:56+00:00,,,0,2022-03-16T08:17:56+00:00
3777,02100000003777,1,8,USD,dormant,83.57,83.57,2009-11-25T22:07:50+00:00,,2026-08-31T22:00:00+00:00,12,2026-08-31T22:00:00+00:00
3778,02100000003778,4,8,USD,active,6285.12,6285.12,2018-11-12T06:31:40+00:00,,2026-08-31T22:00:00+00:00,1,2026-08-31T22:00:00+00:00
3779,02100000003779,2,8,USD,active,2792.09,3292.09,2026-06-13T08:53:42+00:00,,2026-09-19T19:09:05+00:00,19,2026-09-19T19:09:05+00:00
3780,02100000003780,3,8,USD,active,5237.74,5237.74,2026-08-13T03:26:01+00:00,,2026-08-31T22:00:00+00:00,1,2026-08-31T22:00:00+00:00
3781,02110000003781,1,20,USD,active,8327.57,8327.57,2008-09-08T08:02:07+00:00,,2026-09-12T09:00:00+00:00,31,2026-09-12T09:00:00+00:00
3782,02110000003782,3,20,USD,active,2158.16,2158.16,2022-05-18T22:28:28+00:00,,2026-08-31T22:00:00+00:00,33,2026-08-31T22:00:00+00:00
3783,02110000003783,8,20,USD,active,3003.81,21996.19,2011-05-16T04:40:53+00:00,,2026-09-17T20:27:35+00:00,17,2026-09-17T20:27:35+00:00
3784,02100000003784,2,3,USD,active,41839.00,42339.00,2015-02-03T13:42:39+00:00,,2026-09-22T18:05:57+00:00,21,2026-09-22T18:05:57+00:00
3785,02100000003785,3,3,USD,active,1417.03,1417.03,2024-06-03T17:25:29+00:00,,2026-08-31T22:00:00+00:00,17,2026-08-31T22:00:00+00:00
3786,02100000003786,9,3,USD,active,0.00,10000.00,2016-02-23T00:47:51+00:00,,2026-05-25T18:00:00+00:00,16,2026-05-25T18:00:00+00:00
3787,02110000003787,2,22,USD,active,8572.79,9072.79,2020-08-23T09:46:02+00:00,,2026-09-16T15:38:53+00:00,8,2026-09-16T15:38:53+00:00
3788,02110000003788,4,22,USD,active,9338.42,9338.42,2023-06-22T17:29:43+00:00,,2026-08-31T22:00:00+00:00,28,2026-08-31T22:00:00+00:00
3789,02110000003789,1,18,USD,active,59908.07,59908.07,2018-05-03T15:53:42+00:00,,2026-09-22T13:50:26+00:00,34,2026-09-22T13:50:26+00:00
3790,02110000003790,1,16,USD,active,804.22,804.22,2020-06-02T16:40:19+00:00,,2026-09-19T23:10:54+00:00,24,2026-09-19T23:10:54+00:00
3791,02110000003791,1,19,USD,active,29659.99,29659.99,2014-07-19T07:28:09+00:00,,2026-09-22T09:00:00+00:00,20,2026-09-22T09:00:00+00:00
3792,02110000003792,9,19,USD,active,617.17,382.83,2015-01-23T07:58:44+00:00,,2026-09-12T19:04:03+00:00,1,2026-09-12T19:04:03+00:00
3793,02100000003793,1,5,USD,active,18391.54,18391.54,2024-02-20T20:42:09+00:00,,2026-09-22T17:03:33+00:00,30,2026-09-22T17:03:33+00:00
3794,02100000003794,2,7,USD,active,21571.87,22071.87,2009-05-01T05:27:53+00:00,,2026-09-18T23:24:47+00:00,16,2026-09-18T23:24:47+00:00
3795,02100000003795,3,7,USD,active,2446.61,2446.61,2013-11-08T22:50:43+00:00,,2026-08-31T22:00:00+00:00,19,2026-08-31T22:00:00+00:00
3796,02100000003796,1,5,USD,active,16684.45,16684.45,2012-07-08T19:34:21+00:00,,2026-09-21T15:38:38+00:00,20,2026-09-21T15:38:38+00:00
3797,02100000003797,3,5,USD,active,644.21,644.21,2016-02-06T11:00:07+00:00,,2026-08-31T22:00:00+00:00,23,2026-08-31T22:00:00+00:00
3798,02100000003798,8,5,USD,closed,0,25000.00,2022-08-08T23:18:06+00:00,2023-10-21T22:09:42+00:00,,0,2023-10-21T22:09:42+00:00
3799,02110000003799,2,24,USD,active,37056.66,37556.66,2017-12-17T09:21:42+00:00,,2026-09-21T12:31:33+00:00,29,2026-09-21T12:31:33+00:00
3800,02110000003800,3,24,USD,active,5608.95,5608.95,2023-06-21T06:55:38+00:00,,2026-08-31T22:00:00+00:00,3,2026-08-31T22:00:00+00:00
3801,02110000003801,2,21,USD,active,1080.34,1580.34,2015-07-31T01:07:03+00:00,,2026-09-21T15:20:53+00:00,14,2026-09-21T15:20:53+00:00
3802,02110000003802,5,21,USD,active,16668.08,16668.08,2021-08-11T14:57:26+00:00,,2026-08-31T22:00:00+00:00,4,2026-08-31T22:00:00+00:00
3803,02100000003803,2,7,USD,active,24218.67,24718.67,2010-04-15T16:54:43+00:00,,2026-09-21T12:04:17+00:00,30,2026-09-21T12:04:17+00:00
3804,02110000003804,1,23,USD,active,8366.38,8366.38,2020-02-15T20:00:06+00:00,,2026-09-22T13:33:53+00:00,14,2026-09-22T13:33:53+00:00
3805,02110000003805,1,21,USD,active,2694.59,2694.59,2017-10-17T23:38:17+00:00,,2026-09-18T13:58:26+00:00,25,2026-09-18T13:58:26+00:00
3806,02110000003806,4,21,USD,active,6426.80,6426.80,2022-06-25T02:10:27+00:00,,2026-08-31T22:00:00+00:00,39,2026-08-31T22:00:00+00:00
3807,02100000003807,2,3,USD,active,14947.74,15447.74,2023-12-11T22:15:13+00:00,,2026-09-19T14:34:04+00:00,26,2026-09-19T14:34:04+00:00
3808,02110000003808,1,16,USD,active,9188.04,9188.04,2023-01-03T22:24:40+00:00,,2026-09-17T23:38:28+00:00,32,2026-09-17T23:38:28+00:00
3809,02110000003809,3,16,USD,active,3572.11,3572.11,2024-11-08T19:42:02+00:00,,2026-08-31T22:00:00+00:00,38,2026-08-31T22:00:00+00:00
3810,02100000003810,2,3,USD,closed,0,0,2009-02-12T12:56:10+00:00,2014-05-11T17:19:16+00:00,,0,2014-05-11T17:19:16+00:00
3811,02100000003811,9,3,USD,closed,0,5000.00,2020-09-01T02:49:38+00:00,2023-07-28T15:21:47+00:00,,0,2023-07-28T15:21:47+00:00
3812,02110000003812,1,18,USD,active,33406.27,33406.27,2011-05-30T05:50:15+00:00,,2026-09-20T21:18:31+00:00,18,2026-09-20T21:18:31+00:00
3813,02100000003813,3,2,USD,active,840.12,840.12,2026-01-23T15:49:02+00:00,,2026-08-31T22:00:00+00:00,33,2026-08-31T22:00:00+00:00
3814,02100000003814,8,2,USD,active,7059.22,-6059.22,2026-04-08T13:07:11+00:00,,2026-08-31T22:00:00+00:00,25,2026-08-31T22:00:00+00:00
3815,02110000003815,1,25,USD,active,10258.94,10258.94,2024-12-05T18:59:24+00:00,,2026-09-11T09:00:00+00:00,40,2026-09-11T09:00:00+00:00
3816,02110000003816,8,25,USD,active,3415.99,6584.01,2025-10-16T12:09:40+00:00,,2026-09-21T18:48:55+00:00,16,2026-09-21T18:48:55+00:00
3817,02100000003817,1,3,USD,active,25680.73,25680.73,2023-08-17T21:35:15+00:00,,2026-09-19T09:00:00+00:00,2,2026-09-19T09:00:00+00:00
3818,02100000003818,5,3,USD,active,51102.11,51102.11,2026-03-29T14:28:42+00:00,,2026-08-31T22:00:00+00:00,1,2026-08-31T22:00:00+00:00
3819,02100000003819,8,3,USD,active,3146.37,21853.63,2024-03-31T21:09:13+00:00,,2026-09-20T19:06:39+00:00,24,2026-09-20T19:06:39+00:00
3820,02110000003820,2,23,USD,frozen,2857.82,2857.82,2010-01-29T03:27:59+00:00,,2026-04-30T23:59:00+00:00,20,2026-04-30T23:59:00+00:00
3821,02110000003821,3,23,USD,active,2201.98,2201.98,2012-04-14T23:34:14+00:00,,2026-08-31T22:00:00+00:00,31,2026-08-31T22:00:00+00:00
3822,02110000003822,5,23,USD,closed,0,0,2015-10-19T09:56:42+00:00,2022-05-10T18:56:24+00:00,,0,2022-05-10T18:56:24+00:00
3823,02110000003823,1,19,USD,active,202.00,202.00,2014-09-10T00:30:34+00:00,,2026-09-19T23:28:51+00:00,4,2026-09-19T23:28:51+00:00
3824,02110000003824,4,19,USD,active,20410.20,20410.20,2015-05-21T21:46:11+00:00,,2026-08-31T22:00:00+00:00,4,2026-08-31T22:00:00+00:00
3825,02110000003825,5,19,USD,active,5415.47,5415.47,2018-06-11T11:02:25+00:00,,2026-08-31T22:00:00+00:00,2,2026-08-31T22:00:00+00:00
3826,02110000003826,1,22,USD,active,17269.13,17269.13,2023-08-12T04:08:38+00:00,,2026-09-21T20:56:01+00:00,22,2026-09-21T20:56:01+00:00
3827,02110000003827,8,22,USD,frozen,0,1000.00,2025-03-01T15:46:32+00:00,,,0,2025-03-01T15:46:32+00:00
3828,02100000003828,2,5,USD,active,4964.91,5464.91,2021-07-24T22:02:54+00:00,,2026-09-22T12:10:57+00:00,24,2026-09-22T12:10:57+00:00
3829,02100000003829,1,3,USD,active,23176.91,23176.91,2012-11-26T15:02:35+00:00,,2026-09-19T14:39:28+00:00,27,2026-09-19T14:39:28+00:00
3830,02100000003830,4,3,USD,active,34939.79,34939.79,2020-05-16T23:56:02+00:00,,2026-08-31T22:00:00+00:00,18,2026-08-31T22:00:00+00:00
3831,02100000003831,2,3,USD,active,42862.63,43362.63,2009-01-04T08:40:23+00:00,,2026-09-17T17:40:06+00:00,20,2026-09-17T17:40:06+00:00
3832,02110000003832,1,24,USD,active,6979.06,6979.06,2008-02-22T19:36:18+00:00,,2026-09-18T14:27:25+00:00,38,2026-09-18T14:27:25+00:00
3833,02110000003833,3,24,USD,active,4682.91,4682.91,2009-01-26T02:36:39+00:00,,2026-08-31T22:00:00+00:00,14,2026-08-31T22:00:00+00:00
3834,02100000003834,1,1,USD,active,18831.60,18831.60,2009-05-13T06:58:54+00:00,,2026-09-15T22:53:06+00:00,33,2026-09-15T22:53:06+00:00
3835,02100000003835,4,1,USD,frozen,25990.77,25990.77,2012-04-14T03:14:00+00:00,,2026-04-30T23:59:00+00:00,10,2026-04-30T23:59:00+00:00
3836,02100000003836,8,1,USD,active,2888.49,2111.51,2015-06-07T11:45:35+00:00,,2026-09-18T18:15:02+00:00,37,2026-09-18T18:15:02+00:00
3837,02100000003837,1,4,USD,active,3551.10,3551.10,2012-06-03T12:47:36+00:00,,2026-09-20T04:59:24+00:00,40,2026-09-20T04:59:24+00:00
3838,02100000003838,4,4,USD,active,3110.68,3110.68,2017-07-18T11:35:13+00:00,,2026-08-31T22:00:00+00:00,4,2026-08-31T22:00:00+00:00
3839,02100000003839,8,4,USD,active,1906.17,593.83,2016-08-12T22:37:15+00:00,,2026-09-20T23:50:51+00:00,22,2026-09-20T23:50:51+00:00
3840,02100000003840,1,6,USD,active,5756.22,5756.22,2008-05-26T22:09:28+00:00,,2026-09-19T23:54:43+00:00,23,2026-09-19T23:54:43+00:00
3841,02100000003841,4,6,USD,closed,0,0,2010-05-31T11:21:23+00:00,2021-12-15T04:15:00+00:00,,0,2021-12-15T04:15:00+00:00
3842,02110000003842,1,23,USD,closed,0,0,2010-05-19T23:30:27+00:00,2019-01-15T05:08:03+00:00,,0,2019-01-15T05:08:03+00:00
3843,02110000003843,1,13,USD,active,6945.39,6945.39,2019-01-09T15:11:34+00:00,,2026-09-21T23:05:21+00:00,13,2026-09-21T23:05:21+00:00
3844,02100000003844,1,10,USD,active,2450.04,2450.04,2013-10-11T13:46:46+00:00,,2026-09-20T22:31:44+00:00,21,2026-09-20T22:31:44+00:00
3845,02100000003845,1,11,USD,active,1835.62,1835.62,2015-06-16T11:38:13+00:00,,2026-09-07T09:00:00+00:00,4,2026-09-07T09:00:00+00:00
3846,02100000003846,3,11,USD,active,4447.03,4447.03,2025-06-20T16:20:51+00:00,,2026-08-31T22:00:00+00:00,23,2026-08-31T22:00:00+00:00
3847,02100000003847,9,11,USD,active,3669.44,1330.56,2016-07-13T05:23:24+00:00,,2026-09-16T12:54:45+00:00,40,2026-09-16T12:54:45+00:00
3848,02100000003848,1,2,USD,active,26160.02,26160.02,2009-12-06T21:07:24+00:00,,2026-09-22T19:50:24+00:00,1,2026-09-22T19:50:24+00:00
3849,02100000003849,4,2,USD,active,76084.03,76084.03,2013-09-28T03:46:42+00:00,,2026-08-31T22:00:00+00:00,26,2026-08-31T22:00:00+00:00
3850,02110000003850,1,14,USD,active,22007.56,22007.56,2018-11-18T21:05:46+00:00,,2026-09-12T09:00:00+00:00,30,2026-09-12T09:00:00+00:00
3851,02110000003851,3,14,USD,active,1163.70,1163.70,2026-01-02T05:57:54+00:00,,2026-08-31T22:00:00+00:00,21,2026-08-31T22:00:00+00:00
3852,02110000003852,8,14,USD,active,1922.00,13078.00,2026-03-31T11:21:16+00:00,,2026-09-22T12:29:34+00:00,19,2026-09-22T12:29:34+00:00
3853,02110000003853,1,14,USD,active,6893.22,6893.22,2023-10-15T16:31:52+00:00,,2026-07-31T20:15:02+00:00,20,2026-07-31T20:15:02+00:00
3854,02100000003854,1,5,USD,active,10661.47,10661.47,2024-11-09T19:32:15+00:00,,2026-09-22T12:46:43+00:00,26,2026-09-22T12:46:43+00:00
3855,02100000003855,4,5,USD,active,22224.15,22224.15,2025-07-03T13:30:41+00:00,,2026-08-31T22:00:00+00:00,6,2026-08-31T22:00:00+00:00
3856,02110000003856,2,21,USD,active,19737.48,20237.48,2009-10-24T01:57:45+00:00,,2026-09-17T15:15:00+00:00,30,2026-09-17T15:15:00+00:00
3857,02100000003857,1,11,USD,active,9137.57,9137.57,2021-12-09T11:11:49+00:00,,2026-09-18T18:42:12+00:00,17,2026-09-18T18:42:12+00:00
3858,02100000003858,1,1,USD,active,33867.35,33867.35,2019-09-23T15:01:03+00:00,,2026-09-18T09:00:00+00:00,6,2026-09-18T09:00:00+00:00
3859,02110000003859,1,22,USD,active,3605.02,3605.02,2019-10-02T04:04:33+00:00,,2026-09-22T20:13:52+00:00,7,2026-09-22T20:13:52+00:00
3860,02110000003860,4,22,USD,closed,0,0,2022-02-21T17:28:30+00:00,2023-11-23T18:37:35+00:00,,0,2023-11-23T18:37:35+00:00
3861,02110000003861,8,22,USD,active,0,5000.00,2022-05-06T15:35:02+00:00,,,0,2022-05-06T15:35:02+00:00
3862,02110000003862,1,14,USD,active,25063.21,25063.21,2016-11-08T19:27:58+00:00,,2026-09-17T09:00:00+00:00,19,2026-09-17T09:00:00+00:00
3863,02100000003863,1,11,USD,active,1262.09,1262.09,2024-11-25T19:28:03+00:00,,2026-09-19T22:22:05+00:00,8,2026-09-19T22:22:05+00:00
3864,02100000003864,2,3,USD,active,12092.32,12592.32,2025-01-30T21:55:54+00:00,,2026-09-10T09:00:00+00:00,29,2026-09-10T09:00:00+00:00
3865,02100000003865,3,3,USD,active,1981.99,1981.99,2025-08-16T12:06:58+00:00,,2026-08-31T22:00:00+00:00,38,2026-08-31T22:00:00+00:00
3866,02100000003866,9,3,USD,active,2499.59,0.41,2026-01-27T07:13:20+00:00,,2026-09-11T19:13:29+00:00,21,2026-09-11T19:13:29+00:00
3867,02100000003867,1,9,USD,closed,0,0,2009-09-03T21:48:47+00:00,2016-04-20T21:43:46+00:00,,0,2016-04-20T21:43:46+00:00
3868,02100000003868,8,9,USD,active,527.53,6972.47,2014-08-07T03:54:01+00:00,,2026-07-31T22:00:00+00:00,14,2026-07-31T22:00:00+00:00
3869,02100000003869,1,4,USD,active,10423.00,10423.00,2022-10-23T15:10:21+00:00,,2026-09-18T09:00:00+00:00,39,2026-09-18T09:00:00+00:00
3870,02100000003870,4,4,USD,active,4084.20,4084.20,2024-06-09T16:10:14+00:00,,2026-08-31T22:00:00+00:00,24,2026-08-31T22:00:00+00:00
3871,02110000003871,1,24,USD,active,19981.48,19981.48,2010-07-16T12:18:06+00:00,,2026-09-16T15:36:10+00:00,4,2026-09-16T15:36:10+00:00
3872,02110000003872,1,24,USD,active,26624.00,26624.00,2022-08-31T03:15:04+00:00,,2026-09-16T09:00:00+00:00,13,2026-09-16T09:00:00+00:00
3873,02110000003873,3,24,USD,active,6319.71,6319.71,2024-09-27T19:49:36+00:00,,2026-08-31T22:00:00+00:00,34,2026-08-31T22:00:00+00:00
3874,02110000003874,1,16,USD,active,27349.48,27349.48,2016-02-21T23:21:30+00:00,,2026-09-17T15:24:47+00:00,37,2026-09-17T15:24:47+00:00
3875,02110000003875,8,16,USD,active,0.00,25000.00,2018-05-09T11:31:05+00:00,,2026-05-25T18:00:00+00:00,40,2026-05-25T18:00:00+00:00
3876,02110000003876,1,23,USD,active,25257.28,25257.28,2014-08-26T17:05:29+00:00,,2026-09-21T23:46:30+00:00,32,2026-09-21T23:46:30+00:00
3877,02100000003877,2,4,USD,active,17523.74,18023.74,2012-02-15T12:11:26+00:00,,2026-09-18T17:58:53+00:00,26,2026-09-18T17:58:53+00:00
3878,02100000003878,2,2,USD,active,40624.21,41124.21,2014-11-29T21:50:24+00:00,,2026-08-15T12:25:45+00:00,2,2026-08-15T12:25:45+00:00
3879,02100000003879,4,2,USD,active,20088.91,20088.91,2017-03-13T07:24:50+00:00,,2026-08-31T22:00:00+00:00,33,2026-08-31T22:00:00+00:00
3880,02100000003880,5,2,USD,active,12934.85,12934.85,2022-07-05T15:38:25+00:00,,2026-08-31T22:00:00+00:00,39,2026-08-31T22:00:00+00:00
3881,02110000003881,1,19,USD,active,14442.44,14442.44,2023-11-13T19:27:57+00:00,,2026-09-22T09:00:00+00:00,22,2026-09-22T09:00:00+00:00
3882,02110000003882,2,15,USD,active,4052.53,4552.53,2026-01-26T09:04:08+00:00,,2026-09-22T15:55:19+00:00,19,2026-09-22T15:55:19+00:00
3883,02110000003883,3,15,USD,active,2709.51,2709.51,2026-06-01T08:10:33+00:00,,2026-08-31T22:00:00+00:00,39,2026-08-31T22:00:00+00:00
3884,02110000003884,2,21,USD,active,1916.74,2416.74,2016-04-09T22:43:39+00:00,,2026-09-22T15:32:29+00:00,21,2026-09-22T15:32:29+00:00
3885,02110000003885,5,21,USD,active,11118.45,11118.45,2016-08-12T00:55:29+00:00,,2026-08-31T22:00:00+00:00,36,2026-08-31T22:00:00+00:00
3886,02100000003886,1,7,USD,active,9550.01,9550.01,2018-01-29T01:12:06+00:00,,2026-09-15T19:31:57+00:00,9,2026-09-15T19:31:57+00:00
3887,02100000003887,4,7,USD,closed,0,0,2018-08-19T22:15:12+00:00,2021-02-13T15:19:26+00:00,,0,2021-02-13T15:19:26+00:00
3888,02100000003888,5,7,USD,active,5083.82,5083.82,2022-11-18T21:22:55+00:00,,2026-08-31T22:00:00+00:00,34,2026-08-31T22:00:00+00:00
3889,02110000003889,1,18,USD,active,3331.90,3331.90,2013-12-19T07:50:49+00:00,,2026-09-18T13:56:26+00:00,7,2026-09-18T13:56:26+00:00
3890,02110000003890,1,19,USD,active,12765.10,12765.10,2013-03-12T20:25:03+00:00,,2026-09-12T16:44:53+00:00,7,2026-09-12T16:44:53+00:00
3891,02110000003891,3,19,USD,frozen,592.70,592.70,2020-01-25T19:37:44+00:00,,2026-04-30T23:59:00+00:00,31,2026-04-30T23:59:00+00:00
3892,02110000003892,9,19,USD,active,0,2500.00,2024-06-07T04:51:01+00:00,,,0,2024-06-07T04:51:01+00:00
3893,02110000003893,1,14,USD,active,16019.65,16019.65,2016-04-09T02:24:23+00:00,,2026-09-21T23:45:41+00:00,16,2026-09-21T23:45:41+00:00
3894,02100000003894,2,11,USD,dormant,0,0,2026-05-02T22:36:00+00:00,,,0,2026-05-02T22:36:00+00:00
3895,02100000003895,3,11,USD,active,526.38,526.38,2026-06-21T16:59:20+00:00,,2026-08-31T22:00:00+00:00,30,2026-08-31T22:00:00+00:00
3896,02100000003896,9,11,USD,active,0,1000.00,2026-05-27T19:13:52+00:00,,,0,2026-05-27T19:13:52+00:00
3897,02100000003897,3,7,USD,active,939.85,939.85,2020-04-16T21:00:39+00:00,,2026-08-31T22:00:00+00:00,27,2026-08-31T22:00:00+00:00
3898,02100000003898,15,7,EUR,active,3099.16,3099.16,2018-07-19T12:45:21+00:00,,2026-04-30T23:59:00+00:00,3,2026-04-30T23:59:00+00:00
3899,02100000003899,2,5,USD,active,14361.56,14861.56,2016-04-26T03:28:49+00:00,,2026-09-21T15:24:03+00:00,36,2026-09-21T15:24:03+00:00
3900,02100000003900,3,5,USD,active,6525.31,6525.31,2023-07-31T08:11:35+00:00,,2026-08-31T22:00:00+00:00,3,2026-08-31T22:00:00+00:00
3901,02110000003901,2,15,USD,active,19571.98,20071.98,2015-02-16T16:10:54+00:00,,2026-09-15T18:51:16+00:00,12,2026-09-15T18:51:16+00:00
3902,02110000003902,4,15,USD,active,11761.88,11761.88,2017-01-01T07:12:42+00:00,,2026-08-31T22:00:00+00:00,18,2026-08-31T22:00:00+00:00
3903,02110000003903,2,24,USD,active,19998.55,20498.55,2023-09-13T21:47:48+00:00,,2026-09-22T14:29:57+00:00,24,2026-09-22T14:29:57+00:00
3904,02110000003904,9,24,USD,frozen,1039.36,1460.64,2024-10-17T19:55:11+00:00,,2026-04-30T23:59:00+00:00,12,2026-04-30T23:59:00+00:00
3905,02110000003905,1,25,USD,active,47256.09,47256.09,2026-07-07T12:54:33+00:00,,2026-09-22T13:35:44+00:00,11,2026-09-22T13:35:44+00:00
3906,02110000003906,4,25,USD,active,6108.10,6108.10,2026-09-02T19:04:38+00:00,,2026-09-02T19:09:38+00:00,20,2026-09-02T19:09:38+00:00
3907,02100000003907,2,2,USD,active,15114.45,15614.45,2008-03-06T03:01:07+00:00,,2026-09-19T16:28:41+00:00,5,2026-09-19T16:28:41+00:00
3908,02100000003908,4,2,USD,active,10920.04,10920.04,2009-03-24T17:12:09+00:00,,2026-08-31T22:00:00+00:00,1,2026-08-31T22:00:00+00:00
3909,02100000003909,3,2,USD,active,3853.18,3853.18,2022-05-22T13:07:41+00:00,,2026-08-31T22:00:00+00:00,14,2026-08-31T22:00:00+00:00
3910,02100000003910,1,10,USD,active,967.92,967.92,2024-06-26T15:27:25+00:00,,2026-09-19T23:37:05+00:00,40,2026-09-19T23:37:05+00:00
3911,02110000003911,1,20,USD,active,10281.05,10281.05,2013-03-24T12:07:44+00:00,,2026-09-22T02:42:18+00:00,7,2026-09-22T02:42:18+00:00
3912,02110000003912,3,20,USD,active,662.53,662.53,2025-12-20T16:48:16+00:00,,2026-08-31T22:00:00+00:00,9,2026-08-31T22:00:00+00:00
3913,02110000003913,1,18,USD,active,54657.19,54657.19,2021-09-08T12:05:03+00:00,,2026-09-22T09:00:00+00:00,21,2026-09-22T09:00:00+00:00
3914,02110000003914,2,15,USD,active,8005.76,8505.76,2010-01-06T21:51:46+00:00,,2026-09-20T12:37:51+00:00,31,2026-09-20T12:37:51+00:00
3915,02110000003915,8,15,USD,active,1798.61,13201.39,2018-08-25T12:35:53+00:00,,2026-09-21T16:53:46+00:00,39,2026-09-21T16:53:46+00:00
3916,02100000003916,1,8,USD,active,36626.11,36626.11,2022-05-26T13:38:52+00:00,,2026-09-22T07:34:50+00:00,23,2026-09-22T07:34:50+00:00
3917,02100000003917,9,8,USD,active,4613.99,2886.01,2023-12-21T00:43:53+00:00,,2026-09-20T21:27:24+00:00,18,2026-09-20T21:27:24+00:00
3918,02110000003918,4,21,USD,active,17082.75,17082.75,2025-07-06T01:03:14+00:00,,2026-08-31T22:00:00+00:00,33,2026-08-31T22:00:00+00:00
3919,02110000003919,2,21,USD,active,41455.45,41955.45,2022-03-23T11:01:02+00:00,,2026-09-20T15:48:36+00:00,28,2026-09-20T15:48:36+00:00
3920,02110000003920,1,19,USD,active,27115.49,27115.49,2015-02-15T23:46:36+00:00,,2026-09-21T15:42:46+00:00,17,2026-09-21T15:42:46+00:00
3921,02110000003921,3,19,USD,active,4291.66,4291.66,2024-07-11T06:35:08+00:00,,2026-08-31T22:00:00+00:00,32,2026-08-31T22:00:00+00:00
3922,02110000003922,1,23,USD,active,2215.53,2215.53,2016-11-12T21:26:56+00:00,,2026-09-21T18:57:48+00:00,23,2026-09-21T18:57:48+00:00
3923,02110000003923,2,14,USD,closed,0,0,2023-11-06T08:51:36+00:00,2025-11-20T04:41:31+00:00,,0,2025-11-20T04:41:31+00:00
3924,02110000003924,3,14,USD,active,3072.53,3072.53,2024-08-25T00:21:30+00:00,,2026-08-31T22:00:00+00:00,35,2026-08-31T22:00:00+00:00
3925,02110000003925,5,14,USD,active,49909.16,49909.16,2024-04-11T04:54:24+00:00,,2026-08-31T22:00:00+00:00,30,2026-08-31T22:00:00+00:00
3926,02100000003926,1,5,USD,active,34787.68,34787.68,2011-01-13T03:01:30+00:00,,2026-09-21T22:13:18+00:00,2,2026-09-21T22:13:18+00:00
3927,02100000003927,1,7,USD,active,7153.89,7153.89,2023-09-04T11:47:36+00:00,,2026-09-21T19:57:04+00:00,36,2026-09-21T19:57:04+00:00
3928,02100000003928,1,2,USD,active,2359.33,2359.33,2023-09-05T13:00:31+00:00,,2026-09-22T10:06:07+00:00,25,2026-09-22T10:06:07+00:00
3929,02100000003929,3,2,USD,active,1090.15,1090.15,2023-11-13T23:41:48+00:00,,2026-08-31T22:00:00+00:00,32,2026-08-31T22:00:00+00:00
3930,02110000003930,1,22,USD,active,22211.67,22211.67,2010-06-13T21:29:29+00:00,,2026-09-20T16:25:48+00:00,23,2026-09-20T16:25:48+00:00
3931,02110000003931,3,22,USD,active,2705.68,2705.68,2019-03-03T08:37:10+00:00,,2026-08-31T22:00:00+00:00,7,2026-08-31T22:00:00+00:00
3932,02110000003932,15,22,EUR,active,1266.39,1266.39,2010-07-11T14:07:44+00:00,,2026-08-31T22:00:00+00:00,17,2026-08-31T22:00:00+00:00
3933,02110000003933,1,24,USD,active,0.19,0.19,2011-11-26T05:33:52+00:00,,2026-09-22T14:56:11+00:00,6,2026-09-22T14:56:11+00:00
3934,02110000003934,3,24,USD,active,6996.01,6996.01,2016-01-22T15:04:19+00:00,,2026-08-31T22:00:00+00:00,37,2026-08-31T22:00:00+00:00
3935,02110000003935,1,24,USD,active,15763.58,15763.58,2010-06-04T02:48:20+00:00,,2026-09-20T09:00:00+00:00,26,2026-09-20T09:00:00+00:00
3936,02110000003936,3,24,USD,active,7198.00,7198.00,2024-03-23T19:40:13+00:00,,2026-08-31T22:00:00+00:00,4,2026-08-31T22:00:00+00:00
3937,02110000003937,1,14,USD,active,1898.38,1898.38,2008-06-03T16:47:34+00:00,,2026-09-20T17:12:43+00:00,8,2026-09-20T17:12:43+00:00
3938,02110000003938,4,14,USD,active,53116.20,53116.20,2025-10-30T18:06:23+00:00,,2026-08-31T22:00:00+00:00,8,2026-08-31T22:00:00+00:00
3939,02110000003939,9,14,USD,active,990.46,14009.54,2014-09-16T07:32:38+00:00,,2026-09-20T22:35:14+00:00,15,2026-09-20T22:35:14+00:00
3940,02110000003940,2,21,USD,active,20907.46,21407.46,2008-11-08T15:51:25+00:00,,2026-09-21T20:00:26+00:00,15,2026-09-21T20:00:26+00:00
3941,02100000003941,2,10,USD,active,32858.24,33358.24,2013-02-26T08:52:47+00:00,,2026-09-15T09:00:00+00:00,29,2026-09-15T09:00:00+00:00
3942,02100000003942,4,10,USD,active,10688.85,10688.85,2014-09-28T20:13:22+00:00,,2026-08-31T22:00:00+00:00,19,2026-08-31T22:00:00+00:00
3943,02100000003943,9,10,USD,active,359.80,640.20,2023-01-03T14:27:33+00:00,,2026-09-06T17:41:26+00:00,27,2026-09-06T17:41:26+00:00
3944,02100000003944,1,12,USD,active,9965.19,9965.19,2009-11-01T23:08:59+00:00,,2026-09-10T09:00:00+00:00,36,2026-09-10T09:00:00+00:00
3945,02100000003945,8,12,USD,active,3436.19,1563.81,2019-07-02T01:41:07+00:00,,2026-09-21T20:30:12+00:00,9,2026-09-21T20:30:12+00:00
3946,02100000003946,4,5,USD,active,7684.27,7684.27,2025-06-20T06:22:52+00:00,,2026-08-31T22:00:00+00:00,26,2026-08-31T22:00:00+00:00
3947,02110000003947,2,21,USD,active,1097.62,1597.62,2020-06-20T10:53:14+00:00,,2026-09-22T19:19:41+00:00,21,2026-09-22T19:19:41+00:00
3948,02110000003948,3,21,USD,active,6544.09,6544.09,2022-07-25T01:55:40+00:00,,2026-08-31T22:00:00+00:00,35,2026-08-31T22:00:00+00:00
3949,02110000003949,1,20,USD,active,18024.85,18024.85,2012-11-16T15:28:53+00:00,,2026-09-19T12:58:22+00:00,18,2026-09-19T12:58:22+00:00
3950,02110000003950,8,20,USD,active,878.44,121.56,2014-02-17T13:53:18+00:00,,2026-09-12T20:10:34+00:00,17,2026-09-12T20:10:34+00:00
3951,02100000003951,1,7,USD,active,11491.20,11491.20,2018-08-21T16:43:56+00:00,,2026-09-21T12:53:20+00:00,18,2026-09-21T12:53:20+00:00
3952,02100000003952,3,7,USD,active,3050.75,3050.75,2018-12-05T09:32:27+00:00,,2026-08-31T22:00:00+00:00,32,2026-08-31T22:00:00+00:00
3953,02100000003953,1,11,USD,active,15342.93,15342.93,2013-09-05T22:40:41+00:00,,2026-09-14T09:00:00+00:00,40,2026-09-14T09:00:00+00:00
3954,02100000003954,1,11,USD,active,9513.97,9513.97,2014-08-18T23:13:11+00:00,,2026-09-17T15:21:45+00:00,15,2026-09-17T15:21:45+00:00
3955,02100000003955,3,11,USD,active,2644.19,2644.19,2024-09-08T02:36:44+00:00,,2026-08-31T22:00:00+00:00,17,2026-08-31T22:00:00+00:00
3956,02110000003956,1,24,USD,active,7406.33,7406.33,2010-08-30T01:21:49+00:00,,2026-09-08T01:23:20+00:00,1,2026-09-08T01:23:20+00:00
3957,02110000003957,9,24,USD,active,0,10000.00,2022-05-25T03:51:21+00:00,,,0,2022-05-25T03:51:21+00:00
3958,02110000003958,15,24,EUR,active,9420.20,9420.20,2019-08-25T03:28:42+00:00,,2026-04-30T23:59:00+00:00,7,2026-04-30T23:59:00+00:00
3959,02110000003959,1,15,USD,active,34971.85,34971.85,2023-11-06T13:18:27+00:00,,2026-09-16T09:00:00+00:00,23,2026-09-16T09:00:00+00:00
3960,02110000003960,3,15,USD,active,4868.88,4868.88,2025-12-04T13:00:37+00:00,,2026-08-31T22:00:00+00:00,10,2026-08-31T22:00:00+00:00
3961,02100000003961,1,6,USD,active,20543.55,20543.55,2021-01-24T13:51:40+00:00,,2026-09-22T20:19:51+00:00,24,2026-09-22T20:19:51+00:00
3962,02100000003962,1,12,USD,active,23035.50,23035.50,2013-05-24T18:49:51+00:00,,2026-09-19T09:00:00+00:00,20,2026-09-19T09:00:00+00:00
3963,02100000003963,9,12,USD,active,1044.35,13955.65,2018-12-15T19:15:00+00:00,,2026-09-22T16:23:20+00:00,27,2026-09-22T16:23:20+00:00
3964,02100000003964,1,8,USD,active,20641.12,20641.12,2025-09-09T05:35:34+00:00,,2026-09-21T14:59:43+00:00,19,2026-09-21T14:59:43+00:00
3965,02100000003965,1,4,USD,active,8340.55,8340.55,2026-07-07T17:28:55+00:00,,2026-09-21T09:00:00+00:00,23,2026-09-21T09:00:00+00:00
3966,02100000003966,3,4,USD,active,5041.02,5041.02,2026-09-16T07:48:11+00:00,,2026-09-16T07:53:11+00:00,35,2026-09-16T07:53:11+00:00
3967,02100000003967,8,4,USD,active,0,2500.00,2026-09-10T21:17:05+00:00,,,0,2026-09-10T21:17:05+00:00
3968,02110000003968,2,19,USD,active,17802.33,18302.33,2010-11-25T09:38:20+00:00,,2026-09-22T12:07:34+00:00,25,2026-09-22T12:07:34+00:00
3969,02110000003969,2,13,USD,active,21786.60,22286.60,2023-09-09T15:24:04+00:00,,2026-09-19T17:57:55+00:00,18,2026-09-19T17:57:55+00:00
3970,02110000003970,2,25,USD,active,22718.00,23218.00,2008-12-22T01:05:25+00:00,,2026-09-22T12:05:30+00:00,28,2026-09-22T12:05:30+00:00
3971,02110000003971,3,25,USD,active,5193.20,5193.20,2012-11-10T04:39:46+00:00,,2026-08-31T22:00:00+00:00,14,2026-08-31T22:00:00+00:00
3972,02100000003972,2,9,USD,active,22545.10,23045.10,2022-10-22T03:07:38+00:00,,2026-09-14T09:00:00+00:00,6,2026-09-14T09:00:00+00:00
3973,02100000003973,3,9,USD,active,5569.60,5569.60,2024-02-06T12:43:26+00:00,,2026-08-31T22:00:00+00:00,9,2026-08-31T22:00:00+00:00
3974,02100000003974,8,9,USD,active,5733.99,19266.01,2023-12-06T07:46:39+00:00,,2026-09-19T21:08:55+00:00,26,2026-09-19T21:08:55+00:00
3975,02100000003975,1,9,USD,active,4169.09,4169.09,2011-04-29T23:02:39+00:00,,2026-09-18T22:44:38+00:00,11,2026-09-18T22:44:38+00:00
3976,02100000003976,1,4,USD,active,14809.28,14809.28,2010-12-14T20:50:32+00:00,,2026-09-21T18:34:11+00:00,38,2026-09-21T18:34:11+00:00
3977,02100000003977,3,4,USD,active,3228.66,3228.66,2016-03-16T13:58:52+00:00,,2026-08-31T22:00:00+00:00,14,2026-08-31T22:00:00+00:00
3978,02100000003978,5,4,USD,active,35074.76,35074.76,2023-10-23T04:13:03+00:00,,2026-08-31T22:00:00+00:00,20,2026-08-31T22:00:00+00:00
3979,02100000003979,9,4,USD,active,0.00,5000.00,2022-08-17T08:45:30+00:00,,2026-05-25T18:00:00+00:00,36,2026-05-25T18:00:00+00:00
3980,02110000003980,1,16,USD,active,6099.84,6099.84,2008-10-11T14:25:50+00:00,,2026-09-13T09:00:00+00:00,3,2026-09-13T09:00:00+00:00
3981,02110000003981,4,16,USD,active,13775.21,13775.21,2017-04-17T19:12:53+00:00,,2026-08-31T22:00:00+00:00,22,2026-08-31T22:00:00+00:00
3982,02110000003982,5,16,USD,active,21494.45,21494.45,2017-02-04T14:16:37+00:00,,2026-08-31T22:00:00+00:00,38,2026-08-31T22:00:00+00:00
3983,02110000003983,9,16,USD,active,3324.38,11675.62,2015-10-27T16:08:38+00:00,,2026-09-21T13:13:42+00:00,23,2026-09-21T13:13:42+00:00
3984,02110000003984,2,16,USD,active,2111.40,2611.40,2022-03-12T03:36:25+00:00,,2026-09-15T13:51:54+00:00,20,2026-09-15T13:51:54+00:00
3985,02110000003985,2,15,USD,active,84434.70,84934.70,2024-04-08T11:26:04+00:00,,2026-09-18T19:07:50+00:00,23,2026-09-18T19:07:50+00:00
3986,02110000003986,4,15,USD,active,18094.48,18094.48,2025-03-03T17:44:31+00:00,,2026-08-31T22:00:00+00:00,31,2026-08-31T22:00:00+00:00
3987,02100000003987,2,9,USD,active,2258.64,2758.64,2008-10-25T11:57:17+00:00,,2026-09-22T14:47:01+00:00,22,2026-09-22T14:47:01+00:00
3988,02100000003988,4,9,USD,closed,0,0,2024-02-20T02:05:14+00:00,2025-05-22T20:41:18+00:00,,0,2025-05-22T20:41:18+00:00
3989,02110000003989,1,15,USD,active,1780.27,1780.27,2013-10-19T06:12:01+00:00,,2026-09-21T13:39:57+00:00,22,2026-09-21T13:39:57+00:00
3990,02110000003990,4,15,USD,active,14814.60,14814.60,2013-10-28T22:25:24+00:00,,2026-08-31T22:00:00+00:00,3,2026-08-31T22:00:00+00:00
3991,02100000003991,1,6,USD,active,1074.33,1074.33,2024-11-30T05:32:53+00:00,,2026-09-16T20:08:56+00:00,13,2026-09-16T20:08:56+00:00
3992,02100000003992,4,6,USD,active,58455.12,58455.12,2025-01-26T08:45:01+00:00,,2026-08-31T22:00:00+00:00,5,2026-08-31T22:00:00+00:00
3993,02100000003993,1,8,USD,active,9368.65,9368.65,2022-10-19T00:53:07+00:00,,2026-09-21T15:13:26+00:00,18,2026-09-21T15:13:26+00:00
3994,02100000003994,3,8,USD,active,8310.44,8310.44,2024-08-01T17:05:48+00:00,,2026-08-31T22:00:00+00:00,10,2026-08-31T22:00:00+00:00
3995,02110000003995,1,18,USD,active,28630.47,28630.47,2022-07-21T10:27:43+00:00,,2026-09-21T12:24:21+00:00,11,2026-09-21T12:24:21+00:00
3996,02110000003996,3,18,USD,active,5740.95,5740.95,2026-07-12T12:11:45+00:00,,2026-08-31T22:00:00+00:00,35,2026-08-31T22:00:00+00:00
3997,02110000003997,9,18,USD,active,0,5000.00,2026-08-14T22:53:56+00:00,,,0,2026-08-14T22:53:56+00:00
3998,02100000003998,1,5,USD,active,13310.62,13310.62,2014-05-05T23:29:23+00:00,,2026-09-14T09:00:00+00:00,34,2026-09-14T09:00:00+00:00
3999,02100000003999,5,5,USD,active,19168.63,19168.63,2016-12-13T08:53:53+00:00,,2026-08-31T22:00:00+00:00,8,2026-08-31T22:00:00+00:00
4000,02100000004000,8,5,USD,active,4556.53,5443.47,2023-01-02T10:38:00+00:00,,2026-07-28T15:53:03+00:00,9,2026-07-28T15:53:03+00:00
4001,02100000004001,2,8,USD,active,29687.26,30187.26,2021-04-24T16:29:19+00:00,,2026-09-22T17:57:52+00:00,7,2026-09-22T17:57:52+00:00
4002,02100000004002,1,12,USD,active,3798.42,3798.42,2010-10-23T19:54:08+00:00,,2026-09-16T09:00:00+00:00,30,2026-09-16T09:00:00+00:00
4003,02100000004003,4,12,USD,active,40402.78,40402.78,2012-02-21T14:17:53+00:00,,2026-08-31T22:00:00+00:00,6,2026-08-31T22:00:00+00:00
4004,02100000004004,2,6,USD,active,1318.41,1818.41,2023-01-01T12:50:11+00:00,,2026-09-19T22:56:22+00:00,14,2026-09-19T22:56:22+00:00
4005,02100000004005,9,6,USD,active,3948.67,21051.33,2026-03-16T05:08:27+00:00,,2026-09-22T14:31:13+00:00,15,2026-09-22T14:31:13+00:00
4006,02110000004006,1,19,USD,active,3845.39,3845.39,2017-03-25T13:55:17+00:00,,2026-09-12T09:00:00+00:00,20,2026-09-12T09:00:00+00:00
4007,02110000004007,8,19,USD,active,1110.40,3889.60,2021-06-11T02:50:22+00:00,,2026-09-16T15:41:23+00:00,1,2026-09-16T15:41:23+00:00
4008,02110000004008,8,24,USD,active,0,25000.00,2018-11-03T07:30:39+00:00,,,0,2018-11-03T07:30:39+00:00
4009,02110000004009,2,21,USD,active,6632.16,7132.16,2013-04-10T22:21:08+00:00,,2026-09-20T19:43:51+00:00,7,2026-09-20T19:43:51+00:00
4010,02110000004010,3,21,USD,active,9187.81,9187.81,2017-02-25T11:35:05+00:00,,2026-08-31T22:00:00+00:00,9,2026-08-31T22:00:00+00:00
4011,02100000004011,2,2,USD,active,446.56,946.56,2013-12-10T17:51:28+00:00,,2026-09-21T23:18:19+00:00,28,2026-09-21T23:18:19+00:00
4012,02100000004012,3,2,USD,active,8179.47,8179.47,2023-02-20T09:27:52+00:00,,2026-08-31T22:00:00+00:00,17,2026-08-31T22:00:00+00:00
4013,02110000004013,1,13,USD,active,22711.83,22711.83,2011-05-03T06:12:57+00:00,,2026-09-09T09:00:00+00:00,20,2026-09-09T09:00:00+00:00
4014,02110000004014,9,13,USD,active,186.23,7313.77,2011-05-18T17:03:17+00:00,,2026-09-14T18:26:28+00:00,39,2026-09-14T18:26:28+00:00
4015,02100000004015,1,3,USD,active,444.66,444.66,2010-11-28T21:32:12+00:00,,2026-09-21T23:45:05+00:00,15,2026-09-21T23:45:05+00:00
4016,02100000004016,3,3,USD,active,1037.13,1037.13,2026-03-27T22:43:54+00:00,,2026-08-31T22:00:00+00:00,29,2026-08-31T22:00:00+00:00
4017,02110000004017,1,25,USD,dormant,176.40,176.40,2009-08-17T08:38:54+00:00,,2026-08-31T22:00:00+00:00,18,2026-08-31T22:00:00+00:00
4018,02110000004018,3,25,USD,active,1056.53,1056.53,2014-03-09T01:17:18+00:00,,2026-08-31T22:00:00+00:00,9,2026-08-31T22:00:00+00:00
4019,02110000004019,9,25,USD,active,0,1000.00,2015-05-16T15:54:36+00:00,,,0,2015-05-16T15:54:36+00:00
4020,02100000004020,1,7,USD,active,14867.90,14867.90,2018-10-04T19:56:19+00:00,,2026-09-21T22:50:42+00:00,36,2026-09-21T22:50:42+00:00
4021,02110000004021,2,23,USD,active,8202.52,8702.52,2008-10-11T15:01:34+00:00,,2026-09-19T09:00:00+00:00,36,2026-09-19T09:00:00+00:00
4022,02110000004022,4,23,USD,active,11658.51,11658.51,2025-03-24T06:56:39+00:00,,2026-08-31T22:00:00+00:00,5,2026-08-31T22:00:00+00:00
4023,02110000004023,15,23,EUR,active,1074.76,1074.76,2012-08-23T16:21:24+00:00,,2026-08-31T22:00:00+00:00,10,2026-08-31T22:00:00+00:00
4024,02100000004024,1,10,USD,active,48749.77,48749.77,2011-10-10T06:35:38+00:00,,2026-09-22T17:14:48+00:00,40,2026-09-22T17:14:48+00:00
4025,02110000004025,1,24,USD,closed,0,0,2025-12-09T19:49:02+00:00,2026-02-13T16:47:38+00:00,,0,2026-02-13T16:47:38+00:00
4026,02110000004026,4,24,USD,active,1912.20,1912.20,2026-05-26T09:11:15+00:00,,2026-08-31T22:00:00+00:00,23,2026-08-31T22:00:00+00:00
4027,02110000004027,1,13,USD,active,2695.39,2695.39,2026-05-23T10:01:05+00:00,,2026-09-21T13:36:25+00:00,20,2026-09-21T13:36:25+00:00
4028,02110000004028,9,13,USD,active,0,10000.00,2026-07-27T02:14:35+00:00,,,0,2026-07-27T02:14:35+00:00
4029,02100000004029,1,8,USD,active,8873.57,8873.57,2023-01-08T17:52:25+00:00,,2026-09-18T23:24:30+00:00,21,2026-09-18T23:24:30+00:00
4030,02110000004030,1,14,USD,active,8615.66,8615.66,2024-12-29T11:01:26+00:00,,2026-09-22T18:11:25+00:00,15,2026-09-22T18:11:25+00:00
4031,02110000004031,1,16,USD,active,31044.19,31044.19,2017-05-01T11:05:09+00:00,,2026-09-17T09:00:00+00:00,28,2026-09-17T09:00:00+00:00
4032,02110000004032,9,16,USD,active,2503.42,4996.58,2023-02-20T19:06:41+00:00,,2026-09-19T12:40:29+00:00,33,2026-09-19T12:40:29+00:00
4033,02110000004033,1,15,USD,active,3666.90,3666.90,2017-04-07T21:35:32+00:00,,2026-09-16T09:00:00+00:00,1,2026-09-16T09:00:00+00:00
4034,02110000004034,4,15,USD,active,8974.35,8974.35,2018-03-25T00:37:01+00:00,,2026-08-31T22:00:00+00:00,8,2026-08-31T22:00:00+00:00
4035,02110000004035,9,15,USD,active,4997.72,2.28,2025-07-20T13:58:12+00:00,,2026-09-06T14:43:11+00:00,29,2026-09-06T14:43:11+00:00
4036,02110000004036,1,20,USD,active,4124.66,4124.66,2024-04-19T06:19:19+00:00,,2026-09-18T11:03:54+00:00,26,2026-09-18T11:03:54+00:00
4037,02110000004037,3,20,USD,active,2287.07,2287.07,2025-06-20T08:42:32+00:00,,2026-08-31T22:00:00+00:00,31,2026-08-31T22:00:00+00:00
4038,02110000004038,8,20,USD,active,3899.57,6100.43,2026-05-07T04:15:32+00:00,,2026-09-16T22:02:37+00:00,23,2026-09-16T22:02:37+00:00
4039,02100000004039,1,9,USD,active,740.58,740.58,2014-11-06T09:58:46+00:00,,2026-09-21T13:03:11+00:00,20,2026-09-21T13:03:11+00:00
4040,02110000004040,1,19,USD,active,2323.03,2323.03,2008-02-26T18:53:43+00:00,,2026-09-21T13:40:44+00:00,40,2026-09-21T13:40:44+00:00
4041,02110000004041,5,19,USD,active,12372.73,12372.73,2015-01-10T10:19:38+00:00,,2026-08-31T22:00:00+00:00,39,2026-08-31T22:00:00+00:00
4042,02100000004042,2,11,USD,active,32154.16,32654.16,2011-07-26T12:45:02+00:00,,2026-09-21T09:45:14+00:00,38,2026-09-21T09:45:14+00:00
4043,02100000004043,1,2,USD,active,5649.25,5649.25,2021-11-09T21:22:57+00:00,,2026-09-20T16:48:55+00:00,32,2026-09-20T16:48:55+00:00
4044,02100000004044,4,2,USD,dormant,291.13,291.13,2023-02-21T13:04:43+00:00,,2026-08-31T22:00:00+00:00,20,2026-08-31T22:00:00+00:00
4045,02110000004045,1,15,USD,active,6197.17,6197.17,2021-01-31T21:10:16+00:00,,2026-09-22T19:23:30+00:00,24,2026-09-22T19:23:30+00:00
4046,02110000004046,3,15,USD,active,1356.47,1356.47,2024-10-26T10:57:05+00:00,,2026-08-31T22:00:00+00:00,13,2026-08-31T22:00:00+00:00
4047,02100000004047,1,6,USD,active,14028.12,14028.12,2011-09-17T22:33:09+00:00,,2026-09-20T17:24:46+00:00,21,2026-09-20T17:24:46+00:00
4048,02100000004048,4,6,USD,active,16298.17,16298.17,2025-04-29T09:40:20+00:00,,2026-08-31T22:00:00+00:00,15,2026-08-31T22:00:00+00:00
4049,02100000004049,5,6,USD,active,46311.77,46311.77,2021-04-06T03:08:22+00:00,,2026-08-31T22:00:00+00:00,26,2026-08-31T22:00:00+00:00
4050,02100000004050,2,8,USD,active,33043.33,33543.33,2026-02-02T17:43:40+00:00,,2026-09-22T12:50:08+00:00,19,2026-09-22T12:50:08+00:00
4051,02110000004051,2,14,USD,active,42833.71,43333.71,2014-02-25T23:58:48+00:00,,2026-09-20T19:26:31+00:00,15,2026-09-20T19:26:31+00:00
4052,02110000004052,3,14,USD,active,2306.72,2306.72,2015-02-23T01:11:31+00:00,,2026-08-31T22:00:00+00:00,31,2026-08-31T22:00:00+00:00
4053,02110000004053,1,14,USD,active,7514.18,7514.18,2010-10-10T09:28:02+00:00,,2026-09-21T22:48:35+00:00,32,2026-09-21T22:48:35+00:00
4054,02110000004054,3,14,USD,closed,0,0,2022-09-07T08:43:02+00:00,2025-09-30T18:19:14+00:00,,0,2025-09-30T18:19:14+00:00
4055,02100000004055,1,9,USD,active,13995.47,13995.47,2009-10-31T12:09:25+00:00,,2026-09-22T16:20:32+00:00,20,2026-09-22T16:20:32+00:00
4056,02100000004056,4,9,USD,active,20149.66,20149.66,2025-10-08T14:55:00+00:00,,2026-08-31T22:00:00+00:00,31,2026-08-31T22:00:00+00:00
4057,02100000004057,1,7,USD,active,14277.00,14277.00,2026-05-01T16:18:56+00:00,,2026-09-22T17:54:45+00:00,17,2026-09-22T17:54:45+00:00
4058,02100000004058,3,7,USD,active,1302.08,1302.08,2026-07-09T21:16:55+00:00,,2026-08-31T22:00:00+00:00,38,2026-08-31T22:00:00+00:00
4059,02100000004059,2,12,USD,active,24627.17,25127.17,2026-03-21T14:45:40+00:00,,2026-09-22T19:57:42+00:00,13,2026-09-22T19:57:42+00:00
4060,02110000004060,1,25,USD,active,11243.15,11243.15,2020-01-01T18:12:21+00:00,,2026-09-22T19:18:37+00:00,2,2026-09-22T19:18:37+00:00
4061,02110000004061,3,25,USD,active,3134.81,3134.81,2021-04-27T00:09:01+00:00,,2026-08-31T22:00:00+00:00,5,2026-08-31T22:00:00+00:00
4062,02110000004062,1,13,USD,active,116.95,116.95,2008-11-13T21:32:03+00:00,,2026-09-21T17:48:16+00:00,26,2026-09-21T17:48:16+00:00
4063,02110000004063,8,13,USD,active,0,15000.00,2018-12-20T23:56:10+00:00,,,0,2018-12-20T23:56:10+00:00
4064,02110000004064,2,25,USD,active,7736.85,8236.85,2020-02-18T03:10:26+00:00,,2026-09-17T09:00:00+00:00,4,2026-09-17T09:00:00+00:00
4065,02110000004065,3,25,USD,active,3600.99,3600.99,2022-10-15T10:50:19+00:00,,2026-08-31T22:00:00+00:00,11,2026-08-31T22:00:00+00:00
4066,02110000004066,8,25,USD,active,1514.62,3485.38,2022-04-04T03:01:17+00:00,,2026-09-21T22:40:45+00:00,37,2026-09-21T22:40:45+00:00
4067,02100000004067,1,7,USD,active,20606.19,20606.19,2009-01-17T11:55:47+00:00,,2026-09-21T09:00:00+00:00,15,2026-09-21T09:00:00+00:00
4068,02100000004068,4,7,USD,active,14348.05,14348.05,2020-05-26T15:10:33+00:00,,2026-08-31T22:00:00+00:00,12,2026-08-31T22:00:00+00:00
4069,02100000004069,8,7,USD,active,7152.45,17847.55,2026-06-06T22:54:34+00:00,,2026-09-21T21:43:11+00:00,14,2026-09-21T21:43:11+00:00
4070,02100000004070,1,4,USD,active,34758.43,34758.43,2021-12-02T07:39:16+00:00,,2026-09-11T09:00:00+00:00,7,2026-09-11T09:00:00+00:00
4071,02100000004071,4,4,USD,active,10112.54,10112.54,2025-03-05T10:02:04+00:00,,2026-08-31T22:00:00+00:00,33,2026-08-31T22:00:00+00:00
4072,02100000004072,9,4,USD,active,487.78,9512.22,2024-03-25T18:06:28+00:00,,2026-09-18T18:57:37+00:00,31,2026-09-18T18:57:37+00:00
4073,02110000004073,1,22,USD,active,17609.02,17609.02,2012-07-17T23:59:41+00:00,,2026-09-22T20:21:23+00:00,32,2026-09-22T20:21:23+00:00
4074,02110000004074,3,22,USD,active,7791.94,7791.94,2019-12-19T18:14:37+00:00,,2026-08-31T22:00:00+00:00,7,2026-08-31T22:00:00+00:00
4075,02110000004075,1,18,USD,active,11525.01,11525.01,2026-06-17T16:57:08+00:00,,2026-09-17T15:23:28+00:00,22,2026-09-17T15:23:28+00:00
4076,02110000004076,5,18,USD,active,4489.70,4489.70,2026-08-02T06:26:56+00:00,,2026-08-31T22:00:00+00:00,15,2026-08-31T22:00:00+00:00
4077,02110000004077,9,18,USD,frozen,0,2500.00,2026-06-29T08:11:00+00:00,,,0,2026-06-29T08:11:00+00:00
4078,02110000004078,8,23,USD,active,4740.00,2760.00,2019-04-13T00:16:25+00:00,,2026-07-31T22:00:00+00:00,23,2026-07-31T22:00:00+00:00
4079,02110000004079,1,22,USD,active,34833.87,34833.87,2008-05-18T14:03:14+00:00,,2026-09-15T09:00:00+00:00,13,2026-09-15T09:00:00+00:00
4080,02110000004080,9,22,USD,active,1663.60,836.40,2021-06-15T06:47:50+00:00,,2026-09-21T19:13:46+00:00,25,2026-09-21T19:13:46+00:00
4081,02110000004081,1,16,USD,active,1327.43,1327.43,2017-09-26T06:45:30+00:00,,2026-09-20T23:09:33+00:00,8,2026-09-20T23:09:33+00:00
4082,02110000004082,3,16,USD,active,2146.84,2146.84,2018-11-03T12:43:12+00:00,,2026-08-31T22:00:00+00:00,24,2026-08-31T22:00:00+00:00
4083,02100000004083,1,4,USD,active,6364.23,6364.23,2011-11-30T01:47:06+00:00,,2026-09-20T22:50:22+00:00,17,2026-09-20T22:50:22+00:00
4084,02110000004084,2,20,USD,active,25015.44,25515.44,2019-05-17T03:08:42+00:00,,2026-09-21T19:51:40+00:00,14,2026-09-21T19:51:40+00:00
4085,02110000004085,1,16,USD,active,7926.75,7926.75,2008-01-12T22:45:45+00:00,,2026-09-16T09:00:00+00:00,19,2026-09-16T09:00:00+00:00
4086,02110000004086,9,16,USD,active,1138.30,1361.70,2025-09-28T23:27:27+00:00,,2026-09-21T23:40:17+00:00,19,2026-09-21T23:40:17+00:00
4087,02100000004087,1,7,USD,active,22052.02,22052.02,2026-06-03T16:55:08+00:00,,2026-09-22T15:37:02+00:00,7,2026-09-22T15:37:02+00:00
4088,02100000004088,9,7,USD,active,0,25000.00,2026-08-04T05:50:54+00:00,,,0,2026-08-04T05:50:54+00:00
4089,02110000004089,1,19,USD,active,7316.32,7316.32,2012-06-03T15:51:05+00:00,,2026-09-21T15:34:55+00:00,23,2026-09-21T15:34:55+00:00
4090,02100000004090,1,10,USD,active,8973.45,8973.45,2022-09-20T09:11:05+00:00,,2026-09-20T23:58:23+00:00,4,2026-09-20T23:58:23+00:00
4091,02110000004091,2,22,USD,active,24761.45,25261.45,2008-06-19T04:27:41+00:00,,2026-09-19T21:31:37+00:00,15,2026-09-19T21:31:37+00:00
4092,02110000004092,4,22,USD,closed,0,0,2025-08-17T06:19:36+00:00,2026-04-19T21:30:35+00:00,,0,2026-04-19T21:30:35+00:00
4093,02110000004093,2,16,USD,active,8448.59,8948.59,2014-03-15T23:42:56+00:00,,2026-09-21T23:30:57+00:00,13,2026-09-21T23:30:57+00:00
4094,02110000004094,9,16,USD,active,0,5000.00,2026-06-05T13:51:52+00:00,,,0,2026-06-05T13:51:52+00:00
4095,02100000004095,1,7,USD,dormant,192.60,192.60,2019-07-01T13:02:32+00:00,,2026-08-31T22:00:00+00:00,8,2026-08-31T22:00:00+00:00
4096,02100000004096,5,7,USD,active,6731.25,6731.25,2021-04-19T23:51:30+00:00,,2026-08-31T22:00:00+00:00,26,2026-08-31T22:00:00+00:00
4097,02100000004097,8,7,USD,active,0,10000.00,2023-07-08T12:39:52+00:00,,,0,2023-07-08T12:39:52+00:00
4098,02110000004098,1,25,USD,active,7273.84,7273.84,2011-01-25T23:11:29+00:00,,2026-09-13T20:35:29+00:00,13,2026-09-13T20:35:29+00:00
4099,02110000004099,5,25,USD,active,10895.57,10895.57,2022-12-12T12:30:45+00:00,,2026-08-31T22:00:00+00:00,26,2026-08-31T22:00:00+00:00
4100,02100000004100,1,4,USD,active,25536.07,25536.07,2019-06-04T02:03:01+00:00,,2026-09-18T19:22:55+00:00,21,2026-09-18T19:22:55+00:00
4101,02100000004101,15,4,EUR,active,1067.22,1067.22,2022-05-21T09:46:17+00:00,,2026-08-31T22:00:00+00:00,36,2026-08-31T22:00:00+00:00
4102,02110000004102,1,23,USD,active,3236.29,3236.29,2024-06-15T10:32:42+00:00,,2026-09-10T17:05:15+00:00,38,2026-09-10T17:05:15+00:00
4103,02110000004103,4,23,USD,active,2397.48,2397.48,2026-07-19T12:18:34+00:00,,2026-08-31T22:00:00+00:00,1,2026-08-31T22:00:00+00:00
4104,02110000004104,1,21,USD,active,4951.77,4951.77,2023-06-21T19:36:48+00:00,,2026-09-16T21:45:00+00:00,17,2026-09-16T21:45:00+00:00
4105,02110000004105,3,21,USD,active,10486.45,10486.45,2025-05-16T09:15:19+00:00,,2026-08-31T22:00:00+00:00,20,2026-08-31T22:00:00+00:00
4106,02110000004106,8,21,USD,active,196.80,4803.20,2025-08-07T10:17:57+00:00,,2026-09-20T17:53:30+00:00,38,2026-09-20T17:53:30+00:00
4107,02110000004107,1,25,USD,active,6069.06,6069.06,2013-11-17T20:17:39+00:00,,2026-09-22T19:53:52+00:00,26,2026-09-22T19:53:52+00:00
4108,02100000004108,1,9,USD,active,3626.29,3626.29,2013-10-02T22:57:42+00:00,,2026-09-11T16:30:00+00:00,38,2026-09-11T16:30:00+00:00
4109,02100000004109,4,9,USD,active,6821.73,6821.73,2024-09-30T04:59:39+00:00,,2026-08-31T22:00:00+00:00,21,2026-08-31T22:00:00+00:00
4110,02100000004110,8,9,USD,active,2352.06,7647.94,2020-05-12T17:28:11+00:00,,2026-09-19T15:12:37+00:00,14,2026-09-19T15:12:37+00:00
4111,02110000004111,2,24,USD,closed,0,0,2008-02-12T22:30:27+00:00,2020-07-06T16:27:11+00:00,,0,2020-07-06T16:27:11+00:00
4112,02110000004112,9,24,USD,active,0,1000.00,2020-10-22T08:23:26+00:00,,,0,2020-10-22T08:23:26+00:00
4113,02100000004113,1,5,USD,active,3467.45,3467.45,2020-06-28T08:17:38+00:00,,2026-09-18T09:47:05+00:00,34,2026-09-18T09:47:05+00:00
4114,02100000004114,8,5,USD,active,1087.37,6412.63,2021-07-26T19:41:22+00:00,,2026-09-09T13:06:52+00:00,31,2026-09-09T13:06:52+00:00
4115,02110000004115,1,25,USD,active,3829.14,3829.14,2019-06-24T06:12:41+00:00,,2026-09-20T17:37:09+00:00,9,2026-09-20T17:37:09+00:00
4116,02110000004116,3,25,USD,active,2700.11,2700.11,2024-04-08T09:43:03+00:00,,2026-08-31T22:00:00+00:00,38,2026-08-31T22:00:00+00:00
4117,02110000004117,1,14,USD,active,1944.99,1944.99,2020-11-13T23:46:05+00:00,,2026-09-22T18:06:35+00:00,10,2026-09-22T18:06:35+00:00
4118,02110000004118,4,14,USD,active,6208.47,6208.47,2022-04-07T06:07:39+00:00,,2026-08-31T22:00:00+00:00,35,2026-08-31T22:00:00+00:00
4119,02110000004119,2,25,USD,active,15234.86,15734.86,2019-05-21T20:43:52+00:00,,2026-09-22T20:28:45+00:00,14,2026-09-22T20:28:45+00:00
4120,02110000004120,3,25,USD,active,6770.58,6770.58,2019-11-02T23:53:22+00:00,,2026-08-31T22:00:00+00:00,10,2026-08-31T22:00:00+00:00
4121,02110000004121,1,15,USD,dormant,2.97,2.97,2025-08-15T17:34:34+00:00,,2026-06-30T22:00:00+00:00,28,2026-06-30T22:00:00+00:00
4122,02110000004122,3,15,USD,active,311.53,311.53,2025-11-28T08:04:17+00:00,,2026-08-31T22:00:00+00:00,22,2026-08-31T22:00:00+00:00
4123,02110000004123,9,22,USD,active,0,7500.00,2016-07-04T05:47:21+00:00,,,0,2016-07-04T05:47:21+00:00
4124,02110000004124,2,20,USD,active,28043.08,28543.08,2010-03-20T20:39:05+00:00,,2026-09-20T09:00:00+00:00,40,2026-09-20T09:00:00+00:00
4125,02110000004125,3,20,USD,active,1670.47,1670.47,2014-08-11T04:21:13+00:00,,2026-08-31T22:00:00+00:00,17,2026-08-31T22:00:00+00:00
4126,02110000004126,1,14,USD,active,1504.79,1504.79,2018-03-09T03:26:16+00:00,,2026-09-19T16:02:28+00:00,8,2026-09-19T16:02:28+00:00
4127,02110000004127,9,14,USD,active,998.53,4001.47,2021-07-15T03:29:00+00:00,,2026-08-25T18:00:00+00:00,19,2026-08-25T18:00:00+00:00
4128,02100000004128,2,9,USD,active,32955.05,33455.05,2017-06-04T03:25:42+00:00,,2026-09-19T19:32:13+00:00,36,2026-09-19T19:32:13+00:00
4129,02100000004129,2,11,USD,active,8113.54,8613.54,2018-07-25T02:10:29+00:00,,2026-09-13T09:00:00+00:00,27,2026-09-13T09:00:00+00:00
4130,02100000004130,8,11,USD,active,2344.90,7655.10,2023-08-28T02:16:35+00:00,,2026-09-19T18:51:50+00:00,20,2026-09-19T18:51:50+00:00
4131,02100000004131,2,3,USD,active,7605.98,8105.98,2016-04-07T22:43:02+00:00,,2026-08-11T17:47:33+00:00,9,2026-08-11T17:47:33+00:00
4132,02100000004132,3,3,USD,active,2472.47,2472.47,2022-07-08T02:43:10+00:00,,2026-08-31T22:00:00+00:00,15,2026-08-31T22:00:00+00:00
4133,02100000004133,1,9,USD,active,25237.08,25237.08,2022-09-06T16:45:09+00:00,,2026-09-13T09:00:00+00:00,25,2026-09-13T09:00:00+00:00
4134,02100000004134,3,9,USD,active,5794.56,5794.56,2024-07-25T05:24:11+00:00,,2026-08-31T22:00:00+00:00,38,2026-08-31T22:00:00+00:00
4135,02100000004135,9,9,USD,active,945.51,54.49,2024-04-12T09:20:27+00:00,,2026-09-19T12:43:51+00:00,26,2026-09-19T12:43:51+00:00
4136,02100000004136,2,3,USD,active,13747.06,14247.06,2014-10-04T04:40:07+00:00,,2026-09-20T20:26:19+00:00,18,2026-09-20T20:26:19+00:00
4137,02100000004137,2,8,USD,dormant,168.60,168.60,2009-03-15T10:36:01+00:00,,2026-08-31T22:00:00+00:00,3,2026-08-31T22:00:00+00:00
4138,02110000004138,2,14,USD,active,18730.68,19230.68,2008-05-22T21:44:20+00:00,,2026-09-22T19:38:32+00:00,11,2026-09-22T19:38:32+00:00
4139,02110000004139,4,14,USD,active,59151.36,59151.36,2025-07-19T08:43:46+00:00,,2026-08-31T22:00:00+00:00,11,2026-08-31T22:00:00+00:00
4140,02110000004140,9,14,USD,active,0.00,10000.00,2024-06-22T02:15:54+00:00,,2026-08-25T18:00:00+00:00,28,2026-08-25T18:00:00+00:00
4141,02110000004141,1,15,USD,active,2446.53,2446.53,2009-10-12T00:51:26+00:00,,2026-09-20T21:10:43+00:00,7,2026-09-20T21:10:43+00:00
4142,02110000004142,2,23,USD,active,8977.82,9477.82,2018-04-11T02:14:11+00:00,,2026-09-21T23:02:21+00:00,22,2026-09-21T23:02:21+00:00
4143,02110000004143,3,23,USD,active,6830.90,6830.90,2025-04-04T00:46:40+00:00,,2026-08-31T22:00:00+00:00,3,2026-08-31T22:00:00+00:00
4144,02110000004144,1,18,USD,active,9121.35,9121.35,2014-10-10T10:28:23+00:00,,2026-09-19T16:37:47+00:00,5,2026-09-19T16:37:47+00:00
4145,02110000004145,3,18,USD,active,4532.05,4532.05,2025-04-24T19:01:41+00:00,,2026-08-31T22:00:00+00:00,36,2026-08-31T22:00:00+00:00
4146,02100000004146,8,9,USD,active,0,2500.00,2026-03-18T10:54:31+00:00,,,0,2026-03-18T10:54:31+00:00
4147,02100000004147,1,5,USD,active,26323.64,26323.64,2025-04-12T10:20:33+00:00,,2026-09-22T12:28:08+00:00,34,2026-09-22T12:28:08+00:00
4148,02100000004148,5,5,USD,active,36355.13,36355.13,2025-09-11T23:11:18+00:00,,2026-08-31T22:00:00+00:00,24,2026-08-31T22:00:00+00:00
4149,02110000004149,3,19,USD,active,5211.13,5211.13,2012-01-20T07:40:33+00:00,,2026-08-31T22:00:00+00:00,34,2026-08-31T22:00:00+00:00
4150,02110000004150,8,19,USD,active,0,5000.00,2025-09-01T01:25:34+00:00,,,0,2025-09-01T01:25:34+00:00
4151,02100000004151,2,12,USD,active,2846.63,3346.63,2022-02-20T05:13:06+00:00,,2026-09-22T20:46:35+00:00,30,2026-09-22T20:46:35+00:00
4152,02110000004152,1,24,USD,active,26101.87,26101.87,2010-09-23T14:14:09+00:00,,2026-06-02T23:06:50+00:00,9,2026-06-02T23:06:50+00:00
4153,02110000004153,3,24,USD,closed,0,0,2025-02-21T13:17:01+00:00,2026-02-12T14:28:04+00:00,,0,2026-02-12T14:28:04+00:00
4154,02100000004154,1,1,USD,active,14512.26,14512.26,2024-06-06T11:13:57+00:00,,2026-09-22T12:30:02+00:00,33,2026-09-22T12:30:02+00:00
4155,02100000004155,3,1,USD,active,2980.15,2980.15,2025-07-14T04:26:22+00:00,,2026-08-31T22:00:00+00:00,21,2026-08-31T22:00:00+00:00
4156,02100000004156,5,1,USD,closed,0,0,2025-08-20T11:53:52+00:00,2025-12-17T17:16:17+00:00,,0,2025-12-17T17:16:17+00:00
4157,02110000004157,1,25,USD,active,5964.29,5964.29,2017-08-17T06:46:42+00:00,,2026-09-21T21:46:38+00:00,17,2026-09-21T21:46:38+00:00
4158,02110000004158,4,25,USD,active,4639.34,4639.34,2026-05-25T12:00:50+00:00,,2026-08-31T22:00:00+00:00,22,2026-08-31T22:00:00+00:00
4159,02100000004159,1,5,USD,active,13014.54,13014.54,2009-02-13T11:59:42+00:00,,2026-09-22T16:40:52+00:00,15,2026-09-22T16:40:52+00:00
4160,02100000004160,4,5,USD,active,91191.54,91191.54,2009-12-11T14:08:09+00:00,,2026-08-31T22:00:00+00:00,24,2026-08-31T22:00:00+00:00
4161,02100000004161,2,1,USD,active,73868.36,74368.36,2019-10-15T02:45:19+00:00,,2026-09-22T16:00:32+00:00,12,2026-09-22T16:00:32+00:00
4162,02110000004162,1,15,USD,active,69513.40,69513.40,2021-08-23T11:13:21+00:00,,2026-09-20T23:18:44+00:00,22,2026-09-20T23:18:44+00:00
4163,02110000004163,9,15,USD,active,0,1000.00,2025-03-07T23:59:06+00:00,,,0,2025-03-07T23:59:06+00:00
4164,02110000004164,1,24,USD,active,597.97,597.97,2022-11-06T02:55:41+00:00,,2026-09-21T19:07:39+00:00,29,2026-09-21T19:07:39+00:00
4165,02110000004165,4,24,USD,active,17791.15,17791.15,2024-12-02T06:15:12+00:00,,2026-08-31T22:00:00+00:00,6,2026-08-31T22:00:00+00:00
4166,02110000004166,8,24,USD,active,0,25000.00,2023-08-13T00:58:58+00:00,,,0,2023-08-13T00:58:58+00:00
4167,02110000004167,2,23,USD,active,22633.35,23133.35,2008-03-22T09:46:48+00:00,,2026-09-19T09:00:00+00:00,1,2026-09-19T09:00:00+00:00
4168,02110000004168,8,23,USD,active,1576.10,23423.90,2022-04-16T15:58:04+00:00,,2026-09-21T16:47:59+00:00,14,2026-09-21T16:47:59+00:00
4169,02100000004169,2,2,USD,active,7753.32,8253.32,2015-03-02T13:55:27+00:00,,2026-09-21T15:39:31+00:00,21,2026-09-21T15:39:31+00:00
4170,02110000004170,1,18,USD,active,5872.10,5872.10,2008-09-07T01:46:22+00:00,,2026-09-22T04:28:49+00:00,27,2026-09-22T04:28:49+00:00
4171,02110000004171,4,18,USD,active,14191.21,14191.21,2025-03-02T05:34:04+00:00,,2026-08-31T22:00:00+00:00,32,2026-08-31T22:00:00+00:00
4172,02110000004172,8,18,USD,active,3554.78,21445.22,2023-10-03T03:19:11+00:00,,2026-09-19T13:11:09+00:00,24,2026-09-19T13:11:09+00:00
4173,02110000004173,1,22,USD,active,21684.89,21684.89,2012-07-19T19:23:07+00:00,,2026-09-09T20:21:23+00:00,36,2026-09-09T20:21:23+00:00
4174,02100000004174,1,6,USD,active,24839.99,24839.99,2009-05-11T08:44:19+00:00,,2026-09-21T18:35:27+00:00,29,2026-09-21T18:35:27+00:00
4175,02100000004175,3,6,USD,closed,0,0,2020-09-28T17:37:34+00:00,2021-09-27T23:36:59+00:00,,0,2021-09-27T23:36:59+00:00
4176,02100000004176,9,6,USD,active,0.00,2500.00,2021-03-16T03:55:07+00:00,,2026-05-25T18:00:00+00:00,7,2026-05-25T18:00:00+00:00
4177,02110000004177,1,25,USD,active,16013.87,16013.87,2016-07-13T20:08:05+00:00,,2026-09-22T03:45:28+00:00,21,2026-09-22T03:45:28+00:00
4178,02100000004178,1,7,USD,active,1136.33,1136.33,2010-06-28T10:03:48+00:00,,2026-09-20T19:12:30+00:00,17,2026-09-20T19:12:30+00:00
4179,02100000004179,3,7,USD,active,8338.88,8338.88,2011-03-03T12:18:59+00:00,,2026-08-31T22:00:00+00:00,36,2026-08-31T22:00:00+00:00
4180,02110000004180,2,18,USD,active,35973.81,36473.81,2009-01-06T03:25:20+00:00,,2026-09-21T22:42:41+00:00,3,2026-09-21T22:42:41+00:00
4181,02110000004181,3,18,USD,active,2955.11,2955.11,2023-02-02T06:53:17+00:00,,2026-08-31T22:00:00+00:00,1,2026-08-31T22:00:00+00:00
4182,02100000004182,1,2,USD,active,3396.82,3396.82,2018-04-17T13:02:21+00:00,,2026-09-19T22:34:34+00:00,35,2026-09-19T22:34:34+00:00
4183,02100000004183,5,2,USD,closed,0,0,2019-11-24T16:11:52+00:00,2024-04-18T01:27:36+00:00,,0,2024-04-18T01:27:36+00:00
4184,02100000004184,2,2,USD,closed,0,0,2013-09-24T01:51:17+00:00,2014-12-06T02:44:01+00:00,,0,2014-12-06T02:44:01+00:00
4185,02100000004185,5,2,USD,closed,0,0,2014-07-10T15:47:39+00:00,2021-04-03T16:39:47+00:00,,0,2021-04-03T16:39:47+00:00
4186,02100000004186,8,2,USD,active,0,15000.00,2015-12-25T12:24:51+00:00,,,0,2015-12-25T12:24:51+00:00
4187,02100000004187,2,3,USD,active,35214.72,35714.72,2017-09-30T05:26:22+00:00,,2026-09-17T23:05:34+00:00,1,2026-09-17T23:05:34+00:00
4188,02100000004188,1,4,USD,active,10581.91,10581.91,2008-03-06T13:27:27+00:00,,2026-09-18T23:44:04+00:00,35,2026-09-18T23:44:04+00:00
4189,02100000004189,1,6,USD,active,4457.29,4457.29,2020-04-12T03:43:11+00:00,,2026-09-21T09:00:00+00:00,17,2026-09-21T09:00:00+00:00
4190,02100000004190,4,6,USD,active,12983.15,12983.15,2026-03-19T13:35:31+00:00,,2026-08-31T22:00:00+00:00,17,2026-08-31T22:00:00+00:00
4191,02110000004191,1,13,USD,active,1439.83,1439.83,2009-07-11T14:42:21+00:00,,2026-09-16T01:07:38+00:00,40,2026-09-16T01:07:38+00:00
4192,02110000004192,4,13,USD,active,9385.09,9385.09,2025-05-04T12:48:52+00:00,,2026-08-31T22:00:00+00:00,18,2026-08-31T22:00:00+00:00
4193,02110000004193,9,13,USD,active,7243.93,17756.07,2010-05-29T10:50:31+00:00,,2026-09-19T23:35:34+00:00,37,2026-09-19T23:35:34+00:00
4194,02110000004194,1,24,USD,active,22925.93,22925.93,2021-08-21T12:12:51+00:00,,2026-09-22T17:35:52+00:00,31,2026-09-22T17:35:52+00:00
4195,02110000004195,3,24,USD,active,4770.93,4770.93,2022-12-06T03:45:20+00:00,,2026-08-31T22:00:00+00:00,1,2026-08-31T22:00:00+00:00
4196,02100000004196,1,12,USD,active,6594.39,6594.39,2016-12-29T19:35:43+00:00,,2026-09-20T20:57:53+00:00,23,2026-09-20T20:57:53+00:00
4197,02100000004197,3,12,USD,active,4398.22,4398.22,2019-06-27T12:28:15+00:00,,2026-08-31T22:00:00+00:00,1,2026-08-31T22:00:00+00:00
4198,02110000004198,1,14,USD,active,8248.61,8248.61,2014-04-07T00:59:47+00:00,,2026-09-22T12:42:01+00:00,13,2026-09-22T12:42:01+00:00
4199,02110000004199,5,14,USD,active,13884.18,13884.18,2026-02-21T16:39:49+00:00,,2026-08-31T22:00:00+00:00,31,2026-08-31T22:00:00+00:00
4200,02100000004200,1,1,USD,active,880.98,880.98,2018-11-25T01:22:35+00:00,,2026-09-22T20:10:08+00:00,18,2026-09-22T20:10:08+00:00
4201,02100000004201,3,1,USD,active,1928.29,1928.29,2020-02-26T05:31:17+00:00,,2026-08-31T22:00:00+00:00,28,2026-08-31T22:00:00+00:00
4202,02110000004202,2,22,USD,active,29107.19,29607.19,2012-03-04T06:12:13+00:00,,2026-09-17T21:21:41+00:00,25,2026-09-17T21:21:41+00:00
4203,02110000004203,3,22,USD,active,5617.79,5617.79,2015-02-25T03:06:07+00:00,,2026-08-31T22:00:00+00:00,37,2026-08-31T22:00:00+00:00
4204,02100000004204,1,1,USD,active,19686.93,19686.93,2022-02-20T00:00:45+00:00,,2026-09-20T20:18:24+00:00,18,2026-09-20T20:18:24+00:00
4205,02100000004205,3,1,USD,active,1931.18,1931.18,2023-04-14T06:09:21+00:00,,2026-08-31T22:00:00+00:00,1,2026-08-31T22:00:00+00:00
4206,02110000004206,1,25,USD,active,10410.69,10410.69,2025-12-17T08:55:24+00:00,,2026-09-22T12:31:32+00:00,20,2026-09-22T12:31:32+00:00
4207,02110000004207,4,25,USD,active,9804.30,9804.30,2025-12-19T22:20:15+00:00,,2026-08-31T22:00:00+00:00,16,2026-08-31T22:00:00+00:00
4208,02100000004208,1,7,USD,active,1833.77,1833.77,2019-08-17T18:49:09+00:00,,2026-09-21T14:49:26+00:00,7,2026-09-21T14:49:26+00:00
4209,02110000004209,1,13,USD,active,196.94,196.94,2024-06-28T17:14:25+00:00,,2026-09-07T13:29:01+00:00,1,2026-09-07T13:29:01+00:00
4210,02110000004210,4,13,USD,active,44905.75,44905.75,2024-11-27T13:22:03+00:00,,2026-08-31T22:00:00+00:00,24,2026-08-31T22:00:00+00:00
4211,02110000004211,8,13,USD,active,0,25000.00,2026-01-21T05:58:25+00:00,,,0,2026-01-21T05:58:25+00:00
4212,02100000004212,1,12,USD,active,2123.05,2123.05,2024-01-03T18:20:35+00:00,,2026-09-22T16:30:13+00:00,16,2026-09-22T16:30:13+00:00
4213,02100000004213,3,12,USD,active,884.60,884.60,2026-01-28T18:49:52+00:00,,2026-08-31T22:00:00+00:00,7,2026-08-31T22:00:00+00:00
4214,02110000004214,1,22,USD,active,33806.86,33806.86,2019-01-01T00:22:42+00:00,,2026-09-12T02:51:25+00:00,17,2026-09-12T02:51:25+00:00
4215,02100000004215,1,1,USD,active,13981.47,13981.47,2010-10-18T09:07:31+00:00,,2026-09-22T19:12:19+00:00,38,2026-09-22T19:12:19+00:00
4216,02100000004216,3,1,USD,active,2577.67,2577.67,2022-10-02T04:30:16+00:00,,2026-08-31T22:00:00+00:00,3,2026-08-31T22:00:00+00:00
4217,02100000004217,15,1,EUR,active,2134.27,2134.27,2026-05-03T08:06:12+00:00,,2026-05-03T08:11:12+00:00,22,2026-05-03T08:11:12+00:00
4218,02100000004218,1,6,USD,active,4839.15,4839.15,2021-10-09T03:04:51+00:00,,2026-09-22T09:00:00+00:00,4,2026-09-22T09:00:00+00:00
4219,02100000004219,9,6,USD,active,2209.71,22790.29,2026-07-18T01:52:33+00:00,,2026-09-22T17:05:32+00:00,25,2026-09-22T17:05:32+00:00
4220,02100000004220,1,2,USD,active,588.10,588.10,2016-01-17T15:12:10+00:00,,2026-09-16T14:09:10+00:00,2,2026-09-16T14:09:10+00:00
4221,02100000004221,4,2,USD,active,5750.31,5750.31,2019-06-18T15:02:06+00:00,,2026-08-31T22:00:00+00:00,23,2026-08-31T22:00:00+00:00
4222,02100000004222,9,2,USD,active,7416.34,83.66,2021-07-03T14:37:42+00:00,,2026-06-28T20:34:06+00:00,30,2026-06-28T20:34:06+00:00
4223,02110000004223,1,23,USD,active,11346.21,11346.21,2025-01-30T20:55:27+00:00,,2026-09-20T16:26:20+00:00,38,2026-09-20T16:26:20+00:00
4224,02110000004224,3,23,USD,active,3685.98,3685.98,2025-04-08T03:15:41+00:00,,2026-08-31T22:00:00+00:00,26,2026-08-31T22:00:00+00:00
4225,02100000004225,1,11,USD,active,20082.84,20082.84,2010-09-03T14:27:03+00:00,,2026-09-17T09:00:00+00:00,26,2026-09-17T09:00:00+00:00
4226,02100000004226,4,11,USD,active,4165.07,4165.07,2016-01-12T02:38:22+00:00,,2026-08-31T22:00:00+00:00,33,2026-08-31T22:00:00+00:00
4227,02100000004227,8,11,USD,active,2381.69,118.31,2016-02-08T22:30:44+00:00,,2026-09-18T21:52:32+00:00,21,2026-09-18T21:52:32+00:00
4228,02110000004228,2,19,USD,active,21401.02,21901.02,2014-04-02T20:13:43+00:00,,2026-09-22T18:04:15+00:00,8,2026-09-22T18:04:15+00:00
4229,02110000004229,4,19,USD,active,33078.46,33078.46,2025-12-24T14:13:17+00:00,,2026-08-31T22:00:00+00:00,28,2026-08-31T22:00:00+00:00
4230,02110000004230,1,25,USD,active,16709.03,16709.03,2017-01-23T10:28:59+00:00,,2026-09-21T16:35:22+00:00,28,2026-09-21T16:35:22+00:00
4231,02110000004231,3,25,USD,active,6824.43,6824.43,2021-02-26T20:14:54+00:00,,2026-08-31T22:00:00+00:00,6,2026-08-31T22:00:00+00:00
4232,02110000004232,1,25,USD,active,33685.26,33685.26,2018-10-12T22:37:57+00:00,,2026-09-19T09:00:00+00:00,24,2026-09-19T09:00:00+00:00
4233,02110000004233,9,25,USD,active,398.16,601.84,2022-02-21T10:47:03+00:00,,2026-09-12T13:28:13+00:00,13,2026-09-12T13:28:13+00:00
4234,02110000004234,1,15,USD,active,21793.27,21793.27,2024-06-27T18:39:39+00:00,,2026-09-17T16:33:15+00:00,18,2026-09-17T16:33:15+00:00
4235,02110000004235,1,14,USD,closed,0,0,2018-06-09T20:06:53+00:00,2022-08-30T03:17:37+00:00,,0,2022-08-30T03:17:37+00:00
4236,02100000004236,1,11,USD,active,59878.73,59878.73,2014-01-19T03:59:56+00:00,,2026-09-17T03:56:12+00:00,9,2026-09-17T03:56:12+00:00
4237,02110000004237,1,19,USD,active,34407.89,34407.89,2016-03-24T14:16:06+00:00,,2026-09-17T16:32:25+00:00,34,2026-09-17T16:32:25+00:00
4238,02110000004238,3,19,USD,active,639.62,639.62,2016-11-12T00:15:07+00:00,,2026-08-31T22:00:00+00:00,18,2026-08-31T22:00:00+00:00
4239,02110000004239,5,19,USD,active,22789.31,22789.31,2017-04-28T20:19:24+00:00,,2026-08-31T22:00:00+00:00,12,2026-08-31T22:00:00+00:00
4240,02100000004240,2,8,USD,dormant,215.94,215.94,2021-07-05T13:26:47+00:00,,2026-08-31T22:00:00+00:00,21,2026-08-31T22:00:00+00:00
4241,02100000004241,3,8,USD,active,387.88,387.88,2023-09-09T09:03:38+00:00,,2026-08-31T22:00:00+00:00,6,2026-08-31T22:00:00+00:00
4242,02100000004242,2,4,USD,dormant,151.36,151.36,2010-08-25T08:35:57+00:00,,2026-08-31T22:00:00+00:00,28,2026-08-31T22:00:00+00:00
4243,02100000004243,3,4,USD,active,5442.13,5442.13,2016-04-16T20:33:22+00:00,,2026-08-31T22:00:00+00:00,23,2026-08-31T22:00:00+00:00
4244,02100000004244,1,12,USD,active,3199.64,3199.64,2013-03-14T11:05:40+00:00,,2026-09-22T15:10:22+00:00,23,2026-09-22T15:10:22+00:00
4245,02110000004245,2,13,USD,active,1172.40,1672.40,2014-01-21T13:02:37+00:00,,2026-09-21T12:57:55+00:00,4,2026-09-21T12:57:55+00:00
4246,02110000004246,1,18,USD,active,7699.26,7699.26,2018-02-20T05:50:20+00:00,,2026-09-22T13:59:52+00:00,24,2026-09-22T13:59:52+00:00
4247,02110000004247,3,18,USD,active,2049.53,2049.53,2023-12-21T18:02:33+00:00,,2026-08-31T22:00:00+00:00,1,2026-08-31T22:00:00+00:00
4248,02110000004248,2,14,USD,closed,0,0,2018-04-20T09:42:20+00:00,2020-10-30T00:41:24+00:00,,0,2020-10-30T00:41:24+00:00
4249,02110000004249,8,14,USD,active,0,7500.00,2021-04-02T11:54:17+00:00,,,0,2021-04-02T11:54:17+00:00
4250,02100000004250,1,5,USD,active,7768.18,7768.18,2016-05-14T03:13:22+00:00,,2026-09-19T17:37:40+00:00,26,2026-09-19T17:37:40+00:00
4251,02100000004251,9,5,USD,active,0.00,25000.00,2021-08-31T19:57:24+00:00,,2026-07-25T18:00:00+00:00,7,2026-07-25T18:00:00+00:00
4252,02100000004252,2,6,USD,active,8604.78,9104.78,2017-01-30T20:43:13+00:00,,2026-09-16T14:16:31+00:00,39,2026-09-16T14:16:31+00:00
4253,02100000004253,3,6,USD,active,3496.37,3496.37,2019-07-18T08:37:52+00:00,,2026-08-31T22:00:00+00:00,38,2026-08-31T22:00:00+00:00
4254,02100000004254,1,12,USD,active,39091.35,39091.35,2009-11-30T02:30:37+00:00,,2026-09-21T09:00:00+00:00,3,2026-09-21T09:00:00+00:00
4255,02100000004255,2,10,USD,active,10759.13,11259.13,2020-01-29T18:17:28+00:00,,2026-09-22T15:23:43+00:00,10,2026-09-22T15:23:43+00:00
4256,02110000004256,1,19,USD,active,14894.28,14894.28,2018-11-22T11:01:20+00:00,,2026-09-16T22:20:00+00:00,29,2026-09-16T22:20:00+00:00
4257,02110000004257,3,19,USD,active,2632.70,2632.70,2021-07-04T18:20:45+00:00,,2026-08-31T22:00:00+00:00,38,2026-08-31T22:00:00+00:00
4258,02110000004258,8,19,USD,active,1136.74,3863.26,2023-08-26T11:15:17+00:00,,2026-09-17T18:38:21+00:00,3,2026-09-17T18:38:21+00:00
4259,02110000004259,2,18,USD,active,21444.04,21944.04,2022-08-03T23:40:35+00:00,,2026-09-13T01:49:37+00:00,40,2026-09-13T01:49:37+00:00
4260,02110000004260,8,18,USD,active,867.01,132.99,2022-08-23T22:30:26+00:00,,2026-09-18T23:38:08+00:00,34,2026-09-18T23:38:08+00:00
4261,02110000004261,1,14,USD,active,3282.21,3282.21,2019-09-20T22:29:31+00:00,,2026-09-22T09:00:00+00:00,9,2026-09-22T09:00:00+00:00
4262,02110000004262,3,14,USD,active,4296.87,4296.87,2023-02-23T05:46:32+00:00,,2026-08-31T22:00:00+00:00,30,2026-08-31T22:00:00+00:00
4263,02100000004263,1,3,USD,active,33387.57,33387.57,2015-02-24T07:08:01+00:00,,2026-09-21T18:47:31+00:00,28,2026-09-21T18:47:31+00:00
4264,02100000004264,3,3,USD,active,7060.29,7060.29,2015-03-03T23:25:40+00:00,,2026-08-31T22:00:00+00:00,28,2026-08-31T22:00:00+00:00
4265,02100000004265,9,3,USD,active,2003.59,496.41,2017-10-19T19:09:15+00:00,,2026-09-17T21:25:56+00:00,26,2026-09-17T21:25:56+00:00
4266,02100000004266,2,11,USD,active,11540.39,12040.39,2018-03-02T08:06:40+00:00,,2026-09-18T22:42:10+00:00,33,2026-09-18T22:42:10+00:00
4267,02100000004267,8,11,USD,active,0,2500.00,2021-08-31T09:21:35+00:00,,,0,2021-08-31T09:21:35+00:00
4268,02110000004268,1,22,USD,active,2890.04,2890.04,2026-01-21T12:34:30+00:00,,2026-09-19T18:21:08+00:00,8,2026-09-19T18:21:08+00:00
4269,02110000004269,3,22,USD,active,3461.79,3461.79,2026-08-02T07:02:26+00:00,,2026-08-31T22:00:00+00:00,29,2026-08-31T22:00:00+00:00
4270,02110000004270,9,22,USD,frozen,0,2500.00,2026-04-23T13:03:16+00:00,,,0,2026-04-23T13:03:16+00:00
4271,02110000004271,1,14,USD,active,52447.60,52447.60,2012-08-26T07:44:59+00:00,,2026-09-22T09:00:00+00:00,7,2026-09-22T09:00:00+00:00
4272,02110000004272,4,14,USD,active,15754.12,15754.12,2016-12-24T18:51:55+00:00,,2026-08-31T22:00:00+00:00,2,2026-08-31T22:00:00+00:00
4273,02110000004273,8,14,USD,closed,0,5000.00,2022-11-13T17:22:15+00:00,2023-03-23T09:13:05+00:00,,0,2023-03-23T09:13:05+00:00
4274,02110000004274,1,18,USD,active,18072.93,18072.93,2016-12-04T20:05:50+00:00,,2026-09-22T09:00:00+00:00,14,2026-09-22T09:00:00+00:00
4275,02110000004275,4,18,USD,dormant,97.87,97.87,2023-03-25T00:33:28+00:00,,2026-08-31T22:00:00+00:00,5,2026-08-31T22:00:00+00:00
4276,02100000004276,1,7,USD,active,1233.66,1233.66,2024-03-28T17:07:23+00:00,,2026-09-01T09:00:00+00:00,33,2026-09-01T09:00:00+00:00
4277,02100000004277,4,7,USD,active,14824.03,14824.03,2026-02-18T16:11:15+00:00,,2026-08-31T22:00:00+00:00,19,2026-08-31T22:00:00+00:00
4278,02100000004278,9,7,USD,active,3491.02,11508.98,2026-01-29T23:47:55+00:00,,2026-09-21T23:51:59+00:00,24,2026-09-21T23:51:59+00:00
4279,02100000004279,2,11,USD,active,13375.03,13875.03,2023-01-19T07:42:55+00:00,,2026-09-21T21:27:56+00:00,4,2026-09-21T21:27:56+00:00
4280,02100000004280,3,11,USD,active,4867.32,4867.32,2025-04-01T17:28:40+00:00,,2026-08-31T22:00:00+00:00,31,2026-08-31T22:00:00+00:00
4281,02100000004281,15,11,EUR,active,16996.65,16996.65,2024-01-31T07:06:26+00:00,,2026-04-30T23:59:00+00:00,3,2026-04-30T23:59:00+00:00
4282,02110000004282,1,25,USD,active,2527.10,2527.10,2012-02-17T07:29:00+00:00,,2026-09-21T00:34:07+00:00,38,2026-09-21T00:34:07+00:00
4283,02110000004283,3,25,USD,active,1502.85,1502.85,2026-05-27T09:14:34+00:00,,2026-08-31T22:00:00+00:00,21,2026-08-31T22:00:00+00:00
4284,02110000004284,9,25,USD,closed,0,7500.00,2022-03-03T02:03:44+00:00,2025-09-17T07:29:28+00:00,,0,2025-09-17T07:29:28+00:00
4285,02100000004285,2,1,USD,active,14584.00,15084.00,2019-05-24T15:30:12+00:00,,2026-09-21T09:57:26+00:00,37,2026-09-21T09:57:26+00:00
4286,02100000004286,3,1,USD,active,5398.93,5398.93,2026-08-04T00:02:10+00:00,,2026-08-31T22:00:00+00:00,2,2026-08-31T22:00:00+00:00
4287,02100000004287,1,3,USD,active,6419.31,6419.31,2011-05-14T12:07:41+00:00,,2026-09-05T09:00:00+00:00,31,2026-09-05T09:00:00+00:00
4288,02100000004288,4,3,USD,active,3917.04,3917.04,2017-10-22T04:26:21+00:00,,2026-08-31T22:00:00+00:00,2,2026-08-31T22:00:00+00:00
4289,02100000004289,1,11,USD,active,13786.24,13786.24,2022-07-15T03:27:57+00:00,,2026-09-11T09:00:00+00:00,22,2026-09-11T09:00:00+00:00
4290,02100000004290,4,11,USD,active,7572.21,7572.21,2022-12-17T23:19:20+00:00,,2026-08-31T22:00:00+00:00,20,2026-08-31T22:00:00+00:00
4291,02100000004291,9,11,USD,active,2212.47,5287.53,2024-08-13T19:06:39+00:00,,2026-09-19T21:13:09+00:00,23,2026-09-19T21:13:09+00:00
4292,02110000004292,1,23,USD,active,18436.95,18436.95,2015-07-25T07:07:44+00:00,,2026-09-18T16:32:11+00:00,24,2026-09-18T16:32:11+00:00
4293,02110000004293,3,23,USD,closed,0,0,2020-06-09T12:13:23+00:00,2025-10-28T07:30:36+00:00,,0,2025-10-28T07:30:36+00:00
4294,02100000004294,1,3,USD,active,81864.37,81864.37,2021-01-07T02:45:41+00:00,,2026-09-15T09:00:00+00:00,8,2026-09-15T09:00:00+00:00
4295,02100000004295,4,3,USD,active,17488.17,17488.17,2024-12-17T09:54:50+00:00,,2026-08-31T22:00:00+00:00,5,2026-08-31T22:00:00+00:00
4296,02100000004296,9,3,USD,active,2436.90,63.10,2022-01-19T17:47:40+00:00,,2026-09-16T13:18:36+00:00,40,2026-09-16T13:18:36+00:00
4297,02100000004297,1,6,USD,active,1938.16,1938.16,2018-04-26T03:27:13+00:00,,2026-09-14T19:55:57+00:00,36,2026-09-14T19:55:57+00:00
4298,02100000004298,3,6,USD,active,1759.32,1759.32,2024-03-11T03:26:26+00:00,,2026-08-31T22:00:00+00:00,9,2026-08-31T22:00:00+00:00
4299,02100000004299,9,6,USD,active,969.44,24030.56,2022-04-22T04:20:31+00:00,,2026-09-21T13:31:30+00:00,25,2026-09-21T13:31:30+00:00
4300,02110000004300,1,25,USD,active,3345.24,3345.24,2018-02-18T09:29:31+00:00,,2026-09-20T13:36:42+00:00,23,2026-09-20T13:36:42+00:00
4301,02110000004301,4,25,USD,active,71835.62,71835.62,2023-03-19T23:07:56+00:00,,2026-08-31T22:00:00+00:00,4,2026-08-31T22:00:00+00:00
4302,02110000004302,1,13,USD,active,2364.88,2364.88,2009-12-13T20:49:46+00:00,,2026-09-20T15:26:11+00:00,37,2026-09-20T15:26:11+00:00
4303,02110000004303,3,13,USD,active,3094.16,3094.16,2010-11-23T02:29:34+00:00,,2026-08-31T22:00:00+00:00,7,2026-08-31T22:00:00+00:00
4304,02100000004304,1,6,USD,active,256.64,256.64,2025-06-29T05:03:25+00:00,,2026-09-21T19:33:37+00:00,24,2026-09-21T19:33:37+00:00
4305,02100000004305,8,6,USD,frozen,0,10000.00,2026-08-18T19:25:45+00:00,,,0,2026-08-18T19:25:45+00:00
4306,02100000004306,1,2,USD,active,7112.71,7112.71,2016-12-28T05:14:30+00:00,,2026-09-20T19:16:27+00:00,11,2026-09-20T19:16:27+00:00
4307,02110000004307,2,13,USD,active,30113.30,30613.30,2015-05-24T19:03:42+00:00,,2026-09-19T12:38:46+00:00,8,2026-09-19T12:38:46+00:00
4308,02110000004308,3,13,USD,active,3639.60,3639.60,2021-12-25T21:07:19+00:00,,2026-08-31T22:00:00+00:00,31,2026-08-31T22:00:00+00:00
4309,02100000004309,2,11,USD,active,9721.86,10221.86,2009-06-22T15:44:39+00:00,,2026-09-22T15:45:58+00:00,22,2026-09-22T15:45:58+00:00
4310,02110000004310,1,25,USD,closed,0,0,2024-09-20T14:29:17+00:00,2025-07-12T22:25:23+00:00,,0,2025-07-12T22:25:23+00:00
4311,02110000004311,8,25,USD,active,122.74,24877.26,2025-12-21T07:43:40+00:00,,2026-04-30T23:59:00+00:00,7,2026-04-30T23:59:00+00:00
4312,02110000004312,2,21,USD,active,23174.06,23674.06,2019-03-15T08:21:13+00:00,,2026-09-21T21:23:01+00:00,4,2026-09-21T21:23:01+00:00
4313,02100000004313,2,9,USD,active,29307.30,29807.30,2020-09-24T23:32:58+00:00,,2026-08-19T16:15:54+00:00,15,2026-08-19T16:15:54+00:00
4314,02100000004314,3,9,USD,active,1061.98,1061.98,2025-06-03T18:25:08+00:00,,2026-08-31T22:00:00+00:00,4,2026-08-31T22:00:00+00:00
4315,02100000004315,9,9,USD,active,491.97,14508.03,2025-02-02T14:58:29+00:00,,2026-08-25T18:00:00+00:00,32,2026-08-25T18:00:00+00:00
4316,02110000004316,1,19,USD,active,11383.16,11383.16,2016-07-11T15:40:06+00:00,,2026-09-19T22:53:21+00:00,1,2026-09-19T22:53:21+00:00
4317,02110000004317,3,19,USD,active,5508.30,5508.30,2017-01-26T01:31:17+00:00,,2026-08-31T22:00:00+00:00,1,2026-08-31T22:00:00+00:00
4318,02100000004318,2,11,USD,active,660866.29,661366.29,2025-06-08T01:14:27+00:00,,2026-09-21T16:18:32+00:00,12,2026-09-21T16:18:32+00:00
4319,02100000004319,4,11,USD,active,80392.61,80392.61,2025-07-11T11:13:19+00:00,,2026-08-31T22:00:00+00:00,18,2026-08-31T22:00:00+00:00
4320,02100000004320,1,6,USD,active,10863.83,10863.83,2023-07-14T12:32:48+00:00,,2026-09-22T18:42:04+00:00,2,2026-09-22T18:42:04+00:00
4321,02100000004321,3,6,USD,active,6659.15,6659.15,2024-09-23T15:45:53+00:00,,2026-08-31T22:00:00+00:00,24,2026-08-31T22:00:00+00:00
4322,02110000004322,4,25,USD,active,3857.61,3857.61,2025-05-06T15:37:24+00:00,,2026-08-31T22:00:00+00:00,20,2026-08-31T22:00:00+00:00
4323,02100000004323,1,10,USD,active,16008.32,16008.32,2021-10-17T09:17:05+00:00,,2026-09-18T22:48:11+00:00,39,2026-09-18T22:48:11+00:00
4324,02100000004324,4,10,USD,active,81843.59,81843.59,2026-01-06T15:58:13+00:00,,2026-08-31T22:00:00+00:00,11,2026-08-31T22:00:00+00:00
4325,02100000004325,1,8,USD,active,22389.51,22389.51,2012-12-26T07:03:07+00:00,,2026-09-22T13:07:19+00:00,10,2026-09-22T13:07:19+00:00
4326,02100000004326,3,8,USD,active,4904.71,4904.71,2025-08-08T10:45:03+00:00,,2026-08-31T22:00:00+00:00,1,2026-08-31T22:00:00+00:00
4327,02100000004327,2,6,USD,active,183.48,683.48,2008-07-31T14:34:23+00:00,,2026-09-22T13:48:44+00:00,3,2026-09-22T13:48:44+00:00
4328,02110000004328,1,13,USD,active,1395.70,1395.70,2008-06-24T05:30:47+00:00,,2026-09-22T13:31:37+00:00,5,2026-09-22T13:31:37+00:00
4329,02110000004329,3,13,USD,frozen,4794.03,4794.03,2018-05-06T01:51:42+00:00,,2026-04-30T23:59:00+00:00,26,2026-04-30T23:59:00+00:00
4330,02100000004330,2,5,USD,closed,0,0,2020-10-11T23:44:56+00:00,2022-02-03T09:40:07+00:00,,0,2022-02-03T09:40:07+00:00
4331,02100000004331,9,5,USD,active,1628.92,-628.92,2025-11-14T10:46:42+00:00,,2026-08-31T22:00:00+00:00,7,2026-08-31T22:00:00+00:00
4332,02100000004332,1,11,USD,active,2.91,2.91,2018-03-22T01:14:43+00:00,,2026-09-17T22:29:27+00:00,18,2026-09-17T22:29:27+00:00
4333,02110000004333,2,22,USD,active,105285.86,105785.86,2017-11-28T11:27:57+00:00,,2026-09-17T22:53:49+00:00,29,2026-09-17T22:53:49+00:00
4334,02110000004334,3,22,USD,closed,0,0,2024-02-29T11:39:32+00:00,2026-03-16T17:56:45+00:00,,0,2026-03-16T17:56:45+00:00
4335,02110000004335,8,22,USD,active,0,15000.00,2021-09-11T05:24:55+00:00,,,0,2021-09-11T05:24:55+00:00
4336,02100000004336,1,2,USD,active,737.13,737.13,2010-05-13T00:03:02+00:00,,2026-09-14T16:00:00+00:00,21,2026-09-14T16:00:00+00:00
4337,02100000004337,3,2,USD,active,3432.50,3432.50,2021-06-21T03:06:13+00:00,,2026-08-31T22:00:00+00:00,26,2026-08-31T22:00:00+00:00
4338,02100000004338,8,2,USD,active,4987.24,12.76,2020-07-16T20:20:48+00:00,,2026-09-12T22:46:01+00:00,25,2026-09-12T22:46:01+00:00
4339,02110000004339,1,21,USD,active,57767.25,57767.25,2021-01-27T07:01:17+00:00,,2026-09-18T23:57:04+00:00,27,2026-09-18T23:57:04+00:00
4340,02110000004340,1,16,USD,active,1194.06,1194.06,2022-12-10T07:42:59+00:00,,2026-09-22T11:08:33+00:00,29,2026-09-22T11:08:33+00:00
4341,02110000004341,8,16,USD,active,4879.90,2620.10,2025-05-18T05:56:01+00:00,,2026-09-22T20:42:23+00:00,35,2026-09-22T20:42:23+00:00
4342,02110000004342,1,25,USD,active,4419.49,4419.49,2019-06-18T19:45:40+00:00,,2026-09-21T17:46:53+00:00,9,2026-09-21T17:46:53+00:00
4343,02110000004343,4,25,USD,active,4185.84,4185.84,2021-12-10T08:55:57+00:00,,2026-08-31T22:00:00+00:00,10,2026-08-31T22:00:00+00:00
4344,02110000004344,5,25,USD,frozen,24809.18,24809.18,2026-04-19T06:06:06+00:00,,2026-04-30T23:59:00+00:00,38,2026-04-30T23:59:00+00:00
4345,02110000004345,2,22,USD,active,1724.58,2224.58,2015-06-11T06:26:49+00:00,,2026-09-22T15:19:20+00:00,2,2026-09-22T15:19:20+00:00
4346,02110000004346,4,22,USD,active,23105.24,23105.24,2023-03-19T06:03:11+00:00,,2026-08-31T22:00:00+00:00,14,2026-08-31T22:00:00+00:00
4347,02110000004347,9,22,USD,active,1546.06,13453.94,2020-10-19T23:16:20+00:00,,2026-09-21T16:23:37+00:00,3,2026-09-21T16:23:37+00:00
4348,02100000004348,2,9,USD,active,29856.90,30356.90,2012-04-19T20:59:56+00:00,,2026-09-19T13:06:02+00:00,10,2026-09-19T13:06:02+00:00
4349,02110000004349,1,25,USD,active,8232.97,8232.97,2009-02-18T04:45:14+00:00,,2026-09-22T16:05:21+00:00,3,2026-09-22T16:05:21+00:00
4350,02100000004350,2,2,USD,active,3203.24,3703.24,2020-09-08T08:06:47+00:00,,2026-09-20T21:43:40+00:00,29,2026-09-20T21:43:40+00:00
4351,02100000004351,3,2,USD,dormant,46.26,46.26,2024-05-17T20:49:16+00:00,,2026-08-31T22:00:00+00:00,3,2026-08-31T22:00:00+00:00
4352,02110000004352,2,25,USD,active,46091.81,46591.81,2021-02-06T10:32:16+00:00,,2026-09-22T16:15:31+00:00,10,2026-09-22T16:15:31+00:00
4353,02110000004353,2,23,USD,active,14033.15,14533.15,2011-11-05T21:59:07+00:00,,2026-09-18T22:31:44+00:00,17,2026-09-18T22:31:44+00:00
4354,02110000004354,3,23,USD,active,2591.68,2591.68,2016-07-09T05:50:54+00:00,,2026-08-31T22:00:00+00:00,24,2026-08-31T22:00:00+00:00
4355,02100000004355,1,8,USD,active,282.93,282.93,2021-06-16T07:19:38+00:00,,2026-09-20T18:15:54+00:00,9,2026-09-20T18:15:54+00:00
4356,02100000004356,9,8,USD,active,0,5000.00,2024-06-15T17:46:23+00:00,,,0,2024-06-15T17:46:23+00:00
4357,02100000004357,1,11,USD,active,16622.38,16622.38,2023-06-07T13:17:20+00:00,,2026-09-22T09:00:00+00:00,22,2026-09-22T09:00:00+00:00
4358,02100000004358,3,11,USD,active,4272.72,4272.72,2024-12-09T12:17:54+00:00,,2026-08-31T22:00:00+00:00,14,2026-08-31T22:00:00+00:00
4359,02100000004359,15,11,EUR,active,4719.74,4719.74,2026-03-01T13:54:35+00:00,,2026-04-30T23:59:00+00:00,6,2026-04-30T23:59:00+00:00
4360,02110000004360,4,20,USD,active,2767.14,2767.14,2026-05-19T18:57:33+00:00,,2026-08-31T22:00:00+00:00,25,2026-08-31T22:00:00+00:00
4361,02110000004361,2,19,USD,active,887.46,1387.46,2019-09-23T23:18:24+00:00,,2026-09-03T09:00:00+00:00,18,2026-09-03T09:00:00+00:00
4362,02110000004362,3,19,USD,active,4506.34,4506.34,2023-12-16T22:01:35+00:00,,2026-08-31T22:00:00+00:00,13,2026-08-31T22:00:00+00:00
4363,02110000004363,8,19,USD,active,2056.61,7943.39,2020-05-31T02:06:01+00:00,,2026-09-22T17:09:57+00:00,26,2026-09-22T17:09:57+00:00
4364,02110000004364,1,25,USD,active,3258.00,3258.00,2024-11-05T10:14:52+00:00,,2026-09-20T23:11:04+00:00,32,2026-09-20T23:11:04+00:00
4365,02100000004365,1,3,USD,active,9814.15,9814.15,2025-03-13T06:49:26+00:00,,2026-09-08T09:00:00+00:00,40,2026-09-08T09:00:00+00:00
4366,02100000004366,8,3,USD,active,1589.97,3410.03,2025-12-17T16:43:10+00:00,,2026-09-20T23:25:12+00:00,8,2026-09-20T23:25:12+00:00
4367,02110000004367,2,19,USD,active,19307.53,19807.53,2026-04-29T03:28:22+00:00,,2026-09-22T20:44:03+00:00,12,2026-09-22T20:44:03+00:00
4368,02110000004368,4,19,USD,dormant,0,0,2026-07-15T11:40:01+00:00,,,0,2026-07-15T11:40:01+00:00
4369,02100000004369,1,2,USD,closed,0,0,2014-02-15T16:30:06+00:00,2023-08-11T10:10:40+00:00,,0,2023-08-11T10:10:40+00:00
4370,02100000004370,2,5,USD,active,20318.11,20818.11,2015-01-01T15:06:20+00:00,,2026-09-20T20:08:03+00:00,15,2026-09-20T20:08:03+00:00
4371,02110000004371,2,15,USD,active,30257.27,30757.27,2022-08-28T05:27:08+00:00,,2026-09-20T22:19:26+00:00,18,2026-09-20T22:19:26+00:00
4372,02110000004372,3,15,USD,active,1737.26,1737.26,2024-01-12T12:56:54+00:00,,2026-08-31T22:00:00+00:00,5,2026-08-31T22:00:00+00:00
4373,02110000004373,1,21,USD,active,2633.51,2633.51,2017-05-03T14:36:48+00:00,,2026-09-21T13:57:27+00:00,27,2026-09-21T13:57:27+00:00
4374,02110000004374,9,21,USD,frozen,796.32,9203.68,2022-10-22T16:15:42+00:00,,2026-04-30T23:59:00+00:00,9,2026-04-30T23:59:00+00:00
4375,02100000004375,1,12,USD,dormant,299.53,299.53,2019-09-03T17:00:52+00:00,,2026-08-31T22:00:00+00:00,25,2026-08-31T22:00:00+00:00
4376,02100000004376,3,12,USD,active,7886.13,7886.13,2022-08-17T00:52:04+00:00,,2026-08-31T22:00:00+00:00,38,2026-08-31T22:00:00+00:00
4377,02100000004377,9,12,USD,active,0,1000.00,2023-06-12T08:47:35+00:00,,,0,2023-06-12T08:47:35+00:00
4378,02110000004378,1,24,USD,active,21886.86,21886.86,2023-03-03T03:50:01+00:00,,2026-09-16T23:50:44+00:00,23,2026-09-16T23:50:44+00:00
4379,02110000004379,3,24,USD,active,2832.37,2832.37,2024-11-13T09:34:44+00:00,,2026-08-31T22:00:00+00:00,16,2026-08-31T22:00:00+00:00
4380,02100000004380,1,9,USD,active,26744.91,26744.91,2013-11-08T01:51:09+00:00,,2026-09-21T09:00:00+00:00,4,2026-09-21T09:00:00+00:00
4381,02110000004381,1,24,USD,active,5039.60,5039.60,2012-11-08T00:05:28+00:00,,2026-09-22T03:30:09+00:00,31,2026-09-22T03:30:09+00:00
4382,02110000004382,3,24,USD,active,7620.52,7620.52,2020-07-22T20:03:42+00:00,,2026-08-31T22:00:00+00:00,2,2026-08-31T22:00:00+00:00
4383,02110000004383,8,24,USD,closed,0,15000.00,2025-07-04T19:44:16+00:00,2025-10-03T06:35:04+00:00,,0,2025-10-03T06:35:04+00:00
4384,02100000004384,2,2,USD,active,86208.82,86708.82,2023-03-15T17:17:29+00:00,,2026-09-21T09:00:00+00:00,39,2026-09-21T09:00:00+00:00
4385,02100000004385,3,2,USD,active,5823.83,5823.83,2023-12-08T04:16:09+00:00,,2026-08-31T22:00:00+00:00,16,2026-08-31T22:00:00+00:00
4386,02100000004386,5,2,USD,active,6309.13,6309.13,2024-03-08T22:31:57+00:00,,2026-08-31T22:00:00+00:00,31,2026-08-31T22:00:00+00:00
4387,02110000004387,1,24,USD,dormant,10.62,10.62,2017-12-02T18:03:54+00:00,,2026-08-31T22:00:00+00:00,39,2026-08-31T22:00:00+00:00
4388,02110000004388,4,24,USD,active,18858.29,18858.29,2022-01-13T22:54:50+00:00,,2026-08-31T22:00:00+00:00,1,2026-08-31T22:00:00+00:00
4389,02110000004389,2,24,USD,active,17383.66,17883.66,2009-11-07T11:35:35+00:00,,2026-09-21T22:05:43+00:00,3,2026-09-21T22:05:43+00:00
4390,02110000004390,4,24,USD,active,78849.11,78849.11,2025-06-15T03:19:50+00:00,,2026-08-31T22:00:00+00:00,18,2026-08-31T22:00:00+00:00
4391,02110000004391,5,24,USD,active,28833.71,28833.71,2019-08-02T23:40:38+00:00,,2026-08-31T22:00:00+00:00,20,2026-08-31T22:00:00+00:00
4392,02110000004392,1,16,USD,active,1179.52,1179.52,2014-03-10T00:00:52+00:00,,2026-09-20T16:17:08+00:00,9,2026-09-20T16:17:08+00:00
4393,02110000004393,4,16,USD,active,30702.76,30702.76,2017-10-21T19:19:08+00:00,,2026-08-31T22:00:00+00:00,11,2026-08-31T22:00:00+00:00
4394,02100000004394,1,8,USD,active,23317.22,23317.22,2009-11-13T18:05:07+00:00,,2026-09-20T16:54:23+00:00,18,2026-09-20T16:54:23+00:00
4395,02100000004395,3,8,USD,active,2336.06,2336.06,2023-04-12T07:11:02+00:00,,2026-08-31T22:00:00+00:00,28,2026-08-31T22:00:00+00:00
4396,02110000004396,1,22,USD,active,1045.07,1045.07,2017-12-23T18:06:35+00:00,,2026-09-18T15:46:10+00:00,29,2026-09-18T15:46:10+00:00
4397,02100000004397,1,1,USD,active,5516.95,5516.95,2020-03-03T02:16:52+00:00,,2026-09-19T16:34:01+00:00,33,2026-09-19T16:34:01+00:00
4398,02100000004398,4,1,USD,active,45890.70,45890.70,2022-02-13T11:55:29+00:00,,2026-08-31T22:00:00+00:00,34,2026-08-31T22:00:00+00:00
4399,02100000004399,2,8,USD,active,45749.29,46249.29,2021-07-02T05:37:39+00:00,,2026-09-20T13:49:13+00:00,4,2026-09-20T13:49:13+00:00
4400,02100000004400,4,8,USD,active,4055.53,4055.53,2022-08-08T05:14:43+00:00,,2026-08-31T22:00:00+00:00,6,2026-08-31T22:00:00+00:00
4401,02100000004401,1,10,USD,active,2713.65,2713.65,2012-04-06T19:17:12+00:00,,2026-09-20T19:00:10+00:00,34,2026-09-20T19:00:10+00:00
4402,02100000004402,3,10,USD,active,4475.04,4475.04,2021-11-02T13:28:15+00:00,,2026-08-31T22:00:00+00:00,16,2026-08-31T22:00:00+00:00
4403,02110000004403,2,13,USD,active,25146.63,25646.63,2021-05-03T23:01:51+00:00,,2026-09-15T09:00:00+00:00,32,2026-09-15T09:00:00+00:00
4404,02110000004404,9,13,USD,active,1241.17,23758.83,2025-01-20T06:16:54+00:00,,2026-09-22T18:23:53+00:00,24,2026-09-22T18:23:53+00:00
4405,02110000004405,1,18,USD,active,42272.19,42272.19,2016-01-24T18:04:06+00:00,,2026-09-21T21:14:22+00:00,6,2026-09-21T21:14:22+00:00
4406,02110000004406,1,25,USD,active,21036.69,21036.69,2009-09-30T16:05:06+00:00,,2026-09-19T09:00:00+00:00,31,2026-09-19T09:00:00+00:00
4407,02110000004407,9,25,USD,active,2430.83,69.17,2025-07-19T20:47:29+00:00,,2026-09-14T17:17:38+00:00,25,2026-09-14T17:17:38+00:00
4408,02110000004408,1,22,USD,active,2678.67,2678.67,2008-06-12T16:55:20+00:00,,2026-09-03T09:00:00+00:00,1,2026-09-03T09:00:00+00:00
4409,02110000004409,9,22,USD,active,2454.93,45.07,2019-10-13T11:32:21+00:00,,2026-09-18T16:48:34+00:00,14,2026-09-18T16:48:34+00:00
4410,02100000004410,2,7,USD,active,32083.47,32583.47,2014-12-31T12:50:54+00:00,,2026-09-21T22:16:28+00:00,33,2026-09-21T22:16:28+00:00
4411,02100000004411,3,7,USD,active,4938.85,4938.85,2015-05-26T15:31:03+00:00,,2026-08-31T22:00:00+00:00,16,2026-08-31T22:00:00+00:00
4412,02100000004412,2,9,USD,active,14658.60,15158.60,2026-01-24T22:04:41+00:00,,2026-09-17T20:07:55+00:00,8,2026-09-17T20:07:55+00:00
4413,02100000004413,2,9,USD,active,21382.84,21882.84,2014-07-27T14:33:37+00:00,,2026-09-21T09:00:00+00:00,16,2026-09-21T09:00:00+00:00
4414,02100000004414,4,9,USD,active,12010.35,12010.35,2019-07-14T19:10:54+00:00,,2026-08-31T22:00:00+00:00,26,2026-08-31T22:00:00+00:00
4415,02100000004415,1,2,USD,active,11474.47,11474.47,2010-03-16T05:54:16+00:00,,2026-09-22T09:00:00+00:00,15,2026-09-22T09:00:00+00:00
4416,02100000004416,3,2,USD,active,1958.14,1958.14,2021-02-03T17:06:30+00:00,,2026-08-31T22:00:00+00:00,23,2026-08-31T22:00:00+00:00
4417,02100000004417,1,1,USD,active,11046.47,11046.47,2017-12-12T19:18:23+00:00,,2026-09-21T09:00:00+00:00,21,2026-09-21T09:00:00+00:00
4418,02100000004418,4,1,USD,active,11377.44,11377.44,2019-02-09T13:46:55+00:00,,2026-08-31T22:00:00+00:00,23,2026-08-31T22:00:00+00:00
4419,02100000004419,9,1,USD,active,4579.43,5420.57,2024-07-29T20:21:13+00:00,,2026-09-17T16:24:35+00:00,38,2026-09-17T16:24:35+00:00
4420,02110000004420,1,23,USD,active,1258.69,1258.69,2008-08-08T17:20:16+00:00,,2026-09-10T09:00:00+00:00,17,2026-09-10T09:00:00+00:00
4421,02110000004421,8,23,USD,active,4212.16,20787.84,2021-10-21T03:17:07+00:00,,2026-09-21T18:42:39+00:00,13,2026-09-21T18:42:39+00:00
4422,02110000004422,1,24,USD,active,27748.54,27748.54,2013-03-22T07:37:46+00:00,,2026-09-22T14:39:51+00:00,40,2026-09-22T14:39:51+00:00
4423,02110000004423,1,20,USD,active,5419.40,5419.40,2019-01-11T20:03:17+00:00,,2026-09-22T20:59:19+00:00,29,2026-09-22T20:59:19+00:00
4424,02110000004424,4,20,USD,active,79329.27,79329.27,2021-05-19T04:05:48+00:00,,2026-08-31T22:00:00+00:00,21,2026-08-31T22:00:00+00:00
4425,02100000004425,1,5,USD,active,12562.56,12562.56,2019-11-11T11:57:58+00:00,,2026-09-21T12:27:40+00:00,5,2026-09-21T12:27:40+00:00
4426,02110000004426,1,18,USD,active,62802.46,62802.46,2023-12-30T13:31:20+00:00,,2026-09-22T10:09:36+00:00,21,2026-09-22T10:09:36+00:00
4427,02110000004427,4,18,USD,active,60476.17,60476.17,2024-04-06T23:32:53+00:00,,2026-08-31T22:00:00+00:00,34,2026-08-31T22:00:00+00:00
4428,02110000004428,9,18,USD,frozen,0,5000.00,2025-09-28T06:54:22+00:00,,,0,2025-09-28T06:54:22+00:00
4429,02100000004429,2,7,USD,active,25283.35,25783.35,2008-12-12T01:20:47+00:00,,2026-09-20T18:41:21+00:00,17,2026-09-20T18:41:21+00:00
4430,02100000004430,1,3,USD,active,5710.93,5710.93,2011-02-06T20:34:45+00:00,,2026-09-22T03:53:13+00:00,12,2026-09-22T03:53:13+00:00
4431,02100000004431,3,3,USD,active,2506.84,2506.84,2022-04-13T05:23:58+00:00,,2026-08-31T22:00:00+00:00,24,2026-08-31T22:00:00+00:00
4432,02100000004432,1,8,USD,closed,0,0,2015-07-31T05:59:36+00:00,2018-04-28T18:26:45+00:00,,0,2018-04-28T18:26:45+00:00
4433,02100000004433,4,8,USD,active,68348.30,68348.30,2024-04-28T16:25:00+00:00,,2026-08-31T22:00:00+00:00,7,2026-08-31T22:00:00+00:00
4434,02110000004434,2,21,USD,active,32816.06,33316.06,2014-07-05T06:26:09+00:00,,2026-09-20T16:20:55+00:00,11,2026-09-20T16:20:55+00:00
4435,02100000004435,1,4,USD,closed,0,0,2020-01-02T12:26:35+00:00,2024-01-27T15:12:26+00:00,,0,2024-01-27T15:12:26+00:00
4436,02100000004436,4,4,USD,active,859.93,859.93,2026-09-08T21:52:06+00:00,,2026-09-08T21:57:06+00:00,11,2026-09-08T21:57:06+00:00
4437,02100000004437,8,4,USD,closed,0,1000.00,2021-11-24T17:15:36+00:00,2022-08-22T07:50:45+00:00,,0,2022-08-22T07:50:45+00:00
4438,02110000004438,2,23,USD,active,92.99,592.99,2013-01-14T14:04:10+00:00,,2026-09-16T17:24:10+00:00,4,2026-09-16T17:24:10+00:00
4439,02110000004439,1,18,USD,active,14679.83,14679.83,2011-06-20T16:22:40+00:00,,2026-09-20T10:34:18+00:00,28,2026-09-20T10:34:18+00:00
4440,02110000004440,1,25,USD,active,8691.24,8691.24,2022-07-08T06:40:12+00:00,,2026-09-14T09:00:00+00:00,12,2026-09-14T09:00:00+00:00
4441,02110000004441,3,25,USD,active,3955.72,3955.72,2023-07-10T16:08:03+00:00,,2026-08-31T22:00:00+00:00,8,2026-08-31T22:00:00+00:00
4442,02110000004442,1,15,USD,active,30658.90,30658.90,2019-10-27T11:07:06+00:00,,2026-09-14T17:56:59+00:00,22,2026-09-14T17:56:59+00:00
4443,02110000004443,4,15,USD,active,10008.47,10008.47,2023-10-04T06:14:22+00:00,,2026-08-31T22:00:00+00:00,14,2026-08-31T22:00:00+00:00
4444,02110000004444,9,15,USD,active,1369.04,1130.96,2021-06-16T13:26:59+00:00,,2026-05-04T18:32:48+00:00,20,2026-05-04T18:32:48+00:00
4445,02100000004445,1,1,USD,active,1632.06,1632.06,2024-03-08T20:35:26+00:00,,2026-09-20T17:40:01+00:00,16,2026-09-20T17:40:01+00:00
4446,02100000004446,4,1,USD,dormant,31.55,31.55,2024-07-13T22:04:21+00:00,,2026-08-31T22:00:00+00:00,30,2026-08-31T22:00:00+00:00
4447,02110000004447,1,23,USD,closed,0,0,2013-06-09T07:10:46+00:00,2015-09-17T13:26:49+00:00,,0,2015-09-17T13:26:49+00:00
4448,02110000004448,4,23,USD,active,85555.14,85555.14,2023-09-20T02:55:52+00:00,,2026-08-31T22:00:00+00:00,24,2026-08-31T22:00:00+00:00
4449,02110000004449,5,23,USD,active,5616.20,5616.20,2014-08-17T22:03:59+00:00,,2026-08-31T22:00:00+00:00,7,2026-08-31T22:00:00+00:00
4450,02100000004450,1,12,USD,active,13194.01,13194.01,2022-06-24T01:22:51+00:00,,2026-09-21T23:42:59+00:00,6,2026-09-21T23:42:59+00:00
4451,02100000004451,3,12,USD,active,1620.55,1620.55,2025-09-09T13:06:36+00:00,,2026-08-31T22:00:00+00:00,29,2026-08-31T22:00:00+00:00
4452,02100000004452,1,1,USD,dormant,101.36,101.36,2010-06-12T20:25:28+00:00,,2026-08-31T22:00:00+00:00,27,2026-08-31T22:00:00+00:00
4453,02100000004453,1,7,USD,active,37421.15,37421.15,2008-11-04T10:36:11+00:00,,2026-09-21T06:52:38+00:00,24,2026-09-21T06:52:38+00:00
4454,02100000004454,1,12,USD,active,11111.85,11111.85,2015-01-04T01:12:43+00:00,,2026-09-21T13:40:43+00:00,35,2026-09-21T13:40:43+00:00
4455,02100000004455,1,9,USD,closed,0,0,2025-09-23T10:24:06+00:00,2025-10-23T17:55:26+00:00,,0,2025-10-23T17:55:26+00:00
4456,02100000004456,4,9,USD,active,3639.01,3639.01,2026-05-18T02:58:55+00:00,,2026-08-31T22:00:00+00:00,24,2026-08-31T22:00:00+00:00
4457,02100000004457,8,8,USD,active,217.82,14782.18,2015-09-04T23:20:14+00:00,,2026-06-30T22:00:00+00:00,12,2026-06-30T22:00:00+00:00
4458,02100000004458,1,2,USD,active,27546.16,27546.16,2020-10-11T11:13:42+00:00,,2026-09-22T13:26:39+00:00,34,2026-09-22T13:26:39+00:00
4459,02110000004459,2,20,USD,active,15331.39,15831.39,2020-02-21T01:06:26+00:00,,2026-09-16T14:07:28+00:00,19,2026-09-16T14:07:28+00:00
4460,02110000004460,1,24,USD,active,288.77,288.77,2021-03-25T14:49:37+00:00,,2026-09-19T12:30:55+00:00,30,2026-09-19T12:30:55+00:00
4461,02110000004461,3,24,USD,active,7379.88,7379.88,2024-11-16T18:15:26+00:00,,2026-08-31T22:00:00+00:00,25,2026-08-31T22:00:00+00:00
4462,02100000004462,1,9,USD,active,18220.12,18220.12,2012-02-21T02:10:06+00:00,,2026-09-20T19:46:40+00:00,16,2026-09-20T19:46:40+00:00
4463,02100000004463,3,9,USD,active,1856.81,1856.81,2016-04-08T04:25:53+00:00,,2026-08-31T22:00:00+00:00,40,2026-08-31T22:00:00+00:00
4464,02110000004464,1,24,USD,active,7548.22,7548.22,2015-03-31T19:33:37+00:00,,2026-09-11T22:30:46+00:00,5,2026-09-11T22:30:46+00:00
4465,02110000004465,3,24,USD,active,3954.15,3954.15,2021-10-01T15:40:53+00:00,,2026-08-31T22:00:00+00:00,28,2026-08-31T22:00:00+00:00
4466,02100000004466,2,3,USD,active,13357.09,13857.09,2019-10-05T10:13:16+00:00,,2026-09-21T16:21:41+00:00,10,2026-09-21T16:21:41+00:00
4467,02110000004467,1,19,USD,active,30678.95,30678.95,2010-08-05T09:43:20+00:00,,2026-09-20T09:00:00+00:00,33,2026-09-20T09:00:00+00:00
4468,02110000004468,9,19,USD,active,2661.80,12338.20,2024-04-02T09:40:40+00:00,,2026-09-20T22:14:07+00:00,29,2026-09-20T22:14:07+00:00
4469,02100000004469,1,2,USD,active,25391.18,25391.18,2015-09-15T16:46:31+00:00,,2026-09-22T15:27:26+00:00,30,2026-09-22T15:27:26+00:00
4470,02110000004470,1,24,USD,active,27434.86,27434.86,2011-09-28T07:49:57+00:00,,2026-07-07T16:45:52+00:00,37,2026-07-07T16:45:52+00:00
4471,02110000004471,5,24,USD,active,9037.21,9037.21,2012-09-05T04:36:04+00:00,,2026-08-31T22:00:00+00:00,1,2026-08-31T22:00:00+00:00
4472,02100000004472,2,10,USD,active,23011.01,23511.01,2014-03-04T00:31:40+00:00,,2026-08-29T14:45:27+00:00,25,2026-08-29T14:45:27+00:00
4473,02110000004473,1,13,USD,active,3189.23,3189.23,2021-10-13T05:47:35+00:00,,2026-09-22T14:03:09+00:00,9,2026-09-22T14:03:09+00:00
4474,02110000004474,3,13,USD,active,928.10,928.10,2023-04-07T19:44:40+00:00,,2026-08-31T22:00:00+00:00,20,2026-08-31T22:00:00+00:00
4475,02110000004475,15,13,EUR,active,3471.77,3471.77,2026-04-09T12:30:42+00:00,,2026-04-30T23:59:00+00:00,32,2026-04-30T23:59:00+00:00
4476,02110000004476,1,20,USD,active,51.32,51.32,2021-03-02T01:41:33+00:00,,2026-09-19T23:19:57+00:00,19,2026-09-19T23:19:57+00:00
4477,02110000004477,4,13,USD,active,41220.21,41220.21,2022-12-10T12:56:39+00:00,,2026-08-31T22:00:00+00:00,18,2026-08-31T22:00:00+00:00
4478,02100000004478,2,5,USD,active,42811.80,43311.80,2014-03-09T20:04:18+00:00,,2026-09-22T12:46:09+00:00,13,2026-09-22T12:46:09+00:00
4479,02110000004479,1,18,USD,active,11820.47,11820.47,2008-01-29T21:27:00+00:00,,2026-09-15T09:00:00+00:00,38,2026-09-15T09:00:00+00:00
4480,02110000004480,3,18,USD,active,4384.62,4384.62,2017-04-28T05:46:43+00:00,,2026-08-31T22:00:00+00:00,34,2026-08-31T22:00:00+00:00
4481,02110000004481,8,18,USD,active,2477.59,2522.41,2020-01-20T00:15:19+00:00,,2026-09-21T19:39:18+00:00,21,2026-09-21T19:39:18+00:00
4482,02100000004482,2,12,USD,closed,0,0,2012-01-22T04:24:53+00:00,2013-02-19T00:08:16+00:00,,0,2013-02-19T00:08:16+00:00
4483,02100000004483,8,12,USD,active,4614.22,10385.78,2013-07-14T22:41:14+00:00,,2026-08-31T22:00:00+00:00,11,2026-08-31T22:00:00+00:00
4484,02110000004484,1,16,USD,active,10775.47,10775.47,2024-03-15T12:54:26+00:00,,2026-08-13T22:08:43+00:00,17,2026-08-13T22:08:43+00:00
4485,02110000004485,3,16,USD,closed,0,0,2025-09-27T17:41:52+00:00,2025-11-30T01:30:08+00:00,,0,2025-11-30T01:30:08+00:00
4486,02100000004486,1,1,USD,closed,0,0,2016-06-13T18:57:41+00:00,2025-10-01T11:09:10+00:00,,0,2025-10-01T11:09:10+00:00
4487,02100000004487,4,1,USD,active,1829.93,1829.93,2026-07-04T22:27:32+00:00,,2026-08-31T22:00:00+00:00,39,2026-08-31T22:00:00+00:00
4488,02110000004488,2,16,USD,active,9997.20,10497.20,2025-04-19T12:34:22+00:00,,2026-09-21T16:32:05+00:00,11,2026-09-21T16:32:05+00:00
4489,02110000004489,4,16,USD,active,8204.63,8204.63,2025-05-31T18:49:49+00:00,,2026-08-31T22:00:00+00:00,9,2026-08-31T22:00:00+00:00
4490,02100000004490,1,4,USD,active,13056.08,13056.08,2023-10-20T22:38:16+00:00,,2026-09-16T09:00:00+00:00,39,2026-09-16T09:00:00+00:00
4491,02110000004491,1,19,USD,active,31061.61,31061.61,2023-02-13T11:27:46+00:00,,2026-09-21T20:11:33+00:00,14,2026-09-21T20:11:33+00:00
4492,02100000004492,1,5,USD,active,2636.65,2636.65,2008-05-31T08:56:32+00:00,,2026-09-18T19:18:59+00:00,8,2026-09-18T19:18:59+00:00
4493,02100000004493,4,5,USD,active,6310.84,6310.84,2009-07-19T06:57:14+00:00,,2026-08-31T22:00:00+00:00,28,2026-08-31T22:00:00+00:00
4494,02110000004494,1,16,USD,active,7276.18,7276.18,2014-03-03T19:20:52+00:00,,2026-09-22T14:03:54+00:00,5,2026-09-22T14:03:54+00:00
4495,02110000004495,3,16,USD,active,2133.42,2133.42,2016-12-08T10:19:08+00:00,,2026-08-31T22:00:00+00:00,8,2026-08-31T22:00:00+00:00
4496,02100000004496,1,9,USD,active,2176.41,2176.41,2024-07-29T05:11:26+00:00,,2026-09-22T15:24:04+00:00,2,2026-09-22T15:24:04+00:00
4497,02100000004497,3,9,USD,active,822.99,822.99,2025-08-30T22:15:44+00:00,,2026-08-31T22:00:00+00:00,6,2026-08-31T22:00:00+00:00
4498,02110000004498,1,15,USD,active,4658.32,4658.32,2018-03-24T20:52:00+00:00,,2026-09-21T09:00:00+00:00,26,2026-09-21T09:00:00+00:00
4499,02110000004499,3,15,USD,active,8006.36,8006.36,2023-05-19T08:02:56+00:00,,2026-08-31T22:00:00+00:00,22,2026-08-31T22:00:00+00:00
4500,02110000004500,8,15,USD,frozen,0,25000.00,2025-03-06T01:29:18+00:00,,,0,2025-03-06T01:29:18+00:00
4501,02100000004501,1,7,USD,active,71921.22,71921.22,2009-04-11T04:23:08+00:00,,2026-09-20T21:26:57+00:00,39,2026-09-20T21:26:57+00:00
4502,02100000004502,4,7,USD,active,3530.22,3530.22,2015-01-26T19:35:38+00:00,,2026-08-31T22:00:00+00:00,23,2026-08-31T22:00:00+00:00
4503,02100000004503,1,3,USD,active,9631.16,9631.16,2011-08-08T00:55:06+00:00,,2026-09-20T09:00:00+00:00,27,2026-09-20T09:00:00+00:00
4504,02100000004504,8,3,USD,frozen,0,5000.00,2017-05-27T06:08:58+00:00,,,0,2017-05-27T06:08:58+00:00
4505,02110000004505,1,25,USD,active,12226.70,12226.70,2025-05-26T17:57:26+00:00,,2026-09-15T10:58:44+00:00,37,2026-09-15T10:58:44+00:00
4506,02110000004506,4,25,USD,active,22317.84,22317.84,2026-02-13T07:22:58+00:00,,2026-08-31T22:00:00+00:00,39,2026-08-31T22:00:00+00:00
4507,02110000004507,8,25,USD,active,997.06,2.94,2026-05-06T12:24:12+00:00,,2026-09-08T18:28:47+00:00,19,2026-09-08T18:28:47+00:00
4508,02100000004508,2,6,USD,active,22162.59,22662.59,2011-03-08T21:11:36+00:00,,2026-09-18T18:32:48+00:00,1,2026-09-18T18:32:48+00:00
4509,02100000004509,4,6,USD,active,55963.48,55963.48,2013-06-11T01:24:50+00:00,,2026-08-31T22:00:00+00:00,40,2026-08-31T22:00:00+00:00
4510,02100000004510,1,6,USD,active,2787.88,2787.88,2008-08-22T06:42:52+00:00,,2026-09-20T21:12:30+00:00,18,2026-09-20T21:12:30+00:00
4511,02110000004511,2,20,USD,dormant,192.80,192.80,2016-04-12T16:46:49+00:00,,2026-08-31T22:00:00+00:00,36,2026-08-31T22:00:00+00:00
4512,02100000004512,1,6,USD,active,29643.66,29643.66,2009-02-04T18:09:05+00:00,,2026-09-22T14:27:12+00:00,33,2026-09-22T14:27:12+00:00
4513,02110000004513,1,23,USD,active,28921.82,28921.82,2017-04-28T00:10:51+00:00,,2026-09-16T02:39:18+00:00,37,2026-09-16T02:39:18+00:00
4514,02110000004514,3,23,USD,active,2709.29,2709.29,2017-10-25T11:17:54+00:00,,2026-08-31T22:00:00+00:00,34,2026-08-31T22:00:00+00:00
4515,02110000004515,9,23,USD,active,1507.07,3492.93,2026-07-12T14:32:04+00:00,,2026-09-06T13:54:25+00:00,7,2026-09-06T13:54:25+00:00
4516,02110000004516,1,20,USD,active,4054.22,4054.22,2018-04-22T02:40:43+00:00,,2026-08-08T12:26:29+00:00,10,2026-08-08T12:26:29+00:00
4517,02110000004517,3,20,USD,active,929.75,929.75,2022-01-20T01:00:33+00:00,,2026-08-31T22:00:00+00:00,5,2026-08-31T22:00:00+00:00
4518,02100000004518,1,12,USD,active,21920.72,21920.72,2024-07-14T21:54:55+00:00,,2026-09-05T09:00:00+00:00,39,2026-09-05T09:00:00+00:00
4519,02100000004519,8,12,USD,active,2447.66,52.34,2026-06-30T23:00:01+00:00,,2026-09-11T20:27:42+00:00,25,2026-09-11T20:27:42+00:00
4520,02100000004520,2,9,USD,active,5751.43,6251.43,2012-08-08T08:44:55+00:00,,2026-09-22T21:00:00+00:00,2,2026-09-22T21:00:00+00:00
4521,02100000004521,8,9,USD,active,0,7500.00,2020-09-23T22:49:23+00:00,,,0,2020-09-23T22:49:23+00:00
4522,02100000004522,1,8,USD,active,2522.28,2522.28,2019-10-01T15:35:55+00:00,,2026-09-22T20:20:51+00:00,25,2026-09-22T20:20:51+00:00
4523,02100000004523,3,8,USD,active,3167.51,3167.51,2020-05-20T10:42:57+00:00,,2026-08-31T22:00:00+00:00,26,2026-08-31T22:00:00+00:00
4524,02110000004524,1,14,USD,active,22728.67,22728.67,2014-03-18T23:03:21+00:00,,2026-09-17T09:00:00+00:00,39,2026-09-17T09:00:00+00:00
4525,02110000004525,3,14,USD,active,6297.06,6297.06,2017-11-24T18:28:17+00:00,,2026-08-31T22:00:00+00:00,24,2026-08-31T22:00:00+00:00
4526,02110000004526,8,14,USD,active,971.40,28.60,2022-12-19T14:08:46+00:00,,2026-09-21T21:55:13+00:00,15,2026-09-21T21:55:13+00:00
4527,02110000004527,1,15,USD,active,12284.29,12284.29,2013-02-09T01:12:53+00:00,,2026-09-22T16:21:39+00:00,32,2026-09-22T16:21:39+00:00
4528,02100000004528,1,2,USD,dormant,152.97,152.97,2016-07-12T13:46:18+00:00,,2026-08-31T22:00:00+00:00,29,2026-08-31T22:00:00+00:00
4529,02100000004529,9,2,USD,active,3226.90,6773.10,2021-02-18T03:24:14+00:00,,2026-04-30T23:59:00+00:00,5,2026-04-30T23:59:00+00:00
4530,02110000004530,1,24,USD,active,864.82,864.82,2021-09-11T06:59:17+00:00,,2026-09-21T11:00:00+00:00,25,2026-09-21T11:00:00+00:00
4531,02100000004531,1,10,USD,active,15237.34,15237.34,2008-04-20T04:34:13+00:00,,2026-09-21T19:01:10+00:00,36,2026-09-21T19:01:10+00:00
4532,02100000004532,3,10,USD,dormant,357.74,357.74,2022-07-01T05:32:49+00:00,,2026-08-31T22:00:00+00:00,28,2026-08-31T22:00:00+00:00
4533,02100000004533,1,1,USD,active,1417.56,1417.56,2022-11-03T20:08:09+00:00,,2026-09-19T18:47:48+00:00,24,2026-09-19T18:47:48+00:00
4534,02100000004534,4,1,USD,active,29942.09,29942.09,2024-09-26T14:25:08+00:00,,2026-08-31T22:00:00+00:00,6,2026-08-31T22:00:00+00:00
4535,02100000004535,9,1,USD,frozen,983.19,16.81,2022-12-12T20:12:16+00:00,,2026-04-30T23:59:00+00:00,7,2026-04-30T23:59:00+00:00
4536,02100000004536,1,3,USD,active,6824.42,6824.42,2017-09-06T13:21:48+00:00,,2026-09-12T09:00:00+00:00,37,2026-09-12T09:00:00+00:00
4537,02100000004537,4,3,USD,active,6271.61,6271.61,2020-02-16T22:31:16+00:00,,2026-08-31T22:00:00+00:00,18,2026-08-31T22:00:00+00:00
4538,02110000004538,1,24,USD,active,25554.14,25554.14,2010-04-07T01:18:54+00:00,,2026-09-13T22:02:33+00:00,31,2026-09-13T22:02:33+00:00
4539,02100000004539,1,6,USD,active,5189.64,5189.64,2025-09-05T01:43:40+00:00,,2026-09-12T09:00:00+00:00,26,2026-09-12T09:00:00+00:00
4540,02100000004540,3,6,USD,active,4730.89,4730.89,2025-12-30T03:44:52+00:00,,2026-08-31T22:00:00+00:00,3,2026-08-31T22:00:00+00:00
4541,02100000004541,9,6,USD,active,1194.90,3805.10,2025-10-26T20:15:34+00:00,,2026-09-20T15:16:45+00:00,13,2026-09-20T15:16:45+00:00
4542,02110000004542,1,25,USD,active,12028.19,12028.19,2020-01-04T15:03:54+00:00,,2026-09-22T16:34:35+00:00,12,2026-09-22T16:34:35+00:00
4543,02110000004543,3,25,USD,active,4754.45,4754.45,2022-03-12T22:17:47+00:00,,2026-08-31T22:00:00+00:00,13,2026-08-31T22:00:00+00:00
4544,02100000004544,1,1,USD,active,31883.38,31883.38,2015-07-21T20:08:27+00:00,,2026-09-21T19:45:55+00:00,24,2026-09-21T19:45:55+00:00
4545,02110000004545,1,15,USD,active,4560.88,4560.88,2023-06-21T11:53:23+00:00,,2026-09-13T07:32:13+00:00,12,2026-09-13T07:32:13+00:00
4546,02110000004546,3,15,USD,active,2444.54,2444.54,2025-09-18T04:03:46+00:00,,2026-08-31T22:00:00+00:00,2,2026-08-31T22:00:00+00:00
4547,02110000004547,8,15,USD,active,4845.10,154.90,2023-09-01T17:48:49+00:00,,2026-09-20T22:43:49+00:00,30,2026-09-20T22:43:49+00:00
4548,02100000004548,1,9,USD,active,34030.52,34030.52,2019-07-17T03:41:16+00:00,,2026-09-14T09:00:00+00:00,28,2026-09-14T09:00:00+00:00
4549,02100000004549,8,9,USD,active,823.39,9176.61,2021-09-30T07:18:28+00:00,,2026-09-19T20:19:05+00:00,6,2026-09-19T20:19:05+00:00
4550,02100000004550,2,6,USD,active,30150.23,30650.23,2008-09-11T01:09:40+00:00,,2026-09-22T15:06:00+00:00,32,2026-09-22T15:06:00+00:00
4551,02100000004551,3,6,USD,active,6631.42,6631.42,2025-10-11T01:25:33+00:00,,2026-08-31T22:00:00+00:00,2,2026-08-31T22:00:00+00:00
4552,02100000004552,1,1,USD,active,12394.53,12394.53,2016-06-10T20:21:55+00:00,,2026-09-22T09:00:00+00:00,7,2026-09-22T09:00:00+00:00
4553,02100000004553,4,1,USD,active,4729.40,4729.40,2023-04-06T22:16:17+00:00,,2026-08-31T22:00:00+00:00,35,2026-08-31T22:00:00+00:00
4554,02100000004554,1,8,USD,active,120.31,120.31,2009-01-05T17:47:43+00:00,,2026-09-22T13:50:03+00:00,17,2026-09-22T13:50:03+00:00
4555,02100000004555,3,8,USD,active,7078.24,7078.24,2009-10-24T09:21:36+00:00,,2026-08-31T22:00:00+00:00,33,2026-08-31T22:00:00+00:00
4556,02110000004556,1,22,USD,dormant,1.84,1.84,2021-10-04T06:20:46+00:00,,2026-08-31T22:00:00+00:00,38,2026-08-31T22:00:00+00:00
4557,02110000004557,8,22,USD,active,0,15000.00,2024-01-04T19:54:47+00:00,,,0,2024-01-04T19:54:47+00:00
4558,02100000004558,1,11,USD,active,14088.73,14088.73,2015-12-08T23:19:01+00:00,,2026-05-29T14:54:55+00:00,9,2026-05-29T14:54:55+00:00
4559,02110000004559,1,14,USD,active,8849.90,8849.90,2026-03-25T13:22:27+00:00,,2026-09-22T20:52:00+00:00,4,2026-09-22T20:52:00+00:00
4560,02110000004560,3,14,USD,dormant,300.76,300.76,2026-03-31T19:56:22+00:00,,2026-08-31T22:00:00+00:00,10,2026-08-31T22:00:00+00:00
4561,02100000004561,1,6,USD,active,18415.36,18415.36,2008-11-22T03:01:35+00:00,,2026-09-22T17:59:42+00:00,15,2026-09-22T17:59:42+00:00
4562,02100000004562,2,1,USD,closed,0,0,2017-02-21T17:56:36+00:00,2018-07-29T10:55:50+00:00,,0,2018-07-29T10:55:50+00:00
4563,02100000004563,3,1,USD,active,4319.12,4319.12,2025-12-07T09:05:22+00:00,,2026-08-31T22:00:00+00:00,32,2026-08-31T22:00:00+00:00
4564,02100000004564,1,11,USD,active,13858.33,13858.33,2013-03-04T08:21:57+00:00,,2026-09-22T17:02:42+00:00,40,2026-09-22T17:02:42+00:00
4565,02110000004565,1,20,USD,active,46345.49,46345.49,2015-04-19T02:16:44+00:00,,2026-09-10T09:00:00+00:00,3,2026-09-10T09:00:00+00:00
4566,02110000004566,9,20,USD,active,183.02,24816.98,2026-08-19T04:41:49+00:00,,2026-09-16T20:24:15+00:00,3,2026-09-16T20:24:15+00:00
4567,02110000004567,1,16,USD,active,788.34,788.34,2012-08-08T05:08:32+00:00,,2026-09-22T14:24:51+00:00,12,2026-09-22T14:24:51+00:00
4568,02110000004568,3,16,USD,active,1064.18,1064.18,2016-11-06T17:43:57+00:00,,2026-08-31T22:00:00+00:00,32,2026-08-31T22:00:00+00:00
4569,02100000004569,1,1,USD,active,15311.46,15311.46,2012-08-13T06:11:59+00:00,,2026-09-20T14:30:25+00:00,30,2026-09-20T14:30:25+00:00
4570,02100000004570,3,1,USD,active,2514.98,2514.98,2019-08-31T12:50:15+00:00,,2026-08-31T22:00:00+00:00,33,2026-08-31T22:00:00+00:00
4571,02110000004571,2,13,USD,active,11520.61,12020.61,2018-06-05T04:06:45+00:00,,2026-09-19T16:37:11+00:00,14,2026-09-19T16:37:11+00:00
4572,02110000004572,3,13,USD,closed,0,0,2019-10-24T18:01:28+00:00,2025-06-13T05:34:07+00:00,,0,2025-06-13T05:34:07+00:00
4573,02110000004573,8,13,USD,active,0,5000.00,2022-11-02T11:54:08+00:00,,,0,2022-11-02T11:54:08+00:00
4574,02110000004574,2,15,USD,active,1144.33,1644.33,2026-04-05T17:47:27+00:00,,2026-08-24T19:08:59+00:00,35,2026-08-24T19:08:59+00:00
4575,02110000004575,3,15,USD,active,4421.27,4421.27,2026-06-05T10:34:26+00:00,,2026-08-31T22:00:00+00:00,9,2026-08-31T22:00:00+00:00
4576,02100000004576,1,5,USD,active,1953.49,1953.49,2014-08-05T02:14:15+00:00,,2026-09-12T22:55:25+00:00,13,2026-09-12T22:55:25+00:00
4577,02100000004577,4,5,USD,active,12289.14,12289.14,2020-07-23T15:00:52+00:00,,2026-08-31T22:00:00+00:00,20,2026-08-31T22:00:00+00:00
4578,02100000004578,2,3,USD,active,8833.03,9333.03,2011-07-11T14:33:24+00:00,,2026-09-04T17:22:16+00:00,34,2026-09-04T17:22:16+00:00
4579,02100000004579,8,3,USD,active,254.77,14745.23,2011-07-28T18:15:33+00:00,,2026-09-22T18:43:42+00:00,16,2026-09-22T18:43:42+00:00
4580,02110000004580,2,22,USD,active,538.39,1038.39,2024-10-03T01:27:32+00:00,,2026-09-19T20:31:50+00:00,21,2026-09-19T20:31:50+00:00
4581,02110000004581,3,22,USD,active,1587.10,1587.10,2025-03-04T07:23:22+00:00,,2026-08-31T22:00:00+00:00,13,2026-08-31T22:00:00+00:00
4582,02110000004582,2,20,USD,active,28406.87,28906.87,2020-02-14T01:40:22+00:00,,2026-09-17T09:00:00+00:00,32,2026-09-17T09:00:00+00:00
4583,02110000004583,9,20,USD,active,901.17,98.83,2025-09-06T22:32:38+00:00,,2026-09-17T12:19:01+00:00,17,2026-09-17T12:19:01+00:00
4584,02110000004584,1,16,USD,closed,0,0,2010-01-23T22:03:06+00:00,2017-01-17T07:42:07+00:00,,0,2017-01-17T07:42:07+00:00
4585,02100000004585,2,12,USD,active,8806.62,9306.62,2021-01-29T11:01:32+00:00,,2026-09-21T20:35:35+00:00,33,2026-09-21T20:35:35+00:00
4586,02100000004586,4,12,USD,active,9208.38,9208.38,2023-09-03T13:55:29+00:00,,2026-08-31T22:00:00+00:00,18,2026-08-31T22:00:00+00:00
4587,02100000004587,9,12,USD,active,0,10000.00,2025-01-22T06:31:43+00:00,,,0,2025-01-22T06:31:43+00:00
4588,02110000004588,2,19,USD,active,21831.96,22331.96,2020-10-11T08:43:10+00:00,,2026-09-13T09:00:00+00:00,2,2026-09-13T09:00:00+00:00
4589,02100000004589,1,11,USD,active,15566.20,15566.20,2019-03-19T23:46:09+00:00,,2026-09-22T12:42:42+00:00,22,2026-09-22T12:42:42+00:00
4590,02100000004590,3,11,USD,active,9744.01,9744.01,2021-11-06T11:41:57+00:00,,2026-08-31T22:00:00+00:00,20,2026-08-31T22:00:00+00:00
4591,02100000004591,8,11,USD,active,0,25000.00,2019-10-31T12:13:23+00:00,,,0,2019-10-31T12:13:23+00:00
4592,02100000004592,1,3,USD,active,12153.16,12153.16,2017-07-27T22:22:08+00:00,,2026-09-20T11:50:14+00:00,31,2026-09-20T11:50:14+00:00
4593,02100000004593,3,3,USD,active,6627.69,6627.69,2024-04-28T18:25:35+00:00,,2026-08-31T22:00:00+00:00,34,2026-08-31T22:00:00+00:00
4594,02100000004594,1,7,USD,active,848.17,848.17,2021-12-19T16:25:30+00:00,,2026-09-22T20:05:05+00:00,3,2026-09-22T20:05:05+00:00
4595,02100000004595,3,7,USD,active,1892.08,1892.08,2024-06-11T09:36:43+00:00,,2026-08-31T22:00:00+00:00,34,2026-08-31T22:00:00+00:00
4596,02100000004596,15,7,EUR,active,1552.48,1552.48,2024-10-16T20:13:30+00:00,,2026-04-30T23:59:00+00:00,33,2026-04-30T23:59:00+00:00
4597,02100000004597,1,12,USD,active,247.98,247.98,2008-11-06T05:26:35+00:00,,2026-09-19T22:27:15+00:00,20,2026-09-19T22:27:15+00:00
4598,02100000004598,3,12,USD,active,8377.49,8377.49,2017-11-10T13:42:26+00:00,,2026-08-31T22:00:00+00:00,30,2026-08-31T22:00:00+00:00
4599,02110000004599,2,22,USD,active,14858.78,15358.78,2016-12-21T18:38:52+00:00,,2026-09-20T09:00:00+00:00,36,2026-09-20T09:00:00+00:00
4600,02110000004600,4,22,USD,closed,0,0,2019-06-16T16:39:22+00:00,2024-12-09T10:58:20+00:00,,0,2024-12-09T10:58:20+00:00
4601,02110000004601,9,22,USD,active,0,15000.00,2024-07-18T04:35:44+00:00,,,0,2024-07-18T04:35:44+00:00
4602,02100000004602,2,5,USD,active,780.44,1280.44,2023-05-27T16:49:26+00:00,,2026-09-09T09:00:00+00:00,39,2026-09-09T09:00:00+00:00
4603,02100000004603,4,5,USD,active,37177.91,37177.91,2023-08-12T16:57:16+00:00,,2026-08-31T22:00:00+00:00,8,2026-08-31T22:00:00+00:00
4604,02100000004604,9,5,USD,active,4395.44,5604.56,2024-06-13T02:42:47+00:00,,2026-09-22T14:55:30+00:00,31,2026-09-22T14:55:30+00:00
4605,02110000004605,1,24,USD,active,1729.70,1729.70,2009-05-24T01:27:10+00:00,,2026-09-22T09:00:00+00:00,24,2026-09-22T09:00:00+00:00
4606,02110000004606,3,24,USD,active,1771.52,1771.52,2021-05-05T09:40:00+00:00,,2026-08-31T22:00:00+00:00,4,2026-08-31T22:00:00+00:00
4607,02100000004607,1,5,USD,active,8451.03,8451.03,2009-02-19T16:36:45+00:00,,2026-09-21T17:44:09+00:00,8,2026-09-21T17:44:09+00:00
4608,02100000004608,3,5,USD,active,3035.19,3035.19,2017-10-28T21:48:46+00:00,,2026-08-31T22:00:00+00:00,36,2026-08-31T22:00:00+00:00
4609,02100000004609,2,11,USD,active,37280.04,37780.04,2016-10-13T02:04:26+00:00,,2026-09-17T15:09:40+00:00,35,2026-09-17T15:09:40+00:00
4610,02110000004610,1,22,USD,closed,0,0,2015-10-01T21:09:12+00:00,2025-12-09T15:10:29+00:00,,0,2025-12-09T15:10:29+00:00
4611,02110000004611,1,20,USD,active,29497.51,29497.51,2008-04-03T22:34:25+00:00,,2026-09-18T12:33:15+00:00,28,2026-09-18T12:33:15+00:00
4612,02110000004612,8,20,USD,active,4905.11,-3905.11,2011-12-26T16:09:34+00:00,,2026-04-30T23:59:00+00:00,17,2026-04-30T23:59:00+00:00
4613,02110000004613,4,24,USD,active,2302.80,2302.80,2025-11-11T03:44:47+00:00,,2026-08-31T22:00:00+00:00,36,2026-08-31T22:00:00+00:00
4614,02110000004614,1,20,USD,active,21772.66,21772.66,2012-03-01T06:54:23+00:00,,2026-09-14T09:00:00+00:00,8,2026-09-14T09:00:00+00:00
4615,02110000004615,4,20,USD,active,86558.59,86558.59,2012-03-09T02:49:47+00:00,,2026-08-31T22:00:00+00:00,18,2026-08-31T22:00:00+00:00
4616,02110000004616,5,20,USD,active,47466.11,47466.11,2024-09-16T05:44:11+00:00,,2026-08-31T22:00:00+00:00,16,2026-08-31T22:00:00+00:00
4617,02110000004617,1,14,USD,active,241.37,241.37,2022-03-04T16:38:19+00:00,,2026-09-20T12:34:23+00:00,26,2026-09-20T12:34:23+00:00
4618,02110000004618,3,14,USD,active,515.96,515.96,2024-03-20T22:22:47+00:00,,2026-08-31T22:00:00+00:00,33,2026-08-31T22:00:00+00:00
4619,02110000004619,9,14,USD,active,2853.01,22146.99,2025-10-22T07:27:55+00:00,,2026-08-25T18:00:00+00:00,16,2026-08-25T18:00:00+00:00
4620,02110000004620,2,15,USD,active,6311.40,6811.40,2017-01-14T07:43:10+00:00,,2026-09-21T20:00:37+00:00,3,2026-09-21T20:00:37+00:00
4621,02110000004621,3,15,USD,active,933.64,933.64,2020-03-05T07:16:18+00:00,,2026-08-31T22:00:00+00:00,4,2026-08-31T22:00:00+00:00
4622,02110000004622,5,15,USD,active,12113.25,12113.25,2017-04-07T07:05:34+00:00,,2026-08-31T22:00:00+00:00,16,2026-08-31T22:00:00+00:00
4623,02110000004623,9,15,USD,closed,0,15000.00,2023-10-10T21:51:59+00:00,2025-02-02T19:33:50+00:00,,0,2025-02-02T19:33:50+00:00
4624,02100000004624,2,3,USD,active,24557.57,25057.57,2015-01-03T15:23:12+00:00,,2026-09-22T18:55:05+00:00,2,2026-09-22T18:55:05+00:00
4625,02110000004625,1,23,USD,active,18873.88,18873.88,2015-11-11T19:40:02+00:00,,2026-09-22T18:22:29+00:00,19,2026-09-22T18:22:29+00:00
4626,02110000004626,8,23,USD,active,0,1000.00,2025-12-12T00:26:05+00:00,,,0,2025-12-12T00:26:05+00:00
4627,02110000004627,1,22,USD,active,4130.78,4130.78,2013-10-13T09:04:29+00:00,,2026-09-15T09:00:00+00:00,33,2026-09-15T09:00:00+00:00
4628,02110000004628,5,22,USD,closed,0,0,2026-01-24T19:46:49+00:00,2026-03-02T16:11:15+00:00,,0,2026-03-02T16:11:15+00:00
4629,02110000004629,1,23,USD,closed,0,0,2009-09-14T20:31:43+00:00,2021-08-20T01:08:28+00:00,,0,2021-08-20T01:08:28+00:00
4630,02110000004630,3,23,USD,active,361.86,361.86,2025-09-29T08:13:10+00:00,,2026-08-31T22:00:00+00:00,1,2026-08-31T22:00:00+00:00
4631,02110000004631,2,15,USD,active,16233.20,16733.20,2013-06-01T23:12:09+00:00,,2026-09-21T15:38:20+00:00,36,2026-09-21T15:38:20+00:00
4632,02110000004632,2,20,USD,active,29114.06,29614.06,2025-08-01T05:40:41+00:00,,2026-09-17T16:05:35+00:00,5,2026-09-17T16:05:35+00:00
4633,02100000004633,2,10,USD,closed,0,0,2009-10-19T23:37:37+00:00,2021-12-31T12:33:59+00:00,,0,2021-12-31T12:33:59+00:00
4634,02100000004634,2,10,USD,active,12950.33,13450.33,2008-08-11T20:16:22+00:00,,2026-09-22T20:46:00+00:00,9,2026-09-22T20:46:00+00:00
4635,02110000004635,1,16,USD,active,40011.66,40011.66,2012-04-22T20:09:18+00:00,,2026-09-22T09:00:00+00:00,24,2026-09-22T09:00:00+00:00
4636,02110000004636,1,13,USD,dormant,61.84,61.84,2022-11-30T04:44:05+00:00,,2026-08-31T22:00:00+00:00,3,2026-08-31T22:00:00+00:00
4637,02110000004637,3,13,USD,active,8024.69,8024.69,2024-06-14T13:28:12+00:00,,2026-08-31T22:00:00+00:00,13,2026-08-31T22:00:00+00:00
4638,02110000004638,1,13,USD,active,10999.18,10999.18,2024-03-29T22:38:06+00:00,,2026-09-19T19:32:52+00:00,22,2026-09-19T19:32:52+00:00
4639,02100000004639,1,3,USD,active,2276.87,2276.87,2019-06-02T06:06:40+00:00,,2026-09-09T09:00:00+00:00,38,2026-09-09T09:00:00+00:00
4640,02100000004640,9,3,USD,active,863.95,1636.05,2025-01-25T12:35:02+00:00,,2026-09-12T13:53:45+00:00,8,2026-09-12T13:53:45+00:00
4641,02110000004641,1,18,USD,active,2733.65,2733.65,2018-09-03T12:19:59+00:00,,2026-09-15T16:23:50+00:00,8,2026-09-15T16:23:50+00:00
4642,02110000004642,4,18,USD,active,33558.44,33558.44,2026-03-15T01:06:24+00:00,,2026-08-31T22:00:00+00:00,6,2026-08-31T22:00:00+00:00
4643,02110000004643,2,23,USD,active,10457.73,10957.73,2022-06-23T09:49:10+00:00,,2026-09-09T13:29:00+00:00,14,2026-09-09T13:29:00+00:00
4644,02110000004644,3,23,USD,active,2290.73,2290.73,2025-10-20T20:05:07+00:00,,2026-08-31T22:00:00+00:00,31,2026-08-31T22:00:00+00:00
4645,02110000004645,8,23,USD,active,1695.26,13304.74,2024-09-29T01:49:24+00:00,,2026-09-19T12:46:05+00:00,34,2026-09-19T12:46:05+00:00
4646,02100000004646,1,1,USD,closed,0,0,2013-10-02T03:01:46+00:00,2016-03-18T04:02:42+00:00,,0,2016-03-18T04:02:42+00:00
4647,02100000004647,4,1,USD,active,7791.52,7791.52,2019-08-04T10:17:51+00:00,,2026-08-31T22:00:00+00:00,34,2026-08-31T22:00:00+00:00
4648,02100000004648,8,1,USD,active,1435.36,23564.64,2018-01-21T02:39:36+00:00,,2026-06-30T22:00:00+00:00,30,2026-06-30T22:00:00+00:00
4649,02100000004649,2,1,USD,active,19897.55,20397.55,2011-11-30T23:35:55+00:00,,2026-09-22T20:39:05+00:00,12,2026-09-22T20:39:05+00:00
4650,02110000004650,2,20,USD,active,33102.61,33602.61,2022-07-28T09:54:45+00:00,,2026-09-18T09:00:00+00:00,15,2026-09-18T09:00:00+00:00
4651,02110000004651,5,20,USD,active,15441.95,15441.95,2025-05-16T13:31:23+00:00,,2026-08-31T22:00:00+00:00,39,2026-08-31T22:00:00+00:00
4652,02110000004652,8,20,USD,active,1307.11,3692.89,2025-08-21T15:24:47+00:00,,2026-09-21T14:30:12+00:00,28,2026-09-21T14:30:12+00:00
4653,02110000004653,2,14,USD,active,27108.00,27608.00,2009-02-02T05:18:09+00:00,,2026-09-21T17:48:42+00:00,31,2026-09-21T17:48:42+00:00
4654,02110000004654,4,14,USD,active,9966.40,9966.40,2019-10-26T13:29:34+00:00,,2026-08-31T22:00:00+00:00,39,2026-08-31T22:00:00+00:00
4655,02110000004655,1,19,USD,active,4948.90,4948.90,2025-03-08T05:45:44+00:00,,2026-09-18T12:30:12+00:00,26,2026-09-18T12:30:12+00:00
4656,02110000004656,8,19,USD,active,5092.28,2407.72,2025-12-02T20:42:51+00:00,,2026-09-22T13:20:08+00:00,20,2026-09-22T13:20:08+00:00
4657,02110000004657,1,22,USD,dormant,251.83,251.83,2014-11-07T05:26:39+00:00,,2026-08-31T22:00:00+00:00,6,2026-08-31T22:00:00+00:00
4658,02110000004658,2,24,USD,active,14239.71,14739.71,2023-10-06T20:22:16+00:00,,2026-09-10T09:00:00+00:00,16,2026-09-10T09:00:00+00:00
4659,02110000004659,5,24,USD,active,17492.97,17492.97,2025-06-04T16:11:12+00:00,,2026-08-31T22:00:00+00:00,11,2026-08-31T22:00:00+00:00
4660,02110000004660,8,24,USD,active,2697.81,4802.19,2025-07-19T00:29:03+00:00,,2026-09-19T21:44:49+00:00,17,2026-09-19T21:44:49+00:00
4661,02110000004661,1,24,USD,active,4976.96,4976.96,2017-07-11T06:00:30+00:00,,2026-09-22T17:48:43+00:00,26,2026-09-22T17:48:43+00:00
4662,02100000004662,1,2,USD,active,357.83,357.83,2017-08-17T01:54:56+00:00,,2026-09-21T18:18:59+00:00,26,2026-09-21T18:18:59+00:00
4663,02100000004663,9,2,USD,closed,0,5000.00,2017-08-20T14:52:28+00:00,2021-09-02T09:15:45+00:00,,0,2021-09-02T09:15:45+00:00
4664,02100000004664,1,3,USD,closed,0,0,2021-03-02T12:31:52+00:00,2023-06-08T05:52:52+00:00,,0,2023-06-08T05:52:52+00:00
4665,02100000004665,4,3,USD,active,49638.83,49638.83,2021-03-05T00:06:50+00:00,,2026-08-31T22:00:00+00:00,31,2026-08-31T22:00:00+00:00
4666,02110000004666,1,25,USD,active,35429.28,35429.28,2025-02-23T21:12:40+00:00,,2026-09-22T12:32:59+00:00,35,2026-09-22T12:32:59+00:00
4667,02110000004667,2,24,USD,active,8811.74,9311.74,2020-04-16T14:39:35+00:00,,2026-09-20T20:07:39+00:00,12,2026-09-20T20:07:39+00:00
4668,02110000004668,4,24,USD,active,2399.63,2399.63,2022-01-13T13:17:12+00:00,,2026-08-31T22:00:00+00:00,15,2026-08-31T22:00:00+00:00
4669,02100000004669,1,10,USD,active,7902.03,7902.03,2010-01-11T22:07:57+00:00,,2026-09-20T09:00:00+00:00,7,2026-09-20T09:00:00+00:00
4670,02100000004670,3,10,USD,active,2761.60,2761.60,2019-11-28T14:58:27+00:00,,2026-08-31T22:00:00+00:00,29,2026-08-31T22:00:00+00:00
4671,02100000004671,8,10,USD,active,3175.38,6824.62,2020-03-04T00:10:53+00:00,,2026-09-19T13:55:37+00:00,30,2026-09-19T13:55:37+00:00
4672,02110000004672,1,22,USD,active,30575.21,30575.21,2017-07-27T02:42:10+00:00,,2026-09-20T15:34:39+00:00,9,2026-09-20T15:34:39+00:00
4673,02100000004673,2,7,USD,active,9753.28,10253.28,2012-02-07T20:40:32+00:00,,2026-09-19T21:29:16+00:00,10,2026-09-19T21:29:16+00:00
4674,02100000004674,3,7,USD,active,2519.93,2519.93,2025-04-08T08:52:29+00:00,,2026-08-31T22:00:00+00:00,19,2026-08-31T22:00:00+00:00
4675,02110000004675,1,23,USD,active,6898.60,6898.60,2013-10-25T07:17:57+00:00,,2026-09-22T00:34:59+00:00,22,2026-09-22T00:34:59+00:00
4676,02110000004676,4,23,USD,active,7239.98,7239.98,2019-10-13T00:08:57+00:00,,2026-08-31T22:00:00+00:00,39,2026-08-31T22:00:00+00:00
4677,02110000004677,9,23,USD,active,6323.70,1176.30,2015-01-25T08:02:03+00:00,,2026-09-21T19:07:18+00:00,10,2026-09-21T19:07:18+00:00
4678,02110000004678,1,15,USD,closed,0,0,2012-04-15T19:16:55+00:00,2017-01-19T02:55:13+00:00,,0,2017-01-19T02:55:13+00:00
4679,02110000004679,4,15,USD,active,22220.33,22220.33,2014-07-16T19:57:02+00:00,,2026-08-31T22:00:00+00:00,36,2026-08-31T22:00:00+00:00
4680,02110000004680,1,25,USD,active,10919.73,10919.73,2024-10-11T00:30:07+00:00,,2026-09-22T12:44:57+00:00,39,2026-09-22T12:44:57+00:00
4681,02110000004681,3,25,USD,active,3659.47,3659.47,2025-12-29T22:05:11+00:00,,2026-08-31T22:00:00+00:00,4,2026-08-31T22:00:00+00:00
4682,02100000004682,1,10,USD,active,2011.68,2011.68,2016-12-20T02:18:26+00:00,,2026-09-19T19:01:25+00:00,11,2026-09-19T19:01:25+00:00
4683,02100000004683,1,8,USD,active,1381.09,1381.09,2022-05-13T07:05:50+00:00,,2026-09-15T23:19:31+00:00,11,2026-09-15T23:19:31+00:00
4684,02100000004684,3,8,USD,active,3736.75,3736.75,2023-08-06T10:15:02+00:00,,2026-08-31T22:00:00+00:00,2,2026-08-31T22:00:00+00:00
4685,02100000004685,8,8,USD,active,0,1000.00,2026-07-10T07:16:13+00:00,,,0,2026-07-10T07:16:13+00:00
4686,02100000004686,1,5,USD,active,4139.10,4139.10,2012-03-17T16:54:35+00:00,,2026-09-20T13:42:32+00:00,26,2026-09-20T13:42:32+00:00
4687,02100000004687,3,5,USD,active,10212.31,10212.31,2015-01-27T08:18:40+00:00,,2026-08-31T22:00:00+00:00,14,2026-08-31T22:00:00+00:00
4688,02110000004688,1,25,USD,active,3364.17,3364.17,2020-04-20T20:42:43+00:00,,2026-09-17T22:59:39+00:00,28,2026-09-17T22:59:39+00:00
4689,02110000004689,3,25,USD,active,5729.66,5729.66,2020-12-24T01:55:47+00:00,,2026-08-31T22:00:00+00:00,32,2026-08-31T22:00:00+00:00
4690,02110000004690,1,15,USD,active,4112.17,4112.17,2017-05-18T19:41:07+00:00,,2026-09-18T12:58:45+00:00,22,2026-09-18T12:58:45+00:00
4691,02110000004691,1,25,USD,active,11423.20,11423.20,2023-02-05T13:39:08+00:00,,2026-09-22T10:16:43+00:00,19,2026-09-22T10:16:43+00:00
4692,02100000004692,1,3,USD,active,26851.12,26851.12,2012-04-21T15:58:49+00:00,,2026-09-22T13:17:06+00:00,35,2026-09-22T13:17:06+00:00
4693,02100000004693,3,3,USD,active,5861.74,5861.74,2026-08-04T02:36:24+00:00,,2026-08-31T22:00:00+00:00,30,2026-08-31T22:00:00+00:00
4694,02100000004694,1,3,USD,active,11267.84,11267.84,2022-12-17T00:07:14+00:00,,2026-09-22T18:51:08+00:00,20,2026-09-22T18:51:08+00:00
4695,02100000004695,5,3,USD,active,33311.66,33311.66,2023-03-25T02:48:16+00:00,,2026-08-31T22:00:00+00:00,14,2026-08-31T22:00:00+00:00
4696,02100000004696,9,3,USD,closed,0,1000.00,2025-02-21T12:06:07+00:00,2025-05-15T18:09:51+00:00,,0,2025-05-15T18:09:51+00:00
4697,02110000004697,1,13,USD,active,14132.17,14132.17,2015-06-16T20:46:22+00:00,,2026-09-20T19:49:41+00:00,25,2026-09-20T19:49:41+00:00
4698,02110000004698,3,13,USD,active,545.20,545.20,2022-08-24T12:02:10+00:00,,2026-08-31T22:00:00+00:00,6,2026-08-31T22:00:00+00:00
4699,02110000004699,9,13,USD,frozen,1550.82,23449.18,2017-03-20T14:52:57+00:00,,2026-04-30T23:59:00+00:00,25,2026-04-30T23:59:00+00:00
4700,02100000004700,1,12,USD,active,17665.58,17665.58,2016-07-22T14:48:26+00:00,,2026-09-22T16:18:25+00:00,14,2026-09-22T16:18:25+00:00
4701,02110000004701,2,18,USD,active,32307.53,32807.53,2021-08-04T10:12:38+00:00,,2026-09-21T17:49:14+00:00,26,2026-09-21T17:49:14+00:00
4702,02110000004702,3,18,USD,active,2676.19,2676.19,2024-10-05T15:14:24+00:00,,2026-08-31T22:00:00+00:00,19,2026-08-31T22:00:00+00:00
4703,02110000004703,9,18,USD,active,809.42,14190.58,2022-05-29T07:40:53+00:00,,2026-09-17T20:28:52+00:00,34,2026-09-17T20:28:52+00:00
4704,02100000004704,2,4,USD,active,26131.58,26631.58,2022-07-25T23:27:35+00:00,,2026-09-15T14:30:07+00:00,32,2026-09-15T14:30:07+00:00
4705,02100000004705,5,4,USD,active,19704.35,19704.35,2024-08-06T07:31:24+00:00,,2026-08-31T22:00:00+00:00,4,2026-08-31T22:00:00+00:00
4706,02100000004706,2,8,USD,active,23810.54,24310.54,2014-12-13T01:22:25+00:00,,2026-09-19T09:00:00+00:00,1,2026-09-19T09:00:00+00:00
4707,02100000004707,4,8,USD,closed,0,0,2020-01-01T05:27:25+00:00,2022-03-28T12:43:53+00:00,,0,2022-03-28T12:43:53+00:00
4708,02100000004708,8,8,USD,active,1109.18,1390.82,2016-03-08T20:03:58+00:00,,2026-05-13T22:53:44+00:00,21,2026-05-13T22:53:44+00:00
4709,02100000004709,1,9,USD,active,35501.74,35501.74,2023-03-10T19:08:55+00:00,,2026-09-18T16:08:01+00:00,22,2026-09-18T16:08:01+00:00
4710,02100000004710,1,1,USD,active,29225.14,29225.14,2014-04-03T03:11:27+00:00,,2026-09-22T09:00:00+00:00,16,2026-09-22T09:00:00+00:00
4711,02100000004711,3,1,USD,active,1956.98,1956.98,2015-10-25T23:41:18+00:00,,2026-08-31T22:00:00+00:00,23,2026-08-31T22:00:00+00:00
4712,02100000004712,2,5,USD,active,690.45,1190.45,2014-08-16T10:40:37+00:00,,2026-09-22T18:05:15+00:00,12,2026-09-22T18:05:15+00:00
4713,02100000004713,4,5,USD,active,3278.81,3278.81,2020-10-02T22:52:20+00:00,,2026-08-31T22:00:00+00:00,28,2026-08-31T22:00:00+00:00
4714,02110000004714,1,13,USD,dormant,94.99,94.99,2013-12-11T06:06:19+00:00,,2026-08-31T22:00:00+00:00,15,2026-08-31T22:00:00+00:00
4715,02110000004715,3,13,USD,active,2078.22,2078.22,2019-05-20T12:58:13+00:00,,2026-08-31T22:00:00+00:00,23,2026-08-31T22:00:00+00:00
4716,02110000004716,8,13,USD,active,0,15000.00,2026-02-17T02:37:09+00:00,,,0,2026-02-17T02:37:09+00:00
4717,02110000004717,1,20,USD,closed,0,0,2009-05-08T03:43:36+00:00,2011-06-19T14:19:56+00:00,,0,2011-06-19T14:19:56+00:00
4718,02110000004718,3,20,USD,active,2152.79,2152.79,2018-07-31T05:18:43+00:00,,2026-08-31T22:00:00+00:00,29,2026-08-31T22:00:00+00:00
4719,02100000004719,1,6,USD,active,23443.61,23443.61,2016-05-14T02:03:52+00:00,,2026-09-11T09:00:00+00:00,5,2026-09-11T09:00:00+00:00
4720,02100000004720,9,6,USD,active,1354.67,8645.33,2019-08-23T09:42:24+00:00,,2026-09-21T19:05:36+00:00,5,2026-09-21T19:05:36+00:00
4721,02110000004721,1,13,USD,active,26972.23,26972.23,2008-10-09T03:34:51+00:00,,2026-09-16T13:00:00+00:00,20,2026-09-16T13:00:00+00:00
4722,02110000004722,3,13,USD,active,10169.99,10169.99,2024-04-21T12:50:52+00:00,,2026-08-31T22:00:00+00:00,10,2026-08-31T22:00:00+00:00
4723,02110000004723,8,13,USD,active,401.95,2098.05,2016-09-18T20:38:13+00:00,,2026-09-21T23:55:04+00:00,13,2026-09-21T23:55:04+00:00
4724,02100000004724,1,1,USD,active,151.52,151.52,2009-05-03T17:26:46+00:00,,2026-09-17T20:53:29+00:00,4,2026-09-17T20:53:29+00:00
4725,02110000004725,2,16,USD,active,23812.83,24312.83,2013-11-02T20:34:41+00:00,,2026-09-09T09:00:00+00:00,8,2026-09-09T09:00:00+00:00
4726,02110000004726,3,16,USD,active,6321.43,6321.43,2014-11-21T08:21:51+00:00,,2026-08-31T22:00:00+00:00,23,2026-08-31T22:00:00+00:00
4727,02110000004727,8,16,USD,active,990.12,9.88,2024-02-28T16:28:04+00:00,,2026-09-18T19:19:48+00:00,27,2026-09-18T19:19:48+00:00
4728,02100000004728,1,10,USD,active,1227.87,1227.87,2017-03-06T22:18:21+00:00,,2026-09-21T23:27:24+00:00,26,2026-09-21T23:27:24+00:00
4729,02110000004729,1,19,USD,active,11240.80,11240.80,2017-01-07T12:58:56+00:00,,2026-09-08T09:37:17+00:00,23,2026-09-08T09:37:17+00:00
4730,02110000004730,3,19,USD,active,986.39,986.39,2025-09-07T23:22:21+00:00,,2026-08-31T22:00:00+00:00,3,2026-08-31T22:00:00+00:00
4731,02110000004731,8,19,USD,active,870.94,129.06,2020-01-12T03:34:25+00:00,,2026-09-18T17:10:45+00:00,21,2026-09-18T17:10:45+00:00
4732,02110000004732,1,22,USD,active,5071.08,5071.08,2009-03-07T12:28:25+00:00,,2026-09-19T14:39:10+00:00,31,2026-09-19T14:39:10+00:00
4733,02100000004733,1,1,USD,active,3868.37,3868.37,2013-04-23T18:20:29+00:00,,2026-09-20T12:01:15+00:00,3,2026-09-20T12:01:15+00:00
4734,02100000004734,1,11,USD,active,5330.97,5330.97,2015-05-05T00:46:52+00:00,,2026-09-21T13:24:33+00:00,6,2026-09-21T13:24:33+00:00
4735,02100000004735,3,11,USD,active,3580.50,3580.50,2015-12-24T23:42:09+00:00,,2026-08-31T22:00:00+00:00,7,2026-08-31T22:00:00+00:00
4736,02100000004736,1,2,USD,active,2825.06,2825.06,2019-05-10T16:30:34+00:00,,2026-09-18T17:10:16+00:00,13,2026-09-18T17:10:16+00:00
4737,02100000004737,9,2,USD,active,0,5000.00,2023-12-25T12:01:08+00:00,,,0,2023-12-25T12:01:08+00:00
4738,02110000004738,1,21,USD,active,2539.17,2539.17,2016-08-13T11:57:59+00:00,,2026-09-10T12:41:21+00:00,11,2026-09-10T12:41:21+00:00
4739,02110000004739,1,13,USD,active,5270.37,5270.37,2022-04-20T21:05:02+00:00,,2026-09-22T09:00:00+00:00,34,2026-09-22T09:00:00+00:00
4740,02110000004740,4,13,USD,active,52524.00,52524.00,2025-06-19T20:42:09+00:00,,2026-08-31T22:00:00+00:00,23,2026-08-31T22:00:00+00:00
4741,02110000004741,1,13,USD,active,1458.15,1458.15,2011-04-06T02:59:02+00:00,,2026-09-16T16:05:02+00:00,9,2026-09-16T16:05:02+00:00
4742,02100000004742,1,5,USD,active,2697.32,2697.32,2015-07-07T16:50:30+00:00,,2026-09-22T14:47:14+00:00,10,2026-09-22T14:47:14+00:00
4743,02100000004743,3,5,USD,active,2389.95,2389.95,2021-10-22T05:11:01+00:00,,2026-08-31T22:00:00+00:00,20,2026-08-31T22:00:00+00:00
4744,02110000004744,2,16,USD,closed,0,0,2017-01-30T00:35:49+00:00,2025-12-28T03:49:07+00:00,,0,2025-12-28T03:49:07+00:00
4745,02110000004745,4,16,USD,active,12796.95,12796.95,2026-01-01T22:47:49+00:00,,2026-08-31T22:00:00+00:00,15,2026-08-31T22:00:00+00:00
4746,02100000004746,1,7,USD,active,4821.15,4821.15,2008-11-18T14:20:54+00:00,,2026-09-20T21:58:19+00:00,37,2026-09-20T21:58:19+00:00
4747,02100000004747,2,1,USD,active,22137.10,22637.10,2015-09-24T15:07:07+00:00,,2026-09-19T09:00:00+00:00,13,2026-09-19T09:00:00+00:00
4748,02100000004748,3,1,USD,active,6777.88,6777.88,2017-02-07T11:14:57+00:00,,2026-08-31T22:00:00+00:00,12,2026-08-31T22:00:00+00:00
4749,02100000004749,9,1,USD,active,1560.44,5939.56,2023-02-17T14:45:30+00:00,,2026-09-20T15:35:50+00:00,38,2026-09-20T15:35:50+00:00
4750,02100000004750,2,3,USD,active,6702.84,7202.84,2012-05-09T00:27:00+00:00,,2026-09-06T09:00:00+00:00,16,2026-09-06T09:00:00+00:00
4751,02100000004751,3,3,USD,active,4766.51,4766.51,2022-04-24T08:52:02+00:00,,2026-08-31T22:00:00+00:00,7,2026-08-31T22:00:00+00:00
4752,02110000004752,1,21,USD,active,2215.88,2215.88,2026-05-03T23:21:08+00:00,,2026-09-16T23:27:12+00:00,36,2026-09-16T23:27:12+00:00
4753,02110000004753,2,18,USD,active,38213.05,38713.05,2008-07-20T14:30:05+00:00,,2026-09-21T12:52:32+00:00,12,2026-09-21T12:52:32+00:00
4754,02110000004754,3,25,USD,active,2938.56,2938.56,2025-09-14T05:33:59+00:00,,2026-08-31T22:00:00+00:00,40,2026-08-31T22:00:00+00:00
4755,02110000004755,1,16,USD,active,8644.80,8644.80,2020-10-11T22:45:07+00:00,,2026-09-17T18:49:26+00:00,39,2026-09-17T18:49:26+00:00
4756,02110000004756,3,16,USD,active,6888.27,6888.27,2022-06-17T13:16:37+00:00,,2026-08-31T22:00:00+00:00,7,2026-08-31T22:00:00+00:00
4757,02110000004757,2,24,USD,active,211.32,711.32,2012-09-12T21:19:02+00:00,,2026-09-20T23:15:29+00:00,1,2026-09-20T23:15:29+00:00
4758,02110000004758,3,24,USD,active,2456.04,2456.04,2022-02-05T10:42:03+00:00,,2026-08-31T22:00:00+00:00,3,2026-08-31T22:00:00+00:00
4759,02110000004759,1,25,USD,active,9730.97,9730.97,2011-09-11T05:23:34+00:00,,2026-09-02T09:00:00+00:00,2,2026-09-02T09:00:00+00:00
4760,02110000004760,3,25,USD,active,1253.96,1253.96,2017-03-05T02:33:50+00:00,,2026-08-31T22:00:00+00:00,10,2026-08-31T22:00:00+00:00
4761,02110000004761,9,25,USD,active,5619.28,1880.72,2026-08-30T16:07:47+00:00,,2026-09-20T23:59:44+00:00,23,2026-09-20T23:59:44+00:00
4762,02110000004762,1,23,USD,active,1011.73,1011.73,2011-12-07T13:43:54+00:00,,2026-09-19T22:20:16+00:00,17,2026-09-19T22:20:16+00:00
4763,02110000004763,3,23,USD,active,1095.52,1095.52,2020-10-05T22:21:22+00:00,,2026-08-31T22:00:00+00:00,26,2026-08-31T22:00:00+00:00
4764,02110000004764,9,25,USD,active,0,15000.00,2026-08-14T14:17:25+00:00,,,0,2026-08-14T14:17:25+00:00
4765,02100000004765,1,10,USD,active,48290.70,48290.70,2010-07-22T15:52:43+00:00,,2026-09-22T13:27:39+00:00,5,2026-09-22T13:27:39+00:00
4766,02110000004766,1,15,USD,active,6852.87,6852.87,2015-12-19T22:00:05+00:00,,2026-09-20T15:33:37+00:00,7,2026-09-20T15:33:37+00:00
4767,02110000004767,4,15,USD,active,8639.06,8639.06,2016-03-14T01:50:06+00:00,,2026-08-31T22:00:00+00:00,40,2026-08-31T22:00:00+00:00
4768,02110000004768,1,23,USD,dormant,82.57,82.57,2009-09-19T04:50:59+00:00,,2026-08-31T22:00:00+00:00,24,2026-08-31T22:00:00+00:00
4769,02100000004769,1,7,USD,active,15781.96,15781.96,2014-01-22T07:15:09+00:00,,2026-09-22T00:03:00+00:00,30,2026-09-22T00:03:00+00:00
4770,02100000004770,5,7,USD,active,16155.73,16155.73,2020-07-06T07:48:53+00:00,,2026-08-31T22:00:00+00:00,14,2026-08-31T22:00:00+00:00
4771,02110000004771,2,15,USD,dormant,0,0,2026-06-19T10:52:35+00:00,,,0,2026-06-19T10:52:35+00:00
4772,02110000004772,8,15,USD,active,0,2500.00,2026-07-17T18:07:11+00:00,,,0,2026-07-17T18:07:11+00:00
4773,02110000004773,2,22,USD,active,37717.11,38217.11,2024-01-15T10:15:11+00:00,,2026-09-21T23:24:19+00:00,26,2026-09-21T23:24:19+00:00
4774,02110000004774,3,22,USD,active,2205.03,2205.03,2025-09-05T07:17:34+00:00,,2026-08-31T22:00:00+00:00,21,2026-08-31T22:00:00+00:00
4775,02110000004775,15,22,EUR,active,1019.46,1019.46,2024-11-22T08:07:10+00:00,,2026-08-31T22:00:00+00:00,36,2026-08-31T22:00:00+00:00
4776,02110000004776,1,25,USD,active,29.41,29.41,2018-07-23T06:32:07+00:00,,2026-09-19T13:03:26+00:00,7,2026-09-19T13:03:26+00:00
4777,02110000004777,3,25,USD,active,6515.41,6515.41,2025-03-15T01:58:55+00:00,,2026-08-31T22:00:00+00:00,10,2026-08-31T22:00:00+00:00
4778,02100000004778,1,6,USD,active,2321.29,2321.29,2026-01-05T11:11:17+00:00,,2026-09-21T16:18:38+00:00,17,2026-09-21T16:18:38+00:00
4779,02100000004779,4,6,USD,active,18513.55,18513.55,2026-03-14T09:29:42+00:00,,2026-08-31T22:00:00+00:00,25,2026-08-31T22:00:00+00:00
4780,02110000004780,1,13,USD,active,7424.67,7424.67,2015-09-05T15:14:11+00:00,,2026-09-19T09:00:00+00:00,29,2026-09-19T09:00:00+00:00
4781,02100000004781,2,9,USD,active,26490.00,26990.00,2009-06-13T14:25:54+00:00,,2026-07-11T17:13:20+00:00,22,2026-07-11T17:13:20+00:00
4782,02100000004782,4,9,USD,active,6090.69,6090.69,2019-11-25T06:18:57+00:00,,2026-08-31T22:00:00+00:00,16,2026-08-31T22:00:00+00:00
4783,02110000004783,2,13,USD,active,94.20,594.20,2023-11-14T21:53:11+00:00,,2026-09-20T23:04:39+00:00,11,2026-09-20T23:04:39+00:00
4784,02110000004784,2,19,USD,active,19898.13,20398.13,2019-12-14T17:13:16+00:00,,2026-09-10T11:20:28+00:00,20,2026-09-10T11:20:28+00:00
4785,02110000004785,8,19,USD,active,0.00,25000.00,2025-03-20T01:57:09+00:00,,2026-06-25T18:00:00+00:00,9,2026-06-25T18:00:00+00:00
4786,02100000004786,1,1,USD,active,13826.78,13826.78,2016-05-25T03:44:32+00:00,,2026-09-21T20:36:12+00:00,13,2026-09-21T20:36:12+00:00
4787,02110000004787,1,20,USD,active,15282.03,15282.03,2013-03-19T16:23:08+00:00,,2026-09-21T09:00:00+00:00,25,2026-09-21T09:00:00+00:00
4788,02110000004788,3,20,USD,active,8146.53,8146.53,2018-04-16T01:33:05+00:00,,2026-08-31T22:00:00+00:00,27,2026-08-31T22:00:00+00:00
4789,02100000004789,1,11,USD,active,19425.85,19425.85,2012-01-16T07:43:34+00:00,,2026-09-22T09:10:46+00:00,29,2026-09-22T09:10:46+00:00
4790,02100000004790,3,11,USD,active,11712.94,11712.94,2017-08-26T10:06:36+00:00,,2026-08-31T22:00:00+00:00,1,2026-08-31T22:00:00+00:00
4791,02110000004791,2,15,USD,active,13122.09,13622.09,2024-02-25T17:12:48+00:00,,2026-09-15T16:40:35+00:00,22,2026-09-15T16:40:35+00:00
4792,02110000004792,8,15,USD,active,3842.66,21157.34,2024-08-22T01:14:55+00:00,,2026-09-22T20:13:41+00:00,39,2026-09-22T20:13:41+00:00
4793,02110000004793,1,18,USD,active,24323.61,24323.61,2011-08-20T22:08:53+00:00,,2026-06-27T13:55:12+00:00,12,2026-06-27T13:55:12+00:00
4794,02110000004794,3,14,USD,dormant,322.44,322.44,2025-12-03T15:48:07+00:00,,2026-08-31T22:00:00+00:00,12,2026-08-31T22:00:00+00:00
4795,02100000004795,1,9,USD,frozen,217.52,217.52,2014-03-07T23:11:45+00:00,,2026-04-30T23:59:00+00:00,20,2026-04-30T23:59:00+00:00
4796,02100000004796,4,9,USD,active,4710.20,4710.20,2025-10-02T17:41:19+00:00,,2026-08-31T22:00:00+00:00,20,2026-08-31T22:00:00+00:00
4797,02100000004797,9,9,USD,active,289.73,24710.27,2014-10-01T05:15:05+00:00,,2026-06-30T22:00:00+00:00,34,2026-06-30T22:00:00+00:00
4798,02100000004798,1,2,USD,active,9847.37,9847.37,2014-08-08T15:07:24+00:00,,2026-09-07T13:58:31+00:00,11,2026-09-07T13:58:31+00:00
4799,02100000004799,3,2,USD,active,4285.79,4285.79,2025-12-04T19:58:42+00:00,,2026-08-31T22:00:00+00:00,22,2026-08-31T22:00:00+00:00
4800,02100000004800,2,1,USD,active,26932.53,27432.53,2019-10-19T21:49:55+00:00,,2026-09-21T21:53:55+00:00,4,2026-09-21T21:53:55+00:00
4801,02100000004801,4,1,USD,active,40007.35,40007.35,2021-10-21T00:22:15+00:00,,2026-08-31T22:00:00+00:00,21,2026-08-31T22:00:00+00:00
4802,02110000004802,1,22,USD,active,1103.77,1103.77,2018-10-20T09:54:57+00:00,,2026-09-20T20:20:11+00:00,13,2026-09-20T20:20:11+00:00
4803,02110000004803,1,20,USD,active,4043.84,4043.84,2017-04-01T09:30:52+00:00,,2026-07-28T20:26:15+00:00,13,2026-07-28T20:26:15+00:00
4804,02110000004804,4,20,USD,active,5760.58,5760.58,2023-04-29T16:41:17+00:00,,2026-08-31T22:00:00+00:00,9,2026-08-31T22:00:00+00:00
4805,02110000004805,1,23,USD,closed,0,0,2013-08-19T01:36:34+00:00,2023-06-03T18:14:58+00:00,,0,2023-06-03T18:14:58+00:00
4806,02100000004806,1,10,USD,active,20860.25,20860.25,2014-05-24T04:33:22+00:00,,2026-09-12T09:00:00+00:00,26,2026-09-12T09:00:00+00:00
4807,02100000004807,3,10,USD,active,7372.31,7372.31,2023-12-20T09:29:11+00:00,,2026-08-31T22:00:00+00:00,8,2026-08-31T22:00:00+00:00
4808,02100000004808,9,10,USD,active,463.79,24536.21,2022-10-20T22:51:23+00:00,,2026-09-17T21:48:49+00:00,13,2026-09-17T21:48:49+00:00
4809,02100000004809,1,2,USD,active,15825.75,15825.75,2014-05-08T17:43:05+00:00,,2026-09-17T09:00:00+00:00,37,2026-09-17T09:00:00+00:00
4810,02100000004810,4,2,USD,active,19004.33,19004.33,2019-08-18T11:30:38+00:00,,2026-08-31T22:00:00+00:00,36,2026-08-31T22:00:00+00:00
4811,02100000004811,9,2,USD,active,997.20,2.80,2017-01-20T11:27:22+00:00,,2026-09-18T16:08:38+00:00,37,2026-09-18T16:08:38+00:00
4812,02100000004812,1,12,USD,active,8695.06,8695.06,2022-11-29T18:14:45+00:00,,2026-09-20T18:02:55+00:00,9,2026-09-20T18:02:55+00:00
4813,02100000004813,2,5,USD,active,63658.69,64158.69,2010-01-21T16:15:18+00:00,,2026-09-19T17:26:17+00:00,11,2026-09-19T17:26:17+00:00
4814,02100000004814,4,5,USD,active,37678.06,37678.06,2014-07-02T00:17:00+00:00,,2026-08-31T22:00:00+00:00,1,2026-08-31T22:00:00+00:00
4815,02110000004815,2,19,USD,active,31448.37,31948.37,2020-04-04T19:01:57+00:00,,2026-09-21T22:07:01+00:00,22,2026-09-21T22:07:01+00:00
4816,02110000004816,8,19,USD,active,2289.04,210.96,2021-02-26T05:07:05+00:00,,2026-09-07T23:47:57+00:00,40,2026-09-07T23:47:57+00:00
4817,02100000004817,2,8,USD,active,24430.39,24930.39,2016-05-02T16:21:27+00:00,,2026-09-21T05:08:38+00:00,32,2026-09-21T05:08:38+00:00
4818,02100000004818,3,8,USD,closed,0,0,2019-03-11T17:39:48+00:00,2023-04-19T12:32:27+00:00,,0,2023-04-19T12:32:27+00:00
4819,02110000004819,1,24,USD,active,214.34,214.34,2020-04-19T07:35:11+00:00,,2026-09-18T19:15:34+00:00,10,2026-09-18T19:15:34+00:00
4820,02110000004820,3,24,USD,active,8275.97,8275.97,2024-09-12T01:05:02+00:00,,2026-08-31T22:00:00+00:00,31,2026-08-31T22:00:00+00:00
4821,02110000004821,1,13,USD,active,12828.89,12828.89,2022-03-21T07:11:25+00:00,,2026-09-22T18:05:00+00:00,2,2026-09-22T18:05:00+00:00
4822,02110000004822,4,13,USD,active,3096.23,3096.23,2023-11-03T07:01:49+00:00,,2026-08-31T22:00:00+00:00,25,2026-08-31T22:00:00+00:00
4823,02100000004823,1,7,USD,active,95147.89,95147.89,2015-02-12T16:08:07+00:00,,2026-09-21T13:02:29+00:00,10,2026-09-21T13:02:29+00:00
4824,02100000004824,5,7,USD,active,18603.24,18603.24,2023-03-01T18:38:23+00:00,,2026-08-31T22:00:00+00:00,27,2026-08-31T22:00:00+00:00
4825,02100000004825,9,7,USD,closed,0,1000.00,2018-09-20T05:09:45+00:00,2021-12-08T01:38:40+00:00,,0,2021-12-08T01:38:40+00:00
4826,02110000004826,2,19,USD,active,26170.99,26670.99,2021-01-20T05:31:12+00:00,,2026-09-22T16:38:34+00:00,31,2026-09-22T16:38:34+00:00
4827,02110000004827,8,19,USD,frozen,1052.39,8947.61,2021-10-10T22:14:15+00:00,,2026-04-30T23:59:00+00:00,25,2026-04-30T23:59:00+00:00
4828,02100000004828,2,9,USD,active,1957.63,2457.63,2019-01-08T16:05:31+00:00,,2026-09-14T09:00:00+00:00,27,2026-09-14T09:00:00+00:00
4829,02100000004829,3,9,USD,active,3427.79,3427.79,2023-08-21T07:18:28+00:00,,2026-08-31T22:00:00+00:00,25,2026-08-31T22:00:00+00:00
4830,02100000004830,8,9,USD,active,4993.50,6.50,2026-05-27T12:32:06+00:00,,2026-09-07T22:28:36+00:00,37,2026-09-07T22:28:36+00:00
4831,02110000004831,1,25,USD,active,15041.03,15041.03,2010-06-25T19:50:40+00:00,,2026-09-14T02:52:01+00:00,17,2026-09-14T02:52:01+00:00
4832,02110000004832,4,25,USD,active,11453.72,11453.72,2024-11-22T19:32:02+00:00,,2026-08-31T22:00:00+00:00,4,2026-08-31T22:00:00+00:00
4833,02110000004833,5,25,USD,active,29808.08,29808.08,2021-05-10T16:28:17+00:00,,2026-08-31T22:00:00+00:00,24,2026-08-31T22:00:00+00:00
4834,02110000004834,9,25,USD,active,6928.15,18071.85,2015-01-28T07:29:44+00:00,,2026-09-22T12:20:46+00:00,15,2026-09-22T12:20:46+00:00
4835,02100000004835,1,2,USD,active,22005.20,22005.20,2010-06-07T11:58:31+00:00,,2026-09-20T12:55:46+00:00,22,2026-09-20T12:55:46+00:00
4836,02100000004836,4,2,USD,active,56892.56,56892.56,2021-11-27T16:06:54+00:00,,2026-08-31T22:00:00+00:00,14,2026-08-31T22:00:00+00:00
4837,02110000004837,1,22,USD,active,2708.91,2708.91,2017-02-25T12:04:49+00:00,,2026-09-18T09:00:00+00:00,17,2026-09-18T09:00:00+00:00
4838,02110000004838,3,22,USD,active,2486.17,2486.17,2021-09-11T19:57:06+00:00,,2026-08-31T22:00:00+00:00,12,2026-08-31T22:00:00+00:00
4839,02100000004839,3,7,USD,active,333.25,333.25,2022-09-23T01:33:43+00:00,,2026-08-31T22:00:00+00:00,8,2026-08-31T22:00:00+00:00
4840,02100000004840,9,7,USD,active,935.89,4064.11,2016-07-11T13:39:01+00:00,,2026-06-30T22:00:00+00:00,8,2026-06-30T22:00:00+00:00
4841,02110000004841,1,21,USD,active,2130.10,2130.10,2019-01-30T23:23:33+00:00,,2026-09-22T11:24:41+00:00,12,2026-09-22T11:24:41+00:00
4842,02110000004842,9,21,USD,active,3462.21,4037.79,2019-10-31T08:04:28+00:00,,2026-09-21T17:40:33+00:00,19,2026-09-21T17:40:33+00:00
4843,02100000004843,2,12,USD,active,12234.84,12734.84,2025-05-02T05:40:34+00:00,,2026-09-22T12:21:02+00:00,10,2026-09-22T12:21:02+00:00
4844,02100000004844,4,12,USD,active,18707.65,18707.65,2026-02-21T15:31:29+00:00,,2026-08-31T22:00:00+00:00,30,2026-08-31T22:00:00+00:00
4845,02100000004845,8,12,USD,frozen,0,25000.00,2025-08-29T19:52:16+00:00,,,0,2025-08-29T19:52:16+00:00
4846,02100000004846,1,2,USD,active,9015.81,9015.81,2015-07-17T06:18:50+00:00,,2026-09-20T22:55:24+00:00,6,2026-09-20T22:55:24+00:00
4847,02110000004847,1,22,USD,active,9988.09,9988.09,2015-07-19T23:03:41+00:00,,2026-09-21T16:14:32+00:00,23,2026-09-21T16:14:32+00:00
4848,02110000004848,4,22,USD,active,61562.93,61562.93,2016-11-23T20:25:42+00:00,,2026-08-31T22:00:00+00:00,9,2026-08-31T22:00:00+00:00
4849,02100000004849,1,6,USD,active,7050.06,7050.06,2023-12-02T21:58:34+00:00,,2026-09-19T16:31:06+00:00,15,2026-09-19T16:31:06+00:00
4850,02100000004850,1,10,USD,active,17348.32,17348.32,2025-09-22T09:26:37+00:00,,2026-09-21T16:56:01+00:00,2,2026-09-21T16:56:01+00:00
4851,02100000004851,4,10,USD,active,55620.11,55620.11,2026-04-04T02:33:37+00:00,,2026-08-31T22:00:00+00:00,17,2026-08-31T22:00:00+00:00
4852,02100000004852,2,8,USD,active,1623.24,2123.24,2013-10-21T00:13:18+00:00,,2026-09-21T12:05:13+00:00,37,2026-09-21T12:05:13+00:00
4853,02100000004853,3,8,USD,active,3531.10,3531.10,2020-08-07T06:16:10+00:00,,2026-08-31T22:00:00+00:00,4,2026-08-31T22:00:00+00:00
4854,02100000004854,8,8,USD,closed,0,2500.00,2026-02-27T04:22:30+00:00,2026-04-01T22:06:31+00:00,,0,2026-04-01T22:06:31+00:00
4855,02100000004855,1,8,USD,active,3395.70,3395.70,2013-04-27T21:00:37+00:00,,2026-09-03T09:00:00+00:00,20,2026-09-03T09:00:00+00:00
4856,02100000004856,8,8,USD,active,986.56,13.44,2019-03-15T19:03:50+00:00,,2026-09-04T19:51:37+00:00,12,2026-09-04T19:51:37+00:00
4857,02110000004857,1,22,USD,active,14883.14,14883.14,2019-10-09T16:51:18+00:00,,2026-09-21T19:23:32+00:00,27,2026-09-21T19:23:32+00:00
4858,02110000004858,4,22,USD,active,2989.04,2989.04,2019-11-10T19:27:49+00:00,,2026-08-31T22:00:00+00:00,13,2026-08-31T22:00:00+00:00
4859,02110000004859,2,23,USD,active,15785.97,16285.97,2021-04-09T21:34:21+00:00,,2026-09-17T19:42:21+00:00,27,2026-09-17T19:42:21+00:00
4860,02100000004860,1,4,USD,active,4434.12,4434.12,2008-08-23T19:03:57+00:00,,2026-09-15T16:03:01+00:00,28,2026-09-15T16:03:01+00:00
4861,02100000004861,3,4,USD,active,7815.66,7815.66,2017-01-25T00:27:10+00:00,,2026-08-31T22:00:00+00:00,20,2026-08-31T22:00:00+00:00
4862,02110000004862,1,20,USD,active,23480.63,23480.63,2009-09-19T10:00:38+00:00,,2026-09-21T22:36:02+00:00,30,2026-09-21T22:36:02+00:00
4863,02110000004863,4,20,USD,active,44252.07,44252.07,2023-02-16T17:46:30+00:00,,2026-08-31T22:00:00+00:00,7,2026-08-31T22:00:00+00:00
4864,02110000004864,1,20,USD,closed,0,0,2021-08-29T21:43:29+00:00,2023-05-11T21:36:37+00:00,,0,2023-05-11T21:36:37+00:00
4865,02110000004865,1,24,USD,active,15255.41,15255.41,2010-04-22T07:28:30+00:00,,2026-09-18T05:29:43+00:00,39,2026-09-18T05:29:43+00:00
4866,02110000004866,4,24,USD,dormant,64.39,64.39,2011-04-26T03:16:37+00:00,,2026-08-31T22:00:00+00:00,32,2026-08-31T22:00:00+00:00
4867,02110000004867,9,24,USD,active,993.71,6.29,2019-10-20T17:31:14+00:00,,2026-09-06T14:19:16+00:00,31,2026-09-06T14:19:16+00:00
4868,02110000004868,2,19,USD,active,42702.56,43202.56,2019-02-20T02:23:02+00:00,,2026-09-18T09:00:00+00:00,36,2026-09-18T09:00:00+00:00
4869,02110000004869,3,19,USD,active,1691.24,1691.24,2025-11-05T10:43:11+00:00,,2026-08-31T22:00:00+00:00,23,2026-08-31T22:00:00+00:00
4870,02110000004870,8,19,USD,active,1736.85,763.15,2020-02-08T09:59:36+00:00,,2026-09-22T20:18:43+00:00,6,2026-09-22T20:18:43+00:00
4871,02110000004871,1,19,USD,active,38584.60,38584.60,2017-03-25T13:02:24+00:00,,2026-09-21T15:26:58+00:00,38,2026-09-21T15:26:58+00:00
4872,02110000004872,4,19,USD,active,40247.94,40247.94,2021-10-02T18:31:29+00:00,,2026-08-31T22:00:00+00:00,22,2026-08-31T22:00:00+00:00
4873,02100000004873,1,8,USD,active,924.92,924.92,2011-11-12T07:04:14+00:00,,2026-09-22T05:24:18+00:00,38,2026-09-22T05:24:18+00:00
4874,02100000004874,4,8,USD,active,6224.84,6224.84,2013-04-01T18:06:43+00:00,,2026-08-31T22:00:00+00:00,7,2026-08-31T22:00:00+00:00
4875,02100000004875,1,7,USD,closed,0,0,2023-08-08T04:05:25+00:00,2026-01-09T15:01:31+00:00,,0,2026-01-09T15:01:31+00:00
4876,02100000004876,4,7,USD,active,88608.67,88608.67,2025-01-14T17:11:07+00:00,,2026-08-31T22:00:00+00:00,29,2026-08-31T22:00:00+00:00
4877,02100000004877,8,7,USD,active,799.07,14200.93,2025-11-20T10:10:38+00:00,,2026-07-31T22:00:00+00:00,15,2026-07-31T22:00:00+00:00
4878,02110000004878,1,19,USD,active,31097.55,31097.55,2017-07-17T22:07:32+00:00,,2026-09-22T20:56:25+00:00,21,2026-09-22T20:56:25+00:00
4879,02100000004879,2,9,USD,active,419.97,919.97,2017-06-22T21:28:18+00:00,,2026-09-22T15:37:06+00:00,27,2026-09-22T15:37:06+00:00
4880,02100000004880,4,9,USD,active,37289.76,37289.76,2025-12-20T05:47:22+00:00,,2026-08-31T22:00:00+00:00,19,2026-08-31T22:00:00+00:00
4881,02100000004881,1,2,USD,active,868.68,868.68,2012-02-26T14:20:33+00:00,,2026-09-20T20:30:32+00:00,40,2026-09-20T20:30:32+00:00
4882,02100000004882,1,6,USD,active,450459.41,450459.41,2012-04-23T23:42:42+00:00,,2026-09-19T02:23:37+00:00,4,2026-09-19T02:23:37+00:00
4883,02100000004883,4,6,USD,active,12709.17,12709.17,2016-12-16T02:23:57+00:00,,2026-08-31T22:00:00+00:00,18,2026-08-31T22:00:00+00:00
4884,02100000004884,8,6,USD,active,6779.50,720.50,2013-08-18T09:04:22+00:00,,2026-09-19T19:51:04+00:00,20,2026-09-19T19:51:04+00:00
4885,02110000004885,1,15,USD,active,6025.44,6025.44,2009-07-04T15:00:51+00:00,,2026-09-14T09:00:00+00:00,40,2026-09-14T09:00:00+00:00
4886,02110000004886,4,15,USD,active,10098.83,10098.83,2018-07-16T05:11:34+00:00,,2026-08-31T22:00:00+00:00,31,2026-08-31T22:00:00+00:00
4887,02110000004887,9,15,USD,active,7299.84,2700.16,2011-05-26T05:06:15+00:00,,2026-09-21T17:09:26+00:00,40,2026-09-21T17:09:26+00:00
4888,02100000004888,2,5,USD,active,56655.04,57155.04,2020-05-18T03:08:33+00:00,,2026-09-20T22:45:10+00:00,3,2026-09-20T22:45:10+00:00
4889,02100000004889,4,5,USD,active,10320.18,10320.18,2024-11-24T14:29:30+00:00,,2026-08-31T22:00:00+00:00,7,2026-08-31T22:00:00+00:00
4890,02110000004890,2,20,USD,active,35480.18,35980.18,2008-07-02T04:27:50+00:00,,2026-09-20T16:31:07+00:00,34,2026-09-20T16:31:07+00:00
4891,02110000004891,8,20,USD,active,0,2500.00,2017-10-03T18:20:33+00:00,,,0,2017-10-03T18:20:33+00:00
4892,02110000004892,1,23,USD,active,39.90,39.90,2013-06-18T09:51:33+00:00,,2026-09-22T19:03:42+00:00,33,2026-09-22T19:03:42+00:00
4893,02110000004893,4,23,USD,active,14133.48,14133.48,2026-04-19T14:52:32+00:00,,2026-08-31T22:00:00+00:00,2,2026-08-31T22:00:00+00:00
4894,02100000004894,1,11,USD,active,242.82,242.82,2025-06-12T17:39:13+00:00,,2026-09-21T19:34:23+00:00,19,2026-09-21T19:34:23+00:00
4895,02100000004895,4,11,USD,active,3172.29,3172.29,2026-07-09T17:11:08+00:00,,2026-08-31T22:00:00+00:00,13,2026-08-31T22:00:00+00:00
4896,02110000004896,1,13,USD,active,3391.63,3391.63,2022-01-06T12:30:52+00:00,,2026-09-20T06:13:27+00:00,28,2026-09-20T06:13:27+00:00
4897,02110000004897,3,13,USD,active,3473.20,3473.20,2022-01-10T21:17:40+00:00,,2026-08-31T22:00:00+00:00,30,2026-08-31T22:00:00+00:00
4898,02110000004898,1,21,USD,dormant,248.36,248.36,2012-02-24T04:36:45+00:00,,2026-08-31T22:00:00+00:00,15,2026-08-31T22:00:00+00:00
4899,02110000004899,3,21,USD,active,4972.40,4972.40,2025-04-30T05:48:43+00:00,,2026-08-31T22:00:00+00:00,6,2026-08-31T22:00:00+00:00
4900,02110000004900,5,21,USD,active,10354.44,10354.44,2022-06-02T09:52:43+00:00,,2026-08-31T22:00:00+00:00,3,2026-08-31T22:00:00+00:00
4901,02110000004901,9,21,USD,active,1444.22,6055.78,2018-11-21T08:23:51+00:00,,2026-06-30T22:00:00+00:00,32,2026-06-30T22:00:00+00:00
4902,02100000004902,1,11,USD,active,2278.12,2278.12,2012-10-08T12:01:13+00:00,,2026-09-22T09:00:00+00:00,7,2026-09-22T09:00:00+00:00
4903,02100000004903,3,11,USD,active,5579.72,5579.72,2021-08-05T22:02:34+00:00,,2026-08-31T22:00:00+00:00,34,2026-08-31T22:00:00+00:00
4904,02100000004904,8,11,USD,frozen,4182.21,817.79,2022-01-18T17:46:35+00:00,,2026-04-30T23:59:00+00:00,18,2026-04-30T23:59:00+00:00
4905,02100000004905,2,3,USD,active,1314.95,1814.95,2008-10-21T22:45:39+00:00,,2026-09-16T22:45:24+00:00,20,2026-09-16T22:45:24+00:00
4906,02100000004906,4,3,USD,active,63760.53,63760.53,2013-03-15T21:53:34+00:00,,2026-08-31T22:00:00+00:00,36,2026-08-31T22:00:00+00:00
4907,02100000004907,2,4,USD,active,14996.03,15496.03,2012-03-10T18:59:37+00:00,,2026-09-03T09:00:00+00:00,20,2026-09-03T09:00:00+00:00
4908,02100000004908,3,4,USD,active,1913.54,1913.54,2022-02-06T23:20:30+00:00,,2026-08-31T22:00:00+00:00,18,2026-08-31T22:00:00+00:00
4909,02100000004909,8,4,USD,active,3153.77,6846.23,2013-04-25T18:31:02+00:00,,2026-09-21T16:14:48+00:00,23,2026-09-21T16:14:48+00:00
4910,02110000004910,1,24,USD,active,2738.66,2738.66,2010-03-24T02:39:25+00:00,,2026-09-22T20:17:10+00:00,15,2026-09-22T20:17:10+00:00
4911,02110000004911,1,15,USD,closed,0,0,2021-03-15T04:23:14+00:00,2022-05-03T08:50:02+00:00,,0,2022-05-03T08:50:02+00:00
4912,02110000004912,9,15,USD,active,0,10000.00,2026-08-23T09:21:23+00:00,,,0,2026-08-23T09:21:23+00:00
4913,02110000004913,2,25,USD,active,9067.64,9567.64,2017-04-26T11:00:39+00:00,,2026-09-20T09:00:00+00:00,12,2026-09-20T09:00:00+00:00
4914,02110000004914,3,25,USD,active,6312.30,6312.30,2021-11-26T08:57:40+00:00,,2026-08-31T22:00:00+00:00,13,2026-08-31T22:00:00+00:00
4915,02110000004915,1,23,USD,active,847.08,847.08,2018-07-18T11:08:33+00:00,,2026-09-21T22:13:04+00:00,19,2026-09-21T22:13:04+00:00
4916,02110000004916,2,20,USD,active,164.31,664.31,2011-11-26T02:38:31+00:00,,2026-09-21T22:06:51+00:00,16,2026-09-21T22:06:51+00:00
4917,02110000004917,2,15,USD,active,17937.05,18437.05,2026-01-16T11:20:30+00:00,,2026-09-20T19:29:21+00:00,14,2026-09-20T19:29:21+00:00
4918,02110000004918,8,15,USD,active,0,25000.00,2026-07-21T22:17:27+00:00,,,0,2026-07-21T22:17:27+00:00
4919,02100000004919,1,8,USD,active,3758.72,3758.72,2014-06-19T11:08:24+00:00,,2026-09-22T15:04:05+00:00,14,2026-09-22T15:04:05+00:00
4920,02100000004920,1,4,USD,active,15009.50,15009.50,2023-12-16T21:23:39+00:00,,2026-09-15T09:00:00+00:00,25,2026-09-15T09:00:00+00:00
4921,02100000004921,8,4,USD,active,4175.62,3324.38,2024-01-22T18:03:04+00:00,,2026-09-17T15:10:20+00:00,21,2026-09-17T15:10:20+00:00
4922,02100000004922,1,2,USD,active,31902.55,31902.55,2025-09-13T13:19:39+00:00,,2026-09-20T21:45:56+00:00,20,2026-09-20T21:45:56+00:00
4923,02100000004923,3,2,USD,active,3242.91,3242.91,2026-06-11T04:13:02+00:00,,2026-08-31T22:00:00+00:00,35,2026-08-31T22:00:00+00:00
4924,02110000004924,2,13,USD,dormant,162.20,162.20,2014-01-16T01:50:17+00:00,,2026-08-31T22:00:00+00:00,1,2026-08-31T22:00:00+00:00
4925,02110000004925,5,13,USD,active,13505.77,13505.77,2023-05-22T21:53:20+00:00,,2026-08-31T22:00:00+00:00,33,2026-08-31T22:00:00+00:00
4926,02110000004926,1,15,USD,active,5812.19,5812.19,2010-12-09T10:12:40+00:00,,2026-09-20T21:14:26+00:00,36,2026-09-20T21:14:26+00:00
4927,02110000004927,3,15,USD,active,2770.80,2770.80,2020-06-29T17:42:57+00:00,,2026-08-31T22:00:00+00:00,7,2026-08-31T22:00:00+00:00
4928,02100000004928,1,12,USD,active,15184.72,15184.72,2018-11-25T00:46:28+00:00,,2026-09-22T19:36:00+00:00,20,2026-09-22T19:36:00+00:00
4929,02100000004929,3,12,USD,active,1792.78,1792.78,2021-11-26T05:08:02+00:00,,2026-08-31T22:00:00+00:00,14,2026-08-31T22:00:00+00:00
4930,02100000004930,2,8,USD,active,4428.86,4928.86,2017-11-13T08:31:37+00:00,,2026-09-21T18:06:06+00:00,35,2026-09-21T18:06:06+00:00
4931,02100000004931,1,11,USD,active,13907.52,13907.52,2008-11-10T01:01:19+00:00,,2026-09-16T19:42:07+00:00,27,2026-09-16T19:42:07+00:00
4932,02100000004932,4,11,USD,active,9022.92,9022.92,2020-01-16T06:57:22+00:00,,2026-08-31T22:00:00+00:00,34,2026-08-31T22:00:00+00:00
4933,02110000004933,1,24,USD,active,7352.08,7352.08,2019-04-29T21:56:30+00:00,,2026-09-21T08:57:13+00:00,18,2026-09-21T08:57:13+00:00
4934,02110000004934,9,24,USD,active,2291.25,12708.75,2021-11-18T15:37:16+00:00,,2026-09-20T21:08:32+00:00,37,2026-09-20T21:08:32+00:00
4935,02110000004935,2,21,USD,active,13075.56,13575.56,2019-09-29T19:05:25+00:00,,2026-09-21T00:10:24+00:00,11,2026-09-21T00:10:24+00:00
4936,02110000004936,9,21,USD,active,2936.11,22063.89,2021-11-26T17:25:26+00:00,,2026-09-20T18:58:02+00:00,6,2026-09-20T18:58:02+00:00
4937,02110000004937,1,13,USD,active,14379.27,14379.27,2011-02-08T11:47:48+00:00,,2026-09-14T09:00:00+00:00,20,2026-09-14T09:00:00+00:00
4938,02110000004938,3,13,USD,closed,0,0,2024-02-04T20:19:10+00:00,2026-04-12T18:12:01+00:00,,0,2026-04-12T18:12:01+00:00
4939,02110000004939,5,13,USD,active,29465.59,29465.59,2020-11-18T11:24:14+00:00,,2026-08-31T22:00:00+00:00,13,2026-08-31T22:00:00+00:00
4940,02110000004940,8,13,USD,active,499.07,500.93,2014-07-27T04:59:06+00:00,,2026-09-16T22:31:18+00:00,11,2026-09-16T22:31:18+00:00
4941,02100000004941,1,4,USD,active,25826.42,25826.42,2012-04-23T11:48:58+00:00,,2026-09-20T21:45:24+00:00,3,2026-09-20T21:45:24+00:00
4942,02100000004942,4,4,USD,active,8522.17,8522.17,2021-11-10T06:34:45+00:00,,2026-08-31T22:00:00+00:00,8,2026-08-31T22:00:00+00:00
4943,02100000004943,1,3,USD,active,7045.81,7045.81,2022-11-22T10:13:34+00:00,,2026-09-04T09:00:00+00:00,14,2026-09-04T09:00:00+00:00
4944,02100000004944,4,3,USD,active,54678.85,54678.85,2023-03-26T18:36:23+00:00,,2026-08-31T22:00:00+00:00,34,2026-08-31T22:00:00+00:00
4945,02100000004945,8,3,USD,active,1706.37,8293.63,2024-01-29T20:16:27+00:00,,2026-09-21T22:42:58+00:00,40,2026-09-21T22:42:58+00:00
4946,02110000004946,1,19,USD,active,1468.30,1468.30,2011-07-13T21:50:52+00:00,,2026-09-22T19:51:42+00:00,12,2026-09-22T19:51:42+00:00
4947,02100000004947,1,4,USD,active,7.46,7.46,2013-10-11T15:23:12+00:00,,2026-09-22T14:40:24+00:00,40,2026-09-22T14:40:24+00:00
4948,02100000004948,4,4,USD,active,4366.71,4366.71,2023-04-14T02:48:47+00:00,,2026-08-31T22:00:00+00:00,36,2026-08-31T22:00:00+00:00
4949,02100000004949,1,5,USD,active,1155.26,1155.26,2018-07-14T07:49:33+00:00,,2026-09-22T16:53:35+00:00,32,2026-09-22T16:53:35+00:00
4950,02100000004950,3,5,USD,active,1794.67,1794.67,2022-03-30T02:54:18+00:00,,2026-08-31T22:00:00+00:00,17,2026-08-31T22:00:00+00:00
4951,02110000004951,2,24,USD,active,16929.89,17429.89,2018-03-25T06:56:07+00:00,,2026-09-22T15:04:25+00:00,12,2026-09-22T15:04:25+00:00
4952,02110000004952,3,24,USD,closed,0,0,2018-07-22T01:14:02+00:00,2024-05-07T15:09:26+00:00,,0,2024-05-07T15:09:26+00:00
4953,02110000004953,1,22,USD,active,2993.60,2993.60,2008-10-19T00:29:29+00:00,,2026-09-22T17:24:08+00:00,6,2026-09-22T17:24:08+00:00
4954,02110000004954,2,13,USD,active,14112.37,14612.37,2019-09-03T04:50:42+00:00,,2026-09-13T09:00:00+00:00,20,2026-09-13T09:00:00+00:00
4955,02110000004955,9,13,USD,active,170.29,4829.71,2022-05-25T19:07:46+00:00,,2026-09-21T14:46:14+00:00,10,2026-09-21T14:46:14+00:00
4956,02110000004956,1,21,USD,active,7491.97,7491.97,2018-05-16T12:17:06+00:00,,2026-09-21T09:00:00+00:00,20,2026-09-21T09:00:00+00:00
4957,02110000004957,3,21,USD,active,7411.74,7411.74,2021-11-12T14:18:13+00:00,,2026-08-31T22:00:00+00:00,7,2026-08-31T22:00:00+00:00
4958,02110000004958,5,21,USD,frozen,56567.95,56567.95,2025-08-05T10:55:45+00:00,,2026-04-30T23:59:00+00:00,35,2026-04-30T23:59:00+00:00
4959,02110000004959,9,21,USD,active,3003.94,4496.06,2019-02-24T07:24:15+00:00,,2026-09-21T15:39:04+00:00,25,2026-09-21T15:39:04+00:00
4960,02110000004960,1,15,USD,active,22895.84,22895.84,2008-02-05T03:27:52+00:00,,2026-09-18T20:31:36+00:00,28,2026-09-18T20:31:36+00:00
4961,02110000004961,5,15,USD,active,21466.51,21466.51,2025-12-14T06:03:59+00:00,,2026-08-31T22:00:00+00:00,17,2026-08-31T22:00:00+00:00
4962,02100000004962,2,9,USD,active,6831.61,7331.61,2014-09-22T04:00:38+00:00,,2026-09-22T20:15:17+00:00,8,2026-09-22T20:15:17+00:00
4963,02100000004963,1,11,USD,active,1703.91,1703.91,2024-01-30T20:39:43+00:00,,2026-09-18T15:22:01+00:00,25,2026-09-18T15:22:01+00:00
4964,02110000004964,1,24,USD,active,36222.31,36222.31,2019-10-19T04:45:59+00:00,,2026-09-19T09:00:00+00:00,5,2026-09-19T09:00:00+00:00
4965,02110000004965,3,24,USD,active,4321.13,4321.13,2020-12-16T12:58:49+00:00,,2026-08-31T22:00:00+00:00,21,2026-08-31T22:00:00+00:00
4966,02100000004966,2,4,USD,active,33728.18,34228.18,2013-04-30T06:10:40+00:00,,2026-09-22T14:54:42+00:00,18,2026-09-22T14:54:42+00:00
4967,02100000004967,3,4,USD,active,1453.96,1453.96,2016-01-04T00:09:48+00:00,,2026-08-31T22:00:00+00:00,5,2026-08-31T22:00:00+00:00
4968,02100000004968,9,4,USD,active,0,2500.00,2014-01-21T08:43:02+00:00,,,0,2014-01-21T08:43:02+00:00
4969,02110000004969,1,15,USD,active,1855.26,1855.26,2015-11-19T08:36:47+00:00,,2026-09-21T09:00:00+00:00,33,2026-09-21T09:00:00+00:00
4970,02110000004970,4,15,USD,active,3604.27,3604.27,2024-02-26T05:33:04+00:00,,2026-08-31T22:00:00+00:00,4,2026-08-31T22:00:00+00:00
4971,02110000004971,1,13,USD,active,9065.36,9065.36,2012-04-08T17:58:38+00:00,,2026-09-14T13:05:39+00:00,6,2026-09-14T13:05:39+00:00
4972,02110000004972,8,13,USD,active,1104.82,8895.18,2014-03-18T23:01:13+00:00,,2026-09-19T20:33:59+00:00,19,2026-09-19T20:33:59+00:00
4973,02100000004973,1,9,USD,active,88.02,88.02,2024-10-22T21:13:55+00:00,,2026-09-12T13:00:00+00:00,9,2026-09-12T13:00:00+00:00
4974,02100000004974,3,9,USD,active,1765.77,1765.77,2026-09-11T21:07:15+00:00,,2026-09-11T21:12:15+00:00,4,2026-09-11T21:12:15+00:00
4975,02100000004975,9,9,USD,active,6112.19,3887.81,2026-05-05T07:25:26+00:00,,2026-09-22T18:33:59+00:00,15,2026-09-22T18:33:59+00:00
4976,02100000004976,1,8,USD,closed,0,0,2016-07-23T12:02:36+00:00,2016-09-04T20:14:22+00:00,,0,2016-09-04T20:14:22+00:00
4977,02100000004977,3,8,USD,active,2063.26,2063.26,2026-07-29T08:12:41+00:00,,2026-08-31T22:00:00+00:00,14,2026-08-31T22:00:00+00:00
4978,02100000004978,9,8,USD,active,0,1000.00,2018-11-04T11:29:06+00:00,,,0,2018-11-04T11:29:06+00:00
4979,02110000004979,1,25,USD,active,52940.34,52940.34,2015-11-25T17:05:22+00:00,,2026-09-22T19:14:15+00:00,14,2026-09-22T19:14:15+00:00
4980,02110000004980,4,25,USD,active,14653.15,14653.15,2020-09-28T17:51:19+00:00,,2026-08-31T22:00:00+00:00,36,2026-08-31T22:00:00+00:00
4981,02100000004981,1,4,USD,active,18090.65,18090.65,2021-05-06T22:37:01+00:00,,2026-09-21T01:17:27+00:00,14,2026-09-21T01:17:27+00:00
4982,02100000004982,3,4,USD,active,5356.06,5356.06,2023-02-10T22:47:33+00:00,,2026-08-31T22:00:00+00:00,18,2026-08-31T22:00:00+00:00
4983,02100000004983,9,4,USD,active,1842.03,23157.97,2024-06-05T11:06:55+00:00,,2026-09-21T21:28:15+00:00,14,2026-09-21T21:28:15+00:00
4984,02100000004984,1,8,USD,active,13967.81,13967.81,2022-08-19T15:52:26+00:00,,2026-09-20T06:52:06+00:00,6,2026-09-20T06:52:06+00:00
4985,02110000004985,2,24,USD,active,19118.98,19618.98,2026-01-14T12:36:52+00:00,,2026-09-18T22:47:45+00:00,17,2026-09-18T22:47:45+00:00
4986,02110000004986,3,24,USD,active,1758.11,1758.11,2026-07-24T13:27:09+00:00,,2026-08-31T22:00:00+00:00,15,2026-08-31T22:00:00+00:00
4987,02100000004987,1,10,USD,active,1812.76,1812.76,2016-12-05T22:18:01+00:00,,2026-09-22T12:21:33+00:00,8,2026-09-22T12:21:33+00:00
4988,02100000004988,4,10,USD,active,6118.44,6118.44,2019-09-26T01:08:02+00:00,,2026-08-31T22:00:00+00:00,34,2026-08-31T22:00:00+00:00
4989,02110000004989,1,25,USD,active,48385.32,48385.32,2010-02-05T01:22:39+00:00,,2026-09-13T19:37:14+00:00,11,2026-09-13T19:37:14+00:00
4990,02110000004990,3,25,USD,active,1376.64,1376.64,2019-04-22T05:18:53+00:00,,2026-08-31T22:00:00+00:00,34,2026-08-31T22:00:00+00:00
4991,02100000004991,1,3,USD,active,2469.48,2469.48,2020-02-24T23:36:30+00:00,,2026-09-11T09:00:00+00:00,19,2026-09-11T09:00:00+00:00
4992,02100000004992,4,3,USD,active,6103.94,6103.94,2020-06-30T22:40:02+00:00,,2026-08-31T22:00:00+00:00,16,2026-08-31T22:00:00+00:00
4993,02100000004993,8,3,USD,active,6358.60,18641.40,2021-08-27T00:00:30+00:00,,2026-09-21T15:51:39+00:00,28,2026-09-21T15:51:39+00:00
4994,02100000004994,15,3,EUR,active,1743.85,1743.85,2025-05-12T21:53:00+00:00,,2026-04-30T23:59:00+00:00,1,2026-04-30T23:59:00+00:00
4995,02110000004995,1,25,USD,active,854.18,854.18,2009-08-16T20:25:21+00:00,,2026-09-21T16:59:58+00:00,31,2026-09-21T16:59:58+00:00
4996,02110000004996,1,13,USD,active,1857.78,1857.78,2010-06-26T08:53:49+00:00,,2026-09-17T09:57:08+00:00,8,2026-09-17T09:57:08+00:00
4997,02110000004997,3,13,USD,active,2158.55,2158.55,2013-07-18T17:25:51+00:00,,2026-08-31T22:00:00+00:00,20,2026-08-31T22:00:00+00:00
4998,02110000004998,15,13,EUR,active,4528.00,4528.00,2023-02-20T18:26:20+00:00,,2026-04-30T23:59:00+00:00,3,2026-04-30T23:59:00+00:00
4999,02100000004999,1,11,USD,closed,0,0,2020-10-18T20:48:55+00:00,2022-01-30T17:04:03+00:00,,0,2022-01-30T17:04:03+00:00
5000,02100000005000,5,11,USD,active,47121.26,47121.26,2021-05-25T17:20:08+00:00,,2026-08-31T22:00:00+00:00,3,2026-08-31T22:00:00+00:00
5001,02110000005001,2,21,USD,active,18896.57,19396.57,2020-01-29T22:41:21+00:00,,2026-09-22T16:40:52+00:00,30,2026-09-22T16:40:52+00:00
5002,02110000005002,3,21,USD,active,5220.36,5220.36,2021-04-04T02:47:39+00:00,,2026-08-31T22:00:00+00:00,19,2026-08-31T22:00:00+00:00
5003,02110000005003,1,20,USD,active,978.00,978.00,2008-03-04T19:12:12+00:00,,2026-09-21T09:00:00+00:00,20,2026-09-21T09:00:00+00:00
5004,02110000005004,4,20,USD,active,35583.55,35583.55,2016-12-22T20:44:16+00:00,,2026-08-31T22:00:00+00:00,33,2026-08-31T22:00:00+00:00
5005,02110000005005,1,13,USD,active,61634.64,61634.64,2016-02-28T01:20:15+00:00,,2026-09-18T13:59:33+00:00,22,2026-09-18T13:59:33+00:00
5006,02110000005006,4,13,USD,active,4091.78,4091.78,2025-08-03T21:47:09+00:00,,2026-08-31T22:00:00+00:00,39,2026-08-31T22:00:00+00:00
5007,02110000005007,2,23,USD,active,9839.11,10339.11,2025-06-19T13:22:46+00:00,,2026-09-22T15:13:59+00:00,30,2026-09-22T15:13:59+00:00
5008,02110000005008,8,23,USD,active,0,15000.00,2026-07-02T06:26:08+00:00,,,0,2026-07-02T06:26:08+00:00
5009,02100000005009,2,4,USD,active,32518.42,33018.42,2022-12-14T08:55:58+00:00,,2026-09-20T22:05:23+00:00,10,2026-09-20T22:05:23+00:00
5010,02100000005010,4,4,USD,active,30335.90,30335.90,2023-09-13T00:00:04+00:00,,2026-08-31T22:00:00+00:00,29,2026-08-31T22:00:00+00:00
5011,02100000005011,8,4,USD,active,0,10000.00,2023-07-24T11:01:39+00:00,,,0,2023-07-24T11:01:39+00:00
5012,02100000005012,1,10,USD,active,13144.88,13144.88,2014-04-19T09:36:36+00:00,,2026-09-18T21:08:36+00:00,18,2026-09-18T21:08:36+00:00
5013,02100000005013,4,10,USD,active,70611.59,70611.59,2016-03-02T05:43:26+00:00,,2026-08-31T22:00:00+00:00,12,2026-08-31T22:00:00+00:00
5014,02100000005014,1,6,USD,active,4682.02,4682.02,2017-12-24T18:14:30+00:00,,2026-09-19T18:55:06+00:00,27,2026-09-19T18:55:06+00:00
5015,02100000005015,4,6,USD,closed,0,0,2018-02-16T11:48:15+00:00,2024-09-18T12:43:53+00:00,,0,2024-09-18T12:43:53+00:00
5016,02110000005016,1,19,USD,active,12461.42,12461.42,2025-04-19T16:28:02+00:00,,2026-09-17T09:00:00+00:00,14,2026-09-17T09:00:00+00:00
5017,02110000005017,3,19,USD,active,9345.35,9345.35,2026-02-20T23:59:01+00:00,,2026-08-31T22:00:00+00:00,12,2026-08-31T22:00:00+00:00
5018,02110000005018,9,19,USD,active,2081.86,5418.14,2025-12-08T03:17:40+00:00,,2026-09-22T16:35:59+00:00,12,2026-09-22T16:35:59+00:00
5019,02100000005019,1,12,USD,active,8191.48,8191.48,2023-12-19T03:29:53+00:00,,2026-09-20T19:08:12+00:00,36,2026-09-20T19:08:12+00:00
5020,02100000005020,1,7,USD,active,17402.32,17402.32,2013-04-17T17:54:34+00:00,,2026-09-21T09:32:36+00:00,19,2026-09-21T09:32:36+00:00
5021,02100000005021,3,7,USD,active,1109.04,1109.04,2016-05-09T19:34:42+00:00,,2026-08-31T22:00:00+00:00,4,2026-08-31T22:00:00+00:00
5022,02100000005022,2,1,USD,active,15484.16,15984.16,2015-04-15T19:56:11+00:00,,2026-09-22T19:05:03+00:00,37,2026-09-22T19:05:03+00:00
5023,02100000005023,3,1,USD,active,4727.95,4727.95,2023-11-29T11:41:05+00:00,,2026-08-31T22:00:00+00:00,27,2026-08-31T22:00:00+00:00
5024,02100000005024,1,2,USD,active,851.74,851.74,2015-05-25T01:46:00+00:00,,2026-09-08T13:12:38+00:00,36,2026-09-08T13:12:38+00:00
5025,02100000005025,2,1,USD,active,7748.02,8248.02,2025-02-13T17:41:15+00:00,,2026-09-21T14:10:19+00:00,30,2026-09-21T14:10:19+00:00
5026,02100000005026,1,4,USD,active,30643.08,30643.08,2024-02-01T02:52:24+00:00,,2026-09-19T23:45:04+00:00,25,2026-09-19T23:45:04+00:00
5027,02100000005027,3,4,USD,active,5976.95,5976.95,2025-09-05T11:42:52+00:00,,2026-08-31T22:00:00+00:00,36,2026-08-31T22:00:00+00:00
5028,02100000005028,1,2,USD,active,2412.07,2412.07,2023-01-30T06:55:33+00:00,,2026-09-21T17:21:28+00:00,23,2026-09-21T17:21:28+00:00
5029,02100000005029,4,2,USD,active,4304.25,4304.25,2025-07-10T18:09:56+00:00,,2026-08-31T22:00:00+00:00,1,2026-08-31T22:00:00+00:00
5030,02100000005030,1,2,USD,active,4975.93,4975.93,2021-03-12T03:11:02+00:00,,2026-09-18T09:00:00+00:00,6,2026-09-18T09:00:00+00:00
5031,02100000005031,8,2,USD,active,981.17,18.83,2025-08-07T16:08:16+00:00,,2026-09-13T17:38:22+00:00,20,2026-09-13T17:38:22+00:00
5032,02100000005032,2,9,USD,active,3860.41,4360.41,2008-04-04T18:44:32+00:00,,2026-09-20T19:06:48+00:00,28,2026-09-20T19:06:48+00:00
5033,02100000005033,3,9,USD,active,1711.02,1711.02,2018-12-23T06:57:37+00:00,,2026-08-31T22:00:00+00:00,19,2026-08-31T22:00:00+00:00
5034,02100000005034,5,9,USD,active,5663.13,5663.13,2019-11-07T05:41:09+00:00,,2026-08-31T22:00:00+00:00,31,2026-08-31T22:00:00+00:00
5035,02100000005035,1,4,USD,active,1780.58,1780.58,2008-02-22T07:58:04+00:00,,2026-09-21T09:00:00+00:00,4,2026-09-21T09:00:00+00:00
5036,02110000005036,2,21,USD,active,43606.07,44106.07,2018-05-12T15:29:42+00:00,,2026-09-21T22:03:50+00:00,4,2026-09-21T22:03:50+00:00
5037,02100000005037,1,11,USD,active,29484.08,29484.08,2015-12-28T03:30:41+00:00,,2026-09-19T09:00:00+00:00,9,2026-09-19T09:00:00+00:00
5038,02100000005038,3,11,USD,active,4404.17,4404.17,2017-04-27T14:37:23+00:00,,2026-08-31T22:00:00+00:00,5,2026-08-31T22:00:00+00:00
5039,02110000005039,1,25,USD,active,15417.11,15417.11,2024-03-02T11:49:47+00:00,,2026-09-15T13:38:57+00:00,23,2026-09-15T13:38:57+00:00
5040,02110000005040,4,25,USD,closed,0,0,2024-08-24T10:22:42+00:00,2025-12-31T22:13:00+00:00,,0,2025-12-31T22:13:00+00:00
5041,02100000005041,1,6,USD,active,36453.54,36453.54,2020-07-15T00:09:13+00:00,,2026-09-22T09:00:00+00:00,17,2026-09-22T09:00:00+00:00
5042,02100000005042,1,4,USD,active,38006.81,38006.81,2010-01-16T09:30:03+00:00,,2026-09-17T23:29:02+00:00,38,2026-09-17T23:29:02+00:00
5043,02100000005043,4,4,USD,active,52616.46,52616.46,2021-09-16T23:41:17+00:00,,2026-08-31T22:00:00+00:00,37,2026-08-31T22:00:00+00:00
5044,02100000005044,9,4,USD,active,0,5000.00,2024-09-06T09:54:52+00:00,,,0,2024-09-06T09:54:52+00:00
5045,02100000005045,1,7,USD,active,13205.86,13205.86,2022-07-15T02:50:41+00:00,,2026-09-19T23:18:21+00:00,36,2026-09-19T23:18:21+00:00
5046,02100000005046,5,7,USD,active,8622.67,8622.67,2023-11-11T22:47:36+00:00,,2026-08-31T22:00:00+00:00,4,2026-08-31T22:00:00+00:00
5047,02100000005047,1,5,USD,active,27332.93,27332.93,2013-08-23T21:59:47+00:00,,2026-09-11T09:00:00+00:00,28,2026-09-11T09:00:00+00:00
5048,02100000005048,4,5,USD,active,39396.93,39396.93,2015-08-29T20:34:05+00:00,,2026-08-31T22:00:00+00:00,25,2026-08-31T22:00:00+00:00
5049,02100000005049,8,5,USD,active,3187.09,11812.91,2021-06-15T13:39:45+00:00,,2026-09-22T14:31:41+00:00,9,2026-09-22T14:31:41+00:00
5050,02100000005050,1,9,USD,active,4753.23,4753.23,2025-05-30T22:55:58+00:00,,2026-09-21T23:25:01+00:00,7,2026-09-21T23:25:01+00:00
5051,02100000005051,3,9,USD,active,4145.43,4145.43,2025-09-09T05:09:22+00:00,,2026-08-31T22:00:00+00:00,26,2026-08-31T22:00:00+00:00
5052,02100000005052,9,9,USD,frozen,0,25000.00,2026-05-28T04:40:27+00:00,,,0,2026-05-28T04:40:27+00:00
5053,02110000005053,1,14,USD,active,13046.28,13046.28,2020-04-13T20:16:30+00:00,,2026-06-28T22:02:05+00:00,20,2026-06-28T22:02:05+00:00
5054,02110000005054,3,14,USD,active,4866.61,4866.61,2024-01-24T16:08:58+00:00,,2026-08-31T22:00:00+00:00,9,2026-08-31T22:00:00+00:00
5055,02110000005055,1,24,USD,active,6006.60,6006.60,2019-11-19T23:30:08+00:00,,2026-09-14T16:50:35+00:00,36,2026-09-14T16:50:35+00:00
5056,02110000005056,4,24,USD,closed,0,0,2021-11-05T01:37:59+00:00,2025-02-08T21:57:36+00:00,,0,2025-02-08T21:57:36+00:00
5057,02110000005057,1,21,USD,active,18938.11,18938.11,2019-09-17T02:30:36+00:00,,2026-09-22T09:00:00+00:00,26,2026-09-22T09:00:00+00:00
5058,02110000005058,3,21,USD,active,6978.84,6978.84,2023-04-11T23:31:51+00:00,,2026-08-31T22:00:00+00:00,13,2026-08-31T22:00:00+00:00
5059,02100000005059,3,2,USD,active,6862.78,6862.78,2022-08-06T06:44:06+00:00,,2026-08-31T22:00:00+00:00,6,2026-08-31T22:00:00+00:00
5060,02110000005060,1,23,USD,active,803.90,803.90,2025-01-16T01:49:29+00:00,,2026-09-06T09:00:00+00:00,21,2026-09-06T09:00:00+00:00
5061,02110000005061,9,23,USD,active,997.04,2.96,2026-06-09T19:49:01+00:00,,2026-09-22T19:33:44+00:00,21,2026-09-22T19:33:44+00:00
5062,02110000005062,1,24,USD,active,3102.86,3102.86,2017-06-06T09:42:54+00:00,,2026-09-22T09:00:00+00:00,35,2026-09-22T09:00:00+00:00
5063,02110000005063,9,24,USD,active,4429.57,570.43,2024-02-25T08:10:28+00:00,,2026-09-18T17:33:17+00:00,6,2026-09-18T17:33:17+00:00
5064,02110000005064,1,21,USD,active,16727.57,16727.57,2024-03-12T14:50:27+00:00,,2026-09-20T09:00:00+00:00,6,2026-09-20T09:00:00+00:00
5065,02110000005065,4,21,USD,active,14365.01,14365.01,2024-10-20T02:22:45+00:00,,2026-08-31T22:00:00+00:00,7,2026-08-31T22:00:00+00:00
5066,02110000005066,9,21,USD,active,876.52,9123.48,2025-03-25T01:35:37+00:00,,2026-09-19T16:39:35+00:00,8,2026-09-19T16:39:35+00:00
5067,02110000005067,1,25,USD,active,35106.06,35106.06,2023-12-12T06:05:29+00:00,,2026-09-22T15:04:50+00:00,33,2026-09-22T15:04:50+00:00
5068,02100000005068,1,1,USD,active,9723.09,9723.09,2017-09-25T07:01:17+00:00,,2026-09-18T14:12:55+00:00,16,2026-09-18T14:12:55+00:00
5069,02100000005069,3,1,USD,active,6629.91,6629.91,2022-05-12T12:25:45+00:00,,2026-08-31T22:00:00+00:00,38,2026-08-31T22:00:00+00:00
5070,02100000005070,1,4,USD,active,260994.76,260994.76,2026-06-29T09:11:18+00:00,,2026-09-22T17:34:02+00:00,23,2026-09-22T17:34:02+00:00
5071,02100000005071,3,4,USD,active,3835.46,3835.46,2026-09-09T20:29:21+00:00,,2026-09-09T20:34:21+00:00,23,2026-09-09T20:34:21+00:00
5072,02100000005072,5,4,USD,active,2531.39,2531.39,2026-07-27T22:45:06+00:00,,2026-08-31T22:00:00+00:00,23,2026-08-31T22:00:00+00:00
5073,02110000005073,2,22,USD,active,22017.68,22517.68,2026-06-03T04:44:27+00:00,,2026-09-17T17:51:56+00:00,4,2026-09-17T17:51:56+00:00
5074,02110000005074,3,22,USD,active,5115.93,5115.93,2026-07-03T03:11:18+00:00,,2026-08-31T22:00:00+00:00,13,2026-08-31T22:00:00+00:00
5075,02110000005075,9,22,USD,active,0,7500.00,2026-07-05T19:25:25+00:00,,,0,2026-07-05T19:25:25+00:00
5076,02100000005076,1,4,USD,active,8355.30,8355.30,2015-08-15T15:53:53+00:00,,2026-09-20T23:52:43+00:00,32,2026-09-20T23:52:43+00:00
5077,02110000005077,1,22,USD,active,2381.88,2381.88,2020-09-04T09:04:54+00:00,,2026-09-20T14:53:43+00:00,25,2026-09-20T14:53:43+00:00
5078,02100000005078,1,7,USD,active,30514.51,30514.51,2026-02-09T16:40:48+00:00,,2026-09-22T19:33:37+00:00,34,2026-09-22T19:33:37+00:00
5079,02110000005079,1,16,USD,active,3677.50,3677.50,2010-04-18T21:53:05+00:00,,2026-09-21T14:26:31+00:00,4,2026-09-21T14:26:31+00:00
5080,02110000005080,2,16,USD,active,81428.28,81928.28,2023-02-12T22:20:37+00:00,,2026-09-21T22:09:10+00:00,35,2026-09-21T22:09:10+00:00
5081,02110000005081,1,23,USD,active,32482.62,32482.62,2010-08-31T07:57:17+00:00,,2026-09-22T14:46:45+00:00,30,2026-09-22T14:46:45+00:00
5082,02100000005082,6,2,USD,active,1853464.63,1858464.63,2009-09-14T04:52:54+00:00,,2026-09-22T18:15:00+00:00,23,2026-09-22T18:15:00+00:00
5083,02100000005083,6,7,USD,active,1162385.93,1167385.93,2023-06-29T23:47:36+00:00,,2026-09-22T18:15:00+00:00,36,2026-09-22T18:15:00+00:00
5084,02100000005084,6,7,USD,active,1574079.77,1579079.77,2018-08-30T06:05:35+00:00,,2026-09-22T03:15:51+00:00,25,2026-09-22T03:15:51+00:00
5085,02100000005085,7,7,USD,active,586799.87,586799.87,2019-02-24T20:40:11+00:00,,2026-08-31T22:00:00+00:00,9,2026-08-31T22:00:00+00:00
5086,02100000005086,6,6,USD,active,2058405.78,2063405.78,2019-10-22T00:58:53+00:00,,2026-06-24T20:57:02+00:00,24,2026-06-24T20:57:02+00:00
5087,02100000005087,7,6,USD,active,205229.23,205229.23,2025-10-25T03:41:04+00:00,,2026-08-31T22:00:00+00:00,39,2026-08-31T22:00:00+00:00
5088,02100000005088,6,7,USD,active,1807872.77,1812872.77,2026-05-11T03:35:02+00:00,,2026-09-21T18:45:00+00:00,35,2026-09-21T18:45:00+00:00
5089,02110000005089,6,20,USD,frozen,14193.20,14193.20,2015-11-08T00:00:22+00:00,,2026-04-30T23:59:00+00:00,19,2026-04-30T23:59:00+00:00
5090,02110000005090,7,20,USD,active,190843.19,190843.19,2024-03-10T00:41:21+00:00,,2026-08-31T22:00:00+00:00,17,2026-08-31T22:00:00+00:00
5091,02100000005091,6,10,USD,active,1880453.57,1885453.57,2015-09-07T22:03:43+00:00,,2026-09-21T19:30:00+00:00,40,2026-09-21T19:30:00+00:00
5092,02100000005092,7,10,USD,active,53989.06,53989.06,2020-06-15T18:25:44+00:00,,2026-08-31T22:00:00+00:00,18,2026-08-31T22:00:00+00:00
5093,02100000005093,6,5,USD,active,1690048.46,1695048.46,2008-02-22T04:32:01+00:00,,2026-09-22T21:00:00+00:00,3,2026-09-22T21:00:00+00:00
5094,02100000005094,7,5,USD,active,71442.86,71442.86,2008-02-22T21:47:15+00:00,,2026-08-31T22:00:00+00:00,4,2026-08-31T22:00:00+00:00
5095,02110000005095,6,25,USD,active,1008997.65,1013997.65,2016-09-19T20:41:14+00:00,,2026-09-21T16:30:00+00:00,26,2026-09-21T16:30:00+00:00
5096,02110000005096,6,14,USD,active,773354.04,778354.04,2018-10-01T12:39:32+00:00,,2026-09-22T14:30:00+00:00,21,2026-09-22T14:30:00+00:00
5097,02110000005097,7,14,USD,active,31713.75,31713.75,2022-05-26T14:46:13+00:00,,2026-08-31T22:00:00+00:00,11,2026-08-31T22:00:00+00:00
5098,02100000005098,6,6,USD,active,2244675.56,2249675.56,2008-05-09T00:40:58+00:00,,2026-09-22T14:00:00+00:00,36,2026-09-22T14:00:00+00:00
5099,02110000005099,6,25,USD,active,950805.21,955805.21,2023-07-16T07:06:24+00:00,,2026-09-22T21:00:00+00:00,7,2026-09-22T21:00:00+00:00
5100,02110000005100,6,15,USD,active,617699.27,622699.27,2022-12-22T19:42:45+00:00,,2026-09-22T15:30:00+00:00,20,2026-09-22T15:30:00+00:00
5101,02110000005101,6,24,USD,active,1526605.01,1531605.01,2012-09-22T19:24:04+00:00,,2026-09-22T17:45:00+00:00,11,2026-09-22T17:45:00+00:00
5102,02110000005102,6,23,USD,active,1692528.37,1697528.37,2019-05-10T08:41:59+00:00,,2026-09-22T13:30:00+00:00,13,2026-09-22T13:30:00+00:00
5103,02110000005103,6,19,USD,active,1299062.22,1304062.22,2017-10-07T16:05:00+00:00,,2026-09-22T13:45:00+00:00,23,2026-09-22T13:45:00+00:00
5104,02110000005104,6,19,USD,active,1738407.43,1743407.43,2010-04-11T02:05:55+00:00,,2026-09-21T18:15:00+00:00,32,2026-09-21T18:15:00+00:00
5105,02110000005105,7,19,USD,active,61007.76,61007.76,2020-03-06T07:51:31+00:00,,2026-08-31T22:00:00+00:00,15,2026-08-31T22:00:00+00:00
5106,02110000005106,6,22,USD,active,2441309.37,2446309.37,2012-08-15T22:38:52+00:00,,2026-09-21T20:38:40+00:00,22,2026-09-21T20:38:40+00:00
5107,02110000005107,7,22,USD,active,46570.01,46570.01,2025-05-02T19:07:30+00:00,,2026-08-31T22:00:00+00:00,25,2026-08-31T22:00:00+00:00
5108,02110000005108,6,18,USD,active,1528618.41,1533618.41,2010-06-19T21:08:01+00:00,,2026-09-18T16:15:00+00:00,34,2026-09-18T16:15:00+00:00
5109,02110000005109,7,18,USD,active,274903.71,274903.71,2013-04-07T06:09:53+00:00,,2026-08-31T22:00:00+00:00,22,2026-08-31T22:00:00+00:00
5110,02110000005110,6,21,USD,active,1011751.48,1016751.48,2011-04-09T23:17:27+00:00,,2026-09-22T14:00:00+00:00,7,2026-09-22T14:00:00+00:00
5111,02100000005111,6,2,USD,active,1385701.36,1390701.36,2011-06-07T03:01:47+00:00,,2026-09-22T20:45:00+00:00,30,2026-09-22T20:45:00+00:00
5112,02100000005112,7,2,USD,active,84374.06,84374.06,2023-10-13T22:04:30+00:00,,2026-08-31T22:00:00+00:00,24,2026-08-31T22:00:00+00:00
5113,02110000005113,6,19,USD,closed,0,0,2020-12-30T07:20:10+00:00,2021-09-10T20:47:57+00:00,,0,2021-09-10T20:47:57+00:00
5114,02110000005114,6,24,USD,frozen,12452.14,12452.14,2012-01-10T11:58:38+00:00,,2026-04-30T23:59:00+00:00,23,2026-04-30T23:59:00+00:00
5115,02100000005115,6,9,USD,active,871671.68,876671.68,2021-02-22T04:28:00+00:00,,2026-09-21T18:45:00+00:00,35,2026-09-21T18:45:00+00:00
5116,02110000005116,6,13,USD,active,1057791.73,1062791.73,2019-05-20T12:48:23+00:00,,2026-09-22T19:00:00+00:00,39,2026-09-22T19:00:00+00:00
5117,02110000005117,6,19,USD,active,1961749.86,1966749.86,2015-06-21T00:14:54+00:00,,2026-09-22T14:45:00+00:00,35,2026-09-22T14:45:00+00:00
5118,02110000005118,6,24,USD,active,1365742.03,1370742.03,2010-08-04T22:17:17+00:00,,2026-06-09T06:52:42+00:00,22,2026-06-09T06:52:42+00:00
5119,02110000005119,6,24,USD,active,2353257.67,2358257.67,2015-12-12T12:54:00+00:00,,2026-09-22T18:30:00+00:00,27,2026-09-22T18:30:00+00:00
5120,02100000005120,6,10,USD,active,1837685.62,1842685.62,2024-02-24T06:00:09+00:00,,2026-09-22T16:45:00+00:00,15,2026-09-22T16:45:00+00:00
5121,02100000005121,6,10,USD,active,1247783.75,1252783.75,2012-05-08T22:28:46+00:00,,2026-09-22T18:45:00+00:00,5,2026-09-22T18:45:00+00:00
5122,02110000005122,6,14,USD,active,626289.23,631289.23,2010-10-09T02:34:19+00:00,,2026-09-22T15:00:00+00:00,13,2026-09-22T15:00:00+00:00
5123,02110000005123,7,14,USD,active,437348.79,437348.79,2024-03-30T09:14:46+00:00,,2026-08-31T22:00:00+00:00,28,2026-08-31T22:00:00+00:00
5124,02110000005124,6,16,USD,active,2098397.70,2103397.70,2025-08-09T04:02:07+00:00,,2026-09-21T22:15:00+00:00,2,2026-09-21T22:15:00+00:00
5125,02110000005125,6,24,USD,active,1079285.82,1084285.82,2022-02-28T04:12:27+00:00,,2026-09-16T22:15:00+00:00,33,2026-09-16T22:15:00+00:00
5126,02110000005126,7,24,USD,active,482947.67,482947.67,2025-02-20T04:31:55+00:00,,2026-08-31T22:00:00+00:00,22,2026-08-31T22:00:00+00:00
5127,02100000005127,6,4,USD,active,1283208.38,1288208.38,2020-01-12T07:08:03+00:00,,2026-09-21T23:09:56+00:00,33,2026-09-21T23:09:56+00:00
5128,02100000005128,7,4,USD,active,22846.60,22846.60,2023-06-02T16:47:57+00:00,,2026-08-31T22:00:00+00:00,4,2026-08-31T22:00:00+00:00
5129,02110000005129,6,21,USD,active,795997.74,800997.74,2015-06-18T05:11:36+00:00,,2026-09-18T13:00:00+00:00,11,2026-09-18T13:00:00+00:00
5130,02110000005130,7,21,USD,active,22574.07,22574.07,2021-04-01T03:17:06+00:00,,2026-08-31T22:00:00+00:00,4,2026-08-31T22:00:00+00:00
5131,02100000005131,6,9,USD,active,1226229.54,1231229.54,2024-01-12T17:08:12+00:00,,2026-09-22T18:30:00+00:00,25,2026-09-22T18:30:00+00:00
5132,02100000005132,6,3,USD,active,779470.87,784470.87,2026-04-08T13:38:24+00:00,,2026-09-19T14:20:02+00:00,28,2026-09-19T14:20:02+00:00
5133,02110000005133,6,19,USD,active,1860260.49,1865260.49,2011-11-13T06:52:29+00:00,,2026-09-21T16:30:00+00:00,26,2026-09-21T16:30:00+00:00
5134,02100000005134,6,1,USD,frozen,10116.37,10116.37,2019-01-29T16:21:06+00:00,,2026-04-30T23:59:00+00:00,6,2026-04-30T23:59:00+00:00
5135,02110000005135,6,22,USD,active,1616248.00,1621248.00,2008-10-04T19:32:59+00:00,,2026-09-22T15:08:30+00:00,34,2026-09-22T15:08:30+00:00
5136,02110000005136,6,19,USD,active,1933571.07,1938571.07,2009-04-13T19:39:43+00:00,,2026-09-21T21:54:54+00:00,1,2026-09-21T21:54:54+00:00
5137,02110000005137,7,19,USD,active,122054.11,122054.11,2016-02-07T23:08:04+00:00,,2026-08-31T22:00:00+00:00,21,2026-08-31T22:00:00+00:00
5138,02100000005138,6,1,USD,active,1447558.38,1452558.38,2018-09-06T10:58:39+00:00,,2026-09-22T13:15:00+00:00,16,2026-09-22T13:15:00+00:00
5139,02100000005139,7,1,USD,active,485895.19,485895.19,2019-01-15T19:35:57+00:00,,2026-08-31T22:00:00+00:00,27,2026-08-31T22:00:00+00:00
5140,02100000005140,6,7,USD,active,1913889.42,1918889.42,2015-02-08T02:37:24+00:00,,2026-09-22T21:00:00+00:00,31,2026-09-22T21:00:00+00:00
5141,02100000005141,7,7,USD,active,126434.65,126434.65,2019-07-02T22:17:15+00:00,,2026-08-31T22:00:00+00:00,27,2026-08-31T22:00:00+00:00
5142,02110000005142,6,14,USD,active,2030000.99,2035000.99,2019-01-05T23:27:07+00:00,,2026-09-22T20:30:00+00:00,16,2026-09-22T20:30:00+00:00
5143,02100000005143,6,2,USD,frozen,242420.89,242420.89,2016-06-23T07:38:10+00:00,,2026-04-30T23:59:00+00:00,37,2026-04-30T23:59:00+00:00
5144,02100000005144,6,4,USD,active,1111766.65,1116766.65,2013-01-16T21:31:49+00:00,,2026-09-22T13:00:00+00:00,7,2026-09-22T13:00:00+00:00
5145,02110000005145,6,14,USD,closed,0,0,2019-08-25T02:27:01+00:00,2023-12-06T17:02:34+00:00,,0,2023-12-06T17:02:34+00:00
5146,02110000005146,6,16,USD,active,1575259.07,1580259.07,2020-11-26T11:59:58+00:00,,2026-09-22T14:00:00+00:00,23,2026-09-22T14:00:00+00:00
5147,02110000005147,7,16,USD,active,198878.46,198878.46,2021-03-20T21:39:58+00:00,,2026-08-31T22:00:00+00:00,8,2026-08-31T22:00:00+00:00
5148,02110000005148,6,20,USD,frozen,13038.29,13038.29,2012-12-09T13:26:05+00:00,,2026-04-30T23:59:00+00:00,6,2026-04-30T23:59:00+00:00
5149,02110000005149,7,20,USD,active,57511.85,57511.85,2019-10-01T02:48:40+00:00,,2026-08-31T22:00:00+00:00,37,2026-08-31T22:00:00+00:00
5150,02110000005150,6,15,USD,active,2156585.35,2161585.35,2018-12-25T03:44:13+00:00,,2026-09-21T22:30:00+00:00,28,2026-09-21T22:30:00+00:00
5151,02110000005151,7,15,USD,active,21471.79,21471.79,2025-05-18T15:15:12+00:00,,2026-08-31T22:00:00+00:00,24,2026-08-31T22:00:00+00:00
5152,02100000005152,6,2,USD,active,650236.99,655236.99,2009-05-17T19:20:50+00:00,,2026-09-22T08:28:57+00:00,27,2026-09-22T08:28:57+00:00
5153,02100000005153,6,4,USD,active,1621863.77,1626863.77,2026-05-22T01:11:30+00:00,,2026-09-22T04:06:37+00:00,3,2026-09-22T04:06:37+00:00
5154,02110000005154,6,19,USD,active,1193948.30,1198948.30,2026-02-17T15:53:42+00:00,,2026-09-22T17:00:00+00:00,20,2026-09-22T17:00:00+00:00
5155,02110000005155,7,19,USD,active,118352.88,118352.88,2026-03-15T23:56:24+00:00,,2026-08-31T22:00:00+00:00,15,2026-08-31T22:00:00+00:00
5156,02100000005156,6,12,USD,active,911815.02,916815.02,2016-03-17T22:33:23+00:00,,2026-09-21T07:05:51+00:00,2,2026-09-21T07:05:51+00:00
5157,02100000005157,6,2,USD,active,923934.45,928934.45,2025-01-20T12:08:16+00:00,,2026-09-22T16:30:00+00:00,16,2026-09-22T16:30:00+00:00
5158,02100000005158,6,2,USD,active,2026022.25,2031022.25,2016-09-10T22:32:47+00:00,,2026-09-22T20:25:14+00:00,4,2026-09-22T20:25:14+00:00
5159,02110000005159,6,16,USD,active,1522827.74,1527827.74,2018-05-17T23:09:19+00:00,,2026-09-22T19:45:00+00:00,7,2026-09-22T19:45:00+00:00
5160,02110000005160,6,22,USD,active,1531912.98,1536912.98,2014-06-10T22:25:05+00:00,,2026-09-21T20:10:57+00:00,8,2026-09-21T20:10:57+00:00
5161,02110000005161,7,22,USD,active,581159.78,581159.78,2019-05-03T23:10:48+00:00,,2026-08-31T22:00:00+00:00,1,2026-08-31T22:00:00+00:00
5162,02100000005162,6,2,USD,active,1773228.51,1778228.51,2012-09-05T16:11:31+00:00,,2026-09-21T16:00:00+00:00,1,2026-09-21T16:00:00+00:00
5163,02100000005163,6,11,USD,active,927797.75,932797.75,2017-12-09T22:44:42+00:00,,2026-09-20T06:20:37+00:00,3,2026-09-20T06:20:37+00:00
5164,02100000005164,7,11,USD,active,43520.66,43520.66,2021-03-02T17:53:38+00:00,,2026-08-31T22:00:00+00:00,29,2026-08-31T22:00:00+00:00
5165,02110000005165,6,21,USD,active,1896511.06,1901511.06,2019-03-16T09:36:55+00:00,,2026-09-22T13:15:00+00:00,12,2026-09-22T13:15:00+00:00
5166,02110000005166,7,21,USD,active,12724.85,12724.85,2026-08-29T16:05:05+00:00,,2026-08-31T22:00:00+00:00,4,2026-08-31T22:00:00+00:00
5167,02100000005167,6,9,USD,active,1723873.52,1728873.52,2011-06-03T09:32:09+00:00,,2026-09-21T00:54:49+00:00,37,2026-09-21T00:54:49+00:00
5168,02110000005168,6,18,USD,active,2631762.63,2636762.63,2015-02-18T22:58:33+00:00,,2026-09-22T17:45:00+00:00,2,2026-09-22T17:45:00+00:00
5169,02100000005169,6,3,USD,active,1453098.74,1458098.74,2011-09-21T04:07:22+00:00,,2026-09-22T14:00:00+00:00,39,2026-09-22T14:00:00+00:00
5170,02110000005170,6,16,USD,active,1696320.66,1701320.66,2011-01-14T07:07:29+00:00,,2026-09-21T15:45:00+00:00,11,2026-09-21T15:45:00+00:00
5171,02110000005171,6,25,USD,active,1165314.26,1170314.26,2012-03-14T12:07:48+00:00,,2026-09-22T14:00:00+00:00,13,2026-09-22T14:00:00+00:00
5172,02110000005172,6,18,USD,active,1917508.45,1922508.45,2017-09-05T13:48:17+00:00,,2026-09-21T13:30:00+00:00,2,2026-09-21T13:30:00+00:00
5173,02100000005173,6,9,USD,active,680726.99,685726.99,2017-10-12T16:30:26+00:00,,2026-09-21T20:15:00+00:00,25,2026-09-21T20:15:00+00:00
5174,02110000005174,6,16,USD,active,1914647.79,1919647.79,2014-06-08T15:09:10+00:00,,2026-09-22T19:30:00+00:00,34,2026-09-22T19:30:00+00:00
5175,02110000005175,7,16,USD,active,203630.11,203630.11,2025-11-05T07:56:58+00:00,,2026-08-31T22:00:00+00:00,11,2026-08-31T22:00:00+00:00
5176,02100000005176,6,3,USD,active,1901802.66,1906802.66,2012-11-12T09:51:39+00:00,,2026-09-22T02:05:32+00:00,35,2026-09-22T02:05:32+00:00
5177,02110000005177,6,14,USD,closed,0,0,2014-11-04T00:11:46+00:00,2020-05-25T00:22:48+00:00,,0,2020-05-25T00:22:48+00:00
5178,02110000005178,7,14,USD,active,25549.11,25549.11,2023-12-09T21:23:36+00:00,,2026-08-31T22:00:00+00:00,31,2026-08-31T22:00:00+00:00
5179,02110000005179,6,23,USD,active,2527813.20,2532813.20,2008-11-20T15:40:11+00:00,,2026-09-22T19:30:00+00:00,20,2026-09-22T19:30:00+00:00
5180,02100000005180,6,6,USD,active,924847.17,929847.17,2020-10-09T04:10:15+00:00,,2026-09-21T23:42:58+00:00,13,2026-09-21T23:42:58+00:00
5181,02110000005181,6,16,USD,active,687493.60,692493.60,2026-06-02T13:24:11+00:00,,2026-09-22T19:10:29+00:00,16,2026-09-22T19:10:29+00:00
5182,02100000005182,6,1,USD,active,1427831.50,1432831.50,2019-08-31T07:03:15+00:00,,2026-07-26T00:24:24+00:00,10,2026-07-26T00:24:24+00:00
5183,02110000005183,6,20,USD,active,901419.74,906419.74,2018-10-21T01:29:29+00:00,,2026-09-20T03:33:00+00:00,14,2026-09-20T03:33:00+00:00
5184,02100000005184,6,3,USD,active,1975616.17,1980616.17,2019-01-09T13:45:54+00:00,,2026-09-18T15:45:00+00:00,32,2026-09-18T15:45:00+00:00
5185,02110000005185,6,15,USD,active,1552557.03,1557557.03,2013-10-06T00:32:50+00:00,,2026-09-20T00:47:14+00:00,37,2026-09-20T00:47:14+00:00
5186,02110000005186,7,15,USD,active,248802.60,248802.60,2017-06-21T07:56:11+00:00,,2026-08-31T22:00:00+00:00,7,2026-08-31T22:00:00+00:00
5187,02110000005187,6,13,USD,active,1905194.66,1910194.66,2022-08-07T08:08:39+00:00,,2026-09-21T21:31:42+00:00,30,2026-09-21T21:31:42+00:00
5188,02110000005188,6,18,USD,active,1583897.70,1588897.70,2020-06-29T11:28:18+00:00,,2026-09-14T22:34:22+00:00,31,2026-09-14T22:34:22+00:00
5189,02110000005189,7,18,USD,active,29415.38,29415.38,2022-09-03T16:07:03+00:00,,2026-08-31T22:00:00+00:00,26,2026-08-31T22:00:00+00:00
5190,02110000005190,6,22,USD,active,2439352.83,2444352.83,2023-05-28T21:01:21+00:00,,2026-09-21T23:59:31+00:00,32,2026-09-21T23:59:31+00:00
5191,02110000005191,7,22,USD,active,94377.86,94377.86,2024-10-07T08:57:10+00:00,,2026-08-31T22:00:00+00:00,30,2026-08-31T22:00:00+00:00
5192,02110000005192,6,23,USD,active,2161643.65,2166643.65,2011-01-17T08:18:17+00:00,,2026-09-21T21:00:00+00:00,36,2026-09-21T21:00:00+00:00
5193,02110000005193,7,23,USD,active,65338.07,65338.07,2015-09-25T18:11:14+00:00,,2026-08-31T22:00:00+00:00,12,2026-08-31T22:00:00+00:00
5194,02110000005194,6,23,USD,frozen,30774.94,30774.94,2023-08-20T06:50:20+00:00,,2026-04-30T23:59:00+00:00,22,2026-04-30T23:59:00+00:00
5195,02110000005195,6,21,USD,closed,0,0,2021-04-02T15:35:03+00:00,2023-05-03T05:40:06+00:00,,0,2023-05-03T05:40:06+00:00
5196,02110000005196,7,21,USD,active,304955.51,304955.51,2022-12-22T05:01:45+00:00,,2026-08-31T22:00:00+00:00,2,2026-08-31T22:00:00+00:00
5197,02110000005197,6,21,USD,active,2387770.51,2392770.51,2009-09-08T22:26:39+00:00,,2026-09-22T13:00:00+00:00,24,2026-09-22T13:00:00+00:00
5198,02100000005198,6,6,USD,active,954820.26,959820.26,2020-12-09T09:05:05+00:00,,2026-07-26T18:40:10+00:00,5,2026-07-26T18:40:10+00:00
5199,02110000005199,6,21,USD,active,1921861.21,1926861.21,2011-10-10T16:20:33+00:00,,2026-09-21T15:15:00+00:00,11,2026-09-21T15:15:00+00:00
5200,02100000005200,6,3,USD,closed,0,0,2018-06-23T14:56:21+00:00,2020-04-23T07:43:00+00:00,,0,2020-04-23T07:43:00+00:00
5201,02110000005201,6,18,USD,active,1600360.89,1605360.89,2014-10-15T07:03:14+00:00,,2026-09-22T13:15:00+00:00,24,2026-09-22T13:15:00+00:00
5202,02100000005202,6,12,USD,active,1059201.69,1064201.69,2015-12-08T15:05:04+00:00,,2026-09-22T14:38:50+00:00,27,2026-09-22T14:38:50+00:00
5203,02100000005203,7,12,USD,active,603452.40,603452.40,2021-12-18T10:21:50+00:00,,2026-08-31T22:00:00+00:00,11,2026-08-31T22:00:00+00:00
5204,02110000005204,6,24,USD,active,1924840.65,1929840.65,2012-07-19T06:44:04+00:00,,2026-09-22T21:00:00+00:00,30,2026-09-22T21:00:00+00:00
5205,02100000005205,6,11,USD,active,841641.38,846641.38,2021-08-30T02:55:46+00:00,,2026-09-22T21:00:00+00:00,13,2026-09-22T21:00:00+00:00
5206,02110000005206,6,19,USD,active,1020450.00,1025450.00,2024-05-31T07:32:40+00:00,,2026-09-21T14:00:00+00:00,22,2026-09-21T14:00:00+00:00
5207,02110000005207,6,24,USD,active,1074481.17,1079481.17,2023-11-20T16:33:09+00:00,,2026-09-21T19:15:00+00:00,12,2026-09-21T19:15:00+00:00
5208,02110000005208,6,14,USD,active,1718507.97,1723507.97,2015-10-14T05:49:54+00:00,,2026-09-22T19:15:00+00:00,12,2026-09-22T19:15:00+00:00
5209,02100000005209,6,11,USD,active,1379254.15,1384254.15,2025-11-03T00:41:56+00:00,,2026-09-21T22:00:00+00:00,31,2026-09-21T22:00:00+00:00
5210,02100000005210,6,5,USD,active,1373754.18,1378754.18,2011-04-30T06:53:22+00:00,,2026-09-21T18:00:00+00:00,9,2026-09-21T18:00:00+00:00
5211,02110000005211,6,19,USD,active,2209361.63,2214361.63,2012-02-28T14:10:20+00:00,,2026-09-22T08:32:48+00:00,16,2026-09-22T08:32:48+00:00
5212,02110000005212,6,16,USD,active,1821046.85,1826046.85,2010-04-23T18:53:59+00:00,,2026-05-08T23:15:59+00:00,21,2026-05-08T23:15:59+00:00
5213,02100000005213,6,4,USD,active,630529.24,635529.24,2019-11-04T03:08:26+00:00,,2026-09-22T14:00:00+00:00,38,2026-09-22T14:00:00+00:00
5214,02110000005214,6,23,USD,active,2231178.24,2236178.24,2022-09-13T06:20:45+00:00,,2026-09-22T18:27:05+00:00,5,2026-09-22T18:27:05+00:00
5215,02100000005215,6,7,USD,active,1449322.46,1454322.46,2018-07-09T11:07:09+00:00,,2026-09-22T17:55:21+00:00,10,2026-09-22T17:55:21+00:00
5216,02100000005216,7,7,USD,active,30530.76,30530.76,2021-03-25T22:00:54+00:00,,2026-08-31T22:00:00+00:00,32,2026-08-31T22:00:00+00:00
5217,02110000005217,6,13,USD,active,2262178.48,2267178.48,2019-11-03T22:51:29+00:00,,2026-09-22T19:38:49+00:00,15,2026-09-22T19:38:49+00:00
5218,02110000005218,7,13,USD,active,601797.88,601797.88,2024-09-13T05:13:47+00:00,,2026-08-31T22:00:00+00:00,9,2026-08-31T22:00:00+00:00
5219,02100000005219,6,3,USD,active,725617.67,730617.67,2016-01-14T09:50:27+00:00,,2026-09-22T16:30:00+00:00,23,2026-09-22T16:30:00+00:00
5220,02110000005220,6,20,USD,active,2501061.32,2506061.32,2020-05-18T13:25:38+00:00,,2026-09-22T18:15:00+00:00,24,2026-09-22T18:15:00+00:00
5221,02110000005221,6,15,USD,closed,0,0,2025-12-24T02:52:04+00:00,2026-03-29T22:19:47+00:00,,0,2026-03-29T22:19:47+00:00
5222,02110000005222,6,16,USD,active,1232490.54,1237490.54,2009-09-08T08:56:10+00:00,,2026-09-19T15:21:38+00:00,4,2026-09-19T15:21:38+00:00
5223,02100000005223,6,2,USD,active,952360.53,957360.53,2011-10-04T06:43:50+00:00,,2026-09-18T14:15:00+00:00,12,2026-09-18T14:15:00+00:00
5224,02100000005224,6,12,USD,active,1197436.48,1202436.48,2022-12-31T20:59:32+00:00,,2026-09-22T16:00:00+00:00,15,2026-09-22T16:00:00+00:00
5225,02100000005225,7,12,USD,active,6614.48,6614.48,2026-07-15T16:09:29+00:00,,2026-08-31T22:00:00+00:00,11,2026-08-31T22:00:00+00:00
5226,02100000005226,6,3,USD,active,1272975.10,1277975.10,2014-07-28T04:15:02+00:00,,2026-09-20T12:15:48+00:00,3,2026-09-20T12:15:48+00:00
5227,02100000005227,6,7,USD,active,1895973.40,1900973.40,2020-09-07T11:01:28+00:00,,2026-09-21T19:30:00+00:00,27,2026-09-21T19:30:00+00:00
5228,02100000005228,7,7,USD,active,33681.89,33681.89,2023-04-23T20:14:54+00:00,,2026-08-31T22:00:00+00:00,21,2026-08-31T22:00:00+00:00
5229,02100000005229,6,2,USD,active,686734.85,691734.85,2016-07-17T14:58:26+00:00,,2026-09-22T13:01:04+00:00,12,2026-09-22T13:01:04+00:00
5230,02100000005230,6,9,USD,active,1280688.95,1285688.95,2024-01-30T23:42:36+00:00,,2026-09-22T13:00:00+00:00,39,2026-09-22T13:00:00+00:00
5231,02100000005231,7,9,USD,active,184996.03,184996.03,2026-01-06T16:53:38+00:00,,2026-08-31T22:00:00+00:00,38,2026-08-31T22:00:00+00:00
5232,02110000005232,6,22,USD,active,1423021.66,1428021.66,2016-01-12T01:00:49+00:00,,2026-09-20T08:27:07+00:00,39,2026-09-20T08:27:07+00:00
5233,02100000005233,6,10,USD,active,2119784.31,2124784.31,2013-11-15T20:35:47+00:00,,2026-09-22T14:00:00+00:00,11,2026-09-22T14:00:00+00:00
5234,02110000005234,6,16,USD,active,617911.27,622911.27,2021-01-18T07:39:36+00:00,,2026-09-22T14:30:00+00:00,24,2026-09-22T14:30:00+00:00
5235,02110000005235,7,16,USD,active,41340.52,41340.52,2022-05-12T06:11:53+00:00,,2026-08-31T22:00:00+00:00,37,2026-08-31T22:00:00+00:00
5236,02110000005236,6,15,USD,active,635679.74,640679.74,2011-03-08T19:27:37+00:00,,2026-09-21T01:16:33+00:00,6,2026-09-21T01:16:33+00:00
5237,02110000005237,6,13,USD,active,982742.52,987742.52,2011-12-05T10:34:17+00:00,,2026-07-07T12:29:21+00:00,8,2026-07-07T12:29:21+00:00
5238,02110000005238,6,20,USD,active,1996232.58,2001232.58,2010-07-24T19:53:32+00:00,,2026-09-22T16:45:00+00:00,38,2026-09-22T16:45:00+00:00
5239,02110000005239,6,14,USD,active,2368236.42,2373236.42,2016-05-19T10:09:08+00:00,,2026-09-22T17:00:00+00:00,5,2026-09-22T17:00:00+00:00
5240,02100000005240,6,6,USD,active,2052178.77,2057178.77,2015-03-23T23:11:16+00:00,,2026-09-22T14:45:00+00:00,38,2026-09-22T14:45:00+00:00
5241,02110000005241,6,14,USD,closed,0,0,2018-11-17T10:33:50+00:00,2025-05-19T00:01:07+00:00,,0,2025-05-19T00:01:07+00:00
5242,02110000005242,7,14,USD,active,148065.10,148065.10,2025-01-14T08:34:17+00:00,,2026-08-31T22:00:00+00:00,39,2026-08-31T22:00:00+00:00
5243,02100000005243,6,5,USD,active,1480344.80,1485344.80,2012-05-14T22:03:38+00:00,,2026-09-21T14:15:00+00:00,28,2026-09-21T14:15:00+00:00
5244,02110000005244,6,22,USD,active,792314.67,797314.67,2015-03-20T09:36:49+00:00,,2026-09-22T10:16:55+00:00,33,2026-09-22T10:16:55+00:00
5245,02100000005245,6,5,USD,active,1089065.94,1094065.94,2011-09-04T13:48:07+00:00,,2026-09-21T13:00:00+00:00,12,2026-09-21T13:00:00+00:00
5246,02110000005246,6,14,USD,active,1022542.87,1027542.87,2014-03-29T05:16:09+00:00,,2026-09-22T19:45:00+00:00,16,2026-09-22T19:45:00+00:00
5247,02110000005247,7,14,USD,frozen,88582.11,88582.11,2020-04-12T23:58:08+00:00,,2026-04-30T23:59:00+00:00,40,2026-04-30T23:59:00+00:00
5248,02100000005248,6,8,USD,active,1536354.32,1541354.32,2009-09-11T00:58:23+00:00,,2026-09-22T18:00:00+00:00,13,2026-09-22T18:00:00+00:00
5249,02100000005249,6,7,USD,active,853569.25,858569.25,2011-08-30T01:24:01+00:00,,2026-09-21T03:27:40+00:00,29,2026-09-21T03:27:40+00:00
5250,02110000005250,6,13,USD,active,2166220.67,2171220.67,2012-07-28T14:14:18+00:00,,2026-09-21T16:00:00+00:00,21,2026-09-21T16:00:00+00:00
5251,02110000005251,6,24,USD,active,2450156.23,2455156.23,2015-06-07T08:37:08+00:00,,2026-09-22T05:02:06+00:00,29,2026-09-22T05:02:06+00:00
5252,02110000005252,6,23,USD,active,739998.47,744998.47,2011-12-09T22:02:43+00:00,,2026-09-22T20:47:57+00:00,35,2026-09-22T20:47:57+00:00
5253,02110000005253,7,23,USD,active,31531.92,31531.92,2026-01-24T18:00:34+00:00,,2026-08-31T22:00:00+00:00,19,2026-08-31T22:00:00+00:00
5254,02110000005254,6,14,USD,active,928576.80,933576.80,2021-03-13T11:09:49+00:00,,2026-09-21T21:13:49+00:00,25,2026-09-21T21:13:49+00:00
5255,02110000005255,7,14,USD,active,152882.21,152882.21,2024-08-28T20:30:27+00:00,,2026-08-31T22:00:00+00:00,24,2026-08-31T22:00:00+00:00
5256,02100000005256,6,10,USD,closed,0,0,2008-01-01T20:02:10+00:00,2018-06-21T12:31:49+00:00,,0,2018-06-21T12:31:49+00:00
5257,02110000005257,6,15,USD,active,1372720.97,1377720.97,2008-10-03T22:53:48+00:00,,2026-09-21T22:30:00+00:00,35,2026-09-21T22:30:00+00:00
5258,02100000005258,6,7,USD,closed,0,0,2017-03-21T17:29:08+00:00,2022-12-22T01:37:44+00:00,,0,2022-12-22T01:37:44+00:00
5259,02100000005259,7,7,USD,active,54675.75,54675.75,2022-05-16T01:44:11+00:00,,2026-08-31T22:00:00+00:00,17,2026-08-31T22:00:00+00:00
5260,02100000005260,6,10,USD,active,1112227.24,1117227.24,2011-09-22T19:33:54+00:00,,2026-09-21T11:35:33+00:00,8,2026-09-21T11:35:33+00:00
5261,02110000005261,6,16,USD,active,1006008.97,1011008.97,2025-06-11T12:52:59+00:00,,2026-09-22T18:00:00+00:00,5,2026-09-22T18:00:00+00:00
5262,02110000005262,7,16,USD,active,10001.28,10001.28,2026-07-07T23:07:25+00:00,,2026-08-31T22:00:00+00:00,10,2026-08-31T22:00:00+00:00
5263,02110000005263,6,24,USD,active,878517.58,883517.58,2015-02-28T22:23:41+00:00,,2026-09-22T19:30:00+00:00,24,2026-09-22T19:30:00+00:00
5264,02110000005264,6,25,USD,active,1152593.94,1157593.94,2019-05-26T21:10:31+00:00,,2026-09-22T14:30:00+00:00,12,2026-09-22T14:30:00+00:00
5265,02110000005265,7,25,USD,active,492402.43,492402.43,2025-05-25T17:26:47+00:00,,2026-08-31T22:00:00+00:00,9,2026-08-31T22:00:00+00:00
5266,02100000005266,6,10,USD,closed,0,0,2009-04-22T08:38:04+00:00,2025-08-16T15:43:54+00:00,,0,2025-08-16T15:43:54+00:00
5267,02110000005267,6,25,USD,active,1073433.51,1078433.51,2025-08-16T11:08:44+00:00,,2026-09-19T04:03:14+00:00,12,2026-09-19T04:03:14+00:00
5268,02110000005268,6,18,USD,closed,0,0,2015-05-20T16:16:56+00:00,2025-08-03T22:19:57+00:00,,0,2025-08-03T22:19:57+00:00
5269,02110000005269,7,18,USD,closed,0,0,2020-12-11T02:38:36+00:00,2025-11-20T20:17:48+00:00,,0,2025-11-20T20:17:48+00:00
5270,02110000005270,6,20,USD,active,750669.81,755669.81,2022-06-07T15:25:20+00:00,,2026-09-21T18:44:16+00:00,18,2026-09-21T18:44:16+00:00
5271,02110000005271,6,21,USD,active,2010986.30,2015986.30,2025-09-01T01:19:18+00:00,,2026-09-21T13:00:00+00:00,15,2026-09-21T13:00:00+00:00
5272,02110000005272,7,21,USD,active,43120.69,43120.69,2026-09-04T06:34:39+00:00,,2026-09-04T06:39:39+00:00,35,2026-09-04T06:39:39+00:00
5273,02110000005273,6,16,USD,active,1759939.97,1764939.97,2013-04-17T12:47:41+00:00,,2026-09-21T15:45:00+00:00,20,2026-09-21T15:45:00+00:00
5274,02110000005274,6,22,USD,active,700541.55,705541.55,2016-09-08T10:51:35+00:00,,2026-09-22T17:00:00+00:00,13,2026-09-22T17:00:00+00:00
5275,02110000005275,6,22,USD,active,1504669.10,1509669.10,2020-11-12T22:34:40+00:00,,2026-09-22T18:45:00+00:00,33,2026-09-22T18:45:00+00:00
5276,02110000005276,6,19,USD,frozen,13436.47,13436.47,2010-10-13T03:44:58+00:00,,2026-04-30T23:59:00+00:00,31,2026-04-30T23:59:00+00:00
5277,02110000005277,6,23,USD,active,901552.13,906552.13,2025-01-14T23:46:10+00:00,,2026-09-22T13:15:00+00:00,33,2026-09-22T13:15:00+00:00
5278,02110000005278,7,23,USD,active,30080.89,30080.89,2026-05-14T23:44:46+00:00,,2026-08-31T22:00:00+00:00,3,2026-08-31T22:00:00+00:00
5279,02100000005279,6,6,USD,active,1599717.91,1604717.91,2019-10-07T16:55:33+00:00,,2026-09-21T20:45:00+00:00,40,2026-09-21T20:45:00+00:00
5280,02110000005280,6,15,USD,closed,0,0,2022-10-04T14:12:33+00:00,2023-07-08T19:29:38+00:00,,0,2023-07-08T19:29:38+00:00
5281,02110000005281,6,21,USD,active,1317102.09,1322102.09,2019-10-15T11:24:50+00:00,,2026-09-21T15:00:00+00:00,23,2026-09-21T15:00:00+00:00
5282,02100000005282,6,9,USD,active,1141622.70,1146622.70,2008-03-09T08:33:09+00:00,,2026-09-22T12:00:00+00:00,35,2026-09-22T12:00:00+00:00
5283,02110000005283,6,20,USD,active,2450546.12,2455546.12,2020-12-27T01:56:19+00:00,,2026-09-22T16:15:00+00:00,25,2026-09-22T16:15:00+00:00
5284,02100000005284,6,6,USD,closed,0,0,2024-02-02T10:02:27+00:00,2025-11-22T13:55:44+00:00,,0,2025-11-22T13:55:44+00:00
5285,02100000005285,6,9,USD,active,1243396.69,1248396.69,2013-03-17T03:57:47+00:00,,2026-09-22T04:55:45+00:00,33,2026-09-22T04:55:45+00:00
5286,02100000005286,7,9,USD,active,454685.44,454685.44,2017-05-22T08:05:31+00:00,,2026-08-31T22:00:00+00:00,36,2026-08-31T22:00:00+00:00
5287,02110000005287,6,23,USD,active,1379673.34,1384673.34,2020-06-30T03:37:44+00:00,,2026-09-18T17:15:00+00:00,20,2026-09-18T17:15:00+00:00
5288,02110000005288,7,23,USD,frozen,32137.70,32137.70,2024-07-16T17:28:23+00:00,,2026-04-30T23:59:00+00:00,12,2026-04-30T23:59:00+00:00
5289,02100000005289,6,4,USD,closed,0,0,2012-04-23T23:57:08+00:00,2014-05-14T02:34:24+00:00,,0,2014-05-14T02:34:24+00:00
5290,02100000005290,7,4,USD,active,102423.91,102423.91,2013-08-18T09:58:51+00:00,,2026-08-31T22:00:00+00:00,22,2026-08-31T22:00:00+00:00
5291,02100000005291,6,6,USD,active,1695360.86,1700360.86,2012-07-02T10:13:26+00:00,,2026-09-22T06:19:43+00:00,35,2026-09-22T06:19:43+00:00
5292,02100000005292,7,6,USD,active,86770.64,86770.64,2018-11-22T00:05:50+00:00,,2026-08-31T22:00:00+00:00,2,2026-08-31T22:00:00+00:00
5293,02100000005293,6,7,USD,active,918546.29,923546.29,2025-04-04T15:42:24+00:00,,2026-09-21T17:00:00+00:00,19,2026-09-21T17:00:00+00:00
5294,02110000005294,6,24,USD,active,1903407.12,1908407.12,2013-03-30T00:58:01+00:00,,2026-09-18T18:30:00+00:00,21,2026-09-18T18:30:00+00:00
5295,02100000005295,6,2,USD,active,499321.97,504321.97,2022-09-07T21:28:09+00:00,,2026-07-08T08:44:03+00:00,31,2026-07-08T08:44:03+00:00
5296,02100000005296,6,4,USD,active,2252794.74,2257794.74,2014-10-24T21:54:53+00:00,,2026-09-21T12:31:30+00:00,13,2026-09-21T12:31:30+00:00
5297,02100000005297,7,4,USD,active,213237.98,213237.98,2026-03-12T08:47:30+00:00,,2026-08-31T22:00:00+00:00,34,2026-08-31T22:00:00+00:00
5298,02110000005298,6,20,USD,active,1094072.54,1099072.54,2012-08-19T09:11:20+00:00,,2026-09-22T13:30:00+00:00,7,2026-09-22T13:30:00+00:00
5299,02110000005299,7,20,USD,active,15659.24,15659.24,2026-06-16T10:10:41+00:00,,2026-08-31T22:00:00+00:00,9,2026-08-31T22:00:00+00:00
5300,02100000005300,6,8,USD,active,1246314.32,1251314.32,2010-02-08T15:58:04+00:00,,2026-09-22T18:00:10+00:00,29,2026-09-22T18:00:10+00:00
5301,02110000005301,6,19,USD,active,931491.32,936491.32,2010-08-25T03:50:12+00:00,,2026-09-21T05:45:50+00:00,27,2026-09-21T05:45:50+00:00
5302,02100000005302,6,3,USD,active,2004352.85,2009352.85,2022-04-19T20:51:00+00:00,,2026-09-22T18:15:00+00:00,24,2026-09-22T18:15:00+00:00
5303,02110000005303,6,25,USD,active,611291.73,616291.73,2008-03-26T11:05:13+00:00,,2026-09-18T13:30:00+00:00,16,2026-09-18T13:30:00+00:00
5304,02110000005304,6,24,USD,active,847412.02,852412.02,2025-06-14T14:01:23+00:00,,2026-09-18T17:30:00+00:00,24,2026-09-18T17:30:00+00:00
5305,02110000005305,7,24,USD,active,149943.35,149943.35,2025-06-28T22:55:44+00:00,,2026-08-31T22:00:00+00:00,12,2026-08-31T22:00:00+00:00
5306,02110000005306,6,13,USD,active,1040093.13,1045093.13,2013-01-29T04:21:28+00:00,,2026-09-21T11:29:09+00:00,25,2026-09-21T11:29:09+00:00
5307,02100000005307,6,1,USD,active,1778124.92,1783124.92,2012-02-05T14:37:54+00:00,,2026-09-22T19:15:00+00:00,20,2026-09-22T19:15:00+00:00
5308,02100000005308,7,1,USD,active,212185.05,212185.05,2017-01-09T20:32:39+00:00,,2026-08-31T22:00:00+00:00,25,2026-08-31T22:00:00+00:00
5309,02100000005309,6,4,USD,active,2008144.34,2013144.34,2014-09-01T04:21:27+00:00,,2026-09-22T14:30:00+00:00,17,2026-09-22T14:30:00+00:00
5310,02100000005310,6,1,USD,active,2168937.64,2173937.64,2023-12-02T21:56:35+00:00,,2026-09-21T14:00:00+00:00,32,2026-09-21T14:00:00+00:00
5311,02110000005311,6,22,USD,active,633494.98,638494.98,2020-07-01T16:42:47+00:00,,2026-09-19T21:13:13+00:00,24,2026-09-19T21:13:13+00:00
5312,02110000005312,6,21,USD,active,1029785.05,1034785.05,2017-11-27T22:14:30+00:00,,2026-09-22T13:30:00+00:00,28,2026-09-22T13:30:00+00:00
5313,02100000005313,6,8,USD,active,560677.57,565677.57,2022-01-05T08:42:58+00:00,,2026-09-21T22:30:00+00:00,7,2026-09-21T22:30:00+00:00
5314,02100000005314,6,4,USD,active,1352076.26,1357076.26,2018-10-30T02:59:37+00:00,,2026-09-22T18:45:00+00:00,10,2026-09-22T18:45:00+00:00
5315,02110000005315,6,13,USD,closed,0,0,2015-11-06T22:44:12+00:00,2021-09-16T23:09:06+00:00,,0,2021-09-16T23:09:06+00:00
5316,02110000005316,6,18,USD,active,2413906.88,2418906.88,2018-09-04T06:22:03+00:00,,2026-09-22T20:30:00+00:00,4,2026-09-22T20:30:00+00:00
5317,02110000005317,7,18,USD,active,174635.42,174635.42,2023-01-31T09:19:22+00:00,,2026-08-31T22:00:00+00:00,6,2026-08-31T22:00:00+00:00
5318,02100000005318,6,6,USD,active,1055343.45,1060343.45,2020-11-10T06:36:01+00:00,,2026-09-17T21:15:00+00:00,29,2026-09-17T21:15:00+00:00
5319,02110000005319,6,15,USD,active,855278.19,860278.19,2015-10-11T15:30:43+00:00,,2026-09-22T20:45:00+00:00,29,2026-09-22T20:45:00+00:00
5320,02110000005320,6,24,USD,active,983259.17,988259.17,2017-09-06T00:48:54+00:00,,2026-09-18T19:45:00+00:00,18,2026-09-18T19:45:00+00:00
5321,02100000005321,6,6,USD,active,1155410.14,1160410.14,2022-11-26T02:26:37+00:00,,2026-09-21T21:30:00+00:00,18,2026-09-21T21:30:00+00:00
5322,02100000005322,7,6,USD,active,25221.72,25221.72,2025-02-15T21:46:25+00:00,,2026-08-31T22:00:00+00:00,22,2026-08-31T22:00:00+00:00
5323,02110000005323,6,21,USD,active,2439217.10,2444217.10,2011-06-23T14:18:40+00:00,,2026-09-22T09:13:46+00:00,20,2026-09-22T09:13:46+00:00
5324,02110000005324,6,24,USD,active,1678508.43,1683508.43,2015-12-28T15:29:28+00:00,,2026-09-21T22:00:00+00:00,18,2026-09-21T22:00:00+00:00
5325,02110000005325,7,24,USD,active,22905.54,22905.54,2020-08-26T08:46:42+00:00,,2026-08-31T22:00:00+00:00,26,2026-08-31T22:00:00+00:00
5326,02110000005326,6,21,USD,active,1007055.37,1012055.37,2025-09-04T19:22:35+00:00,,2026-09-22T10:20:06+00:00,24,2026-09-22T10:20:06+00:00
5327,02110000005327,7,21,USD,active,56214.05,56214.05,2026-01-16T05:50:49+00:00,,2026-08-31T22:00:00+00:00,26,2026-08-31T22:00:00+00:00
5328,02110000005328,6,20,USD,active,1562282.47,1567282.47,2009-03-12T23:43:07+00:00,,2026-09-22T13:00:00+00:00,19,2026-09-22T13:00:00+00:00
5329,02110000005329,6,14,USD,active,1324851.30,1329851.30,2017-01-30T05:15:34+00:00,,2026-09-22T13:16:33+00:00,8,2026-09-22T13:16:33+00:00
5330,02100000005330,6,5,USD,active,576780.66,581780.66,2016-01-08T01:13:27+00:00,,2026-09-21T20:45:00+00:00,4,2026-09-21T20:45:00+00:00
5331,02100000005331,6,9,USD,active,926527.99,931527.99,2021-08-19T00:13:09+00:00,,2026-09-22T01:34:39+00:00,36,2026-09-22T01:34:39+00:00
5332,02100000005332,6,5,USD,active,2101052.93,2106052.93,2021-12-23T18:29:03+00:00,,2026-09-22T17:30:00+00:00,34,2026-09-22T17:30:00+00:00
5333,02100000005333,7,5,USD,active,170900.95,170900.95,2023-06-02T03:55:36+00:00,,2026-08-31T22:00:00+00:00,16,2026-08-31T22:00:00+00:00
5334,02100000005334,6,6,USD,active,1640559.32,1645559.32,2024-12-31T06:49:17+00:00,,2026-09-21T19:30:00+00:00,37,2026-09-21T19:30:00+00:00
5335,02110000005335,6,19,USD,frozen,31020.63,31020.63,2014-08-17T09:07:22+00:00,,2026-04-30T23:59:00+00:00,15,2026-04-30T23:59:00+00:00
5336,02110000005336,6,15,USD,active,1858679.50,1863679.50,2012-10-11T11:00:21+00:00,,2026-09-22T18:00:00+00:00,22,2026-09-22T18:00:00+00:00
5337,02100000005337,6,9,USD,active,1514208.95,1519208.95,2008-10-04T04:06:00+00:00,,2026-09-22T10:25:39+00:00,4,2026-09-22T10:25:39+00:00
5338,02100000005338,6,1,USD,closed,0,0,2025-10-23T12:26:21+00:00,2025-12-31T05:35:30+00:00,,0,2025-12-31T05:35:30+00:00
5339,02100000005339,7,1,USD,active,190824.81,190824.81,2026-01-14T10:36:57+00:00,,2026-08-31T22:00:00+00:00,32,2026-08-31T22:00:00+00:00
5340,02100000005340,6,4,USD,active,1683826.63,1688826.63,2013-07-15T21:59:01+00:00,,2026-09-21T15:15:00+00:00,34,2026-09-21T15:15:00+00:00
5341,02100000005341,6,3,USD,active,1759270.91,1764270.91,2018-02-12T06:14:17+00:00,,2026-09-21T13:00:00+00:00,31,2026-09-21T13:00:00+00:00
5342,02100000005342,7,3,USD,active,42395.91,42395.91,2024-10-05T01:38:15+00:00,,2026-08-31T22:00:00+00:00,5,2026-08-31T22:00:00+00:00
5343,02100000005343,6,6,USD,active,1290493.27,1295493.27,2022-09-28T23:38:22+00:00,,2026-09-22T02:18:30+00:00,16,2026-09-22T02:18:30+00:00
5344,02100000005344,7,6,USD,active,71595.51,71595.51,2025-04-17T19:46:18+00:00,,2026-08-31T22:00:00+00:00,5,2026-08-31T22:00:00+00:00
5345,02110000005345,6,22,USD,active,2226889.33,2231889.33,2022-05-24T08:45:44+00:00,,2026-09-21T16:00:00+00:00,7,2026-09-21T16:00:00+00:00
5346,02110000005346,7,22,USD,frozen,148828.44,148828.44,2024-01-18T08:31:03+00:00,,2026-04-30T23:59:00+00:00,16,2026-04-30T23:59:00+00:00
5347,02110000005347,6,15,USD,active,609988.82,614988.82,2018-06-02T14:24:06+00:00,,2026-09-22T18:15:00+00:00,15,2026-09-22T18:15:00+00:00
5348,02100000005348,6,9,USD,active,2185209.68,2190209.68,2023-08-31T21:47:02+00:00,,2026-09-22T18:30:00+00:00,21,2026-09-22T18:30:00+00:00
5349,02110000005349,6,13,USD,active,424226.07,429226.07,2011-12-29T03:57:35+00:00,,2026-09-21T06:24:13+00:00,16,2026-09-21T06:24:13+00:00
5350,02110000005350,6,15,USD,active,1877730.50,1882730.50,2010-08-22T15:51:37+00:00,,2026-09-19T02:08:30+00:00,40,2026-09-19T02:08:30+00:00
5351,02100000005351,6,3,USD,frozen,196819.18,196819.18,2022-03-08T03:01:14+00:00,,2026-04-30T23:59:00+00:00,33,2026-04-30T23:59:00+00:00
5352,02100000005352,6,6,USD,active,1494343.35,1499343.35,2014-11-29T22:34:18+00:00,,2026-09-21T20:30:00+00:00,27,2026-09-21T20:30:00+00:00
5353,02100000005353,7,6,USD,active,249395.61,249395.61,2019-06-22T21:05:58+00:00,,2026-08-31T22:00:00+00:00,1,2026-08-31T22:00:00+00:00
5354,02100000005354,6,4,USD,closed,0,0,2013-12-09T06:15:19+00:00,2018-03-20T17:08:16+00:00,,0,2018-03-20T17:08:16+00:00
5355,02110000005355,6,25,USD,active,2050512.93,2055512.93,2020-06-13T21:36:16+00:00,,2026-09-22T19:00:00+00:00,4,2026-09-22T19:00:00+00:00
5356,02110000005356,7,25,USD,active,104206.29,104206.29,2021-04-28T20:26:23+00:00,,2026-08-31T22:00:00+00:00,24,2026-08-31T22:00:00+00:00
5357,02100000005357,6,9,USD,active,1166117.67,1171117.67,2017-02-09T16:18:26+00:00,,2026-06-28T22:36:50+00:00,39,2026-06-28T22:36:50+00:00
5358,02110000005358,6,19,USD,active,2161868.27,2166868.27,2013-03-30T08:35:25+00:00,,2026-09-22T18:30:00+00:00,1,2026-09-22T18:30:00+00:00
5359,02110000005359,7,19,USD,active,365465.69,365465.69,2016-10-04T00:14:42+00:00,,2026-08-31T22:00:00+00:00,38,2026-08-31T22:00:00+00:00
5360,02100000005360,6,11,USD,active,1534657.27,1539657.27,2016-02-07T22:21:32+00:00,,2026-09-22T19:15:00+00:00,26,2026-09-22T19:15:00+00:00
5361,02100000005361,7,11,USD,active,79353.27,79353.27,2016-12-21T21:28:28+00:00,,2026-08-31T22:00:00+00:00,21,2026-08-31T22:00:00+00:00
5362,02110000005362,6,19,USD,active,881823.01,886823.01,2018-07-11T03:30:00+00:00,,2026-09-22T15:45:00+00:00,15,2026-09-22T15:45:00+00:00
5363,02100000005363,6,7,USD,active,1667072.16,1672072.16,2020-05-12T18:20:50+00:00,,2026-09-21T20:45:00+00:00,24,2026-09-21T20:45:00+00:00
5364,02100000005364,7,7,USD,active,28300.01,28300.01,2024-03-04T22:24:41+00:00,,2026-08-31T22:00:00+00:00,25,2026-08-31T22:00:00+00:00
5365,02110000005365,6,23,USD,active,744321.51,749321.51,2013-04-11T01:41:33+00:00,,2026-09-22T17:45:00+00:00,19,2026-09-22T17:45:00+00:00
5366,02110000005366,6,13,USD,active,1169265.27,1174265.27,2017-05-15T08:17:33+00:00,,2026-09-19T19:57:23+00:00,3,2026-09-19T19:57:23+00:00
5367,02110000005367,6,16,USD,active,1509829.85,1514829.85,2020-04-26T21:02:45+00:00,,2026-09-22T13:15:00+00:00,21,2026-09-22T13:15:00+00:00
5368,02100000005368,6,11,USD,active,2469272.55,2474272.55,2017-11-05T16:57:07+00:00,,2026-09-22T20:15:00+00:00,33,2026-09-22T20:15:00+00:00
5369,02100000005369,6,2,USD,frozen,218900.61,218900.61,2019-11-22T21:07:59+00:00,,2026-04-30T23:59:00+00:00,26,2026-04-30T23:59:00+00:00
5370,02100000005370,6,4,USD,active,1057488.46,1062488.46,2023-07-15T01:31:46+00:00,,2026-09-17T08:16:09+00:00,16,2026-09-17T08:16:09+00:00
5371,02100000005371,7,4,USD,active,181707.69,181707.69,2024-08-14T13:52:15+00:00,,2026-08-31T22:00:00+00:00,32,2026-08-31T22:00:00+00:00
5372,02100000005372,6,11,USD,active,1748672.01,1753672.01,2026-06-16T04:45:46+00:00,,2026-09-21T14:15:00+00:00,37,2026-09-21T14:15:00+00:00
5373,02100000005373,7,11,USD,active,16464.02,16464.02,2026-07-31T00:22:52+00:00,,2026-08-31T22:00:00+00:00,18,2026-08-31T22:00:00+00:00
5374,02110000005374,6,25,USD,active,2504231.80,2509231.80,2014-03-16T22:09:02+00:00,,2026-09-22T21:00:00+00:00,22,2026-09-22T21:00:00+00:00
5375,02100000005375,6,6,USD,active,2121784.56,2126784.56,2012-06-02T12:52:51+00:00,,2026-09-22T18:30:00+00:00,35,2026-09-22T18:30:00+00:00
5376,02100000005376,7,6,USD,frozen,57662.64,57662.64,2019-06-12T18:01:03+00:00,,2026-04-30T23:59:00+00:00,21,2026-04-30T23:59:00+00:00
5377,02100000005377,6,9,USD,active,1274581.22,1279581.22,2009-02-09T06:41:43+00:00,,2026-09-21T19:00:00+00:00,11,2026-09-21T19:00:00+00:00
5378,02100000005378,7,9,USD,active,24629.87,24629.87,2021-12-02T13:00:17+00:00,,2026-08-31T22:00:00+00:00,37,2026-08-31T22:00:00+00:00
5379,02110000005379,6,15,USD,active,871756.86,876756.86,2023-02-12T05:08:24+00:00,,2026-09-22T18:45:15+00:00,38,2026-09-22T18:45:15+00:00
5380,02110000005380,6,20,USD,active,931092.33,936092.33,2019-07-24T07:27:52+00:00,,2026-09-22T21:00:00+00:00,39,2026-09-22T21:00:00+00:00
5381,02100000005381,6,11,USD,active,1716181.05,1721181.05,2024-07-17T14:06:32+00:00,,2026-09-21T17:15:00+00:00,10,2026-09-21T17:15:00+00:00
5382,02100000005382,6,12,USD,active,1775817.58,1780817.58,2023-09-28T21:31:01+00:00,,2026-09-22T18:00:00+00:00,37,2026-09-22T18:00:00+00:00
5383,02100000005383,7,12,USD,active,300670.33,300670.33,2026-04-23T15:50:22+00:00,,2026-08-31T22:00:00+00:00,38,2026-08-31T22:00:00+00:00
5384,02100000005384,6,2,USD,active,623443.18,628443.18,2016-08-30T02:26:18+00:00,,2026-09-22T17:00:00+00:00,7,2026-09-22T17:00:00+00:00
5385,02100000005385,6,9,USD,active,2189881.80,2194881.80,2017-04-05T23:13:26+00:00,,2026-09-22T20:30:00+00:00,7,2026-09-22T20:30:00+00:00
5386,02110000005386,6,23,USD,active,909525.81,914525.81,2020-09-06T20:15:48+00:00,,2026-09-22T20:45:00+00:00,27,2026-09-22T20:45:00+00:00
5387,02100000005387,6,2,USD,frozen,141676.97,141676.97,2020-09-14T09:19:15+00:00,,2026-04-30T23:59:00+00:00,27,2026-04-30T23:59:00+00:00
5388,02100000005388,6,11,USD,active,2374723.26,2379723.26,2015-02-07T19:39:13+00:00,,2026-09-22T20:15:00+00:00,37,2026-09-22T20:15:00+00:00
5389,02110000005389,6,15,USD,active,2058832.21,2063832.21,2008-01-09T06:39:06+00:00,,2026-05-26T08:08:54+00:00,21,2026-05-26T08:08:54+00:00
5390,02110000005390,7,15,USD,frozen,288722.28,288722.28,2021-05-08T13:13:43+00:00,,2026-04-30T23:59:00+00:00,40,2026-04-30T23:59:00+00:00
5391,02110000005391,6,15,USD,active,1275757.09,1280757.09,2008-06-28T23:21:37+00:00,,2026-09-21T22:00:00+00:00,28,2026-09-21T22:00:00+00:00
5392,02110000005392,7,15,USD,active,209950.49,209950.49,2019-04-25T21:42:17+00:00,,2026-08-31T22:00:00+00:00,22,2026-08-31T22:00:00+00:00
5393,02100000005393,6,3,USD,active,762001.30,767001.30,2013-01-16T13:22:48+00:00,,2026-05-15T10:13:54+00:00,39,2026-05-15T10:13:54+00:00
5394,02110000005394,6,24,USD,active,1211860.93,1216860.93,2023-01-12T11:32:59+00:00,,2026-09-22T17:16:24+00:00,38,2026-09-22T17:16:24+00:00
5395,02100000005395,6,11,USD,active,667757.32,672757.32,2024-05-30T11:44:36+00:00,,2026-09-22T10:43:41+00:00,7,2026-09-22T10:43:41+00:00
5396,02100000005396,6,12,USD,active,650868.38,655868.38,2010-10-07T11:07:46+00:00,,2026-09-22T21:00:00+00:00,19,2026-09-22T21:00:00+00:00
5397,02110000005397,6,16,USD,active,1678466.02,1683466.02,2011-02-14T01:52:23+00:00,,2026-09-22T14:00:00+00:00,3,2026-09-22T14:00:00+00:00
5398,02110000005398,7,16,USD,active,85636.99,85636.99,2015-04-28T22:59:44+00:00,,2026-08-31T22:00:00+00:00,34,2026-08-31T22:00:00+00:00
5399,02110000005399,6,16,USD,frozen,220616.03,220616.03,2016-05-08T02:27:46+00:00,,2026-04-30T23:59:00+00:00,17,2026-04-30T23:59:00+00:00
5400,02110000005400,6,15,USD,active,1093871.05,1098871.05,2014-01-15T04:57:27+00:00,,2026-09-22T19:00:00+00:00,39,2026-09-22T19:00:00+00:00
5401,02100000005401,6,10,USD,active,2075236.06,2080236.06,2010-03-03T21:03:27+00:00,,2026-09-22T13:00:00+00:00,39,2026-09-22T13:00:00+00:00
5402,02100000005402,7,10,USD,active,27415.25,27415.25,2017-02-24T01:06:18+00:00,,2026-08-31T22:00:00+00:00,6,2026-08-31T22:00:00+00:00
5403,02110000005403,6,24,USD,active,579614.73,584614.73,2013-04-25T01:14:39+00:00,,2026-09-21T10:54:53+00:00,39,2026-09-21T10:54:53+00:00
5404,02110000005404,6,13,USD,active,676087.62,681087.62,2017-05-01T04:28:11+00:00,,2026-09-17T11:39:05+00:00,5,2026-09-17T11:39:05+00:00
5405,02110000005405,6,25,USD,active,934563.81,939563.81,2015-03-17T15:27:45+00:00,,2026-09-22T16:00:00+00:00,4,2026-09-22T16:00:00+00:00
5406,02110000005406,6,25,USD,closed,0,0,2012-08-15T13:24:01+00:00,2020-03-08T16:09:59+00:00,,0,2020-03-08T16:09:59+00:00
5407,02100000005407,6,11,USD,active,1375631.07,1380631.07,2008-10-10T08:49:46+00:00,,2026-09-21T22:30:00+00:00,37,2026-09-21T22:30:00+00:00
5408,02110000005408,6,24,USD,frozen,46284.11,46284.11,2012-02-02T15:53:38+00:00,,2026-04-30T23:59:00+00:00,4,2026-04-30T23:59:00+00:00
5409,02110000005409,6,18,USD,active,445913.94,450913.94,2024-06-28T07:30:30+00:00,,2026-09-22T19:00:00+00:00,18,2026-09-22T19:00:00+00:00
5410,02110000005410,6,19,USD,active,1040375.26,1045375.26,2010-06-07T14:37:54+00:00,,2026-09-18T16:38:33+00:00,15,2026-09-18T16:38:33+00:00
5411,02110000005411,6,15,USD,active,1136951.38,1141951.38,2015-11-14T23:59:25+00:00,,2026-09-22T16:15:00+00:00,15,2026-09-22T16:15:00+00:00
5412,02110000005412,7,15,USD,active,50331.36,50331.36,2023-10-07T16:38:19+00:00,,2026-08-31T22:00:00+00:00,28,2026-08-31T22:00:00+00:00
5413,02110000005413,6,20,USD,active,1205149.26,1210149.26,2022-12-28T21:40:32+00:00,,2026-09-21T19:00:00+00:00,32,2026-09-21T19:00:00+00:00
5414,02110000005414,6,22,USD,active,2560259.69,2565259.69,2021-08-24T04:48:17+00:00,,2026-09-21T20:30:00+00:00,10,2026-09-21T20:30:00+00:00
5415,02100000005415,6,2,USD,active,1275257.06,1280257.06,2012-06-03T11:41:59+00:00,,2026-09-21T17:30:00+00:00,10,2026-09-21T17:30:00+00:00
5416,02100000005416,6,7,USD,active,846698.96,851698.96,2015-04-20T20:12:59+00:00,,2026-09-18T20:00:00+00:00,18,2026-09-18T20:00:00+00:00
5417,02100000005417,6,3,USD,active,1668664.20,1673664.20,2010-11-11T20:24:29+00:00,,2026-09-21T17:30:00+00:00,15,2026-09-21T17:30:00+00:00
5418,02100000005418,7,3,USD,active,30529.33,30529.33,2025-07-28T10:14:23+00:00,,2026-08-31T22:00:00+00:00,16,2026-08-31T22:00:00+00:00
5419,02110000005419,6,22,USD,active,2255730.07,2260730.07,2015-09-15T04:12:56+00:00,,2026-09-21T19:00:00+00:00,6,2026-09-21T19:00:00+00:00
5420,02100000005420,6,1,USD,active,2519017.23,2524017.23,2013-08-26T22:29:34+00:00,,2026-09-18T14:45:00+00:00,9,2026-09-18T14:45:00+00:00
5421,02110000005421,6,16,USD,active,744571.46,749571.46,2017-01-24T05:37:31+00:00,,2026-09-10T20:45:00+00:00,29,2026-09-10T20:45:00+00:00
5422,02100000005422,6,6,USD,active,2688673.81,2693673.81,2016-11-29T13:30:48+00:00,,2026-09-22T15:00:00+00:00,38,2026-09-22T15:00:00+00:00
5423,02100000005423,6,12,USD,active,1503665.80,1508665.80,2010-03-13T23:29:49+00:00,,2026-09-21T16:45:00+00:00,15,2026-09-21T16:45:00+00:00
5424,02100000005424,6,4,USD,active,1743468.59,1748468.59,2024-06-11T06:07:05+00:00,,2026-09-22T19:00:00+00:00,6,2026-09-22T19:00:00+00:00
5425,02100000005425,7,4,USD,active,264465.55,264465.55,2026-03-14T13:25:54+00:00,,2026-08-31T22:00:00+00:00,28,2026-08-31T22:00:00+00:00
5426,02110000005426,6,20,USD,active,1425355.17,1430355.17,2025-09-27T08:14:33+00:00,,2026-09-22T21:00:00+00:00,28,2026-09-22T21:00:00+00:00
5427,02100000005427,6,1,USD,active,755159.06,760159.06,2020-07-13T00:34:44+00:00,,2026-09-22T20:15:00+00:00,21,2026-09-22T20:15:00+00:00
5428,02100000005428,6,7,USD,active,2057566.56,2062566.56,2021-08-18T15:29:58+00:00,,2026-09-22T15:00:00+00:00,33,2026-09-22T15:00:00+00:00
5429,02100000005429,6,3,USD,active,1838689.15,1843689.15,2020-05-16T19:41:02+00:00,,2026-09-21T20:45:00+00:00,24,2026-09-21T20:45:00+00:00
5430,02100000005430,6,9,USD,active,885932.25,890932.25,2010-12-24T21:12:44+00:00,,2026-09-22T21:00:00+00:00,35,2026-09-22T21:00:00+00:00
5431,02100000005431,6,7,USD,active,1959466.42,1964466.42,2009-03-28T01:50:09+00:00,,2026-09-21T13:00:00+00:00,14,2026-09-21T13:00:00+00:00
5432,02100000005432,6,2,USD,active,1331364.48,1336364.48,2018-09-15T09:01:16+00:00,,2026-09-22T02:52:22+00:00,27,2026-09-22T02:52:22+00:00
5433,02100000005433,6,4,USD,frozen,64062.37,64062.37,2016-01-19T00:58:43+00:00,,2026-04-30T23:59:00+00:00,35,2026-04-30T23:59:00+00:00
5434,02100000005434,7,4,USD,active,247645.58,247645.58,2019-01-16T01:17:43+00:00,,2026-08-31T22:00:00+00:00,28,2026-08-31T22:00:00+00:00
5435,02100000005435,6,3,USD,active,1364110.15,1369110.15,2011-06-19T02:47:05+00:00,,2026-07-07T00:08:41+00:00,1,2026-07-07T00:08:41+00:00
5436,02110000005436,6,16,USD,active,758391.93,763391.93,2022-12-29T04:33:36+00:00,,2026-09-22T19:15:00+00:00,38,2026-09-22T19:15:00+00:00
5437,02110000005437,7,16,USD,active,241027.50,241027.50,2026-02-16T03:30:42+00:00,,2026-08-31T22:00:00+00:00,29,2026-08-31T22:00:00+00:00
5438,02110000005438,6,23,USD,active,1348659.15,1353659.15,2026-04-28T02:09:13+00:00,,2026-09-21T18:30:00+00:00,34,2026-09-21T18:30:00+00:00
5439,02100000005439,6,9,USD,active,1512773.68,1517773.68,2022-10-20T10:19:07+00:00,,2026-09-22T20:00:00+00:00,38,2026-09-22T20:00:00+00:00
5440,02100000005440,6,8,USD,active,1964490.77,1969490.77,2014-04-09T12:04:34+00:00,,2026-09-21T20:15:00+00:00,30,2026-09-21T20:15:00+00:00
5441,02100000005441,7,8,USD,active,478670.47,478670.47,2020-09-22T11:50:33+00:00,,2026-08-31T22:00:00+00:00,16,2026-08-31T22:00:00+00:00
5442,02100000005442,6,8,USD,active,2112827.30,2117827.30,2014-10-28T23:29:33+00:00,,2026-09-22T14:45:00+00:00,16,2026-09-22T14:45:00+00:00
5443,02100000005443,7,8,USD,active,136529.10,136529.10,2023-04-04T11:49:46+00:00,,2026-08-31T22:00:00+00:00,6,2026-08-31T22:00:00+00:00
5444,02110000005444,6,19,USD,closed,0,0,2013-05-19T01:33:32+00:00,2021-03-02T04:10:02+00:00,,0,2021-03-02T04:10:02+00:00
5445,02100000005445,6,2,USD,active,1600410.13,1605410.13,2017-05-19T02:55:28+00:00,,2026-09-21T20:45:00+00:00,18,2026-09-21T20:45:00+00:00
5446,02100000005446,7,2,USD,active,358066.37,358066.37,2024-02-29T01:31:05+00:00,,2026-08-31T22:00:00+00:00,31,2026-08-31T22:00:00+00:00
5447,02110000005447,6,16,USD,active,1373496.22,1378496.22,2015-02-26T23:28:54+00:00,,2026-09-22T17:15:00+00:00,18,2026-09-22T17:15:00+00:00
5448,02110000005448,7,16,USD,active,69160.94,69160.94,2018-08-23T19:01:42+00:00,,2026-08-31T22:00:00+00:00,37,2026-08-31T22:00:00+00:00
5449,02110000005449,6,16,USD,active,1070135.10,1075135.10,2024-02-27T13:32:21+00:00,,2026-09-22T16:45:00+00:00,35,2026-09-22T16:45:00+00:00
5450,02100000005450,6,1,USD,active,770061.95,775061.95,2008-02-09T00:46:49+00:00,,2026-09-21T22:30:00+00:00,1,2026-09-21T22:30:00+00:00
5451,02100000005451,6,1,USD,active,1341990.36,1346990.36,2013-02-13T11:02:05+00:00,,2026-09-22T19:15:00+00:00,24,2026-09-22T19:15:00+00:00
5452,02110000005452,6,25,USD,active,1500395.77,1505395.77,2020-03-29T14:13:27+00:00,,2026-09-21T18:45:00+00:00,35,2026-09-21T18:45:00+00:00
5453,02100000005453,6,11,USD,active,2443798.05,2448798.05,2021-03-04T07:14:18+00:00,,2026-09-22T17:30:00+00:00,23,2026-09-22T17:30:00+00:00
5454,02110000005454,6,24,USD,active,2529930.93,2534930.93,2018-08-17T23:36:23+00:00,,2026-09-22T17:45:00+00:00,6,2026-09-22T17:45:00+00:00
5455,02110000005455,7,24,USD,active,61148.70,61148.70,2023-10-12T09:29:37+00:00,,2026-08-31T22:00:00+00:00,36,2026-08-31T22:00:00+00:00
5456,02110000005456,6,20,USD,active,1633008.46,1638008.46,2025-03-31T07:25:29+00:00,,2026-09-22T10:20:19+00:00,12,2026-09-22T10:20:19+00:00
5457,02100000005457,6,5,USD,active,1046186.06,1051186.06,2012-02-17T05:21:15+00:00,,2026-09-22T13:00:00+00:00,25,2026-09-22T13:00:00+00:00
5458,02110000005458,6,13,USD,active,962133.58,967133.58,2018-01-27T04:05:00+00:00,,2026-09-19T19:48:54+00:00,29,2026-09-19T19:48:54+00:00
5459,02110000005459,6,23,USD,active,329665.55,334665.55,2024-02-11T02:39:18+00:00,,2026-09-21T17:30:00+00:00,1,2026-09-21T17:30:00+00:00
5460,02110000005460,6,15,USD,active,2147502.97,2152502.97,2014-11-17T17:36:33+00:00,,2026-09-22T20:30:00+00:00,9,2026-09-22T20:30:00+00:00
5461,02110000005461,7,15,USD,active,240153.19,240153.19,2021-10-04T23:22:03+00:00,,2026-08-31T22:00:00+00:00,5,2026-08-31T22:00:00+00:00
5462,02100000005462,6,11,USD,closed,0,0,2008-04-16T02:46:16+00:00,2024-05-16T13:47:40+00:00,,0,2024-05-16T13:47:40+00:00
5463,02110000005463,6,20,USD,active,1525305.61,1530305.61,2012-05-09T23:10:08+00:00,,2026-09-22T04:29:52+00:00,19,2026-09-22T04:29:52+00:00
5464,02100000005464,6,11,USD,active,1294245.06,1299245.06,2018-06-04T09:01:38+00:00,,2026-09-22T14:45:00+00:00,5,2026-09-22T14:45:00+00:00
5465,02100000005465,6,7,USD,active,843898.62,848898.62,2010-11-18T03:02:01+00:00,,2026-09-17T22:03:39+00:00,17,2026-09-17T22:03:39+00:00
5466,02100000005466,7,7,USD,active,207501.88,207501.88,2016-11-03T12:07:15+00:00,,2026-08-31T22:00:00+00:00,38,2026-08-31T22:00:00+00:00
5467,02110000005467,6,19,USD,active,1614072.77,1619072.77,2017-07-11T11:30:11+00:00,,2026-09-22T13:00:00+00:00,38,2026-09-22T13:00:00+00:00
5468,02110000005468,13,16,USD,active,66400.94,0,2024-04-17T06:25:16+00:00,,2026-09-16T16:00:00+00:00,18,2026-09-16T16:00:00+00:00
5469,02100000005469,12,2,USD,active,456002.19,0,2023-10-01T14:02:28+00:00,,2026-08-26T17:00:00+00:00,39,2026-08-26T17:00:00+00:00
5470,02110000005470,10,18,USD,active,29904.43,0,2026-02-18T17:11:19+00:00,,2026-09-18T17:00:00+00:00,23,2026-09-18T17:00:00+00:00
5471,02110000005471,10,25,USD,closed,0.00,0,2022-05-08T07:53:34+00:00,2026-05-03T15:00:00+00:00,2026-05-03T15:00:00+00:00,9,2026-05-03T15:00:00+00:00
5472,02100000005472,11,8,USD,closed,0,0,2016-12-29T12:00:38+00:00,2021-12-25T15:00:00+00:00,,0,2021-12-25T15:00:00+00:00
5473,02100000005473,10,8,USD,active,22385.52,0,2026-03-02T15:00:36+00:00,,2026-09-01T16:00:00+00:00,34,2026-09-01T16:00:00+00:00
5474,02100000005474,13,10,USD,closed,0.00,0,2021-09-22T13:06:50+00:00,2026-09-20T15:00:00+00:00,2026-09-20T12:00:00+00:00,7,2026-09-20T15:00:00+00:00
5475,02110000005475,11,19,USD,active,29359.97,0,2025-05-11T20:23:05+00:00,,2026-09-10T18:00:00+00:00,30,2026-09-10T18:00:00+00:00
5476,02110000005476,12,16,USD,active,708189.62,0,2023-02-05T00:29:21+00:00,,2026-09-04T20:00:00+00:00,33,2026-09-04T20:00:00+00:00
5477,02100000005477,11,11,USD,active,29846.86,0,2026-07-26T18:37:25+00:00,,2026-08-22T11:00:00+00:00,28,2026-08-22T11:00:00+00:00
5478,02110000005478,10,24,USD,active,5294.54,0,2024-01-22T16:07:59+00:00,,2026-06-19T16:00:00+00:00,10,2026-06-19T16:00:00+00:00
5479,02110000005479,12,21,USD,active,360300.93,0,2018-11-12T18:49:53+00:00,,2026-09-09T15:00:00+00:00,19,2026-09-09T15:00:00+00:00
5480,02110000005480,11,15,USD,closed,0,0,2018-08-10T22:56:07+00:00,2024-08-06T15:00:00+00:00,,0,2024-08-06T15:00:00+00:00
5481,02100000005481,10,7,USD,closed,0,0,2019-12-18T18:43:54+00:00,2023-12-12T15:00:00+00:00,,0,2023-12-12T15:00:00+00:00
5482,02110000005482,11,18,USD,closed,0.00,0,2025-01-17T13:25:15+00:00,2026-09-19T15:00:00+00:00,2026-09-19T16:00:00+00:00,2,2026-09-19T15:00:00+00:00
5483,02100000005483,11,11,USD,active,17365.15,0,2025-04-23T17:54:34+00:00,,2026-08-19T20:00:00+00:00,20,2026-08-19T20:00:00+00:00
5484,02110000005484,10,13,USD,active,18422.82,0,2024-04-24T12:25:50+00:00,,2026-08-21T20:00:00+00:00,29,2026-08-21T20:00:00+00:00
5485,02100000005485,11,5,USD,closed,0,0,2017-10-16T08:15:51+00:00,2022-10-15T15:00:00+00:00,,0,2022-10-15T15:00:00+00:00
5486,02110000005486,10,21,USD,closed,0,0,2016-03-16T02:43:55+00:00,2019-03-14T15:00:00+00:00,,0,2019-03-14T15:00:00+00:00
5487,02100000005487,10,10,USD,active,30652.89,0,2025-08-11T15:42:04+00:00,,2026-09-08T19:00:00+00:00,25,2026-09-08T19:00:00+00:00
5488,02110000005488,12,14,USD,active,491566.81,0,2024-05-06T16:58:49+00:00,,2026-09-03T13:00:00+00:00,1,2026-09-03T13:00:00+00:00
5489,02110000005489,12,18,USD,active,431275.28,0,2016-12-02T01:44:07+00:00,,2026-08-28T10:00:00+00:00,18,2026-08-28T10:00:00+00:00
5490,02110000005490,11,20,USD,active,8782.87,0,2023-11-09T08:56:27+00:00,,2026-08-07T20:00:00+00:00,24,2026-08-07T20:00:00+00:00
5491,02110000005491,12,25,USD,active,460416.44,0,2019-05-10T07:10:36+00:00,,2026-09-08T15:00:00+00:00,33,2026-09-08T15:00:00+00:00
5492,02100000005492,13,5,USD,active,30639.66,0,2020-02-09T16:20:31+00:00,,2026-09-08T12:00:00+00:00,29,2026-09-08T12:00:00+00:00
5493,02100000005493,11,8,USD,active,35023.93,0,2024-05-29T08:15:23+00:00,,2026-08-25T16:00:00+00:00,39,2026-08-25T16:00:00+00:00
5494,02110000005494,10,18,USD,active,5658.59,0,2025-11-20T09:44:40+00:00,,2026-09-20T18:00:00+00:00,39,2026-09-20T18:00:00+00:00
5495,02110000005495,10,22,USD,closed,0,0,2020-05-02T07:08:34+00:00,2022-04-28T15:00:00+00:00,,0,2022-04-28T15:00:00+00:00
5496,02100000005496,11,4,USD,active,15213.29,0,2024-11-05T19:46:44+00:00,,2026-09-01T12:00:00+00:00,25,2026-09-01T12:00:00+00:00
5497,02100000005497,12,4,USD,active,232140.50,0,2026-08-03T03:22:07+00:00,,2026-08-31T10:00:00+00:00,17,2026-08-31T10:00:00+00:00
5498,02100000005498,10,2,USD,closed,0,0,2020-07-27T14:12:59+00:00,2025-07-23T15:00:00+00:00,,0,2025-07-23T15:00:00+00:00
5499,02110000005499,13,20,USD,closed,0,0,2021-02-12T11:15:40+00:00,2024-02-12T15:00:00+00:00,,0,2024-02-12T15:00:00+00:00
5500,02100000005500,11,1,USD,active,12678.91,0,2024-09-08T01:31:13+00:00,,2026-09-07T18:00:00+00:00,11,2026-09-07T18:00:00+00:00
5501,02100000005501,11,3,USD,active,28413.52,0,2026-03-30T01:28:10+00:00,,2026-08-27T17:00:00+00:00,28,2026-08-27T17:00:00+00:00
5502,02100000005502,11,11,USD,closed,0,0,2018-06-13T14:30:52+00:00,2024-06-11T15:00:00+00:00,,0,2024-06-11T15:00:00+00:00
5503,02100000005503,10,1,USD,closed,0,0,2019-06-20T03:20:15+00:00,2021-06-17T15:00:00+00:00,,0,2021-06-17T15:00:00+00:00
5504,02110000005504,10,16,USD,active,12602.14,0,2023-04-21T01:24:57+00:00,,2026-09-19T15:00:00+00:00,9,2026-09-19T15:00:00+00:00
5505,02100000005505,10,4,USD,active,12753.95,0,2026-05-03T23:15:34+00:00,,2026-08-31T18:00:00+00:00,29,2026-08-31T18:00:00+00:00
5506,02110000005506,10,13,USD,active,3396.56,0,2022-12-26T00:53:22+00:00,,2026-08-25T14:00:00+00:00,9,2026-08-25T14:00:00+00:00
5507,02100000005507,10,1,USD,closed,0,0,2016-06-28T20:24:14+00:00,2020-06-25T15:00:00+00:00,,0,2020-06-25T15:00:00+00:00
5508,02110000005508,11,23,USD,active,4094.10,0,2022-12-05T05:02:59+00:00,,2026-09-02T14:00:00+00:00,23,2026-09-02T14:00:00+00:00
5509,02110000005509,12,13,USD,active,548159.15,0,2018-10-18T09:47:34+00:00,,2026-09-14T17:00:00+00:00,12,2026-09-14T17:00:00+00:00
5510,02110000005510,10,24,USD,closed,0,0,2016-07-06T09:09:58+00:00,2021-07-04T15:00:00+00:00,,0,2021-07-04T15:00:00+00:00
5511,02100000005511,12,8,USD,active,202505.68,0,2018-04-15T02:09:03+00:00,,2026-09-10T12:00:00+00:00,32,2026-09-10T12:00:00+00:00
5512,02100000005512,11,1,USD,active,1296.77,0,2023-12-19T07:31:30+00:00,,2026-09-18T19:00:00+00:00,35,2026-09-18T19:00:00+00:00
5513,02100000005513,10,5,USD,active,5159.87,0,2025-03-28T14:48:47+00:00,,2026-08-26T19:00:00+00:00,14,2026-08-26T19:00:00+00:00
5514,02100000005514,10,9,USD,active,14834.70,0,2026-01-11T13:11:29+00:00,,2026-09-06T16:00:00+00:00,22,2026-09-06T16:00:00+00:00
5515,02110000005515,10,13,USD,active,21942.44,0,2026-07-31T19:05:32+00:00,,2026-08-28T18:00:00+00:00,23,2026-08-28T18:00:00+00:00
5516,02110000005516,10,19,USD,active,6660.30,0,2025-11-23T16:31:30+00:00,,2026-08-22T13:00:00+00:00,23,2026-08-22T13:00:00+00:00
5517,02110000005517,11,13,USD,closed,0,0,2022-02-05T07:46:12+00:00,2025-02-04T15:00:00+00:00,,0,2025-02-04T15:00:00+00:00
5518,02110000005518,10,25,USD,closed,0,0,2018-09-13T12:54:23+00:00,2023-09-10T15:00:00+00:00,,0,2023-09-10T15:00:00+00:00
5519,02110000005519,10,21,USD,closed,0,0,2021-09-26T00:47:22+00:00,2025-09-26T15:00:00+00:00,,0,2025-09-26T15:00:00+00:00
5520,02110000005520,10,16,USD,active,13010.39,0,2025-03-23T18:00:24+00:00,,2026-09-17T10:00:00+00:00,29,2026-09-17T10:00:00+00:00
5521,02100000005521,11,11,USD,closed,0,0,2018-04-20T18:21:01+00:00,2022-04-19T15:00:00+00:00,,0,2022-04-19T15:00:00+00:00
5522,02100000005522,12,5,USD,active,410959.75,0,2023-11-27T16:28:28+00:00,,2026-08-26T17:00:00+00:00,19,2026-08-26T17:00:00+00:00
5523,02100000005523,10,5,USD,closed,0.00,0,2021-06-12T20:50:45+00:00,2026-06-10T15:00:00+00:00,2026-06-10T13:00:00+00:00,17,2026-06-10T15:00:00+00:00
5524,02110000005524,11,18,USD,closed,0,0,2018-06-13T06:02:07+00:00,2021-06-11T15:00:00+00:00,,0,2021-06-11T15:00:00+00:00
5525,02110000005525,13,20,USD,active,211015.45,0,2026-03-18T14:06:26+00:00,,2026-09-17T19:00:00+00:00,20,2026-09-17T19:00:00+00:00
5526,02100000005526,10,5,USD,active,18253.88,0,2026-03-22T18:16:03+00:00,,2026-09-19T14:00:00+00:00,40,2026-09-19T14:00:00+00:00
5527,02100000005527,10,7,USD,active,14673.13,0,2025-11-29T16:02:33+00:00,,2026-08-28T12:00:00+00:00,40,2026-08-28T12:00:00+00:00
5528,02100000005528,11,5,USD,closed,0,0,2018-04-10T01:09:57+00:00,2023-04-08T15:00:00+00:00,,0,2023-04-08T15:00:00+00:00
5529,02110000005529,11,24,USD,closed,0.00,0,2021-09-01T06:52:36+00:00,2026-08-28T15:00:00+00:00,2026-08-28T17:00:00+00:00,29,2026-08-28T15:00:00+00:00
5530,02110000005530,12,25,USD,active,528534.70,0,2025-11-20T10:26:17+00:00,,2026-09-18T18:00:00+00:00,1,2026-09-18T18:00:00+00:00
5531,02110000005531,11,13,USD,active,24107.37,0,2024-05-05T05:26:51+00:00,,2026-09-04T14:00:00+00:00,33,2026-09-04T14:00:00+00:00
5532,02110000005532,10,24,USD,active,11768.93,0,2024-09-19T02:54:41+00:00,,2026-09-18T14:00:00+00:00,36,2026-09-18T14:00:00+00:00
5533,02110000005533,10,16,USD,active,3220.65,0,2022-05-21T19:01:09+00:00,,2026-09-18T16:00:00+00:00,3,2026-09-18T16:00:00+00:00
5534,02100000005534,11,12,USD,active,22560.23,0,2024-09-29T18:40:28+00:00,,2026-08-27T10:00:00+00:00,26,2026-08-27T10:00:00+00:00
5535,02100000005535,11,4,USD,closed,0.00,0,2021-04-29T11:39:57+00:00,2026-09-18T15:00:00+00:00,2026-09-18T10:00:00+00:00,37,2026-09-18T15:00:00+00:00
5536,02110000005536,11,25,USD,active,44172.80,0,2026-03-09T23:34:19+00:00,,2026-09-07T14:00:00+00:00,21,2026-09-07T14:00:00+00:00
5537,02110000005537,11,18,USD,closed,0,0,2019-04-17T18:56:12+00:00,2025-04-13T15:00:00+00:00,,0,2025-04-13T15:00:00+00:00
5538,02100000005538,10,6,USD,active,16167.88,0,2026-08-06T11:53:16+00:00,,2026-09-04T18:00:00+00:00,1,2026-09-04T18:00:00+00:00
5539,02100000005539,11,8,USD,active,18447.93,0,2026-06-24T20:49:48+00:00,,2026-08-21T16:00:00+00:00,2,2026-08-21T16:00:00+00:00
5540,02110000005540,10,25,USD,active,1986.41,0,2025-03-04T09:23:10+00:00,,2026-08-31T14:00:00+00:00,33,2026-08-31T14:00:00+00:00
5541,02100000005541,10,10,USD,closed,0,0,2018-03-01T11:42:34+00:00,2020-02-27T15:00:00+00:00,,0,2020-02-27T15:00:00+00:00
5542,02100000005542,10,4,USD,closed,0,0,2022-01-03T11:08:44+00:00,2024-12-30T15:00:00+00:00,,0,2024-12-30T15:00:00+00:00
5543,02100000005543,13,2,USD,closed,0.00,0,2019-05-31T04:42:45+00:00,2026-05-27T15:00:00+00:00,2026-05-27T16:00:00+00:00,37,2026-05-27T15:00:00+00:00
5544,02110000005544,12,21,USD,active,612598.70,0,2018-07-19T03:10:24+00:00,,2026-09-18T15:00:00+00:00,28,2026-09-18T15:00:00+00:00
5545,02110000005545,13,20,USD,active,134834.18,0,2024-05-19T11:16:14+00:00,,2026-09-16T19:00:00+00:00,31,2026-09-16T19:00:00+00:00
5546,02100000005546,10,5,USD,closed,0,0,2017-07-21T19:02:54+00:00,2019-07-15T15:00:00+00:00,,0,2019-07-15T15:00:00+00:00
5547,02100000005547,10,2,USD,active,2735.35,0,2026-02-17T03:04:12+00:00,,2026-09-15T15:00:00+00:00,14,2026-09-15T15:00:00+00:00
5548,02110000005548,10,16,USD,closed,0,0,2022-04-19T17:24:40+00:00,2026-04-17T15:00:00+00:00,,0,2026-04-17T15:00:00+00:00
5549,02110000005549,10,22,USD,closed,0,0,2020-08-13T16:12:04+00:00,2024-08-11T15:00:00+00:00,,0,2024-08-11T15:00:00+00:00
5550,02110000005550,11,15,USD,active,49031.45,0,2026-07-01T11:11:07+00:00,,2026-08-25T16:00:00+00:00,5,2026-08-25T16:00:00+00:00
5551,02110000005551,12,16,USD,active,554105.47,0,2017-06-15T08:55:11+00:00,,2026-06-14T20:00:00+00:00,24,2026-06-14T20:00:00+00:00
5552,02110000005552,10,21,USD,active,12500.03,0,2026-08-06T15:11:20+00:00,,2026-09-02T15:00:00+00:00,15,2026-09-02T15:00:00+00:00
5553,02100000005553,11,6,USD,active,43522.61,0,2025-03-05T05:34:31+00:00,,2026-09-04T11:00:00+00:00,5,2026-09-04T11:00:00+00:00
5554,02110000005554,13,23,USD,closed,0,0,2020-08-16T08:00:34+00:00,2025-08-15T15:00:00+00:00,,0,2025-08-15T15:00:00+00:00
5555,02100000005555,11,11,USD,active,10646.53,0,2024-03-06T07:56:32+00:00,,2026-09-03T19:00:00+00:00,24,2026-09-03T19:00:00+00:00
5556,02110000005556,11,22,USD,active,25561.79,0,2026-03-22T15:08:17+00:00,,2026-09-21T17:00:00+00:00,15,2026-09-21T17:00:00+00:00
5557,02100000005557,10,12,USD,closed,0,0,2019-01-03T15:42:26+00:00,2021-01-01T15:00:00+00:00,,0,2021-01-01T15:00:00+00:00
5558,02110000005558,12,23,USD,active,728161.93,0,2023-04-03T15:39:47+00:00,,2026-09-01T18:00:00+00:00,21,2026-09-01T18:00:00+00:00
5559,02110000005559,12,25,USD,active,244306.29,0,2024-06-24T18:18:08+00:00,,2026-08-21T20:00:00+00:00,19,2026-08-21T20:00:00+00:00
5560,02100000005560,10,12,USD,active,3166.09,0,2023-10-06T12:25:19+00:00,,2026-09-05T10:00:00+00:00,31,2026-09-05T10:00:00+00:00
5561,02110000005561,10,25,USD,active,27185.88,0,2026-03-18T23:34:10+00:00,,2026-09-14T19:00:00+00:00,19,2026-09-14T19:00:00+00:00
5562,02100000005562,11,6,USD,active,21226.40,0,2024-08-20T19:13:14+00:00,,2026-09-18T20:00:00+00:00,19,2026-09-18T20:00:00+00:00
5563,02100000005563,11,12,USD,active,38716.75,0,2026-04-25T10:27:03+00:00,,2026-08-24T10:00:00+00:00,24,2026-08-24T10:00:00+00:00
5564,02110000005564,13,21,USD,active,66226.69,0,2024-02-08T00:17:14+00:00,,2026-09-04T16:00:00+00:00,11,2026-09-04T16:00:00+00:00
5565,02100000005565,10,4,USD,closed,0,0,2022-02-28T09:02:38+00:00,2026-02-25T15:00:00+00:00,,0,2026-02-25T15:00:00+00:00
5566,02110000005566,11,15,USD,active,24637.40,0,2024-12-30T13:11:03+00:00,,2026-08-23T18:00:00+00:00,5,2026-08-23T18:00:00+00:00
5567,02100000005567,13,4,USD,active,104741.03,0,2026-07-13T17:34:42+00:00,,2026-09-12T20:00:00+00:00,21,2026-09-12T20:00:00+00:00
5568,02110000005568,10,13,USD,active,7633.86,0,2024-04-04T00:41:15+00:00,,2026-09-04T17:00:00+00:00,18,2026-09-04T17:00:00+00:00
5569,02100000005569,13,10,USD,active,221804.53,0,2022-07-01T05:37:05+00:00,,2026-08-26T12:00:00+00:00,16,2026-08-26T12:00:00+00:00
5570,02100000005570,10,3,USD,closed,0,0,2017-01-07T15:43:13+00:00,2020-01-06T15:00:00+00:00,,0,2020-01-06T15:00:00+00:00
5571,02110000005571,10,20,USD,closed,0,0,2016-03-21T02:45:39+00:00,2021-03-19T15:00:00+00:00,,0,2021-03-19T15:00:00+00:00
5572,02100000005572,11,2,USD,closed,0,0,2020-05-04T08:32:26+00:00,2025-04-28T15:00:00+00:00,,0,2025-04-28T15:00:00+00:00
5573,02110000005573,11,14,USD,active,28668.07,0,2023-03-10T15:52:02+00:00,,2026-09-09T14:00:00+00:00,36,2026-09-09T14:00:00+00:00
5574,02100000005574,13,4,USD,active,299900.00,0,2026-08-25T08:29:22+00:00,,2026-08-25T08:29:22+00:00,31,2026-08-25T08:29:22+00:00
5575,02110000005575,12,23,USD,active,469001.04,0,2026-04-01T23:29:40+00:00,,2026-09-01T17:00:00+00:00,17,2026-09-01T17:00:00+00:00
5576,02100000005576,10,3,USD,active,5235.69,0,2026-06-20T12:42:49+00:00,,2026-09-20T11:00:00+00:00,17,2026-09-20T11:00:00+00:00
5577,02110000005577,10,21,USD,closed,0,0,2019-09-29T07:29:24+00:00,2023-09-24T15:00:00+00:00,,0,2023-09-24T15:00:00+00:00
5578,02100000005578,10,4,USD,closed,0,0,2020-05-05T04:23:50+00:00,2024-04-30T15:00:00+00:00,,0,2024-04-30T15:00:00+00:00
5579,02100000005579,11,9,USD,active,6793.75,0,2021-10-08T04:32:31+00:00,,2026-09-02T20:00:00+00:00,9,2026-09-02T20:00:00+00:00
5580,02100000005580,13,6,USD,active,128848.00,0,2024-07-04T06:04:14+00:00,,2026-09-01T10:00:00+00:00,32,2026-09-01T10:00:00+00:00
5581,02100000005581,10,5,USD,closed,0,0,2016-08-23T04:45:00+00:00,2018-08-17T15:00:00+00:00,,0,2018-08-17T15:00:00+00:00
5582,02100000005582,11,4,USD,closed,0,0,2018-11-12T20:03:56+00:00,2022-11-08T15:00:00+00:00,,0,2022-11-08T15:00:00+00:00
5583,02110000005583,11,21,USD,closed,0,0,2021-04-16T00:24:41+00:00,2025-04-14T15:00:00+00:00,,0,2025-04-14T15:00:00+00:00
5584,02100000005584,11,7,USD,closed,0,0,2021-07-11T14:48:14+00:00,2025-07-06T15:00:00+00:00,,0,2025-07-06T15:00:00+00:00
5585,02100000005585,10,8,USD,closed,0,0,2018-08-07T15:32:49+00:00,2021-08-01T15:00:00+00:00,,0,2021-08-01T15:00:00+00:00
5586,02100000005586,13,5,USD,closed,0,0,2016-12-07T03:53:53+00:00,2023-12-04T15:00:00+00:00,,0,2023-12-04T15:00:00+00:00
5587,02100000005587,11,9,USD,active,21582.69,0,2023-12-31T03:32:41+00:00,,2026-08-24T12:00:00+00:00,29,2026-08-24T12:00:00+00:00
5588,02100000005588,11,3,USD,active,2008.66,0,2020-10-13T09:09:57+00:00,,2026-04-30T23:59:00+00:00,13,2026-04-30T23:59:00+00:00
5589,02100000005589,10,2,USD,active,4422.90,0,2025-05-01T16:58:01+00:00,,2026-08-26T19:00:00+00:00,35,2026-08-26T19:00:00+00:00
5590,02100000005590,10,2,USD,active,6209.85,0,2024-08-02T04:23:16+00:00,,2026-08-30T14:00:00+00:00,34,2026-08-30T14:00:00+00:00
5591,02110000005591,11,18,USD,closed,0,0,2021-10-30T16:19:26+00:00,2024-10-24T15:00:00+00:00,,0,2024-10-24T15:00:00+00:00
5592,02100000005592,10,9,USD,active,31094.82,0,2026-05-16T03:33:03+00:00,,2026-09-12T11:00:00+00:00,15,2026-09-12T11:00:00+00:00
5593,02110000005593,10,19,USD,active,31856.52,0,2026-01-31T21:09:09+00:00,,2026-09-01T10:00:00+00:00,7,2026-09-01T10:00:00+00:00
5594,02110000005594,10,22,USD,active,18969.58,0,2025-09-18T11:19:01+00:00,,2026-09-14T13:00:00+00:00,35,2026-09-14T13:00:00+00:00
5595,02110000005595,10,13,USD,closed,0.00,0,2024-02-14T13:04:41+00:00,2026-09-16T15:00:00+00:00,2026-09-16T13:00:00+00:00,22,2026-09-16T15:00:00+00:00
5596,02100000005596,11,4,USD,active,16980.58,0,2026-02-23T00:55:23+00:00,,2026-08-25T18:00:00+00:00,13,2026-08-25T18:00:00+00:00
5597,02110000005597,11,22,USD,active,42110.97,0,2026-07-28T18:31:26+00:00,,2026-08-25T19:00:00+00:00,5,2026-08-25T19:00:00+00:00
5598,02110000005598,12,20,USD,active,157238.18,0,2016-01-24T07:00:54+00:00,,2026-08-21T14:00:00+00:00,36,2026-08-21T14:00:00+00:00
5599,02110000005599,12,16,USD,active,475389.45,0,2020-07-19T20:25:00+00:00,,2026-09-17T15:00:00+00:00,7,2026-09-17T15:00:00+00:00
5600,02110000005600,10,13,USD,closed,0,0,2016-12-16T22:12:52+00:00,2018-12-15T15:00:00+00:00,,0,2018-12-15T15:00:00+00:00
5601,02100000005601,13,7,USD,active,146188.53,0,2021-06-04T07:30:13+00:00,,2026-09-01T17:00:00+00:00,13,2026-09-01T17:00:00+00:00
5602,02110000005602,12,25,USD,active,180048.74,0,2017-08-10T17:35:06+00:00,,2026-09-05T13:00:00+00:00,23,2026-09-05T13:00:00+00:00
5603,02110000005603,10,20,USD,active,13027.79,0,2024-03-05T09:05:11+00:00,,2026-07-04T10:00:00+00:00,34,2026-07-04T10:00:00+00:00
5604,02100000005604,10,10,USD,closed,0,0,2022-07-17T19:23:35+00:00,2024-07-14T15:00:00+00:00,,0,2024-07-14T15:00:00+00:00
5605,02110000005605,10,24,USD,active,3250.36,0,2024-03-09T08:44:58+00:00,,2026-09-04T17:00:00+00:00,10,2026-09-04T17:00:00+00:00
5606,02110000005606,13,13,USD,active,47111.00,0,2023-01-09T02:25:52+00:00,,2026-09-08T17:00:00+00:00,16,2026-09-08T17:00:00+00:00
5607,02110000005607,11,13,USD,active,18271.89,0,2025-09-05T11:52:05+00:00,,2026-09-03T17:00:00+00:00,2,2026-09-03T17:00:00+00:00
5608,02110000005608,10,24,USD,active,16550.04,0,2025-07-23T00:30:16+00:00,,2026-09-22T18:00:00+00:00,38,2026-09-22T18:00:00+00:00
5609,02110000005609,13,14,USD,closed,0,0,2019-03-24T12:29:19+00:00,2022-03-22T15:00:00+00:00,,0,2022-03-22T15:00:00+00:00
5610,02100000005610,10,10,USD,closed,0,0,2018-10-28T08:10:44+00:00,2023-10-23T15:00:00+00:00,,0,2023-10-23T15:00:00+00:00
5611,02110000005611,10,25,USD,active,27653.09,0,2026-08-13T00:12:12+00:00,,2026-09-10T15:00:00+00:00,26,2026-09-10T15:00:00+00:00
5612,02100000005612,12,5,USD,active,371780.74,0,2025-02-05T01:23:31+00:00,,2026-09-04T20:00:00+00:00,39,2026-09-04T20:00:00+00:00
5613,02110000005613,10,15,USD,active,6800.39,0,2024-01-12T10:56:35+00:00,,2026-09-10T15:00:00+00:00,32,2026-09-10T15:00:00+00:00
5614,02100000005614,10,2,USD,active,16484.89,0,2024-04-05T14:10:23+00:00,,2026-08-31T20:00:00+00:00,40,2026-08-31T20:00:00+00:00
5615,02100000005615,12,12,USD,active,213560.98,0,2020-01-16T09:07:48+00:00,,2026-09-14T15:00:00+00:00,32,2026-09-14T15:00:00+00:00
5616,02110000005616,10,22,USD,active,26370.23,0,2025-08-10T22:18:04+00:00,,2026-09-06T13:00:00+00:00,25,2026-09-06T13:00:00+00:00
5617,02100000005617,12,8,USD,active,563566.31,0,2023-04-02T17:23:06+00:00,,2026-08-31T20:00:00+00:00,7,2026-08-31T20:00:00+00:00
5618,02110000005618,13,15,USD,active,28453.45,0,2022-07-07T14:00:47+00:00,,2026-09-05T16:00:00+00:00,21,2026-09-05T16:00:00+00:00
5619,02100000005619,10,1,USD,closed,0,0,2019-02-27T14:26:15+00:00,2021-02-28T15:00:00+00:00,,0,2021-02-28T15:00:00+00:00
5620,02100000005620,11,7,USD,active,39705.76,0,2026-04-19T05:03:23+00:00,,2026-09-18T19:00:00+00:00,16,2026-09-18T19:00:00+00:00
5621,02110000005621,10,20,USD,closed,0,0,2022-08-12T05:21:41+00:00,2024-08-09T15:00:00+00:00,,0,2024-08-09T15:00:00+00:00
5622,02100000005622,10,5,USD,active,29594.02,0,2025-06-28T17:25:39+00:00,,2026-08-23T17:00:00+00:00,21,2026-08-23T17:00:00+00:00
5623,02110000005623,11,22,USD,active,59197.77,0,2026-06-28T22:34:46+00:00,,2026-08-25T14:00:00+00:00,1,2026-08-25T14:00:00+00:00
5624,02110000005624,10,22,USD,active,17024.28,0,2025-11-06T13:45:22+00:00,,2026-09-03T18:00:00+00:00,24,2026-09-03T18:00:00+00:00
5625,02100000005625,10,3,USD,closed,0,0,2018-05-06T05:39:57+00:00,2022-05-05T15:00:00+00:00,,0,2022-05-05T15:00:00+00:00
5626,02100000005626,10,6,USD,active,6931.44,0,2026-08-05T06:43:07+00:00,,2026-09-01T16:00:00+00:00,25,2026-09-01T16:00:00+00:00
5627,02100000005627,10,9,USD,active,12388.41,0,2023-08-13T21:53:17+00:00,,2026-09-12T13:00:00+00:00,39,2026-09-12T13:00:00+00:00
5628,02100000005628,12,12,USD,active,253296.77,0,2022-04-02T00:15:19+00:00,,2026-08-29T15:00:00+00:00,17,2026-08-29T15:00:00+00:00
5629,02100000005629,12,1,USD,active,819340.72,0,2024-01-10T15:29:59+00:00,,2026-07-08T15:00:00+00:00,9,2026-07-08T15:00:00+00:00
5630,02110000005630,11,15,USD,active,51000.00,0,2026-08-31T20:02:16+00:00,,2026-08-31T20:02:16+00:00,32,2026-08-31T20:02:16+00:00
5631,02110000005631,10,20,USD,closed,0,0,2020-09-22T07:22:50+00:00,2022-09-19T15:00:00+00:00,,0,2022-09-19T15:00:00+00:00
5632,02100000005632,10,8,USD,active,5725.51,0,2026-04-15T08:56:36+00:00,,2026-09-15T20:00:00+00:00,39,2026-09-15T20:00:00+00:00
5633,02100000005633,10,10,USD,active,875.95,0,2020-04-24T08:04:01+00:00,,2026-04-30T23:59:00+00:00,19,2026-04-30T23:59:00+00:00
5634,02100000005634,12,9,USD,active,366497.62,0,2021-10-25T11:00:28+00:00,,2026-08-24T14:00:00+00:00,37,2026-08-24T14:00:00+00:00
5635,02100000005635,11,4,USD,active,987.14,0,2022-12-18T02:33:33+00:00,,2026-04-30T23:59:00+00:00,17,2026-04-30T23:59:00+00:00
5636,02100000005636,10,4,USD,active,10628.15,0,2024-10-02T22:26:04+00:00,,2026-08-30T10:00:00+00:00,31,2026-08-30T10:00:00+00:00
5637,02100000005637,13,9,USD,active,29250.02,0,2025-03-28T11:19:46+00:00,,2026-08-24T14:00:00+00:00,9,2026-08-24T14:00:00+00:00
5638,02110000005638,11,14,USD,closed,0,0,2022-08-09T11:04:51+00:00,2025-08-07T15:00:00+00:00,,0,2025-08-07T15:00:00+00:00
5639,02110000005639,11,13,USD,active,26946.87,0,2024-04-10T17:20:54+00:00,,2026-09-09T14:00:00+00:00,37,2026-09-09T14:00:00+00:00
5640,02100000005640,11,9,USD,active,28290.81,0,2025-04-29T23:30:33+00:00,,2026-08-27T15:00:00+00:00,16,2026-08-27T15:00:00+00:00
5641,02110000005641,10,20,USD,closed,0,0,2021-02-05T10:54:30+00:00,2023-02-02T15:00:00+00:00,,0,2023-02-02T15:00:00+00:00
5642,02110000005642,10,23,USD,active,3482.62,0,2025-11-13T10:21:30+00:00,,2026-09-09T11:00:00+00:00,14,2026-09-09T11:00:00+00:00
5643,02100000005643,10,4,USD,closed,0,0,2018-07-08T12:45:25+00:00,2020-07-07T15:00:00+00:00,,0,2020-07-07T15:00:00+00:00
5644,02110000005644,10,15,USD,closed,0,0,2018-06-30T18:43:43+00:00,2020-06-28T15:00:00+00:00,,0,2020-06-28T15:00:00+00:00
5645,02110000005645,10,19,USD,active,6705.95,0,2025-06-02T23:52:10+00:00,,2026-06-01T13:00:00+00:00,21,2026-06-01T13:00:00+00:00
5646,02110000005646,11,20,USD,closed,0,0,2020-07-19T09:39:03+00:00,2023-07-13T15:00:00+00:00,,0,2023-07-13T15:00:00+00:00
5647,02100000005647,12,9,USD,active,281323.41,0,2021-02-17T20:08:33+00:00,,2026-09-14T12:00:00+00:00,14,2026-09-14T12:00:00+00:00
5648,02100000005648,10,5,USD,closed,0,0,2017-02-28T11:57:51+00:00,2021-02-26T15:00:00+00:00,,0,2021-02-26T15:00:00+00:00
5649,02100000005649,13,10,USD,active,46309.05,0,2020-11-14T14:02:21+00:00,,2026-09-11T20:00:00+00:00,7,2026-09-11T20:00:00+00:00
5650,02110000005650,11,16,USD,active,10039.57,0,2023-08-21T04:56:04+00:00,,2026-09-19T17:00:00+00:00,31,2026-09-19T17:00:00+00:00
5651,02110000005651,10,19,USD,active,10493.51,0,2024-04-08T17:35:29+00:00,,2026-09-07T15:00:00+00:00,27,2026-09-07T15:00:00+00:00
5652,02110000005652,13,15,USD,active,325500.00,0,2026-08-29T22:08:20+00:00,,2026-08-29T22:08:20+00:00,10,2026-08-29T22:08:20+00:00
5653,02100000005653,10,9,USD,closed,0.00,0,2025-08-11T08:25:44+00:00,2026-09-21T15:00:00+00:00,2026-09-21T20:00:00+00:00,26,2026-09-21T15:00:00+00:00
5654,02100000005654,11,8,USD,closed,0.00,0,2020-06-02T10:12:03+00:00,2026-05-28T15:00:00+00:00,2026-05-28T20:00:00+00:00,32,2026-05-28T15:00:00+00:00
5655,02110000005655,12,23,USD,active,275878.23,0,2016-04-30T16:11:48+00:00,,2026-08-28T19:00:00+00:00,25,2026-08-28T19:00:00+00:00
5656,02110000005656,11,25,USD,active,19860.20,0,2026-06-04T12:36:11+00:00,,2026-09-02T20:00:00+00:00,6,2026-09-02T20:00:00+00:00
5657,02100000005657,12,10,USD,active,463842.67,0,2017-04-13T07:01:52+00:00,,2026-09-12T13:00:00+00:00,33,2026-09-12T13:00:00+00:00
5658,02100000005658,13,9,USD,active,91614.31,0,2025-12-23T20:13:07+00:00,,2026-09-22T12:00:00+00:00,16,2026-09-22T12:00:00+00:00
5659,02100000005659,10,2,USD,active,753.66,0,2017-11-08T08:30:29+00:00,,2026-04-30T23:59:00+00:00,29,2026-04-30T23:59:00+00:00
5660,02100000005660,10,8,USD,closed,0,0,2022-02-17T11:12:51+00:00,2025-02-14T15:00:00+00:00,,0,2025-02-14T15:00:00+00:00
5661,02100000005661,10,12,USD,closed,0,0,2019-03-14T05:05:10+00:00,2022-03-09T15:00:00+00:00,,0,2022-03-09T15:00:00+00:00
5662,02100000005662,13,1,USD,active,70890.26,0,2023-10-05T09:16:24+00:00,,2026-09-03T11:00:00+00:00,14,2026-09-03T11:00:00+00:00
5663,02110000005663,11,24,USD,active,10521.95,0,2024-05-07T05:36:42+00:00,,2026-09-02T20:00:00+00:00,25,2026-09-02T20:00:00+00:00
5664,02100000005664,11,4,USD,active,17260.08,0,2023-10-19T19:43:54+00:00,,2026-09-14T12:00:00+00:00,21,2026-09-14T12:00:00+00:00
5665,02110000005665,10,14,USD,active,4705.82,0,2025-08-28T21:14:43+00:00,,2026-08-27T16:00:00+00:00,17,2026-08-27T16:00:00+00:00
5666,02110000005666,10,14,USD,active,5900.00,0,2026-09-14T14:37:17+00:00,,2026-09-14T14:37:17+00:00,24,2026-09-14T14:37:17+00:00
5667,02110000005667,10,19,USD,active,9193.61,0,2026-06-10T00:15:39+00:00,,2026-09-09T15:00:00+00:00,35,2026-09-09T15:00:00+00:00
5668,02100000005668,11,12,USD,closed,0,0,2018-11-02T22:36:54+00:00,2022-10-30T15:00:00+00:00,,0,2022-10-30T15:00:00+00:00
5669,02110000005669,10,20,USD,closed,0,0,2016-08-09T01:39:21+00:00,2021-08-07T15:00:00+00:00,,0,2021-08-07T15:00:00+00:00
5670,02110000005670,10,20,USD,active,9438.37,0,2023-07-08T00:36:07+00:00,,2026-09-02T19:00:00+00:00,19,2026-09-02T19:00:00+00:00
5671,02110000005671,11,22,USD,closed,0,0,2022-04-01T02:06:05+00:00,2026-03-27T15:00:00+00:00,,0,2026-03-27T15:00:00+00:00
5672,02100000005672,11,11,USD,closed,0,0,2021-04-04T23:03:28+00:00,2025-04-03T15:00:00+00:00,,0,2025-04-03T15:00:00+00:00
5673,02110000005673,10,22,USD,closed,0,0,2020-04-03T10:46:55+00:00,2023-03-31T15:00:00+00:00,,0,2023-03-31T15:00:00+00:00
5674,02110000005674,10,22,USD,closed,0,0,2020-01-22T13:36:32+00:00,2024-01-21T15:00:00+00:00,,0,2024-01-21T15:00:00+00:00
5675,02110000005675,10,14,USD,active,15687.21,0,2024-12-22T08:07:39+00:00,,2026-09-18T12:00:00+00:00,1,2026-09-18T12:00:00+00:00
5676,02100000005676,11,6,USD,active,44380.41,0,2025-07-18T02:52:14+00:00,,2026-09-15T11:00:00+00:00,30,2026-09-15T11:00:00+00:00
5677,02110000005677,10,14,USD,active,14116.25,0,2024-01-22T10:26:41+00:00,,2026-09-17T13:00:00+00:00,36,2026-09-17T13:00:00+00:00
5678,02110000005678,10,20,USD,closed,0,0,2021-09-08T04:47:36+00:00,2024-09-08T15:00:00+00:00,,0,2024-09-08T15:00:00+00:00
5679,02100000005679,12,5,USD,active,302634.98,0,2021-07-27T22:23:36+00:00,,2026-08-25T17:00:00+00:00,33,2026-08-25T17:00:00+00:00
5680,02110000005680,11,18,USD,active,17957.08,0,2023-03-04T19:07:27+00:00,,2026-08-29T11:00:00+00:00,19,2026-08-29T11:00:00+00:00
5681,02110000005681,10,20,USD,active,38042.94,0,2026-07-10T03:05:08+00:00,,2026-09-04T20:00:00+00:00,25,2026-09-04T20:00:00+00:00
5682,02100000005682,10,12,USD,closed,0,0,2020-12-09T17:40:12+00:00,2024-12-07T15:00:00+00:00,,0,2024-12-07T15:00:00+00:00
5683,02100000005683,11,10,USD,active,15598.84,0,2026-01-20T05:30:02+00:00,,2026-09-17T10:00:00+00:00,31,2026-09-17T10:00:00+00:00
5684,02100000005684,10,12,USD,active,17730.93,0,2024-11-23T14:33:36+00:00,,2026-08-20T18:00:00+00:00,7,2026-08-20T18:00:00+00:00
5685,02100000005685,12,4,USD,active,439241.90,0,2025-07-11T09:25:15+00:00,,2026-09-09T12:00:00+00:00,12,2026-09-09T12:00:00+00:00
5686,02100000005686,10,7,USD,active,33961.87,0,2026-07-01T04:57:57+00:00,,2026-08-25T14:00:00+00:00,18,2026-08-25T14:00:00+00:00
5687,02110000005687,12,14,USD,active,433408.31,0,2024-06-23T21:38:28+00:00,,2026-08-21T19:00:00+00:00,23,2026-08-21T19:00:00+00:00
5688,02100000005688,12,4,USD,active,294475.28,0,2025-10-15T15:32:25+00:00,,2026-09-13T11:00:00+00:00,25,2026-09-13T11:00:00+00:00
5689,02110000005689,11,15,USD,active,37864.05,0,2024-11-15T06:14:21+00:00,,2026-09-11T10:00:00+00:00,34,2026-09-11T10:00:00+00:00
5690,02110000005690,11,14,USD,active,37300.00,0,2026-08-25T14:25:14+00:00,,2026-08-25T14:25:14+00:00,34,2026-08-25T14:25:14+00:00
5691,02110000005691,12,22,USD,active,496419.69,0,2025-07-08T05:34:17+00:00,,2026-09-05T20:00:00+00:00,30,2026-09-05T20:00:00+00:00
5692,02100000005692,12,10,USD,active,765179.62,0,2024-10-23T16:45:31+00:00,,2026-09-19T17:00:00+00:00,32,2026-09-19T17:00:00+00:00
5693,02110000005693,12,24,USD,active,178243.90,0,2022-03-31T10:38:32+00:00,,2026-07-27T16:00:00+00:00,24,2026-07-27T16:00:00+00:00
5694,02100000005694,11,8,USD,closed,0,0,2019-09-10T10:24:25+00:00,2022-09-05T15:00:00+00:00,,0,2022-09-05T15:00:00+00:00
5695,02110000005695,10,16,USD,closed,0,0,2020-05-10T04:51:03+00:00,2022-05-06T15:00:00+00:00,,0,2022-05-06T15:00:00+00:00
5696,02110000005696,13,20,USD,active,43444.09,0,2026-04-02T01:59:56+00:00,,2026-08-30T11:00:00+00:00,11,2026-08-30T11:00:00+00:00
5697,02110000005697,11,15,USD,active,5875.62,0,2021-10-22T17:01:24+00:00,,2026-09-21T12:00:00+00:00,27,2026-09-21T12:00:00+00:00
5698,02110000005698,10,20,USD,closed,0,0,2019-04-04T11:15:35+00:00,2023-04-03T15:00:00+00:00,,0,2023-04-03T15:00:00+00:00
5699,02110000005699,12,13,USD,active,449677.39,0,2022-12-21T16:33:01+00:00,,2026-09-19T13:00:00+00:00,37,2026-09-19T13:00:00+00:00
5700,02110000005700,10,23,USD,closed,0,0,2016-08-25T05:23:34+00:00,2021-08-23T15:00:00+00:00,,0,2021-08-23T15:00:00+00:00
5701,02110000005701,10,16,USD,active,4726.86,0,2024-02-19T20:40:57+00:00,,2026-09-16T14:00:00+00:00,36,2026-09-16T14:00:00+00:00
5702,02110000005702,11,20,USD,active,7786.32,0,2023-11-06T18:27:31+00:00,,2026-09-02T11:00:00+00:00,37,2026-09-02T11:00:00+00:00
5703,02100000005703,11,10,USD,active,29736.94,0,2025-12-29T17:59:22+00:00,,2026-08-26T13:00:00+00:00,35,2026-08-26T13:00:00+00:00
5704,02110000005704,10,20,USD,closed,0,0,2020-08-20T00:31:13+00:00,2025-08-18T15:00:00+00:00,,0,2025-08-18T15:00:00+00:00
5705,02110000005705,11,14,USD,active,38006.72,0,2025-07-25T08:54:21+00:00,,2026-08-19T16:00:00+00:00,16,2026-08-19T16:00:00+00:00
5706,02110000005706,11,16,USD,active,13011.42,0,2026-01-12T13:39:17+00:00,,2026-09-08T14:00:00+00:00,4,2026-09-08T14:00:00+00:00
5707,02110000005707,10,20,USD,active,13224.04,0,2024-08-12T18:26:06+00:00,,2026-09-10T10:00:00+00:00,21,2026-09-10T10:00:00+00:00
5708,02100000005708,11,5,USD,closed,0,0,2018-04-23T06:11:39+00:00,2022-04-18T15:00:00+00:00,,0,2022-04-18T15:00:00+00:00
5709,02110000005709,13,20,USD,closed,0.00,0,2023-05-25T11:44:33+00:00,2026-05-23T15:00:00+00:00,2026-05-23T17:00:00+00:00,38,2026-05-23T15:00:00+00:00
5710,02100000005710,10,2,USD,closed,0.00,0,2022-07-27T22:16:49+00:00,2026-07-25T15:00:00+00:00,2026-07-25T14:00:00+00:00,37,2026-07-25T15:00:00+00:00
5711,02110000005711,10,14,USD,active,13684.68,0,2024-02-19T21:34:14+00:00,,2026-09-20T13:00:00+00:00,3,2026-09-20T13:00:00+00:00
5712,02100000005712,10,5,USD,closed,0,0,2019-09-26T12:41:39+00:00,2021-09-22T15:00:00+00:00,,0,2021-09-22T15:00:00+00:00
5713,02100000005713,12,3,USD,active,636518.05,0,2023-04-30T15:15:38+00:00,,2026-08-23T13:00:00+00:00,2,2026-08-23T13:00:00+00:00
5714,02110000005714,10,25,USD,active,23958.83,0,2025-11-19T01:28:44+00:00,,2026-09-15T15:00:00+00:00,6,2026-09-15T15:00:00+00:00
5715,02100000005715,10,1,USD,active,10339.60,0,2026-03-03T03:37:36+00:00,,2026-08-30T11:00:00+00:00,2,2026-08-30T11:00:00+00:00
5716,02110000005716,10,14,USD,closed,0,0,2019-06-25T04:41:46+00:00,2024-06-20T15:00:00+00:00,,0,2024-06-20T15:00:00+00:00
5717,02100000005717,11,5,USD,active,15241.55,0,2024-05-19T05:10:33+00:00,,2026-09-15T14:00:00+00:00,12,2026-09-15T14:00:00+00:00
5718,02110000005718,10,15,USD,closed,0.00,0,2021-05-26T00:08:41+00:00,2026-05-20T15:00:00+00:00,2026-05-20T16:00:00+00:00,7,2026-05-20T15:00:00+00:00
5719,02110000005719,12,19,USD,active,734366.50,0,2021-11-01T08:29:28+00:00,,2026-08-31T18:00:00+00:00,33,2026-08-31T18:00:00+00:00
5720,02110000005720,12,15,USD,active,634718.25,0,2025-09-18T18:35:36+00:00,,2026-09-18T20:00:00+00:00,3,2026-09-18T20:00:00+00:00
5721,02100000005721,10,12,USD,closed,0,0,2022-08-29T19:17:07+00:00,2024-08-28T15:00:00+00:00,,0,2024-08-28T15:00:00+00:00
5722,02110000005722,11,25,USD,closed,0,0,2020-09-30T01:21:46+00:00,2024-09-25T15:00:00+00:00,,0,2024-09-25T15:00:00+00:00
5723,02100000005723,11,7,USD,active,58074.28,0,2026-03-07T10:58:26+00:00,,2026-09-06T14:00:00+00:00,5,2026-09-06T14:00:00+00:00
5724,02110000005724,11,15,USD,active,7290.77,0,2024-11-29T02:07:38+00:00,,2026-08-25T16:00:00+00:00,32,2026-08-25T16:00:00+00:00
5725,02100000005725,10,2,USD,active,5073.57,0,2026-07-21T08:22:43+00:00,,2026-09-20T20:00:00+00:00,36,2026-09-20T20:00:00+00:00
5726,02110000005726,10,13,USD,active,2244.92,0,2023-05-27T16:26:50+00:00,,2026-08-23T12:00:00+00:00,33,2026-08-23T12:00:00+00:00
5727,02110000005727,10,18,USD,closed,0,0,2019-06-12T19:51:35+00:00,2024-06-11T15:00:00+00:00,,0,2024-06-11T15:00:00+00:00
5728,02110000005728,11,21,USD,active,27985.03,0,2025-02-18T05:22:42+00:00,,2026-09-19T10:00:00+00:00,20,2026-09-19T10:00:00+00:00
5729,02110000005729,11,25,USD,active,16322.27,0,2025-02-26T08:10:41+00:00,,2026-08-25T13:00:00+00:00,4,2026-08-25T13:00:00+00:00
5730,02110000005730,10,21,USD,closed,0,0,2022-11-25T16:12:28+00:00,2024-11-21T15:00:00+00:00,,0,2024-11-21T15:00:00+00:00
5731,02110000005731,10,20,USD,active,7981.78,0,2026-02-23T20:21:27+00:00,,2026-08-23T15:00:00+00:00,24,2026-08-23T15:00:00+00:00
5732,02110000005732,11,21,USD,active,36405.79,0,2026-03-21T02:12:21+00:00,,2026-09-18T15:00:00+00:00,19,2026-09-18T15:00:00+00:00
5733,02110000005733,10,16,USD,closed,0,0,2023-04-08T13:56:40+00:00,2026-04-04T15:00:00+00:00,,0,2026-04-04T15:00:00+00:00
5734,02110000005734,10,14,USD,closed,0,0,2016-04-24T12:57:04+00:00,2021-04-23T15:00:00+00:00,,0,2021-04-23T15:00:00+00:00
5735,02110000005735,10,22,USD,active,10494.63,0,2026-02-03T22:56:16+00:00,,2026-09-02T20:00:00+00:00,39,2026-09-02T20:00:00+00:00
5736,02100000005736,10,7,USD,active,10513.36,0,2023-07-03T14:23:39+00:00,,2026-08-31T17:00:00+00:00,6,2026-08-31T17:00:00+00:00
5737,02100000005737,10,2,USD,active,9392.15,0,2026-06-17T15:57:39+00:00,,2026-09-15T12:00:00+00:00,32,2026-09-15T12:00:00+00:00
5738,02110000005738,12,14,USD,active,462535.54,0,2026-03-15T16:43:53+00:00,,2026-09-10T14:00:00+00:00,13,2026-09-10T14:00:00+00:00
5739,02110000005739,11,18,USD,active,11918.16,0,2025-10-08T09:49:18+00:00,,2026-09-06T16:00:00+00:00,8,2026-09-06T16:00:00+00:00
5740,02110000005740,10,24,USD,active,6625.58,0,2024-09-08T17:23:32+00:00,,2026-09-07T17:00:00+00:00,19,2026-09-07T17:00:00+00:00
5741,02100000005741,11,3,USD,active,19272.78,0,2024-11-17T02:39:45+00:00,,2026-09-16T17:00:00+00:00,25,2026-09-16T17:00:00+00:00
5742,02100000005742,10,8,USD,active,21778.95,0,2026-04-10T18:35:15+00:00,,2026-09-06T17:00:00+00:00,32,2026-09-06T17:00:00+00:00
5743,02110000005743,10,13,USD,closed,0,0,2020-11-30T02:17:11+00:00,2023-11-24T15:00:00+00:00,,0,2023-11-24T15:00:00+00:00
5744,02100000005744,12,6,USD,active,458975.58,0,2026-02-22T17:09:54+00:00,,2026-08-21T11:00:00+00:00,30,2026-08-21T11:00:00+00:00
5745,02110000005745,12,24,USD,active,415025.12,0,2025-09-24T05:38:43+00:00,,2026-08-24T19:00:00+00:00,34,2026-08-24T19:00:00+00:00
5746,02100000005746,10,1,USD,closed,0,0,2019-12-24T03:45:58+00:00,2022-12-21T15:00:00+00:00,,0,2022-12-21T15:00:00+00:00
5747,02100000005747,11,8,USD,active,7705.33,0,2023-10-21T14:31:58+00:00,,2026-09-15T12:00:00+00:00,23,2026-09-15T12:00:00+00:00
5748,02110000005748,10,21,USD,closed,0,0,2019-09-27T11:18:06+00:00,2024-09-24T15:00:00+00:00,,0,2024-09-24T15:00:00+00:00
5749,02110000005749,10,20,USD,closed,0,0,2019-02-09T05:34:18+00:00,2022-02-09T15:00:00+00:00,,0,2022-02-09T15:00:00+00:00
5750,02110000005750,11,24,USD,active,29777.86,0,2024-09-01T08:23:25+00:00,,2026-08-29T13:00:00+00:00,23,2026-08-29T13:00:00+00:00
5751,02100000005751,11,9,USD,active,7011.66,0,2022-04-03T20:22:39+00:00,,2026-09-01T16:00:00+00:00,10,2026-09-01T16:00:00+00:00
5752,02100000005752,10,1,USD,closed,0,0,2022-11-02T03:07:55+00:00,2024-11-01T15:00:00+00:00,,0,2024-11-01T15:00:00+00:00
5753,02110000005753,11,18,USD,closed,0,0,2017-06-11T02:17:10+00:00,2020-06-07T15:00:00+00:00,,0,2020-06-07T15:00:00+00:00
5754,02100000005754,12,6,USD,active,658412.85,0,2017-04-12T23:21:39+00:00,,2026-09-07T16:00:00+00:00,27,2026-09-07T16:00:00+00:00
5755,02110000005755,10,16,USD,active,26574.48,0,2026-05-10T21:51:17+00:00,,2026-09-04T18:00:00+00:00,11,2026-09-04T18:00:00+00:00
5756,02100000005756,10,8,USD,closed,0,0,2020-04-08T14:50:44+00:00,2025-04-04T15:00:00+00:00,,0,2025-04-04T15:00:00+00:00
5757,02100000005757,11,7,USD,closed,0,0,2023-02-13T06:56:10+00:00,2026-02-15T15:00:00+00:00,,0,2026-02-15T15:00:00+00:00
5758,02110000005758,10,21,USD,active,7337.56,0,2022-08-10T02:55:08+00:00,,2026-09-05T18:00:00+00:00,17,2026-09-05T18:00:00+00:00
5759,02110000005759,10,14,USD,active,22822.44,0,2026-05-03T01:29:47+00:00,,2026-08-28T10:00:00+00:00,37,2026-08-28T10:00:00+00:00
5760,02100000005760,10,10,USD,closed,0,0,2021-08-12T04:21:21+00:00,2023-08-07T15:00:00+00:00,,0,2023-08-07T15:00:00+00:00
5761,02110000005761,11,22,USD,active,3037.08,0,2022-04-30T11:41:18+00:00,,2026-08-27T13:00:00+00:00,35,2026-08-27T13:00:00+00:00
5762,02100000005762,10,8,USD,active,17862.50,0,2024-04-24T10:20:09+00:00,,2026-07-22T19:00:00+00:00,18,2026-07-22T19:00:00+00:00
5763,02110000005763,11,24,USD,closed,0,0,2023-02-27T01:43:31+00:00,2026-02-25T15:00:00+00:00,,0,2026-02-25T15:00:00+00:00
5764,02100000005764,13,7,USD,closed,0,0,2019-06-15T17:00:31+00:00,2022-06-11T15:00:00+00:00,,0,2022-06-11T15:00:00+00:00
5765,02100000005765,12,6,USD,active,423300.00,0,2026-09-03T03:40:19+00:00,,2026-09-03T03:40:19+00:00,9,2026-09-03T03:40:19+00:00
5766,02100000005766,11,4,USD,active,59986.69,0,2026-07-08T14:51:50+00:00,,2026-09-07T20:00:00+00:00,2,2026-09-07T20:00:00+00:00
5767,02100000005767,11,11,USD,closed,0,0,2016-08-17T20:00:18+00:00,2019-08-16T15:00:00+00:00,,0,2019-08-16T15:00:00+00:00
5768,02110000005768,10,19,USD,closed,0,0,2020-09-10T21:31:34+00:00,2025-09-05T15:00:00+00:00,,0,2025-09-05T15:00:00+00:00
5769,02100000005769,11,3,USD,closed,0,0,2017-06-17T09:11:12+00:00,2022-06-12T15:00:00+00:00,,0,2022-06-12T15:00:00+00:00
5770,02100000005770,10,8,USD,closed,0,0,2022-07-19T16:47:21+00:00,2024-07-15T15:00:00+00:00,,0,2024-07-15T15:00:00+00:00
5771,02110000005771,10,16,USD,closed,0,0,2020-12-20T01:48:01+00:00,2024-12-16T15:00:00+00:00,,0,2024-12-16T15:00:00+00:00
5772,02100000005772,12,3,USD,active,672713.46,0,2023-06-30T18:25:08+00:00,,2026-08-25T10:00:00+00:00,28,2026-08-25T10:00:00+00:00
5773,02100000005773,12,8,USD,active,434159.66,0,2025-09-08T12:45:48+00:00,,2026-09-07T12:00:00+00:00,3,2026-09-07T12:00:00+00:00
5774,02100000005774,10,9,USD,closed,0,0,2023-06-04T07:24:39+00:00,2025-05-30T15:00:00+00:00,,0,2025-05-30T15:00:00+00:00
5775,02110000005775,10,19,USD,closed,0,0,2023-06-18T14:05:09+00:00,2025-06-18T15:00:00+00:00,,0,2025-06-18T15:00:00+00:00
5776,02110000005776,10,18,USD,active,789.88,0,2022-06-06T17:02:52+00:00,,2026-05-01T17:00:00+00:00,20,2026-05-01T17:00:00+00:00
5777,02100000005777,11,6,USD,closed,0.00,0,2021-07-10T20:22:57+00:00,2026-07-08T15:00:00+00:00,2026-07-08T20:00:00+00:00,32,2026-07-08T15:00:00+00:00
5778,02100000005778,10,2,USD,active,9453.06,0,2024-05-17T06:18:34+00:00,,2026-09-11T17:00:00+00:00,12,2026-09-11T17:00:00+00:00
5779,02110000005779,12,18,USD,active,310537.21,0,2024-09-05T01:18:39+00:00,,2026-09-01T13:00:00+00:00,5,2026-09-01T13:00:00+00:00
5780,02100000005780,13,11,USD,active,382897.33,0,2025-11-30T15:11:37+00:00,,2026-08-28T14:00:00+00:00,5,2026-08-28T14:00:00+00:00
5781,02100000005781,11,11,USD,active,23045.77,0,2024-01-15T13:08:51+00:00,,2026-09-09T13:00:00+00:00,30,2026-09-09T13:00:00+00:00
5782,02110000005782,11,13,USD,closed,0.00,0,2024-07-16T05:20:28+00:00,2026-09-18T15:00:00+00:00,2026-09-18T16:00:00+00:00,23,2026-09-18T15:00:00+00:00
5783,02110000005783,11,21,USD,active,7787.57,0,2024-11-04T04:35:49+00:00,,2026-09-03T12:00:00+00:00,35,2026-09-03T12:00:00+00:00
5784,02100000005784,10,5,USD,active,30774.75,0,2025-04-13T11:59:41+00:00,,2026-09-13T18:00:00+00:00,35,2026-09-13T18:00:00+00:00
5785,02100000005785,10,9,USD,closed,0,0,2022-04-29T01:22:33+00:00,2026-04-27T15:00:00+00:00,,0,2026-04-27T15:00:00+00:00
5786,02110000005786,10,18,USD,active,3391.63,0,2025-08-22T00:45:19+00:00,,2026-09-21T20:00:00+00:00,27,2026-09-21T20:00:00+00:00
5787,02100000005787,13,6,USD,active,161682.71,0,2026-01-03T10:57:39+00:00,,2026-08-30T17:00:00+00:00,4,2026-08-30T17:00:00+00:00
5788,02110000005788,10,16,USD,closed,0,0,2021-06-10T01:58:37+00:00,2024-06-06T15:00:00+00:00,,0,2024-06-06T15:00:00+00:00
5789,02100000005789,11,11,USD,active,21433.37,0,2025-10-29T08:57:56+00:00,,2026-08-28T18:00:00+00:00,12,2026-08-28T18:00:00+00:00
5790,02110000005790,11,21,USD,closed,0,0,2018-09-25T04:31:17+00:00,2024-09-24T15:00:00+00:00,,0,2024-09-24T15:00:00+00:00
5791,02110000005791,10,15,USD,active,6078.63,0,2025-07-13T17:33:27+00:00,,2026-09-09T11:00:00+00:00,34,2026-09-09T11:00:00+00:00
5792,02100000005792,11,4,USD,active,8944.28,0,2024-07-28T01:35:48+00:00,,2026-08-22T13:00:00+00:00,34,2026-08-22T13:00:00+00:00
5793,02100000005793,11,5,USD,closed,0,0,2018-10-02T13:28:35+00:00,2021-09-26T15:00:00+00:00,,0,2021-09-26T15:00:00+00:00
5794,02110000005794,13,16,USD,active,32022.84,0,2018-01-14T10:26:25+00:00,,2026-04-30T23:59:00+00:00,1,2026-04-30T23:59:00+00:00
5795,02110000005795,10,13,USD,active,9140.76,0,2023-06-24T22:46:54+00:00,,2026-08-22T19:00:00+00:00,34,2026-08-22T19:00:00+00:00
5796,02110000005796,11,15,USD,closed,0,0,2019-12-26T05:19:50+00:00,2024-12-24T15:00:00+00:00,,0,2024-12-24T15:00:00+00:00
5797,02110000005797,13,13,USD,active,77037.13,0,2024-06-18T15:13:59+00:00,,2026-09-14T12:00:00+00:00,3,2026-09-14T12:00:00+00:00
5798,02100000005798,12,10,USD,active,218856.10,0,2023-06-09T08:59:55+00:00,,2026-09-05T20:00:00+00:00,14,2026-09-05T20:00:00+00:00
5799,02110000005799,11,23,USD,closed,0,0,2019-03-17T09:08:42+00:00,2022-03-14T15:00:00+00:00,,0,2022-03-14T15:00:00+00:00
5800,02100000005800,11,8,USD,closed,0,0,2022-04-19T18:28:24+00:00,2025-04-17T15:00:00+00:00,,0,2025-04-17T15:00:00+00:00
5801,02100000005801,13,4,USD,active,18325.21,0,2024-02-24T10:05:01+00:00,,2026-08-24T12:00:00+00:00,22,2026-08-24T12:00:00+00:00
5802,02110000005802,10,16,USD,closed,0,0,2020-01-17T19:15:07+00:00,2025-01-16T15:00:00+00:00,,0,2025-01-16T15:00:00+00:00
5803,02110000005803,10,24,USD,active,6412.30,0,2025-01-09T06:41:43+00:00,,2026-09-04T16:00:00+00:00,38,2026-09-04T16:00:00+00:00
5804,02100000005804,10,1,USD,closed,0,0,2018-06-13T01:04:24+00:00,2021-06-09T15:00:00+00:00,,0,2021-06-09T15:00:00+00:00
5805,02110000005805,11,23,USD,active,6921.34,0,2024-11-07T08:47:07+00:00,,2026-09-07T14:00:00+00:00,11,2026-09-07T14:00:00+00:00
5806,02100000005806,10,4,USD,closed,0,0,2023-04-06T17:02:02+00:00,2026-04-06T15:00:00+00:00,,0,2026-04-06T15:00:00+00:00
5807,02100000005807,10,6,USD,closed,0.00,0,2021-08-06T18:14:19+00:00,2026-08-03T15:00:00+00:00,2026-08-03T10:00:00+00:00,13,2026-08-03T15:00:00+00:00
5808,02100000005808,10,12,USD,active,1864.28,0,2022-10-24T03:53:31+00:00,,2026-08-19T20:00:00+00:00,34,2026-08-19T20:00:00+00:00
5809,02110000005809,11,16,USD,active,3852.10,0,2023-05-10T22:42:08+00:00,,2026-09-06T14:00:00+00:00,39,2026-09-06T14:00:00+00:00
5810,02110000005810,10,23,USD,active,19641.28,0,2026-08-02T00:25:16+00:00,,2026-08-28T10:00:00+00:00,6,2026-08-28T10:00:00+00:00
5811,02110000005811,11,13,USD,active,43250.30,0,2025-04-21T04:34:06+00:00,,2026-09-17T14:00:00+00:00,37,2026-09-17T14:00:00+00:00
5812,02110000005812,11,13,USD,closed,0,0,2016-06-03T17:33:21+00:00,2020-06-02T15:00:00+00:00,,0,2020-06-02T15:00:00+00:00
5813,02110000005813,10,21,USD,active,439.09,0,2018-06-02T05:43:00+00:00,,2026-04-30T23:59:00+00:00,7,2026-04-30T23:59:00+00:00
5814,02100000005814,11,2,USD,active,26656.14,0,2025-03-01T05:48:24+00:00,,2026-08-28T12:00:00+00:00,28,2026-08-28T12:00:00+00:00
5815,02110000005815,11,23,USD,active,1089.49,0,2020-12-24T15:43:40+00:00,,2026-04-30T23:59:00+00:00,28,2026-04-30T23:59:00+00:00
5816,02100000005816,11,8,USD,active,12143.71,0,2023-11-25T16:14:43+00:00,,2026-08-24T18:00:00+00:00,15,2026-08-24T18:00:00+00:00
5817,02110000005817,10,22,USD,active,29789.74,0,2026-06-21T21:00:46+00:00,,2026-09-20T11:00:00+00:00,30,2026-09-20T11:00:00+00:00
5818,02110000005818,12,15,USD,active,645849.65,0,2018-03-12T20:05:20+00:00,,2026-09-11T17:00:00+00:00,24,2026-09-11T17:00:00+00:00
5819,02110000005819,10,20,USD,closed,0,0,2016-02-22T10:18:17+00:00,2018-02-21T15:00:00+00:00,,0,2018-02-21T15:00:00+00:00
5820,02110000005820,12,24,USD,active,611791.24,0,2018-01-28T10:00:17+00:00,,2026-08-26T10:00:00+00:00,9,2026-08-26T10:00:00+00:00
5821,02110000005821,11,13,USD,active,6572.90,0,2021-03-31T02:14:15+00:00,,2026-08-25T19:00:00+00:00,15,2026-08-25T19:00:00+00:00
5822,02100000005822,10,12,USD,closed,0,0,2017-07-25T09:50:45+00:00,2022-07-20T15:00:00+00:00,,0,2022-07-20T15:00:00+00:00
5823,02110000005823,11,25,USD,active,45516.34,0,2026-06-29T11:11:19+00:00,,2026-08-26T16:00:00+00:00,30,2026-08-26T16:00:00+00:00
5824,02100000005824,10,12,USD,closed,0,0,2022-03-17T02:35:58+00:00,2025-03-13T15:00:00+00:00,,0,2025-03-13T15:00:00+00:00
5825,02100000005825,12,10,USD,active,459913.59,0,2025-01-24T02:51:44+00:00,,2026-08-20T13:00:00+00:00,22,2026-08-20T13:00:00+00:00
5826,02100000005826,10,6,USD,closed,0,0,2023-05-06T03:06:47+00:00,2025-05-04T15:00:00+00:00,,0,2025-05-04T15:00:00+00:00
5827,02100000005827,10,10,USD,closed,0,0,2016-05-31T22:48:26+00:00,2021-05-26T15:00:00+00:00,,0,2021-05-26T15:00:00+00:00
5828,02100000005828,13,2,USD,active,314498.15,0,2026-06-27T10:26:24+00:00,,2026-08-25T14:00:00+00:00,23,2026-08-25T14:00:00+00:00
5829,02100000005829,11,12,USD,active,14281.47,0,2025-01-14T08:16:28+00:00,,2026-09-13T11:00:00+00:00,25,2026-09-13T11:00:00+00:00
5830,02110000005830,12,23,USD,active,442285.79,0,2016-06-13T08:15:29+00:00,,2026-09-10T19:00:00+00:00,27,2026-09-10T19:00:00+00:00
5831,02110000005831,10,19,USD,closed,0,0,2021-01-31T12:53:43+00:00,2026-01-30T15:00:00+00:00,,0,2026-01-30T15:00:00+00:00
5832,02100000005832,10,11,USD,closed,0,0,2018-09-30T07:50:55+00:00,2020-09-28T15:00:00+00:00,,0,2020-09-28T15:00:00+00:00
5833,02100000005833,13,11,USD,closed,0,0,2019-05-18T19:23:49+00:00,2022-05-13T15:00:00+00:00,,0,2022-05-13T15:00:00+00:00
5834,02110000005834,10,23,USD,active,29061.24,0,2025-10-25T01:49:42+00:00,,2026-08-24T10:00:00+00:00,24,2026-08-24T10:00:00+00:00
5835,02110000005835,10,21,USD,active,28771.44,0,2026-04-04T21:36:52+00:00,,2026-08-30T13:00:00+00:00,3,2026-08-30T13:00:00+00:00
5836,02110000005836,13,18,USD,closed,0,0,2018-10-27T06:30:16+00:00,2021-10-21T15:00:00+00:00,,0,2021-10-21T15:00:00+00:00
5837,02110000005837,11,24,USD,closed,0,0,2022-01-22T20:23:42+00:00,2026-01-17T15:00:00+00:00,,0,2026-01-17T15:00:00+00:00
5838,02110000005838,10,22,USD,closed,0,0,2023-04-08T15:25:14+00:00,2025-04-08T15:00:00+00:00,,0,2025-04-08T15:00:00+00:00
5839,02100000005839,10,8,USD,closed,0,0,2018-02-21T18:58:45+00:00,2022-02-22T15:00:00+00:00,,0,2022-02-22T15:00:00+00:00
5840,02110000005840,10,21,USD,closed,0,0,2019-03-24T16:07:41+00:00,2021-03-22T15:00:00+00:00,,0,2021-03-22T15:00:00+00:00
5841,02110000005841,10,23,USD,active,5262.17,0,2026-03-22T12:00:27+00:00,,2026-09-17T17:00:00+00:00,26,2026-09-17T17:00:00+00:00
5842,02110000005842,10,14,USD,closed,0,0,2021-01-20T02:08:33+00:00,2023-01-17T15:00:00+00:00,,0,2023-01-17T15:00:00+00:00
5843,02110000005843,11,14,USD,active,23829.06,0,2026-03-15T11:31:01+00:00,,2026-09-11T20:00:00+00:00,17,2026-09-11T20:00:00+00:00
5844,02100000005844,10,7,USD,active,4605.34,0,2024-09-01T22:49:27+00:00,,2026-09-01T13:00:00+00:00,9,2026-09-01T13:00:00+00:00
5845,02100000005845,10,2,USD,closed,0,0,2018-10-24T00:06:12+00:00,2023-10-22T15:00:00+00:00,,0,2023-10-22T15:00:00+00:00
5846,02100000005846,10,9,USD,active,27546.03,0,2025-09-12T04:15:07+00:00,,2026-09-07T18:00:00+00:00,34,2026-09-07T18:00:00+00:00
5847,02100000005847,12,4,USD,active,480382.49,0,2021-12-20T02:21:19+00:00,,2026-09-17T20:00:00+00:00,27,2026-09-17T20:00:00+00:00
5848,02110000005848,10,20,USD,closed,0,0,2017-10-12T06:12:17+00:00,2021-10-10T15:00:00+00:00,,0,2021-10-10T15:00:00+00:00
5849,02110000005849,10,24,USD,active,26441.48,0,2026-07-06T13:55:06+00:00,,2026-09-02T10:00:00+00:00,7,2026-09-02T10:00:00+00:00
5850,02110000005850,10,19,USD,active,36969.92,0,2026-06-18T09:52:05+00:00,,2026-09-18T12:00:00+00:00,39,2026-09-18T12:00:00+00:00
5851,02100000005851,11,11,USD,closed,0,0,2022-03-21T13:51:46+00:00,2025-03-15T15:00:00+00:00,,0,2025-03-15T15:00:00+00:00
5852,02100000005852,10,3,USD,active,19589.17,0,2024-06-01T09:58:24+00:00,,2026-08-29T13:00:00+00:00,4,2026-08-29T13:00:00+00:00
5853,02110000005853,10,18,USD,active,4967.47,0,2023-09-02T01:03:27+00:00,,2026-08-30T19:00:00+00:00,26,2026-08-30T19:00:00+00:00
5854,02100000005854,10,9,USD,active,5349.74,0,2025-09-26T14:27:20+00:00,,2026-08-21T18:00:00+00:00,39,2026-08-21T18:00:00+00:00
5855,02110000005855,12,25,USD,active,320143.67,0,2016-01-14T01:15:40+00:00,,2026-09-11T11:00:00+00:00,12,2026-09-11T11:00:00+00:00
5856,02110000005856,10,13,USD,active,19848.55,0,2026-02-01T08:34:08+00:00,,2026-08-30T12:00:00+00:00,27,2026-08-30T12:00:00+00:00
5857,02100000005857,10,12,USD,active,4526.42,0,2024-09-26T13:16:34+00:00,,2026-08-26T18:00:00+00:00,7,2026-08-26T18:00:00+00:00
5858,02110000005858,10,25,USD,active,13649.48,0,2023-11-25T20:25:14+00:00,,2026-08-21T11:00:00+00:00,33,2026-08-21T11:00:00+00:00
5859,02100000005859,10,4,USD,active,24901.18,0,2026-07-05T06:12:54+00:00,,2026-09-02T16:00:00+00:00,3,2026-09-02T16:00:00+00:00
5860,02100000005860,11,6,USD,closed,0,0,2018-07-07T19:09:37+00:00,2023-07-03T15:00:00+00:00,,0,2023-07-03T15:00:00+00:00
5861,02110000005861,10,25,USD,closed,0,0,2022-04-17T03:13:57+00:00,2024-04-13T15:00:00+00:00,,0,2024-04-13T15:00:00+00:00
5862,02100000005862,11,5,USD,active,24530.48,0,2025-03-11T05:18:05+00:00,,2026-09-09T12:00:00+00:00,11,2026-09-09T12:00:00+00:00
5863,02110000005863,11,15,USD,active,15956.09,0,2026-04-01T04:26:04+00:00,,2026-08-29T17:00:00+00:00,15,2026-08-29T17:00:00+00:00
5864,02100000005864,10,5,USD,active,21938.68,0,2025-09-07T20:12:09+00:00,,2026-09-07T16:00:00+00:00,40,2026-09-07T16:00:00+00:00
5865,02110000005865,10,24,USD,closed,0,0,2018-01-22T09:22:57+00:00,2021-01-17T15:00:00+00:00,,0,2021-01-17T15:00:00+00:00
5866,02110000005866,11,23,USD,active,25085.12,0,2024-08-31T19:04:28+00:00,,2026-08-28T14:00:00+00:00,13,2026-08-28T14:00:00+00:00
5867,02100000005867,10,2,USD,active,206.23,0,2023-11-17T17:43:59+00:00,,2026-09-14T19:00:00+00:00,26,2026-09-14T19:00:00+00:00
5868,02110000005868,11,16,USD,closed,0,0,2021-11-05T17:06:05+00:00,2024-10-31T15:00:00+00:00,,0,2024-10-31T15:00:00+00:00
5869,02110000005869,10,24,USD,closed,0.00,0,2024-07-04T05:39:58+00:00,2026-07-01T15:00:00+00:00,2026-07-01T12:00:00+00:00,24,2026-07-01T15:00:00+00:00
5870,02100000005870,12,3,USD,active,785183.86,0,2026-05-08T14:05:19+00:00,,2026-09-05T13:00:00+00:00,40,2026-09-05T13:00:00+00:00
5871,02100000005871,13,7,USD,active,381400.00,0,2026-08-25T05:15:47+00:00,,2026-08-25T05:15:47+00:00,22,2026-08-25T05:15:47+00:00
5872,02110000005872,11,22,USD,closed,0,0,2019-11-03T05:31:17+00:00,2023-11-03T15:00:00+00:00,,0,2023-11-03T15:00:00+00:00
5873,02100000005873,10,1,USD,closed,0,0,2020-07-19T05:20:44+00:00,2022-07-18T15:00:00+00:00,,0,2022-07-18T15:00:00+00:00
5874,02100000005874,10,11,USD,active,23622.57,0,2026-07-28T23:17:23+00:00,,2026-08-25T20:00:00+00:00,2,2026-08-25T20:00:00+00:00
5875,02110000005875,10,23,USD,closed,0,0,2018-09-06T13:19:54+00:00,2022-09-01T15:00:00+00:00,,0,2022-09-01T15:00:00+00:00
5876,02100000005876,10,5,USD,closed,0,0,2016-12-04T01:59:55+00:00,2020-12-01T15:00:00+00:00,,0,2020-12-01T15:00:00+00:00
5877,02110000005877,12,13,USD,active,260965.15,0,2020-05-19T11:56:55+00:00,,2026-09-14T11:00:00+00:00,2,2026-09-14T11:00:00+00:00
5878,02100000005878,11,5,USD,active,21456.86,0,2023-08-10T19:45:04+00:00,,2026-09-08T14:00:00+00:00,11,2026-09-08T14:00:00+00:00
5879,02110000005879,10,16,USD,active,14531.30,0,2026-03-30T15:14:02+00:00,,2026-08-25T15:00:00+00:00,10,2026-08-25T15:00:00+00:00
5880,02100000005880,11,1,USD,closed,0.00,0,2025-06-17T17:22:57+00:00,2026-09-20T15:00:00+00:00,2026-09-20T15:00:00+00:00,8,2026-09-20T15:00:00+00:00
5881,02100000005881,10,12,USD,closed,0.00,0,2021-09-03T09:11:59+00:00,2026-09-01T15:00:00+00:00,2026-09-01T10:00:00+00:00,16,2026-09-01T15:00:00+00:00
5882,02110000005882,12,23,USD,active,366694.61,0,2017-02-02T19:49:40+00:00,,2026-08-30T18:00:00+00:00,1,2026-08-30T18:00:00+00:00
5883,02110000005883,10,22,USD,active,4891.27,0,2022-03-19T00:01:21+00:00,,2026-09-15T10:00:00+00:00,6,2026-09-15T10:00:00+00:00
5884,02110000005884,10,20,USD,active,33412.65,0,2026-04-24T20:07:47+00:00,,2026-08-21T15:00:00+00:00,34,2026-08-21T15:00:00+00:00
5885,02110000005885,11,24,USD,closed,0,0,2019-09-15T18:35:57+00:00,2024-09-10T15:00:00+00:00,,0,2024-09-10T15:00:00+00:00
5886,02110000005886,12,20,USD,active,681809.07,0,2016-02-19T21:40:31+00:00,,2026-09-20T11:00:00+00:00,23,2026-09-20T11:00:00+00:00
5887,02100000005887,10,1,USD,active,4134.25,0,2023-04-25T09:07:50+00:00,,2026-08-20T10:00:00+00:00,12,2026-08-20T10:00:00+00:00
5888,02100000005888,10,5,USD,active,14303.08,0,2025-12-11T23:44:50+00:00,,2026-09-06T11:00:00+00:00,10,2026-09-06T11:00:00+00:00
5889,02100000005889,10,12,USD,active,7587.32,0,2025-05-05T06:40:13+00:00,,2026-09-04T17:00:00+00:00,24,2026-09-04T17:00:00+00:00
5890,02110000005890,11,20,USD,closed,0,0,2022-10-30T22:20:56+00:00,2025-10-25T15:00:00+00:00,,0,2025-10-25T15:00:00+00:00
5891,02110000005891,12,21,USD,active,636929.96,0,2017-01-08T09:44:43+00:00,,2026-09-07T12:00:00+00:00,10,2026-09-07T12:00:00+00:00
5892,02100000005892,10,2,USD,closed,0,0,2019-10-01T15:17:58+00:00,2022-09-24T15:00:00+00:00,,0,2022-09-24T15:00:00+00:00
5893,02100000005893,10,6,USD,active,4414.25,0,2025-12-17T19:13:05+00:00,,2026-09-12T10:00:00+00:00,37,2026-09-12T10:00:00+00:00
5894,02110000005894,10,20,USD,active,2200.51,0,2024-05-06T18:41:54+00:00,,2026-09-02T19:00:00+00:00,28,2026-09-02T19:00:00+00:00
5895,02110000005895,13,15,USD,closed,0,0,2018-04-03T10:06:10+00:00,2023-04-01T15:00:00+00:00,,0,2023-04-01T15:00:00+00:00
5896,02110000005896,10,22,USD,closed,0,0,2024-03-17T22:27:40+00:00,2026-03-13T15:00:00+00:00,,0,2026-03-13T15:00:00+00:00
5897,02100000005897,11,12,USD,active,12804.22,0,2024-07-30T12:52:13+00:00,,2026-08-27T18:00:00+00:00,26,2026-08-27T18:00:00+00:00
5898,02100000005898,11,5,USD,closed,0,0,2017-04-03T19:00:23+00:00,2022-04-03T15:00:00+00:00,,0,2022-04-03T15:00:00+00:00
5899,02110000005899,11,14,USD,active,14404.24,0,2024-05-13T17:07:16+00:00,,2026-09-08T18:00:00+00:00,6,2026-09-08T18:00:00+00:00
5900,02110000005900,13,20,USD,active,116281.49,0,2023-08-17T09:24:56+00:00,,2026-09-13T20:00:00+00:00,4,2026-09-13T20:00:00+00:00
5901,02100000005901,10,1,USD,closed,0,0,2020-07-12T13:20:14+00:00,2024-07-07T15:00:00+00:00,,0,2024-07-07T15:00:00+00:00
5902,02110000005902,13,22,USD,active,142645.58,0,2024-07-22T19:48:30+00:00,,2026-09-21T16:00:00+00:00,3,2026-09-21T16:00:00+00:00
5903,02110000005903,13,19,USD,active,306699.26,0,2025-11-24T03:37:21+00:00,,2026-08-21T12:00:00+00:00,26,2026-08-21T12:00:00+00:00
5904,02100000005904,12,2,USD,active,264951.63,0,2026-03-19T14:02:19+00:00,,2026-09-14T16:00:00+00:00,7,2026-09-14T16:00:00+00:00
5905,02100000005905,12,7,USD,active,515878.11,0,2024-03-20T09:34:36+00:00,,2026-09-14T20:00:00+00:00,24,2026-09-14T20:00:00+00:00
5906,02100000005906,11,12,USD,closed,0,0,2019-07-15T08:03:25+00:00,2022-07-13T15:00:00+00:00,,0,2022-07-13T15:00:00+00:00
5907,02110000005907,12,22,USD,active,693419.63,0,2017-10-28T23:49:45+00:00,,2026-08-27T11:00:00+00:00,5,2026-08-27T11:00:00+00:00
5908,02110000005908,10,25,USD,closed,0,0,2019-08-16T06:00:27+00:00,2022-08-10T15:00:00+00:00,,0,2022-08-10T15:00:00+00:00
5909,02110000005909,11,24,USD,closed,0.00,0,2024-07-25T22:31:21+00:00,2026-09-21T15:00:00+00:00,2026-09-21T17:00:00+00:00,31,2026-09-21T15:00:00+00:00
5910,02110000005910,11,20,USD,closed,0,0,2018-02-08T01:41:13+00:00,2023-02-06T15:00:00+00:00,,0,2023-02-06T15:00:00+00:00
5911,02110000005911,10,20,USD,closed,0,0,2021-05-03T07:18:47+00:00,2023-05-01T15:00:00+00:00,,0,2023-05-01T15:00:00+00:00
5912,02100000005912,11,8,USD,closed,0.00,0,2024-02-01T18:03:55+00:00,2026-09-17T15:00:00+00:00,2026-09-17T20:00:00+00:00,7,2026-09-17T15:00:00+00:00
5913,02100000005913,10,11,USD,closed,0.00,0,2024-11-09T16:19:22+00:00,2026-09-21T15:00:00+00:00,2026-09-21T18:00:00+00:00,27,2026-09-21T15:00:00+00:00
5914,02110000005914,12,22,USD,active,423506.47,0,2024-11-26T04:49:01+00:00,,2026-08-23T17:00:00+00:00,15,2026-08-23T17:00:00+00:00
5915,02110000005915,10,13,USD,closed,0,0,2021-10-20T09:18:57+00:00,2023-10-15T15:00:00+00:00,,0,2023-10-15T15:00:00+00:00
5916,02100000005916,11,9,USD,active,45233.48,0,2026-02-03T07:45:21+00:00,,2026-08-31T20:00:00+00:00,38,2026-08-31T20:00:00+00:00
5917,02100000005917,13,5,USD,active,9145.86,0,2019-11-08T16:01:50+00:00,,2026-09-03T13:00:00+00:00,28,2026-09-03T13:00:00+00:00
5918,02110000005918,10,13,USD,closed,0.00,0,2024-11-27T10:12:22+00:00,2026-09-14T15:00:00+00:00,2026-09-14T16:00:00+00:00,28,2026-09-14T15:00:00+00:00
5919,02100000005919,10,9,USD,active,6317.83,0,2023-04-15T21:18:08+00:00,,2026-09-11T14:00:00+00:00,25,2026-09-11T14:00:00+00:00
5920,02100000005920,11,9,USD,closed,0,0,2020-09-26T10:21:46+00:00,2023-09-23T15:00:00+00:00,,0,2023-09-23T15:00:00+00:00
5921,02110000005921,10,14,USD,closed,0,0,2016-12-15T10:05:13+00:00,2018-12-14T15:00:00+00:00,,0,2018-12-14T15:00:00+00:00
5922,02110000005922,11,20,USD,active,3394.38,0,2017-10-02T19:43:22+00:00,,2026-04-30T23:59:00+00:00,28,2026-04-30T23:59:00+00:00
5923,02100000005923,10,6,USD,closed,0,0,2018-04-21T11:22:03+00:00,2023-04-18T15:00:00+00:00,,0,2023-04-18T15:00:00+00:00
5924,02100000005924,10,12,USD,active,6418.36,0,2023-10-27T04:22:24+00:00,,2026-08-21T12:00:00+00:00,24,2026-08-21T12:00:00+00:00
5925,02100000005925,10,4,USD,closed,0,0,2022-01-25T05:36:43+00:00,2026-01-23T15:00:00+00:00,,0,2026-01-23T15:00:00+00:00
5926,02100000005926,12,9,USD,active,557536.75,0,2025-04-04T07:13:30+00:00,,2026-08-31T12:00:00+00:00,35,2026-08-31T12:00:00+00:00
5927,02100000005927,12,6,USD,active,758393.43,0,2019-01-13T22:31:58+00:00,,2026-09-09T13:00:00+00:00,24,2026-09-09T13:00:00+00:00
5928,02110000005928,11,20,USD,closed,0,0,2017-12-23T01:30:45+00:00,2021-12-19T15:00:00+00:00,,0,2021-12-19T15:00:00+00:00
5929,02110000005929,12,19,USD,active,230443.54,0,2026-03-27T23:35:08+00:00,,2026-08-21T19:00:00+00:00,3,2026-08-21T19:00:00+00:00
5930,02100000005930,10,5,USD,closed,0,0,2021-12-12T19:49:37+00:00,2023-12-06T15:00:00+00:00,,0,2023-12-06T15:00:00+00:00
5931,02110000005931,10,16,USD,active,23490.18,0,2026-01-10T14:15:35+00:00,,2026-08-04T19:00:00+00:00,28,2026-08-04T19:00:00+00:00
5932,02110000005932,10,16,USD,closed,0,0,2021-09-05T19:23:25+00:00,2024-08-31T15:00:00+00:00,,0,2024-08-31T15:00:00+00:00
5933,02110000005933,11,13,USD,active,8651.55,0,2021-04-23T01:35:44+00:00,,2026-08-18T19:00:00+00:00,11,2026-08-18T19:00:00+00:00
5934,02110000005934,10,20,USD,active,16773.18,0,2026-06-29T08:11:24+00:00,,2026-08-27T14:00:00+00:00,16,2026-08-27T14:00:00+00:00
5935,02100000005935,10,10,USD,closed,0,0,2019-11-24T03:01:53+00:00,2021-11-19T15:00:00+00:00,,0,2021-11-19T15:00:00+00:00
5936,02110000005936,10,23,USD,closed,0,0,2022-09-19T01:52:21+00:00,2024-09-19T15:00:00+00:00,,0,2024-09-19T15:00:00+00:00
5937,02110000005937,10,15,USD,active,491.43,0,2021-11-24T06:48:26+00:00,,2026-04-30T23:59:00+00:00,24,2026-04-30T23:59:00+00:00
5938,02100000005938,10,5,USD,closed,0,0,2019-10-02T19:29:32+00:00,2024-09-26T15:00:00+00:00,,0,2024-09-26T15:00:00+00:00
5939,02110000005939,11,19,USD,active,4081.40,0,2022-03-31T02:10:32+00:00,,2026-08-28T18:00:00+00:00,20,2026-08-28T18:00:00+00:00
5940,02110000005940,10,21,USD,active,30991.08,0,2026-08-20T12:56:34+00:00,,2026-09-14T19:00:00+00:00,5,2026-09-14T19:00:00+00:00
5941,02100000005941,10,2,USD,active,27258.17,0,2025-07-25T22:41:15+00:00,,2026-08-20T17:00:00+00:00,21,2026-08-20T17:00:00+00:00
5942,02100000005942,10,8,USD,active,13488.26,0,2025-01-31T10:44:28+00:00,,2026-09-02T15:00:00+00:00,4,2026-09-02T15:00:00+00:00
5943,02100000005943,10,4,USD,closed,0,0,2020-07-30T15:44:40+00:00,2024-07-26T15:00:00+00:00,,0,2024-07-26T15:00:00+00:00
5944,02110000005944,10,22,USD,closed,0,0,2018-09-13T00:30:26+00:00,2023-09-12T15:00:00+00:00,,0,2023-09-12T15:00:00+00:00
5945,02100000005945,10,1,USD,closed,0,0,2021-04-27T04:16:56+00:00,2026-04-22T15:00:00+00:00,,0,2026-04-22T15:00:00+00:00
5946,02100000005946,13,7,USD,active,443289.59,0,2025-10-03T03:42:14+00:00,,2026-08-31T13:00:00+00:00,31,2026-08-31T13:00:00+00:00
5947,02110000005947,10,18,USD,active,14845.71,0,2026-03-26T18:12:58+00:00,,2026-08-25T19:00:00+00:00,13,2026-08-25T19:00:00+00:00
5948,02110000005948,12,19,USD,active,801490.30,0,2023-06-30T19:22:08+00:00,,2026-08-27T13:00:00+00:00,40,2026-08-27T13:00:00+00:00
5949,02100000005949,10,3,USD,closed,0.00,0,2024-11-02T19:19:19+00:00,2026-09-20T15:00:00+00:00,2026-09-20T19:00:00+00:00,28,2026-09-20T15:00:00+00:00
5950,02110000005950,13,16,USD,closed,0,0,2017-04-14T16:08:50+00:00,2024-04-13T15:00:00+00:00,,0,2024-04-13T15:00:00+00:00
5951,02100000005951,11,3,USD,active,9656.45,0,2022-06-06T14:21:50+00:00,,2026-09-05T19:00:00+00:00,27,2026-09-05T19:00:00+00:00
5952,02100000005952,11,2,USD,closed,0,0,2018-08-15T00:33:40+00:00,2023-08-10T15:00:00+00:00,,0,2023-08-10T15:00:00+00:00
5953,02110000005953,10,22,USD,active,6074.20,0,2024-05-10T20:04:13+00:00,,2026-09-06T17:00:00+00:00,16,2026-09-06T17:00:00+00:00
5954,02100000005954,10,7,USD,active,3326.26,0,2025-11-17T02:30:54+00:00,,2026-09-12T13:00:00+00:00,19,2026-09-12T13:00:00+00:00
5955,02110000005955,10,25,USD,active,33041.62,0,2026-08-05T14:17:32+00:00,,2026-09-04T10:00:00+00:00,12,2026-09-04T10:00:00+00:00
5956,02100000005956,11,6,USD,closed,0,0,2021-11-23T16:47:50+00:00,2025-11-23T15:00:00+00:00,,0,2025-11-23T15:00:00+00:00
5957,02100000005957,10,1,USD,closed,0,0,2022-05-06T20:03:57+00:00,2025-04-30T15:00:00+00:00,,0,2025-04-30T15:00:00+00:00
5958,02100000005958,11,5,USD,active,52459.71,0,2026-06-22T06:06:03+00:00,,2026-09-21T12:00:00+00:00,31,2026-09-21T12:00:00+00:00
5959,02100000005959,12,2,USD,active,355687.18,0,2024-09-01T17:26:08+00:00,,2026-08-27T11:00:00+00:00,36,2026-08-27T11:00:00+00:00
5960,02100000005960,11,6,USD,active,947.94,0,2019-05-14T19:05:16+00:00,,2026-04-30T23:59:00+00:00,21,2026-04-30T23:59:00+00:00
5961,02100000005961,11,2,USD,active,28730.57,0,2025-11-13T01:48:57+00:00,,2026-09-09T12:00:00+00:00,23,2026-09-09T12:00:00+00:00
5962,02110000005962,10,24,USD,closed,0,0,2018-01-17T00:35:26+00:00,2021-01-12T15:00:00+00:00,,0,2021-01-12T15:00:00+00:00
5963,02100000005963,12,9,USD,active,376025.72,0,2024-10-12T05:57:20+00:00,,2026-09-10T13:00:00+00:00,21,2026-09-10T13:00:00+00:00
5964,02110000005964,11,24,USD,active,2089.18,0,2018-02-10T17:21:48+00:00,,2026-04-30T23:59:00+00:00,28,2026-04-30T23:59:00+00:00
5965,02100000005965,11,1,USD,closed,0.00,0,2021-06-25T11:14:28+00:00,2026-06-21T15:00:00+00:00,2026-06-21T15:00:00+00:00,11,2026-06-21T15:00:00+00:00
5966,02100000005966,10,4,USD,active,23752.45,0,2025-12-20T20:05:42+00:00,,2026-09-19T20:00:00+00:00,25,2026-09-19T20:00:00+00:00
5967,02110000005967,11,14,USD,closed,0,0,2019-12-17T06:45:01+00:00,2025-12-14T15:00:00+00:00,,0,2025-12-14T15:00:00+00:00
5968,02100000005968,13,11,USD,active,250386.77,0,2023-11-13T17:34:49+00:00,,2026-09-12T15:00:00+00:00,5,2026-09-12T15:00:00+00:00
5969,02100000005969,12,9,USD,active,300085.31,0,2024-05-18T11:50:08+00:00,,2026-09-15T15:00:00+00:00,28,2026-09-15T15:00:00+00:00
5970,02100000005970,11,5,USD,closed,0,0,2017-07-20T02:05:37+00:00,2023-07-19T15:00:00+00:00,,0,2023-07-19T15:00:00+00:00
5971,02110000005971,10,23,USD,active,4603.86,0,2025-02-16T14:32:23+00:00,,2026-09-18T12:00:00+00:00,2,2026-09-18T12:00:00+00:00
5972,02110000005972,11,24,USD,active,6134.76,0,2021-10-31T09:08:19+00:00,,2026-07-24T15:00:00+00:00,6,2026-07-24T15:00:00+00:00
5973,02100000005973,12,11,USD,active,643361.51,0,2026-06-19T00:18:50+00:00,,2026-09-18T15:00:00+00:00,32,2026-09-18T15:00:00+00:00
5974,02100000005974,11,2,USD,closed,0,0,2017-02-18T03:35:50+00:00,2023-02-19T15:00:00+00:00,,0,2023-02-19T15:00:00+00:00
5975,02110000005975,10,23,USD,closed,0,0,2019-01-06T11:05:29+00:00,2023-01-04T15:00:00+00:00,,0,2023-01-04T15:00:00+00:00
5976,02110000005976,11,14,USD,active,34944.65,0,2025-03-26T10:37:54+00:00,,2026-08-24T11:00:00+00:00,20,2026-08-24T11:00:00+00:00
5977,02110000005977,13,23,USD,active,187759.62,0,2024-06-24T00:38:11+00:00,,2026-08-20T10:00:00+00:00,9,2026-08-20T10:00:00+00:00
5978,02110000005978,11,22,USD,active,33201.71,0,2026-03-21T04:53:21+00:00,,2026-09-16T17:00:00+00:00,12,2026-09-16T17:00:00+00:00
5979,02100000005979,10,8,USD,active,14775.01,0,2024-10-13T14:18:22+00:00,,2026-09-08T12:00:00+00:00,7,2026-09-08T12:00:00+00:00
5980,02100000005980,10,12,USD,closed,0,0,2019-06-25T10:07:56+00:00,2022-06-23T15:00:00+00:00,,0,2022-06-23T15:00:00+00:00
5981,02110000005981,11,23,USD,active,12817.51,0,2023-11-22T16:01:48+00:00,,2026-09-20T16:00:00+00:00,39,2026-09-20T16:00:00+00:00
5982,02110000005982,10,16,USD,closed,0.00,0,2023-05-15T04:06:35+00:00,2026-05-12T15:00:00+00:00,2026-05-12T14:00:00+00:00,13,2026-05-12T15:00:00+00:00
5983,02110000005983,10,25,USD,active,2090.82,0,2024-11-17T15:14:01+00:00,,2026-09-17T16:00:00+00:00,26,2026-09-17T16:00:00+00:00
5984,02110000005984,11,15,USD,active,10564.50,0,2023-07-07T09:28:08+00:00,,2026-09-01T19:00:00+00:00,10,2026-09-01T19:00:00+00:00
5985,02100000005985,10,4,USD,active,3185.39,0,2026-03-26T19:10:08+00:00,,2026-08-21T11:00:00+00:00,5,2026-08-21T11:00:00+00:00
5986,02110000005986,11,23,USD,active,19158.43,0,2024-12-30T14:01:57+00:00,,2026-08-25T15:00:00+00:00,4,2026-08-25T15:00:00+00:00
5987,02110000005987,11,23,USD,active,13219.08,0,2025-11-30T19:03:00+00:00,,2026-08-25T14:00:00+00:00,10,2026-08-25T14:00:00+00:00
5988,02100000005988,11,3,USD,active,33086.10,0,2026-06-11T12:32:37+00:00,,2026-09-11T13:00:00+00:00,19,2026-09-11T13:00:00+00:00
5989,02100000005989,10,6,USD,active,24735.44,0,2025-07-25T07:39:51+00:00,,2026-08-24T10:00:00+00:00,32,2026-08-24T10:00:00+00:00
5990,02100000005990,10,4,USD,closed,0,0,2018-09-04T06:39:54+00:00,2023-08-31T15:00:00+00:00,,0,2023-08-31T15:00:00+00:00
5991,02100000005991,10,4,USD,closed,0,0,2018-08-18T19:36:46+00:00,2020-08-15T15:00:00+00:00,,0,2020-08-15T15:00:00+00:00
5992,02100000005992,11,11,USD,active,34299.08,0,2025-09-23T17:15:47+00:00,,2026-06-20T20:00:00+00:00,38,2026-06-20T20:00:00+00:00
5993,02110000005993,11,20,USD,active,16757.90,0,2025-02-14T03:23:06+00:00,,2026-09-15T15:00:00+00:00,11,2026-09-15T15:00:00+00:00
5994,02110000005994,10,14,USD,active,1365.12,0,2018-09-24T16:40:43+00:00,,2026-04-30T23:59:00+00:00,27,2026-04-30T23:59:00+00:00
5995,02110000005995,12,15,USD,active,755886.86,0,2023-09-13T06:27:03+00:00,,2026-09-09T13:00:00+00:00,39,2026-09-09T13:00:00+00:00
5996,02100000005996,11,11,USD,active,14647.92,0,2024-07-14T17:33:17+00:00,,2026-09-12T20:00:00+00:00,32,2026-09-12T20:00:00+00:00
5997,02110000005997,10,16,USD,active,10424.30,0,2024-11-10T01:09:31+00:00,,2026-09-09T11:00:00+00:00,38,2026-09-09T11:00:00+00:00
5998,02110000005998,11,18,USD,active,479.83,0,2016-02-10T08:25:01+00:00,,2026-04-30T23:59:00+00:00,25,2026-04-30T23:59:00+00:00
5999,02110000005999,10,19,USD,closed,0,0,2019-08-11T02:17:38+00:00,2024-08-09T15:00:00+00:00,,0,2024-08-09T15:00:00+00:00
6000,02110000006000,12,21,USD,active,455150.55,0,2025-12-18T10:04:57+00:00,,2026-09-17T18:00:00+00:00,3,2026-09-17T18:00:00+00:00
6001,02110000006001,10,13,USD,closed,0,0,2017-12-26T00:31:33+00:00,2019-12-23T15:00:00+00:00,,0,2019-12-23T15:00:00+00:00
6002,02100000006002,10,7,USD,active,10752.62,0,2025-03-03T12:18:33+00:00,,2026-09-01T14:00:00+00:00,20,2026-09-01T14:00:00+00:00
6003,02100000006003,11,3,USD,closed,0,0,2019-03-28T02:48:48+00:00,2025-03-27T15:00:00+00:00,,0,2025-03-27T15:00:00+00:00
6004,02110000006004,10,25,USD,closed,0,0,2019-04-07T19:54:01+00:00,2024-04-03T15:00:00+00:00,,0,2024-04-03T15:00:00+00:00
6005,02110000006005,11,20,USD,active,17991.36,0,2024-05-28T23:43:51+00:00,,2026-08-27T11:00:00+00:00,33,2026-08-27T11:00:00+00:00
6006,02100000006006,12,5,USD,active,280796.71,0,2018-09-21T03:35:12+00:00,,2026-09-21T17:00:00+00:00,8,2026-09-21T17:00:00+00:00
6007,02100000006007,11,6,USD,active,47135.18,0,2025-06-29T00:51:16+00:00,,2026-08-26T12:00:00+00:00,36,2026-08-26T12:00:00+00:00
6008,02110000006008,11,13,USD,active,27653.71,0,2026-03-27T13:17:19+00:00,,2026-08-23T10:00:00+00:00,40,2026-08-23T10:00:00+00:00
6009,02110000006009,13,24,USD,active,353585.36,0,2026-02-19T16:00:24+00:00,,2026-09-21T14:00:00+00:00,7,2026-09-21T14:00:00+00:00
6010,02100000006010,12,3,USD,active,393082.62,0,2025-09-17T01:27:53+00:00,,2026-09-12T14:00:00+00:00,34,2026-09-12T14:00:00+00:00
6011,02100000006011,11,12,USD,closed,0,0,2021-03-12T14:42:17+00:00,2024-03-11T15:00:00+00:00,,0,2024-03-11T15:00:00+00:00
6012,02100000006012,10,2,USD,closed,0.00,0,2024-07-01T06:21:21+00:00,2026-06-24T15:00:00+00:00,2026-06-24T13:00:00+00:00,19,2026-06-24T15:00:00+00:00
6013,02100000006013,11,6,USD,active,22141.35,0,2024-05-05T07:39:10+00:00,,2026-08-30T11:00:00+00:00,28,2026-08-30T11:00:00+00:00
6014,02100000006014,13,10,USD,active,19823.39,0,2025-06-11T14:35:31+00:00,,2026-09-06T18:00:00+00:00,36,2026-09-06T18:00:00+00:00
6015,02110000006015,12,21,USD,active,737487.67,0,2020-06-26T15:36:37+00:00,,2026-08-23T10:00:00+00:00,36,2026-08-23T10:00:00+00:00
6016,02110000006016,10,25,USD,active,3030.64,0,2024-02-25T03:52:19+00:00,,2026-08-26T17:00:00+00:00,18,2026-08-26T17:00:00+00:00
6017,02110000006017,10,19,USD,active,26997.48,0,2026-03-16T07:46:00+00:00,,2026-09-15T20:00:00+00:00,12,2026-09-15T20:00:00+00:00
6018,02110000006018,11,25,USD,active,25722.16,0,2026-04-22T17:53:15+00:00,,2026-09-21T17:00:00+00:00,33,2026-09-21T17:00:00+00:00
6019,02100000006019,11,2,USD,closed,0,0,2020-05-19T01:43:19+00:00,2023-05-16T15:00:00+00:00,,0,2023-05-16T15:00:00+00:00
6020,02110000006020,11,22,USD,active,26959.87,0,2025-11-09T19:20:11+00:00,,2026-09-09T15:00:00+00:00,11,2026-09-09T15:00:00+00:00
6021,02110000006021,11,14,USD,active,7540.09,0,2021-04-07T07:06:27+00:00,,2026-09-04T11:00:00+00:00,24,2026-09-04T11:00:00+00:00
6022,02110000006022,11,24,USD,active,2201.76,0,2021-08-25T19:02:16+00:00,,2026-04-30T23:59:00+00:00,15,2026-04-30T23:59:00+00:00
6023,02110000006023,12,21,USD,active,467855.41,0,2026-03-17T14:32:14+00:00,,2026-09-14T15:00:00+00:00,8,2026-09-14T15:00:00+00:00
6024,02110000006024,11,13,USD,closed,0.00,0,2021-10-29T06:55:59+00:00,2026-09-19T15:00:00+00:00,2026-09-19T18:00:00+00:00,19,2026-09-19T15:00:00+00:00
6025,02110000006025,10,19,USD,active,6615.63,0,2026-08-05T03:29:19+00:00,,2026-09-01T12:00:00+00:00,7,2026-09-01T12:00:00+00:00
6026,02100000006026,10,3,USD,closed,0,0,2023-08-19T06:15:32+00:00,2025-08-17T15:00:00+00:00,,0,2025-08-17T15:00:00+00:00
6027,02110000006027,13,24,USD,active,147157.93,0,2022-06-02T20:23:17+00:00,,2026-08-31T16:00:00+00:00,39,2026-08-31T16:00:00+00:00
6028,02100000006028,13,10,USD,closed,0,0,2017-02-17T12:44:22+00:00,2024-02-19T15:00:00+00:00,,0,2024-02-19T15:00:00+00:00
6029,02110000006029,11,13,USD,closed,0,0,2019-05-30T10:41:43+00:00,2025-05-27T15:00:00+00:00,,0,2025-05-27T15:00:00+00:00
6030,02110000006030,11,19,USD,active,7841.68,0,2023-04-02T02:13:42+00:00,,2026-09-02T10:00:00+00:00,34,2026-09-02T10:00:00+00:00
