address_id,customer_id,address_type,line1,line2,city,state,postal_code,country,valid_from,valid_to
1,1,residential,502 Williams Streets,Apt 6,Tampa,FL,55677,US,2021-06-11,
2,2,residential,1771 Marc Drive Apt. 249,,Philadelphia,PA,83479,US,2010-04-16,
3,2,mailing,9847 Garcia Squares Apt. 836,Apt 24,Philadelphia,PA,59687,US,2010-04-16,
4,3,residential,528 Brenda Points,,Miami,FL,74121,US,2023-11-18,2025-02-08
5,3,residential,165 Parrish Stravenue Apt. 494,,Miami,FL,46591,US,2025-02-08,
6,4,residential,402 Park Inlet,Suite 884,Cleveland,OH,45042,US,2026-01-28,
7,5,residential,599 Nicole Drives Apt. 901,,Philadelphia,PA,36166,US,2026-04-21,
8,6,residential,003 Dougherty Trafficway Apt. 445,Apt 10,Jersey City,NJ,16227,US,2010-10-31,
9,7,residential,664 Richard Islands Apt. 975,Suite 281,Brooklyn,NY,12052,US,2018-02-17,
10,8,residential,2312 Gonzalez Rapids Apt. 127,Apt 18,Houston,TX,61312,US,2017-02-09,
11,9,residential,8147 Johnson Land,Suite 859,Dallas,TX,38128,US,2018-12-15,
12,9,mailing,199 Ford Plaza,,Dallas,TX,97352,US,2018-12-15,2025-12-18
13,9,mailing,9359 Mason Circle,,Dallas,TX,59551,US,2025-12-18,
14,10,residential,5905 Mark Point Suite 449,Apt 2,Columbus,OH,20210,US,2012-08-03,
15,11,residential,685 Michael Falls,Apt 7,Charlotte,NC,28575,US,2018-11-24,
16,12,residential,29270 Diaz Stravenue,,Miami,FL,31634,US,2014-09-25,2023-10-01
17,12,residential,473 Kyle Valleys Suite 359,Suite 331,Miami,FL,58250,US,2023-10-01,
18,13,residential,24782 Davis Forges Suite 506,Apt 26,Tampa,FL,07481,US,2013-01-24,
19,14,residential,04328 Rodriguez Heights,,Dallas,TX,31648,US,2012-08-28,
20,15,residential,539 Lopez Skyway,,Raleigh,NC,11722,US,2022-12-29,
21,16,residential,19520 Payne Via Apt. 772,Apt 10,Cleveland,OH,18176,US,2019-12-22,
22,16,mailing,704 Bradley Flats,,Cleveland,OH,05993,US,2019-12-22,
23,17,residential,5277 Glass Path Suite 161,Apt 10,Brooklyn,NY,56941,US,2020-03-17,
24,18,residential,0165 Stephanie Divide Suite 021,,Jersey City,NJ,31433,US,2010-01-27,
25,19,residential,10278 Mcintyre Crest Suite 473,,Jersey City,NJ,80700,US,2025-05-04,
26,20,residential,8313 Joel Park,,Philadelphia,PA,03946,US,2025-11-08,
27,20,mailing,957 Cheryl Corners Apt. 467,,Philadelphia,PA,69404,US,2025-11-08,
28,21,residential,82422 Donovan Fork,,Atlanta,GA,45854,US,2017-11-30,
29,22,residential,99590 Christopher Row,,Miami,FL,76099,US,2013-01-29,
30,23,residential,6773 Lawson Island,,New York,NY,94658,US,2021-09-03,
31,24,residential,6963 Lisa Ports,,Detroit,MI,95020,US,2017-07-27,
32,25,residential,7974 Melanie Meadows,Suite 123,Raleigh,NC,18056,US,2022-10-26,
33,26,residential,16558 Fischer Flat,,Cleveland,OH,79467,US,2008-12-03,2025-01-14
34,26,residential,000 Jennifer Unions Suite 872,Apt 17,Cleveland,OH,79964,US,2025-01-14,
35,27,residential,5169 Robles Stream,,Stamford,CT,90684,US,2011-07-13,
36,28,residential,130 Edwards Drive,,Atlanta,GA,54628,US,2026-02-03,2026-02-20
37,28,residential,8970 April Points,Apt 28,Atlanta,GA,43105,US,2026-02-20,
38,29,residential,4375 Bailey Underpass,,Brooklyn,NY,95090,US,2009-05-09,
39,30,residential,484 Daniel Streets,,Chicago,IL,77418,US,2020-06-10,
40,31,residential,5401 Amanda Stream,Suite 370,Stamford,CT,05389,US,2008-10-25,
41,32,residential,7887 Melissa Mountain Suite 315,,Dallas,TX,21799,US,2022-02-26,2023-08-12
42,32,residential,420 Gibbs Port Apt. 296,Apt 6,Dallas,TX,56560,US,2023-08-12,
43,33,residential,5301 Parker Lodge,Suite 867,Austin,TX,90426,US,2016-12-28,
44,34,residential,8783 Erin Ranch Apt. 878,Apt 22,Newark,NJ,92745,US,2022-03-19,
45,34,mailing,91088 Ashley Drive Apt. 587,,Newark,NJ,15736,US,2022-03-19,
46,35,residential,0391 Rodney Squares Apt. 801,,Brooklyn,NY,62376,US,2019-01-05,
47,36,residential,86823 Katelyn Hills,,Newark,NJ,61187,US,2018-02-21,2020-06-22
48,36,residential,633 Reed Harbor Apt. 106,Apt 6,Newark,NJ,81100,US,2020-06-22,
49,37,residential,439 Ray Trail,Apt 15,Dallas,TX,88651,US,2021-08-21,
50,38,residential,566 Kevin Ferry Suite 334,Suite 607,Brooklyn,NY,93244,US,2016-01-17,
51,39,residential,46990 Jacob Trace,,Dallas,TX,77516,US,2013-07-26,2015-04-13
52,39,residential,3540 Sharon Streets,Suite 146,Dallas,TX,15877,US,2015-04-13,
53,40,residential,771 Gill Island Apt. 556,Apt 1,Dallas,TX,06493,US,2015-11-16,
54,41,residential,7772 Jackson Stravenue Suite 280,,Columbus,OH,69175,US,2024-04-01,
55,42,residential,700 Smith Pines Suite 840,Apt 24,Jersey City,NJ,66327,US,2017-11-26,
56,43,residential,7933 Sutton Vista Apt. 016,Suite 741,New York,NY,50211,US,2010-07-03,
57,44,residential,48902 Smith Fords,Suite 401,Philadelphia,PA,77444,US,2015-10-27,
58,45,residential,3159 Novak Islands,Suite 705,Austin,TX,04384,US,2026-02-26,
59,45,mailing,7358 Reynolds Springs Suite 194,,Austin,TX,32803,US,2026-02-26,
60,46,residential,26788 Garcia Corners,,Raleigh,NC,46889,US,2009-03-05,
61,47,residential,7212 Hill Hills Suite 154,Apt 24,Dallas,TX,32822,US,2012-04-20,
62,48,residential,9375 Tamara Island Suite 793,Apt 6,Cleveland,OH,43215,US,2022-10-28,
63,49,residential,43426 Jones Rapid Suite 968,,Stamford,CT,66903,US,2026-07-09,
64,50,residential,6101 Walker Summit Apt. 756,,Chicago,IL,61195,US,2022-07-19,2022-10-30
65,50,residential,0714 Knapp Corner,Apt 30,Chicago,IL,15714,US,2022-10-30,
66,51,residential,1238 Andrea Isle,,Boston,MA,73881,US,2009-12-14,
67,52,residential,1918 Michael Flat,,New York,NY,60473,US,2016-02-20,
68,52,mailing,7859 Carr Radial,Suite 255,New York,NY,15473,US,2016-02-20,
69,53,residential,286 Carlson Ports Suite 627,,Dallas,TX,83797,US,2025-08-22,
70,54,residential,876 Perry Ville Suite 721,,Columbus,OH,74608,US,2020-03-27,
71,55,residential,078 Veronica Cove Apt. 407,,Cleveland,OH,34948,US,2019-12-08,
72,56,residential,498 Mario Squares Suite 494,Suite 652,Boston,MA,67926,US,2017-08-24,
73,57,residential,667 Cynthia Trafficway Apt. 684,Apt 24,Tampa,FL,91557,US,2023-08-07,
74,58,residential,4589 Ashlee Oval Suite 001,,Houston,TX,82575,US,2013-07-18,
75,59,residential,206 Barber Throughway Apt. 611,Apt 17,Philadelphia,PA,00643,US,2009-09-16,
76,60,residential,5426 Darlene Springs,,Pittsburgh,PA,19225,US,2021-07-24,
77,61,residential,6523 Newman Gateway Suite 043,,Cleveland,OH,68363,US,2014-11-05,
78,62,residential,2696 Payne Extensions Suite 109,Apt 6,Philadelphia,PA,09352,US,2013-06-13,
79,63,residential,1832 Myers Roads,Suite 241,Columbus,OH,85676,US,2015-09-27,
80,64,residential,202 Benton Pike,Apt 18,Newark,NJ,68294,US,2010-10-05,
81,65,residential,8507 Michael Glens Apt. 913,,Houston,TX,97596,US,2018-08-08,
82,65,mailing,03075 Mora Fall,Apt 17,Houston,TX,05136,US,2018-08-08,
83,66,residential,1744 Miller Motorway,,Houston,TX,01545,US,2022-08-01,
84,67,residential,050 Sweeney Stream Suite 138,,Jersey City,NJ,31718,US,2012-10-07,
85,68,residential,99062 Kelly Vista Suite 655,,Philadelphia,PA,59844,US,2013-07-10,2018-11-23
86,68,residential,13291 Daniel Mission Suite 561,Suite 711,Philadelphia,PA,70745,US,2018-11-23,
87,69,residential,442 Stephanie Walk,Suite 667,Chicago,IL,59771,US,2012-12-28,
88,70,residential,13721 Martinez Mountain,Suite 351,Newark,NJ,07138,US,2013-08-24,
89,71,residential,476 Brown Harbors,Apt 27,Detroit,MI,50703,US,2025-10-24,
90,72,residential,2059 Anthony Valleys Suite 078,,Baltimore,MD,47350,US,2021-09-13,
91,73,residential,059 Anna Field Suite 842,Suite 102,Washington,DC,64783,US,2013-01-22,
92,73,mailing,03930 Smith Ridges,,Washington,DC,26907,US,2013-01-22,
93,74,residential,4522 Conner Oval,Apt 4,Detroit,MI,85590,US,2017-12-22,
94,75,residential,95939 Sharon Divide,,Hartford,CT,43907,US,2025-05-09,
95,76,residential,67626 Macias Keys,,Boston,MA,72069,US,2024-10-06,
96,76,mailing,79327 Lauren Bypass Suite 054,Suite 856,Boston,MA,14227,US,2024-10-06,
97,77,residential,15336 Guerrero Hills,Suite 809,Columbus,OH,31636,US,2021-10-29,
98,78,residential,1467 Jacobson Greens,,Raleigh,NC,12446,US,2023-10-29,
99,79,residential,693 Mary Viaduct Suite 879,,Columbus,OH,31387,US,2011-08-10,
100,80,residential,1632 Flores Stream,,New York,NY,09284,US,2008-07-07,
101,81,residential,91485 Baker Shoal,,Newark,NJ,64147,US,2019-08-04,
102,82,residential,4471 Dennis Summit Suite 546,Apt 20,Charlotte,NC,79796,US,2018-05-14,
103,83,residential,33030 Williams Lake,,Boston,MA,92858,US,2016-06-01,
104,84,residential,41406 Frank Ports Apt. 333,Suite 697,Brooklyn,NY,35770,US,2011-06-12,
105,85,residential,7437 Byrd Views Suite 910,,Tampa,FL,67546,US,2013-05-24,
106,86,residential,309 Guerrero Springs,,Washington,DC,18841,US,2024-11-02,
107,87,residential,82417 Joyce Stream Apt. 513,Apt 27,Detroit,MI,47068,US,2017-03-11,
108,88,residential,684 Brown Walk,,Philadelphia,PA,20263,US,2014-08-19,2015-04-19
109,88,residential,56972 Huffman Falls,,Philadelphia,PA,11093,US,2015-04-19,
110,89,residential,6008 Jessica Bridge Suite 830,,Pittsburgh,PA,89203,US,2012-07-23,
111,90,residential,2575 Frederick Valleys Suite 033,,Cleveland,OH,95812,US,2020-04-01,
112,91,residential,167 Martinez Glen,Suite 229,Columbus,OH,62681,US,2025-01-26,
113,92,residential,17393 Decker Flats Suite 642,Apt 17,Detroit,MI,05665,US,2011-02-07,
114,93,residential,4470 Lisa Well,Apt 10,Detroit,MI,05671,US,2019-10-29,
115,94,residential,2166 Nelson Lights Suite 621,Apt 14,Hartford,CT,17869,US,2013-06-20,
116,95,residential,67014 Smith Ways Apt. 588,,Richmond,VA,90710,US,2012-05-01,2018-07-13
117,95,residential,3756 Mary Point,,Richmond,VA,80836,US,2018-07-13,
118,96,residential,3177 Miller Parks Suite 517,Suite 857,Stamford,CT,98180,US,2014-03-09,
119,97,residential,5899 Moran Lakes,,Charlotte,NC,94337,US,2022-07-07,
120,98,residential,9331 Lewis Views,,Newark,NJ,25480,US,2021-05-23,
121,99,residential,782 Jessica Crossroad Apt. 699,,Richmond,VA,42685,US,2017-04-06,
122,100,residential,833 Claudia Highway Suite 228,,Cleveland,OH,71606,US,2018-07-13,
123,101,residential,034 Tonya Springs,,Houston,TX,33342,US,2020-07-04,
124,102,residential,6658 Alexander Glen,,Raleigh,NC,27120,US,2011-03-09,
125,103,residential,81606 Hawkins Curve,Suite 352,Dallas,TX,21594,US,2018-11-21,
126,104,residential,328 Kristie Estate Suite 886,Apt 20,Baltimore,MD,12552,US,2014-06-05,
127,105,residential,56164 Johnson Path,,Hartford,CT,49647,US,2015-04-18,
128,106,residential,86120 Love Camp,,Washington,DC,11972,US,2009-06-02,2023-09-30
129,106,residential,24819 Rhonda Lodge,Apt 23,Washington,DC,51361,US,2023-09-30,
130,106,mailing,665 Perry Crest Apt. 919,,Washington,DC,06466,US,2009-06-02,
131,107,residential,684 Kenneth Underpass,,Miami,FL,96095,US,2014-01-23,
132,108,residential,822 Jeffrey Village Suite 312,Suite 791,Pittsburgh,PA,88447,US,2010-04-20,
133,109,residential,31491 Louis Mission Suite 949,,Jersey City,NJ,20475,US,2019-11-18,
134,109,mailing,6205 Kristen Station Suite 452,,Jersey City,NJ,89574,US,2019-11-18,
135,110,residential,099 Hammond Forest,Suite 294,Dallas,TX,05305,US,2012-02-02,
136,111,residential,392 Sean Fall,Suite 385,Pittsburgh,PA,74734,US,2011-12-18,
137,112,residential,7700 Garcia Pike Suite 498,,Jersey City,NJ,75233,US,2022-03-24,
138,113,residential,2318 Lewis Ferry,Suite 615,Newark,NJ,21126,US,2026-02-16,
139,114,residential,922 Patricia Drive,Suite 842,Brooklyn,NY,07829,US,2022-01-13,
140,115,residential,298 Jackson Spur,,New York,NY,45415,US,2020-01-05,
141,115,mailing,913 Cruz Coves Apt. 388,,New York,NY,90202,US,2020-01-05,
142,116,residential,0863 Clarke Light Suite 991,Apt 17,Boston,MA,56270,US,2008-12-18,
143,117,residential,356 Rodriguez Meadow Suite 486,,Hartford,CT,74513,US,2012-07-16,
144,118,residential,213 Logan Estates Apt. 386,Suite 407,Philadelphia,PA,44860,US,2017-05-13,
145,119,residential,066 Dawson Ranch,,Chicago,IL,08032,US,2013-09-01,
146,120,residential,3021 Chan Knoll,Apt 2,Austin,TX,88274,US,2025-02-26,
147,121,residential,042 Hunter Points Apt. 845,,Houston,TX,15837,US,2017-06-12,
148,122,residential,1633 Gutierrez Knoll,Suite 182,Pittsburgh,PA,68200,US,2019-02-28,
149,123,residential,373 Jill Well,,Chicago,IL,35288,US,2012-09-07,
150,124,residential,472 Sanders Terrace Apt. 086,,Austin,TX,63195,US,2012-12-26,2022-05-10
151,124,residential,562 Bray Square,,Austin,TX,68423,US,2022-05-10,
152,125,residential,76365 Dickerson Harbors Suite 292,,Pittsburgh,PA,75984,US,2021-01-18,2022-01-27
153,125,residential,43866 Dustin Streets,,Pittsburgh,PA,20102,US,2022-01-27,
154,126,residential,34717 Green Lake,,Jersey City,NJ,73947,US,2009-06-24,
155,127,residential,716 Ford Drive Apt. 569,,Cleveland,OH,75426,US,2017-09-06,
156,128,residential,02341 Garrett Cove,,Jersey City,NJ,13025,US,2026-01-28,
157,129,residential,2282 Austin Knolls Suite 778,Apt 11,New York,NY,36206,US,2017-07-17,
158,129,mailing,82997 Mills Route Suite 578,Suite 509,New York,NY,30271,US,2017-07-17,
159,130,residential,9308 Lopez Points Suite 632,,Columbus,OH,94209,US,2021-03-12,
160,130,mailing,3416 Zachary Union Suite 484,Suite 593,Columbus,OH,54621,US,2021-03-12,
161,131,residential,4270 Christopher Bridge,,Charlotte,NC,65195,US,2010-12-20,
162,132,residential,46013 Wise Mills,Apt 21,Cleveland,OH,32897,US,2024-02-29,
163,133,residential,435 Michelle Forge Apt. 365,,Boston,MA,02475,US,2014-04-22,
164,134,residential,005 Jacqueline Turnpike Apt. 273,,Dallas,TX,42016,US,2013-12-03,
165,135,residential,92855 Hill Village Apt. 182,,Austin,TX,59402,US,2010-09-25,2023-08-09
166,135,residential,8570 Gross Brook Suite 935,,Austin,TX,95004,US,2023-08-09,
167,136,residential,20317 Corey Ports,Apt 16,Austin,TX,84616,US,2010-10-30,
168,137,residential,0948 Jessica Village Suite 138,Suite 817,Richmond,VA,13230,US,2014-04-03,
169,138,residential,86852 Mahoney Island,,Atlanta,GA,72601,US,2023-10-02,
170,139,residential,0049 Zachary Hollow Apt. 433,Suite 220,Dallas,TX,41776,US,2014-12-24,
171,140,residential,44196 Jessica Stream,Apt 20,Detroit,MI,43059,US,2018-12-31,
172,141,residential,39060 Warren Island Apt. 583,Suite 123,Richmond,VA,20580,US,2013-02-06,
173,142,residential,641 Shaw Trail,,Miami,FL,91972,US,2022-09-21,
174,143,residential,665 Lee Key,,Houston,TX,78341,US,2017-08-13,2024-05-01
175,143,residential,2597 Scott Viaduct,,Houston,TX,31104,US,2024-05-01,
176,144,residential,83388 Dunn Road Apt. 069,,Stamford,CT,87470,US,2020-02-05,
177,145,residential,8157 Jacob Parkway,,Washington,DC,60530,US,2010-08-04,
178,146,residential,0843 Matthew Lock Apt. 168,Apt 6,Philadelphia,PA,89367,US,2012-01-02,
179,147,residential,8262 Lonnie Point,,Austin,TX,70357,US,2017-12-07,
180,148,residential,949 Caitlyn Fort,,Raleigh,NC,90596,US,2017-11-07,
181,149,residential,46333 Gregory Mill Suite 573,,Baltimore,MD,56541,US,2011-04-04,
182,150,residential,860 Black Roads,,Chicago,IL,06962,US,2022-12-10,
183,151,residential,826 Morris Burg,Suite 538,Cleveland,OH,23946,US,2021-02-10,
184,152,residential,8602 Cunningham Shoals,,Newark,NJ,20173,US,2023-09-01,
185,152,mailing,20644 Roberts Falls,Suite 793,Newark,NJ,15909,US,2023-09-01,
186,153,residential,1990 Nicole Harbors Apt. 022,Suite 640,Austin,TX,07718,US,2015-07-08,
187,154,residential,9501 Morris Light,,Richmond,VA,09370,US,2024-10-01,
188,155,residential,9469 Green Ports,Apt 17,Austin,TX,82190,US,2013-06-10,
189,156,residential,660 Bailey Valley,,New York,NY,84059,US,2014-02-02,
190,157,residential,55770 Timothy Road,,Baltimore,MD,60875,US,2012-03-10,
191,158,residential,24056 Ashley Loaf Apt. 914,,Jersey City,NJ,92941,US,2024-05-17,
192,159,residential,078 James Orchard Suite 521,,Washington,DC,68153,US,2022-10-28,
193,160,residential,94353 Justin Place Suite 714,Suite 846,New York,NY,20072,US,2015-12-18,
194,161,residential,702 Thomas Spring Apt. 160,,Miami,FL,11788,US,2020-05-08,
195,162,residential,717 Cohen Station,Apt 8,Newark,NJ,61501,US,2015-11-26,
196,163,residential,2459 William Lodge Apt. 581,,Stamford,CT,40100,US,2013-08-22,
197,164,residential,19719 Nguyen Court,,Miami,FL,58856,US,2015-12-27,
198,164,mailing,6191 Murphy Rue,Suite 470,Miami,FL,87030,US,2015-12-27,
199,165,residential,549 Sellers Mews,Apt 7,Jersey City,NJ,94583,US,2011-11-22,
200,166,residential,36965 Sullivan Mews Apt. 272,,Austin,TX,25172,US,2026-05-05,
201,167,residential,679 Hanson Motorway,,Tampa,FL,67271,US,2016-12-12,
202,168,residential,519 Nixon Common Apt. 847,,Chicago,IL,68258,US,2016-02-11,
203,169,residential,795 Gomez Union Suite 420,,Jersey City,NJ,91602,US,2013-06-29,2019-09-21
204,169,residential,940 Lane Ports Apt. 490,,Jersey City,NJ,38094,US,2019-09-21,
205,169,mailing,28144 Christina Harbor Suite 019,,Jersey City,NJ,23387,US,2013-06-29,
206,170,residential,6372 Becky Ville Suite 041,,Washington,DC,07385,US,2019-09-23,
207,171,residential,580 Samantha Route Suite 694,Suite 741,Chicago,IL,44405,US,2011-04-11,
208,172,residential,61817 Robinson Haven,Apt 24,Stamford,CT,33517,US,2023-02-21,
209,173,residential,4717 Hammond Square,Suite 803,Columbus,OH,88001,US,2023-02-12,
210,174,residential,71286 Christina Coves Suite 410,,Austin,TX,10058,US,2009-11-09,
211,174,mailing,470 Hernandez Route,,Austin,TX,00614,US,2009-11-09,2011-09-24
212,174,mailing,642 Conway Ports,Suite 246,Austin,TX,00986,US,2011-09-24,
213,175,residential,460 Michael Walk Suite 174,Suite 157,Philadelphia,PA,85408,US,2023-10-21,
214,176,residential,6184 Ferguson Village,,Tampa,FL,59392,US,2009-11-27,
215,176,mailing,50506 Jason Shoal,Apt 29,Tampa,FL,87967,US,2009-11-27,
216,177,residential,04179 Mary Circles,Suite 144,Baltimore,MD,14438,US,2026-05-13,
217,178,residential,1142 Jackson Land,,Baltimore,MD,73037,US,2010-10-13,
218,179,residential,7232 Mills Loop Apt. 290,,Miami,FL,78655,US,2015-03-29,2018-11-11
219,179,residential,791 Bailey Avenue,Apt 5,Miami,FL,73601,US,2018-11-11,
220,180,residential,2200 Mitchell Mews Suite 597,Apt 18,Philadelphia,PA,06178,US,2019-02-25,
221,181,residential,3136 Nicholas Forges,,New York,NY,10138,US,2008-01-20,
222,181,mailing,706 Javier Ridge Suite 265,Apt 5,New York,NY,18379,US,2008-01-20,
223,182,residential,9292 Christopher Walks,,Philadelphia,PA,68890,US,2010-03-04,2023-03-20
224,182,residential,97740 Fitzgerald Gateway Apt. 569,Suite 588,Philadelphia,PA,29652,US,2023-03-20,
225,182,mailing,060 Vickie Street,,Philadelphia,PA,66589,US,2010-03-04,
226,183,residential,74279 Tiffany Mountain,,Austin,TX,18670,US,2010-10-10,
227,184,residential,195 Zachary Spring,Suite 364,Pittsburgh,PA,48209,US,2019-03-14,
228,185,residential,355 Gordon Manors,,Philadelphia,PA,36826,US,2017-08-31,
229,186,residential,2411 Joshua Square,,Charlotte,NC,19893,US,2020-02-05,2020-12-19
230,186,residential,38046 Thomas Manor Suite 043,,Charlotte,NC,08751,US,2020-12-19,
231,187,residential,43754 Eddie Haven Suite 292,,Baltimore,MD,93799,US,2019-01-25,2025-06-17
232,187,residential,22231 Victoria Ports Apt. 745,Suite 145,Baltimore,MD,24683,US,2025-06-17,
233,188,residential,88547 Montes Throughway,Apt 4,Tampa,FL,75700,US,2021-12-06,
234,189,residential,1509 Brandy Forges Suite 301,,Columbus,OH,71071,US,2022-12-19,
235,189,mailing,186 Tracy Rapids Apt. 562,,Columbus,OH,94343,US,2022-12-19,
236,190,residential,912 Kevin Ways,Apt 25,Philadelphia,PA,69353,US,2025-03-29,
237,191,residential,704 Snyder Streets Suite 300,Suite 386,Baltimore,MD,20689,US,2009-10-21,
238,192,residential,796 Burton Mountains Apt. 589,,Stamford,CT,02800,US,2012-10-12,
239,193,residential,321 Amy Well,Suite 143,Washington,DC,41947,US,2017-07-01,
240,194,residential,13283 Laura Points Apt. 671,Suite 757,Charlotte,NC,15779,US,2013-05-21,
241,195,residential,2321 Vazquez Tunnel,Apt 23,Raleigh,NC,15144,US,2025-01-02,
242,196,residential,93932 Johnson Drive,,Brooklyn,NY,98306,US,2019-11-13,
243,197,residential,80138 Richardson Radial Apt. 712,,Newark,NJ,47008,US,2010-08-17,
244,198,residential,1647 Mcdaniel Ville Suite 386,Suite 110,Miami,FL,38589,US,2014-06-22,
245,199,residential,6912 Michael Flat,,Philadelphia,PA,44886,US,2008-04-06,
246,200,residential,71147 Hall Dale Apt. 101,,Houston,TX,65792,US,2021-10-27,
247,201,residential,588 Stephanie Bypass Suite 167,,Atlanta,GA,41730,US,2020-12-17,
248,202,residential,8280 Baker Ramp Suite 954,,Dallas,TX,42507,US,2016-01-29,
249,203,residential,49114 Matthew Brooks,,Columbus,OH,71072,US,2009-11-05,
250,204,residential,35785 Christina Lakes Suite 371,,Houston,TX,70733,US,2015-08-27,
251,205,residential,51484 Alvarado Island Apt. 664,Suite 347,Richmond,VA,82416,US,2008-08-09,
252,206,residential,357 John Summit,,Austin,TX,90325,US,2010-05-22,2013-03-21
253,206,residential,6513 Adams Heights Apt. 493,Suite 221,Austin,TX,53698,US,2013-03-21,
254,207,residential,070 Michele Corner,,Raleigh,NC,41645,US,2011-10-11,
255,208,residential,1391 Murphy Prairie Suite 363,,Hartford,CT,19411,US,2011-06-16,
256,209,residential,5409 Mckenzie Shore Apt. 348,Apt 12,Jersey City,NJ,50923,US,2010-01-21,
257,209,mailing,518 Mia Loaf Apt. 644,,Jersey City,NJ,12330,US,2010-01-21,2010-07-19
258,209,mailing,3275 Mccormick Harbor,Apt 14,Jersey City,NJ,10999,US,2010-07-19,
259,210,residential,002 Gibbs Dale Apt. 634,,Pittsburgh,PA,41621,US,2019-09-29,
260,211,residential,3165 Phillip Lane Apt. 008,,Boston,MA,85318,US,2021-09-30,
261,212,residential,86771 Jennifer Field,,Richmond,VA,35392,US,2016-12-04,
262,213,residential,59710 Anderson Islands Suite 366,,Columbus,OH,96983,US,2025-10-29,
263,214,residential,528 Beverly Green Apt. 875,Suite 760,Newark,NJ,61853,US,2014-12-06,
264,215,residential,2572 Brown Drive Apt. 320,,Hartford,CT,62137,US,2015-12-16,2019-07-12
265,215,residential,76170 Kelly Station Suite 771,,Hartford,CT,94841,US,2019-07-12,
266,216,residential,37150 Maldonado Springs Apt. 659,,Boston,MA,14403,US,2009-03-24,
267,217,residential,45018 Davis Glens,Apt 11,Miami,FL,23833,US,2011-09-03,
268,218,residential,158 Tracy Loaf Suite 499,,Charlotte,NC,55953,US,2024-11-23,2025-02-28
269,218,residential,5926 Davis Passage,,Charlotte,NC,45294,US,2025-02-28,
270,219,residential,86490 Samantha Passage Apt. 866,,Baltimore,MD,12885,US,2017-02-25,
271,220,residential,779 Peterson Well Apt. 321,,Austin,TX,98415,US,2012-03-12,
272,220,mailing,168 Adam Crescent Apt. 277,,Austin,TX,91177,US,2012-03-12,2019-01-07
273,220,mailing,974 Vazquez Spurs Suite 412,,Austin,TX,18210,US,2019-01-07,
274,221,residential,12277 Smith Mission Apt. 349,Apt 14,Jersey City,NJ,51846,US,2025-02-21,
275,222,residential,08069 Tran Grove Suite 717,,Austin,TX,82119,US,2026-02-04,
276,223,residential,665 Marsh Vista Apt. 934,Apt 25,Miami,FL,91032,US,2016-09-04,
277,224,residential,228 Lindsay Junction Suite 193,,Tampa,FL,16319,US,2026-01-27,
278,225,residential,918 William Expressway,Apt 7,Dallas,TX,83066,US,2011-06-20,
279,226,residential,75482 Joseph Stravenue,Suite 605,Detroit,MI,99440,US,2013-01-19,
280,227,residential,811 Edwards Trail,Apt 29,Brooklyn,NY,22039,US,2025-10-10,
281,228,residential,673 Terry Valleys,,Baltimore,MD,85534,US,2022-07-25,
282,229,residential,200 Allen Trail Suite 681,,New York,NY,96443,US,2024-09-05,
283,230,residential,4492 Stone Gateway,,Columbus,OH,14293,US,2010-01-10,2012-02-18
284,230,residential,935 Garcia Station Suite 611,,Columbus,OH,08652,US,2012-02-18,
285,231,residential,82772 Heather Motorway,Apt 28,Atlanta,GA,62544,US,2020-04-18,
286,232,residential,4470 Douglas Radial Suite 044,Apt 3,Miami,FL,28757,US,2020-03-21,
287,233,residential,777 Michelle Islands,,Washington,DC,12207,US,2012-12-01,2024-07-31
288,233,residential,3658 Susan Mills Suite 120,Suite 451,Washington,DC,75473,US,2024-07-31,
289,234,residential,820 Buchanan Gardens,,Miami,FL,92987,US,2013-05-06,
290,235,residential,11824 Ian Trafficway Apt. 246,,Atlanta,GA,89447,US,2009-03-13,
291,235,mailing,95200 Price Island,,Atlanta,GA,19173,US,2009-03-13,2012-04-14
292,235,mailing,4610 John Ranch Apt. 788,Suite 390,Atlanta,GA,50970,US,2012-04-14,
293,236,residential,1832 Fernandez Extension Apt. 868,Apt 22,Raleigh,NC,59711,US,2010-08-23,
294,237,residential,28914 Randall Crossing Apt. 846,,Washington,DC,28137,US,2011-03-19,
295,238,residential,097 Rachel Spring,,Raleigh,NC,23246,US,2014-12-20,
296,239,residential,017 Mayer Mills,Suite 735,Raleigh,NC,01728,US,2024-11-30,
297,240,residential,36149 Jackson Fields,,Tampa,FL,86987,US,2016-07-30,2023-03-30
298,240,residential,92124 Nicole Stream,Suite 397,Tampa,FL,36457,US,2023-03-30,
299,241,residential,5803 Joshua Manor Suite 506,,Boston,MA,26008,US,2021-09-14,
300,242,residential,95431 Allen Junctions Apt. 583,,Jersey City,NJ,10057,US,2008-01-01,
301,242,mailing,79110 Nicholas Vista Apt. 207,,Jersey City,NJ,07682,US,2008-01-01,
302,243,residential,6991 Curtis Spring Apt. 785,,Pittsburgh,PA,77546,US,2016-01-06,
303,244,residential,00249 Palmer Run,Suite 766,Philadelphia,PA,99378,US,2016-08-07,
304,244,mailing,9822 Parker Junctions Suite 508,,Philadelphia,PA,77366,US,2016-08-07,
305,245,residential,959 Barnes Estates Apt. 707,,Richmond,VA,29258,US,2023-11-12,
306,246,residential,124 Lee Prairie,Suite 431,Dallas,TX,47675,US,2014-12-24,
307,247,residential,1534 Allen Valleys,,Hartford,CT,49305,US,2008-07-18,
308,248,residential,309 Melissa Hill Apt. 530,,Stamford,CT,83005,US,2025-02-04,
309,249,residential,55877 Adams Locks Apt. 333,,Atlanta,GA,59756,US,2011-09-14,
310,250,residential,078 Simmons Mountain,Suite 845,Richmond,VA,57190,US,2023-01-05,
311,251,residential,15083 Gonzalez Isle,,Philadelphia,PA,33272,US,2019-06-19,
312,252,residential,826 Jeremy Summit Apt. 738,Suite 176,Baltimore,MD,77440,US,2008-06-01,
313,253,residential,0755 Robert Spur,,Jersey City,NJ,99149,US,2019-06-20,2024-03-11
314,253,residential,845 Ashley Bypass Apt. 259,,Jersey City,NJ,83055,US,2024-03-11,
315,254,residential,18209 Johnson Flat,Suite 182,Cleveland,OH,09609,US,2009-05-08,
316,255,residential,1632 Kyle Viaduct Suite 299,,Richmond,VA,41174,US,2017-03-15,2017-10-27
317,255,residential,743 Vickie Mission,,Richmond,VA,08885,US,2017-10-27,
318,256,residential,3296 Cruz Shoals,,Philadelphia,PA,24545,US,2015-03-05,
319,256,mailing,0324 Estrada Cliff,,Philadelphia,PA,91995,US,2015-03-05,
320,257,residential,0176 Reese Walks,,Chicago,IL,25981,US,2021-11-08,
321,258,residential,09124 Amanda Lock,,Charlotte,NC,22580,US,2026-07-02,
322,259,residential,006 Sarah Landing,,Stamford,CT,31766,US,2024-02-08,
323,260,residential,393 Mcmillan Crest Apt. 315,,Philadelphia,PA,42885,US,2011-11-27,2023-02-04
324,260,residential,65063 Robinson Shoals,,Philadelphia,PA,36998,US,2023-02-04,
325,261,residential,57150 Reyes Route Apt. 890,Apt 6,Charlotte,NC,30989,US,2009-02-08,
326,261,mailing,143 Todd River,,Charlotte,NC,10906,US,2009-02-08,
327,262,residential,55338 Rebecca Shores,,Cleveland,OH,33051,US,2022-01-13,
328,263,residential,833 Ronald Mountain,,Hartford,CT,41325,US,2016-08-29,
329,264,residential,962 Smith Light Suite 149,,Cleveland,OH,70912,US,2022-07-03,
330,265,residential,576 Bentley Summit,,Newark,NJ,49409,US,2012-01-14,
331,266,residential,066 John Bypass Suite 024,,Pittsburgh,PA,79856,US,2012-04-24,
332,266,mailing,243 Alexander Trail Apt. 669,,Pittsburgh,PA,11032,US,2012-04-24,
333,267,residential,364 Valerie Via Suite 011,Apt 3,Tampa,FL,91768,US,2009-06-08,
334,268,residential,23467 Miranda Expressway,Suite 253,Detroit,MI,10961,US,2014-03-17,
335,268,mailing,61415 Brenda Neck Suite 100,,Detroit,MI,35376,US,2014-03-17,2018-12-13
336,268,mailing,901 Alexa Avenue,Suite 420,Detroit,MI,49740,US,2018-12-13,
337,269,residential,5107 Hardy Dam,Suite 678,Austin,TX,03866,US,2023-05-26,
338,270,residential,739 Ross Ridge Apt. 567,,Brooklyn,NY,86790,US,2023-09-17,
339,271,residential,1783 Jason Terrace,Apt 20,Raleigh,NC,86975,US,2020-11-05,
340,272,residential,99156 Valdez Tunnel Suite 334,Apt 5,Cleveland,OH,15664,US,2020-06-29,
341,273,residential,6552 Daniel Branch,,Houston,TX,71056,US,2015-10-05,
342,273,mailing,2437 Hernandez Haven Apt. 095,,Houston,TX,40988,US,2015-10-05,2025-06-24
343,273,mailing,9737 Padilla Lane,Apt 17,Houston,TX,08209,US,2025-06-24,
344,274,residential,756 Jones Stream Suite 438,Apt 12,Washington,DC,52113,US,2010-03-16,
345,274,mailing,59047 Barbara Mills,,Washington,DC,91721,US,2010-03-16,
346,275,residential,01859 Booker Road Suite 301,,Columbus,OH,32070,US,2009-07-21,
347,276,residential,8309 Hill Summit,,Columbus,OH,12894,US,2018-06-16,
348,277,residential,89813 Henry Rapid Apt. 087,,Miami,FL,41696,US,2011-01-26,
349,278,residential,0848 Taylor Overpass,,New York,NY,91609,US,2023-07-19,2023-09-09
350,278,residential,598 Hailey Shore Apt. 303,,New York,NY,19069,US,2023-09-09,
351,279,residential,46283 Crystal Grove Apt. 598,,Jersey City,NJ,79792,US,2025-01-05,
352,280,residential,5423 Smith Lane,Suite 822,Austin,TX,29628,US,2014-03-20,
353,281,residential,56258 Woods Crossroad,,Hartford,CT,34456,US,2012-07-22,
354,282,residential,6834 Stacey Lodge Suite 111,,Boston,MA,96177,US,2009-03-31,
355,283,residential,306 Sanchez Streets,,Miami,FL,87162,US,2024-03-21,
356,284,residential,6251 Sloan Gateway Apt. 447,Apt 16,Richmond,VA,38976,US,2025-09-22,
357,285,residential,5105 Richard Branch Apt. 673,Apt 2,Stamford,CT,11608,US,2009-02-15,
358,286,residential,77225 Smith Ways Apt. 134,Suite 719,Pittsburgh,PA,05777,US,2015-08-06,
359,287,residential,11022 Porter Trafficway Apt. 056,,Chicago,IL,78762,US,2024-11-27,
360,288,residential,189 Jacob Walk Apt. 312,,New York,NY,53097,US,2025-06-03,
361,289,residential,604 Joseph Harbors,,Charlotte,NC,46510,US,2023-01-25,
362,290,residential,5411 Felicia Trail Apt. 555,Suite 370,Baltimore,MD,97878,US,2011-08-08,
363,291,residential,954 Mayo Flats,Suite 881,Miami,FL,70435,US,2025-12-02,
364,292,residential,94240 Laura Square,,Jersey City,NJ,25429,US,2016-04-14,2018-03-08
365,292,residential,8812 Christensen Lights Suite 694,Suite 601,Jersey City,NJ,27623,US,2018-03-08,
366,293,residential,08340 Sheri Harbors,,Raleigh,NC,17929,US,2009-02-02,
367,294,residential,0053 Thompson Brook Apt. 649,,Detroit,MI,72705,US,2018-02-10,
368,295,residential,2239 Harding Falls,Suite 243,Atlanta,GA,85378,US,2021-11-12,
369,296,residential,6010 David Trail,Suite 480,Richmond,VA,11458,US,2017-09-07,
370,297,residential,2308 Burton Crossing Apt. 018,,Miami,FL,39395,US,2011-01-16,
371,297,mailing,620 Andrew Meadow,Apt 4,Miami,FL,51013,US,2011-01-16,
372,298,residential,51092 Roy Isle Apt. 624,,Hartford,CT,82389,US,2009-03-28,
373,299,residential,642 Marcus Crossroad,Suite 634,Newark,NJ,24339,US,2018-01-10,
374,300,residential,1968 Jacqueline Freeway,,Hartford,CT,47910,US,2011-11-18,
375,301,residential,02126 Heather Manors,,Jersey City,NJ,49218,US,2014-01-23,
376,302,residential,2847 Sharp Mills,,Chicago,IL,85022,US,2021-03-08,
377,303,residential,362 Dudley Pike Suite 236,,Boston,MA,81640,US,2019-06-08,
378,303,mailing,62891 Woods Shoal,,Boston,MA,84634,US,2019-06-08,
379,304,residential,39043 Danielle Bypass,,Houston,TX,32002,US,2019-11-23,2025-03-04
380,304,residential,99097 Brandon Course Suite 054,Apt 20,Houston,TX,52685,US,2025-03-04,
381,305,residential,2271 Stephanie Fort,,Philadelphia,PA,28766,US,2008-07-14,
382,306,residential,633 Susan Port,Apt 22,Washington,DC,82786,US,2014-03-02,
383,307,residential,1127 Andersen Glens Suite 219,,Pittsburgh,PA,64498,US,2010-09-25,
384,308,residential,038 Eric Cove,,Columbus,OH,38598,US,2018-07-13,2022-02-02
385,308,residential,96136 Caldwell Keys Suite 787,,Columbus,OH,14803,US,2022-02-02,
386,309,residential,82723 Carroll Rapid Suite 056,Apt 19,Boston,MA,62551,US,2013-09-14,
387,310,residential,420 Patty Meadow,,Newark,NJ,45330,US,2012-10-21,
388,311,residential,5027 Victor Island,,Detroit,MI,15391,US,2026-06-02,
389,312,residential,53390 Cervantes Brook Suite 481,,Detroit,MI,92161,US,2025-02-01,
390,313,residential,4649 Wanda Valley Apt. 109,,Jersey City,NJ,54408,US,2014-03-16,2024-06-10
391,313,residential,9817 Elizabeth Walk,Apt 19,Jersey City,NJ,55635,US,2024-06-10,
392,314,residential,6306 Alexis Drives Suite 895,Apt 17,Charlotte,NC,44421,US,2019-02-20,
393,315,residential,3128 Crystal Tunnel,,Houston,TX,51882,US,2025-02-04,2025-07-24
394,315,residential,253 Christopher Mews Apt. 920,,Houston,TX,81516,US,2025-07-24,
395,316,residential,041 Courtney Route Apt. 179,,Boston,MA,16581,US,2016-07-15,
396,317,residential,5722 Smith Fall Apt. 155,Apt 25,Dallas,TX,63928,US,2014-05-22,
397,318,residential,52312 Hill Flats,,Austin,TX,12555,US,2024-08-23,
398,319,residential,37676 Cabrera Road Apt. 966,,Newark,NJ,26678,US,2019-04-26,
399,320,residential,56253 Jason Landing,Apt 4,Pittsburgh,PA,49255,US,2025-10-07,
400,320,mailing,1050 Lewis Port,,Pittsburgh,PA,42648,US,2025-10-07,
401,321,residential,7046 David Extension,,Raleigh,NC,79331,US,2015-10-31,
402,322,residential,71644 Molina Locks,Apt 27,Newark,NJ,10956,US,2022-01-29,
403,323,residential,632 James Valleys Suite 800,,Dallas,TX,34538,US,2014-10-21,2020-10-18
404,323,residential,04145 Nelson Extension,,Dallas,TX,18557,US,2020-10-18,
405,324,residential,731 Miranda Station Apt. 583,Apt 21,Brooklyn,NY,86940,US,2019-01-16,
406,324,mailing,117 Jason Skyway,Suite 569,Brooklyn,NY,28830,US,2019-01-16,
407,325,residential,9836 Casey Manors Apt. 491,Apt 24,Austin,TX,19806,US,2008-09-16,
408,325,mailing,13072 Johnson Shore Suite 541,,Austin,TX,72630,US,2008-09-16,
409,326,residential,489 Stone Coves,,Baltimore,MD,89782,US,2022-09-16,2025-12-03
410,326,residential,313 Brian Camp,Apt 16,Baltimore,MD,75897,US,2025-12-03,
411,327,residential,940 Jackson Squares Suite 432,,New York,NY,41803,US,2013-01-20,
412,328,residential,073 Rodriguez Viaduct Apt. 943,,Cleveland,OH,69349,US,2019-05-02,
413,329,residential,589 Rodriguez Spur Apt. 263,,Dallas,TX,86925,US,2011-11-27,2022-10-25
414,329,residential,7039 Howard Summit,,Dallas,TX,12202,US,2022-10-25,
415,330,residential,09859 Ryan Motorway Suite 410,,Atlanta,GA,65896,US,2021-12-01,
416,331,residential,107 Smith Knoll Apt. 042,Apt 13,Jersey City,NJ,46404,US,2009-10-18,
417,332,residential,66614 Harper Extensions Suite 592,,Dallas,TX,90065,US,2019-09-06,
418,333,residential,5676 Murray Points Apt. 612,Suite 129,Dallas,TX,81137,US,2022-02-21,
419,334,residential,41591 Cunningham Spurs,,Hartford,CT,43926,US,2025-07-10,2026-05-13
420,334,residential,98038 Anna Park,Apt 29,Hartford,CT,18379,US,2026-05-13,
421,335,residential,31708 Myers Crossing,Suite 800,Boston,MA,39812,US,2011-04-01,
422,336,residential,7441 Richardson Harbor,Apt 22,Washington,DC,51774,US,2019-11-21,
423,336,mailing,176 Hernandez Haven Suite 196,,Washington,DC,01945,US,2019-11-21,
424,337,residential,8681 Diana Knoll,,Austin,TX,86475,US,2021-03-31,2023-06-27
425,337,residential,2446 Sabrina Rue Suite 679,Apt 23,Austin,TX,86873,US,2023-06-27,
426,338,residential,17753 Daniel Extensions,,Dallas,TX,95942,US,2021-05-19,2024-12-23
427,338,residential,1094 Benjamin Summit Apt. 759,Apt 23,Dallas,TX,83245,US,2024-12-23,
428,339,residential,8319 Crystal Skyway,Suite 479,Stamford,CT,13110,US,2014-02-16,
429,340,residential,9821 Patterson Lane Apt. 912,,Houston,TX,68297,US,2018-07-09,
430,341,residential,984 Montgomery Plains,Suite 701,Austin,TX,91926,US,2012-10-22,
431,342,residential,1990 Zavala Mall,,Miami,FL,78901,US,2024-02-21,
432,343,residential,03896 Angela Center,,Tampa,FL,51242,US,2023-07-27,
433,343,mailing,266 Darrell Crest Suite 535,Suite 859,Tampa,FL,57717,US,2023-07-27,
434,344,residential,0559 Whitney Curve,,Detroit,MI,79946,US,2022-10-11,
435,345,residential,881 Michael Loop Suite 413,Apt 3,Columbus,OH,18475,US,2011-11-07,
436,345,mailing,8315 Barry Freeway,,Columbus,OH,92034,US,2011-11-07,2013-09-20
437,345,mailing,710 Huff Groves Suite 964,,Columbus,OH,11575,US,2013-09-20,
438,346,residential,95493 Matthew Village Suite 601,,Jersey City,NJ,73022,US,2018-10-13,
439,347,residential,413 Morgan Locks Apt. 945,,Baltimore,MD,35726,US,2017-07-13,
440,348,residential,8360 Joshua Ridge Suite 172,,Newark,NJ,34318,US,2016-09-20,
441,349,residential,304 Smith Vista,,Dallas,TX,46813,US,2022-03-16,
442,350,residential,59556 Ruiz Hill,Suite 535,Baltimore,MD,82016,US,2012-03-28,
443,351,residential,1139 Ryan Crossing,,Atlanta,GA,69675,US,2014-07-21,
444,352,residential,6515 Robin Shoal,Suite 591,Boston,MA,63960,US,2018-05-19,
445,352,mailing,6392 Kimberly Lodge,Apt 2,Boston,MA,88857,US,2018-05-19,
446,353,residential,4871 Molly Village,,Washington,DC,57048,US,2009-02-05,2025-11-30
447,353,residential,212 Strong Knoll,Apt 3,Washington,DC,17206,US,2025-11-30,
448,353,mailing,834 Matthew Views Suite 999,Suite 254,Washington,DC,14626,US,2009-02-05,
449,354,residential,957 Flores Fall,,Dallas,TX,67173,US,2012-07-18,
450,354,mailing,34750 Mitchell Lights Suite 220,Apt 12,Dallas,TX,96789,US,2012-07-18,
451,355,residential,9134 Cody Plaza Apt. 090,,Dallas,TX,71257,US,2016-07-16,2021-02-22
452,355,residential,70534 Dennis Pike,Apt 14,Dallas,TX,17039,US,2021-02-22,
453,355,mailing,1176 Baker Way Apt. 415,,Dallas,TX,10864,US,2016-07-16,
454,356,residential,032 Wiggins Forges,Suite 262,Columbus,OH,88758,US,2022-08-24,
455,357,residential,64969 Dana Orchard,Apt 23,Austin,TX,70029,US,2023-02-27,
456,358,residential,5361 Steven Island Apt. 562,Suite 888,Philadelphia,PA,63905,US,2008-02-27,
457,359,residential,4047 Matthew Viaduct Apt. 476,,New York,NY,29508,US,2011-10-27,
458,360,residential,083 Nichols Estate,,Boston,MA,70716,US,2015-11-12,2020-01-26
459,360,residential,342 Rivera Forge Apt. 000,,Boston,MA,99476,US,2020-01-26,
460,361,residential,86008 Cody Radial,Apt 7,Jersey City,NJ,51766,US,2011-10-24,
461,362,residential,68474 Patrick Parks,,Tampa,FL,95863,US,2011-11-24,2021-04-25
462,362,residential,8173 Ray Fort Suite 579,,Tampa,FL,14781,US,2021-04-25,
463,363,residential,74645 Benjamin Spurs,,Detroit,MI,74597,US,2012-04-01,
464,364,residential,162 Fernando Summit Apt. 237,Apt 14,Brooklyn,NY,15399,US,2010-11-20,
465,365,residential,592 Kelly Spur Apt. 958,,Pittsburgh,PA,79736,US,2014-10-07,
466,366,residential,43318 Rivera Circle,Apt 8,Charlotte,NC,82417,US,2024-12-06,
467,366,mailing,215 Michael Bridge Apt. 446,Apt 4,Charlotte,NC,77108,US,2024-12-06,
468,367,residential,89659 Levy Street,,Washington,DC,81226,US,2024-09-02,
469,368,residential,7548 John Lock Suite 675,Apt 11,Baltimore,MD,41364,US,2021-10-10,
470,369,residential,05756 Christina Wells Apt. 652,,Brooklyn,NY,98494,US,2018-09-27,2025-11-08
471,369,residential,75830 Murphy Land,,Brooklyn,NY,33761,US,2025-11-08,
472,370,residential,810 Johnson Station Apt. 221,Suite 386,Columbus,OH,55495,US,2019-08-27,
473,371,residential,660 James Trace,,Washington,DC,66236,US,2016-06-16,2022-07-20
474,371,residential,412 Williams Rest,,Washington,DC,26542,US,2022-07-20,
475,372,residential,21259 Katie Turnpike,,Newark,NJ,01869,US,2016-05-21,
476,373,residential,3343 Tiffany Green Suite 417,,Brooklyn,NY,47051,US,2018-06-07,
477,374,residential,8841 Jonathan Mountain,Apt 29,Raleigh,NC,34690,US,2018-01-09,
478,375,residential,5512 Torres Mountain Apt. 079,Apt 3,Newark,NJ,60328,US,2021-05-16,
479,376,residential,9690 William Hills Apt. 922,Apt 9,Raleigh,NC,87455,US,2015-04-02,
480,376,mailing,14257 Martin Alley Apt. 324,,Raleigh,NC,40809,US,2015-04-02,2023-07-18
481,376,mailing,33613 Gail Vista,,Raleigh,NC,49555,US,2023-07-18,
482,377,residential,6968 Michael Skyway Apt. 392,Suite 227,Baltimore,MD,31323,US,2008-03-13,
483,378,residential,262 Collins Spring Suite 046,,Brooklyn,NY,24030,US,2024-03-22,
484,379,residential,6604 Green Roads,Suite 755,Raleigh,NC,15699,US,2023-07-05,
485,380,residential,943 Graham Mountain Suite 017,Apt 4,Jersey City,NJ,60826,US,2026-03-22,
486,381,residential,091 Dennis Place Suite 321,Suite 826,Detroit,MI,70622,US,2008-10-12,
487,382,residential,168 Matthew Route,Suite 321,Tampa,FL,98708,US,2023-10-18,
488,383,residential,059 Lewis Mews,,Stamford,CT,36517,US,2021-07-06,
489,384,residential,513 Andrew Islands Apt. 194,,Pittsburgh,PA,95942,US,2021-12-17,
490,385,residential,264 Johnson Walk,,Boston,MA,75384,US,2019-11-08,
491,386,residential,596 Forbes Brooks,,Charlotte,NC,98986,US,2022-01-10,
492,387,residential,686 Potter Manor,,Baltimore,MD,79045,US,2023-08-30,
493,388,residential,26408 Hines Shoal Apt. 169,Suite 669,Philadelphia,PA,86104,US,2016-02-29,
494,389,residential,150 Arnold Way Apt. 275,,Richmond,VA,95273,US,2021-11-03,
495,390,residential,195 John Stravenue Apt. 006,Apt 27,Jersey City,NJ,68627,US,2021-02-16,
496,391,residential,8761 Dustin Greens Apt. 256,,New York,NY,86554,US,2009-03-13,
497,392,residential,490 Earl Heights Apt. 359,,Houston,TX,48043,US,2021-03-24,
498,393,residential,429 Jordan Stravenue,,Brooklyn,NY,67163,US,2023-12-28,2025-02-23
499,393,residential,9252 Mills Lane Suite 287,,Brooklyn,NY,23489,US,2025-02-23,
500,393,mailing,0153 Clark Drive Suite 913,,Brooklyn,NY,47228,US,2023-12-28,
501,394,residential,881 Sean Pike Apt. 342,,Jersey City,NJ,90901,US,2021-07-04,
502,395,residential,39977 Amanda Tunnel,,Pittsburgh,PA,07196,US,2024-04-17,2025-07-23
503,395,residential,137 Scott Mountains Apt. 189,Suite 196,Pittsburgh,PA,28680,US,2025-07-23,
504,396,residential,258 Palmer Rue Suite 483,,Tampa,FL,45215,US,2009-10-08,
505,397,residential,75823 Kathryn Forest Suite 845,,Dallas,TX,70021,US,2012-01-18,
506,398,residential,434 Michael Village Suite 524,Apt 6,Jersey City,NJ,44242,US,2025-05-02,
507,399,residential,445 Marc Turnpike,Apt 16,Jersey City,NJ,50623,US,2023-06-02,
508,400,residential,49960 Brian Junctions Suite 857,,Houston,TX,37756,US,2024-11-25,
509,401,residential,848 Norris Dam Apt. 557,,Chicago,IL,98447,US,2008-06-10,
510,402,residential,085 Ariel Bypass,Apt 2,Brooklyn,NY,66589,US,2011-03-19,
511,403,residential,316 Owens Streets Apt. 512,,Boston,MA,85414,US,2020-08-16,2022-11-27
512,403,residential,8606 Smith Village Suite 003,Suite 311,Boston,MA,42756,US,2022-11-27,
513,404,residential,89028 Blevins Islands,,Hartford,CT,41832,US,2025-02-17,
514,405,residential,77633 Lawrence Crossing Apt. 289,Apt 27,Austin,TX,95465,US,2011-10-19,
515,406,residential,0066 Nixon Courts,,Newark,NJ,46989,US,2010-05-22,
516,407,residential,82270 Caitlyn Fords,,Stamford,CT,97474,US,2013-04-23,2024-06-23
517,407,residential,9626 Greg Path Apt. 251,Suite 230,Stamford,CT,21783,US,2024-06-23,
518,408,residential,822 Alexis Fork Apt. 611,,Newark,NJ,62850,US,2008-09-14,2022-02-03
519,408,residential,8729 Larry Mountains Suite 258,Suite 142,Newark,NJ,48418,US,2022-02-03,
520,409,residential,34245 Barnett Pike,Suite 398,Stamford,CT,68252,US,2025-07-31,
521,410,residential,5097 Mathews Field,,Hartford,CT,82907,US,2008-06-20,
522,411,residential,158 Brown Lakes Suite 082,,Brooklyn,NY,12898,US,2021-06-03,2023-08-05
523,411,residential,1184 Morgan Inlet,,Brooklyn,NY,59819,US,2023-08-05,
524,411,mailing,182 Wilkins Pass Apt. 230,,Brooklyn,NY,26542,US,2021-06-03,
525,412,residential,289 Garrison Harbors,,Atlanta,GA,06912,US,2013-03-27,
526,413,residential,62272 Peter Estate,,Charlotte,NC,85184,US,2019-10-23,2024-12-18
527,413,residential,9335 Jeremy Harbor Apt. 619,Suite 827,Charlotte,NC,88622,US,2024-12-18,
528,414,residential,15406 Rodriguez Mountain Suite 927,,Atlanta,GA,99913,US,2024-05-18,2025-11-11
529,414,residential,81199 Allen Vista Suite 660,,Atlanta,GA,84132,US,2025-11-11,
530,415,residential,96417 Obrien Ways Suite 091,Apt 25,Charlotte,NC,77878,US,2014-12-12,
531,416,residential,6039 Andrew Isle,Suite 796,Raleigh,NC,13451,US,2020-03-23,
532,417,residential,856 Norman Extensions,,Philadelphia,PA,66015,US,2016-09-07,
533,418,residential,755 Huang Throughway Apt. 250,Apt 29,Austin,TX,15112,US,2025-04-07,
534,419,residential,585 Anderson Lights,,Pittsburgh,PA,14083,US,2010-12-17,
535,420,residential,333 Wong Forge,Suite 551,Charlotte,NC,19555,US,2022-01-02,
536,421,residential,546 Diaz Freeway Suite 851,,Philadelphia,PA,91359,US,2024-06-06,
537,421,mailing,3892 Tina Tunnel,,Philadelphia,PA,67013,US,2024-06-06,
538,422,residential,20878 Paula Neck Apt. 151,Apt 10,Tampa,FL,94724,US,2011-07-23,
539,422,mailing,409 Jordan Track Apt. 637,,Tampa,FL,41110,US,2011-07-23,
540,423,residential,186 Jessica Gateway,,Cleveland,OH,79344,US,2008-07-31,
541,424,residential,14526 Porter Ferry Suite 633,,Raleigh,NC,46533,US,2023-10-28,
542,425,residential,6409 Villarreal Extensions,,Jersey City,NJ,25205,US,2023-01-10,
543,426,residential,081 Donovan Coves,,Atlanta,GA,46252,US,2018-10-20,
544,427,residential,2373 Williams Circle,Apt 27,Hartford,CT,63471,US,2008-01-27,
545,428,residential,73466 Bennett Overpass Apt. 715,,Newark,NJ,74065,US,2016-03-14,
546,429,residential,080 Tammy Lights Apt. 580,,Baltimore,MD,90175,US,2019-02-24,2021-12-20
547,429,residential,882 Maldonado Cape Apt. 172,,Baltimore,MD,29542,US,2021-12-20,
548,430,residential,0229 Christy Green Suite 943,Suite 470,Houston,TX,86135,US,2009-06-25,
549,431,residential,112 Jones Plain,,Miami,FL,43411,US,2016-05-09,
550,432,residential,28077 Daniel Camp Suite 211,Apt 26,Atlanta,GA,32187,US,2016-08-04,
551,433,residential,7306 Hernandez Highway,,Boston,MA,66770,US,2010-10-19,2019-08-06
552,433,residential,23570 Jones Gardens,Suite 410,Boston,MA,79361,US,2019-08-06,
553,434,residential,306 Anna Via,,Pittsburgh,PA,51294,US,2016-01-09,
554,435,residential,7727 Walker Heights Apt. 642,,Washington,DC,48745,US,2025-09-25,2025-12-06
555,435,residential,4207 Page Plains,,Washington,DC,30252,US,2025-12-06,
556,436,residential,33939 Mccullough Plaza,Suite 387,Washington,DC,54005,US,2014-11-09,
557,437,residential,70369 Joshua Summit Apt. 693,,Detroit,MI,20251,US,2024-09-18,
558,438,residential,5323 Pittman Lake,Apt 3,Newark,NJ,82189,US,2021-11-26,
559,439,residential,874 Theresa Shore,Suite 719,Richmond,VA,19722,US,2012-02-20,
560,440,residential,1512 Claire Springs Suite 213,,Tampa,FL,83629,US,2021-08-19,2023-02-04
561,440,residential,1597 Christy Ramp Suite 254,,Tampa,FL,25669,US,2023-02-04,
562,441,residential,029 Jessica Brook Suite 637,,Atlanta,GA,50310,US,2022-05-19,2023-11-30
563,441,residential,46558 Russell Junctions Apt. 548,,Atlanta,GA,25785,US,2023-11-30,
564,442,residential,93110 Jill Junctions,Apt 21,Miami,FL,81432,US,2008-12-20,
565,443,residential,3301 Flores Pines,,Brooklyn,NY,25750,US,2014-01-02,2015-07-12
566,443,residential,79274 Scott Parkways Apt. 123,,Brooklyn,NY,35007,US,2015-07-12,
567,444,residential,64538 Diana Springs Suite 421,,Raleigh,NC,08577,US,2026-01-08,
568,445,residential,5757 Hines Island Apt. 392,,Hartford,CT,06097,US,2022-02-19,
569,445,mailing,7756 Melton Mountain Suite 226,,Hartford,CT,55498,US,2022-02-19,2026-05-22
570,445,mailing,56265 Ryan Viaduct,,Hartford,CT,87240,US,2026-05-22,
571,446,residential,79766 Tony Shores,,Houston,TX,08333,US,2017-02-14,
572,446,mailing,15794 Joe Park Apt. 670,Suite 476,Houston,TX,40872,US,2017-02-14,
573,447,residential,6335 Renee Island Suite 485,,Charlotte,NC,76158,US,2012-12-03,
574,448,residential,2951 Ford Stream,,Charlotte,NC,35367,US,2011-10-17,
575,449,residential,5759 Madison Rue,Apt 7,Stamford,CT,25168,US,2018-07-04,
576,450,residential,06157 Sean Light Apt. 975,,Dallas,TX,14623,US,2019-01-22,2019-08-14
577,450,residential,4397 Martin Crossroad Suite 010,,Dallas,TX,43300,US,2019-08-14,
578,450,mailing,2568 Cristina Rue Suite 625,Apt 10,Dallas,TX,80858,US,2019-01-22,
579,451,residential,55516 Potter Park,,Richmond,VA,53003,US,2025-12-30,
580,452,residential,370 Jeffery Fort,,Hartford,CT,20506,US,2008-04-07,
581,452,mailing,556 Smith Track,Apt 13,Hartford,CT,38464,US,2008-04-07,
582,453,residential,3280 Baker Landing,,Brooklyn,NY,67463,US,2011-03-30,
583,454,residential,06133 Whitaker Spring,,Brooklyn,NY,28595,US,2023-01-08,
584,455,residential,657 Guzman Expressway Suite 789,,Richmond,VA,37901,US,2018-02-03,
585,456,residential,05336 Jones Mall,,Cleveland,OH,86173,US,2014-09-05,
586,457,residential,0971 Jason Locks Suite 007,,Pittsburgh,PA,57188,US,2018-01-05,
587,458,residential,096 Conner Stravenue,Suite 482,Pittsburgh,PA,97825,US,2025-04-27,
588,459,residential,5427 Ward Meadows Apt. 942,,Jersey City,NJ,44122,US,2021-11-24,
589,460,residential,61880 Barbara Glens Apt. 357,,Detroit,MI,15826,US,2013-08-12,
590,461,residential,2143 Turner Fords,Suite 750,Cleveland,OH,71537,US,2020-04-05,
591,462,residential,6534 Harvey Neck Apt. 707,,Charlotte,NC,42395,US,2008-07-29,
592,463,residential,8113 Shawn Summit Suite 397,,Austin,TX,05002,US,2018-01-29,
593,464,residential,049 Helen Overpass Apt. 742,,New York,NY,05719,US,2018-12-31,
594,465,residential,973 Stokes Crescent Apt. 222,,Cleveland,OH,97540,US,2023-10-27,
595,466,residential,11457 Hunter Gardens Apt. 102,,Columbus,OH,11822,US,2012-02-21,
596,467,residential,60508 Daniel Shores Suite 980,Apt 2,New York,NY,40260,US,2014-10-18,
597,468,residential,282 Tim Cliffs,,Richmond,VA,74708,US,2012-11-13,2013-05-29
598,468,residential,65346 Karen Canyon,Suite 188,Richmond,VA,42507,US,2013-05-29,
599,469,residential,1690 Jones Corner Apt. 054,Apt 10,Newark,NJ,52047,US,2014-12-02,
600,469,mailing,5489 Calhoun Walk Suite 876,,Newark,NJ,99777,US,2014-12-02,2016-04-06
601,469,mailing,5175 John Grove,,Newark,NJ,36054,US,2016-04-06,
602,470,residential,392 Lee Spur Suite 885,Apt 4,Hartford,CT,27300,US,2024-04-26,
603,471,residential,524 Johnny Lane Suite 013,,Newark,NJ,33899,US,2023-11-25,
604,472,residential,22150 Melanie Harbors Apt. 884,,Richmond,VA,17202,US,2008-07-06,2022-04-21
605,472,residential,630 Alejandro Junction,Apt 26,Richmond,VA,82337,US,2022-04-21,
606,473,residential,89021 Pacheco Crossing Apt. 363,,Raleigh,NC,32223,US,2013-05-01,
607,474,residential,772 Jefferson Terrace Suite 084,Suite 804,Washington,DC,27387,US,2013-08-16,
608,475,residential,3355 Hill Stravenue,Suite 395,Washington,DC,38600,US,2009-09-07,
609,476,residential,761 Scott Forks Suite 547,,Washington,DC,21223,US,2014-06-17,
610,477,residential,84724 Michele Harbors Apt. 364,,Atlanta,GA,22341,US,2018-04-01,
611,478,residential,14281 Tran Land,,Washington,DC,95293,US,2025-04-13,
612,479,residential,23959 Ford Motorway Apt. 132,,Stamford,CT,84404,US,2017-06-22,
613,479,mailing,62047 Byrd Locks,,Stamford,CT,72631,US,2017-06-22,
614,480,residential,19541 Reyes Hills,,Boston,MA,49472,US,2025-02-27,
615,481,residential,6775 Steven Mall Apt. 321,,Washington,DC,39222,US,2010-10-24,
616,482,residential,8201 Julie Points,,Raleigh,NC,35839,US,2010-04-23,
617,483,residential,7680 Yolanda Drives,Suite 123,Raleigh,NC,50036,US,2012-04-20,
618,484,residential,36936 Ronald Port,Apt 20,Tampa,FL,33943,US,2014-05-06,
619,485,residential,4988 Welch Islands Apt. 984,,Baltimore,MD,78338,US,2015-07-05,
620,486,residential,37218 Gutierrez Locks,Apt 12,Raleigh,NC,55458,US,2014-08-30,
621,487,residential,43776 Richard Vista Apt. 439,,Charlotte,NC,22114,US,2023-01-06,2026-02-11
622,487,residential,95961 Christopher Underpass Apt. 286,,Charlotte,NC,65073,US,2026-02-11,
623,488,residential,5109 Vanessa Ridges,,Raleigh,NC,00528,US,2024-02-22,2025-12-23
624,488,residential,67149 Gilbert Pine,,Raleigh,NC,09896,US,2025-12-23,
625,488,mailing,17942 Tyler Fork Suite 065,,Raleigh,NC,87665,US,2024-02-22,
626,489,residential,09121 Martinez Stream,,Chicago,IL,10127,US,2012-12-26,
627,490,residential,00462 Ford Locks Suite 725,Suite 476,Charlotte,NC,98186,US,2017-04-14,
628,491,residential,974 Jennifer Mall,Suite 504,Brooklyn,NY,05540,US,2011-01-02,
629,492,residential,0798 Ryan Throughway,,Houston,TX,60327,US,2014-07-24,
630,493,residential,039 Foster Avenue Apt. 037,,Charlotte,NC,31824,US,2019-03-15,
631,494,residential,36852 Alexis Meadow Apt. 537,,Atlanta,GA,03212,US,2008-04-20,
632,495,residential,21031 Sanford Crescent,,Charlotte,NC,59652,US,2008-12-25,
633,496,residential,091 Francis Junctions Apt. 883,Apt 1,Austin,TX,63243,US,2008-03-15,
634,497,residential,787 Morris Land,Suite 898,Tampa,FL,26599,US,2013-04-12,
635,498,residential,277 Wilson Valleys,Suite 195,Dallas,TX,04758,US,2025-04-17,
636,499,residential,517 Rodgers Lodge,,Columbus,OH,03480,US,2025-09-03,
637,500,residential,130 Collins Trace,,Dallas,TX,72617,US,2016-09-05,
638,501,residential,0211 Daniel Neck Apt. 756,Suite 385,Detroit,MI,71537,US,2024-09-14,
639,502,residential,84937 Brian Forest Suite 384,,Charlotte,NC,45624,US,2013-07-27,2018-08-01
640,502,residential,9694 Wright Walks,,Charlotte,NC,16838,US,2018-08-01,
641,502,mailing,9701 Garza Summit Suite 292,Suite 200,Charlotte,NC,84494,US,2013-07-27,
642,503,residential,061 Clark Divide,,Columbus,OH,19766,US,2015-08-25,
643,504,residential,6040 Ford Circle Apt. 784,Apt 19,Richmond,VA,27218,US,2016-10-08,
644,505,residential,4273 Conway Brook Apt. 763,,Jersey City,NJ,72819,US,2018-12-31,
645,506,residential,89982 Madden Alley Apt. 058,,Houston,TX,55515,US,2020-07-31,2021-07-03
646,506,residential,73214 King Unions Suite 936,,Houston,TX,88297,US,2021-07-03,
647,507,residential,8011 Jesse Way,,Cleveland,OH,06252,US,2019-05-29,
648,508,residential,49731 Mclean Ridge Apt. 149,,Atlanta,GA,70872,US,2020-04-29,
649,509,residential,65578 Anthony Court Apt. 432,,Jersey City,NJ,21073,US,2008-09-06,
650,510,residential,12760 Nicholas Place Apt. 611,Apt 12,Dallas,TX,21149,US,2010-04-10,
651,511,residential,6297 Stewart Rest,Apt 24,Atlanta,GA,28569,US,2015-03-22,
652,512,residential,9208 Amber Fort Apt. 308,,Miami,FL,80048,US,2025-09-08,
653,513,residential,182 Jones Stravenue,Apt 9,Tampa,FL,83581,US,2014-04-01,
654,514,residential,37178 Brown Roads,,Chicago,IL,98604,US,2016-06-07,2023-01-15
655,514,residential,255 Chambers Underpass,Apt 21,Chicago,IL,66563,US,2023-01-15,
656,515,residential,6708 Mcdonald Cape,,Detroit,MI,79040,US,2016-04-29,
657,516,residential,8355 Michael View,,Stamford,CT,22814,US,2025-10-07,
658,517,residential,10401 King Pines,,Hartford,CT,16788,US,2013-04-30,
659,518,residential,4321 Heather River,,Stamford,CT,89355,US,2010-05-29,
660,519,residential,1706 Dougherty Roads Suite 255,,Jersey City,NJ,99808,US,2009-05-31,
661,520,residential,8988 Kelsey Street Apt. 538,Suite 293,Dallas,TX,91911,US,2016-08-16,
662,520,mailing,5279 Emily Junctions,Suite 118,Dallas,TX,05421,US,2016-08-16,
663,521,residential,19787 Amy Rest,,Detroit,MI,26534,US,2011-08-07,2023-02-02
664,521,residential,137 Dennis Row,,Detroit,MI,42839,US,2023-02-02,
665,522,residential,23009 Matthew Mall,,Dallas,TX,15182,US,2026-02-03,
666,523,residential,520 Larry Cliffs Apt. 894,,New York,NY,14768,US,2020-01-09,
667,524,residential,4556 Christopher Camp,,Detroit,MI,91650,US,2010-03-21,
668,525,residential,26003 Abigail Ford,,Newark,NJ,47860,US,2014-04-20,
669,526,residential,8826 Todd Vista,,Stamford,CT,64106,US,2014-09-20,
670,527,residential,3788 Rick Forest Apt. 591,,Houston,TX,07500,US,2024-12-02,
671,528,residential,9996 Kane Shoals,,Columbus,OH,39352,US,2010-07-15,
672,529,residential,59140 Hudson Turnpike,Suite 855,Columbus,OH,25988,US,2011-02-13,
673,530,residential,61760 Thompson Forge Suite 838,Apt 13,Raleigh,NC,80026,US,2017-02-17,
674,531,residential,0826 Stephens Drive Suite 418,,Jersey City,NJ,50627,US,2020-01-07,
675,532,residential,6823 Atkinson Groves,,Philadelphia,PA,82557,US,2021-07-21,
676,532,mailing,27300 Burke Loaf,Apt 11,Philadelphia,PA,08706,US,2021-07-21,
677,533,residential,49150 Russell Fall Apt. 976,,Tampa,FL,82680,US,2026-02-10,
678,534,residential,250 Julie Overpass,,Brooklyn,NY,95526,US,2016-08-04,
679,534,mailing,0299 Kayla Greens Apt. 688,Suite 584,Brooklyn,NY,34946,US,2016-08-04,
680,535,residential,32119 Aaron Creek Apt. 638,,Miami,FL,88271,US,2011-09-22,2016-12-24
681,535,residential,77895 Martinez Forge Suite 184,Apt 21,Miami,FL,40752,US,2016-12-24,
682,536,residential,41678 Sarah Mountain Suite 822,,Houston,TX,10354,US,2021-05-14,
683,537,residential,973 Delacruz Fort Apt. 182,Suite 886,Tampa,FL,71740,US,2023-11-12,
684,537,mailing,0539 Moyer Brooks Suite 986,Apt 11,Tampa,FL,53294,US,2023-11-12,
685,538,residential,223 Murphy Estate,,Dallas,TX,11797,US,2018-11-12,
686,539,residential,9679 Angela Place,,Houston,TX,89874,US,2015-12-26,2021-03-22
687,539,residential,69984 Stephanie Crossroad Apt. 509,,Houston,TX,91175,US,2021-03-22,
688,540,residential,5788 Rivers Terrace,Apt 21,Richmond,VA,05193,US,2012-02-03,
689,541,residential,177 Cruz Drive,,Cleveland,OH,82242,US,2009-09-25,
690,542,residential,350 Ware Shore,,Columbus,OH,47733,US,2009-08-23,
691,543,residential,9632 Serrano Ridge Suite 232,,Hartford,CT,90092,US,2011-07-27,2021-11-26
692,543,residential,3389 Matthew Expressway Suite 152,Apt 2,Hartford,CT,70367,US,2021-11-26,
693,544,residential,81865 Johnson Rue,,Baltimore,MD,64678,US,2014-10-18,
694,545,residential,79720 Adrienne Squares,Suite 668,Philadelphia,PA,44228,US,2022-03-03,
695,546,residential,367 John Meadow Suite 500,Apt 1,Atlanta,GA,81866,US,2011-03-11,
696,547,residential,092 Smith Lake Apt. 388,,Houston,TX,73613,US,2024-03-18,2025-07-21
697,547,residential,2258 Butler Islands Suite 787,Suite 765,Houston,TX,37140,US,2025-07-21,
698,548,residential,9116 Johnson Vista,,Cleveland,OH,01321,US,2012-06-16,
699,549,residential,7083 Peters Falls Apt. 444,Suite 838,Philadelphia,PA,68633,US,2017-02-02,
700,550,residential,4318 Linda Extensions,Suite 752,New York,NY,93243,US,2008-07-21,
701,550,mailing,231 James Divide,,New York,NY,85061,US,2008-07-21,2023-12-25
702,550,mailing,491 Nicholas Branch,,New York,NY,12277,US,2023-12-25,
703,551,residential,5458 Webb Light Apt. 905,Suite 187,Washington,DC,19171,US,2021-05-01,
704,552,residential,73373 Sue Burgs,Apt 2,Tampa,FL,43207,US,2018-01-03,
705,553,residential,25539 Luke Inlet,Apt 5,Hartford,CT,35468,US,2008-01-19,
706,554,residential,79970 Ashley Mill,,Richmond,VA,09660,US,2017-06-26,
707,555,residential,12560 Glen Cape,,New York,NY,35275,US,2016-07-11,
708,556,residential,03044 Sandra Rue Apt. 995,Suite 354,Stamford,CT,14850,US,2024-12-18,
709,557,residential,4830 Rhonda Ports,,Dallas,TX,54972,US,2015-05-30,
710,558,residential,201 Darren Light Suite 122,Apt 15,Austin,TX,05986,US,2022-01-08,
711,559,residential,3802 Curtis Shores Suite 812,,Dallas,TX,37469,US,2015-06-23,
712,560,residential,355 Franco Circles,,Tampa,FL,97771,US,2023-12-31,
713,561,residential,8585 Parker Curve Apt. 041,,Baltimore,MD,97841,US,2020-06-26,
714,562,residential,1669 Robert Curve,,Newark,NJ,17079,US,2022-12-14,2023-03-22
715,562,residential,155 Benton Estate Apt. 340,,Newark,NJ,33229,US,2023-03-22,
716,563,residential,6234 Skinner Dam Suite 760,Suite 879,Hartford,CT,14992,US,2015-07-04,
717,564,residential,080 Lisa Skyway Suite 712,Suite 130,Austin,TX,78193,US,2023-11-29,
718,565,residential,5847 Gonzalez Locks,Apt 20,Charlotte,NC,23436,US,2025-02-17,
719,566,residential,3396 Lynn Mill,,Baltimore,MD,33822,US,2010-06-25,
720,567,residential,5901 Brent Radial,,Raleigh,NC,64156,US,2023-07-14,
721,568,residential,04998 Lindsey Hills Suite 698,,Austin,TX,65096,US,2025-04-22,
722,569,residential,0779 Wright Village Apt. 562,,Austin,TX,28148,US,2017-08-16,
723,569,mailing,919 Roman Cliff Suite 262,,Austin,TX,03949,US,2017-08-16,
724,570,residential,11708 Reilly Pass Apt. 186,Apt 19,Boston,MA,34584,US,2009-11-07,
725,571,residential,48067 Kennedy Course,,Stamford,CT,24071,US,2019-07-07,
726,572,residential,6970 Williams Knoll,,Austin,TX,30560,US,2023-12-29,
727,573,residential,651 Carpenter Walks Suite 240,,Columbus,OH,79766,US,2017-05-28,2022-06-26
728,573,residential,496 Payne Stravenue Suite 960,,Columbus,OH,35319,US,2022-06-26,
729,574,residential,934 Patel Parkway,,Philadelphia,PA,30379,US,2009-08-29,2022-05-04
730,574,residential,2467 Vicki Terrace,,Philadelphia,PA,69603,US,2022-05-04,
731,575,residential,76052 Bradley Glens,Suite 517,Hartford,CT,42603,US,2010-01-03,
732,576,residential,44096 Bruce Mountains,Suite 333,Raleigh,NC,99539,US,2019-11-13,
733,577,residential,41746 Kristin Villages,Suite 245,New York,NY,43289,US,2010-07-26,
734,578,residential,415 Chapman Island Apt. 119,Apt 13,Chicago,IL,18165,US,2015-07-13,
735,579,residential,65362 Xavier Green Suite 590,,Dallas,TX,50175,US,2022-12-28,
736,580,residential,7605 Baker Bridge Suite 565,,Brooklyn,NY,64730,US,2023-10-01,2025-08-14
737,580,residential,8097 Tate Forges Apt. 890,Apt 28,Brooklyn,NY,56226,US,2025-08-14,
738,581,residential,00622 Gregory Hill Apt. 767,,Dallas,TX,91458,US,2017-05-04,2018-01-30
739,581,residential,6259 Peter Cove Apt. 241,,Dallas,TX,12598,US,2018-01-30,
740,582,residential,782 Nancy Extensions Suite 704,,Atlanta,GA,58974,US,2023-11-25,
741,583,residential,5968 Steven Keys,,Charlotte,NC,83804,US,2016-03-02,
742,584,residential,547 Singh Ways Apt. 112,,Charlotte,NC,25869,US,2021-06-09,2025-10-18
743,584,residential,748 Fleming River,Apt 9,Charlotte,NC,96634,US,2025-10-18,
744,585,residential,5080 Catherine Loaf,Apt 13,Philadelphia,PA,32867,US,2016-05-30,
745,586,residential,01816 Wells Heights Apt. 652,Apt 5,Charlotte,NC,37050,US,2009-06-16,
746,587,residential,53912 Horne Passage,,Dallas,TX,87148,US,2012-01-17,
747,588,residential,47246 Benjamin Corners Suite 424,Apt 4,Brooklyn,NY,17828,US,2015-12-28,
748,588,mailing,397 Adrienne Freeway,Suite 783,Brooklyn,NY,74951,US,2015-12-28,
749,589,residential,10102 Gregory Alley,Suite 686,Columbus,OH,02634,US,2024-04-11,
750,590,residential,1403 Mcfarland Run Apt. 198,,Chicago,IL,99475,US,2024-01-23,
751,591,residential,6205 Harding Summit,Suite 514,Dallas,TX,77614,US,2021-04-30,
752,592,residential,340 Weaver Courts,,Pittsburgh,PA,52775,US,2009-07-25,
753,593,residential,8999 Moore Rest,Suite 873,Newark,NJ,60677,US,2015-07-04,
754,594,residential,57197 Johnson Ranch Apt. 201,,Chicago,IL,17894,US,2012-05-11,
755,595,residential,75585 Steven Motorway,Suite 853,Houston,TX,38615,US,2016-01-11,
756,596,residential,2229 Cook Radial Apt. 704,Apt 15,Brooklyn,NY,95004,US,2019-08-09,
757,597,residential,0900 Crystal Forges Suite 640,,Cleveland,OH,60709,US,2015-01-19,2024-11-02
758,597,residential,24728 Samantha Ridge,,Cleveland,OH,43505,US,2024-11-02,
759,598,residential,507 Brian Keys Apt. 119,,Dallas,TX,49233,US,2022-08-26,
760,599,residential,00716 Becker Avenue,Apt 6,Stamford,CT,63922,US,2008-07-26,
761,600,residential,5294 Frye Trafficway,,Pittsburgh,PA,15648,US,2023-04-27,
762,601,residential,58963 Casey Hill,,Washington,DC,28463,US,2009-06-22,
763,602,residential,673 Veronica Glen,,Dallas,TX,39766,US,2014-05-13,
764,603,residential,065 Harvey Knoll Apt. 562,,New York,NY,27500,US,2025-08-07,
765,604,residential,78619 Douglas Valley,,Miami,FL,39158,US,2025-03-03,
766,605,residential,75950 Eric Mall,Suite 587,Washington,DC,92203,US,2016-05-29,
767,606,residential,73279 Sarah Station Suite 031,Apt 6,Detroit,MI,06811,US,2025-08-28,
768,606,mailing,4934 James Prairie,Suite 812,Detroit,MI,16035,US,2025-08-28,
769,607,residential,553 Parks Junctions,,Tampa,FL,19704,US,2013-01-13,2020-06-15
770,607,residential,6100 Stuart Port,Apt 18,Tampa,FL,76209,US,2020-06-15,
771,608,residential,233 Parker Square Suite 300,,Pittsburgh,PA,51963,US,2017-12-27,
772,609,residential,1784 Brandi Road,,Cleveland,OH,24981,US,2017-04-21,
773,610,residential,886 Sanchez Drive,,Detroit,MI,15790,US,2009-05-07,2016-12-20
774,610,residential,6732 Juan Springs,Suite 134,Detroit,MI,44346,US,2016-12-20,
775,610,mailing,9887 Vincent Wall Apt. 129,Suite 535,Detroit,MI,97094,US,2009-05-07,
776,611,residential,0920 Wilson Unions Suite 238,,Cleveland,OH,01303,US,2013-04-09,
777,612,residential,1186 Amanda Isle,,New York,NY,72621,US,2019-12-03,
778,613,residential,86928 Nolan Unions,,Boston,MA,67225,US,2011-07-13,
779,614,residential,322 Johnathan Harbors,,Atlanta,GA,37036,US,2010-12-20,
780,615,residential,30423 David Mill,,Detroit,MI,65778,US,2021-11-04,2022-08-22
781,615,residential,13530 Wesley Mall Suite 064,Suite 192,Detroit,MI,52388,US,2022-08-22,
782,616,residential,02916 Terry Lane,Apt 7,Pittsburgh,PA,80208,US,2015-04-11,
783,617,residential,131 Tucker Parkway,,Columbus,OH,07824,US,2011-05-15,2020-12-11
784,617,residential,8566 Finley Wells Apt. 636,Suite 434,Columbus,OH,20551,US,2020-12-11,
785,618,residential,650 Holland Lane,Suite 427,Washington,DC,22426,US,2010-09-01,
786,619,residential,88087 Jodi Lodge,Apt 9,Hartford,CT,19836,US,2021-08-30,
787,620,residential,0583 John Flats,,Washington,DC,05053,US,2016-02-27,2021-08-27
788,620,residential,15876 Nathaniel Stravenue,,Washington,DC,35507,US,2021-08-27,
789,621,residential,746 Velazquez Ranch Suite 163,Suite 600,Austin,TX,37247,US,2010-07-01,
790,622,residential,9664 White Walk Apt. 074,,Austin,TX,18419,US,2014-06-22,
791,623,residential,4307 Robinson Trail Suite 310,Suite 845,Columbus,OH,04431,US,2019-12-18,
792,624,residential,54268 Green Vista,Suite 105,Boston,MA,89666,US,2020-04-22,
793,625,residential,5633 Smith Harbors Apt. 052,Apt 15,Philadelphia,PA,58084,US,2010-09-09,
794,626,residential,3160 Perez Ports Apt. 368,,Jersey City,NJ,82754,US,2010-02-23,2017-11-02
795,626,residential,2031 Nicholas Key,Suite 860,Jersey City,NJ,46515,US,2017-11-02,
796,626,mailing,620 Barbara Roads,,Jersey City,NJ,64023,US,2010-02-23,
797,627,residential,45735 David Manors,Suite 895,Washington,DC,56445,US,2018-08-07,
798,628,residential,0107 Eric Courts,Suite 253,Detroit,MI,46929,US,2022-08-22,
799,629,residential,4223 Tina Drives Apt. 280,Suite 897,Austin,TX,83697,US,2023-07-25,
800,630,residential,50637 Carl Rue Apt. 804,,Chicago,IL,52512,US,2011-07-15,
801,631,residential,0846 Ashley Stravenue,,Pittsburgh,PA,62567,US,2015-10-31,
802,632,residential,556 Smith Skyway,,Tampa,FL,12471,US,2010-05-30,
803,633,residential,97121 Kyle Flats,Suite 415,Richmond,VA,75418,US,2009-02-01,
804,634,residential,3192 Samuel Loaf Apt. 759,,Hartford,CT,70023,US,2015-11-18,
805,635,residential,952 David Cape,,Austin,TX,21281,US,2010-04-10,
806,636,residential,4486 Morales Ports Suite 974,Apt 23,Richmond,VA,12169,US,2009-10-21,
807,637,residential,649 Jensen Mountain,Apt 17,Houston,TX,58353,US,2009-11-19,
808,638,residential,82763 Evans Common,Suite 539,Columbus,OH,41659,US,2021-01-18,
809,639,residential,4149 Randall Rapids,Apt 27,Boston,MA,77713,US,2011-09-08,
810,640,residential,09586 Catherine Neck,,Houston,TX,95337,US,2017-09-21,
811,641,residential,70754 Lee Roads,,Jersey City,NJ,93530,US,2018-11-28,
812,642,residential,939 Mackenzie Divide,Apt 27,Stamford,CT,97139,US,2013-11-13,
813,643,residential,619 Sheryl Green,,Dallas,TX,93013,US,2011-09-06,
814,644,residential,203 Kyle Highway,,Pittsburgh,PA,24501,US,2018-08-01,
815,645,residential,9021 Kim Heights Apt. 743,Apt 2,Pittsburgh,PA,05421,US,2021-03-09,
816,646,residential,2332 Cindy Fort Apt. 202,,Detroit,MI,43779,US,2020-03-31,
817,647,residential,2799 Potter Island Apt. 024,Suite 777,Newark,NJ,84617,US,2024-09-11,
818,648,residential,1901 Robbins Estates Apt. 405,,Richmond,VA,08167,US,2010-12-24,
819,649,residential,65838 Moore Springs Suite 258,Apt 10,Miami,FL,08901,US,2008-11-12,
820,650,residential,121 Christopher Causeway Apt. 878,Apt 24,Columbus,OH,06001,US,2024-07-07,
821,651,residential,994 Thompson Island,,Newark,NJ,96867,US,2012-04-01,
822,651,mailing,1222 Dougherty Summit,Suite 807,Newark,NJ,33862,US,2012-04-01,
823,652,residential,833 Phillips Mills,,Dallas,TX,02928,US,2022-06-10,
824,653,residential,77492 Simmons Shoals Apt. 295,Suite 464,Baltimore,MD,54779,US,2008-06-22,
825,654,residential,205 Edward Heights,,Columbus,OH,15839,US,2010-04-26,
826,655,residential,420 Bennett Isle,,Raleigh,NC,87433,US,2016-04-01,
827,655,mailing,808 Davis Ford Apt. 380,,Raleigh,NC,06216,US,2016-04-01,
828,656,residential,268 Nichols Locks Suite 019,,Hartford,CT,14884,US,2024-07-30,
829,657,residential,8566 Bautista Locks,Apt 16,Boston,MA,98665,US,2015-12-13,
830,658,residential,104 Cheryl Place Apt. 147,,Chicago,IL,67489,US,2019-01-08,
831,659,residential,283 Jill Brooks,,Cleveland,OH,07973,US,2022-08-04,
832,660,residential,05052 Sanchez Pines,,Newark,NJ,31295,US,2015-01-24,2017-11-05
833,660,residential,8269 Donna Port,Suite 238,Newark,NJ,80646,US,2017-11-05,
834,661,residential,1851 Thompson Motorway Apt. 368,Suite 710,Houston,TX,40439,US,2020-12-01,
835,662,residential,918 Nguyen Track Apt. 677,Suite 125,Jersey City,NJ,51047,US,2026-02-01,
836,662,mailing,065 Adam Plain,,Jersey City,NJ,69005,US,2026-02-01,
837,663,residential,457 Jessica Brook,,Stamford,CT,94373,US,2026-07-05,
838,664,residential,899 Matthew Fork Suite 607,Suite 618,New York,NY,97254,US,2022-01-06,
839,665,residential,80897 Parks Parks Suite 859,,Detroit,MI,75340,US,2024-03-26,
840,665,mailing,4183 Rodriguez Mountain Apt. 478,Apt 2,Detroit,MI,83065,US,2024-03-26,
841,666,residential,52102 Taylor Mount Apt. 664,,Houston,TX,72967,US,2015-12-08,2016-03-30
842,666,residential,82484 Meyer Trail,,Houston,TX,29525,US,2016-03-30,
843,667,residential,3027 Herman Causeway Apt. 305,Suite 585,Tampa,FL,94899,US,2023-02-10,
844,668,residential,467 Wayne Neck Apt. 187,Apt 15,Cleveland,OH,21734,US,2024-03-18,
845,668,mailing,001 Ronald Spurs Apt. 034,Apt 28,Cleveland,OH,39249,US,2024-03-18,
846,669,residential,55996 Taylor Manors,Apt 18,Miami,FL,23865,US,2012-08-27,
847,670,residential,559 Carolyn Islands Apt. 138,,Philadelphia,PA,30021,US,2025-07-27,
848,671,residential,732 Simpson Manors,Apt 30,Austin,TX,35982,US,2013-04-14,
849,672,residential,1857 Mendez Mission,,Charlotte,NC,09225,US,2016-05-09,
850,673,residential,7841 Wilson Prairie,Apt 7,Newark,NJ,39859,US,2020-02-21,
851,674,residential,1133 Ronald Camp,Suite 206,Hartford,CT,67738,US,2019-07-27,
852,675,residential,2174 Murphy Shore,,Pittsburgh,PA,28380,US,2023-08-14,
853,676,residential,776 Brittany Locks,,Jersey City,NJ,77682,US,2016-05-06,
854,677,residential,010 Castillo Ports,,Houston,TX,02724,US,2017-07-15,
855,678,residential,979 Kim Points Suite 759,,Cleveland,OH,46183,US,2023-01-07,
856,679,residential,971 Smith Isle,,Detroit,MI,98885,US,2010-10-18,
857,680,residential,038 Walton Vista,Apt 13,Jersey City,NJ,70804,US,2010-09-13,
858,680,mailing,93978 Joshua Junction,Suite 130,Jersey City,NJ,76055,US,2010-09-13,
859,681,residential,9335 Courtney Shoals Suite 880,,Chicago,IL,99400,US,2021-04-01,2025-04-23
860,681,residential,053 Emily Brooks Apt. 193,,Chicago,IL,77111,US,2025-04-23,
861,681,mailing,38297 Taylor Way,,Chicago,IL,41808,US,2021-04-01,
862,682,residential,736 Rebecca Square,,Baltimore,MD,70091,US,2019-11-22,2020-01-30
863,682,residential,66271 Hannah Pass Suite 933,Apt 15,Baltimore,MD,46799,US,2020-01-30,
864,682,mailing,005 Cantrell Terrace,,Baltimore,MD,56888,US,2019-11-22,
865,683,residential,4369 Donna Villages,,Dallas,TX,67093,US,2016-01-30,
866,684,residential,1610 Cindy Square Suite 535,Suite 375,Baltimore,MD,70678,US,2024-07-12,
867,685,residential,76362 Jose Green Suite 718,Apt 13,Chicago,IL,99457,US,2022-02-02,
868,686,residential,874 Webster Keys Apt. 358,,Columbus,OH,98623,US,2018-04-18,
869,687,residential,881 Harris Mountains,,New York,NY,58590,US,2018-07-21,
870,687,mailing,333 Campbell Mountains Suite 041,Suite 634,New York,NY,30981,US,2018-07-21,
871,688,residential,1231 Jennifer Knolls,Apt 4,Columbus,OH,59510,US,2023-11-04,
872,689,residential,97941 Douglas Harbor,,Jersey City,NJ,71802,US,2019-02-28,
873,690,residential,40432 Garcia Place,Apt 10,Stamford,CT,82009,US,2016-04-29,
874,691,residential,536 Griffith Cliff,,Miami,FL,75374,US,2010-05-05,2019-04-19
875,691,residential,68900 Marshall Rapids Suite 001,,Miami,FL,65372,US,2019-04-19,
876,692,residential,690 Wilkerson Shoal,,Miami,FL,51599,US,2023-05-02,
877,693,residential,4436 Tonya Drive,Apt 12,Philadelphia,PA,30068,US,2021-04-16,
878,694,residential,447 Ware Lane,,Atlanta,GA,81375,US,2026-01-24,
879,695,residential,5985 Patrick Curve Apt. 191,Suite 188,Columbus,OH,42400,US,2016-07-27,
880,696,residential,37600 Collins Green Apt. 837,Suite 234,Columbus,OH,86661,US,2023-01-10,
881,697,residential,9235 Joshua Grove,,Tampa,FL,67329,US,2025-10-12,
882,698,residential,72055 Natalie Trace,Apt 24,Dallas,TX,29049,US,2020-04-22,
883,699,residential,41600 Patrick Terrace,,Chicago,IL,97675,US,2015-07-09,
884,700,residential,186 Cooke Loaf Apt. 000,,Detroit,MI,78714,US,2013-11-22,
885,700,mailing,336 Pamela Stream Apt. 711,Apt 13,Detroit,MI,69102,US,2013-11-22,
886,701,residential,53466 Sean Lane Suite 494,Apt 4,Austin,TX,53509,US,2010-12-15,
887,702,residential,26208 Mason Cliff Suite 452,,Newark,NJ,61786,US,2024-06-26,
888,702,mailing,3642 Maxwell Motorway,Apt 23,Newark,NJ,02781,US,2024-06-26,
889,703,residential,6100 Guzman Forges,,Hartford,CT,07759,US,2021-04-16,2021-10-02
890,703,residential,6001 Anna Pike Apt. 710,,Hartford,CT,12262,US,2021-10-02,
891,704,residential,665 Stephanie Trail Suite 460,Suite 455,Houston,TX,40538,US,2010-12-05,
892,705,residential,472 Young Point,Suite 462,Miami,FL,55794,US,2013-03-27,
893,706,residential,622 Terrell Road Suite 687,,Dallas,TX,67431,US,2019-12-08,
894,707,residential,2235 Cain Inlet Apt. 466,,Raleigh,NC,72287,US,2025-05-19,2025-10-19
895,707,residential,21564 Martin Glens,,Raleigh,NC,75845,US,2025-10-19,
896,708,residential,3063 Perez Springs,,Richmond,VA,77408,US,2022-01-31,2024-05-14
897,708,residential,821 Willis Manor Apt. 664,Suite 683,Richmond,VA,02897,US,2024-05-14,
898,709,residential,9860 Tyler Courts,,Stamford,CT,94024,US,2015-03-04,2020-01-21
899,709,residential,03203 Brooke Plaza Apt. 114,Suite 298,Stamford,CT,04752,US,2020-01-21,
900,710,residential,908 Garcia Rue Suite 785,Apt 1,Charlotte,NC,48297,US,2008-01-19,
901,711,residential,79037 Sonia Coves Suite 088,,Chicago,IL,15058,US,2011-05-28,
902,712,residential,76810 Lauren Plaza,Apt 18,Brooklyn,NY,02457,US,2021-08-31,
903,713,residential,9069 Arnold Vista,Suite 442,Philadelphia,PA,60255,US,2015-04-11,
904,714,residential,4261 Timothy Branch,,Columbus,OH,29020,US,2009-08-16,
905,715,residential,130 Kevin Coves Suite 910,,Atlanta,GA,41971,US,2017-08-25,2021-07-05
906,715,residential,21516 Cortez Track,,Atlanta,GA,94126,US,2021-07-05,
907,716,residential,7642 Wagner Valley,,Austin,TX,77205,US,2009-11-01,2022-09-06
908,716,residential,57385 Garner Way Apt. 281,,Austin,TX,59357,US,2022-09-06,
909,717,residential,60244 Chang Ville,Apt 19,Boston,MA,48972,US,2022-04-28,
910,718,residential,370 Connor Island Suite 380,Apt 3,Washington,DC,24842,US,2008-10-27,
911,719,residential,72884 Shane Meadow Suite 207,,Baltimore,MD,86052,US,2013-02-12,
912,720,residential,687 Richard Skyway,,Chicago,IL,91475,US,2018-03-20,2021-05-04
913,720,residential,8869 Gregory Square,,Chicago,IL,44358,US,2021-05-04,
914,720,mailing,40508 Thomas Ports Suite 159,Suite 867,Chicago,IL,59401,US,2018-03-20,
915,721,residential,1903 Thomas Falls,,Austin,TX,63003,US,2020-12-29,
916,722,residential,171 Martin Tunnel Suite 298,,Richmond,VA,49253,US,2020-11-21,2022-10-09
917,722,residential,4869 Antonio Extensions,Apt 29,Richmond,VA,14075,US,2022-10-09,
918,723,residential,06801 Marshall Trace Apt. 316,,Atlanta,GA,25931,US,2025-04-30,2025-06-05
919,723,residential,50049 Jason Loop Suite 244,,Atlanta,GA,49880,US,2025-06-05,
920,724,residential,25998 Rodriguez Rapids Apt. 932,,Pittsburgh,PA,61058,US,2024-01-14,
921,724,mailing,2812 Lynn Forges,,Pittsburgh,PA,46122,US,2024-01-14,2025-02-13
922,724,mailing,9602 Higgins Mission,,Pittsburgh,PA,52291,US,2025-02-13,
923,725,residential,0675 Mathis Brooks Apt. 080,Apt 29,Richmond,VA,87677,US,2009-01-13,
924,726,residential,322 Krueger Gateway,Apt 15,Brooklyn,NY,27539,US,2022-11-27,
925,727,residential,9888 Neal Fords,,Cleveland,OH,82261,US,2014-05-16,2017-01-02
926,727,residential,32436 Brittany Curve,,Cleveland,OH,01450,US,2017-01-02,
927,728,residential,9992 David Gardens Suite 631,Suite 140,Detroit,MI,63562,US,2025-01-16,
928,729,residential,7131 Watson Stravenue,,Baltimore,MD,53032,US,2010-09-25,
929,730,residential,09928 Stewart Dam,,Hartford,CT,35953,US,2020-05-10,
930,731,residential,087 Lowery Mountain,Suite 511,Atlanta,GA,84087,US,2026-03-02,
931,732,residential,048 Vasquez Meadows,Suite 708,Hartford,CT,65081,US,2025-07-21,
932,733,residential,846 Brown Pike Suite 858,,New York,NY,70022,US,2011-04-13,
933,734,residential,4355 Kristi Lock,,Columbus,OH,22622,US,2013-12-27,
934,734,mailing,25018 Michael Underpass,,Columbus,OH,87491,US,2013-12-27,2022-03-29
935,734,mailing,47286 Brianna Glen Apt. 012,Suite 834,Columbus,OH,21803,US,2022-03-29,
936,735,residential,0956 Jacob Neck Suite 003,,Stamford,CT,81047,US,2008-12-22,
937,736,residential,06082 Tucker Camp Suite 646,,Hartford,CT,15036,US,2012-01-29,
938,737,residential,34617 Hopkins Walks Apt. 133,Apt 29,Chicago,IL,54288,US,2016-04-11,
939,738,residential,77685 Tapia Terrace Apt. 634,Apt 5,Detroit,MI,79721,US,2011-08-06,
940,739,residential,42024 Sean Grove,,Dallas,TX,35539,US,2010-06-13,
941,739,mailing,2345 Norman Underpass,Suite 549,Dallas,TX,26239,US,2010-06-13,
942,740,residential,723 Gross Grove Apt. 009,,New York,NY,44921,US,2020-03-14,2022-04-16
943,740,residential,557 Thompson Lock,,New York,NY,95674,US,2022-04-16,
944,741,residential,3788 Hill Mount,,Charlotte,NC,07215,US,2022-04-04,2024-05-17
945,741,residential,618 Bridges Walks Suite 646,,Charlotte,NC,61758,US,2024-05-17,
946,741,mailing,636 Michael Hills,Apt 17,Charlotte,NC,91465,US,2022-04-04,
947,742,residential,860 Cherry Lakes Suite 605,,Cleveland,OH,05285,US,2014-05-17,
948,743,residential,266 Pruitt Row,,Miami,FL,37359,US,2008-01-10,
949,744,residential,2898 Archer Burg,,Cleveland,OH,97742,US,2008-11-04,
950,745,residential,706 Harris Villages Apt. 162,,Chicago,IL,76244,US,2019-12-14,2025-06-24
951,745,residential,3992 Emily Port,Apt 22,Chicago,IL,70822,US,2025-06-24,
952,746,residential,69420 Jennifer Ramp Apt. 135,,Washington,DC,40148,US,2022-06-12,
953,747,residential,05498 Susan Groves Apt. 884,,Austin,TX,86836,US,2014-06-01,
954,748,residential,315 Dakota Run Suite 928,,Charlotte,NC,12710,US,2011-11-29,2013-02-25
955,748,residential,37017 Sharon Drives Suite 407,Apt 9,Charlotte,NC,06782,US,2013-02-25,
956,749,residential,448 Goodwin Burgs,,Chicago,IL,87075,US,2020-05-26,2021-03-15
957,749,residential,2889 Bean Ferry,Apt 8,Chicago,IL,84594,US,2021-03-15,
958,750,residential,203 Stephen Roads,,Miami,FL,99776,US,2012-03-31,
959,751,residential,04242 Lewis Ranch,Suite 117,Austin,TX,02934,US,2014-10-29,
960,752,residential,43652 Williams Knoll,,Miami,FL,29639,US,2018-12-14,2020-11-04
961,752,residential,8187 Maxwell Harbors Apt. 364,,Miami,FL,67350,US,2020-11-04,
962,753,residential,7998 Campbell Cliffs Apt. 594,Apt 19,Houston,TX,74811,US,2025-06-09,
963,754,residential,66617 Thompson Key,Suite 690,Pittsburgh,PA,49909,US,2022-10-15,
964,754,mailing,983 Malik Plaza,Suite 764,Pittsburgh,PA,96813,US,2022-10-15,
965,755,residential,315 Carrie Summit Apt. 912,,Houston,TX,17023,US,2025-06-08,
966,756,residential,41038 Morris Roads,Apt 10,Columbus,OH,71747,US,2010-09-06,
967,757,residential,53097 Patterson Union,Apt 15,Charlotte,NC,13910,US,2015-10-20,
968,758,residential,079 Ortiz Pine,,Stamford,CT,56942,US,2015-11-28,
969,759,residential,37956 Alexander Parks,,Atlanta,GA,64751,US,2019-06-05,
970,760,residential,733 Williams Hills,,Pittsburgh,PA,96414,US,2019-01-01,
971,761,residential,07651 Kristin Roads Apt. 851,,Dallas,TX,63850,US,2014-06-18,
972,762,residential,8115 Green Stravenue Suite 539,Apt 9,Cleveland,OH,87848,US,2019-05-06,
973,763,residential,822 Linda Burg,Apt 20,Houston,TX,89757,US,2022-01-25,
974,764,residential,65295 Tara Light,Apt 25,New York,NY,37526,US,2009-11-06,
975,765,residential,7089 Riddle Canyon,,Richmond,VA,78696,US,2019-09-07,2019-10-18
976,765,residential,19918 Glenn Common,,Richmond,VA,12543,US,2019-10-18,
977,766,residential,96047 Dwayne Island,,Philadelphia,PA,30108,US,2018-07-02,
978,767,residential,199 Daniel Ports Suite 676,,New York,NY,54001,US,2019-08-22,
979,768,residential,8703 Black Causeway Suite 063,,Chicago,IL,05944,US,2009-07-27,
980,769,residential,120 Danielle Divide,Apt 24,Detroit,MI,48320,US,2011-05-24,
981,770,residential,98602 Bailey Via,Apt 21,Columbus,OH,65119,US,2021-03-04,
982,770,mailing,544 Bradley Heights Suite 453,Apt 10,Columbus,OH,67845,US,2021-03-04,
983,771,residential,17970 Lyons Light Apt. 361,,Richmond,VA,55551,US,2010-11-16,
984,772,residential,15301 Hall Stream Apt. 671,,Cleveland,OH,41924,US,2010-06-22,
985,773,residential,5315 Silva Island Suite 191,Apt 1,Austin,TX,99915,US,2015-07-27,
986,774,residential,974 Foster Avenue Suite 702,Suite 695,Pittsburgh,PA,32336,US,2012-08-13,
987,775,residential,32973 Jason Wall,,Philadelphia,PA,53568,US,2013-01-07,
988,776,residential,238 Pearson Cape,Apt 25,Brooklyn,NY,18413,US,2013-06-04,
989,777,residential,199 Pamela Branch Suite 551,,Cleveland,OH,43526,US,2015-09-03,
990,778,residential,643 Emily Ferry,Suite 876,Philadelphia,PA,99901,US,2024-03-01,
991,779,residential,0385 John Union,,Newark,NJ,05029,US,2019-08-17,2024-10-04
992,779,residential,529 Taylor Heights Apt. 074,,Newark,NJ,95911,US,2024-10-04,
993,780,residential,00363 Walters Underpass Suite 461,Suite 734,Miami,FL,37558,US,2016-06-03,
994,781,residential,99550 Harper Union Apt. 266,,Miami,FL,39376,US,2011-03-14,
995,782,residential,40012 Kim Square Apt. 239,,Stamford,CT,70107,US,2020-08-02,
996,783,residential,78870 Sandoval Vista,,Cleveland,OH,38528,US,2023-07-31,2025-09-04
997,783,residential,8061 Heidi Glens,Apt 20,Cleveland,OH,75937,US,2025-09-04,
998,784,residential,83097 James Unions Apt. 080,,Pittsburgh,PA,75727,US,2017-03-17,
999,785,residential,7512 Harrison Harbor Apt. 006,,Philadelphia,PA,69153,US,2010-12-19,2024-07-10
1000,785,residential,8682 Vega Knolls Apt. 665,,Philadelphia,PA,33970,US,2024-07-10,
1001,786,residential,83570 Shawn Gardens Suite 309,Apt 13,Raleigh,NC,39599,US,2010-03-03,
1002,787,residential,9096 Madison Mountains,Suite 127,Baltimore,MD,78669,US,2011-03-12,
1003,788,residential,5073 Molina Lane,,Brooklyn,NY,99039,US,2012-02-18,
1004,789,residential,94420 Tara Knoll,Apt 18,Dallas,TX,70027,US,2014-11-24,
1005,790,residential,675 Sosa Crescent Suite 186,,Charlotte,NC,97207,US,2012-11-09,2021-07-25
1006,790,residential,823 Vincent Throughway Apt. 958,Suite 683,Charlotte,NC,52462,US,2021-07-25,
1007,791,residential,7483 Melinda Mills Apt. 066,,Austin,TX,24329,US,2023-06-03,
1008,792,residential,469 Sarah Drives Apt. 272,,Raleigh,NC,29345,US,2010-01-26,
1009,792,mailing,79890 Nicole Forks Suite 900,,Raleigh,NC,93356,US,2010-01-26,
1010,793,residential,7553 Vanessa Wells Apt. 737,,Atlanta,GA,67896,US,2009-09-01,
1011,794,residential,3802 Gina Locks Apt. 239,,Raleigh,NC,52818,US,2008-05-14,2008-06-27
1012,794,residential,19051 Eric Port,,Raleigh,NC,85309,US,2008-06-27,
1013,795,residential,237 Bridget Divide Suite 893,,Detroit,MI,29848,US,2024-03-06,
1014,796,residential,335 Vaughn Bridge Suite 731,,Houston,TX,22889,US,2009-02-07,
1015,797,residential,444 Larry Pass,,Tampa,FL,70938,US,2015-07-21,
1016,798,residential,689 Julia Prairie Suite 797,Suite 834,New York,NY,70981,US,2013-08-24,
1017,799,residential,6401 Robinson Dale,Apt 23,Austin,TX,80868,US,2014-06-22,
1018,800,residential,302 Mark Land Suite 233,,Richmond,VA,23445,US,2015-10-31,
1019,801,residential,7462 Michael Roads Suite 841,,Tampa,FL,82697,US,2025-09-23,
1020,802,residential,413 Monroe Shores,,Houston,TX,63351,US,2021-01-01,
1021,803,residential,26509 Mann Ferry,Suite 693,Stamford,CT,15780,US,2014-05-14,
1022,804,residential,22234 Charles Fords,,Baltimore,MD,95554,US,2015-11-04,2024-08-10
1023,804,residential,8367 Williamson Brook Apt. 779,,Baltimore,MD,09960,US,2024-08-10,
1024,804,mailing,44614 Johnson Expressway Apt. 351,Suite 361,Baltimore,MD,60521,US,2015-11-04,
1025,805,residential,695 Aguilar Estate Apt. 776,Apt 10,Charlotte,NC,34934,US,2019-06-14,
1026,806,residential,672 Amanda Plain Apt. 904,,Chicago,IL,61950,US,2021-08-02,
1027,806,mailing,14546 Nathaniel Orchard,,Chicago,IL,38827,US,2021-08-02,
1028,807,residential,543 Simpson Mews,,Charlotte,NC,56196,US,2025-10-25,
1029,808,residential,3678 Jackson Cove,,Brooklyn,NY,02438,US,2011-07-09,
1030,809,residential,69331 Mcmahon Fall,Apt 24,Atlanta,GA,93133,US,2008-04-08,
1031,810,residential,06670 Leslie Glens Suite 992,,Richmond,VA,03003,US,2008-04-27,
1032,811,residential,205 Taylor Burgs,,Miami,FL,13032,US,2018-07-22,
1033,812,residential,613 John Rapid,Apt 22,Baltimore,MD,33814,US,2008-11-18,
1034,812,mailing,4523 Lopez Locks Suite 497,,Baltimore,MD,56625,US,2008-11-18,
1035,813,residential,97356 Matthew Fall Suite 655,,Cleveland,OH,74257,US,2010-03-01,
1036,814,residential,69524 Waters Groves,,Miami,FL,52118,US,2016-02-23,
1037,815,residential,241 Wells Estate Suite 638,Suite 818,Miami,FL,29940,US,2017-11-26,
1038,816,residential,399 Robert Knoll Apt. 811,Apt 16,Newark,NJ,52097,US,2025-07-17,
1039,817,residential,8082 Dennis Ports Apt. 121,,Chicago,IL,37918,US,2013-12-13,
1040,818,residential,2994 Jason View,,Newark,NJ,75560,US,2014-10-29,
1041,819,residential,53910 Stephanie Coves,Apt 10,Richmond,VA,22758,US,2022-03-04,
1042,820,residential,673 Ferguson Courts Suite 098,,Brooklyn,NY,91118,US,2023-09-15,2024-04-24
1043,820,residential,01679 Benjamin Glen Apt. 160,,Brooklyn,NY,37584,US,2024-04-24,
1044,821,residential,199 John Divide,,Tampa,FL,16490,US,2025-05-10,
1045,822,residential,9138 Brown Islands,,Houston,TX,63487,US,2013-10-23,
1046,823,residential,1128 Rosales Hills,Apt 6,Stamford,CT,42065,US,2020-09-15,
1047,824,residential,107 Mendez Creek,,Charlotte,NC,86696,US,2018-11-22,
1048,824,mailing,94232 Michael Wells Apt. 131,,Charlotte,NC,44477,US,2018-11-22,2024-11-10
1049,824,mailing,0696 Paul Lodge,,Charlotte,NC,72311,US,2024-11-10,
1050,825,residential,856 Munoz Parkways Apt. 005,Suite 383,Chicago,IL,14390,US,2011-01-13,
1051,826,residential,66256 Johnson Light Apt. 700,,Richmond,VA,11380,US,2016-02-13,
1052,827,residential,668 Emily Unions,,Dallas,TX,13646,US,2021-07-20,
1053,828,residential,0847 Cline Pine,,Boston,MA,25746,US,2023-01-11,
1054,829,residential,053 Coffey Mills Apt. 289,,Jersey City,NJ,17704,US,2021-12-08,
1055,830,residential,04194 Sanchez Club,,Philadelphia,PA,80882,US,2018-09-11,
1056,831,residential,88930 Walker Key,,Dallas,TX,65738,US,2025-10-25,2026-03-21
1057,831,residential,378 Elizabeth Court,,Dallas,TX,29588,US,2026-03-21,
1058,832,residential,940 Lopez Street Apt. 696,,Raleigh,NC,74745,US,2014-06-24,
1059,833,residential,5701 Flores Mills Suite 136,,Charlotte,NC,87517,US,2011-12-07,
1060,834,residential,4772 Lang Valleys Apt. 842,Apt 28,Hartford,CT,32009,US,2018-07-14,
1061,835,residential,8557 Singleton Prairie,,Charlotte,NC,04275,US,2020-01-22,
1062,836,residential,31582 Perez Harbors Apt. 296,,Pittsburgh,PA,51921,US,2024-11-19,
1063,837,residential,53926 Munoz Mountains,,Dallas,TX,01150,US,2012-10-01,
1064,838,residential,61901 Dawn Forest,,Jersey City,NJ,49478,US,2008-10-17,
1065,839,residential,718 Gomez Rapid Suite 079,,Stamford,CT,81981,US,2024-03-02,
1066,840,residential,4743 Smith Streets Apt. 945,,Dallas,TX,26166,US,2012-10-27,
1067,840,mailing,77666 Brown Fall,,Dallas,TX,86855,US,2012-10-27,
1068,841,residential,11678 Johnson Roads,Suite 666,Philadelphia,PA,63130,US,2017-12-18,
1069,842,residential,71142 Lee Canyon Apt. 375,,Tampa,FL,32699,US,2025-07-21,
1070,843,residential,78417 Laurie Parks,Apt 7,Hartford,CT,54598,US,2008-04-04,
1071,843,mailing,153 Blake Courts Suite 065,,Hartford,CT,21953,US,2008-04-04,
1072,844,residential,6569 Madden Green Suite 849,,Newark,NJ,56319,US,2025-12-23,2026-03-24
1073,844,residential,49451 Kurt Road,,Newark,NJ,18600,US,2026-03-24,
1074,844,mailing,69296 Reyes Isle Apt. 206,,Newark,NJ,17065,US,2025-12-23,2026-03-04
1075,844,mailing,7293 Park Ridges Suite 934,,Newark,NJ,90261,US,2026-03-04,
1076,845,residential,7972 Wilson Pike Suite 070,,Hartford,CT,27188,US,2010-12-16,
1077,846,residential,6706 Richard Forges Apt. 863,,Stamford,CT,01070,US,2016-10-18,
1078,847,residential,67960 Sheena Spurs,,Brooklyn,NY,71313,US,2009-12-31,
1079,847,mailing,1360 Bowman Glen Suite 692,,Brooklyn,NY,03650,US,2009-12-31,2018-12-15
1080,847,mailing,4901 Dustin Road Suite 193,,Brooklyn,NY,49548,US,2018-12-15,
1081,848,residential,4104 Joseph Circles,,Raleigh,NC,46188,US,2022-06-12,
1082,849,residential,09016 James Mission,,Columbus,OH,14917,US,2012-07-05,2013-04-14
1083,849,residential,8401 Eric Mountain Apt. 698,,Columbus,OH,91453,US,2013-04-14,
1084,850,residential,9833 Robert Mountains Apt. 505,,Miami,FL,70796,US,2018-07-01,2021-05-05
1085,850,residential,3458 Brianna Manors,,Miami,FL,43381,US,2021-05-05,
1086,851,residential,8015 Hickman Meadow Suite 930,,Miami,FL,27029,US,2022-12-21,
1087,852,residential,2854 Rodriguez Garden,,New York,NY,01080,US,2010-09-03,2025-07-28
1088,852,residential,08972 Danielle Track Apt. 827,Suite 117,New York,NY,62775,US,2025-07-28,
1089,853,residential,1210 Jennifer Harbors,Apt 5,New York,NY,18957,US,2024-05-15,
1090,854,residential,5965 Powell Motorway,,Stamford,CT,53810,US,2025-12-27,2026-01-05
1091,854,residential,99683 Keith Grove Apt. 095,,Stamford,CT,20468,US,2026-01-05,
1092,855,residential,90705 Mendoza Gardens Suite 015,Suite 538,Charlotte,NC,65098,US,2022-12-05,
1093,856,residential,8934 Browning Rapid Suite 833,,Atlanta,GA,42266,US,2017-04-09,
1094,857,residential,643 Andrew Fords Apt. 726,,Austin,TX,55981,US,2008-10-22,
1095,858,residential,014 Tyler Island Apt. 908,,Brooklyn,NY,44792,US,2017-06-13,
1096,859,residential,00908 Cameron Mills,,New York,NY,68794,US,2020-09-20,2020-12-03
1097,859,residential,048 Glenn Row,Apt 18,New York,NY,30731,US,2020-12-03,
1098,860,residential,66280 Donald Dam,,Tampa,FL,88893,US,2019-05-07,
1099,860,mailing,159 Chan Square Suite 705,,Tampa,FL,94585,US,2019-05-07,
1100,861,residential,18914 Elizabeth Rest Apt. 765,Suite 184,Atlanta,GA,85388,US,2025-07-08,
1101,862,residential,850 Jessica Locks Apt. 762,,Columbus,OH,78111,US,2025-01-28,2026-03-31
1102,862,residential,66678 Ashley Spurs,,Columbus,OH,26022,US,2026-03-31,
1103,862,mailing,616 Jackson Plaza Apt. 749,,Columbus,OH,77011,US,2025-01-28,
1104,863,residential,580 Johnson Cliffs,,Baltimore,MD,93638,US,2017-04-16,2021-05-11
1105,863,residential,71657 Ashley View Apt. 956,,Baltimore,MD,46496,US,2021-05-11,
1106,864,residential,787 Fowler Causeway,,Stamford,CT,82612,US,2013-04-02,2016-05-06
1107,864,residential,029 Andrew Cove,,Stamford,CT,96325,US,2016-05-06,
1108,864,mailing,0186 Trevor Extension,Suite 888,Stamford,CT,75424,US,2013-04-02,
1109,865,residential,73024 Rebecca Run,Apt 17,Baltimore,MD,93638,US,2017-07-07,
1110,866,residential,740 Daniels Park Apt. 544,,Hartford,CT,49348,US,2015-08-18,2024-04-12
1111,866,residential,5146 Kemp Plain,Suite 242,Hartford,CT,87357,US,2024-04-12,
1112,867,residential,6485 Eric Wall,,Detroit,MI,87401,US,2025-05-23,
1113,868,residential,050 Flores Circle Suite 092,,Chicago,IL,70232,US,2008-06-08,
1114,868,mailing,7200 Gonzalez Extensions Apt. 907,Apt 5,Chicago,IL,59068,US,2008-06-08,
1115,869,residential,50204 Johnson Ferry Apt. 435,,New York,NY,30251,US,2025-07-17,
1116,870,residential,590 Chaney Expressway,,Hartford,CT,53074,US,2026-02-19,2026-03-21
1117,870,residential,74286 Escobar Valley Suite 108,Apt 1,Hartford,CT,48142,US,2026-03-21,
1118,870,mailing,83855 Peterson Common Suite 609,,Hartford,CT,82527,US,2026-02-19,
1119,871,residential,7337 Cruz Ville,,Raleigh,NC,18903,US,2025-10-24,
1120,871,mailing,575 Ball Track,Apt 1,Raleigh,NC,98433,US,2025-10-24,
1121,872,residential,319 Allen Turnpike Apt. 995,Suite 376,Cleveland,OH,10168,US,2026-03-25,
1122,873,residential,88804 Horn Course Suite 202,,Brooklyn,NY,48905,US,2009-06-29,2020-12-08
1123,873,residential,4502 Kristen Freeway,Suite 612,Brooklyn,NY,14534,US,2020-12-08,
1124,874,residential,343 Andrade Landing,,Baltimore,MD,29995,US,2024-01-06,
1125,875,residential,265 Renee Forest Apt. 816,,Charlotte,NC,19015,US,2018-08-27,2026-03-04
1126,875,residential,087 Lori Drives,Apt 23,Charlotte,NC,21044,US,2026-03-04,
1127,875,mailing,836 Kristin Mills,,Charlotte,NC,29052,US,2018-08-27,
1128,876,residential,44500 Adam Trail,,Dallas,TX,85199,US,2012-04-29,
1129,877,residential,04093 Russell Spurs,,Richmond,VA,60694,US,2012-10-23,
1130,878,residential,51334 Brown Plains,,Houston,TX,41199,US,2012-07-31,2017-12-15
1131,878,residential,01388 Michael Freeway,,Houston,TX,23282,US,2017-12-15,
1132,879,residential,69078 Wong Meadow Suite 200,,Brooklyn,NY,03533,US,2026-04-21,
1133,880,residential,23708 Miller Creek Apt. 944,,Houston,TX,47923,US,2023-01-27,
1134,881,residential,886 Meghan Garden,,Columbus,OH,77132,US,2021-05-18,
1135,882,residential,402 Jeff Shoal Suite 614,,Pittsburgh,PA,39445,US,2021-02-01,2021-11-09
1136,882,residential,2763 Aaron Springs Apt. 176,Suite 579,Pittsburgh,PA,13183,US,2021-11-09,
1137,883,residential,6896 Mcintosh Forge Suite 883,Suite 876,Jersey City,NJ,00892,US,2008-07-05,
1138,884,residential,5934 Bradley Greens,Suite 393,Hartford,CT,07038,US,2017-12-04,
1139,884,mailing,291 Amy Extension Apt. 824,,Hartford,CT,63391,US,2017-12-04,2026-01-11
1140,884,mailing,301 Sean Prairie,,Hartford,CT,52992,US,2026-01-11,
1141,885,residential,2217 Daniel Plains,Suite 493,Philadelphia,PA,54138,US,2020-05-27,
1142,886,residential,12975 West Fall Suite 169,,Atlanta,GA,40489,US,2020-05-08,
1143,886,mailing,78811 Alicia Spurs Apt. 682,,Atlanta,GA,91949,US,2020-05-08,2020-12-18
1144,886,mailing,30716 Bailey Underpass,Apt 24,Atlanta,GA,90058,US,2020-12-18,
1145,887,residential,903 Chambers Rapid Suite 458,Suite 215,Detroit,MI,44135,US,2011-08-30,
1146,888,residential,1741 Marcus Wells Apt. 476,,Hartford,CT,24028,US,2023-11-08,
1147,889,residential,845 Clifford Loaf,,Houston,TX,29025,US,2021-05-04,
1148,890,residential,408 Jacqueline Mount,Apt 26,Stamford,CT,63868,US,2023-03-15,
1149,891,residential,2173 Villegas Squares,Suite 609,Atlanta,GA,24127,US,2010-07-15,
1150,892,residential,18144 Jackson Trace Suite 202,Apt 26,Dallas,TX,91350,US,2023-10-31,
1151,893,residential,47539 Phyllis Mountain Apt. 542,Apt 9,New York,NY,39833,US,2014-08-21,
1152,894,residential,992 Cynthia Extensions,Suite 408,Baltimore,MD,32202,US,2012-01-05,
1153,895,residential,83909 Krista Inlet,,Stamford,CT,17123,US,2011-01-01,
1154,896,residential,3751 Graham Ridge,Suite 313,Charlotte,NC,33845,US,2008-03-10,
1155,897,residential,50952 Lynch Neck Apt. 396,,Austin,TX,79806,US,2012-01-15,2017-12-10
1156,897,residential,5359 Mary Mountains Suite 504,Apt 17,Austin,TX,60519,US,2017-12-10,
1157,898,residential,667 Bryant Lodge Apt. 706,,Stamford,CT,77078,US,2022-06-17,
1158,899,residential,505 Amy Parkways Suite 016,,Dallas,TX,64909,US,2022-05-23,
1159,900,residential,6937 Collins Dale Suite 286,,Miami,FL,09951,US,2012-10-23,
1160,901,residential,8163 Berry Trace Suite 806,,Detroit,MI,26173,US,2023-06-30,
1161,902,residential,8527 Bell Lane,,Brooklyn,NY,62740,US,2015-06-29,2022-01-17
1162,902,residential,65620 Julie Forge,,Brooklyn,NY,33757,US,2022-01-17,
1163,903,residential,70731 Turner Way Suite 776,Apt 28,Stamford,CT,23184,US,2008-04-04,
1164,903,mailing,63678 Horton Pass Suite 747,,Stamford,CT,49565,US,2008-04-04,
1165,904,residential,6874 Joseph Drive Apt. 767,Apt 30,Brooklyn,NY,46991,US,2024-06-17,
1166,905,residential,5658 John Highway,,Hartford,CT,95181,US,2022-07-03,
1167,906,residential,0911 Jill Via Suite 956,,Atlanta,GA,10697,US,2021-09-06,2024-11-21
1168,906,residential,989 Bass Common,,Atlanta,GA,11873,US,2024-11-21,
1169,907,residential,704 Quinn Loop Suite 682,Apt 7,Detroit,MI,93322,US,2021-04-26,
1170,908,residential,276 Wyatt Island,,Baltimore,MD,36970,US,2017-05-16,
1171,909,residential,7338 Jon Street Suite 247,Suite 135,Richmond,VA,39721,US,2011-01-28,
1172,909,mailing,03594 Garcia Summit Apt. 387,,Richmond,VA,85060,US,2011-01-28,
1173,910,residential,83025 Gonzalez Manor Suite 815,,Philadelphia,PA,28031,US,2012-07-14,
1174,911,residential,86558 Nicholas Key,Apt 10,Chicago,IL,99840,US,2018-10-07,
1175,912,residential,2924 Curtis Rest,Suite 265,Chicago,IL,48994,US,2014-06-05,
1176,913,residential,6133 Martin Row,Apt 7,Cleveland,OH,47209,US,2013-10-20,
1177,914,residential,9845 Bryant Streets Suite 345,Suite 200,Pittsburgh,PA,40291,US,2009-03-19,
1178,915,residential,61669 Andre Terrace,Apt 22,Austin,TX,92555,US,2009-11-07,
1179,916,residential,699 Blevins Burgs,,Atlanta,GA,69848,US,2024-07-02,
1180,917,residential,322 Brandon Rue,,Washington,DC,87140,US,2014-07-23,2016-11-29
1181,917,residential,8597 Jonathan Field Suite 129,,Washington,DC,46330,US,2016-11-29,
1182,918,residential,40654 Baker Unions,,Philadelphia,PA,52816,US,2012-11-01,
1183,918,mailing,90418 Graham Spurs Suite 301,Suite 212,Philadelphia,PA,51478,US,2012-11-01,
1184,919,residential,0622 Nicole Courts,Suite 703,Miami,FL,95779,US,2016-12-14,
1185,920,residential,489 Blair Points,Suite 467,Dallas,TX,22585,US,2014-04-22,
1186,921,residential,67309 Chandler Crossroad Suite 708,Suite 774,Miami,FL,34035,US,2020-12-18,
1187,922,residential,801 Eric Landing,Apt 12,Chicago,IL,27982,US,2022-07-25,
1188,923,residential,4495 Cook Common,Suite 279,Newark,NJ,30785,US,2024-04-29,
1189,924,residential,148 Sutton Estate,Apt 6,New York,NY,56670,US,2008-09-26,
1190,925,residential,641 Alexander Rapid Suite 300,Apt 6,Newark,NJ,74651,US,2019-05-23,
1191,926,residential,483 Barton Rapid,Apt 30,Tampa,FL,22441,US,2015-10-13,
1192,927,residential,53735 Ross Summit,Apt 3,Richmond,VA,64198,US,2012-01-18,
1193,928,residential,53649 Daniel Spurs,,Detroit,MI,20575,US,2022-07-30,
1194,929,residential,775 Dunn Corners,,Dallas,TX,21304,US,2016-07-09,
1195,930,residential,991 Stephen Landing,,Jersey City,NJ,49040,US,2016-10-09,
1196,931,residential,597 Gonzales Mews,Apt 7,Stamford,CT,46442,US,2012-01-23,
1197,932,residential,9220 Saunders Walks Apt. 763,Apt 9,Richmond,VA,39620,US,2024-03-14,
1198,933,residential,14872 Michael Lakes Suite 856,,Washington,DC,33866,US,2026-02-24,
1199,934,residential,5809 Tucker Rapid Suite 758,Apt 21,Hartford,CT,13309,US,2023-06-25,
1200,934,mailing,0284 Kimberly Loop Apt. 334,Apt 10,Hartford,CT,58702,US,2023-06-25,
1201,935,residential,508 Victor Haven Suite 601,,Atlanta,GA,60988,US,2021-06-27,
1202,936,residential,8692 Edwards Courts,,Austin,TX,52650,US,2017-08-17,
1203,937,residential,5896 Tracy Motorway,,Hartford,CT,17289,US,2015-02-19,2020-09-11
1204,937,residential,834 Tammy Fort,Apt 15,Hartford,CT,45774,US,2020-09-11,
1205,938,residential,967 Stephanie Grove Apt. 300,,Boston,MA,60306,US,2016-12-14,
1206,939,residential,128 Patterson Prairie Apt. 122,Apt 27,Detroit,MI,26207,US,2022-04-17,
1207,940,residential,5744 Melendez Squares Apt. 255,,Tampa,FL,37222,US,2020-11-27,
1208,941,residential,88193 Monroe Stravenue,,Chicago,IL,56709,US,2009-02-01,2017-11-07
1209,941,residential,84714 Lambert Expressway Apt. 148,,Chicago,IL,32460,US,2017-11-07,
1210,942,residential,0906 Graham Plains Apt. 762,,Columbus,OH,97554,US,2016-10-17,
1211,943,residential,418 Cervantes Forges,,Newark,NJ,06362,US,2022-04-27,
1212,944,residential,3906 Flynn Port,Apt 15,Detroit,MI,04851,US,2025-10-01,
1213,945,residential,68296 Best Mountain,,Cleveland,OH,36843,US,2011-07-09,
1214,946,residential,875 Robertson Divide,,New York,NY,79600,US,2010-01-25,2024-07-15
1215,946,residential,58384 Faith Road,,New York,NY,84226,US,2024-07-15,
1216,947,residential,0128 Jaime Ports,,Newark,NJ,43809,US,2024-09-14,
1217,947,mailing,979 Sarah Junction Suite 177,Apt 10,Newark,NJ,11176,US,2024-09-14,
1218,948,residential,389 Clark Mission Suite 841,Suite 406,Tampa,FL,99598,US,2016-06-02,
1219,949,residential,03324 Goodman Stravenue Suite 574,,Columbus,OH,45102,US,2020-03-24,2021-06-27
1220,949,residential,48480 Haynes Mill,Apt 24,Columbus,OH,95575,US,2021-06-27,
1221,950,residential,1110 Ashley Ports Suite 647,,Brooklyn,NY,47956,US,2015-04-07,2023-10-04
1222,950,residential,565 Hernandez Port Suite 226,Apt 26,Brooklyn,NY,90039,US,2023-10-04,
1223,951,residential,9926 Jeffery Curve Suite 870,,Detroit,MI,82394,US,2014-01-16,
1224,952,residential,711 Stacey Trace,,Richmond,VA,31743,US,2013-07-12,
1225,953,residential,99344 Johnson Locks,,Houston,TX,93348,US,2015-07-05,2023-12-19
1226,953,residential,9430 Salazar Shoal,Apt 10,Houston,TX,17607,US,2023-12-19,
1227,954,residential,8753 Darren Prairie Apt. 425,,Raleigh,NC,46384,US,2014-07-30,
1228,955,residential,602 Jeremy Ramp Apt. 213,,Houston,TX,10352,US,2010-09-21,
1229,956,residential,87314 Linda Port Suite 629,,Cleveland,OH,15325,US,2015-06-22,
1230,957,residential,87451 Sheila Drive,Suite 682,Raleigh,NC,89774,US,2015-03-04,
1231,958,residential,6627 Santos Brook,Suite 669,Austin,TX,13303,US,2018-11-24,
1232,959,residential,587 Rachel Spurs,,Stamford,CT,73297,US,2008-03-24,
1233,960,residential,197 Cody Cape Apt. 967,Apt 21,Philadelphia,PA,80363,US,2026-02-02,
1234,960,mailing,209 Michael Ports Apt. 018,,Philadelphia,PA,20782,US,2026-02-02,
1235,961,residential,8551 Ruben Forest,Suite 750,Boston,MA,79715,US,2021-07-20,
1236,962,residential,62591 Heather Fall Suite 977,Suite 156,Pittsburgh,PA,31386,US,2023-06-09,
1237,963,residential,657 Matthew Lodge,Suite 895,Jersey City,NJ,99156,US,2015-12-08,
1238,964,residential,600 Ashley Branch Apt. 657,Apt 30,Dallas,TX,30392,US,2024-04-19,
1239,965,residential,91401 Hernandez Garden,Apt 20,Stamford,CT,14752,US,2022-09-28,
1240,966,residential,335 West Inlet,,Richmond,VA,21942,US,2009-05-11,
1241,967,residential,62473 Nguyen Canyon,,Atlanta,GA,94833,US,2017-07-22,
1242,968,residential,554 Jennifer Haven,Suite 178,Hartford,CT,23574,US,2015-09-17,
1243,969,residential,045 Jodi Skyway Apt. 528,Apt 9,Newark,NJ,61948,US,2023-10-26,
1244,970,residential,64122 Chang Glen,Apt 4,Richmond,VA,03337,US,2023-02-01,
1245,970,mailing,72033 Williams Cliffs Suite 023,Apt 23,Richmond,VA,17811,US,2023-02-01,
1246,971,residential,1199 Nathan Landing Apt. 253,,Baltimore,MD,67438,US,2023-03-22,
1247,971,mailing,8191 Lynn Street,,Baltimore,MD,45754,US,2023-03-22,
1248,972,residential,3282 Ortiz Brook Suite 162,,Pittsburgh,PA,10257,US,2018-11-28,
1249,973,residential,9868 Contreras Manor,,Newark,NJ,78573,US,2010-12-01,
1250,974,residential,392 Guerra Pine,,Stamford,CT,66146,US,2019-03-19,
1251,974,mailing,930 Lloyd Lock,Apt 20,Stamford,CT,86542,US,2019-03-19,
1252,975,residential,6882 Mendoza Pine Apt. 072,Suite 446,Boston,MA,94156,US,2024-01-17,
1253,975,mailing,08147 Cynthia Mount Apt. 564,,Boston,MA,02826,US,2024-01-17,2024-07-01
1254,975,mailing,308 Brandon Locks Suite 899,,Boston,MA,82920,US,2024-07-01,
1255,976,residential,867 Jones Points Suite 711,,Pittsburgh,PA,56204,US,2022-10-21,2025-06-24
1256,976,residential,6059 Nicholson Fords Suite 318,,Pittsburgh,PA,06899,US,2025-06-24,
1257,977,residential,31678 Rodriguez Tunnel,Suite 349,Newark,NJ,21588,US,2025-01-09,
1258,978,residential,9080 Ashley Park Suite 738,,Columbus,OH,67347,US,2011-05-02,
1259,979,residential,2949 Valerie Overpass,,Charlotte,NC,91155,US,2024-10-24,
1260,979,mailing,79965 Gutierrez Loaf Apt. 897,,Charlotte,NC,91358,US,2024-10-24,
1261,980,residential,56771 Michael Shoals Suite 890,,Chicago,IL,34893,US,2012-12-05,2016-08-16
1262,980,residential,280 Jones Lodge,,Chicago,IL,57039,US,2016-08-16,
1263,980,mailing,812 Beth Oval,,Chicago,IL,69602,US,2012-12-05,
1264,981,residential,4202 Lauren Green Apt. 488,Apt 27,Richmond,VA,51997,US,2022-03-23,
1265,982,residential,93960 Miller Greens Suite 189,,Miami,FL,98065,US,2023-12-30,
1266,983,residential,34141 Katelyn Path,,Detroit,MI,14085,US,2009-09-05,
1267,984,residential,0856 Ashley Harbor Apt. 671,,Miami,FL,39286,US,2010-10-08,
1268,985,residential,74033 Baker River Suite 093,Suite 474,Philadelphia,PA,32866,US,2013-06-29,
1269,986,residential,18057 Allen Spur Apt. 108,,Austin,TX,79479,US,2009-04-04,2021-01-24
1270,986,residential,546 Gabriel Fork Suite 064,,Austin,TX,03295,US,2021-01-24,
1271,987,residential,361 Vanessa Motorway,,Baltimore,MD,61912,US,2011-11-17,
1272,988,residential,71960 Joshua Burg,,Columbus,OH,22812,US,2013-12-01,
1273,989,residential,552 Ashley Coves Suite 033,,Hartford,CT,47712,US,2015-03-14,
1274,990,residential,17394 Benson Drives Suite 872,,Houston,TX,26201,US,2025-12-27,
1275,991,residential,9317 Alexander Bypass,,Philadelphia,PA,56917,US,2012-01-09,
1276,992,residential,4646 Lori Place,,Charlotte,NC,91459,US,2012-06-13,
1277,993,residential,9255 Cassandra Walk Apt. 509,Apt 1,Brooklyn,NY,23259,US,2024-01-29,
1278,993,mailing,00110 Lisa Manors Apt. 619,,Brooklyn,NY,60751,US,2024-01-29,
1279,994,residential,699 Kathryn Spur Suite 723,,Cleveland,OH,88824,US,2019-03-17,
1280,994,mailing,04481 Rhodes Mountain,,Cleveland,OH,82826,US,2019-03-17,
1281,995,residential,18641 Cruz Route Apt. 023,,Charlotte,NC,54694,US,2010-04-21,
1282,996,residential,193 Tiffany Dam,,Austin,TX,70448,US,2011-10-11,
1283,997,residential,2964 Turner Pike,,Washington,DC,36994,US,2022-10-13,2022-12-28
1284,997,residential,686 Monica Crescent,,Washington,DC,10250,US,2022-12-28,
1285,998,residential,627 Hickman Center,,Tampa,FL,23010,US,2016-10-08,2021-08-03
1286,998,residential,120 Blevins Freeway Suite 216,,Tampa,FL,23907,US,2021-08-03,
1287,999,residential,3793 Davila Walk Suite 519,Apt 11,Charlotte,NC,84845,US,2019-10-04,
1288,1000,residential,1125 Cross Estates Apt. 300,Suite 703,Houston,TX,71678,US,2021-11-15,
1289,1001,residential,883 George Mill Apt. 654,,Boston,MA,71904,US,2022-05-14,
1290,1002,residential,65129 Gomez Course Apt. 051,,Washington,DC,04742,US,2014-02-09,
1291,1003,residential,0283 Janice Field,Suite 625,Detroit,MI,88275,US,2025-05-28,
1292,1004,residential,631 Larsen Tunnel Suite 968,,Dallas,TX,62268,US,2020-01-11,2022-04-08
1293,1004,residential,33045 Browning Circles Apt. 616,,Dallas,TX,51745,US,2022-04-08,
1294,1005,residential,280 Kenneth Crest Suite 050,,Charlotte,NC,86247,US,2026-01-09,
1295,1006,residential,8837 Fields Freeway,,Atlanta,GA,46355,US,2023-11-15,2026-05-04
1296,1006,residential,047 Thompson Junctions Apt. 950,,Atlanta,GA,14461,US,2026-05-04,
1297,1007,residential,4890 Andrew Knolls,,Dallas,TX,70447,US,2024-09-11,
1298,1008,residential,55967 Wallace Rapid,,Charlotte,NC,80096,US,2013-02-02,
1299,1009,residential,60895 Buck Camp,,Stamford,CT,99658,US,2014-01-09,
1300,1010,residential,128 Adrian Park Suite 611,,Washington,DC,98503,US,2008-04-25,
1301,1011,residential,885 William Street Suite 818,,Pittsburgh,PA,34344,US,2017-07-02,
1302,1012,residential,5744 Rodriguez Cape Suite 692,,Miami,FL,97994,US,2023-04-08,
1303,1013,residential,859 Steven Rest,,Boston,MA,92781,US,2013-11-21,
1304,1014,residential,073 Wendy Run Apt. 776,,Columbus,OH,12811,US,2020-07-18,
1305,1015,residential,0336 Anderson Plaza Suite 023,,Washington,DC,11904,US,2019-02-17,
1306,1016,residential,22347 Jones Manors,,Jersey City,NJ,80766,US,2016-07-13,
1307,1017,residential,4594 Lloyd Creek Apt. 189,,Stamford,CT,33174,US,2024-03-12,
1308,1018,residential,056 Campbell Point,,Miami,FL,91592,US,2011-01-27,
1309,1019,residential,8943 Debbie Oval Suite 399,Suite 448,Newark,NJ,08590,US,2026-03-13,
1310,1020,residential,755 Richard Mount,,Hartford,CT,79864,US,2010-06-22,2013-11-14
1311,1020,residential,7015 Gerald Centers,,Hartford,CT,27659,US,2013-11-14,
1312,1021,residential,929 Logan Ridge,,Houston,TX,19730,US,2013-11-11,
1313,1022,residential,0549 Henry Plains,,Tampa,FL,70683,US,2013-10-26,
1314,1023,residential,6589 Taylor Groves Suite 609,Apt 17,Tampa,FL,55152,US,2018-05-04,
1315,1024,residential,8840 Smith Square Suite 657,,Charlotte,NC,61856,US,2009-06-20,
1316,1025,residential,261 Scott Mill,Apt 16,Detroit,MI,04019,US,2017-09-10,
1317,1026,residential,512 Aguilar Field Apt. 242,Apt 23,Columbus,OH,73461,US,2012-01-25,
1318,1027,residential,17086 Brennan Cove Suite 207,,Miami,FL,61756,US,2021-03-25,
1319,1028,residential,05110 Brett Mountains Apt. 178,Apt 25,Dallas,TX,97089,US,2022-03-13,
1320,1029,residential,9974 Craig Shoal Suite 396,,Stamford,CT,42613,US,2017-07-29,2018-06-06
1321,1029,residential,442 Hernandez Shore Suite 204,,Stamford,CT,11429,US,2018-06-06,
1322,1030,residential,8160 Cooper Trafficway Apt. 749,,Chicago,IL,86654,US,2023-10-09,
1323,1031,residential,0574 Rivera Port,,Detroit,MI,81398,US,2012-04-20,
1324,1032,residential,6898 Carlson Viaduct Apt. 135,Apt 7,Baltimore,MD,76113,US,2021-06-13,
1325,1033,residential,205 Phillips Views Apt. 987,,Cleveland,OH,72336,US,2016-05-24,
1326,1034,residential,1784 Hatfield Falls,Suite 170,Detroit,MI,11065,US,2025-01-31,
1327,1035,residential,887 Rivera Harbors Suite 847,,Atlanta,GA,99918,US,2022-10-10,
1328,1036,residential,934 Huang Path,Suite 178,Cleveland,OH,79512,US,2012-12-17,
1329,1036,mailing,24844 Munoz Manors,Suite 678,Cleveland,OH,94711,US,2012-12-17,
1330,1037,residential,053 Nicholas Curve Apt. 743,,Charlotte,NC,33016,US,2023-07-12,
1331,1038,residential,12138 Travis Vista,,Boston,MA,24881,US,2020-04-25,
1332,1039,residential,4180 Courtney Plaza Apt. 521,,Raleigh,NC,22960,US,2010-02-28,
1333,1040,residential,847 Mark Cape,,Brooklyn,NY,32291,US,2011-03-23,
1334,1041,residential,2778 Taylor Plains Suite 272,,Hartford,CT,69862,US,2016-02-11,
1335,1041,mailing,603 Adam Orchard Suite 834,,Hartford,CT,57862,US,2016-02-11,
1336,1042,residential,0045 Matthew Knolls Suite 302,,Newark,NJ,61093,US,2012-07-18,
1337,1043,residential,8939 Stafford Mount Apt. 411,,Columbus,OH,54970,US,2015-01-13,
1338,1044,residential,8467 Jared Station Apt. 912,,Brooklyn,NY,37649,US,2023-01-18,
1339,1045,residential,0760 Clark Corner Apt. 033,,Chicago,IL,75988,US,2025-02-24,
1340,1046,residential,108 Stacey Lakes Apt. 374,Suite 638,Columbus,OH,26417,US,2014-12-05,
1341,1047,residential,7595 Cherry Burg Suite 536,,Baltimore,MD,18065,US,2010-06-26,
1342,1048,residential,78821 Santos Court,,Chicago,IL,09296,US,2009-02-08,2010-07-24
1343,1048,residential,45744 Hernandez Unions,Apt 9,Chicago,IL,27306,US,2010-07-24,
1344,1048,mailing,276 Ford Burg,,Chicago,IL,67726,US,2009-02-08,
1345,1049,residential,40941 Laura Corners Apt. 525,Suite 516,Dallas,TX,63179,US,2016-06-14,
1346,1050,residential,34348 Kennedy Flats,,Houston,TX,28594,US,2014-11-25,2026-03-01
1347,1050,residential,276 Miller Park Apt. 421,,Houston,TX,15770,US,2026-03-01,
1348,1051,residential,881 Byrd Hollow,Suite 427,Baltimore,MD,47747,US,2013-05-05,
1349,1051,mailing,19199 William Cliff,Apt 1,Baltimore,MD,88411,US,2013-05-05,
1350,1052,residential,389 Christine Parkways,Apt 2,Brooklyn,NY,63302,US,2010-07-07,
1351,1053,residential,765 Margaret Park Suite 525,,Boston,MA,93232,US,2023-10-05,
1352,1053,mailing,31631 Johnson Flat Suite 811,,Boston,MA,86002,US,2023-10-05,
1353,1054,residential,05994 Sloan Wall Suite 693,Suite 370,Tampa,FL,94310,US,2010-05-04,
1354,1055,residential,32343 Lauren Lodge Suite 874,,Columbus,OH,37897,US,2021-10-25,
1355,1056,residential,585 Kelly Ways,Apt 3,Houston,TX,15255,US,2023-06-22,
1356,1057,residential,69323 Antonio Square Apt. 647,,Baltimore,MD,48223,US,2019-06-26,
1357,1058,residential,5529 Castillo Camp,,Chicago,IL,16469,US,2020-05-12,
1358,1059,residential,8611 Hughes Burgs,,Newark,NJ,26485,US,2013-07-09,
1359,1060,residential,8437 Davis Grove,Apt 10,Hartford,CT,04079,US,2014-02-02,
1360,1061,residential,227 Stephanie Pike Suite 974,,Hartford,CT,90546,US,2015-09-12,
1361,1062,residential,340 Richard Lake,Apt 20,Miami,FL,04845,US,2016-10-13,
1362,1063,residential,62795 Walter Crossing,,Baltimore,MD,40462,US,2010-03-08,
1363,1064,residential,001 Rasmussen Summit,,Pittsburgh,PA,94669,US,2018-09-19,
1364,1065,residential,64897 Gloria Springs,,Dallas,TX,06554,US,2023-03-18,
1365,1066,residential,414 Colleen Route Apt. 552,,Cleveland,OH,71518,US,2012-02-26,
1366,1067,residential,7711 Holmes Curve Apt. 870,,Hartford,CT,88992,US,2022-02-10,
1367,1068,residential,119 Bruce Ports Suite 542,,Austin,TX,96374,US,2022-10-10,2024-03-07
1368,1068,residential,3885 John Stravenue Suite 487,,Austin,TX,60596,US,2024-03-07,
1369,1069,residential,909 Wade Loop Apt. 286,,Brooklyn,NY,47763,US,2020-02-29,
1370,1070,residential,709 Sergio Valleys,,Boston,MA,32740,US,2010-04-05,
1371,1071,residential,492 Vasquez Hollow Suite 629,,Miami,FL,54220,US,2018-06-25,2023-11-14
1372,1071,residential,74456 Alexander Meadow Suite 654,,Miami,FL,12272,US,2023-11-14,
1373,1072,residential,2693 Jay Vista,,Philadelphia,PA,97912,US,2025-03-02,
1374,1073,residential,68522 Marshall Summit Suite 512,Apt 13,Houston,TX,45406,US,2013-11-16,
1375,1074,residential,42285 Moore Trail,,Baltimore,MD,68610,US,2008-09-10,
1376,1075,residential,942 John Bypass,,Washington,DC,27293,US,2009-07-11,
1377,1076,residential,047 Scott Ramp Suite 176,Suite 655,New York,NY,75391,US,2021-09-16,
1378,1076,mailing,064 Richard Knolls Suite 421,Suite 633,New York,NY,48689,US,2021-09-16,
1379,1077,residential,342 Cynthia Ports Apt. 397,Suite 472,Jersey City,NJ,80927,US,2026-03-09,
1380,1078,residential,5102 Smith Mews Suite 860,,Philadelphia,PA,53358,US,2016-06-11,2016-09-11
1381,1078,residential,47671 Poole Ports Suite 328,,Philadelphia,PA,76991,US,2016-09-11,
1382,1079,residential,743 Perez Rapids,Apt 27,Houston,TX,34208,US,2023-12-17,
1383,1079,mailing,403 Flores Summit Suite 656,,Houston,TX,87339,US,2023-12-17,
1384,1080,residential,732 Stacey Ford Suite 874,,Jersey City,NJ,74462,US,2011-02-14,2014-06-11
1385,1080,residential,166 Laura Prairie,Suite 279,Jersey City,NJ,16733,US,2014-06-11,
1386,1081,residential,595 Davis Meadows Apt. 909,,Boston,MA,26430,US,2014-01-21,2020-01-25
1387,1081,residential,64581 Justin Terrace Suite 346,,Boston,MA,57560,US,2020-01-25,
1388,1081,mailing,7338 Tate Centers Suite 289,,Boston,MA,04432,US,2014-01-21,
1389,1082,residential,45096 Montgomery Parkway Apt. 625,Suite 643,Washington,DC,08071,US,2023-04-24,
1390,1083,residential,521 Lori Spur Suite 603,,Brooklyn,NY,66614,US,2025-09-23,2025-10-11
1391,1083,residential,08803 Parrish Manor Suite 660,,Brooklyn,NY,39777,US,2025-10-11,
1392,1084,residential,965 Arnold Lodge,,Tampa,FL,93583,US,2024-02-26,
1393,1085,residential,601 Zachary Island Apt. 029,,Richmond,VA,44899,US,2008-06-01,
1394,1086,residential,1949 Jake Locks,,Hartford,CT,82482,US,2012-08-23,
1395,1087,residential,0804 Carla Ford,Suite 256,New York,NY,93186,US,2011-06-17,
1396,1088,residential,13495 Suzanne Canyon,,Raleigh,NC,74233,US,2021-06-28,
1397,1089,residential,748 Paul Coves,Suite 508,Chicago,IL,09452,US,2009-04-12,
1398,1090,residential,11860 Amber Crossing,,Miami,FL,87955,US,2013-08-01,
1399,1090,mailing,399 James Falls,,Miami,FL,43039,US,2013-08-01,
1400,1091,residential,96196 Tammy Knolls,,Jersey City,NJ,04543,US,2016-06-03,2022-06-01
1401,1091,residential,11203 Smith Crossing Suite 418,Apt 11,Jersey City,NJ,02248,US,2022-06-01,
1402,1092,residential,4950 Smith Springs Suite 806,,Richmond,VA,17763,US,2008-04-11,2026-02-07
1403,1092,residential,5669 Gabrielle Route Suite 907,Suite 791,Richmond,VA,34303,US,2026-02-07,
1404,1093,residential,6919 Lee Court Suite 472,,Philadelphia,PA,69239,US,2019-11-12,2024-09-28
1405,1093,residential,74685 Dennis Tunnel Suite 297,Suite 288,Philadelphia,PA,51368,US,2024-09-28,
1406,1094,residential,016 Gray Villages Suite 740,,New York,NY,21228,US,2019-02-15,
1407,1095,residential,85894 Johns Mission,Suite 409,Richmond,VA,24061,US,2012-02-07,
1408,1096,residential,9934 John Crossroad,Suite 186,Jersey City,NJ,95607,US,2009-10-06,
1409,1097,residential,3779 Hannah Hollow,,Pittsburgh,PA,06416,US,2015-12-23,
1410,1098,residential,42657 Cochran Springs Suite 587,,Philadelphia,PA,59700,US,2018-09-27,
1411,1099,residential,225 Mark Cliff Suite 882,,Charlotte,NC,73054,US,2022-03-29,
1412,1100,residential,0828 Evans Squares Suite 120,,Raleigh,NC,82521,US,2026-01-20,
1413,1101,residential,1443 Cynthia Crossing Apt. 614,,Dallas,TX,38008,US,2016-11-01,2022-03-14
1414,1101,residential,99645 Collins Ford Apt. 199,Apt 21,Dallas,TX,63261,US,2022-03-14,
1415,1101,mailing,53334 Martin Meadows,,Dallas,TX,81144,US,2016-11-01,2023-11-22
1416,1101,mailing,10034 Kelly Rapid Suite 585,Apt 27,Dallas,TX,72793,US,2023-11-22,
1417,1102,residential,76382 Leach Prairie Apt. 331,,Philadelphia,PA,21495,US,2010-04-13,
1418,1103,residential,7774 Stephen Forges Suite 665,,Austin,TX,53220,US,2011-07-27,
1419,1104,residential,278 Farmer Dale Suite 439,,Dallas,TX,27500,US,2012-10-23,
1420,1105,residential,12344 Yolanda Pike Suite 981,Apt 22,Washington,DC,15242,US,2015-08-26,
1421,1105,mailing,5124 David Well Suite 378,Apt 6,Washington,DC,89919,US,2015-08-26,
1422,1106,residential,421 Victor Throughway Apt. 136,Apt 30,Philadelphia,PA,25853,US,2024-02-26,
1423,1107,residential,1749 Brenda Forges,,Baltimore,MD,73298,US,2012-10-27,
1424,1108,residential,11139 Matthew Pine,,Columbus,OH,00530,US,2025-10-07,2026-03-28
1425,1108,residential,2364 Montgomery Trace Apt. 499,,Columbus,OH,02174,US,2026-03-28,
1426,1109,residential,067 Murray Fort,,Columbus,OH,51239,US,2021-01-05,2024-03-28
1427,1109,residential,09610 Kathleen Mount Apt. 643,Apt 4,Columbus,OH,88925,US,2024-03-28,
1428,1110,residential,7011 Parker River,,Houston,TX,13067,US,2024-07-20,
1429,1111,residential,08597 Shelly Parkway Suite 794,,Philadelphia,PA,28358,US,2012-04-07,
1430,1112,residential,5876 Montgomery Viaduct Suite 715,,Stamford,CT,46845,US,2025-03-04,
1431,1113,residential,489 Edwards Forks,,Newark,NJ,84607,US,2015-11-26,
1432,1113,mailing,0375 Spencer Bypass Suite 805,Apt 9,Newark,NJ,30591,US,2015-11-26,
1433,1114,residential,3730 Miller Alley,Apt 20,Columbus,OH,95097,US,2015-11-02,
1434,1115,residential,46746 Holt Turnpike,Suite 124,Detroit,MI,52155,US,2015-01-24,
1435,1116,residential,01027 Williams Unions Apt. 951,,Newark,NJ,51847,US,2010-09-12,
1436,1117,residential,547 Melissa Brooks Suite 260,,Houston,TX,24844,US,2014-05-24,
1437,1118,residential,91237 King Rapid,,Richmond,VA,84991,US,2009-02-19,
1438,1119,residential,65106 Williams Camp,,Brooklyn,NY,60147,US,2016-06-28,
1439,1120,residential,044 Timothy Passage Apt. 903,,Brooklyn,NY,15926,US,2009-09-09,
1440,1121,residential,0889 Barajas Radial Apt. 032,Apt 27,Raleigh,NC,82501,US,2014-10-12,
1441,1122,residential,3309 Renee Knolls Suite 540,,Brooklyn,NY,32590,US,2010-12-18,
1442,1123,residential,85004 James Shores,,Richmond,VA,70191,US,2016-02-24,
1443,1124,residential,738 Ramos Views Suite 973,,Dallas,TX,77428,US,2014-03-18,
1444,1125,residential,4295 William Ferry,,Pittsburgh,PA,47993,US,2010-12-02,
1445,1126,residential,4876 Emma Junction Apt. 488,Suite 107,Baltimore,MD,37427,US,2024-03-19,
1446,1127,residential,5935 Romero Club Apt. 822,Suite 223,Pittsburgh,PA,59042,US,2018-04-19,
1447,1128,residential,49379 Gilbert Brook Suite 045,,Brooklyn,NY,48235,US,2011-09-05,2017-12-04
1448,1128,residential,496 Mosley Stravenue Apt. 662,,Brooklyn,NY,26384,US,2017-12-04,
1449,1128,mailing,7125 Willis Junctions Apt. 276,,Brooklyn,NY,59057,US,2011-09-05,
1450,1129,residential,341 Escobar Route,Suite 473,Cleveland,OH,06979,US,2026-04-07,
1451,1130,residential,766 Ann Tunnel Suite 049,,Charlotte,NC,12514,US,2019-04-04,
1452,1130,mailing,604 Christopher Corners,,Charlotte,NC,49070,US,2019-04-04,
1453,1131,residential,608 Lucas Burg,,Pittsburgh,PA,12034,US,2019-07-27,
1454,1132,residential,396 Vincent Canyon,,Washington,DC,24741,US,2015-10-23,
1455,1133,residential,7663 Gilmore Unions,Suite 566,Richmond,VA,18210,US,2017-05-04,
1456,1134,residential,8327 Russell Mills Suite 818,Suite 348,Cleveland,OH,62677,US,2014-08-21,
1457,1135,residential,5664 James Harbors,,Boston,MA,01842,US,2023-01-21,
1458,1136,residential,92324 Castro Dam,,Brooklyn,NY,24846,US,2020-05-31,2024-10-19
1459,1136,residential,73378 Brown Loaf,,Brooklyn,NY,89038,US,2024-10-19,
1460,1137,residential,765 Shaw Points Apt. 055,,Boston,MA,09296,US,2018-05-15,
1461,1138,residential,46534 Thompson Circle Suite 218,Suite 554,Brooklyn,NY,57031,US,2023-01-18,
1462,1139,residential,58508 Connie Field,,Washington,DC,24831,US,2019-12-06,
1463,1140,residential,60891 Williams Lakes,Apt 5,Raleigh,NC,20306,US,2015-11-15,
1464,1141,residential,259 Davis Creek,,Atlanta,GA,38502,US,2024-07-28,
1465,1142,residential,16897 Morgan Flats,,New York,NY,60781,US,2020-07-01,
1466,1143,residential,0233 Miller Loop Suite 580,,Raleigh,NC,55357,US,2019-03-29,
1467,1143,mailing,7555 Robert Dam,,Raleigh,NC,07597,US,2019-03-29,
1468,1144,residential,7112 Heidi Course,Apt 6,Dallas,TX,50710,US,2018-02-04,
1469,1145,residential,65707 Lopez Wall Apt. 830,,New York,NY,19887,US,2017-07-16,
1470,1146,residential,805 Brendan Forges Apt. 465,Apt 20,Jersey City,NJ,95319,US,2022-12-26,
1471,1147,residential,3770 Cody Mountain Apt. 470,Suite 594,Newark,NJ,15091,US,2008-06-15,
1472,1148,residential,6975 Michael Court,,Richmond,VA,65195,US,2018-12-09,2020-03-20
1473,1148,residential,930 Tina Spur,Suite 415,Richmond,VA,46004,US,2020-03-20,
1474,1149,residential,406 Padilla Unions Suite 525,,Detroit,MI,75334,US,2012-11-07,
1475,1150,residential,27192 Johnson Crossroad Suite 118,,Philadelphia,PA,57662,US,2008-05-01,2014-07-03
1476,1150,residential,109 Ryan Alley,,Philadelphia,PA,77523,US,2014-07-03,
1477,1151,residential,7701 Lambert Mountain Apt. 682,Apt 2,Raleigh,NC,13681,US,2011-01-02,
1478,1151,mailing,569 Torres Burgs,,Raleigh,NC,64838,US,2011-01-02,
1479,1152,residential,974 Michael Causeway,,Richmond,VA,65511,US,2021-01-02,2025-07-16
1480,1152,residential,67486 Lopez Plains Apt. 821,,Richmond,VA,64734,US,2025-07-16,
1481,1153,residential,997 Gregory Drive Apt. 193,,Miami,FL,08572,US,2024-09-14,
1482,1154,residential,031 Kathy Neck,,Dallas,TX,73483,US,2024-08-12,
1483,1155,residential,487 Castillo Crossing,Suite 406,Detroit,MI,15408,US,2020-04-04,
1484,1156,residential,786 Bullock Branch Apt. 947,,Cleveland,OH,49459,US,2016-09-23,
1485,1157,residential,535 Wesley Square Apt. 157,,Washington,DC,46601,US,2022-02-22,
1486,1158,residential,39168 Wu Turnpike Suite 088,,Atlanta,GA,41844,US,2018-07-06,
1487,1159,residential,9354 Danny Alley Apt. 818,Suite 289,Brooklyn,NY,72026,US,2026-05-27,
1488,1160,residential,15703 Ellis Locks,,Dallas,TX,07475,US,2024-11-04,
1489,1161,residential,54692 Elizabeth Port,Apt 27,Pittsburgh,PA,37789,US,2018-09-05,
1490,1162,residential,98107 Rodriguez Field,Suite 141,Boston,MA,44711,US,2014-09-26,
1491,1162,mailing,41202 Kelly Coves,Suite 182,Boston,MA,64412,US,2014-09-26,
1492,1163,residential,028 Hooper Ranch Apt. 565,Apt 18,Dallas,TX,72842,US,2014-05-18,
1493,1164,residential,429 Gordon Highway,,Newark,NJ,14939,US,2009-10-08,
1494,1165,residential,20174 Edwin River,,Jersey City,NJ,66835,US,2008-07-13,2021-05-03
1495,1165,residential,469 Powell Road Suite 818,Suite 185,Jersey City,NJ,19752,US,2021-05-03,
1496,1166,residential,180 Corey Circle,,Miami,FL,68315,US,2025-08-09,
1497,1167,residential,7132 Wanda Island,,Boston,MA,32862,US,2025-07-25,
1498,1168,residential,667 Williams Plains Suite 721,,Cleveland,OH,05706,US,2010-10-27,2014-10-05
1499,1168,residential,524 Andrew Village Apt. 051,,Cleveland,OH,02948,US,2014-10-05,
1500,1169,residential,893 Todd Vista Suite 398,,Atlanta,GA,42321,US,2022-03-21,
1501,1170,residential,042 Michael Motorway Apt. 189,,Newark,NJ,79417,US,2024-05-13,
1502,1171,residential,7508 Knight Shoals,,Washington,DC,76243,US,2015-03-24,2020-01-07
1503,1171,residential,57686 Martinez Cliffs Apt. 805,Suite 801,Washington,DC,76365,US,2020-01-07,
1504,1172,residential,154 Bonnie Fords Suite 110,Apt 7,Jersey City,NJ,78705,US,2023-03-15,
1505,1172,mailing,4513 Perez Throughway Suite 905,,Jersey City,NJ,96704,US,2023-03-15,
1506,1173,residential,81718 Michael Wall,,Cleveland,OH,40767,US,2019-12-05,2022-12-31
1507,1173,residential,521 Rebecca Mill Suite 963,,Cleveland,OH,99777,US,2022-12-31,
1508,1174,residential,400 Lisa Place Apt. 803,Apt 13,Boston,MA,92904,US,2017-02-28,
1509,1175,residential,84616 Patel Row,,Atlanta,GA,83382,US,2013-01-23,2022-07-28
1510,1175,residential,14999 Atkins Walk,,Atlanta,GA,01909,US,2022-07-28,
1511,1176,residential,46010 Rodriguez Crossing,,Washington,DC,31225,US,2016-04-10,
1512,1176,mailing,5794 Brandon Mountains Apt. 239,,Washington,DC,47338,US,2016-04-10,
1513,1177,residential,7513 Marshall Club Apt. 398,,Tampa,FL,11514,US,2024-05-03,
1514,1178,residential,868 Deanna Turnpike Suite 341,,Baltimore,MD,71089,US,2021-11-19,
1515,1178,mailing,9640 Connie Underpass,Apt 16,Baltimore,MD,14518,US,2021-11-19,
1516,1179,residential,92719 King Loop,,Cleveland,OH,30372,US,2022-09-22,2023-05-05
1517,1179,residential,7020 Stuart Club Suite 378,Suite 899,Cleveland,OH,86579,US,2023-05-05,
1518,1180,residential,888 Dawn Stream Apt. 100,Apt 3,Charlotte,NC,60208,US,2019-03-23,
1519,1181,residential,1048 Ortiz Common,,Richmond,VA,68896,US,2023-09-09,
1520,1182,residential,770 John Islands,,Miami,FL,61219,US,2018-02-03,
1521,1183,residential,04381 Ramos Ranch,,Boston,MA,97584,US,2017-02-27,
1522,1184,residential,23145 Ochoa Court Apt. 275,,Chicago,IL,78446,US,2012-03-15,2017-10-25
1523,1184,residential,0034 Rebecca Mount,Apt 13,Chicago,IL,35996,US,2017-10-25,
1524,1185,residential,1119 Danielle Burgs Suite 071,,Hartford,CT,32986,US,2012-01-05,
1525,1186,residential,256 David Lodge Apt. 599,,Houston,TX,94272,US,2021-11-03,2023-09-09
1526,1186,residential,2618 Rosales Isle Suite 375,,Houston,TX,70665,US,2023-09-09,
1527,1187,residential,358 Heather Skyway Suite 288,,Philadelphia,PA,04467,US,2009-07-08,2012-01-29
1528,1187,residential,75078 Brenda Roads Suite 354,Suite 813,Philadelphia,PA,39126,US,2012-01-29,
1529,1188,residential,06069 Peter Plains Suite 275,,Austin,TX,48343,US,2017-09-29,
1530,1189,residential,54539 Williams Throughway Suite 099,Apt 29,Washington,DC,29671,US,2018-02-15,
1531,1190,residential,0394 Emily Ranch,Apt 6,Jersey City,NJ,67153,US,2026-05-29,
1532,1191,residential,595 Quinn Wells Apt. 273,,Boston,MA,95613,US,2017-05-26,
1533,1191,mailing,4271 David Drive,,Boston,MA,89993,US,2017-05-26,2019-09-21
1534,1191,mailing,23936 Thomas Cove Suite 640,Apt 21,Boston,MA,87836,US,2019-09-21,
1535,1192,residential,289 Benjamin Trail,Suite 374,Boston,MA,85678,US,2012-02-10,
1536,1193,residential,433 Lee Turnpike Apt. 783,Suite 440,Brooklyn,NY,80181,US,2013-10-02,
1537,1194,residential,653 Jones Knolls Suite 310,,Chicago,IL,47175,US,2020-08-09,
1538,1195,residential,97341 Holmes Center,Apt 27,Pittsburgh,PA,21460,US,2023-06-14,
1539,1196,residential,08712 Alexandra Vista,,Hartford,CT,99143,US,2010-04-02,
1540,1197,residential,75790 Gary Bridge Apt. 609,Apt 21,Miami,FL,37595,US,2019-03-07,
1541,1198,residential,5850 Andrews Court Suite 504,,Austin,TX,81583,US,2024-12-14,
1542,1199,residential,43845 Evelyn Spurs,,Cleveland,OH,34481,US,2024-04-05,2025-08-08
1543,1199,residential,17643 Jacobs Flats Suite 166,,Cleveland,OH,59369,US,2025-08-08,
1544,1200,residential,6726 Herring Parkways,,Jersey City,NJ,59168,US,2021-08-15,
1545,1201,residential,3780 Alexander Highway,,Baltimore,MD,05649,US,2009-11-07,
1546,1202,residential,7125 Vance Ferry,,Atlanta,GA,09986,US,2008-02-19,
1547,1202,mailing,00857 French Crescent,,Atlanta,GA,48658,US,2008-02-19,
1548,1203,residential,41365 David Passage,,Cleveland,OH,42860,US,2014-07-08,
1549,1204,residential,3370 Kristen Street,,Newark,NJ,77997,US,2015-02-23,
1550,1205,residential,7405 Compton Village Suite 618,,Raleigh,NC,20062,US,2016-01-08,
1551,1206,residential,492 Cynthia Dale,Suite 281,Baltimore,MD,27364,US,2023-06-29,
1552,1207,residential,4845 Chavez Underpass,Apt 17,Hartford,CT,63805,US,2020-07-02,
1553,1207,mailing,4176 Smith Island,,Hartford,CT,55248,US,2020-07-02,
1554,1208,residential,4760 Martinez Parkway Suite 296,Suite 122,Cleveland,OH,41244,US,2021-06-25,
1555,1209,residential,4422 Ryan Spur Suite 069,,Miami,FL,22805,US,2019-04-14,
1556,1210,residential,21430 Christopher Square,Suite 663,Chicago,IL,25393,US,2012-10-16,
1557,1211,residential,755 Heather Knolls Apt. 961,,Raleigh,NC,45537,US,2020-05-12,2021-07-22
1558,1211,residential,3697 Reed Station,,Raleigh,NC,69088,US,2021-07-22,
1559,1212,residential,958 Beck Cliff,Apt 4,Boston,MA,61315,US,2009-06-30,
1560,1213,residential,2936 Taylor Pine Suite 179,,New York,NY,60476,US,2015-10-06,2016-11-01
1561,1213,residential,7990 Lisa Avenue,,New York,NY,17686,US,2016-11-01,
1562,1214,residential,1904 Simon Light,,Richmond,VA,22982,US,2020-11-13,
1563,1215,residential,3262 Allen Plain,Suite 282,Hartford,CT,12473,US,2023-11-19,
1564,1216,residential,0745 Kathleen Summit,Apt 11,Brooklyn,NY,79176,US,2022-11-09,
1565,1217,residential,90771 Joe Isle,,Detroit,MI,92592,US,2022-02-05,
1566,1218,residential,7355 Grant Coves Suite 712,,Chicago,IL,51571,US,2023-10-04,
1567,1219,residential,43390 Moore River,,Boston,MA,97606,US,2014-12-20,
1568,1220,residential,91275 Ashley Turnpike Suite 571,Apt 8,Austin,TX,38226,US,2022-06-22,
1569,1221,residential,3644 Clark Estates Suite 914,,Richmond,VA,19815,US,2024-06-02,2025-02-07
1570,1221,residential,007 Frederick Mills,Suite 555,Richmond,VA,52664,US,2025-02-07,
1571,1222,residential,00090 Elizabeth Forest Apt. 586,,Richmond,VA,85093,US,2012-11-28,
1572,1223,residential,24656 Mays Trail,,New York,NY,09028,US,2022-08-04,
1573,1224,residential,656 Bobby Route Apt. 375,,Newark,NJ,20613,US,2014-07-02,
1574,1225,residential,372 Todd Loop Apt. 414,Apt 26,Tampa,FL,19365,US,2014-11-27,
1575,1226,residential,2439 Gabriel Route,,Brooklyn,NY,48903,US,2025-06-13,
1576,1227,residential,783 Walton Lodge,Suite 188,Cleveland,OH,60519,US,2023-04-13,
1577,1228,residential,86825 Alyssa Isle Apt. 562,,Miami,FL,75325,US,2009-06-01,
1578,1229,residential,0472 Kimberly Springs,Suite 117,Cleveland,OH,32084,US,2018-02-23,
1579,1230,residential,868 Bender Ridges,,Houston,TX,22705,US,2008-01-25,
1580,1230,mailing,9403 Miller Meadow Suite 613,,Houston,TX,87954,US,2008-01-25,
1581,1231,residential,9123 Sheppard Rapids Apt. 980,,Charlotte,NC,12436,US,2024-03-25,
1582,1232,residential,13363 Kelly Avenue,,Philadelphia,PA,78311,US,2013-07-18,
1583,1232,mailing,27023 Andrea Meadow,Apt 8,Philadelphia,PA,63927,US,2013-07-18,
1584,1233,residential,917 Melton Ville,,Miami,FL,28362,US,2015-09-01,
1585,1234,residential,70870 Timothy Place,Suite 894,Raleigh,NC,24929,US,2012-12-16,
1586,1235,residential,0059 Gregory Square,,Cleveland,OH,10472,US,2019-03-01,
1587,1236,residential,428 Gary Lights Suite 011,Suite 193,Boston,MA,53046,US,2014-05-25,
1588,1237,residential,2673 George Canyon Suite 175,Suite 205,Charlotte,NC,27857,US,2009-03-16,
1589,1238,residential,528 Gutierrez Overpass Suite 037,Apt 3,Jersey City,NJ,66588,US,2023-07-30,
1590,1239,residential,017 Scott Motorway Suite 328,,Newark,NJ,25063,US,2011-08-18,2021-07-08
1591,1239,residential,83205 Christopher Estate,,Newark,NJ,08786,US,2021-07-08,
1592,1240,residential,74711 Williams Lock,,Washington,DC,36089,US,2013-08-13,
1593,1241,residential,88190 Cory Terrace,,Cleveland,OH,36463,US,2025-05-26,
1594,1242,residential,217 Torres Club,Suite 514,Houston,TX,63831,US,2008-04-26,
1595,1243,residential,3209 Fields Row,,Miami,FL,90904,US,2020-09-25,
1596,1244,residential,40939 Wade Flat,,Columbus,OH,94069,US,2021-10-27,
1597,1245,residential,867 Martin Drives,Apt 7,Atlanta,GA,62540,US,2008-11-11,
1598,1246,residential,2156 Jonathan Spurs,Suite 746,Brooklyn,NY,45507,US,2014-03-15,
1599,1246,mailing,3628 White Forge,,Brooklyn,NY,26054,US,2014-03-15,
1600,1247,residential,449 Woods Heights Apt. 188,,Richmond,VA,94688,US,2012-11-09,
1601,1248,residential,642 Thompson Mill Apt. 539,,Washington,DC,81545,US,2026-01-06,
1602,1248,mailing,9153 Bruce Island Apt. 451,Suite 325,Washington,DC,69842,US,2026-01-06,
1603,1249,residential,46437 Case Inlet,Suite 241,Cleveland,OH,27447,US,2014-06-11,
1604,1250,residential,121 Harper Squares Apt. 650,,Columbus,OH,56172,US,2008-03-02,2019-08-01
1605,1250,residential,7159 Curtis Expressway,,Columbus,OH,42237,US,2019-08-01,
1606,1251,residential,20861 Adkins Ridges,,Houston,TX,72327,US,2021-07-12,
1607,1252,residential,46073 Jackson Squares Suite 159,Apt 22,Raleigh,NC,48763,US,2024-05-11,
1608,1253,residential,55779 Keller Rapid,Suite 252,Charlotte,NC,84559,US,2024-01-09,
1609,1254,residential,3903 Dudley Mews,Apt 7,Chicago,IL,97766,US,2017-09-27,
1610,1255,residential,5121 Christopher Highway,,Miami,FL,17478,US,2016-12-27,
1611,1256,residential,6535 Laurie Row,Suite 816,Miami,FL,32505,US,2014-08-16,
1612,1257,residential,22584 Ellis Ramp Apt. 175,,Detroit,MI,22769,US,2025-12-03,
1613,1258,residential,03854 Samuel Circle,Apt 4,Richmond,VA,73936,US,2012-02-25,
1614,1259,residential,3529 Butler Inlet Apt. 620,,Boston,MA,36037,US,2024-12-06,
1615,1259,mailing,520 Gibbs Ford,Apt 11,Boston,MA,35033,US,2024-12-06,
1616,1260,residential,917 Linda Valley,Suite 681,Austin,TX,50910,US,2013-03-15,
1617,1261,residential,093 Jeffrey Plaza,,Boston,MA,71317,US,2025-12-29,
1618,1262,residential,5459 Jared Parkways Apt. 954,,Stamford,CT,26983,US,2025-03-18,2025-10-27
1619,1262,residential,110 Patrick Ford Suite 533,Apt 16,Stamford,CT,06964,US,2025-10-27,
1620,1263,residential,64062 Smith Mill,Apt 17,Houston,TX,37390,US,2021-11-21,
1621,1264,residential,973 Grant Haven Apt. 695,Suite 427,Detroit,MI,63151,US,2025-12-22,
1622,1265,residential,488 Brittany Views,Apt 25,Miami,FL,94653,US,2025-06-20,
1623,1265,mailing,516 Weber Cliff Suite 564,Suite 782,Miami,FL,39629,US,2025-06-20,
1624,1266,residential,0189 Gill Rapid Suite 014,,Columbus,OH,49751,US,2014-12-11,
1625,1267,residential,734 Williams Gateway,,Tampa,FL,14374,US,2022-01-27,
1626,1268,residential,832 Burns Parkway,Apt 4,Detroit,MI,44862,US,2020-01-09,
1627,1269,residential,6894 Ariel Manor,,Houston,TX,98315,US,2017-01-09,
1628,1270,residential,5182 Foster Lodge,,Stamford,CT,09332,US,2022-03-17,
1629,1271,residential,319 Spears Centers Suite 270,,Detroit,MI,34562,US,2013-01-04,
1630,1272,residential,9017 Harris Coves Apt. 986,Apt 27,Richmond,VA,32445,US,2023-12-14,
1631,1273,residential,3577 Myers Street Suite 298,,Tampa,FL,41053,US,2015-06-17,
1632,1274,residential,635 Frances Forks Suite 611,,Atlanta,GA,73480,US,2012-08-30,
1633,1275,residential,112 Steven Underpass,,Tampa,FL,79523,US,2018-08-07,
1634,1276,residential,0337 Jennifer Shores Suite 037,Suite 376,Brooklyn,NY,47847,US,2019-05-31,
1635,1277,residential,305 Mason Point,Suite 889,Houston,TX,08573,US,2020-08-07,
1636,1278,residential,820 Mark Harbor,,Dallas,TX,77453,US,2017-01-08,2018-06-16
1637,1278,residential,7649 John Stream Apt. 657,Suite 646,Dallas,TX,54755,US,2018-06-16,
1638,1278,mailing,82261 Douglas Station Apt. 294,,Dallas,TX,74150,US,2017-01-08,
1639,1279,residential,500 Heidi Ranch Suite 678,,Atlanta,GA,25078,US,2013-01-16,
1640,1280,residential,6185 Robert Squares,Apt 12,New York,NY,70107,US,2025-08-15,
1641,1281,residential,7637 Sheryl Flats Suite 344,Suite 618,Raleigh,NC,66467,US,2011-05-13,
1642,1282,residential,54673 Charles Glen Apt. 954,Suite 210,Pittsburgh,PA,56299,US,2020-06-16,
1643,1283,residential,92662 Nelson Park,,Washington,DC,67136,US,2018-07-09,
1644,1284,residential,73885 Long Trace,,Washington,DC,93443,US,2011-05-09,
1645,1284,mailing,474 Megan Terrace,,Washington,DC,75533,US,2011-05-09,2019-12-02
1646,1284,mailing,089 Garcia Coves,,Washington,DC,75785,US,2019-12-02,
1647,1285,residential,035 Heath Bridge,,Detroit,MI,76237,US,2011-10-27,
1648,1286,residential,6062 Kemp Villages Apt. 340,,Newark,NJ,85391,US,2020-06-07,2021-07-11
1649,1286,residential,978 Amanda Heights,Apt 4,Newark,NJ,38537,US,2021-07-11,
1650,1287,residential,71548 Andrea Crest,,Baltimore,MD,29659,US,2016-12-04,
1651,1288,residential,30287 Lara Groves,,Houston,TX,04891,US,2016-12-15,2020-02-12
1652,1288,residential,923 Jason Bridge Suite 778,Suite 636,Houston,TX,63700,US,2020-02-12,
1653,1288,mailing,249 Bates Extensions,,Houston,TX,50046,US,2016-12-15,
1654,1289,residential,7448 Tonya Islands,,Washington,DC,18785,US,2015-03-05,
1655,1290,residential,57646 Kaiser Run Suite 068,,Columbus,OH,01712,US,2015-03-04,
1656,1291,residential,456 Hailey Walk,,Chicago,IL,27576,US,2009-04-13,
1657,1292,residential,88032 Cowan Streets Apt. 716,,Philadelphia,PA,14932,US,2019-10-26,
1658,1292,mailing,86974 Butler Valley Apt. 370,,Philadelphia,PA,27910,US,2019-10-26,
1659,1293,residential,23280 Lopez Garden Suite 185,,Baltimore,MD,36490,US,2018-02-08,
1660,1294,residential,82673 Contreras Ways,,Austin,TX,80765,US,2010-04-06,
1661,1294,mailing,7986 Ramos Meadow,Suite 625,Austin,TX,66527,US,2010-04-06,
1662,1295,residential,7608 Jason Ports,,Atlanta,GA,22783,US,2022-12-23,2023-02-27
1663,1295,residential,728 Foster Wells Apt. 631,Suite 520,Atlanta,GA,52487,US,2023-02-27,
1664,1296,residential,749 Crystal Meadows Apt. 430,Apt 7,Charlotte,NC,30482,US,2008-02-02,
1665,1297,residential,579 Hernandez Ports,Suite 831,Atlanta,GA,46637,US,2016-05-28,
1666,1298,residential,174 Gonzalez Village,Apt 11,Hartford,CT,83627,US,2022-02-03,
1667,1299,residential,16502 Hernandez Forest,,Columbus,OH,69291,US,2024-08-16,2025-08-03
1668,1299,residential,4407 Lauren Row,,Columbus,OH,02507,US,2025-08-03,
1669,1299,mailing,98502 Donna Burg Suite 066,,Columbus,OH,58763,US,2024-08-16,
1670,1300,residential,9220 William Skyway,Apt 14,Columbus,OH,72443,US,2009-12-13,
1671,1301,residential,50507 Valerie Dale Suite 913,Suite 723,Baltimore,MD,79247,US,2015-03-07,
1672,1301,mailing,03250 Tom Rapid Suite 238,Suite 489,Baltimore,MD,30693,US,2015-03-07,
1673,1302,residential,858 James Burg,Suite 134,Pittsburgh,PA,69017,US,2021-05-30,
1674,1303,residential,9051 Rhonda Mountain,Apt 24,Columbus,OH,64493,US,2008-10-03,
1675,1304,residential,456 Sexton Pines,,Jersey City,NJ,52422,US,2022-01-27,2025-02-05
1676,1304,residential,737 Norman Rapid Suite 660,,Jersey City,NJ,58498,US,2025-02-05,
1677,1305,residential,252 Smith Forge,,Hartford,CT,76636,US,2011-07-27,
1678,1306,residential,163 Harrison Cliff,,Philadelphia,PA,60785,US,2015-05-24,2018-10-26
1679,1306,residential,48135 Tony Grove Apt. 983,Suite 239,Philadelphia,PA,99573,US,2018-10-26,
1680,1307,residential,40114 Houston Hollow Suite 547,Suite 219,Tampa,FL,26938,US,2023-12-20,
1681,1308,residential,773 Davis Bypass Apt. 405,,New York,NY,62123,US,2024-10-06,
1682,1309,residential,2188 Stanley Unions,,Brooklyn,NY,09460,US,2015-05-10,2020-09-28
1683,1309,residential,916 Hunter Falls Apt. 634,Suite 195,Brooklyn,NY,09694,US,2020-09-28,
1684,1310,residential,127 Buck Expressway,Apt 29,Dallas,TX,34350,US,2025-08-20,
1685,1311,residential,6318 Richardson Lodge,,Pittsburgh,PA,65253,US,2018-07-08,
1686,1312,residential,23106 Novak Canyon Suite 972,,Houston,TX,77087,US,2008-01-31,
1687,1313,residential,1973 Russell View,,Stamford,CT,42667,US,2014-09-08,
1688,1314,residential,7718 Lee Locks,,Charlotte,NC,00766,US,2022-06-16,
1689,1315,residential,7527 Samuel Drives Suite 971,,Miami,FL,58051,US,2018-08-14,
1690,1316,residential,676 Sarah Expressway Suite 025,,Dallas,TX,41396,US,2016-12-30,2021-02-01
1691,1316,residential,63915 Forbes Groves,,Dallas,TX,63742,US,2021-02-01,
1692,1317,residential,261 Jonathan Squares,,Columbus,OH,82267,US,2019-06-11,
1693,1318,residential,2169 Walker Fork,,Tampa,FL,92418,US,2021-12-22,
1694,1319,residential,67886 Kelly Village,,Atlanta,GA,49297,US,2026-01-17,
1695,1320,residential,4123 Hebert Radial Suite 258,Apt 26,Newark,NJ,52555,US,2015-02-22,
1696,1321,residential,8495 Carl Extensions,Apt 15,Boston,MA,60052,US,2024-05-06,
1697,1322,residential,6152 Carrillo Gateway Apt. 224,,Hartford,CT,59437,US,2021-12-13,
1698,1323,residential,74812 Robertson Oval Apt. 008,Apt 8,Austin,TX,02875,US,2025-10-24,
1699,1324,residential,81056 Matthew Row Suite 990,,Philadelphia,PA,83700,US,2010-05-02,
1700,1325,residential,81259 Randy Estate Apt. 749,,Jersey City,NJ,67249,US,2012-06-24,2023-07-02
1701,1325,residential,591 Paul Wall Apt. 033,Apt 28,Jersey City,NJ,10860,US,2023-07-02,
1702,1326,residential,43896 Banks Locks Suite 508,Suite 261,Hartford,CT,51044,US,2010-05-02,
1703,1327,residential,61395 Burns Islands,,Miami,FL,71815,US,2020-09-07,
1704,1328,residential,881 Alexis Ridge Suite 569,,Austin,TX,26210,US,2015-06-19,
1705,1328,mailing,9627 Barker Dam,,Austin,TX,31957,US,2015-06-19,
1706,1329,residential,017 Miller Burg,,Washington,DC,55616,US,2023-08-10,2026-05-15
1707,1329,residential,450 Kaitlyn Shore,,Washington,DC,99906,US,2026-05-15,
1708,1330,residential,679 Pamela Manors Suite 477,,Columbus,OH,85160,US,2013-09-01,
1709,1331,residential,87779 Newman Field,,Tampa,FL,98408,US,2014-03-13,
1710,1332,residential,5021 Lopez Courts Suite 846,,Miami,FL,05068,US,2023-08-31,
1711,1333,residential,8947 Brown Lights,,Washington,DC,76028,US,2010-04-29,
1712,1334,residential,778 April Trace Suite 361,,Dallas,TX,29969,US,2010-10-28,
1713,1334,mailing,459 Janet Circles Apt. 857,,Dallas,TX,23165,US,2010-10-28,
1714,1335,residential,9977 Jean Plaza Apt. 200,,Austin,TX,72609,US,2023-08-27,
1715,1336,residential,514 Annette Locks Suite 108,,Miami,FL,01539,US,2023-11-28,
1716,1337,residential,305 Stephen Radial Suite 251,,Dallas,TX,24099,US,2010-06-27,
1717,1338,residential,8750 Elizabeth Branch Suite 979,,Chicago,IL,12579,US,2010-11-07,
1718,1339,residential,697 Wells Underpass Apt. 712,,Brooklyn,NY,38489,US,2008-10-11,
1719,1340,residential,767 Luke Branch Suite 810,Suite 668,Boston,MA,87164,US,2018-04-30,
1720,1341,residential,319 Thompson Mill Suite 644,Suite 509,Raleigh,NC,29725,US,2017-10-10,
1721,1341,mailing,519 Long Locks,Apt 6,Raleigh,NC,29036,US,2017-10-10,
1722,1342,residential,113 Hubbard Terrace Apt. 739,,Detroit,MI,54976,US,2010-11-26,
1723,1343,residential,1299 Lynch Rapid,Suite 878,New York,NY,13096,US,2012-02-20,
1724,1344,residential,4602 John Trace,Apt 2,Chicago,IL,71938,US,2014-06-05,
1725,1345,residential,5589 Eric Square Suite 528,Apt 20,Miami,FL,42858,US,2009-04-07,
1726,1346,residential,971 Barber Fields Suite 964,,Boston,MA,63995,US,2024-12-24,
1727,1347,residential,088 Sarah Neck Suite 645,Suite 389,Charlotte,NC,98826,US,2008-05-04,
1728,1348,residential,93788 Bennett Village Suite 465,Suite 132,Richmond,VA,32251,US,2012-11-12,
1729,1348,mailing,47749 Dickson Flat,Suite 137,Richmond,VA,63351,US,2012-11-12,
1730,1349,residential,87345 Marcus Expressway Apt. 940,Suite 354,Philadelphia,PA,42377,US,2012-05-22,
1731,1350,residential,6098 Carpenter Rest,Apt 9,Cleveland,OH,73462,US,2013-05-24,
1732,1351,residential,571 Daniel Roads Suite 449,,Tampa,FL,51658,US,2015-08-30,
1733,1352,residential,775 Orr Cliffs Apt. 898,,Hartford,CT,61983,US,2009-01-11,
1734,1352,mailing,7983 Jessica Via Apt. 005,,Hartford,CT,77727,US,2009-01-11,
1735,1353,residential,2712 Chelsea Gateway Apt. 653,Suite 826,Detroit,MI,27000,US,2009-11-23,
1736,1353,mailing,59759 Ashley Valleys Apt. 821,,Detroit,MI,78411,US,2009-11-23,
1737,1354,residential,3983 Bruce Loop Apt. 979,Suite 500,Cleveland,OH,65852,US,2022-04-18,
1738,1355,residential,107 Jennifer Spurs,,Houston,TX,19842,US,2010-12-19,
1739,1356,residential,98724 Spencer Stravenue Suite 088,,Newark,NJ,40367,US,2013-07-25,
1740,1357,residential,70513 Riley Mall Suite 212,Suite 694,Stamford,CT,70589,US,2008-02-13,
1741,1358,residential,1371 Allen Ways,,Raleigh,NC,56351,US,2024-06-19,2025-03-14
1742,1358,residential,085 Arthur Points,,Raleigh,NC,34685,US,2025-03-14,
1743,1358,mailing,8167 James Locks,,Raleigh,NC,56280,US,2024-06-19,
1744,1359,residential,250 Williams Isle Apt. 085,,Washington,DC,43143,US,2020-12-04,
1745,1359,mailing,35784 Mueller Roads Apt. 080,,Washington,DC,20544,US,2020-12-04,
1746,1360,residential,55661 Deborah Brook,,New York,NY,92858,US,2016-07-02,
1747,1361,residential,649 Hanson Isle,,Hartford,CT,57791,US,2016-06-07,
1748,1362,residential,5817 Alexandria Forges Apt. 514,,Charlotte,NC,84757,US,2009-08-25,
1749,1362,mailing,4966 Emily Camp,Suite 819,Charlotte,NC,05826,US,2009-08-25,
1750,1363,residential,70998 Clark Parks Apt. 981,,New York,NY,52667,US,2020-09-14,2024-04-25
1751,1363,residential,813 Jerry Road Suite 691,,New York,NY,89546,US,2024-04-25,
1752,1364,residential,76987 Jackson Way,,Chicago,IL,21708,US,2015-06-01,
1753,1365,residential,73315 Davis Manors Apt. 426,,Miami,FL,11312,US,2008-01-27,
1754,1366,residential,694 Scott Shoals,,Raleigh,NC,88734,US,2009-12-22,
1755,1366,mailing,78049 Poole Dale,,Raleigh,NC,03242,US,2009-12-22,2017-12-21
1756,1366,mailing,373 Galvan Street,Apt 11,Raleigh,NC,22099,US,2017-12-21,
1757,1367,residential,42555 Miller Flat Apt. 621,,Raleigh,NC,27740,US,2013-08-13,2014-03-18
1758,1367,residential,55109 Nelson Curve Suite 275,,Raleigh,NC,01369,US,2014-03-18,
1759,1368,residential,0293 Moreno Cove,,Richmond,VA,96616,US,2015-02-17,
1760,1369,residential,468 Bowman Mount,Apt 12,Tampa,FL,99140,US,2020-11-14,
1761,1370,residential,905 Richard Manors Suite 832,Apt 4,Stamford,CT,04662,US,2018-04-04,
1762,1371,residential,31518 Daniel Lodge,,Hartford,CT,37141,US,2018-05-13,2019-11-22
1763,1371,residential,36280 Monica Forges,Apt 11,Hartford,CT,66133,US,2019-11-22,
1764,1372,residential,1591 Emily Trail,,Columbus,OH,56377,US,2015-04-15,
1765,1373,residential,1826 Sherri Trail,,Jersey City,NJ,32576,US,2016-10-23,
1766,1374,residential,975 Michelle Manors,,Jersey City,NJ,70096,US,2008-11-20,2022-01-06
1767,1374,residential,5083 Tran Track Suite 821,Suite 297,Jersey City,NJ,38631,US,2022-01-06,
1768,1374,mailing,3730 Miller Harbors,Suite 889,Jersey City,NJ,99385,US,2008-11-20,
1769,1375,residential,8579 Bryan Extension Suite 381,Suite 686,Chicago,IL,43777,US,2008-01-09,
1770,1376,residential,4318 Cobb Lake Suite 780,,Boston,MA,08028,US,2010-05-15,
1771,1377,residential,5838 Ward Bridge,Apt 3,Newark,NJ,97714,US,2009-04-20,
1772,1377,mailing,709 Jessica Crescent Suite 211,Apt 4,Newark,NJ,30257,US,2009-04-20,
1773,1378,residential,19335 Adrian Mews Apt. 260,,Jersey City,NJ,90491,US,2011-07-07,
1774,1379,residential,17171 Stewart Streets,,Dallas,TX,33275,US,2010-09-24,2022-09-12
1775,1379,residential,1995 Angela Rapid,Apt 5,Dallas,TX,93529,US,2022-09-12,
1776,1380,residential,52413 Edward Ferry Suite 710,,Cleveland,OH,52517,US,2016-07-18,
1777,1381,residential,5322 Shields Road,,Raleigh,NC,81521,US,2022-03-18,
1778,1381,mailing,526 Leslie Mountain Apt. 683,Suite 719,Raleigh,NC,13429,US,2022-03-18,
1779,1382,residential,37174 Ashley Alley,Apt 16,Dallas,TX,89943,US,2021-01-07,
1780,1383,residential,61301 Emily Mission Apt. 831,,Charlotte,NC,87620,US,2021-03-21,
1781,1384,residential,542 Sharp Station,,Washington,DC,57869,US,2022-10-04,
1782,1385,residential,48223 Dawn Hill Apt. 116,,Dallas,TX,67506,US,2012-09-21,
1783,1386,residential,6453 Corey Meadows Suite 950,,Raleigh,NC,56881,US,2025-10-02,
1784,1387,residential,786 Chavez Lane,,Pittsburgh,PA,07515,US,2020-12-18,
1785,1388,residential,973 Blake Neck Apt. 168,,Houston,TX,47719,US,2011-03-08,
1786,1389,residential,689 Adams Brook Suite 290,Apt 29,Dallas,TX,43433,US,2010-07-21,
1787,1390,residential,99241 Case Court Apt. 954,,New York,NY,05119,US,2009-09-10,
1788,1390,mailing,78908 Phillip Union Apt. 112,,New York,NY,88023,US,2009-09-10,
1789,1391,residential,38561 Thompson Mount Apt. 413,,Philadelphia,PA,37105,US,2008-03-13,2012-06-19
1790,1391,residential,7323 Santos Fort,,Philadelphia,PA,92190,US,2012-06-19,
1791,1392,residential,8719 Thomas Causeway,Apt 8,Columbus,OH,87337,US,2018-08-24,
1792,1393,residential,2737 Chavez Forges Apt. 612,Apt 3,Baltimore,MD,76915,US,2018-05-06,
1793,1394,residential,9484 George Dam Apt. 232,Apt 5,Washington,DC,04876,US,2013-04-29,
1794,1394,mailing,85709 Clark Village Apt. 370,,Washington,DC,69548,US,2013-04-29,
1795,1395,residential,1519 Charles Mission,,Detroit,MI,71732,US,2008-02-11,
1796,1396,residential,49462 Kirby Island Suite 077,Apt 15,Philadelphia,PA,02500,US,2020-12-09,
1797,1397,residential,502 Vasquez Ramp,,Washington,DC,73027,US,2017-03-18,2020-11-27
1798,1397,residential,8753 Jones Landing,,Washington,DC,56359,US,2020-11-27,
1799,1397,mailing,53307 Patrick Mall Suite 063,,Washington,DC,31031,US,2017-03-18,
1800,1398,residential,0377 Teresa Branch,Suite 646,Atlanta,GA,28669,US,2008-09-30,
1801,1398,mailing,306 Lisa Prairie Apt. 004,,Atlanta,GA,49137,US,2008-09-30,2025-10-10
1802,1398,mailing,72162 Cole Square,,Atlanta,GA,39635,US,2025-10-10,
1803,1399,residential,9120 Hatfield Summit Apt. 957,,Hartford,CT,72424,US,2011-04-20,
1804,1400,residential,7817 Phillips Ferry Apt. 540,,Cleveland,OH,83842,US,2016-03-17,
1805,1401,residential,01341 Marks Keys,Apt 17,Jersey City,NJ,97196,US,2014-01-10,
1806,1402,residential,04645 Hanson Lights Apt. 487,,Houston,TX,46508,US,2022-05-24,
1807,1403,residential,795 Christopher Parkways,,Austin,TX,15194,US,2013-03-15,
1808,1404,residential,0717 Jones Meadows,Suite 249,Hartford,CT,90123,US,2025-05-01,
1809,1405,residential,25461 Hicks Highway Suite 696,,Hartford,CT,37575,US,2018-02-14,
1810,1405,mailing,892 Vega Corner Apt. 281,,Hartford,CT,12037,US,2018-02-14,
1811,1406,residential,940 Autumn Inlet Suite 584,Apt 29,Stamford,CT,53608,US,2020-09-04,
1812,1406,mailing,248 Castro Row,,Stamford,CT,62968,US,2020-09-04,2024-07-11
1813,1406,mailing,6764 Schaefer Mission,,Stamford,CT,70117,US,2024-07-11,
1814,1407,residential,6609 Brianna Rapid Apt. 526,Suite 752,Hartford,CT,33677,US,2025-05-12,
1815,1408,residential,639 Washington Shore Suite 477,,Dallas,TX,63588,US,2016-05-07,
1816,1409,residential,99857 Anderson Loaf Apt. 744,,Atlanta,GA,98322,US,2022-12-12,
1817,1410,residential,07277 Allison Squares Apt. 769,Suite 233,Tampa,FL,43359,US,2011-07-15,
1818,1411,residential,6448 Darlene Trail,,Philadelphia,PA,79152,US,2012-02-26,
1819,1412,residential,47164 Brenda Loaf Apt. 695,,Hartford,CT,03346,US,2011-06-29,
1820,1413,residential,07008 James Throughway,,Atlanta,GA,98743,US,2013-10-26,2023-03-13
1821,1413,residential,902 Stacey Neck Suite 326,,Atlanta,GA,75764,US,2023-03-13,
1822,1414,residential,0311 Angela Rapid Apt. 465,,Chicago,IL,77849,US,2010-01-22,2025-03-29
1823,1414,residential,12033 Victoria Rapids Suite 669,,Chicago,IL,33768,US,2025-03-29,
1824,1415,residential,48503 Lisa Street Apt. 772,Apt 10,Philadelphia,PA,90125,US,2009-11-30,
1825,1416,residential,837 Ralph Point Suite 793,,Washington,DC,96681,US,2025-05-13,
1826,1417,residential,104 Scott Squares Apt. 969,Apt 9,Detroit,MI,50426,US,2025-02-08,
1827,1418,residential,129 Wright Spurs,Suite 163,Philadelphia,PA,33071,US,2021-05-12,
1828,1419,residential,10158 Wood Mills,,Cleveland,OH,30024,US,2008-06-07,
1829,1419,mailing,70017 Bradley Course,Suite 312,Cleveland,OH,59615,US,2008-06-07,
1830,1420,residential,492 Moore Views,Suite 336,Jersey City,NJ,72800,US,2019-02-08,
1831,1421,residential,25143 Daniels Canyon Suite 711,,Hartford,CT,73522,US,2010-01-31,
1832,1422,residential,9347 Lawson Mall Apt. 548,Suite 270,Washington,DC,44054,US,2011-05-15,
1833,1423,residential,82771 Kevin Point Apt. 605,,Houston,TX,73421,US,2020-11-04,
1834,1424,residential,414 Francis Road Suite 267,,Miami,FL,82965,US,2010-07-18,2020-02-10
1835,1424,residential,805 Calvin Viaduct,Apt 29,Miami,FL,16735,US,2020-02-10,
1836,1425,residential,2076 Scott Branch,,Atlanta,GA,06280,US,2011-04-12,
1837,1426,residential,50076 Christopher Village Suite 518,Suite 256,Brooklyn,NY,01283,US,2016-11-13,
1838,1427,residential,2192 Angela Fort Suite 914,,Charlotte,NC,27410,US,2022-10-07,
1839,1428,residential,05994 Watts Road,,Tampa,FL,51760,US,2021-07-03,
1840,1429,residential,57016 Jennifer Street,,Philadelphia,PA,86192,US,2022-02-07,2024-05-03
1841,1429,residential,370 Rachel Junction Suite 915,,Philadelphia,PA,16655,US,2024-05-03,
1842,1430,residential,732 Christine Fall Suite 450,,Miami,FL,72535,US,2008-01-19,
1843,1431,residential,066 Fernandez Passage,,Baltimore,MD,38144,US,2016-09-25,
1844,1432,residential,64937 Hanson Avenue Suite 479,,New York,NY,07177,US,2008-08-24,
1845,1433,residential,00501 Sexton Isle,,Detroit,MI,39662,US,2018-06-24,
1846,1434,residential,3205 Suzanne Lake Apt. 550,,Raleigh,NC,15845,US,2019-11-11,
1847,1435,residential,1412 Tammy Views,,Baltimore,MD,00925,US,2009-01-15,
1848,1436,residential,994 Perez Mountain Apt. 092,Apt 24,Charlotte,NC,88894,US,2024-02-05,
1849,1437,residential,125 Ashley Meadows Suite 943,,Richmond,VA,56950,US,2013-07-31,
1850,1438,residential,46318 Williamson Prairie Suite 633,,Dallas,TX,88815,US,2011-03-03,
1851,1439,residential,270 Smith Tunnel,,Jersey City,NJ,41177,US,2026-01-20,
1852,1440,residential,3680 Harris Oval Apt. 808,,Cleveland,OH,69426,US,2020-05-21,2022-09-26
1853,1440,residential,30970 Charlotte Prairie,Apt 2,Cleveland,OH,71543,US,2022-09-26,
1854,1441,residential,168 Smith Lane,,Philadelphia,PA,52791,US,2024-04-07,
1855,1442,residential,8179 Eric Heights,Suite 361,Jersey City,NJ,13721,US,2025-01-28,
1856,1443,residential,8789 Sherry Union Suite 833,,Atlanta,GA,33921,US,2011-03-27,
1857,1444,residential,640 Weeks Rest Suite 430,Suite 538,Stamford,CT,70127,US,2014-03-24,
1858,1445,residential,55781 Crystal Mill Apt. 142,,Washington,DC,16156,US,2017-09-22,
1859,1446,residential,976 Taylor Pines Suite 078,Suite 355,Houston,TX,36446,US,2025-11-03,
1860,1447,residential,255 Hernandez Isle Suite 672,,Hartford,CT,80472,US,2022-08-07,
1861,1447,mailing,907 Derek Stravenue,,Hartford,CT,55554,US,2022-08-07,
1862,1448,residential,92389 Taylor Knolls,,Jersey City,NJ,85291,US,2024-01-22,
1863,1449,residential,71492 Thomas Fort Suite 060,,Newark,NJ,07354,US,2021-04-05,
1864,1450,residential,166 Davenport Ramp,,Chicago,IL,42847,US,2017-02-09,
1865,1451,residential,8987 Brian Trail,,Baltimore,MD,26491,US,2014-07-22,
1866,1452,residential,402 Johnson Brooks,Suite 279,Washington,DC,53866,US,2015-01-24,
1867,1453,residential,7411 Smith Pass Suite 953,,Brooklyn,NY,94486,US,2024-05-16,
1868,1454,residential,230 Reginald Harbor,,Baltimore,MD,95991,US,2025-07-05,2026-04-08
1869,1454,residential,32977 Phillips Trail,,Baltimore,MD,38153,US,2026-04-08,
1870,1455,residential,497 Kristin Turnpike Apt. 419,Apt 24,Tampa,FL,01834,US,2021-05-22,
1871,1456,residential,64212 Rodney Parkways,Apt 21,Detroit,MI,46199,US,2023-01-27,
1872,1457,residential,8434 Mcclain Keys,,Boston,MA,15833,US,2014-08-10,
1873,1458,residential,57845 Julia Fords Apt. 282,,Philadelphia,PA,10111,US,2008-10-09,
1874,1459,residential,707 Mitchell Burgs Suite 095,Apt 13,Chicago,IL,85083,US,2009-12-05,
1875,1460,residential,7078 Scott Path,Suite 282,Tampa,FL,65874,US,2013-07-03,
1876,1461,residential,579 Alison Locks,,Washington,DC,19743,US,2011-01-08,
1877,1461,mailing,65159 Martin Haven,Suite 420,Washington,DC,59002,US,2011-01-08,
1878,1462,residential,6196 Michele Light Suite 021,Suite 350,Detroit,MI,03174,US,2008-08-03,
1879,1463,residential,063 Christina Alley,,Charlotte,NC,43873,US,2017-03-30,2023-05-23
1880,1463,residential,6932 Schultz Views,,Charlotte,NC,90110,US,2023-05-23,
1881,1464,residential,43872 Sean Mission Apt. 144,Apt 17,Boston,MA,33412,US,2016-06-21,
1882,1465,residential,7157 Elizabeth Loop,,Dallas,TX,69699,US,2016-07-29,
1883,1466,residential,9144 Perry Club Suite 676,,Richmond,VA,01753,US,2016-03-18,
1884,1467,residential,6573 Brianna Neck Suite 410,Apt 10,Newark,NJ,44745,US,2019-12-17,
1885,1468,residential,65373 Marc Trail Suite 289,,Cleveland,OH,00510,US,2016-10-11,
1886,1469,residential,69036 Brown Ports Apt. 411,Suite 122,Baltimore,MD,60810,US,2021-09-04,
1887,1470,residential,749 Wilcox Wall,,Columbus,OH,19993,US,2014-07-21,
1888,1471,residential,5968 Medina Meadows,,Cleveland,OH,23696,US,2008-02-25,
1889,1472,residential,33672 Cameron Islands,,Raleigh,NC,50551,US,2020-10-28,2025-02-16
1890,1472,residential,814 Amanda Place Apt. 464,,Raleigh,NC,80340,US,2025-02-16,
1891,1473,residential,8131 Michael Passage,,Baltimore,MD,95806,US,2008-09-23,
1892,1474,residential,1939 Velez Park,Apt 7,Columbus,OH,73865,US,2010-12-04,
1893,1475,residential,144 Roy Route Suite 611,Apt 23,Raleigh,NC,63010,US,2025-10-11,
1894,1476,residential,9779 Miles Fall,,Miami,FL,37839,US,2024-06-15,
1895,1476,mailing,30315 Julie Pike,,Miami,FL,54715,US,2024-06-15,
1896,1477,residential,51990 Alejandro Wall,,Brooklyn,NY,53390,US,2016-10-19,
1897,1478,residential,95543 Scott Turnpike,Apt 2,Detroit,MI,24334,US,2023-06-25,
1898,1479,residential,23750 Chelsea Gardens Apt. 752,Suite 506,New York,NY,42414,US,2015-05-24,
1899,1480,residential,3350 Robert Green,,Austin,TX,91043,US,2009-02-05,
1900,1480,mailing,8048 Christie Highway Apt. 782,,Austin,TX,68578,US,2009-02-05,
1901,1481,residential,5822 Thomas Flats,,Chicago,IL,93133,US,2022-10-23,
1902,1482,residential,8863 Davis Mill Suite 080,,Washington,DC,90979,US,2010-08-20,
1903,1483,residential,4451 Connie Lights Apt. 220,Apt 7,Baltimore,MD,71496,US,2022-06-28,
1904,1484,residential,69939 Morgan Camp Suite 838,,New York,NY,94930,US,2010-09-11,
1905,1485,residential,305 George Run Suite 250,Apt 19,Newark,NJ,90492,US,2009-10-27,
1906,1486,residential,71492 Jane Burg,,Jersey City,NJ,32546,US,2013-08-05,
1907,1487,residential,6383 Jennifer Club Apt. 438,,Charlotte,NC,39434,US,2015-01-24,
1908,1487,mailing,97975 Hunt Turnpike,,Charlotte,NC,34766,US,2015-01-24,
1909,1488,residential,9746 Jeff Curve Apt. 121,,Tampa,FL,64637,US,2017-04-13,
1910,1489,residential,63041 Cooper Way,,Washington,DC,59945,US,2019-09-17,2019-10-15
1911,1489,residential,1891 Bailey Fork,,Washington,DC,13197,US,2019-10-15,
1912,1490,residential,702 Melissa Shoal,,Charlotte,NC,73904,US,2025-09-23,2026-04-30
1913,1490,residential,401 Price Loaf,Apt 24,Charlotte,NC,11296,US,2026-04-30,
1914,1491,residential,33501 Page Manor Apt. 510,,Richmond,VA,41435,US,2022-10-15,
1915,1492,residential,09240 Parker Route Apt. 596,,Boston,MA,54879,US,2008-08-12,
1916,1493,residential,008 Garcia Divide,,Pittsburgh,PA,89848,US,2008-08-17,
1917,1494,residential,4201 Kathryn Rapid Apt. 232,,Philadelphia,PA,00788,US,2015-12-05,
1918,1495,residential,7750 Morales Lock,,Austin,TX,85370,US,2010-01-29,
1919,1496,residential,8710 Patrick Spring,Apt 17,Raleigh,NC,44981,US,2012-05-04,
1920,1497,residential,0800 Courtney Brook Suite 954,,Jersey City,NJ,62166,US,2016-03-31,
1921,1498,residential,5081 Mckinney Shores,,Detroit,MI,39446,US,2011-03-22,
1922,1499,residential,1762 Amy Ports,,Charlotte,NC,45908,US,2023-01-03,2023-10-13
1923,1499,residential,75401 Wright Mission Apt. 584,Apt 14,Charlotte,NC,73176,US,2023-10-13,
1924,1500,residential,06464 Copeland Neck,,Austin,TX,49787,US,2018-05-21,
1925,1501,residential,99286 Alan Pike Suite 514,,Stamford,CT,31750,US,2009-05-29,
1926,1501,mailing,5203 Sheila Spring,,Stamford,CT,95528,US,2009-05-29,
1927,1502,residential,67308 Lisa Forks,Apt 16,Dallas,TX,74165,US,2025-10-14,
1928,1503,residential,95744 Mayer Harbors Apt. 691,Suite 765,Jersey City,NJ,41055,US,2016-09-08,
1929,1504,residential,626 Frank Mountains,Suite 320,Raleigh,NC,29132,US,2019-05-23,
1930,1505,residential,343 Patricia Locks,,Houston,TX,68443,US,2010-06-23,
1931,1506,residential,423 Curry Mills,,Tampa,FL,33315,US,2022-05-25,
1932,1507,residential,1114 James Extension,Suite 280,Houston,TX,03800,US,2013-01-10,
1933,1508,residential,8859 Richard Fort,Suite 891,Washington,DC,62552,US,2020-06-23,
1934,1509,residential,6088 Pamela Turnpike Suite 189,Suite 506,Brooklyn,NY,05448,US,2016-10-31,
1935,1510,residential,63149 Hannah Path Apt. 372,,Atlanta,GA,20385,US,2025-08-31,
1936,1511,residential,9273 Peters Court Apt. 372,Suite 593,Stamford,CT,92074,US,2014-05-09,
1937,1512,residential,7160 John Inlet,Suite 253,Cleveland,OH,10026,US,2021-05-28,
1938,1513,residential,039 Robert Plain Apt. 288,,Hartford,CT,88214,US,2024-08-04,2025-03-26
1939,1513,residential,9398 Bullock Port,,Hartford,CT,29768,US,2025-03-26,
1940,1514,residential,9823 Brad Expressway,Suite 226,Boston,MA,83382,US,2012-08-26,
1941,1515,residential,0141 Anna Alley Suite 471,Suite 203,Philadelphia,PA,21270,US,2019-10-06,
1942,1515,mailing,362 Dunn Inlet,,Philadelphia,PA,66533,US,2019-10-06,
1943,1516,residential,136 Ronald Trail Suite 416,,New York,NY,78313,US,2018-08-04,
1944,1517,residential,7785 Hailey Harbor Suite 836,Suite 538,Baltimore,MD,10162,US,2019-07-04,
1945,1518,residential,0256 Bowman Drives Apt. 782,,Brooklyn,NY,81483,US,2011-12-15,
1946,1519,residential,3741 Samuel View,,Richmond,VA,72449,US,2011-01-21,
1947,1520,residential,29402 Bauer Radial,,Tampa,FL,38633,US,2024-04-02,
1948,1521,residential,056 Monica Junction Suite 738,,Newark,NJ,94489,US,2018-10-25,
1949,1522,residential,24456 Park Course Apt. 433,Suite 669,Raleigh,NC,91002,US,2013-06-19,
1950,1523,residential,3388 Lisa Inlet,,Richmond,VA,80192,US,2016-01-27,2024-05-08
1951,1523,residential,660 Willie Throughway Suite 880,,Richmond,VA,38308,US,2024-05-08,
1952,1524,residential,29309 Phillips Cliff,,Pittsburgh,PA,90482,US,2012-02-08,
1953,1525,residential,30636 Griffin Pine Apt. 715,,Dallas,TX,14808,US,2019-02-03,2025-03-30
1954,1525,residential,1367 Webb Light,Apt 17,Dallas,TX,64282,US,2025-03-30,
1955,1525,mailing,322 Berg Lights Suite 371,Apt 24,Dallas,TX,77748,US,2019-02-03,
1956,1526,residential,826 Powell Harbors,,Boston,MA,16371,US,2024-06-07,
1957,1527,residential,1835 Julie Road,,Houston,TX,37896,US,2013-06-04,
1958,1527,mailing,444 Ramirez Mount,,Houston,TX,07486,US,2013-06-04,
1959,1528,residential,1939 Sarah Light Apt. 378,,Austin,TX,22565,US,2022-03-28,
1960,1528,mailing,56899 Erica Brook,,Austin,TX,73878,US,2022-03-28,
1961,1529,residential,746 Christopher Neck Suite 186,,Stamford,CT,24263,US,2026-02-07,
1962,1530,residential,624 Turner Ridge,Suite 515,Detroit,MI,33644,US,2013-03-13,
1963,1531,residential,76208 Melanie Squares,Suite 529,Hartford,CT,23652,US,2020-09-18,
1964,1531,mailing,8280 Kristy Radial,,Hartford,CT,21852,US,2020-09-18,
1965,1532,residential,15240 Stafford Crossing,Suite 343,Columbus,OH,41560,US,2013-02-12,
1966,1532,mailing,8427 Holmes Vista Apt. 277,,Columbus,OH,95951,US,2013-02-12,
1967,1533,residential,6162 Brown Mall Suite 103,,Detroit,MI,10700,US,2021-03-06,
1968,1534,residential,120 Kathleen Plains Suite 672,,New York,NY,57595,US,2017-07-22,
1969,1535,residential,6286 Tyler Pass,,Brooklyn,NY,11597,US,2009-09-19,2018-09-18
1970,1535,residential,475 John Track,,Brooklyn,NY,34227,US,2018-09-18,
1971,1536,residential,06906 Cody Tunnel,Apt 16,Columbus,OH,95137,US,2020-06-14,
1972,1537,residential,80540 Breanna Expressway Apt. 195,Suite 257,Chicago,IL,06770,US,2021-02-08,
1973,1538,residential,5556 Pamela Hollow,,Columbus,OH,80061,US,2011-01-09,
1974,1539,residential,88857 Schmidt Ferry Apt. 957,,Stamford,CT,24108,US,2015-02-21,
1975,1540,residential,4562 Shelton Lane,,Newark,NJ,84430,US,2018-12-21,
1976,1540,mailing,32718 Kelly Mission Suite 098,,Newark,NJ,04677,US,2018-12-21,
1977,1541,residential,7392 Edward Roads Suite 407,,Austin,TX,31371,US,2014-01-06,
1978,1541,mailing,718 David Falls,Apt 11,Austin,TX,08093,US,2014-01-06,
1979,1542,residential,07935 Scott Manor Suite 208,,Houston,TX,33002,US,2023-09-05,
1980,1543,residential,4166 Clark Camp,,Stamford,CT,72569,US,2008-02-09,
1981,1544,residential,60673 Velez Pines Apt. 141,,Hartford,CT,71723,US,2008-09-15,
1982,1545,residential,658 Gibson Lakes Suite 903,Suite 456,Atlanta,GA,96380,US,2015-09-03,
1983,1546,residential,486 Martin Trail Apt. 804,,Cleveland,OH,41895,US,2009-06-13,
1984,1547,residential,5396 Clarke Corners Suite 382,,Newark,NJ,45261,US,2015-07-13,
1985,1547,mailing,72303 Hunter Corners,,Newark,NJ,62720,US,2015-07-13,
1986,1548,residential,044 Brian Island Suite 721,,Dallas,TX,13598,US,2018-10-18,2023-03-04
1987,1548,residential,1681 Annette Court,Suite 240,Dallas,TX,86943,US,2023-03-04,
1988,1549,residential,8686 Barnes Street,,Charlotte,NC,40758,US,2010-05-13,
1989,1550,residential,8997 Shepherd Forges Suite 166,,Pittsburgh,PA,04958,US,2023-03-24,2024-01-20
1990,1550,residential,237 Cory Springs,,Pittsburgh,PA,95462,US,2024-01-20,
1991,1551,residential,7259 Jones Course Suite 953,,Tampa,FL,30661,US,2017-08-28,
1992,1551,mailing,62906 Amy Track Apt. 566,,Tampa,FL,07522,US,2017-08-28,
1993,1552,residential,8087 Gilbert Throughway Apt. 472,,Raleigh,NC,39140,US,2017-07-18,
1994,1553,residential,68348 Johnson Stravenue,Suite 131,Hartford,CT,84176,US,2024-12-26,
1995,1554,residential,12581 Ellen Ville,,Chicago,IL,73953,US,2024-03-27,
1996,1555,residential,516 Carl Land Apt. 713,Suite 631,Dallas,TX,49202,US,2020-02-08,
1997,1556,residential,4878 Wilson Plains Apt. 127,,Baltimore,MD,57610,US,2014-09-14,
1998,1557,residential,3417 Graves Knoll,,Pittsburgh,PA,41317,US,2013-10-30,
1999,1558,residential,448 Emily Dale Suite 712,Apt 13,Austin,TX,58492,US,2014-03-27,
2000,1558,mailing,156 Lee Village Apt. 917,,Austin,TX,37435,US,2014-03-27,
2001,1559,residential,8402 Steven Glen Suite 265,,Tampa,FL,73258,US,2013-12-12,
2002,1560,residential,188 Adam Gateway,,Houston,TX,00507,US,2009-11-26,
2003,1560,mailing,3782 Grimes Street,,Houston,TX,63292,US,2009-11-26,
2004,1561,residential,97662 Michael Cliff,,Columbus,OH,46166,US,2025-02-01,
2005,1562,residential,8349 Jade Loaf,,Stamford,CT,26745,US,2012-03-15,
2006,1563,residential,857 Patricia Run Apt. 463,Suite 643,Richmond,VA,85388,US,2013-08-03,
2007,1564,residential,941 Mcdonald Islands,Suite 324,Philadelphia,PA,82711,US,2025-07-28,
2008,1565,residential,284 Logan Hollow Suite 494,,Cleveland,OH,06127,US,2010-12-20,
2009,1566,residential,0197 Shields Track Suite 752,,Miami,FL,86693,US,2018-04-19,
2010,1567,residential,812 Omar Drives Suite 249,Suite 317,Philadelphia,PA,85110,US,2011-01-02,
2011,1568,residential,7248 Washington Mount Suite 308,Suite 468,Stamford,CT,28370,US,2022-02-18,
2012,1568,mailing,2890 Michele Spring Apt. 063,,Stamford,CT,35501,US,2022-02-18,
2013,1569,residential,36828 Gray Mission Suite 552,Suite 383,Pittsburgh,PA,43998,US,2014-07-13,
2014,1570,residential,30002 Gomez Lodge Suite 533,Suite 578,Richmond,VA,37950,US,2026-03-11,
2015,1570,mailing,852 Reid Pass Suite 470,,Richmond,VA,38072,US,2026-03-11,
2016,1571,residential,138 Foley Lakes Suite 594,,Newark,NJ,21935,US,2019-08-08,
2017,1572,residential,677 Everett Fields,Apt 17,Raleigh,NC,50179,US,2025-01-28,
2018,1573,residential,476 Jennifer Mall,,Baltimore,MD,11182,US,2009-05-01,
2019,1574,residential,17900 Lee Circles Apt. 605,,Boston,MA,42254,US,2022-07-31,
2020,1575,residential,268 Jeremy Park,Suite 699,Pittsburgh,PA,68452,US,2025-12-03,
2021,1576,residential,802 Bailey Villages Suite 116,Suite 717,Stamford,CT,23981,US,2022-05-29,
2022,1577,residential,0281 Suzanne Alley Suite 634,,Atlanta,GA,36387,US,2019-05-13,
2023,1577,mailing,46026 John Lakes,Apt 15,Atlanta,GA,52678,US,2019-05-13,
2024,1578,residential,2368 Williams Stream,,Pittsburgh,PA,98076,US,2018-07-09,
2025,1579,residential,61139 Adam Lakes,,Dallas,TX,86487,US,2016-08-26,
2026,1580,residential,3859 Alicia Drives Suite 399,Apt 22,Detroit,MI,58010,US,2017-06-03,
2027,1581,residential,404 Bryant Land,Apt 16,Stamford,CT,03938,US,2026-05-27,
2028,1582,residential,223 Keith Canyon Suite 300,,Charlotte,NC,52837,US,2016-03-27,
2029,1583,residential,86122 Eric Loop,Suite 636,Atlanta,GA,89541,US,2008-06-08,
2030,1584,residential,32000 James Mission,Suite 335,Richmond,VA,69500,US,2012-05-23,
2031,1585,residential,76294 Russell Oval Suite 408,,Cleveland,OH,99279,US,2018-10-03,
2032,1586,residential,36027 Renee Stravenue Suite 672,,Charlotte,NC,55734,US,2009-08-14,
2033,1587,residential,82146 Brooke Expressway Apt. 283,Apt 26,Boston,MA,26295,US,2019-09-16,
2034,1588,residential,144 George Junction,,Philadelphia,PA,21525,US,2012-11-25,
2035,1589,residential,74153 Tran Valleys,Apt 16,Cleveland,OH,95843,US,2022-11-27,
2036,1590,residential,759 Brown Squares Apt. 572,,Atlanta,GA,29991,US,2012-08-30,
2037,1591,residential,529 Joseph Gateway Suite 650,Suite 816,Austin,TX,73376,US,2011-06-11,
2038,1592,residential,624 Douglas Shoals Suite 768,,Columbus,OH,03931,US,2025-02-04,
2039,1593,residential,206 Nelson Stream,,Tampa,FL,96511,US,2008-03-01,
2040,1593,mailing,61434 Heather Ville,,Tampa,FL,27731,US,2008-03-01,2008-11-01
2041,1593,mailing,52431 Charlotte Isle Suite 830,,Tampa,FL,81647,US,2008-11-01,
2042,1594,residential,67644 William Road Apt. 070,,Baltimore,MD,60820,US,2022-02-10,2023-07-15
2043,1594,residential,010 Derek Villages,,Baltimore,MD,38511,US,2023-07-15,
2044,1595,residential,072 Gwendolyn Street,Apt 17,Tampa,FL,38962,US,2019-06-30,
2045,1596,residential,310 Wood Branch Apt. 158,Suite 423,Stamford,CT,67814,US,2014-01-13,
2046,1597,residential,95142 Wells Spur Apt. 153,,Raleigh,NC,71264,US,2016-07-19,2020-08-08
2047,1597,residential,15111 Thompson Stream Suite 143,,Raleigh,NC,98989,US,2020-08-08,
2048,1598,residential,71220 Thomas Street Apt. 845,Apt 8,Pittsburgh,PA,95476,US,2008-05-24,
2049,1599,residential,993 Marissa Ramp,,Brooklyn,NY,13396,US,2013-02-05,2021-02-09
2050,1599,residential,09981 Mary Wall Suite 192,Suite 195,Brooklyn,NY,87239,US,2021-02-09,
2051,1600,residential,26642 Sanchez Station Suite 966,,Philadelphia,PA,36999,US,2009-06-14,
2052,1601,residential,677 Alexander Alley,Suite 597,Richmond,VA,67436,US,2024-11-13,
2053,1602,residential,366 Maria Loaf,,Dallas,TX,84771,US,2023-05-28,
2054,1603,residential,84039 Julia Falls,,Richmond,VA,86784,US,2017-05-08,
2055,1604,residential,676 Laura Junctions Suite 080,,Cleveland,OH,85515,US,2021-06-29,
2056,1605,residential,1994 Megan Green Apt. 616,Apt 1,Philadelphia,PA,06815,US,2021-08-30,
2057,1605,mailing,29990 Ross Prairie Apt. 814,,Philadelphia,PA,80625,US,2021-08-30,
2058,1606,residential,0043 Morgan Ways Apt. 157,,Philadelphia,PA,46954,US,2022-01-09,
2059,1607,residential,675 Kennedy Land Apt. 515,,Austin,TX,33050,US,2016-04-16,
2060,1607,mailing,743 Tyler Path Apt. 207,Suite 391,Austin,TX,72025,US,2016-04-16,
2061,1608,residential,909 Bailey Squares,,Dallas,TX,68691,US,2016-02-02,
2062,1609,residential,162 Hannah Mountain Suite 261,Apt 22,Charlotte,NC,02946,US,2019-07-26,
2063,1610,residential,8864 Melissa Skyway Suite 453,,Detroit,MI,79994,US,2013-02-13,
2064,1611,residential,575 Kimberly Mountain,Apt 28,Chicago,IL,79517,US,2025-10-05,
2065,1612,residential,46151 Daniel Via,,Newark,NJ,56403,US,2026-04-28,2026-05-03
2066,1612,residential,0896 Christopher Lane Suite 589,Apt 12,Newark,NJ,58930,US,2026-05-03,
2067,1613,residential,398 Lee Flat,Suite 636,Brooklyn,NY,98346,US,2015-03-31,
2068,1613,mailing,6908 Yolanda Hill Suite 029,Suite 630,Brooklyn,NY,93711,US,2015-03-31,
2069,1614,residential,8786 Charles Circle,,Chicago,IL,68083,US,2014-10-31,
2070,1615,residential,337 Kevin Overpass,Suite 656,Raleigh,NC,99167,US,2021-02-11,
2071,1615,mailing,50743 Brandon Flats Suite 007,,Raleigh,NC,67133,US,2021-02-11,
2072,1616,residential,2474 Wanda Track,,Raleigh,NC,12710,US,2017-08-19,
2073,1617,residential,275 Wells Circle Suite 146,Suite 574,Baltimore,MD,04365,US,2021-10-08,
2074,1618,residential,78387 Mendoza Isle Suite 023,Apt 6,Tampa,FL,39516,US,2019-01-03,
2075,1619,residential,675 White Land,,Houston,TX,33507,US,2026-03-20,
2076,1620,residential,220 Kim Isle Suite 476,Suite 224,Charlotte,NC,47431,US,2023-09-12,
2077,1621,residential,852 Brown Wells,Apt 9,Philadelphia,PA,46793,US,2012-12-07,
2078,1622,residential,29480 Hale Passage Suite 989,Apt 11,Tampa,FL,06630,US,2017-02-12,
2079,1623,residential,78156 Mary Lodge Apt. 173,Apt 30,Charlotte,NC,50057,US,2023-04-21,
2080,1623,mailing,38731 Smith Route Apt. 191,,Charlotte,NC,52641,US,2023-04-21,
2081,1624,residential,47922 Snyder Run,,Raleigh,NC,72858,US,2014-10-24,2018-03-13
2082,1624,residential,0716 Davis Grove Suite 792,Suite 801,Raleigh,NC,44276,US,2018-03-13,
2083,1625,residential,2471 Michael Island Apt. 218,,Hartford,CT,15348,US,2024-01-16,
2084,1626,residential,5383 Ricardo Hill Apt. 550,Apt 30,Detroit,MI,29717,US,2013-12-03,
2085,1627,residential,9995 Ruiz Fort,Apt 20,Boston,MA,12991,US,2022-06-12,
2086,1628,residential,7988 Samuel Meadows,Apt 11,Detroit,MI,31338,US,2014-06-24,
2087,1629,residential,060 Taylor Prairie,Apt 28,Baltimore,MD,39105,US,2009-10-09,
2088,1630,residential,938 Taylor Crest,,Cleveland,OH,12874,US,2008-09-28,
2089,1630,mailing,38299 Briana View,,Cleveland,OH,78595,US,2008-09-28,
2090,1631,residential,030 Luna Walk Apt. 054,,Atlanta,GA,55555,US,2012-07-22,
2091,1632,residential,54959 Becky Trace,,Philadelphia,PA,90075,US,2014-04-19,
2092,1633,residential,59483 Johnson Port,,New York,NY,04078,US,2021-06-02,
2093,1634,residential,497 David Alley,,Tampa,FL,76967,US,2026-01-02,
2094,1635,residential,9704 Hill Squares,Suite 552,Columbus,OH,43815,US,2013-01-19,
2095,1636,residential,103 Heather Via,,Pittsburgh,PA,52979,US,2012-03-18,
2096,1637,residential,008 Mark Turnpike,,Newark,NJ,71257,US,2023-11-14,2024-06-27
2097,1637,residential,8398 James Burg Apt. 773,Apt 7,Newark,NJ,99004,US,2024-06-27,
2098,1638,residential,40951 Smith Centers,,Houston,TX,97969,US,2016-12-07,
2099,1638,mailing,136 Troy Bypass,Apt 9,Houston,TX,00809,US,2016-12-07,
2100,1639,residential,3962 Wilkinson Meadows Apt. 441,,Stamford,CT,20865,US,2008-03-13,
2101,1640,residential,6111 Robertson Fort,,Newark,NJ,21151,US,2023-03-12,
2102,1641,residential,11233 David Motorway,Suite 887,Brooklyn,NY,76483,US,2022-02-24,
2103,1642,residential,6228 Karen Greens Apt. 538,,Detroit,MI,88834,US,2026-06-11,
2104,1643,residential,7210 Lopez Heights Apt. 059,,Charlotte,NC,10930,US,2016-08-28,2022-09-09
2105,1643,residential,798 Nathan Junction Apt. 849,,Charlotte,NC,47331,US,2022-09-09,
2106,1644,residential,298 Elizabeth Brooks Apt. 917,,Detroit,MI,23089,US,2015-08-12,
2107,1644,mailing,1342 Larry Isle Suite 813,,Detroit,MI,14485,US,2015-08-12,2022-05-30
2108,1644,mailing,6253 Jeffery Dam Suite 130,Apt 29,Detroit,MI,02494,US,2022-05-30,
2109,1645,residential,0260 Elliott Locks Suite 998,,Chicago,IL,59467,US,2023-08-26,
2110,1646,residential,763 Annette Parkways,Suite 207,Newark,NJ,03946,US,2023-10-11,
2111,1647,residential,59332 Kathryn Corner,,Detroit,MI,40417,US,2025-11-14,2026-04-14
2112,1647,residential,16166 Parker Inlet,,Detroit,MI,54675,US,2026-04-14,
2113,1648,residential,71558 Smith Locks,Suite 372,Dallas,TX,40009,US,2022-10-10,
2114,1649,residential,80571 Pamela Viaduct Suite 844,Suite 728,Miami,FL,37082,US,2021-07-18,
2115,1650,residential,8671 Amanda Club Suite 182,,Columbus,OH,97471,US,2012-05-11,2014-02-27
2116,1650,residential,734 Ford Radial Suite 784,,Columbus,OH,49639,US,2014-02-27,
2117,1651,residential,5579 Walsh Burgs Suite 907,,Jersey City,NJ,58430,US,2010-10-03,
2118,1652,residential,212 Reyes Spurs Apt. 405,,Washington,DC,48476,US,2016-11-12,
2119,1653,residential,4282 Andrew Crossroad,,Stamford,CT,07223,US,2022-05-17,
2120,1654,residential,3725 Brian Garden Apt. 195,,Philadelphia,PA,51582,US,2012-04-11,
2121,1655,residential,523 Wright Greens Apt. 100,Suite 899,Atlanta,GA,89290,US,2013-02-17,
2122,1656,residential,9296 Matthew Meadows Suite 314,,Detroit,MI,89465,US,2020-05-28,2024-02-10
2123,1656,residential,2207 Rachel Forge,,Detroit,MI,10812,US,2024-02-10,
2124,1657,residential,17678 Moses Parkway Apt. 111,,Charlotte,NC,27582,US,2008-08-22,
2125,1658,residential,3244 Dunn Lodge,,Chicago,IL,05041,US,2026-02-05,
2126,1659,residential,21461 Salazar Summit Apt. 476,,Columbus,OH,10050,US,2023-11-27,
2127,1660,residential,670 Smith Islands,,Detroit,MI,54706,US,2011-12-20,
2128,1661,residential,5632 Emily Oval,Apt 22,Brooklyn,NY,79826,US,2013-07-21,
2129,1662,residential,253 Jones Mills,,Pittsburgh,PA,43800,US,2026-05-02,
2130,1663,residential,833 Williams Flats Apt. 783,,Baltimore,MD,51929,US,2021-11-30,
2131,1664,residential,00022 Lutz Bridge Apt. 604,,Newark,NJ,62149,US,2025-03-03,
2132,1664,mailing,280 Patricia Mission,,Newark,NJ,11903,US,2025-03-03,
2133,1665,residential,2762 Jessica Trace Apt. 698,,Cleveland,OH,28585,US,2009-04-01,
2134,1666,residential,880 Smith Fords,,Philadelphia,PA,30794,US,2014-08-31,
2135,1667,residential,22155 Dustin Causeway Apt. 699,,Columbus,OH,25089,US,2021-06-22,
2136,1668,residential,33966 Stacy Junctions Suite 529,Suite 691,Baltimore,MD,53729,US,2017-05-03,
2137,1669,residential,5506 Ryan Square Suite 167,,Pittsburgh,PA,97155,US,2008-02-08,2019-06-15
2138,1669,residential,559 Shelly Ranch Suite 697,,Pittsburgh,PA,53712,US,2019-06-15,
2139,1669,mailing,223 Hill Inlet,Suite 625,Pittsburgh,PA,75487,US,2008-02-08,
2140,1670,residential,17774 Hernandez Drive Apt. 242,Apt 20,Pittsburgh,PA,85135,US,2020-10-22,
2141,1671,residential,295 Jessica Islands,,New York,NY,02433,US,2021-05-01,2021-11-26
2142,1671,residential,27104 Clark Islands,Suite 512,New York,NY,11979,US,2021-11-26,
2143,1672,residential,1543 Sharon Roads Apt. 541,,Austin,TX,64040,US,2021-06-24,2022-11-03
2144,1672,residential,922 Raymond Plains Apt. 994,,Austin,TX,45195,US,2022-11-03,
2145,1673,residential,931 Morris Stream Suite 513,Suite 749,Atlanta,GA,28941,US,2015-11-09,
2146,1674,residential,073 Harrison Crossroad Suite 470,,Chicago,IL,55237,US,2024-11-12,
2147,1674,mailing,12178 Chase Shore Suite 972,,Chicago,IL,78368,US,2024-11-12,2025-06-23
2148,1674,mailing,2041 Jackson Flat Apt. 916,,Chicago,IL,58669,US,2025-06-23,
2149,1675,residential,5504 Massey Mews,,Stamford,CT,15206,US,2022-11-28,
2150,1676,residential,414 Michael Shoals,,Dallas,TX,99120,US,2020-12-17,
2151,1677,residential,8343 Nichols Springs Suite 991,,Hartford,CT,79992,US,2013-01-30,
2152,1678,residential,87117 Tammy Mews Suite 359,Apt 21,Baltimore,MD,99772,US,2020-01-23,
2153,1679,residential,99728 Nguyen Road,,Cleveland,OH,36770,US,2018-07-01,
2154,1680,residential,6242 Simpson Bypass Suite 052,,Chicago,IL,98096,US,2019-04-28,
2155,1681,residential,1090 Padilla Knoll Apt. 940,,Houston,TX,64420,US,2018-10-14,2023-05-23
2156,1681,residential,46150 Wilson Streets,,Houston,TX,08698,US,2023-05-23,
2157,1682,residential,7472 Jeanette Land,,Washington,DC,42706,US,2021-08-10,
2158,1683,residential,33388 Wilkerson Way Suite 519,Suite 638,Pittsburgh,PA,06011,US,2024-05-17,
2159,1684,residential,934 Tammy Springs Suite 334,Apt 11,Washington,DC,94649,US,2021-09-30,
2160,1685,residential,392 Carl Lane Suite 811,Suite 442,New York,NY,87194,US,2012-06-03,
2161,1685,mailing,023 Paige Ports,,New York,NY,89620,US,2012-06-03,
2162,1686,residential,4728 Wright Port,,Hartford,CT,92435,US,2009-10-08,
2163,1687,residential,90903 Wang Dam Suite 939,,Brooklyn,NY,45064,US,2008-06-09,
2164,1688,residential,024 Myers Ridges Apt. 385,,Stamford,CT,72307,US,2020-04-27,
2165,1689,residential,0518 Smith Field Apt. 217,Apt 12,Charlotte,NC,60304,US,2022-12-01,
2166,1690,residential,72810 Regina Ranch,Suite 635,Richmond,VA,59992,US,2020-08-01,
2167,1691,residential,022 Garcia Loaf,,Richmond,VA,56785,US,2016-10-28,2019-03-19
2168,1691,residential,992 Rebecca Overpass Suite 621,,Richmond,VA,27751,US,2019-03-19,
2169,1692,residential,944 Karen Parks,Apt 17,Stamford,CT,48274,US,2017-05-23,
2170,1693,residential,9557 Sharp Islands Apt. 865,,Dallas,TX,07350,US,2017-03-29,
2171,1694,residential,42646 Williamson Cape Apt. 466,Suite 413,Chicago,IL,01382,US,2024-10-24,
2172,1695,residential,922 Thompson Ferry,,Hartford,CT,29889,US,2012-08-30,
2173,1695,mailing,94462 Gray Islands,Suite 569,Hartford,CT,94733,US,2012-08-30,
2174,1696,residential,35849 Ryan Key Apt. 595,Suite 877,Austin,TX,19264,US,2014-08-27,
2175,1697,residential,49633 Jefferson Port,,Tampa,FL,71644,US,2020-12-12,
2176,1698,residential,8344 Burke Groves Apt. 104,Apt 13,Cleveland,OH,21853,US,2025-02-26,
2177,1699,residential,54151 Audrey Mount Suite 770,,Chicago,IL,58541,US,2025-08-27,
2178,1700,residential,369 Good Tunnel Suite 958,,Raleigh,NC,21488,US,2020-11-22,
2179,1700,mailing,0699 Olivia Mall Apt. 569,,Raleigh,NC,88688,US,2020-11-22,
2180,1701,residential,459 Silva Isle,Suite 362,Charlotte,NC,62017,US,2016-08-04,
2181,1702,residential,878 Harrell Creek,Suite 513,Atlanta,GA,74053,US,2017-07-07,
2182,1703,residential,41707 Duane Parkway,,Brooklyn,NY,64091,US,2025-03-21,
2183,1704,residential,4843 Rodriguez Overpass,,Miami,FL,67990,US,2016-08-05,
2184,1705,residential,24170 Amber Tunnel Apt. 137,,Newark,NJ,65013,US,2011-11-22,2013-05-19
2185,1705,residential,40305 Berry Isle Apt. 733,,Newark,NJ,32735,US,2013-05-19,
2186,1706,residential,16700 Martin Passage,,Detroit,MI,18445,US,2009-11-24,
2187,1707,residential,113 Scott Rest,,Boston,MA,49912,US,2021-11-13,2024-02-29
2188,1707,residential,92918 Hicks Prairie Suite 549,,Boston,MA,36939,US,2024-02-29,
2189,1708,residential,490 Li Islands,Suite 511,Washington,DC,13725,US,2017-11-23,
2190,1709,residential,5089 Patty Glen Apt. 178,,Dallas,TX,39002,US,2023-10-13,
2191,1710,residential,715 Houston Estates,Apt 29,Miami,FL,34237,US,2017-08-06,
2192,1711,residential,07419 Reed View Suite 006,,Miami,FL,31461,US,2013-03-13,
2193,1712,residential,755 Tara Fork,,Columbus,OH,21356,US,2008-11-26,2025-07-16
2194,1712,residential,945 Jessica Point,,Columbus,OH,69093,US,2025-07-16,
2195,1713,residential,2064 James Radial,,Chicago,IL,98176,US,2022-07-21,2022-09-04
2196,1713,residential,3433 Elliott Motorway Apt. 972,,Chicago,IL,82479,US,2022-09-04,
2197,1714,residential,32430 Hubbard Extension Suite 478,,Brooklyn,NY,31842,US,2008-10-21,
2198,1715,residential,1982 Hubbard Harbors,,Jersey City,NJ,38627,US,2020-05-22,2021-11-12
2199,1715,residential,07699 Michael Via Apt. 119,,Jersey City,NJ,61254,US,2021-11-12,
2200,1716,residential,0123 Paul Junction Suite 510,Apt 14,Stamford,CT,04908,US,2025-04-27,
2201,1717,residential,3021 Brittany Club,,Richmond,VA,70749,US,2019-03-16,2024-03-26
2202,1717,residential,63725 Clarence Ranch,,Richmond,VA,87502,US,2024-03-26,
2203,1718,residential,522 Mark Vista,,Philadelphia,PA,52053,US,2017-10-21,
2204,1719,residential,54237 Vanessa Glens Suite 676,,Brooklyn,NY,98196,US,2022-03-16,
2205,1719,mailing,67617 Schneider Radial,,Brooklyn,NY,02056,US,2022-03-16,
2206,1720,residential,064 Timothy River Suite 034,Apt 14,Richmond,VA,98900,US,2020-08-02,
2207,1721,residential,2401 Johnson Streets Suite 379,Apt 7,Detroit,MI,08470,US,2012-01-09,
2208,1722,residential,799 Green Keys Suite 290,Suite 357,Charlotte,NC,96343,US,2010-03-21,
2209,1723,residential,3081 Moreno Plains,Suite 681,Richmond,VA,53461,US,2012-01-06,
2210,1723,mailing,945 Daniel Rapids Apt. 246,,Richmond,VA,63721,US,2012-01-06,
2211,1724,residential,87570 Harris Falls Apt. 936,,Atlanta,GA,10502,US,2019-07-17,
2212,1725,residential,8069 Eric Stream Suite 011,,Houston,TX,60277,US,2019-03-30,
2213,1725,mailing,03709 Garcia Greens,,Houston,TX,54516,US,2019-03-30,2026-04-15
2214,1725,mailing,087 Marsh Fort Suite 316,,Houston,TX,75358,US,2026-04-15,
2215,1726,residential,18325 James Way Apt. 806,Suite 735,Washington,DC,12789,US,2019-01-19,
2216,1727,residential,051 David Village,,Chicago,IL,10548,US,2011-08-31,
2217,1727,mailing,693 Barber Creek,,Chicago,IL,01181,US,2011-08-31,2017-12-08
2218,1727,mailing,6987 Bernard Creek Suite 941,,Chicago,IL,11191,US,2017-12-08,
2219,1728,residential,67211 Smith Tunnel Apt. 544,,Miami,FL,78497,US,2020-01-15,
2220,1729,residential,24242 Lewis Landing Apt. 317,,Charlotte,NC,82992,US,2015-08-23,
2221,1730,residential,676 Ramirez Path,,Brooklyn,NY,22418,US,2013-01-04,
2222,1731,residential,96029 Dougherty Inlet Apt. 047,Apt 18,Houston,TX,16624,US,2022-07-14,
2223,1732,residential,53427 Cynthia Extensions Suite 322,,Newark,NJ,61900,US,2013-01-06,
2224,1733,residential,021 Hall Mall,Apt 27,Boston,MA,43277,US,2017-12-21,
2225,1734,residential,8228 Cabrera Trail Suite 549,Suite 169,New York,NY,83652,US,2026-04-15,
2226,1735,residential,14111 Goodman Pines Apt. 623,Apt 5,Hartford,CT,09562,US,2022-01-10,
2227,1736,residential,7921 Brown Shoal,,Tampa,FL,79615,US,2022-06-19,2024-03-04
2228,1736,residential,09443 Austin Mount,Apt 6,Tampa,FL,64480,US,2024-03-04,
2229,1737,residential,3114 Christian Circle Suite 539,Apt 3,Detroit,MI,66422,US,2023-01-13,
2230,1738,residential,3838 Robert Hills,,Cleveland,OH,93388,US,2012-12-12,2024-02-15
2231,1738,residential,895 Wiggins Knolls,Apt 26,Cleveland,OH,70270,US,2024-02-15,
2232,1739,residential,45540 Hernandez Brooks,Apt 24,Hartford,CT,01736,US,2023-05-31,
2233,1740,residential,2692 Joel Junction Apt. 002,,Atlanta,GA,86268,US,2012-06-01,
2234,1741,residential,8701 Yvonne Street Apt. 175,,Baltimore,MD,16481,US,2015-12-14,
2235,1742,residential,787 Stephen Cliff,Suite 699,Stamford,CT,30776,US,2011-03-18,
2236,1743,residential,96433 Russell Trafficway Apt. 099,Apt 12,Philadelphia,PA,19008,US,2020-12-13,
2237,1744,residential,506 Gilbert Cove Apt. 856,,New York,NY,68394,US,2020-01-17,2021-02-24
2238,1744,residential,441 Mitchell Ports Apt. 311,,New York,NY,11924,US,2021-02-24,
2239,1745,residential,518 Camacho Drive,,Austin,TX,78448,US,2025-04-12,2025-10-09
2240,1745,residential,5613 Mary Street,Suite 108,Austin,TX,32017,US,2025-10-09,
2241,1746,residential,4146 Parrish Parkway Apt. 163,Suite 237,Pittsburgh,PA,26799,US,2014-02-08,
2242,1747,residential,25076 Simmons Lights Suite 085,,Pittsburgh,PA,93802,US,2013-07-17,2017-05-11
2243,1747,residential,1068 Watson Wall,Apt 20,Pittsburgh,PA,96871,US,2017-05-11,
2244,1748,residential,359 Williams Avenue Apt. 820,,Miami,FL,67825,US,2008-08-22,2012-04-11
2245,1748,residential,63881 Jennifer Prairie Apt. 719,,Miami,FL,12964,US,2012-04-11,
2246,1749,residential,576 Curtis Bypass Suite 752,,Hartford,CT,17034,US,2026-07-13,
2247,1749,mailing,49152 Gary Coves Suite 651,Suite 613,Hartford,CT,64397,US,2026-07-13,
2248,1750,residential,9376 Brown Wall Apt. 566,Suite 824,Jersey City,NJ,82557,US,2014-08-03,
2249,1751,residential,50334 Smith Mountains,Apt 30,Houston,TX,41286,US,2011-09-14,
2250,1752,residential,821 Patricia Islands,,Raleigh,NC,67361,US,2021-03-03,
2251,1753,residential,6996 Amy Turnpike Suite 477,Suite 800,Cleveland,OH,10752,US,2010-05-22,
2252,1754,residential,6562 Nancy Viaduct Suite 039,,Boston,MA,31053,US,2016-12-29,2026-02-08
2253,1754,residential,7774 Bradford Bypass,,Boston,MA,96886,US,2026-02-08,
2254,1755,residential,827 Samantha Oval Apt. 203,,Philadelphia,PA,10951,US,2023-11-13,2024-03-23
2255,1755,residential,6646 Davis Parkway,,Philadelphia,PA,35468,US,2024-03-23,
2256,1756,residential,49179 Butler Rue,,Austin,TX,80734,US,2011-03-07,
2257,1756,mailing,9239 Davis Plain,,Austin,TX,85605,US,2011-03-07,
2258,1757,residential,03265 Darlene Causeway,Suite 709,Dallas,TX,42031,US,2015-02-07,
2259,1757,mailing,1142 Jessica Lodge,,Dallas,TX,49511,US,2015-02-07,
2260,1758,residential,929 Brown Trail Suite 386,,Brooklyn,NY,71639,US,2011-07-07,
2261,1759,residential,383 Hansen Village Suite 312,,Boston,MA,07123,US,2012-11-29,
2262,1760,residential,331 Kerry Roads Apt. 414,,Miami,FL,82588,US,2016-10-18,2020-10-19
2263,1760,residential,89762 Katherine Tunnel Suite 942,,Miami,FL,84621,US,2020-10-19,
2264,1760,mailing,01727 Weaver Dale,,Miami,FL,11105,US,2016-10-18,
2265,1761,residential,96519 Myers Orchard Apt. 457,,Boston,MA,07253,US,2024-07-09,
2266,1762,residential,99939 Travis Stravenue,Apt 10,Miami,FL,97871,US,2018-07-21,
2267,1763,residential,00398 Mason Throughway Apt. 646,,Houston,TX,45129,US,2012-02-05,
2268,1764,residential,68687 Deborah Ford,,Raleigh,NC,62162,US,2009-07-24,
2269,1765,residential,08132 Glen Mount Suite 041,Apt 25,Stamford,CT,18605,US,2023-06-18,
2270,1766,residential,2247 Patterson Flats Apt. 807,Suite 556,Atlanta,GA,09711,US,2016-08-03,
2271,1767,residential,339 John Flat Apt. 876,Suite 450,Brooklyn,NY,73103,US,2018-01-06,
2272,1768,residential,235 Travis Views,,Miami,FL,83729,US,2014-11-07,
2273,1769,residential,33429 Brown Locks Suite 226,,Dallas,TX,87357,US,2014-07-22,
2274,1769,mailing,81076 Bryant Mills Suite 739,Apt 15,Dallas,TX,63697,US,2014-07-22,
2275,1770,residential,62426 Brian Freeway Apt. 248,,Miami,FL,91323,US,2014-10-16,
2276,1771,residential,57247 Allison Rapid Suite 726,,Pittsburgh,PA,87076,US,2016-04-18,2022-08-14
2277,1771,residential,07284 William Station Suite 800,,Pittsburgh,PA,76384,US,2022-08-14,
2278,1772,residential,359 Brooks Fork Suite 536,,Detroit,MI,38993,US,2023-07-22,
2279,1773,residential,30027 Derek Trail Suite 076,,Pittsburgh,PA,80651,US,2012-02-02,
2280,1774,residential,120 Peterson Avenue Apt. 069,,Dallas,TX,81474,US,2008-08-10,2018-04-23
2281,1774,residential,5859 Michelle Shore,Suite 761,Dallas,TX,21049,US,2018-04-23,
2282,1775,residential,176 Jason Center Apt. 815,,Dallas,TX,57379,US,2017-12-24,
2283,1775,mailing,070 Rojas Spring Suite 951,Apt 13,Dallas,TX,02207,US,2017-12-24,
2284,1776,residential,699 Marissa Drive,Suite 116,Baltimore,MD,09577,US,2020-08-08,
2285,1777,residential,52185 Luke Way Apt. 831,Apt 5,Pittsburgh,PA,75337,US,2011-01-23,
2286,1778,residential,93865 Stevens Road Apt. 705,,Chicago,IL,33726,US,2021-04-21,
2287,1778,mailing,8705 James Fork Apt. 056,,Chicago,IL,01389,US,2021-04-21,
2288,1779,residential,0590 Schneider Square,Suite 614,Cleveland,OH,60501,US,2009-11-08,
2289,1780,residential,352 Heather Trafficway,,Miami,FL,74756,US,2021-10-30,
2290,1781,residential,90266 Jimmy Mission,Suite 353,Brooklyn,NY,25686,US,2012-04-03,
2291,1782,residential,46332 Baker Drives,,Philadelphia,PA,48263,US,2015-10-20,
2292,1783,residential,7501 Adams Spur,,Tampa,FL,71738,US,2009-06-03,
2293,1784,residential,144 Russell Ranch Suite 417,Apt 18,New York,NY,12717,US,2020-08-01,
2294,1784,mailing,65626 Patterson Plaza,,New York,NY,47953,US,2020-08-01,
2295,1785,residential,34423 Mary Falls,,Columbus,OH,24690,US,2017-01-02,
2296,1785,mailing,4849 Alisha Lock Apt. 462,,Columbus,OH,72415,US,2017-01-02,
2297,1786,residential,70278 Wells Hills,,Richmond,VA,40703,US,2024-11-10,
2298,1787,residential,858 Stanley Crest Apt. 574,Suite 109,Brooklyn,NY,02481,US,2017-11-17,
2299,1788,residential,1834 Hernandez Crossing,,New York,NY,11816,US,2010-02-05,
2300,1789,residential,16170 King Crest Suite 453,,Detroit,MI,32672,US,2015-02-15,
2301,1789,mailing,520 Lori Light Apt. 461,,Detroit,MI,50255,US,2015-02-15,
2302,1790,residential,90719 Olson Cove,Suite 238,Jersey City,NJ,86613,US,2015-06-07,
2303,1791,residential,96618 Amanda Garden Apt. 684,Apt 10,Pittsburgh,PA,69898,US,2017-05-26,
2304,1792,residential,06045 Emily Ridges,,Cleveland,OH,06737,US,2014-09-10,
2305,1793,residential,43260 Richards Green Suite 353,,Atlanta,GA,43410,US,2013-05-25,
2306,1794,residential,964 Robert Roads Suite 009,,Brooklyn,NY,74119,US,2015-04-12,2025-05-26
2307,1794,residential,74051 Pena Gardens Apt. 641,,Brooklyn,NY,09526,US,2025-05-26,
2308,1795,residential,38435 Lynch Ridges,,Jersey City,NJ,25093,US,2018-03-02,2019-12-07
2309,1795,residential,458 Eric Circles Suite 475,,Jersey City,NJ,23561,US,2019-12-07,
2310,1796,residential,7031 Christian Crossroad Apt. 338,,Brooklyn,NY,65121,US,2014-09-29,
2311,1797,residential,683 Michael Landing,,Atlanta,GA,38033,US,2013-01-12,
2312,1798,residential,992 Harrison Knolls Suite 561,,Hartford,CT,02753,US,2018-01-24,
2313,1799,residential,32854 Jose Crossroad,,Washington,DC,22032,US,2024-09-20,2025-02-23
2314,1799,residential,26214 Flores Mountains Apt. 504,Apt 26,Washington,DC,42686,US,2025-02-23,
2315,1799,mailing,678 Snyder Parkway,Apt 11,Washington,DC,04726,US,2024-09-20,
2316,1800,residential,6903 Jennifer View Apt. 105,,Richmond,VA,58753,US,2008-01-29,
2317,1801,residential,6409 Alexis Ridge,Suite 734,Chicago,IL,81232,US,2017-11-11,
2318,1802,residential,194 Nelson Crest,,New York,NY,23219,US,2011-01-11,
2319,1803,residential,32702 Ortiz Mews Suite 858,,Chicago,IL,98289,US,2020-07-21,2023-03-30
2320,1803,residential,11621 Jennifer Square Suite 514,Suite 179,Chicago,IL,92352,US,2023-03-30,
2321,1804,residential,027 Berry Canyon,Apt 2,Hartford,CT,73537,US,2016-10-09,
2322,1805,residential,2125 Williams Dam Apt. 981,Suite 640,Boston,MA,72794,US,2009-09-13,
2323,1806,residential,501 Emily Neck,,Richmond,VA,82977,US,2008-08-05,
2324,1807,residential,5396 Melanie Crossroad,,Columbus,OH,33728,US,2024-06-26,
2325,1808,residential,188 Gabriel Inlet,,Jersey City,NJ,50855,US,2009-05-20,
2326,1809,residential,1591 Taylor Run,,Washington,DC,28448,US,2012-09-10,
2327,1810,residential,725 Tanner Park Apt. 015,,Detroit,MI,30702,US,2012-11-02,
2328,1811,residential,683 Benitez Terrace,,Stamford,CT,91249,US,2023-01-24,2025-05-01
2329,1811,residential,26631 Turner Forest Apt. 990,Apt 10,Stamford,CT,27547,US,2025-05-01,
2330,1812,residential,351 Nguyen Ferry Apt. 325,,New York,NY,90539,US,2025-01-25,2026-03-15
2331,1812,residential,8529 Farmer Port,Apt 28,New York,NY,28252,US,2026-03-15,
2332,1812,mailing,657 Stewart Garden Apt. 521,Suite 416,New York,NY,88191,US,2025-01-25,
2333,1813,residential,75016 Donald Roads,,Newark,NJ,03244,US,2015-02-24,2018-11-04
2334,1813,residential,491 Garcia Brook,,Newark,NJ,89074,US,2018-11-04,
2335,1813,mailing,69636 Jackson Drives Apt. 264,Apt 7,Newark,NJ,90182,US,2015-02-24,
2336,1814,residential,301 Jamie Curve Suite 988,,Cleveland,OH,18174,US,2011-01-22,
2337,1815,residential,47561 Stevenson Underpass Apt. 849,,Atlanta,GA,43267,US,2013-06-22,
2338,1816,residential,1592 Eric Junction Suite 890,Apt 28,Stamford,CT,72218,US,2013-02-26,
2339,1817,residential,238 Little Village,Apt 7,Austin,TX,43827,US,2021-01-22,
2340,1818,residential,39895 Daniel Crest,,Columbus,OH,32101,US,2014-04-20,
2341,1819,residential,60842 Brittany Lights,Apt 8,Chicago,IL,99849,US,2019-03-21,
2342,1820,residential,8499 Briana Squares,,Raleigh,NC,58047,US,2019-06-22,
2343,1821,residential,79633 Connie Alley,Suite 206,Baltimore,MD,60082,US,2009-08-12,
2344,1822,residential,416 Emily Ramp Apt. 624,Apt 21,Cleveland,OH,08131,US,2009-02-16,
2345,1823,residential,410 Thomas Estate Apt. 659,Suite 358,Dallas,TX,35595,US,2021-05-24,
2346,1824,residential,668 Shaffer Coves Apt. 290,,Austin,TX,13669,US,2011-02-28,2025-12-15
2347,1824,residential,91585 Mary Plaza,,Austin,TX,48688,US,2025-12-15,
2348,1825,residential,40812 Matthew Forks,Suite 677,Raleigh,NC,11193,US,2018-06-05,
2349,1826,residential,383 Jimenez Mills,Apt 10,Brooklyn,NY,98434,US,2012-12-27,
2350,1827,residential,482 Soto Walks,Suite 264,Newark,NJ,12606,US,2023-07-08,
2351,1828,residential,19768 John Lake,Suite 639,Richmond,VA,01448,US,2008-05-27,
2352,1829,residential,464 Laura Burgs Suite 284,,Richmond,VA,69085,US,2017-08-30,2024-07-14
2353,1829,residential,186 Munoz Fork,,Richmond,VA,37304,US,2024-07-14,
2354,1829,mailing,0557 Melissa Inlet Suite 721,,Richmond,VA,29656,US,2017-08-30,
2355,1830,residential,90170 Henderson View,Suite 116,Detroit,MI,69579,US,2013-05-29,
2356,1831,residential,712 Stewart Key Suite 416,Apt 14,Newark,NJ,41857,US,2008-11-22,
2357,1832,residential,9679 Linda Lodge,,Baltimore,MD,24411,US,2014-12-30,
2358,1833,residential,683 Lori Ford,,Columbus,OH,37235,US,2010-08-03,
2359,1834,residential,040 John Via,,Washington,DC,55599,US,2013-10-08,
2360,1835,residential,90959 Douglas Mountain Apt. 463,,Tampa,FL,52265,US,2021-10-31,
2361,1836,residential,63677 Stanley Station Suite 529,,Raleigh,NC,54377,US,2011-03-25,
2362,1837,residential,24527 Johnson Camp Suite 550,Suite 835,Chicago,IL,42720,US,2010-12-24,
2363,1838,residential,387 Samuel Harbors,,Houston,TX,94256,US,2019-08-01,
2364,1839,residential,47863 Pittman Terrace Apt. 362,Suite 170,Philadelphia,PA,63615,US,2025-12-13,
2365,1840,residential,9686 Tony Unions Apt. 079,,Atlanta,GA,00891,US,2024-07-22,
2366,1841,residential,10356 Lucas Square Suite 210,,Houston,TX,95687,US,2020-05-06,
2367,1842,residential,3057 Tyler Mews Apt. 202,Suite 283,Charlotte,NC,15392,US,2022-11-11,
2368,1843,residential,32489 Mariah Divide,Apt 12,Richmond,VA,30310,US,2014-04-10,
2369,1844,residential,68988 Paige Mill Suite 746,Apt 13,Chicago,IL,45657,US,2009-07-02,
2370,1845,residential,985 Raymond Divide,,Newark,NJ,24564,US,2020-11-22,2025-12-22
2371,1845,residential,51187 Moreno Garden Suite 144,Suite 176,Newark,NJ,73873,US,2025-12-22,
2372,1846,residential,606 Kim Station Suite 205,Suite 497,Houston,TX,90422,US,2009-07-05,
2373,1847,residential,53121 Mcclain Springs Apt. 829,,Austin,TX,66273,US,2019-08-18,
2374,1847,mailing,086 Edwards Coves Suite 660,,Austin,TX,13933,US,2019-08-18,
2375,1848,residential,5295 Hoffman Underpass Apt. 516,,Philadelphia,PA,71672,US,2012-05-10,2021-02-10
2376,1848,residential,02271 Jason Common,Suite 210,Philadelphia,PA,66100,US,2021-02-10,
2377,1849,residential,82391 David Shore,,New York,NY,93054,US,2016-08-25,2025-06-27
2378,1849,residential,366 Hanson Gateway,,New York,NY,47467,US,2025-06-27,
2379,1850,residential,37024 Long Ridge Suite 598,,Cleveland,OH,81042,US,2017-02-01,2026-01-18
2380,1850,residential,066 Ashley Mountain,,Cleveland,OH,69242,US,2026-01-18,
2381,1851,residential,3128 Hogan Spur Apt. 927,,Houston,TX,40571,US,2013-09-19,
2382,1852,residential,8405 Larsen Stravenue,,Hartford,CT,51318,US,2020-10-18,
2383,1853,residential,607 Justin Well,,Newark,NJ,61356,US,2025-01-09,2025-09-14
2384,1853,residential,26748 Henderson Roads Apt. 103,,Newark,NJ,18894,US,2025-09-14,
2385,1854,residential,459 Gardner Dam Suite 312,Suite 434,Detroit,MI,89675,US,2015-02-19,
2386,1854,mailing,55889 Jill Extension,,Detroit,MI,90851,US,2015-02-19,
2387,1855,residential,547 Valdez Mill Apt. 131,,New York,NY,49504,US,2020-05-18,
2388,1856,residential,8458 Jeanne Valley Apt. 903,,Atlanta,GA,45877,US,2025-08-29,
2389,1857,residential,02387 Sarah Path,,Charlotte,NC,72243,US,2010-05-01,
2390,1858,residential,643 Michael Divide,,New York,NY,25261,US,2017-04-26,
2391,1859,residential,3220 Barbara Knolls,,Tampa,FL,50764,US,2015-09-03,
2392,1860,residential,911 Lee Cape Suite 650,,Baltimore,MD,96998,US,2018-06-01,
2393,1861,residential,0632 Mueller Circle Suite 241,Suite 554,Brooklyn,NY,87144,US,2008-04-21,
2394,1862,residential,2840 Adam Village,,Jersey City,NJ,02272,US,2015-02-10,
2395,1862,mailing,74378 Burns Court,Suite 135,Jersey City,NJ,02760,US,2015-02-10,
2396,1863,residential,15417 Sullivan Mountain Suite 610,Suite 691,Hartford,CT,92030,US,2020-05-25,
2397,1864,residential,0269 Stuart Fork,,Baltimore,MD,11798,US,2011-09-11,
2398,1865,residential,823 Brown Streets,,Baltimore,MD,70952,US,2020-03-21,
2399,1865,mailing,4685 Daniel Flat Apt. 385,,Baltimore,MD,94205,US,2020-03-21,
2400,1866,residential,0106 Lee Cape,,Hartford,CT,45851,US,2020-02-13,
2401,1867,residential,0418 Jensen Loaf,,Tampa,FL,01901,US,2013-11-10,
2402,1868,residential,3583 Brenda Islands Apt. 363,,Atlanta,GA,15296,US,2023-06-03,2023-08-13
2403,1868,residential,289 Hinton Court Suite 175,Suite 314,Atlanta,GA,85276,US,2023-08-13,
2404,1869,residential,300 Lauren Keys Apt. 875,,Charlotte,NC,53678,US,2021-07-02,
2405,1870,residential,2778 Keith Parks,,New York,NY,76908,US,2012-01-22,
2406,1871,residential,20736 Tyler Island Suite 417,,Baltimore,MD,82634,US,2011-08-22,2015-09-16
2407,1871,residential,480 Laura Burgs,Apt 11,Baltimore,MD,99023,US,2015-09-16,
2408,1872,residential,58192 Tate Drive,,Chicago,IL,35440,US,2022-02-03,
2409,1873,residential,747 Sarah Roads Apt. 487,,Cleveland,OH,97773,US,2008-04-23,
2410,1874,residential,126 Jenkins Ridges Apt. 699,,Dallas,TX,21187,US,2010-12-26,
2411,1875,residential,597 Hamilton Forest Apt. 075,,Chicago,IL,04956,US,2025-04-20,
2412,1875,mailing,233 Young Fork Apt. 474,Apt 27,Chicago,IL,91099,US,2025-04-20,
2413,1876,residential,73213 Aaron Isle,,Brooklyn,NY,67866,US,2018-03-30,
2414,1877,residential,0799 Marissa Spring,,Atlanta,GA,79303,US,2011-11-17,
2415,1878,residential,848 Freeman Creek,,Raleigh,NC,92678,US,2025-02-11,
2416,1879,residential,672 Smith Rest,,Washington,DC,50234,US,2017-11-09,2019-02-12
2417,1879,residential,701 Douglas Courts,,Washington,DC,49284,US,2019-02-12,
2418,1880,residential,071 Edward Common,Apt 24,Hartford,CT,32258,US,2021-08-21,
2419,1881,residential,5545 Lindsay Falls Apt. 355,Suite 427,Newark,NJ,77441,US,2011-10-01,
2420,1882,residential,0074 Clark Fall Suite 019,,Boston,MA,11987,US,2014-12-26,
2421,1883,residential,4864 Gina Island,,Detroit,MI,28822,US,2021-05-23,
2422,1884,residential,1327 Brandon Hills Apt. 264,,Houston,TX,99180,US,2022-04-29,
2423,1885,residential,362 Aguilar Forges,,Houston,TX,18077,US,2016-09-14,
2424,1886,residential,38183 Joseph Crescent Suite 791,,Charlotte,NC,65192,US,2021-12-20,2024-10-12
2425,1886,residential,1960 Oliver Corner Apt. 729,,Charlotte,NC,20074,US,2024-10-12,
2426,1887,residential,0409 Garcia Underpass Suite 716,,Newark,NJ,72670,US,2024-06-15,2024-11-24
2427,1887,residential,982 Amanda Crossroad,Apt 17,Newark,NJ,38541,US,2024-11-24,
2428,1888,residential,24263 Mercer Point,,Chicago,IL,95533,US,2026-03-27,
2429,1889,residential,4176 Lewis Grove Apt. 057,Suite 796,Chicago,IL,77338,US,2011-03-14,
2430,1890,residential,955 Karen Run,Apt 22,Pittsburgh,PA,91906,US,2023-10-10,
2431,1891,residential,20437 Zhang Green Suite 872,Apt 7,Pittsburgh,PA,37430,US,2015-03-08,
2432,1892,residential,78098 George Camp,,Baltimore,MD,76558,US,2022-07-06,
2433,1893,residential,299 Gary Corners Apt. 022,,Pittsburgh,PA,63309,US,2012-05-09,2012-05-30
2434,1893,residential,7998 Mason Ridge,,Pittsburgh,PA,91111,US,2012-05-30,
2435,1894,residential,171 Williams Light Suite 246,,Detroit,MI,02270,US,2009-05-29,
2436,1894,mailing,208 Wilson Knolls Apt. 228,,Detroit,MI,55111,US,2009-05-29,
2437,1895,residential,4873 Martinez Key,,Cleveland,OH,80935,US,2019-10-23,
2438,1896,residential,715 Levine Shoals Apt. 959,,Miami,FL,78478,US,2018-02-11,
2439,1896,mailing,1947 Williams Mountain Apt. 910,Suite 892,Miami,FL,30933,US,2018-02-11,
2440,1897,residential,3143 Brown Creek Apt. 542,,New York,NY,15690,US,2022-10-31,
2441,1898,residential,66648 Joshua Corners,,Dallas,TX,29075,US,2014-04-19,
2442,1899,residential,3265 Sanford Port Suite 189,,Pittsburgh,PA,82470,US,2013-06-04,
2443,1900,residential,345 Ferguson Ranch,,Chicago,IL,27360,US,2023-08-28,
2444,1901,residential,31679 Pedro Lights,,Brooklyn,NY,38257,US,2024-06-12,
2445,1902,residential,1091 Hanson Land Apt. 059,Suite 855,Stamford,CT,21763,US,2016-12-05,
2446,1903,residential,549 Jonathan Mountain Apt. 268,,Raleigh,NC,72368,US,2023-03-22,
2447,1903,mailing,78632 Christopher Mountain,Suite 787,Raleigh,NC,05719,US,2023-03-22,
2448,1904,residential,77615 Amy Mission,,Miami,FL,66412,US,2010-04-27,
2449,1905,residential,54458 Salinas Mill,,Houston,TX,74973,US,2016-12-23,
2450,1906,residential,625 Maria Manor Suite 389,,Charlotte,NC,60368,US,2022-06-21,2024-02-09
2451,1906,residential,076 Paul Oval,,Charlotte,NC,47244,US,2024-02-09,
2452,1907,residential,45077 Ryan Islands,,Tampa,FL,06087,US,2016-02-02,
2453,1908,residential,0177 Michele Junctions,Suite 396,Houston,TX,44511,US,2008-05-03,
2454,1909,residential,25304 Ruiz Inlet,,Atlanta,GA,02738,US,2015-06-03,
2455,1909,mailing,85331 Matthew Hill Apt. 562,,Atlanta,GA,97284,US,2015-06-03,
2456,1910,residential,5871 Cruz Run Apt. 032,Apt 20,Austin,TX,21601,US,2012-06-15,
2457,1911,residential,18833 Smith Run,Apt 28,Miami,FL,10718,US,2012-09-15,
2458,1912,residential,17120 Kevin Lakes Suite 417,,Baltimore,MD,45168,US,2016-07-03,
2459,1913,residential,3335 Lisa Road Suite 211,,Chicago,IL,09507,US,2011-10-23,2014-04-07
2460,1913,residential,92709 Jessica Manor Suite 642,Apt 23,Chicago,IL,06722,US,2014-04-07,
2461,1914,residential,52049 Clayton Mall,Apt 15,Pittsburgh,PA,70603,US,2016-10-12,
2462,1915,residential,3244 Travis Lodge,Apt 23,Newark,NJ,78956,US,2015-08-08,
2463,1916,residential,45347 Perkins Springs,Suite 675,Newark,NJ,09126,US,2020-11-12,
2464,1916,mailing,0847 Angela Drive,,Newark,NJ,21912,US,2020-11-12,
2465,1917,residential,421 Ford River,,Austin,TX,97879,US,2019-10-30,
2466,1918,residential,39554 Singh Route,,Miami,FL,19807,US,2013-12-12,
2467,1919,residential,934 Hansen Estates,,Atlanta,GA,07168,US,2021-10-31,2025-11-27
2468,1919,residential,3919 Kathleen Tunnel Apt. 828,,Atlanta,GA,90163,US,2025-11-27,
2469,1920,residential,8151 Joseph Dale,Apt 19,Austin,TX,60873,US,2017-04-30,
2470,1921,residential,5149 Cooper Run Apt. 144,,Cleveland,OH,50954,US,2022-10-09,
2471,1922,residential,20593 Angela Pike,Apt 26,Columbus,OH,81455,US,2023-07-24,
2472,1922,mailing,92220 Jennifer Inlet,,Columbus,OH,09556,US,2023-07-24,2025-05-17
2473,1922,mailing,6970 Harrell Flats Apt. 826,Apt 7,Columbus,OH,93233,US,2025-05-17,
2474,1923,residential,012 Jeff Isle Apt. 012,Apt 4,Pittsburgh,PA,44816,US,2012-10-07,
2475,1924,residential,8221 Christine Green,,New York,NY,43817,US,2014-07-11,
2476,1925,residential,450 Rasmussen Via Apt. 607,Suite 624,Pittsburgh,PA,21338,US,2024-03-09,
2477,1926,residential,5285 Friedman Street,,Atlanta,GA,26147,US,2025-04-16,
2478,1927,residential,50294 Olivia Mills,,Charlotte,NC,75228,US,2015-10-04,2018-01-17
2479,1927,residential,778 Brandon Greens,,Charlotte,NC,67061,US,2018-01-17,
2480,1928,residential,40887 Briggs Trace Suite 156,,Charlotte,NC,80438,US,2008-08-10,
2481,1929,residential,330 Ruiz Row Apt. 415,Apt 21,Baltimore,MD,86283,US,2016-01-26,
2482,1930,residential,678 Wilcox Ford Suite 164,,Tampa,FL,31506,US,2012-02-23,
2483,1931,residential,8256 Joshua Streets Apt. 251,,Atlanta,GA,01820,US,2010-02-22,
2484,1932,residential,74748 Wanda Spur,Apt 2,Dallas,TX,62769,US,2008-03-16,
2485,1933,residential,080 Williams Falls Suite 857,Suite 425,Dallas,TX,35788,US,2010-05-07,
2486,1934,residential,207 Ashley Drive Apt. 318,Apt 19,Detroit,MI,85429,US,2015-12-27,
2487,1934,mailing,86334 Bell Prairie Suite 508,Suite 177,Detroit,MI,23096,US,2015-12-27,
2488,1935,residential,2684 Rodriguez Wells,,Pittsburgh,PA,89436,US,2012-01-15,
2489,1936,residential,82000 Brooke Plain,,Newark,NJ,01623,US,2025-05-20,
2490,1937,residential,9035 Kim Extensions,Suite 671,New York,NY,94465,US,2021-09-28,
2491,1938,residential,223 David Parkway Suite 661,,Detroit,MI,79369,US,2018-04-07,
2492,1939,residential,4722 Johnson Center Suite 899,,New York,NY,65043,US,2022-12-12,
2493,1939,mailing,2259 Gonzalez Forge Suite 485,,New York,NY,85403,US,2022-12-12,
2494,1940,residential,675 Perkins Mills Suite 157,Apt 4,Columbus,OH,31220,US,2021-05-10,
2495,1941,residential,761 Steven Streets Apt. 207,,Raleigh,NC,79878,US,2024-11-30,2025-11-20
2496,1941,residential,48099 Moore Greens Apt. 756,,Raleigh,NC,15684,US,2025-11-20,
2497,1942,residential,3510 Chavez Hollow Suite 499,,Stamford,CT,67097,US,2023-04-07,
2498,1943,residential,008 Jeffrey Crest,,Jersey City,NJ,70420,US,2017-03-08,
2499,1944,residential,37312 Flynn Burgs,,Baltimore,MD,35964,US,2018-07-24,2024-11-17
2500,1944,residential,875 Perez Square,,Baltimore,MD,23755,US,2024-11-17,
2501,1945,residential,46786 Rebecca Trafficway,,Chicago,IL,29674,US,2024-07-22,2025-03-01
2502,1945,residential,9194 Castillo Mountain,,Chicago,IL,85571,US,2025-03-01,
2503,1946,residential,272 Cook Mount Apt. 018,,Austin,TX,98397,US,2018-01-31,
2504,1947,residential,11434 Jessica Lights,,Chicago,IL,31153,US,2017-07-18,
2505,1948,residential,5740 Sparks Fort Suite 869,,Raleigh,NC,66556,US,2020-10-04,
2506,1949,residential,110 Anthony Vista,Apt 22,Brooklyn,NY,92632,US,2023-06-24,
2507,1950,residential,50819 Jerry Spring,,Stamford,CT,20173,US,2020-03-29,
2508,1951,residential,7717 Johnson Lock Suite 799,,Jersey City,NJ,98240,US,2025-08-09,
2509,1952,residential,87879 Carol Fall,,Jersey City,NJ,66076,US,2021-12-03,
2510,1953,residential,519 James Manor,,Detroit,MI,17610,US,2022-07-26,2023-10-02
2511,1953,residential,3728 Nicole Parkway Suite 012,Suite 331,Detroit,MI,47010,US,2023-10-02,
2512,1954,residential,783 James Court Suite 294,,Stamford,CT,07081,US,2022-04-09,
2513,1955,residential,451 Aaron Stravenue,,Tampa,FL,36128,US,2012-03-18,
2514,1956,residential,07528 Zimmerman Rest,,Columbus,OH,81398,US,2024-09-07,
2515,1957,residential,54495 Garrett Gateway Apt. 795,Apt 28,Detroit,MI,72048,US,2017-10-02,
2516,1958,residential,066 Richard Orchard,,Tampa,FL,81964,US,2017-08-20,
2517,1959,residential,1454 Johnson Stravenue,Suite 599,Hartford,CT,24396,US,2014-03-20,
2518,1960,residential,6022 Theresa Circles,,Columbus,OH,11249,US,2024-05-16,
2519,1961,residential,435 Tony Rest,,Tampa,FL,25596,US,2009-10-21,
2520,1962,residential,5088 Ward Isle,Apt 12,Jersey City,NJ,66775,US,2018-06-22,
2521,1963,residential,888 Mitchell Hollow,,Columbus,OH,92932,US,2024-03-31,
2522,1964,residential,588 Larry Turnpike Suite 643,Apt 22,Stamford,CT,22341,US,2009-03-08,
2523,1965,residential,9981 Lynn Crossroad Suite 920,Apt 9,Brooklyn,NY,06410,US,2017-11-10,
2524,1966,residential,8388 Jessica Fork Apt. 149,Apt 14,Columbus,OH,33137,US,2009-07-31,
2525,1967,residential,109 Andrew Vista Apt. 000,,Pittsburgh,PA,27400,US,2016-07-07,
2526,1968,residential,5029 Peck Estates Suite 012,,Austin,TX,17948,US,2014-01-15,
2527,1968,mailing,3537 Hatfield Estate,,Austin,TX,63566,US,2014-01-15,
2528,1969,residential,77446 Amber Hill,,Dallas,TX,73786,US,2025-07-23,
2529,1970,residential,2174 Danielle Villages Apt. 751,,Atlanta,GA,39582,US,2011-04-06,
2530,1971,residential,84963 Richardson Knolls,,Charlotte,NC,86421,US,2023-07-06,
2531,1972,residential,01965 Hudson Oval Apt. 594,,Houston,TX,34080,US,2024-02-16,2026-03-15
2532,1972,residential,991 Edwards Trail Apt. 020,,Houston,TX,84373,US,2026-03-15,
2533,1973,residential,797 Thomas Canyon Apt. 848,,Cleveland,OH,57073,US,2026-06-01,
2534,1974,residential,05673 Christine Square Suite 907,Suite 723,Columbus,OH,01708,US,2014-03-15,
2535,1975,residential,7004 Heidi Spur Suite 627,,Columbus,OH,33093,US,2008-03-05,2019-08-07
2536,1975,residential,5382 Kirby Inlet,Apt 19,Columbus,OH,28811,US,2019-08-07,
2537,1976,residential,46467 Pennington Burgs,,Chicago,IL,33133,US,2016-01-20,
2538,1977,residential,3305 Brandy Center Apt. 409,Suite 807,Richmond,VA,54093,US,2016-10-06,
2539,1978,residential,6857 Diaz Mews Suite 429,,Houston,TX,23491,US,2022-03-25,2024-09-08
2540,1978,residential,5019 Dwayne Lake Apt. 674,Apt 17,Houston,TX,80426,US,2024-09-08,
2541,1979,residential,03577 Dean Crest Apt. 404,,Dallas,TX,77779,US,2025-06-25,2025-09-10
2542,1979,residential,636 Karen Cliff,,Dallas,TX,64775,US,2025-09-10,
2543,1980,residential,5469 Michael Route Suite 303,,Chicago,IL,93883,US,2017-10-03,
2544,1981,residential,5056 Cory Stravenue,Suite 181,Chicago,IL,46001,US,2008-01-11,
2545,1982,residential,71872 Mckee View,,Detroit,MI,10880,US,2011-08-05,
2546,1983,residential,9054 Matthew Drive Suite 821,,Philadelphia,PA,79751,US,2018-09-12,
2547,1983,mailing,719 Heather Shores Apt. 271,Suite 311,Philadelphia,PA,04717,US,2018-09-12,
2548,1984,residential,6431 Taylor Common,Suite 756,Washington,DC,97118,US,2010-02-19,
2549,1985,residential,0544 Harvey Coves,Suite 217,Hartford,CT,72227,US,2025-08-06,
2550,1986,residential,076 Potter Orchard Apt. 862,,Cleveland,OH,83068,US,2015-03-17,
2551,1987,residential,584 Nichols Center Apt. 227,,Stamford,CT,94843,US,2022-10-28,
2552,1988,residential,1906 Burns Row Apt. 108,Suite 174,Detroit,MI,25701,US,2016-12-16,
2553,1989,residential,3497 Tiffany Pike,,Hartford,CT,55472,US,2018-12-26,
2554,1990,residential,690 Jerry Glens Suite 137,Apt 14,Brooklyn,NY,01747,US,2013-12-20,
2555,1991,residential,33873 Watson Trafficway,Suite 421,Washington,DC,28051,US,2022-05-12,
2556,1992,residential,949 Catherine Neck Suite 134,Suite 616,Charlotte,NC,39004,US,2021-07-14,
2557,1993,residential,66633 Lopez Passage Apt. 911,Apt 28,Brooklyn,NY,44956,US,2023-10-16,
2558,1994,residential,5126 Sutton Unions Suite 907,,Brooklyn,NY,47223,US,2025-03-27,
2559,1994,mailing,1383 Boyle Loop,,Brooklyn,NY,22031,US,2025-03-27,
2560,1995,residential,9676 Santiago Meadows,,Houston,TX,11478,US,2019-05-07,
2561,1996,residential,2914 Sara Forest,,Boston,MA,99269,US,2009-04-03,
2562,1997,residential,20718 Theresa Lodge Suite 418,,Baltimore,MD,19254,US,2026-03-16,
2563,1998,residential,91999 Robbins Square Suite 117,Apt 28,Richmond,VA,38335,US,2012-01-08,
2564,1999,residential,35743 Angela Crescent,,Chicago,IL,05355,US,2017-11-29,
2565,2000,residential,50810 Kim Ville,,Jersey City,NJ,07419,US,2013-09-30,
2566,2001,residential,9848 Ross Road,Apt 14,Raleigh,NC,87379,US,2020-09-01,
2567,2002,residential,370 Thomas Divide Apt. 526,Apt 29,Washington,DC,35938,US,2016-04-27,
2568,2003,residential,5487 Joanna Center Suite 461,Suite 433,Chicago,IL,35486,US,2020-10-04,
2569,2003,mailing,948 Tracey Turnpike Suite 601,Apt 7,Chicago,IL,57468,US,2020-10-04,
2570,2004,residential,36199 David Street,Suite 410,Jersey City,NJ,03331,US,2017-10-03,
2571,2005,residential,1718 Morris Plains,,Jersey City,NJ,03298,US,2015-12-08,2023-03-14
2572,2005,residential,6120 Copeland Junction Suite 565,,Jersey City,NJ,57399,US,2023-03-14,
2573,2006,residential,37998 Rebecca Hollow,,Washington,DC,84737,US,2008-10-07,2019-06-24
2574,2006,residential,370 Greg Flats Suite 793,Suite 515,Washington,DC,97514,US,2019-06-24,
2575,2007,residential,457 Reeves Shore,,Detroit,MI,72895,US,2019-07-25,
2576,2008,residential,382 Hoffman Corners Apt. 800,,Jersey City,NJ,94120,US,2022-04-18,
2577,2009,residential,6158 William Rue Apt. 069,Suite 379,Brooklyn,NY,79455,US,2020-06-09,
2578,2010,residential,10898 Samantha Orchard,Suite 114,Jersey City,NJ,21250,US,2008-03-10,
2579,2011,residential,88344 Hernandez Gateway,,Hartford,CT,64170,US,2009-11-25,
2580,2012,residential,91571 Alex Row,Apt 19,Hartford,CT,31961,US,2026-06-13,
2581,2012,mailing,234 Anthony Summit Apt. 425,Suite 265,Hartford,CT,06538,US,2026-06-13,
2582,2013,residential,76872 Martinez Ways Apt. 429,,Columbus,OH,65042,US,2008-09-08,
2583,2014,residential,5117 Grant Vista,,Newark,NJ,43100,US,2015-02-03,
2584,2015,residential,84951 Goodman Bridge Suite 204,,Detroit,MI,63332,US,2020-08-23,
2585,2016,residential,358 Michelle Springs,Suite 352,Tampa,FL,10187,US,2018-05-03,
2586,2017,residential,0883 William Lock Apt. 416,Apt 26,Miami,FL,13597,US,2020-06-02,
2587,2018,residential,30403 Elizabeth Ville,,Chicago,IL,92506,US,2014-07-19,2020-04-13
2588,2018,residential,181 Bates Keys Apt. 506,,Chicago,IL,16941,US,2020-04-13,
2589,2019,residential,29386 Rogers Trail,,Philadelphia,PA,72775,US,2024-02-20,
2590,2020,residential,24651 Felicia Wells,,Boston,MA,78380,US,2009-05-01,
2591,2021,residential,010 Kimberly Walk Suite 349,Suite 618,Philadelphia,PA,95689,US,2012-07-08,
2592,2022,residential,24000 Lawrence Flat,,Houston,TX,65252,US,2017-12-17,
2593,2023,residential,842 Michael Road Apt. 264,Suite 761,Cleveland,OH,24257,US,2015-07-31,
2594,2024,residential,205 Poole Village,Suite 312,Boston,MA,48582,US,2010-04-15,
2595,2025,residential,687 Carter Garden,,Dallas,TX,88716,US,2020-02-15,
2596,2026,residential,40755 Medina Mews,Suite 346,Cleveland,OH,22549,US,2017-10-17,
2597,2027,residential,82888 Sandra Common,,Newark,NJ,31039,US,2023-12-11,
2598,2028,residential,2846 Lewis Roads Suite 203,,Miami,FL,22367,US,2023-01-03,2026-02-02
2599,2028,residential,322 Brown Ridge,Apt 23,Miami,FL,34787,US,2026-02-02,
2600,2029,residential,310 William Rue,Suite 239,Newark,NJ,37122,US,2009-02-12,
2601,2030,residential,471 Jennifer Views Apt. 406,Apt 3,Tampa,FL,20133,US,2011-05-30,
2602,2031,residential,814 Melissa Rue Suite 771,,Brooklyn,NY,73677,US,2025-04-16,
2603,2032,residential,082 Ramirez Shoals,Apt 21,Austin,TX,59826,US,2024-12-05,
2604,2033,residential,3712 Kelly Gardens,,Newark,NJ,07452,US,2023-08-17,
2605,2034,residential,5747 Vega Rapids Apt. 667,,Dallas,TX,30365,US,2010-01-29,
2606,2035,residential,7935 Christine Valleys Suite 621,Apt 9,Chicago,IL,97739,US,2014-09-10,
2607,2036,residential,166 Robinson Turnpike,,Detroit,MI,19168,US,2023-08-12,
2608,2037,residential,76979 Heather Dam,,Philadelphia,PA,60819,US,2021-07-24,
2609,2038,residential,8735 Walker Ferry,,Newark,NJ,10233,US,2012-11-26,
2610,2039,residential,44685 Benjamin Hill Suite 947,,Newark,NJ,99804,US,2009-01-04,
2611,2040,residential,636 Chavez Meadow Apt. 966,,Houston,TX,30686,US,2008-02-22,
2612,2041,residential,17528 Adam Row,,New York,NY,61992,US,2009-05-13,
2613,2042,residential,28028 Duane Fall Suite 466,Apt 25,Jersey City,NJ,11431,US,2012-06-03,
2614,2043,residential,92384 Cindy Station,,Pittsburgh,PA,16020,US,2008-05-26,2015-02-24
2615,2043,residential,9176 Johnston Lakes,,Pittsburgh,PA,59193,US,2015-02-24,
2616,2044,residential,4652 Stevens Ranch,,Dallas,TX,33427,US,2010-05-19,
2617,2045,residential,6002 Alexander Rue Apt. 642,,Charlotte,NC,28966,US,2019-01-09,
2618,2046,residential,094 Christopher Field Suite 545,Apt 3,Baltimore,MD,21377,US,2013-10-11,
2619,2047,residential,7203 Justin Flat Apt. 614,,Washington,DC,31477,US,2015-06-16,
2620,2048,residential,71044 Troy Shoals,,Brooklyn,NY,14203,US,2009-12-06,
2621,2049,residential,779 Matthew Skyway,,Raleigh,NC,71460,US,2018-11-18,
2622,2050,residential,004 Jonathan Via,,Raleigh,NC,25889,US,2023-10-15,
2623,2051,residential,8623 Jordan Oval Apt. 934,,Philadelphia,PA,22418,US,2024-11-09,2025-01-23
2624,2051,residential,47467 Hodge Oval,Apt 26,Philadelphia,PA,29265,US,2025-01-23,
2625,2052,residential,7617 Williams Islands,,Cleveland,OH,83948,US,2009-10-24,2020-12-02
2626,2052,residential,005 Meyer Groves,,Cleveland,OH,16725,US,2020-12-02,
2627,2053,residential,922 Bradley Drive,,Washington,DC,19452,US,2021-12-09,2025-10-24
2628,2053,residential,37045 Jay Passage,Apt 29,Washington,DC,54195,US,2025-10-24,
2629,2054,residential,558 Porter Stravenue,,New York,NY,32221,US,2019-09-23,
2630,2054,mailing,0278 Gonzalez Stream,,New York,NY,94454,US,2019-09-23,
2631,2055,residential,95316 Matthew Valleys,Suite 770,Detroit,MI,51702,US,2019-10-02,
2632,2056,residential,524 Harvey Island,,Raleigh,NC,90796,US,2016-11-08,2025-12-03
2633,2056,residential,5085 Green Path Suite 980,Apt 27,Raleigh,NC,51224,US,2025-12-03,
2634,2057,residential,69095 Williams Springs,,Washington,DC,84880,US,2024-11-25,2025-11-27
2635,2057,residential,98990 Robin Underpass,,Washington,DC,65649,US,2025-11-27,
2636,2058,residential,97925 Amber Courts Apt. 791,,Newark,NJ,29907,US,2025-01-30,2026-05-29
2637,2058,residential,3325 Townsend Tunnel,Suite 858,Newark,NJ,90933,US,2026-05-29,
2638,2059,residential,1016 Nicole Park Apt. 377,Suite 622,Stamford,CT,89412,US,2009-09-03,
2639,2060,residential,24044 Curtis Club,,Jersey City,NJ,58822,US,2022-10-23,
2640,2061,residential,3128 Herrera Manors,Apt 14,Houston,TX,56581,US,2010-07-16,
2641,2062,residential,531 Gwendolyn Mountains Apt. 146,,Houston,TX,15315,US,2022-08-31,
2642,2063,residential,2508 John Trail Suite 396,,Miami,FL,75377,US,2016-02-21,
2643,2063,mailing,477 Stacy Gateway Suite 249,,Miami,FL,94003,US,2016-02-21,2025-10-11
2644,2063,mailing,213 Devon Avenue,Suite 437,Miami,FL,52068,US,2025-10-11,
2645,2064,residential,1691 Joshua Forges,,Dallas,TX,82897,US,2014-08-26,
2646,2065,residential,404 Joseph Heights Apt. 656,,Jersey City,NJ,20813,US,2012-02-15,2026-05-27
2647,2065,residential,60464 Anthony Stravenue Apt. 724,,Jersey City,NJ,61192,US,2026-05-27,
2648,2066,residential,9377 Bartlett Ferry Suite 242,,Brooklyn,NY,63767,US,2014-11-29,
2649,2067,residential,9994 Brandi Square Apt. 681,Suite 886,Chicago,IL,23767,US,2023-11-13,
2650,2068,residential,62471 Reed Lock,Suite 534,Atlanta,GA,81197,US,2026-01-26,
2651,2069,residential,647 Smith Manor Suite 202,,Cleveland,OH,87455,US,2016-04-09,
2652,2070,residential,3512 Larry Plains Suite 385,,Boston,MA,79542,US,2018-01-29,
2653,2071,residential,592 Clark Route,,Tampa,FL,86084,US,2013-12-19,2025-06-06
2654,2071,residential,8832 Stacey Views,Suite 783,Tampa,FL,64610,US,2025-06-06,
2655,2071,mailing,11686 Arellano Viaduct,,Tampa,FL,06180,US,2013-12-19,
2656,2072,residential,4836 Joy Cliff,Apt 3,Chicago,IL,41910,US,2013-03-12,
2657,2073,residential,7845 Hamilton Way,,Raleigh,NC,08958,US,2016-04-09,
2658,2074,residential,17829 Castaneda Way Suite 730,,Washington,DC,59807,US,2026-05-02,2026-05-08
2659,2074,residential,027 Cross Squares Apt. 730,,Washington,DC,15158,US,2026-05-08,
2660,2075,residential,86844 Haley Brooks Suite 841,,Boston,MA,40302,US,2016-12-31,2017-02-28
2661,2075,residential,9557 Angela Circles Suite 679,Suite 479,Boston,MA,78570,US,2017-02-28,
2662,2076,residential,739 Long Mountain Suite 596,,Philadelphia,PA,39231,US,2016-04-26,
2663,2077,residential,75634 Brown Causeway,,Atlanta,GA,20471,US,2015-02-16,
2664,2078,residential,3731 Hogan Extensions,Suite 524,Houston,TX,40423,US,2023-09-13,
2665,2079,residential,470 Eric Views,,Austin,TX,71676,US,2026-07-07,
2666,2080,residential,2853 Anthony Islands Suite 786,,Brooklyn,NY,70489,US,2008-03-06,
2667,2081,residential,01803 Dougherty Alley Suite 872,,Brooklyn,NY,09371,US,2014-06-21,
2668,2082,residential,23046 Romero Locks Suite 998,,Baltimore,MD,00797,US,2024-06-26,
2669,2083,residential,021 Michaela Station,,Columbus,OH,92008,US,2013-03-24,
2670,2084,residential,7407 Schaefer Inlet,,Tampa,FL,41350,US,2021-09-08,
2671,2085,residential,19761 Kathryn Dale Apt. 658,Apt 16,Atlanta,GA,93090,US,2010-01-06,
2672,2086,residential,5816 Monroe Rapid,Apt 13,Hartford,CT,11308,US,2022-05-26,
2673,2087,residential,5672 Joshua Estate Suite 503,,Cleveland,OH,68173,US,2022-02-08,
2674,2088,residential,661 Berry Fall,,Cleveland,OH,91389,US,2022-03-23,
2675,2089,residential,3211 Jackson Keys,Suite 673,Chicago,IL,49973,US,2015-02-15,
2676,2090,residential,473 Toni Drives,,Dallas,TX,08300,US,2016-11-12,
2677,2091,residential,046 Peggy Village,Apt 14,Raleigh,NC,09611,US,2023-11-06,
2678,2092,residential,41026 Connor Place,,Philadelphia,PA,27564,US,2011-01-13,
2679,2092,mailing,320 Kevin Fork,Apt 12,Philadelphia,PA,84036,US,2011-01-13,
2680,2093,residential,39729 Velasquez Pines,,Boston,MA,59539,US,2023-09-04,2024-07-10
2681,2093,residential,30423 Lambert Parkways Apt. 900,Apt 28,Boston,MA,97656,US,2024-07-10,
2682,2094,residential,85413 Michelle Mount,Suite 362,Brooklyn,NY,82695,US,2023-09-05,
2683,2095,residential,885 Rocha Branch Apt. 171,,Detroit,MI,00683,US,2010-06-13,
2684,2096,residential,7538 Julie Underpass Suite 835,,Houston,TX,25388,US,2011-11-26,
2685,2097,residential,316 Lindsay Well Suite 164,Suite 161,Houston,TX,81225,US,2010-06-04,
2686,2098,residential,74842 Martin Walks,,Raleigh,NC,54123,US,2008-06-03,
2687,2099,residential,43595 Joe Fork,Suite 578,Cleveland,OH,09568,US,2008-11-08,
2688,2100,residential,837 Olson Estate Apt. 439,Apt 11,Baltimore,MD,65736,US,2013-02-26,
2689,2101,residential,403 Tucker Rapid,,Richmond,VA,53118,US,2009-11-01,2011-01-13
2690,2101,residential,544 Robert Path Suite 253,,Richmond,VA,21672,US,2011-01-13,
2691,2102,residential,05657 Elizabeth Plain,,Philadelphia,PA,56707,US,2023-04-16,
2692,2103,residential,404 Odonnell Garden,,Cleveland,OH,46924,US,2020-06-20,
2693,2104,residential,6023 Thomas Stream,,Columbus,OH,12657,US,2012-11-16,
2694,2104,mailing,921 Melissa Extensions Apt. 305,Apt 20,Columbus,OH,10226,US,2012-11-16,
2695,2105,residential,9768 Barber Flat Suite 645,Suite 262,Boston,MA,66823,US,2018-08-21,
2696,2106,residential,34253 Tina Crossroad Apt. 940,,Washington,DC,99069,US,2013-09-05,
2697,2107,residential,0704 Danielle Mountains,,Washington,DC,26077,US,2014-08-18,
2698,2108,residential,0097 Casey Trail Apt. 912,Suite 374,Houston,TX,50387,US,2010-08-30,
2699,2109,residential,84695 Santiago Ranch Suite 697,,Atlanta,GA,61106,US,2023-11-06,
2700,2110,residential,6294 Andrew Drive,,Pittsburgh,PA,98209,US,2021-01-24,
2701,2111,residential,41372 Benjamin Squares Suite 357,,Stamford,CT,13550,US,2010-08-10,
2702,2111,mailing,1877 Lane Passage,,Stamford,CT,78137,US,2010-08-10,
2703,2112,residential,3604 Amy Crossroad,,Richmond,VA,38106,US,2013-05-24,2015-03-05
2704,2112,residential,88486 Ronald Greens,,Richmond,VA,85741,US,2015-03-05,
2705,2113,residential,55088 Miranda Flats,,Hartford,CT,75580,US,2025-09-09,
2706,2114,residential,856 Renee Center,,Jersey City,NJ,47089,US,2026-07-07,
2707,2115,residential,9368 Kevin Drives,Apt 1,Chicago,IL,13951,US,2010-11-25,
2708,2116,residential,6349 Robert Way Apt. 557,Suite 449,Charlotte,NC,59434,US,2023-09-09,
2709,2116,mailing,904 Rogers Hill,Apt 27,Charlotte,NC,25674,US,2023-09-09,
2710,2117,residential,3800 Yang Tunnel Apt. 968,Apt 29,Austin,TX,59861,US,2008-12-22,
2711,2118,residential,127 Kristina Rest,,Stamford,CT,98297,US,2022-10-22,
2712,2119,residential,95372 Griffith Bridge Apt. 535,,Stamford,CT,68816,US,2011-04-29,
2713,2120,residential,85555 Williams Court Apt. 761,,Jersey City,NJ,39936,US,2010-12-14,
2714,2121,residential,135 Green Pine Suite 642,,Miami,FL,49244,US,2008-10-11,
2715,2122,residential,3434 Christina Burg,,Miami,FL,99189,US,2022-03-12,2024-01-13
2716,2122,residential,24201 Shane Lane,,Miami,FL,04181,US,2024-01-13,
2717,2123,residential,17274 Christian Station Suite 047,,Atlanta,GA,73511,US,2024-04-08,
2718,2124,residential,827 Miller Keys,Apt 24,Stamford,CT,85085,US,2008-10-25,
2719,2125,residential,270 Gilbert Road Apt. 444,,Atlanta,GA,51603,US,2013-10-19,2024-01-20
2720,2125,residential,464 Scott Meadows,,Atlanta,GA,44836,US,2024-01-20,
2721,2126,residential,68866 William Plaza,Apt 14,Pittsburgh,PA,23185,US,2024-11-30,
2722,2127,residential,6810 Victoria Shoal,,Hartford,CT,28628,US,2022-10-19,
2723,2127,mailing,7073 William Highway,,Hartford,CT,10821,US,2022-10-19,
2724,2128,residential,765 Schmidt Village Suite 916,,Tampa,FL,51748,US,2022-07-21,
2725,2128,mailing,1728 King Club Apt. 601,Apt 21,Tampa,FL,63437,US,2022-07-21,
2726,2129,residential,4180 Adams Branch Apt. 853,,Philadelphia,PA,68360,US,2014-05-05,
2727,2129,mailing,942 Kimberly Wells,,Philadelphia,PA,61606,US,2014-05-05,
2728,2130,residential,708 Stone Club,Apt 11,Hartford,CT,44212,US,2021-04-24,
2729,2131,residential,68203 Thomas Path Suite 794,,Richmond,VA,08411,US,2010-10-23,
2730,2132,residential,67873 Dixon Centers,,Pittsburgh,PA,73835,US,2023-01-01,
2731,2133,residential,426 Chloe Tunnel,,Chicago,IL,88452,US,2017-03-25,2017-10-19
2732,2133,residential,957 Tammy Via Suite 700,Apt 21,Chicago,IL,14437,US,2017-10-19,
2733,2133,mailing,451 Gary Groves Apt. 238,Suite 399,Chicago,IL,58844,US,2017-03-25,
2734,2134,residential,225 Harris Meadow,Apt 23,Houston,TX,22540,US,2013-02-15,
2735,2134,mailing,98532 Anderson Unions,Suite 382,Houston,TX,18301,US,2013-02-15,
2736,2135,residential,5088 Adam Locks Apt. 948,Suite 600,Cleveland,OH,16625,US,2013-04-10,
2737,2135,mailing,49672 Taylor Stravenue Apt. 916,Apt 6,Cleveland,OH,28317,US,2013-04-10,
2738,2136,residential,87701 Contreras Summit Suite 244,Apt 11,Brooklyn,NY,33100,US,2013-12-10,
2739,2137,residential,0983 Heather Passage,,Charlotte,NC,16485,US,2011-05-03,
2740,2137,mailing,43071 Morrow Tunnel,,Charlotte,NC,72685,US,2011-05-03,2014-06-23
2741,2137,mailing,54508 Sandra Route,,Charlotte,NC,47441,US,2014-06-23,
2742,2138,residential,32864 Lisa Branch,,Newark,NJ,40185,US,2010-11-28,
2743,2139,residential,24501 Ryan Camp Apt. 241,,Austin,TX,73188,US,2009-08-17,
2744,2140,residential,020 Lee Tunnel,Suite 685,Boston,MA,41396,US,2018-10-04,
2745,2141,residential,724 Solomon Dam,,Dallas,TX,64998,US,2008-10-11,2018-01-13
2746,2141,residential,88970 Rocha Inlet,,Dallas,TX,35525,US,2018-01-13,
2747,2142,residential,14078 Michelle Mews,,Baltimore,MD,87474,US,2011-10-10,2016-09-30
2748,2142,residential,9290 Brown Path Apt. 942,Apt 29,Baltimore,MD,61094,US,2016-09-30,
2749,2143,residential,48952 Wilson Forges,,Houston,TX,84015,US,2025-12-09,
2750,2144,residential,35759 Harvey Ranch Suite 567,Apt 18,Charlotte,NC,47161,US,2026-05-23,
2751,2144,mailing,6676 Walls Unions Suite 913,,Charlotte,NC,40178,US,2026-05-23,
2752,2145,residential,244 David Locks,,Hartford,CT,12963,US,2023-01-08,
2753,2145,mailing,49835 Mary Isle,,Hartford,CT,66326,US,2023-01-08,
2754,2146,residential,790 Manuel Plain,Apt 24,Raleigh,NC,28895,US,2024-12-29,
2755,2147,residential,94220 Willis Alley,,Miami,FL,25562,US,2017-05-01,
2756,2148,residential,66553 Patrick Crest Apt. 170,,Atlanta,GA,27321,US,2017-04-07,2022-12-13
2757,2148,residential,032 Harris Flats,Apt 22,Atlanta,GA,52525,US,2022-12-13,
2758,2149,residential,8726 David Freeway Suite 021,Suite 797,Columbus,OH,49638,US,2024-04-19,
2759,2150,residential,24346 Terry Crossroad,,Stamford,CT,79753,US,2014-11-06,2024-12-06
2760,2150,residential,62153 Best Green,,Stamford,CT,02397,US,2024-12-06,
2761,2151,residential,360 Timothy Path,,Chicago,IL,14790,US,2008-02-26,
2762,2151,mailing,353 Susan Gardens,Suite 566,Chicago,IL,56682,US,2008-02-26,
2763,2152,residential,686 Donald Springs,,Washington,DC,45113,US,2011-07-26,2012-11-27
2764,2152,residential,050 Burnett Canyon Apt. 729,,Washington,DC,33285,US,2012-11-27,
2765,2153,residential,975 Burns Crest,Apt 1,Brooklyn,NY,88136,US,2021-11-09,
2766,2154,residential,6596 Kelly Extensions,,Atlanta,GA,73280,US,2021-01-31,
2767,2155,residential,35068 Lewis Ramp Apt. 939,,Pittsburgh,PA,51537,US,2011-09-17,2022-06-27
2768,2155,residential,2638 Jerry Creek,,Pittsburgh,PA,79087,US,2022-06-27,
2769,2156,residential,9279 Howe Crescent Apt. 964,,Hartford,CT,42725,US,2026-02-02,
2770,2157,residential,7729 David Parkway Suite 401,,Raleigh,NC,34026,US,2014-02-25,
2771,2158,residential,271 Joseph Islands Apt. 289,Apt 6,Raleigh,NC,74611,US,2010-10-10,
2772,2159,residential,47023 Gallagher Shoal Apt. 506,Suite 787,Stamford,CT,67289,US,2009-10-31,
2773,2160,residential,245 Joseph Lakes Suite 897,Apt 21,Boston,MA,23275,US,2026-05-01,
2774,2161,residential,25984 Castro Island Suite 422,,Richmond,VA,05486,US,2026-03-21,
2775,2161,mailing,8729 Jacob Parkways Suite 733,Suite 890,Richmond,VA,85953,US,2026-03-21,
2776,2162,residential,3295 Phillip Loop Apt. 156,Suite 137,Austin,TX,83771,US,2020-01-01,
2777,2163,residential,68717 Donovan Green,,Charlotte,NC,03104,US,2008-11-13,
2778,2164,residential,0034 Aaron Landing Apt. 870,,Austin,TX,31382,US,2020-02-18,
2779,2165,residential,712 Perez Heights,,Boston,MA,55291,US,2009-01-17,
2780,2166,residential,08395 Daniel Trafficway,,Jersey City,NJ,57335,US,2021-12-02,
2781,2167,residential,6670 Patrick Branch,,Detroit,MI,56598,US,2012-07-17,
2782,2168,residential,9043 Manuel Courts,Apt 18,Tampa,FL,60075,US,2026-06-17,
2783,2169,residential,8926 Ryan Forges,,Dallas,TX,43485,US,2009-02-05,
2784,2170,residential,8470 Natalie River Suite 799,,Detroit,MI,56724,US,2008-05-18,
2785,2171,residential,9023 Timothy Wells Suite 146,,Miami,FL,43736,US,2017-09-26,
2786,2172,residential,981 Thomas Centers,Suite 132,Jersey City,NJ,15251,US,2011-11-30,
2787,2173,residential,511 Ashley Lake,Suite 464,Columbus,OH,95717,US,2019-05-17,
2788,2174,residential,888 May Hills,,Miami,FL,98116,US,2008-01-12,
2789,2175,residential,073 Steven Wall,,Boston,MA,93756,US,2026-06-03,2026-06-03
2790,2175,residential,903 Bernard Mission,Apt 25,Boston,MA,32884,US,2026-06-03,
2791,2176,residential,494 Elizabeth Park,,Chicago,IL,35209,US,2012-06-03,
2792,2177,residential,059 Mcclain Plain Suite 042,Suite 607,Baltimore,MD,48807,US,2022-09-20,
2793,2177,mailing,776 Mendoza Gateway,Apt 7,Baltimore,MD,17668,US,2022-09-20,
2794,2178,residential,1216 White Lights Suite 827,,Detroit,MI,30497,US,2008-06-19,
2795,2179,residential,19133 Samantha Hills,,Miami,FL,17078,US,2014-03-15,
2796,2179,mailing,9534 Butler Ways,Apt 30,Miami,FL,46383,US,2014-03-15,
2797,2180,residential,03379 Jonathan Villages,Suite 795,Boston,MA,58261,US,2019-07-01,
2798,2181,residential,891 Williams Parkways,,Austin,TX,66308,US,2011-01-25,
2799,2182,residential,9586 Christopher Islands,,Jersey City,NJ,94156,US,2023-05-29,
2800,2183,residential,95261 Martinez Manor Suite 096,,Jersey City,NJ,66710,US,2019-06-04,
2801,2184,residential,196 Jon Course Apt. 004,,Dallas,TX,89663,US,2024-06-15,2025-05-14
2802,2184,residential,2569 Elizabeth Gardens,,Dallas,TX,98475,US,2025-05-14,
2803,2185,residential,06195 Laura Course,Apt 6,Cleveland,OH,69864,US,2023-06-21,
2804,2186,residential,37436 Gregory Circles Suite 261,,Austin,TX,69391,US,2013-11-17,
2805,2187,residential,32897 Valentine Forks Suite 756,,Stamford,CT,97754,US,2013-10-02,
2806,2187,mailing,108 Wood Bypass Suite 259,Apt 22,Stamford,CT,36215,US,2013-10-02,
2807,2188,residential,9422 Bolton Cliffs Suite 136,Apt 15,Houston,TX,97024,US,2008-02-12,
2808,2189,residential,2367 William Summit,Apt 21,Philadelphia,PA,16846,US,2020-06-28,
2809,2189,mailing,522 Lisa Club,,Philadelphia,PA,14111,US,2020-06-28,
2810,2190,residential,986 Evan Walks,,Austin,TX,99871,US,2019-06-24,2022-07-05
2811,2190,residential,968 Amy Grove,,Austin,TX,31462,US,2022-07-05,
2812,2191,residential,968 Stephen Point Suite 902,,Raleigh,NC,37132,US,2020-11-13,2024-06-21
2813,2191,residential,4423 Donovan Pines Suite 484,,Raleigh,NC,04204,US,2024-06-21,
2814,2192,residential,47689 Mallory Field,,Austin,TX,85363,US,2019-05-21,
2815,2193,residential,3679 Denise Extensions Suite 334,Apt 20,Atlanta,GA,45666,US,2025-08-15,
2816,2194,residential,089 Ruiz Causeway Suite 061,,Detroit,MI,13072,US,2009-02-26,
2817,2194,mailing,22359 Smith Keys Suite 522,Apt 2,Detroit,MI,77474,US,2009-02-26,
2818,2195,residential,7576 Ryan Forest Suite 900,Apt 10,Columbus,OH,66981,US,2010-03-20,
2819,2196,residential,0970 Morgan Turnpike,Apt 1,Raleigh,NC,04396,US,2018-03-09,
2820,2197,residential,853 Smith Drive,Apt 18,Stamford,CT,51779,US,2017-06-04,
2821,2198,residential,8846 Tammy Landing Suite 201,,Washington,DC,12335,US,2018-07-25,2020-09-28
2822,2198,residential,8272 Perez Hollow Apt. 188,,Washington,DC,12542,US,2020-09-28,
2823,2199,residential,882 Perry Forges,,Newark,NJ,35902,US,2016-04-07,
2824,2200,residential,1472 Baker Spring Suite 931,,Stamford,CT,90684,US,2022-09-06,
2825,2201,residential,977 Joseph Cove,,Newark,NJ,33332,US,2014-10-04,
2826,2201,mailing,861 Ralph Fields Apt. 359,,Newark,NJ,99073,US,2014-10-04,
2827,2202,residential,885 Russell Avenue Apt. 966,,Hartford,CT,86945,US,2009-03-15,2024-12-22
2828,2202,residential,793 Trevor Plain Apt. 607,Suite 174,Hartford,CT,76728,US,2024-12-22,
2829,2203,residential,36240 Christopher Isle,,Raleigh,NC,89616,US,2008-05-22,
2830,2204,residential,884 Karen Landing Suite 474,,Atlanta,GA,24222,US,2009-10-12,
2831,2205,residential,72492 Serrano Tunnel,Apt 23,Dallas,TX,97262,US,2018-04-11,
2832,2206,residential,9805 Smith Ferry,,Tampa,FL,20179,US,2014-10-10,
2833,2207,residential,2938 Nguyen Canyon Suite 932,,Stamford,CT,01466,US,2019-12-17,
2834,2208,residential,41936 Smith Terrace Suite 415,,Philadelphia,PA,14800,US,2025-04-12,
2835,2209,residential,139 Sara Plains,,Chicago,IL,41748,US,2011-09-05,2026-03-18
2836,2209,residential,2735 George Courts,Apt 28,Chicago,IL,93985,US,2026-03-18,
2837,2209,mailing,161 Hannah Corner Suite 321,,Chicago,IL,00509,US,2011-09-05,
2838,2210,residential,817 Allen Shores Apt. 911,,Richmond,VA,46086,US,2022-02-20,2026-05-22
2839,2210,residential,16701 Rodriguez Alley Suite 882,Apt 7,Richmond,VA,04089,US,2026-05-22,
2840,2211,residential,725 Brett Route,,Houston,TX,41841,US,2010-09-23,
2841,2212,residential,9725 John Summit,Suite 412,New York,NY,22138,US,2024-06-06,
2842,2213,residential,228 Roberts Grove,Apt 15,Austin,TX,02334,US,2017-08-17,
2843,2214,residential,060 Cook Rue,,Philadelphia,PA,98600,US,2009-02-13,
2844,2215,residential,9815 Jeffrey Knolls,Apt 30,New York,NY,30034,US,2019-10-15,
2845,2216,residential,56459 Tina Green,,Atlanta,GA,33983,US,2021-08-23,
2846,2216,mailing,8565 Miller Via,Suite 697,Atlanta,GA,62211,US,2021-08-23,
2847,2217,residential,128 Charles Courts Suite 949,,Houston,TX,39025,US,2022-11-06,
2848,2218,residential,550 Compton Place Suite 416,Suite 702,Dallas,TX,26353,US,2008-03-22,
2849,2219,residential,2311 Good Lane Suite 563,Suite 683,Brooklyn,NY,82934,US,2015-03-02,
2850,2220,residential,6941 Huynh Stream Suite 359,,Tampa,FL,19577,US,2008-09-07,2021-09-28
2851,2220,residential,962 Fischer Ways,Apt 17,Tampa,FL,60429,US,2021-09-28,
2852,2220,mailing,161 Knapp Lakes Suite 657,,Tampa,FL,53191,US,2008-09-07,2024-04-01
2853,2220,mailing,63365 Hicks Crescent Suite 110,Suite 596,Tampa,FL,55869,US,2024-04-01,
2854,2221,residential,515 Lopez Pine,,Detroit,MI,27528,US,2012-07-19,
2855,2222,residential,0534 Johnson Isle Apt. 654,,Pittsburgh,PA,80581,US,2009-05-11,2021-08-28
2856,2222,residential,618 Reyes Plaza,Suite 626,Pittsburgh,PA,65251,US,2021-08-28,
2857,2223,residential,27192 Stephen Lodge Suite 566,,Austin,TX,60407,US,2016-07-13,
2858,2224,residential,6657 Robert Burgs Apt. 261,Suite 317,Boston,MA,94004,US,2010-06-28,
2859,2225,residential,1481 Beth Junctions,Apt 16,Tampa,FL,85082,US,2009-01-06,
2860,2226,residential,30851 Amy Lights Apt. 696,,Brooklyn,NY,90903,US,2018-04-17,
2861,2227,residential,040 Carrillo Courts,,Brooklyn,NY,51446,US,2013-09-24,
2862,2228,residential,088 Leonard Shoal Suite 498,,Newark,NJ,93445,US,2017-09-30,2020-09-05
2863,2228,residential,8402 Hines Gardens Suite 138,,Newark,NJ,79139,US,2020-09-05,
2864,2229,residential,952 Jones Harbor,,Jersey City,NJ,92269,US,2008-03-06,
2865,2229,mailing,782 Richardson Route Suite 636,,Jersey City,NJ,28584,US,2008-03-06,2017-01-29
2866,2229,mailing,1281 Gonzalez Mill,,Jersey City,NJ,81412,US,2017-01-29,
2867,2230,residential,50343 Wanda Meadow,,Pittsburgh,PA,20628,US,2020-04-12,
2868,2231,residential,38606 Alyssa Mission,,Charlotte,NC,17948,US,2009-07-11,
2869,2232,residential,960 Marshall Greens,,Houston,TX,30362,US,2021-08-21,2023-11-22
2870,2232,residential,345 Mora Lodge Apt. 563,Apt 23,Houston,TX,32729,US,2023-11-22,
2871,2233,residential,8473 Amy Loop,Suite 130,Richmond,VA,78442,US,2016-12-29,
2872,2233,mailing,50342 Richard Parkways,Suite 156,Richmond,VA,94753,US,2016-12-29,
2873,2234,residential,3678 Rice Fort,,Raleigh,NC,25937,US,2014-04-07,
2874,2235,residential,38774 Sweeney Grove Apt. 850,,New York,NY,69289,US,2018-11-25,2023-02-16
2875,2235,residential,7044 Norman Glen,,New York,NY,21967,US,2023-02-16,
2876,2235,mailing,8874 Connor Prairie,,New York,NY,35432,US,2018-11-25,2022-05-18
2877,2235,mailing,054 Wilkinson Ramp,,New York,NY,85519,US,2022-05-18,
2878,2236,residential,7600 White Canyon Apt. 965,,Detroit,MI,38732,US,2012-03-04,
2879,2237,residential,8047 Melvin Spur Suite 452,,New York,NY,77275,US,2022-02-20,2025-01-24
2880,2237,residential,8249 Justin Avenue,,New York,NY,73695,US,2025-01-24,
2881,2238,residential,416 Quinn Circles,Apt 1,Austin,TX,34592,US,2025-12-17,
2882,2239,residential,02578 Rogers Fort Suite 786,Apt 21,Boston,MA,55431,US,2019-08-17,
2883,2240,residential,984 Norris Courts Suite 199,,Charlotte,NC,54381,US,2024-06-28,2025-04-22
2884,2240,residential,276 Kristine Well,Apt 26,Charlotte,NC,70384,US,2025-04-22,
2885,2241,residential,72243 Leblanc Plains,Apt 29,Richmond,VA,97945,US,2024-01-03,
2886,2241,mailing,62596 Pugh Parkway,Apt 12,Richmond,VA,48776,US,2024-01-03,
2887,2242,residential,611 Ashlee Point Apt. 440,,Detroit,MI,17619,US,2019-01-01,
2888,2243,residential,420 Carr Lake Suite 928,,New York,NY,65429,US,2010-10-18,
2889,2244,residential,37332 Hopkins Villages,,Pittsburgh,PA,07307,US,2021-10-09,2023-11-05
2890,2244,residential,444 Katrina Drive,,Pittsburgh,PA,03633,US,2023-11-05,
2891,2245,residential,20528 Johnson Crest Apt. 624,,Jersey City,NJ,56429,US,2012-12-20,
2892,2246,residential,066 Green Mall,,Brooklyn,NY,84749,US,2016-01-17,
2893,2247,residential,7843 Davis Cove,Apt 5,Dallas,TX,62835,US,2025-01-30,
2894,2248,residential,158 Allison Meadow Apt. 393,,Washington,DC,61645,US,2010-09-03,
2895,2249,residential,65685 Lisa Fields Suite 086,,Chicago,IL,08791,US,2014-04-02,2022-01-28
2896,2249,residential,3910 Kristy Mount Suite 237,,Chicago,IL,66862,US,2022-01-28,
2897,2250,residential,6923 Anderson Court,Apt 1,Austin,TX,30923,US,2017-01-23,
2898,2251,residential,96885 Michael Cliff,Apt 20,Austin,TX,25648,US,2018-10-12,
2899,2251,mailing,263 Kerr Street Suite 788,,Austin,TX,92265,US,2018-10-12,
2900,2252,residential,392 Flores Course,,Atlanta,GA,27164,US,2024-06-27,2026-04-06
2901,2252,residential,55440 Norris Oval Suite 532,,Atlanta,GA,39161,US,2026-04-06,
2902,2253,residential,789 Simpson Knolls Apt. 600,,Raleigh,NC,36670,US,2018-06-09,
2903,2254,residential,72444 Cummings Crest Apt. 269,Apt 1,Washington,DC,41719,US,2014-01-19,
2904,2255,residential,97089 Young Tunnel,,Chicago,IL,93077,US,2016-03-24,2017-05-21
2905,2255,residential,64013 Adams Ports Suite 782,,Chicago,IL,56660,US,2017-05-21,
2906,2256,residential,50515 Jacobs Lodge Apt. 356,,Hartford,CT,83538,US,2021-07-05,
2907,2257,residential,177 Smith Ridges,Suite 572,Jersey City,NJ,73609,US,2010-08-25,
2908,2258,residential,836 Rasmussen Canyon,Apt 21,Richmond,VA,78241,US,2013-03-14,
2909,2259,residential,75578 Serrano Court,,Charlotte,NC,50248,US,2014-01-21,
2910,2260,residential,672 Robert Corner Suite 102,,Tampa,FL,66448,US,2018-02-20,
2911,2260,mailing,638 Gregory Inlet,Suite 800,Tampa,FL,99799,US,2018-02-20,
2912,2261,residential,257 Roger Mall,,Raleigh,NC,70128,US,2018-04-20,
2913,2261,mailing,30532 Taylor Causeway,,Raleigh,NC,05844,US,2018-04-20,
2914,2262,residential,43652 Brian Bypass,,Philadelphia,PA,58557,US,2016-05-14,2018-12-08
2915,2262,residential,2050 Brianna Ports Apt. 197,Suite 894,Philadelphia,PA,15803,US,2018-12-08,
2916,2263,residential,750 Randall Unions,Apt 7,Pittsburgh,PA,05946,US,2017-01-30,
2917,2264,residential,1468 Kristin Island,,Richmond,VA,99047,US,2009-11-30,
2918,2265,residential,9905 Kathy Springs Apt. 475,,Baltimore,MD,02271,US,2020-01-29,
2919,2265,mailing,8356 Samantha Lane,,Baltimore,MD,35908,US,2020-01-29,
2920,2266,residential,7576 Blankenship Mountain,Suite 763,Chicago,IL,09848,US,2018-11-22,
2921,2267,residential,159 Herrera Branch,Suite 531,Tampa,FL,95023,US,2022-08-03,
2922,2268,residential,748 Jonathan Inlet,,Raleigh,NC,31562,US,2019-09-20,
2923,2269,residential,9415 Winters Ports,,Newark,NJ,97611,US,2015-02-24,
2924,2270,residential,13787 Lauren Plains,Apt 23,Washington,DC,62307,US,2018-03-02,
2925,2271,residential,90625 Brenda Trail,Apt 19,Detroit,MI,36137,US,2026-01-21,
2926,2272,residential,78407 Jose Crescent Apt. 241,Suite 187,Raleigh,NC,54281,US,2012-08-26,
2927,2273,residential,925 Melanie Pine,Suite 175,Tampa,FL,56537,US,2016-12-04,
2928,2274,residential,71500 Scott Passage,,Boston,MA,29546,US,2024-03-28,
2929,2275,residential,757 Jessica Parkways Suite 972,,Washington,DC,48654,US,2023-01-19,
2930,2276,residential,81783 Wendy Isle,,Austin,TX,60604,US,2012-02-17,
2931,2276,mailing,093 Coleman Creek,,Austin,TX,63933,US,2012-02-17,
2932,2277,residential,075 Berry Ridge Apt. 782,,New York,NY,55421,US,2019-05-24,
2933,2278,residential,87717 Calderon Lane,,Newark,NJ,95890,US,2011-05-14,
2934,2279,residential,4370 David Lock Apt. 897,Suite 152,Washington,DC,85457,US,2022-07-15,
2935,2280,residential,986 Jose Flat,,Dallas,TX,10899,US,2015-07-25,
2936,2280,mailing,7182 Rogers Falls,Apt 23,Dallas,TX,60268,US,2015-07-25,
2937,2281,residential,74973 Evans Mall,,Newark,NJ,65476,US,2021-01-07,
2938,2282,residential,913 Fox Garden,Suite 417,Pittsburgh,PA,77949,US,2018-04-26,
2939,2283,residential,66894 Jacobs Park,,Austin,TX,73971,US,2018-02-18,2019-05-06
2940,2283,residential,7744 Lopez Highway,,Austin,TX,43984,US,2019-05-06,
2941,2284,residential,177 Todd Lights,Suite 770,Charlotte,NC,77298,US,2009-12-13,
2942,2285,residential,4712 Benjamin Fort Apt. 680,Suite 725,Pittsburgh,PA,70857,US,2025-06-29,
2943,2286,residential,187 Lawson Center,,Brooklyn,NY,48021,US,2016-12-28,
2944,2287,residential,7006 Karen Rapids Apt. 847,,Charlotte,NC,31766,US,2015-05-24,
2945,2288,residential,3405 Price Ridge,,Washington,DC,67000,US,2009-06-22,
2946,2289,residential,7814 Edward Mountains,Apt 4,Austin,TX,64136,US,2024-09-20,
2947,2290,residential,187 Macdonald Underpass,,Cleveland,OH,06435,US,2019-03-15,
2948,2291,residential,94424 Jackson Dam Apt. 647,,Stamford,CT,20061,US,2020-09-24,
2949,2292,residential,344 Lori Forges Apt. 981,,Chicago,IL,96293,US,2016-07-11,
2950,2293,residential,28832 Kathleen Forges Suite 498,,Washington,DC,05230,US,2025-06-08,
2951,2293,mailing,293 Ramos Place,,Washington,DC,48702,US,2025-06-08,
2952,2294,residential,33483 Todd Knoll,,Pittsburgh,PA,49248,US,2023-07-14,
2953,2295,residential,4569 Wallace Knoll,,Austin,TX,58591,US,2015-06-23,
2954,2296,residential,35841 Jasmine Gardens,Suite 383,Baltimore,MD,96013,US,2021-10-17,
2955,2297,residential,8686 Hall Terrace,,Hartford,CT,63495,US,2012-12-26,2023-06-01
2956,2297,residential,964 Lang Ranch,,Hartford,CT,98684,US,2023-06-01,
2957,2298,residential,383 Smith Port Apt. 275,Suite 124,Pittsburgh,PA,25455,US,2008-07-31,
2958,2299,residential,691 Doris Lane,,Charlotte,NC,50329,US,2008-06-24,2012-04-11
2959,2299,residential,115 Virginia Lights Suite 465,,Charlotte,NC,79807,US,2012-04-11,
2960,2299,mailing,96597 Ryan Brook,,Charlotte,NC,07288,US,2008-06-24,2015-07-27
2961,2299,mailing,47032 Robert Summit,,Charlotte,NC,02181,US,2015-07-27,
2962,2300,residential,889 Craig Estates,Suite 559,Philadelphia,PA,82179,US,2020-10-11,
2963,2300,mailing,4282 Joan Crossing,,Philadelphia,PA,57040,US,2020-10-11,
2964,2301,residential,06097 Elliott Springs Apt. 420,,Washington,DC,76734,US,2018-03-22,
2965,2302,residential,23653 Thomas Green Suite 250,,Detroit,MI,63658,US,2017-11-28,
2966,2303,residential,936 Lauren Cliffs Suite 168,,Brooklyn,NY,62684,US,2010-05-13,
2967,2304,residential,91701 Kristin Ridges Apt. 029,,Cleveland,OH,42613,US,2021-01-27,
2968,2305,residential,64101 Fields Union,Apt 10,Miami,FL,18997,US,2022-12-10,
2969,2306,residential,10843 Helen Port Apt. 316,,Austin,TX,79756,US,2019-06-18,2022-05-19
2970,2306,residential,6680 Margaret Lock Suite 485,,Austin,TX,15042,US,2022-05-19,
2971,2307,residential,4692 Richardson Springs Apt. 282,,Detroit,MI,62515,US,2015-06-11,
2972,2308,residential,820 Daniel Overpass Suite 835,,Stamford,CT,21371,US,2012-04-19,
2973,2309,residential,2677 Paige Valley Apt. 203,,Austin,TX,05548,US,2009-02-18,
2974,2310,residential,99555 Sarah Meadow Apt. 718,Apt 20,Brooklyn,NY,16679,US,2020-09-08,
2975,2311,residential,65126 Berg Glen Suite 370,Apt 12,Austin,TX,36227,US,2021-02-06,
2976,2312,residential,69357 Allen Ford Apt. 235,,Dallas,TX,39442,US,2011-11-05,
2977,2313,residential,73668 John Mews Suite 607,,Hartford,CT,94170,US,2021-06-16,
2978,2314,residential,615 Jacob Points,,Washington,DC,58000,US,2023-06-07,
2979,2315,residential,6036 Joseph Prairie,,Columbus,OH,85064,US,2016-05-18,
2980,2316,residential,332 Scott Grove Suite 816,,Chicago,IL,40082,US,2019-09-23,2022-08-04
2981,2316,residential,1528 Arnold Islands Apt. 567,,Chicago,IL,40040,US,2022-08-04,
2982,2317,residential,29822 Durham Prairie Suite 147,Suite 284,Austin,TX,07241,US,2024-11-05,
2983,2318,residential,48601 Peterson Cliff Apt. 466,Suite 811,Newark,NJ,18131,US,2025-03-13,
2984,2319,residential,4697 Mercado Fords Suite 819,,Chicago,IL,36428,US,2026-04-29,
2985,2320,residential,12129 Tiffany Key Suite 193,,Brooklyn,NY,51724,US,2014-02-15,
2986,2321,residential,521 Amy Junctions,,Philadelphia,PA,21959,US,2015-01-01,
2987,2322,residential,20605 Brandi Well,,Atlanta,GA,41127,US,2022-08-28,
2988,2323,residential,74914 Perry Harbors,Apt 24,Cleveland,OH,23909,US,2017-05-03,
2989,2324,residential,11628 Christopher Mall Apt. 732,,Richmond,VA,68469,US,2019-09-03,
2990,2325,residential,565 Hall Brooks,Apt 10,Houston,TX,07077,US,2023-03-03,
2991,2326,residential,18698 Nicole Trail Apt. 185,,Stamford,CT,76068,US,2013-11-08,2024-03-27
2992,2326,residential,300 Lowe Harbor,,Stamford,CT,79964,US,2024-03-27,
2993,2327,residential,92073 Arnold Square,,Houston,TX,57735,US,2012-11-08,
2994,2328,residential,1767 Deborah Drive Suite 259,,Brooklyn,NY,94107,US,2023-03-15,
2995,2329,residential,486 Jeffery Corner,,Houston,TX,13205,US,2017-12-02,
2996,2330,residential,596 Aimee Hollow Suite 354,Apt 28,Houston,TX,51744,US,2009-11-07,
2997,2331,residential,151 Shelia Turnpike,Suite 520,Miami,FL,60190,US,2014-03-10,
2998,2332,residential,26689 Collins Falls,,Hartford,CT,62681,US,2009-11-13,
2999,2333,residential,7401 Arnold Loop Suite 849,Apt 12,Detroit,MI,23009,US,2017-12-23,
3000,2334,residential,943 Garcia Summit,Apt 2,New York,NY,41521,US,2020-03-03,
3001,2335,residential,491 Sara Flats Apt. 495,Apt 23,Hartford,CT,13197,US,2021-07-02,
3002,2336,residential,877 Thomas Mountains Suite 679,,Baltimore,MD,27891,US,2012-04-06,
3003,2337,residential,4287 Kevin Shore Suite 635,Suite 754,Charlotte,NC,67730,US,2021-05-03,
3004,2338,residential,13281 Randolph Club Apt. 682,,Tampa,FL,29243,US,2016-01-24,
3005,2339,residential,018 Hanson Rapids Suite 179,,Austin,TX,03406,US,2009-09-30,2024-02-09
3006,2339,residential,152 Hayes Coves Apt. 527,Apt 7,Austin,TX,42646,US,2024-02-09,
3007,2340,residential,81979 Lauren Turnpike Apt. 307,Suite 141,Detroit,MI,30517,US,2008-06-12,
3008,2341,residential,6714 Ryan Plains,,Boston,MA,23271,US,2014-12-31,2025-06-04
3009,2341,residential,597 Brian Forge Apt. 127,,Boston,MA,10094,US,2025-06-04,
3010,2342,residential,928 Thomas Oval Suite 178,,Stamford,CT,37167,US,2026-01-24,2026-05-06
3011,2342,residential,4851 Andre Coves,Apt 28,Stamford,CT,17101,US,2026-05-06,
3012,2343,residential,259 Jason Port,Apt 9,Atlanta,GA,90262,US,2009-03-26,
3013,2344,residential,282 Freeman Lane,Suite 570,Stamford,CT,86789,US,2014-07-27,
3014,2345,residential,14235 Todd Ridges,,Brooklyn,NY,88832,US,2010-03-16,
3015,2346,residential,56413 Jeanette Locks Suite 602,,New York,NY,80837,US,2017-12-12,
3016,2347,residential,65950 Darlene Villages,Suite 273,Dallas,TX,29000,US,2008-08-08,
3017,2348,residential,240 Santana Path Apt. 759,,Houston,TX,98694,US,2013-03-22,
3018,2349,residential,1586 Bishop Spring Apt. 408,,Boston,MA,65438,US,2019-12-30,
3019,2350,residential,48196 Martin Harbor,Suite 433,Columbus,OH,94329,US,2019-01-11,
3020,2350,mailing,3654 Miller Club,Suite 258,Columbus,OH,93869,US,2019-01-11,
3021,2351,residential,1781 Mills Street,,Philadelphia,PA,06068,US,2019-11-11,
3022,2352,residential,7412 Jennifer Mountains Suite 704,Suite 257,Tampa,FL,35500,US,2023-12-30,
3023,2353,residential,5714 Steven Radial,,Boston,MA,29061,US,2008-12-12,
3024,2354,residential,2068 Myers Tunnel Apt. 902,,Newark,NJ,68006,US,2011-02-06,2026-04-30
3025,2354,residential,1111 Anthony Knolls Apt. 261,Apt 29,Newark,NJ,44446,US,2026-04-30,
3026,2354,mailing,2771 Brown Center Suite 528,,Newark,NJ,70771,US,2011-02-06,
3027,2355,residential,6413 Thomas Trafficway Apt. 122,Suite 752,Hartford,CT,27880,US,2015-07-31,
3028,2356,residential,65700 Jenkins Pine Suite 432,Suite 252,Cleveland,OH,81991,US,2014-07-05,
3029,2357,residential,51003 Scott Roads Apt. 120,,Jersey City,NJ,81706,US,2020-01-02,
3030,2358,residential,6469 Jill Village Suite 785,Apt 10,Dallas,TX,81685,US,2013-01-14,
3031,2359,residential,66251 Jesse Lakes,,Tampa,FL,33016,US,2011-06-20,2013-01-21
3032,2359,residential,703 Aaron Estates,,Tampa,FL,36722,US,2013-01-21,
3033,2360,residential,2996 Jackson Haven,Suite 288,Austin,TX,69600,US,2022-07-08,
3034,2360,mailing,1570 Jonathan Haven Apt. 710,,Austin,TX,07428,US,2022-07-08,
3035,2361,residential,63685 Anne Wall Apt. 863,,Atlanta,GA,49761,US,2019-10-27,
3036,2362,residential,3305 Brown Stream Suite 965,,New York,NY,13596,US,2024-03-08,2025-02-18
3037,2362,residential,268 Stephen Junction Suite 393,Suite 768,New York,NY,05339,US,2025-02-18,
3038,2363,residential,742 Dalton Curve,,Dallas,TX,13896,US,2013-06-09,
3039,2364,residential,1310 Crystal Port Suite 886,Apt 16,Richmond,VA,25993,US,2022-06-24,
3040,2365,residential,25638 Jones Burgs Apt. 121,,New York,NY,81652,US,2010-06-12,
3041,2365,mailing,4238 Larry Ville,,New York,NY,36659,US,2010-06-12,
3042,2366,residential,4411 Craig Lights,Apt 7,Boston,MA,21945,US,2008-11-04,
3043,2367,residential,0098 Jessica Plains,,Richmond,VA,96726,US,2015-01-04,
3044,2368,residential,222 Evans Ferry,,Stamford,CT,29553,US,2025-09-23,
3045,2369,residential,32537 Brewer Trail Apt. 267,,Hartford,CT,08775,US,2015-07-06,
3046,2370,residential,859 Jessica Vista Apt. 347,,Brooklyn,NY,60692,US,2020-10-11,
3047,2370,mailing,9958 Lewis Rest Apt. 113,Suite 206,Brooklyn,NY,07665,US,2020-10-11,
3048,2371,residential,029 Jeffery Court,,Columbus,OH,19307,US,2020-02-21,
3049,2371,mailing,2810 Rebecca Haven Suite 105,Suite 783,Columbus,OH,34024,US,2020-02-21,
3050,2372,residential,2233 Paul Trail,,Houston,TX,56783,US,2021-03-25,
3051,2373,residential,25791 Lopez Row Apt. 772,Suite 813,Stamford,CT,54932,US,2012-02-21,
3052,2374,residential,84075 David Neck,,Houston,TX,17150,US,2015-03-31,
3053,2375,residential,6770 Nancy Roads Apt. 796,,Newark,NJ,62830,US,2019-10-05,2023-05-12
3054,2375,residential,036 Ibarra Station,,Newark,NJ,75872,US,2023-05-12,
3055,2376,residential,83406 Nicholas Road Suite 364,Suite 533,Chicago,IL,40994,US,2010-08-05,
3056,2377,residential,320 George Haven,,Brooklyn,NY,38823,US,2015-09-15,
3057,2377,mailing,5525 Caroline Circles,,Brooklyn,NY,82606,US,2015-09-15,
3058,2378,residential,703 Dean Turnpike Apt. 583,Apt 3,Houston,TX,82996,US,2011-09-28,
3059,2379,residential,62817 Smith Walk,,Baltimore,MD,05709,US,2014-03-04,
3060,2380,residential,96730 King Union Suite 386,,Charlotte,NC,39362,US,2021-10-13,
3061,2381,residential,988 Jeffrey Rapid Apt. 627,,Columbus,OH,05007,US,2021-03-02,
3062,2382,residential,003 Taylor Viaduct,,Charlotte,NC,89624,US,2010-06-03,
3063,2383,residential,035 Danielle Lakes,,Philadelphia,PA,63176,US,2014-03-09,
3064,2384,residential,642 Maxwell Lodge,Apt 2,Tampa,FL,13738,US,2008-01-29,
3065,2385,residential,563 Traci Highway,,Richmond,VA,03320,US,2012-01-22,
3066,2385,mailing,153 Victoria Valley,,Richmond,VA,02433,US,2012-01-22,
3067,2386,residential,23177 Sara Fall Apt. 427,,Miami,FL,54915,US,2024-03-15,2025-12-13
3068,2386,residential,657 Tim Drive Apt. 416,Apt 24,Miami,FL,29150,US,2025-12-13,
3069,2387,residential,09412 King Crossing,,New York,NY,49695,US,2016-06-13,
3070,2388,residential,677 Carla Port,Apt 1,Miami,FL,49079,US,2025-04-19,
3071,2389,residential,8993 Nancy Parkways,,Jersey City,NJ,62436,US,2023-10-20,
3072,2390,residential,1029 Ruiz Manor,,Chicago,IL,92833,US,2023-02-13,
3073,2391,residential,574 Miller Mills,Suite 275,Philadelphia,PA,14553,US,2008-05-31,
3074,2392,residential,99326 John Center Apt. 620,,Miami,FL,37568,US,2014-03-03,
3075,2393,residential,7152 Hawkins Way,Apt 29,Stamford,CT,77236,US,2024-07-29,
3076,2394,residential,840 Allen Walks Suite 319,,Atlanta,GA,03177,US,2018-03-24,
3077,2395,residential,422 Williams Stravenue Suite 577,Apt 19,Boston,MA,85899,US,2009-04-11,
3078,2396,residential,382 Curtis Mountains Suite 671,,Newark,NJ,21958,US,2011-08-08,
3079,2397,residential,2062 Martinez Harbors Suite 099,Suite 889,Austin,TX,56721,US,2025-05-26,
3080,2398,residential,20056 Parks Key,Suite 634,Pittsburgh,PA,32459,US,2011-03-08,
3081,2399,residential,59242 Angelica Glen,,Pittsburgh,PA,73134,US,2008-08-22,
3082,2400,residential,395 Lee Road,,Columbus,OH,44174,US,2016-04-12,2018-12-30
3083,2400,residential,128 Brown Forge Suite 058,Suite 133,Columbus,OH,69946,US,2018-12-30,
3084,2401,residential,96233 Nelson Spring Suite 938,,Pittsburgh,PA,96423,US,2009-02-04,
3085,2402,residential,814 Marcus Ridges Suite 155,Suite 375,Dallas,TX,54310,US,2017-04-28,
3086,2403,residential,2804 Cassandra River,,Columbus,OH,38711,US,2018-04-22,2020-03-29
3087,2403,residential,6337 Barton Ports Apt. 804,,Columbus,OH,59273,US,2020-03-29,
3088,2404,residential,9731 William Street Apt. 713,Apt 14,Richmond,VA,55834,US,2024-07-14,
3089,2404,mailing,55784 Yvonne Branch,Suite 126,Richmond,VA,33165,US,2024-07-14,
3090,2405,residential,2416 Harmon Shore Suite 536,,Stamford,CT,74760,US,2012-08-08,
3091,2406,residential,810 Hardy Prairie,,Hartford,CT,30952,US,2019-10-01,
3092,2407,residential,999 Scott Plaza Apt. 271,,Raleigh,NC,42094,US,2014-03-18,
3093,2408,residential,358 Kristin Parkways,Suite 267,Atlanta,GA,12918,US,2013-02-09,
3094,2409,residential,44400 Ellis Port Suite 984,,Brooklyn,NY,29413,US,2016-07-12,
3095,2410,residential,006 Gibbs Run,,Houston,TX,21826,US,2021-09-11,2026-01-23
3096,2410,residential,04204 Earl Harbors,Apt 24,Houston,TX,61439,US,2026-01-23,
3097,2410,mailing,2848 Williams Club,,Houston,TX,26868,US,2021-09-11,
3098,2411,residential,9446 Robinson Brooks,,Baltimore,MD,17005,US,2008-04-20,
3099,2412,residential,9979 John Forest,,New York,NY,23345,US,2022-11-03,
3100,2413,residential,16815 Lee Meadow,,Newark,NJ,41269,US,2017-09-06,2022-10-25
3101,2413,residential,968 Darrell Burg,,Newark,NJ,02979,US,2022-10-25,
3102,2414,residential,37219 Anthony Wall Apt. 808,,Houston,TX,86124,US,2010-04-07,
3103,2414,mailing,296 Jennifer Haven Suite 208,,Houston,TX,65949,US,2010-04-07,
3104,2415,residential,4743 Kristine Rest,,Pittsburgh,PA,79067,US,2025-09-05,
3105,2416,residential,3297 Hannah Alley Apt. 221,Suite 857,Austin,TX,19440,US,2020-01-04,
3106,2417,residential,520 Bradford Crescent,,New York,NY,04498,US,2015-07-21,2025-04-28
3107,2417,residential,06977 Rogers Dam Apt. 863,,New York,NY,87610,US,2025-04-28,
3108,2418,residential,4238 Katherine Run,Suite 289,Atlanta,GA,70649,US,2023-06-21,
3109,2419,residential,41023 Meghan Trail,,Stamford,CT,21490,US,2019-07-17,
3110,2419,mailing,1169 Travis Run Apt. 389,Apt 18,Stamford,CT,31023,US,2019-07-17,
3111,2420,residential,93190 Benjamin Corner Suite 540,Apt 24,Pittsburgh,PA,49636,US,2008-09-11,
3112,2421,residential,232 Harris Orchard Apt. 623,,New York,NY,03739,US,2016-06-10,2023-04-12
3113,2421,residential,6207 Paul Lodge Apt. 185,,New York,NY,66132,US,2023-04-12,
3114,2422,residential,43490 Lauren Divide,,Hartford,CT,51115,US,2009-01-05,
3115,2423,residential,19377 Andrea Parks Suite 668,Suite 120,Charlotte,NC,03593,US,2015-01-25,
3116,2424,residential,4722 Chase Loop,,Detroit,MI,89746,US,2021-10-04,2024-09-20
3117,2424,residential,02076 Mayo Ports Suite 675,,Detroit,MI,68946,US,2024-09-20,
3118,2425,residential,20459 Crawford Lodge Suite 404,Suite 795,Washington,DC,81705,US,2015-12-08,
3119,2425,mailing,69251 Christopher Shore Suite 652,,Washington,DC,81292,US,2015-12-08,2018-05-19
3120,2425,mailing,8136 Jonathan Plaza,Suite 526,Washington,DC,01912,US,2018-05-19,
3121,2426,residential,141 Logan Bypass,,Raleigh,NC,25795,US,2026-03-25,
3122,2427,residential,523 Frederick Row Suite 761,Suite 745,Pittsburgh,PA,15652,US,2008-11-22,
3123,2428,residential,40766 Mills Squares,,New York,NY,13794,US,2017-02-21,
3124,2429,residential,07773 Wright Ports,,Washington,DC,54168,US,2013-03-04,
3125,2430,residential,2512 Stephanie Pines,Apt 29,Columbus,OH,59974,US,2015-04-19,
3126,2431,residential,703 Garcia Crest,,Miami,FL,51866,US,2012-08-08,2013-11-15
3127,2431,residential,610 Alan Flats,,Miami,FL,07532,US,2013-11-15,
3128,2431,mailing,3527 Brandon Stream,,Miami,FL,43339,US,2012-08-08,
3129,2432,residential,4690 Simpson Expressway Apt. 218,Suite 711,New York,NY,26422,US,2012-08-13,
3130,2432,mailing,6853 Jake Lane Apt. 419,,New York,NY,45963,US,2012-08-13,2023-01-09
3131,2432,mailing,8631 Steven Light,Suite 600,New York,NY,81601,US,2023-01-09,
3132,2433,residential,966 Thomas Light Apt. 487,Apt 10,Charlotte,NC,72916,US,2018-06-05,
3133,2434,residential,20583 Lane Islands,Apt 2,Atlanta,GA,83848,US,2026-04-05,
3134,2435,residential,2509 Nancy Mountains,Suite 356,Philadelphia,PA,96146,US,2014-08-05,
3135,2436,residential,36736 Mcdaniel Stravenue,,Newark,NJ,06754,US,2011-07-11,
3136,2437,residential,199 Whitney Port Apt. 733,Apt 8,Detroit,MI,37091,US,2024-10-03,
3137,2438,residential,3907 Anderson Lights Suite 338,,Columbus,OH,82804,US,2020-02-14,
3138,2439,residential,361 Jim Forge,,Miami,FL,26956,US,2010-01-23,2018-07-17
3139,2439,residential,945 Contreras Prairie,,Miami,FL,58398,US,2018-07-17,
3140,2440,residential,23709 Nicole Cove,,Richmond,VA,31934,US,2021-01-29,
3141,2441,residential,012 William Run,,Chicago,IL,70398,US,2020-10-11,
3142,2442,residential,0656 Duane Spring,,Washington,DC,65113,US,2019-03-19,2021-06-20
3143,2442,residential,2672 Kevin Camp Suite 887,,Washington,DC,65532,US,2021-06-20,
3144,2443,residential,893 Ray Rapids,,Newark,NJ,66703,US,2017-07-27,
3145,2444,residential,52675 Gomez Fall Apt. 530,,Boston,MA,25999,US,2021-12-19,
3146,2445,residential,872 Nelson Manor,,Richmond,VA,19294,US,2008-11-06,
3147,2446,residential,47425 Claudia Prairie Suite 974,,Detroit,MI,56676,US,2016-12-21,
3148,2447,residential,941 Martinez Track Apt. 528,,Philadelphia,PA,72694,US,2023-05-27,
3149,2448,residential,2698 Amy Plains,,Houston,TX,23206,US,2009-05-24,
3150,2448,mailing,46709 Ibarra Parkways Suite 061,,Houston,TX,50718,US,2009-05-24,2024-05-31
3151,2448,mailing,12178 Ryan Ferry,,Houston,TX,51923,US,2024-05-31,
3152,2449,residential,9571 Scott Branch Suite 944,Apt 30,Philadelphia,PA,85708,US,2009-02-19,
3153,2450,residential,9156 Alex Centers,,Washington,DC,64278,US,2016-10-13,
3154,2451,residential,28272 Mcguire Plain Apt. 166,Apt 16,Detroit,MI,37688,US,2015-10-01,
3155,2452,residential,5993 Jonathan Turnpike,,Columbus,OH,72858,US,2008-04-03,
3156,2453,residential,768 Thomas Isle Suite 975,,Columbus,OH,83400,US,2011-05-11,
3157,2454,residential,7272 Gomez Shores Suite 699,,Houston,TX,77080,US,2021-07-03,
3158,2455,residential,7159 Simpson Views Apt. 944,,Columbus,OH,43532,US,2012-03-01,
3159,2456,residential,3529 Megan Dale,Suite 751,Raleigh,NC,61129,US,2022-03-04,
3160,2457,residential,4993 Reed Estates,,Atlanta,GA,22273,US,2017-01-14,
3161,2458,residential,620 Doyle Rue,Suite 177,Newark,NJ,32782,US,2015-01-03,
3162,2459,residential,96872 Moses Hills,Apt 14,Dallas,TX,06599,US,2015-11-11,
3163,2460,residential,7317 Phillips Wells,Apt 18,Detroit,MI,22562,US,2013-10-13,
3164,2461,residential,650 Payne Views,,Dallas,TX,94979,US,2009-09-14,
3165,2462,residential,84568 Douglas Ville,,Atlanta,GA,69266,US,2013-06-01,
3166,2463,residential,9336 Osborne Fort Suite 884,Apt 1,Columbus,OH,45219,US,2025-08-01,
3167,2464,residential,8335 Gray Path Apt. 822,,Baltimore,MD,59031,US,2009-10-19,
3168,2465,residential,0236 Emily Stravenue Suite 636,Suite 784,Baltimore,MD,87995,US,2008-08-11,
3169,2466,residential,94194 Deanna Street,,Miami,FL,88771,US,2012-04-22,
3170,2467,residential,24920 Andrea Via Suite 359,Apt 14,Charlotte,NC,62706,US,2022-11-30,
3171,2468,residential,45405 Ryan Locks,,Charlotte,NC,43387,US,2024-03-29,
3172,2469,residential,46718 Nelson Club,,Newark,NJ,86703,US,2019-06-02,
3173,2470,residential,953 Armstrong Burg Suite 124,Suite 840,Tampa,FL,07506,US,2018-09-03,
3174,2471,residential,437 Brian Heights,,Dallas,TX,94463,US,2022-06-23,2025-08-10
3175,2471,residential,826 Brittany Summit Apt. 075,Apt 25,Dallas,TX,07707,US,2025-08-10,
3176,2472,residential,930 Raymond Spurs,,New York,NY,88183,US,2013-10-02,
3177,2473,residential,657 Steven Plaza Suite 818,,New York,NY,34005,US,2011-11-30,
3178,2473,mailing,476 Lindsay Spring,Suite 746,New York,NY,31590,US,2011-11-30,
3179,2474,residential,6049 Edward Shore,,Cleveland,OH,29625,US,2019-01-20,2026-04-08
3180,2474,residential,22802 Burke Pass Apt. 134,Suite 424,Cleveland,OH,64172,US,2026-04-08,
3181,2475,residential,0392 Turner Ranch Apt. 438,,Columbus,OH,31544,US,2022-07-28,2026-04-13
3182,2475,residential,505 Alexander Road Apt. 360,Apt 7,Columbus,OH,13985,US,2026-04-13,
3183,2475,mailing,7151 Susan Plains Apt. 703,,Columbus,OH,21366,US,2022-07-28,2024-09-23
3184,2475,mailing,8913 Williams Fields,Suite 315,Columbus,OH,59371,US,2024-09-23,
3185,2476,residential,827 Wood Hollow Suite 922,,Raleigh,NC,61355,US,2009-02-02,
3186,2477,residential,351 Johnson Plaza,,Chicago,IL,60240,US,2025-03-08,2026-04-21
3187,2477,residential,5081 Williams Unions,Apt 10,Chicago,IL,89693,US,2026-04-21,
3188,2478,residential,724 Bowman Mill,Apt 29,Dallas,TX,45825,US,2014-08-08,
3189,2479,residential,9968 Mata Islands,Apt 25,Detroit,MI,01591,US,2014-11-07,
3190,2479,mailing,0116 Rogers Locks Suite 115,,Detroit,MI,04318,US,2014-11-07,
3191,2480,residential,0084 Amber Burg,Suite 627,Houston,TX,96618,US,2023-10-06,
3192,2481,residential,91630 Ryan Course,,Houston,TX,55419,US,2017-07-11,
3193,2482,residential,05550 Kara Mission,Suite 840,Brooklyn,NY,69837,US,2017-08-17,
3194,2482,mailing,52994 Jeffrey Knoll,,Brooklyn,NY,45874,US,2017-08-17,
3195,2483,residential,03613 Donald Overpass,,Newark,NJ,55885,US,2021-03-02,
3196,2484,residential,808 Barnes Light Suite 845,,Austin,TX,27513,US,2025-02-23,
3197,2485,residential,61363 Thornton Islands,,Houston,TX,03652,US,2020-04-16,2022-06-06
3198,2485,residential,50335 Rachel Turnpike Apt. 637,,Houston,TX,73426,US,2022-06-06,
3199,2486,residential,73226 Sherry Mission,,Baltimore,MD,18190,US,2010-01-11,
3200,2486,mailing,22940 Briana Overpass Suite 110,,Baltimore,MD,24935,US,2010-01-11,
3201,2487,residential,817 Jason Camp Apt. 292,Apt 1,Detroit,MI,74007,US,2017-07-27,
3202,2488,residential,0302 Felicia Prairie Suite 872,Suite 279,Boston,MA,03959,US,2012-02-07,
3203,2489,residential,143 Campbell Fort,,Dallas,TX,65177,US,2013-10-25,
3204,2490,residential,3976 Proctor Green,,Atlanta,GA,72504,US,2012-04-15,
3205,2491,residential,39887 Martin Ridge,,Austin,TX,48726,US,2024-10-11,
3206,2492,residential,85212 Brandon Heights,,Baltimore,MD,84603,US,2016-12-20,
3207,2493,residential,703 Luna Stream,,Hartford,CT,87899,US,2022-05-13,
3208,2494,residential,135 Harris Station Suite 224,,Philadelphia,PA,90289,US,2012-03-17,2021-09-21
3209,2494,residential,2655 Martinez Shores Suite 723,,Philadelphia,PA,44804,US,2021-09-21,
3210,2494,mailing,72748 Gibson Ranch Apt. 705,,Philadelphia,PA,76400,US,2012-03-17,2017-10-11
3211,2494,mailing,6173 Perez Centers Suite 844,Apt 15,Philadelphia,PA,65833,US,2017-10-11,
3212,2495,residential,64802 Dustin Knolls,Suite 413,Austin,TX,88741,US,2020-04-20,
3213,2496,residential,1124 Tamara Rapid Suite 069,Apt 1,Richmond,VA,11293,US,2025-05-11,
3214,2496,mailing,217 Judy Road,Apt 20,Richmond,VA,41508,US,2025-05-11,
3215,2497,residential,78785 Lawrence Mills Apt. 189,,Atlanta,GA,63604,US,2017-05-18,
3216,2498,residential,326 Jimmy Circles Suite 936,,Austin,TX,40940,US,2023-02-05,
3217,2499,residential,32459 Jessica Garden Apt. 414,Suite 523,Newark,NJ,22701,US,2012-04-21,
3218,2500,residential,992 Michael Circle Apt. 415,,Newark,NJ,78121,US,2022-12-17,2026-03-24
3219,2500,residential,283 Riley Drive Apt. 527,Apt 2,Newark,NJ,08457,US,2026-03-24,
3220,2501,residential,2234 Veronica Shoal,Apt 10,Charlotte,NC,60412,US,2015-06-16,
3221,2502,residential,012 Jefferson Orchard,Apt 3,Richmond,VA,22785,US,2016-07-22,
3222,2503,residential,78625 Neal Course Suite 636,Apt 7,Tampa,FL,73295,US,2021-08-04,
3223,2504,residential,7492 Allison Mountains,,Jersey City,NJ,10507,US,2022-07-25,
3224,2505,residential,454 Stephenson Pines Apt. 990,,Hartford,CT,37084,US,2014-12-13,
3225,2506,residential,7064 Bradford Ranch Apt. 057,Suite 571,Stamford,CT,58187,US,2023-03-10,
3226,2507,residential,0885 Scott Greens Suite 413,Suite 459,New York,NY,69583,US,2014-04-03,
3227,2508,residential,77998 Justin Trace Apt. 810,Apt 11,Philadelphia,PA,01852,US,2014-08-16,
3228,2509,residential,69073 Angela Union Apt. 092,,Charlotte,NC,07492,US,2013-12-11,
3229,2510,residential,836 Strong Rapids,,Columbus,OH,01964,US,2009-05-08,2024-09-30
3230,2510,residential,109 Johnson Fort Apt. 238,,Columbus,OH,83197,US,2024-09-30,
3231,2511,residential,06965 Crawford Oval Suite 887,,Pittsburgh,PA,16599,US,2016-05-14,2022-10-16
3232,2511,residential,84839 Anderson Canyon,Suite 499,Pittsburgh,PA,51857,US,2022-10-16,
3233,2512,residential,750 Jeff Club,,Charlotte,NC,94881,US,2008-10-09,
3234,2513,residential,858 Hartman Isle Suite 614,,New York,NY,08789,US,2009-05-03,
3235,2513,mailing,437 Johnson Trail Apt. 257,,New York,NY,89535,US,2009-05-03,
3236,2514,residential,9904 Casey Garden,,Miami,FL,75651,US,2013-11-02,
3237,2515,residential,9512 Angela Trace,Apt 5,Baltimore,MD,76878,US,2017-03-06,
3238,2516,residential,00735 Charles Falls,Suite 582,Chicago,IL,96537,US,2017-01-07,
3239,2517,residential,885 Santana Fords Apt. 974,,Detroit,MI,22554,US,2009-03-07,
3240,2518,residential,569 Steven Estates Apt. 703,Apt 18,New York,NY,57566,US,2013-04-23,
3241,2519,residential,811 Hill Park Apt. 529,,Washington,DC,13712,US,2015-05-05,
3242,2520,residential,20373 Turner Walks,,Brooklyn,NY,48402,US,2019-05-10,
3243,2521,residential,1986 Wagner Island,,Cleveland,OH,09800,US,2016-08-13,
3244,2522,residential,52501 Samuel Rapids Suite 950,,Charlotte,NC,39691,US,2022-04-20,2025-07-31
3245,2522,residential,006 Donald Via Apt. 177,Apt 19,Charlotte,NC,44154,US,2025-07-31,
3246,2523,residential,066 Jessica Park Suite 527,,Charlotte,NC,27461,US,2011-04-06,
3247,2524,residential,16244 Cooper Locks Suite 137,,Philadelphia,PA,02404,US,2015-07-07,
3248,2525,residential,165 Edwards Harbors,,Miami,FL,71277,US,2017-01-30,
3249,2526,residential,30206 Lauren Bridge,Apt 19,Boston,MA,42603,US,2008-11-18,
3250,2526,mailing,452 Jamie Ports,Suite 491,Boston,MA,61895,US,2008-11-18,
3251,2527,residential,620 Bauer Cape,,New York,NY,88577,US,2015-09-24,
3252,2528,residential,0703 Morgan Extensions Apt. 555,Suite 610,Newark,NJ,18416,US,2012-05-09,
3253,2529,residential,065 Higgins Parks Apt. 924,,Cleveland,OH,07849,US,2026-05-03,
3254,2530,residential,61802 Robin Crescent,Suite 177,Tampa,FL,49461,US,2008-07-20,
3255,2530,mailing,7752 Tracey Loop Apt. 592,,Tampa,FL,82530,US,2008-07-20,2019-11-26
3256,2530,mailing,445 Shannon Islands Suite 788,,Tampa,FL,76183,US,2019-11-26,
3257,2531,residential,20373 Smith Coves,,Austin,TX,40081,US,2019-08-02,
3258,2532,residential,07184 Jordan Rest Apt. 351,,Miami,FL,85586,US,2020-10-11,
3259,2533,residential,6762 Wesley Meadow,,Houston,TX,47542,US,2012-09-12,2012-10-16
3260,2533,residential,3016 William Field,,Houston,TX,05011,US,2012-10-16,
3261,2534,residential,698 Yesenia Estate Apt. 991,,Austin,TX,92534,US,2011-09-11,
3262,2535,residential,179 Sullivan Path Suite 876,Apt 18,Dallas,TX,57759,US,2011-12-07,
3263,2535,mailing,17744 Rodriguez Villages,Apt 12,Dallas,TX,49993,US,2011-12-07,
3264,2536,residential,012 Bell Groves,Suite 177,Austin,TX,87993,US,2025-12-23,
3265,2537,residential,4045 King Harbors,,Baltimore,MD,28164,US,2010-07-22,
3266,2537,mailing,290 Allison Fall,,Baltimore,MD,55852,US,2010-07-22,
3267,2538,residential,222 Cortez Meadows,,Atlanta,GA,13456,US,2015-12-19,2018-01-18
3268,2538,residential,425 Christopher Plains Suite 422,,Atlanta,GA,31769,US,2018-01-18,
3269,2539,residential,814 Parker Locks,,Dallas,TX,19527,US,2009-09-19,
3270,2540,residential,84685 Brittany Lodge Apt. 758,,Boston,MA,52772,US,2014-01-22,
3271,2541,residential,17040 Dawson Parks,,Atlanta,GA,71823,US,2026-06-19,
3272,2542,residential,3162 Robertson Circles,Suite 657,Detroit,MI,07289,US,2024-01-15,
3273,2543,residential,442 Peterson Groves Suite 453,Apt 10,Austin,TX,66308,US,2018-07-23,
3274,2544,residential,1783 Christopher Drive Suite 818,,Pittsburgh,PA,54549,US,2026-01-05,
3275,2545,residential,3424 Jamie Ridges,,Charlotte,NC,24724,US,2015-09-05,
3276,2546,residential,14084 Green Loop,,Stamford,CT,15399,US,2009-06-13,
3277,2547,residential,93689 Villa Ridges,,Charlotte,NC,91542,US,2023-11-14,2024-01-06
3278,2547,residential,8023 Cynthia Knolls Apt. 358,Suite 191,Charlotte,NC,83074,US,2024-01-06,
3279,2548,residential,5561 Latoya Meadow,,Chicago,IL,99157,US,2019-12-14,
3280,2549,residential,35717 Payne Station,,New York,NY,47705,US,2016-05-25,
3281,2550,residential,7140 Stacy Spur,Suite 163,Columbus,OH,37845,US,2013-03-19,
3282,2551,residential,16420 Daniel Path Apt. 829,Apt 20,Washington,DC,43230,US,2012-01-16,
3283,2551,mailing,852 Jessica Common Apt. 159,,Washington,DC,41286,US,2012-01-16,
3284,2552,residential,69053 Taylor Spur Apt. 936,,Atlanta,GA,30295,US,2024-02-25,
3285,2553,residential,4521 Kimberly Expressway,,Tampa,FL,52347,US,2011-08-20,
3286,2554,residential,07974 Cynthia Mountains Suite 856,,Raleigh,NC,35860,US,2025-02-23,2025-07-07
3287,2554,residential,255 John Place Suite 954,,Raleigh,NC,53786,US,2025-07-07,
3288,2555,residential,742 Jesse Shoals,,Stamford,CT,16510,US,2014-03-07,
3289,2556,residential,5391 Day Cove Apt. 946,,Brooklyn,NY,72700,US,2014-08-08,2022-09-10
3290,2556,residential,27661 Chung Road,,Brooklyn,NY,66287,US,2022-09-10,
3291,2557,residential,063 Connie Avenue Suite 542,,New York,NY,05103,US,2019-10-19,
3292,2558,residential,1772 Paula Dale,Apt 8,Detroit,MI,04654,US,2018-10-20,
3293,2559,residential,17328 Luis Spurs Suite 431,,Columbus,OH,19199,US,2017-04-01,
3294,2560,residential,360 Wolfe Fort Suite 051,,Dallas,TX,26973,US,2013-08-19,
3295,2561,residential,99681 Schroeder Inlet Apt. 442,,Baltimore,MD,85661,US,2014-05-24,
3296,2562,residential,1855 Jerry Center,,Brooklyn,NY,27847,US,2014-05-08,
3297,2563,residential,393 Carlson Ports Suite 995,,Richmond,VA,64953,US,2022-11-29,2025-08-18
3298,2563,residential,20352 Bryan Plains,,Richmond,VA,13111,US,2025-08-18,
3299,2564,residential,52493 Adkins Creek,,Philadelphia,PA,06320,US,2010-01-21,
3300,2564,mailing,76285 Morgan Gateway Apt. 164,Suite 168,Philadelphia,PA,05988,US,2010-01-21,
3301,2565,residential,911 Lucas Drive,Suite 508,Chicago,IL,09666,US,2020-04-04,
3302,2566,residential,99575 Rose Corners Apt. 343,,Hartford,CT,10584,US,2016-05-02,2023-09-07
3303,2566,residential,29314 Cassandra Street Apt. 235,,Hartford,CT,92789,US,2023-09-07,
3304,2566,mailing,47262 Hood Cove Apt. 916,,Hartford,CT,42161,US,2016-05-02,
3305,2567,residential,25406 Barrera Summit,,Houston,TX,82915,US,2020-04-19,
3306,2568,residential,564 Rodriguez Radial Apt. 001,,Charlotte,NC,97033,US,2022-03-21,
3307,2569,residential,6630 Nicholas Ports Suite 804,Suite 500,Boston,MA,80706,US,2015-02-12,
3308,2570,residential,88349 Rhonda Grove,,Chicago,IL,39392,US,2021-01-20,2024-11-12
3309,2570,residential,0742 Monica Brooks Apt. 794,,Chicago,IL,35627,US,2024-11-12,
3310,2571,residential,2216 Greer Pike Apt. 869,,Stamford,CT,64285,US,2019-01-08,
3311,2572,residential,60579 Payne Island Suite 581,,Austin,TX,03605,US,2010-06-25,2015-03-01
3312,2572,residential,54475 Hayden Landing,,Austin,TX,64757,US,2015-03-01,
3313,2573,residential,178 Laura Shore Apt. 509,,Brooklyn,NY,92861,US,2010-06-07,
3314,2574,residential,883 Bruce Ridges Apt. 242,Apt 15,Detroit,MI,27800,US,2017-02-25,
3315,2575,residential,23948 Castillo Mills,Apt 20,Boston,MA,10921,US,2013-04-17,
3316,2576,residential,16947 Allen Corner,,Cleveland,OH,71041,US,2019-01-30,2022-06-05
3317,2576,residential,7651 Leach Divide,,Cleveland,OH,13183,US,2022-06-05,
3318,2577,residential,540 Olivia Fields,,Richmond,VA,19306,US,2025-05-02,
3319,2578,residential,225 Lamb River,,Brooklyn,NY,54841,US,2015-07-17,
3320,2579,residential,4337 Flores Viaduct,Suite 611,Raleigh,NC,56823,US,2024-03-10,
3321,2580,residential,23972 Vaughn Plain Suite 396,,Detroit,MI,95329,US,2015-07-19,
3322,2581,residential,081 Todd View,Suite 329,Pittsburgh,PA,49045,US,2023-12-02,
3323,2581,mailing,598 Simon Circles,,Pittsburgh,PA,48371,US,2023-12-02,2025-07-18
3324,2581,mailing,209 Angela Shoal,,Pittsburgh,PA,49269,US,2025-07-18,
3325,2582,residential,799 Rebecca Springs Apt. 469,Suite 234,Baltimore,MD,85983,US,2025-09-22,
3326,2583,residential,930 Luke Mission Suite 424,,Hartford,CT,81517,US,2013-10-21,
3327,2584,residential,827 Catherine Wall Apt. 136,,Miami,FL,81204,US,2010-08-27,2022-12-12
3328,2584,residential,660 Vanessa Radial,,Miami,FL,53233,US,2022-12-12,
3329,2585,residential,77793 Evans Greens,,Hartford,CT,61540,US,2013-04-27,2014-07-11
3330,2585,residential,2086 Le Park,,Hartford,CT,97897,US,2014-07-11,
3331,2586,residential,18705 Christine Viaduct Apt. 216,,Detroit,MI,18686,US,2019-10-09,
3332,2587,residential,2325 William Harbor,,Dallas,TX,40901,US,2021-04-09,
3333,2588,residential,4385 Yang Dam,,Jersey City,NJ,80894,US,2008-08-23,
3334,2589,residential,0773 Amy Plain,,Columbus,OH,44785,US,2009-09-19,
3335,2589,mailing,7533 Larson Square,,Columbus,OH,34290,US,2009-09-19,
3336,2590,residential,3389 Ethan Grove Suite 127,,Columbus,OH,71762,US,2021-08-29,2023-10-05
3337,2590,residential,6448 Fritz Lodge,,Columbus,OH,63781,US,2023-10-05,
3338,2591,residential,63705 Parker Lodge Suite 154,,Houston,TX,82421,US,2010-04-22,
3339,2591,mailing,2386 Teresa Island,Apt 23,Houston,TX,03313,US,2010-04-22,
3340,2592,residential,44281 Torres Island Apt. 810,Suite 375,Chicago,IL,83457,US,2019-02-20,
3341,2593,residential,6825 Kelly Parks Apt. 205,,Chicago,IL,06195,US,2017-03-25,
3342,2594,residential,763 Griffin Key,,Hartford,CT,47854,US,2011-11-12,
3343,2594,mailing,431 Melissa Light Suite 116,,Hartford,CT,22030,US,2011-11-12,2023-02-24
3344,2594,mailing,52293 Jackson Ports Apt. 879,Suite 890,Hartford,CT,26837,US,2023-02-24,
3345,2595,residential,71389 Alvarez Mountain,,Boston,MA,88271,US,2023-08-08,2023-11-26
3346,2595,residential,0794 Sanchez Forest Suite 112,Suite 388,Boston,MA,29115,US,2023-11-26,
3347,2596,residential,550 Thomas Bridge,,Chicago,IL,16761,US,2017-07-17,
3348,2597,residential,7685 King Road,,Stamford,CT,54669,US,2017-06-22,
3349,2598,residential,4899 Wilson Junction Apt. 600,Apt 21,Brooklyn,NY,73448,US,2012-02-26,
3350,2599,residential,3007 Juan Lake Apt. 742,Suite 598,Pittsburgh,PA,97547,US,2012-04-23,
3351,2600,residential,1260 Sarah Manors Suite 458,,Atlanta,GA,51088,US,2009-07-04,2012-06-25
3352,2600,residential,942 Patrick Way,Apt 9,Atlanta,GA,39090,US,2012-06-25,
3353,2601,residential,84803 Grant Knoll Apt. 571,,Philadelphia,PA,51819,US,2020-05-18,
3354,2602,residential,83514 Wright Highway,Suite 784,Columbus,OH,60927,US,2008-07-02,
3355,2603,residential,3702 Jasmine Neck Suite 174,Apt 22,Dallas,TX,26769,US,2013-06-18,
3356,2604,residential,990 Alejandro Coves,,Washington,DC,07848,US,2025-06-12,
3357,2605,residential,0390 Rhodes Mission,,Charlotte,NC,86539,US,2022-01-06,
3358,2606,residential,024 Knox Skyway,Apt 16,Cleveland,OH,77766,US,2012-02-24,
3359,2607,residential,45382 John Course,,Washington,DC,28825,US,2012-10-08,
3360,2608,residential,436 Justin Via,,Newark,NJ,43438,US,2008-10-21,
3361,2608,mailing,97882 Michael Fords Apt. 844,Suite 718,Newark,NJ,40858,US,2008-10-21,
3362,2609,residential,86965 Williams Lake,Suite 798,Jersey City,NJ,04016,US,2012-03-10,
3363,2610,residential,137 William Station Suite 979,Suite 805,Richmond,VA,75605,US,2019-03-10,
3364,2611,residential,76960 Tara Ways,Suite 773,Houston,TX,31412,US,2010-03-24,
3365,2611,mailing,8626 Henderson Corner Suite 150,,Houston,TX,09243,US,2010-03-24,
3366,2612,residential,0347 Austin Curve Suite 374,,Atlanta,GA,88622,US,2021-03-15,
3367,2613,residential,593 Charles Parkways,Apt 22,Atlanta,GA,33890,US,2020-08-13,
3368,2614,residential,6731 Katie Crossing Suite 660,Suite 734,Austin,TX,24393,US,2017-04-26,
3369,2615,residential,100 James Route Suite 393,Apt 6,Dallas,TX,15004,US,2018-07-18,
3370,2616,residential,79280 Oneal River Suite 824,,Columbus,OH,68922,US,2011-11-26,
3371,2617,residential,211 Cody Plains Apt. 882,,Atlanta,GA,77470,US,2026-01-16,2026-02-20
3372,2617,residential,5470 Morse Haven,,Atlanta,GA,33051,US,2026-02-20,
3373,2618,residential,50898 Simon Center,Suite 193,Hartford,CT,98045,US,2014-06-19,
3374,2619,residential,53435 Woods Turnpike Suite 154,,Jersey City,NJ,88489,US,2023-12-16,
3375,2620,residential,63409 Marsh Court,,Brooklyn,NY,23413,US,2025-09-13,
3376,2621,residential,2378 Johnson Port Apt. 475,,Charlotte,NC,46139,US,2014-01-16,
3377,2621,mailing,03350 Gregory Expressway,,Charlotte,NC,75093,US,2014-01-16,
3378,2622,residential,10880 Frost Loaf Suite 593,Apt 6,Atlanta,GA,45321,US,2010-12-09,
3379,2623,residential,447 Sara Glen Suite 224,,Richmond,VA,80115,US,2018-11-25,
3380,2624,residential,8701 Martinez River Suite 063,,Hartford,CT,99720,US,2017-11-13,
3381,2625,residential,981 Sanchez Dale Suite 335,,Washington,DC,01647,US,2008-11-10,
3382,2625,mailing,12748 Patrick Manor Suite 205,,Washington,DC,56549,US,2008-11-10,
3383,2626,residential,9028 Little Course Suite 681,,Houston,TX,29499,US,2019-04-29,
3384,2627,residential,31908 Bryant Walks,,Cleveland,OH,73378,US,2019-09-29,2023-01-08
3385,2627,residential,8422 William Route,Suite 265,Cleveland,OH,49928,US,2023-01-08,
3386,2628,residential,972 Sanchez Shoal,Apt 26,Charlotte,NC,66094,US,2011-02-08,
3387,2629,residential,2606 Mendoza Pass,,Jersey City,NJ,21368,US,2012-04-23,
3388,2630,residential,925 Barron Spurs Apt. 419,,Newark,NJ,47364,US,2022-11-22,
3389,2631,residential,1465 Cameron Flats Apt. 995,,Chicago,IL,30492,US,2011-07-13,
3390,2632,residential,7191 Mitchell Lakes,,Jersey City,NJ,11300,US,2013-10-11,
3391,2633,residential,39347 Wade Prairie Suite 004,,Philadelphia,PA,40586,US,2018-07-14,2019-05-27
3392,2633,residential,500 Johnson Branch,,Philadelphia,PA,65858,US,2019-05-27,
3393,2633,mailing,63486 Marcus Meadow Suite 887,,Philadelphia,PA,79433,US,2018-07-14,
3394,2634,residential,30141 William Loaf,Apt 26,Houston,TX,83278,US,2018-03-25,
3395,2635,residential,05008 Nicole Camp Apt. 826,,Detroit,MI,01019,US,2008-10-19,
3396,2636,residential,66345 Parker Camp,Apt 26,Charlotte,NC,83699,US,2019-09-03,
3397,2636,mailing,79425 David Expressway Apt. 395,,Charlotte,NC,17570,US,2019-09-03,2025-04-10
3398,2636,mailing,6435 Edwin Manor,,Charlotte,NC,16528,US,2025-04-10,
3399,2637,residential,598 Shelton Path Suite 716,Suite 879,Cleveland,OH,84458,US,2018-05-16,
3400,2638,residential,45700 Craig Wall,Suite 388,Atlanta,GA,12808,US,2008-02-05,
3401,2638,mailing,37591 Dana Pine Suite 131,Apt 3,Atlanta,GA,68870,US,2008-02-05,
3402,2639,residential,3709 Moore Village,Apt 13,Stamford,CT,93299,US,2014-09-22,
3403,2640,residential,54963 William Rest,,Washington,DC,91810,US,2024-01-30,2024-07-08
3404,2640,residential,2518 James Roads Suite 349,,Washington,DC,10802,US,2024-07-08,
3405,2641,residential,5388 Eric Rue Suite 091,,Houston,TX,58946,US,2019-10-19,
3406,2641,mailing,957 Winters Pine,,Houston,TX,19402,US,2019-10-19,
3407,2642,residential,314 Aguilar Estate,,Jersey City,NJ,76679,US,2013-04-30,
3408,2643,residential,849 Daniel Route Suite 575,,Atlanta,GA,69720,US,2015-11-19,
3409,2644,residential,710 Andrew Flat,,Charlotte,NC,00651,US,2012-04-08,
3410,2645,residential,836 Jennifer Canyon Apt. 984,,Stamford,CT,94857,US,2024-10-22,
3411,2646,residential,872 Todd Curve,,Hartford,CT,90327,US,2016-07-23,
3412,2647,residential,22062 Whitney Plaza,,Austin,TX,04540,US,2015-11-25,
3413,2648,residential,0240 Michael Points,,Jersey City,NJ,83159,US,2021-05-06,
3414,2649,residential,75154 Alexandra Plains Apt. 287,,Hartford,CT,04695,US,2022-08-19,2025-07-26
3415,2649,residential,13613 Jared Forge,Apt 20,Hartford,CT,77386,US,2025-07-26,
3416,2650,residential,76442 Robin Camp Suite 713,Suite 174,Houston,TX,85137,US,2026-01-14,
3417,2651,residential,31126 Michael Mission Suite 894,,Baltimore,MD,52328,US,2016-12-05,
3418,2652,residential,085 Christopher Inlet Suite 750,,Austin,TX,90502,US,2010-02-05,
3419,2652,mailing,5342 Evans Drives Apt. 880,,Austin,TX,86251,US,2010-02-05,2019-12-12
3420,2652,mailing,260 Ashley Rue,Suite 860,Austin,TX,97549,US,2019-12-12,
3421,2653,residential,1109 Huff Flats Apt. 286,,Newark,NJ,56157,US,2020-02-24,2021-09-15
3422,2653,residential,58189 Weiss Mountain Apt. 721,,Newark,NJ,35316,US,2021-09-15,
3423,2654,residential,88048 Allison Extensions,Apt 30,Detroit,MI,96289,US,2010-09-15,
3424,2655,residential,557 Michelle Spur Apt. 812,,Austin,TX,33274,US,2009-08-16,
3425,2656,residential,717 Jocelyn Harbor,Suite 306,Charlotte,NC,25094,US,2010-06-26,
3426,2657,residential,599 Martinez Neck Suite 721,Suite 671,Washington,DC,56703,US,2020-10-18,
3427,2658,residential,937 Manuel Keys,,Cleveland,OH,56737,US,2020-01-29,
3428,2659,residential,4657 Jones Roads,,Columbus,OH,06162,US,2008-03-04,
3429,2660,residential,0748 Knight River,,Charlotte,NC,28798,US,2016-02-28,
3430,2661,residential,32312 Walters Row Apt. 427,,Dallas,TX,35161,US,2025-06-19,
3431,2662,residential,8939 Jackson Crest,,Jersey City,NJ,69160,US,2022-12-14,
3432,2663,residential,330 Emily Falls,Suite 431,Baltimore,MD,61944,US,2014-04-19,
3433,2663,mailing,85289 Meghan Park,Suite 813,Baltimore,MD,03739,US,2014-04-19,
3434,2664,residential,97869 Jeffrey Crescent Suite 396,,Pittsburgh,PA,70717,US,2017-12-24,
3435,2665,residential,564 Miller Plaza,,Chicago,IL,78421,US,2025-04-19,
3436,2666,residential,215 Allen Route,,Richmond,VA,20756,US,2023-12-19,
3437,2667,residential,98204 Richard Circles,,Boston,MA,25284,US,2013-04-17,
3438,2668,residential,63026 Mendez Cape Apt. 273,Suite 225,New York,NY,74292,US,2015-04-15,
3439,2669,residential,6735 Felicia Extensions Apt. 047,,Brooklyn,NY,86748,US,2015-05-25,
3440,2670,residential,7207 Linda Radial Apt. 147,Apt 24,New York,NY,29760,US,2025-02-13,
3441,2671,residential,898 Anderson Brook Suite 867,Apt 29,Jersey City,NJ,32564,US,2024-02-01,
3442,2672,residential,651 Jones Greens Suite 723,Apt 13,Brooklyn,NY,88427,US,2023-01-30,
3443,2673,residential,152 Pope Lodge,,Brooklyn,NY,46287,US,2021-03-12,
3444,2674,residential,457 Young Glens,Apt 26,Stamford,CT,29147,US,2008-04-04,
3445,2675,residential,018 Lang Circles Suite 699,,Jersey City,NJ,26794,US,2008-02-22,
3446,2676,residential,717 James Vista,,Cleveland,OH,45430,US,2018-05-12,2024-03-30
3447,2676,residential,8671 Wilcox Loop Suite 893,,Cleveland,OH,49678,US,2024-03-30,
3448,2677,residential,0253 Jose Cliff,,Washington,DC,15499,US,2015-12-28,2017-06-07
3449,2677,residential,20139 Charles Burg,Suite 630,Washington,DC,83361,US,2017-06-07,
3450,2678,residential,00232 Martin Divide,,Austin,TX,35580,US,2024-03-02,
3451,2679,residential,6902 Michelle Extensions Suite 699,Suite 195,Pittsburgh,PA,76708,US,2020-07-15,
3452,2680,residential,539 Helen Overpass,Suite 276,Jersey City,NJ,38456,US,2010-01-16,
3453,2681,residential,312 Stone Trace Apt. 790,Apt 21,Boston,MA,51669,US,2022-07-15,
3454,2682,residential,52308 Carla Mountain Apt. 349,,Philadelphia,PA,39710,US,2013-08-23,
3455,2683,residential,1318 Miles Forks Suite 400,,Stamford,CT,22938,US,2025-05-30,2025-07-02
3456,2683,residential,26788 Richards Cove,Apt 7,Stamford,CT,21098,US,2025-07-02,
3457,2684,residential,10800 Lori Extension,Apt 9,Raleigh,NC,15227,US,2020-04-13,
3458,2685,residential,4016 Jill Way Apt. 955,Suite 238,Houston,TX,48774,US,2019-11-19,
3459,2685,mailing,709 Tapia Corners,Apt 20,Houston,TX,42093,US,2019-11-19,
3460,2686,residential,4963 Joseph Drive Suite 660,,Cleveland,OH,41403,US,2019-09-17,
3461,2687,residential,067 Jonathan Gardens Apt. 241,Suite 443,Brooklyn,NY,81241,US,2017-08-19,
3462,2688,residential,2881 Miller Harbors,Apt 14,Dallas,TX,58382,US,2025-01-16,
3463,2689,residential,181 Anderson Point Apt. 613,Apt 17,Houston,TX,52132,US,2017-06-06,
3464,2690,residential,5463 Christopher Falls,,Cleveland,OH,58641,US,2024-03-12,
3465,2691,residential,77989 Cohen Estate Suite 743,Apt 13,Austin,TX,30854,US,2023-12-12,
3466,2692,residential,55803 Kristen Forges Suite 313,,New York,NY,10176,US,2017-09-25,
3467,2693,residential,731 Cox Falls,,Jersey City,NJ,56530,US,2026-06-29,
3468,2694,residential,4525 Fowler Plains,Suite 310,Detroit,MI,53491,US,2026-06-03,
3469,2695,residential,154 Davis Island Suite 870,,Jersey City,NJ,32981,US,2015-08-15,2018-10-07
3470,2695,residential,31194 Regina Square Suite 100,,Jersey City,NJ,26426,US,2018-10-07,
3471,2696,residential,9559 Mark Terrace,,Detroit,MI,35399,US,2020-09-04,2021-03-29
3472,2696,residential,5090 Nicholas Route,,Detroit,MI,14160,US,2021-03-29,
3473,2697,residential,208 James Alley Suite 888,,Boston,MA,90396,US,2026-02-09,
3474,2698,residential,170 Hernandez Divide,,Miami,FL,82500,US,2010-04-18,
3475,2699,residential,2594 William Trail Apt. 121,,Miami,FL,04844,US,2023-02-12,
3476,2700,residential,291 Garcia Gateway,,Dallas,TX,96088,US,2010-08-31,
3477,2701,business,9300 John Spring Suite 556,Apt 23,Brooklyn,NY,59392,US,2009-09-14,
3478,2702,business,9161 Christian Pines,Apt 25,Boston,MA,33973,US,2023-06-29,
3479,2703,business,9084 Daniel Forge Suite 469,Apt 20,Boston,MA,35448,US,2018-08-30,
3480,2704,business,90629 Turner Burg Suite 203,,Pittsburgh,PA,05400,US,2019-10-22,
3481,2705,business,214 Matthew Streets Apt. 718,Suite 720,Boston,MA,77512,US,2026-05-11,
3482,2706,business,3044 Kayla Corners,Suite 881,Columbus,OH,84733,US,2015-11-08,
3483,2707,business,093 Vanessa Pike,Suite 378,Baltimore,MD,55206,US,2015-09-07,
3484,2708,business,218 Martinez Row,Suite 512,Philadelphia,PA,08894,US,2008-02-22,
3485,2709,business,013 Johnston Spring,,Austin,TX,71407,US,2016-09-19,
3486,2710,business,9481 Elizabeth Street,,Raleigh,NC,49508,US,2018-10-01,
3487,2711,business,36402 Ryan Oval Apt. 326,,Pittsburgh,PA,21208,US,2008-05-09,
3488,2712,business,60761 Joshua Causeway Suite 415,Suite 393,Austin,TX,52155,US,2023-07-16,
3489,2713,business,674 William Mall,Suite 255,Atlanta,GA,48705,US,2022-12-22,
3490,2714,business,7993 Acosta Trafficway Apt. 952,Apt 9,Houston,TX,06302,US,2012-09-22,
3491,2715,business,91439 Chung Drive,Suite 329,Dallas,TX,07582,US,2019-05-10,
3492,2716,business,670 Patricia Pike,Suite 508,Chicago,IL,69646,US,2017-10-07,
3493,2717,business,69928 Garcia Squares,Apt 18,Chicago,IL,03756,US,2010-04-11,
3494,2718,business,57549 Darrell Throughway,Apt 20,Detroit,MI,70574,US,2012-08-15,
3495,2719,business,4033 Salazar Manors,Apt 9,Tampa,FL,76981,US,2010-06-19,
3496,2720,business,0949 Pamela Neck,,Cleveland,OH,89370,US,2011-04-09,
3497,2721,business,50037 Long Bypass,Suite 554,Brooklyn,NY,24053,US,2011-06-07,
3498,2722,business,459 Kelly Cove,Suite 467,Chicago,IL,33194,US,2020-12-30,
3499,2723,business,436 Isabella Parks Apt. 585,,Houston,TX,71891,US,2012-01-10,
3500,2724,business,552 Hatfield Passage Suite 088,Apt 16,Stamford,CT,05779,US,2021-02-22,
3501,2725,business,4316 Schaefer Row,Apt 10,Charlotte,NC,72401,US,2019-05-20,
3502,2726,business,936 Jacqueline Expressway Suite 091,Suite 506,Chicago,IL,28920,US,2015-06-21,
3503,2727,business,9899 Richard Creek,,Houston,TX,03700,US,2010-08-04,
3504,2728,business,523 Wood Passage Suite 295,,Houston,TX,48346,US,2015-12-12,
3505,2729,business,4835 Norton Stravenue,Suite 453,Baltimore,MD,79776,US,2024-02-24,
3506,2730,business,590 Williams Crossroad,Apt 23,Baltimore,MD,07476,US,2012-05-08,
3507,2731,business,666 Olson Harbor Apt. 539,,Raleigh,NC,11806,US,2010-10-09,
3508,2732,business,67099 Stephanie Fords,,Miami,FL,83499,US,2025-08-09,
3509,2733,business,84014 Rojas Ridges,,Houston,TX,64105,US,2022-02-28,
3510,2734,business,3900 Calhoun Station,,Jersey City,NJ,55103,US,2020-01-12,
3511,2735,business,70994 Chapman Wells,,Cleveland,OH,61143,US,2015-06-18,
3512,2736,business,0258 Melanie Mountains Apt. 773,,Stamford,CT,21222,US,2024-01-12,
3513,2737,business,7879 Manuel Streets Suite 116,,Newark,NJ,87776,US,2026-04-08,
3514,2738,business,78281 Underwood Bridge,,Chicago,IL,34773,US,2011-11-13,
3515,2739,business,83078 Salazar Brooks,,New York,NY,66560,US,2019-01-29,
3516,2740,business,38447 Courtney Plaza,Apt 7,Detroit,MI,10128,US,2008-10-04,
3517,2741,business,3468 Jose Islands,Suite 696,Chicago,IL,39304,US,2009-04-13,
3518,2742,business,109 Hanson Parks,,New York,NY,73108,US,2018-09-06,
3519,2743,business,2936 Dixon Forks,Apt 5,Boston,MA,36475,US,2015-02-08,
3520,2744,business,94871 Caitlin Common Suite 807,,Columbus,OH,51915,US,2014-07-23,
3521,2745,business,9136 Brewer Falls Suite 985,,Raleigh,NC,50557,US,2019-01-05,
3522,2746,business,51531 Shelley Greens,,Brooklyn,NY,85309,US,2016-06-23,
3523,2747,business,846 Thomas Pass,,Jersey City,NJ,39988,US,2013-01-16,
3524,2748,business,35522 Heidi Drives Apt. 796,,Raleigh,NC,13516,US,2019-08-25,
3525,2749,business,354 Micheal Springs Suite 640,Suite 587,Miami,FL,97716,US,2020-11-26,
3526,2750,business,29822 Smith Gardens Suite 531,,Columbus,OH,17447,US,2012-12-09,
3527,2751,business,92118 William Way,,Atlanta,GA,84967,US,2018-12-25,
3528,2752,business,6107 Lacey Mountain,,Brooklyn,NY,86898,US,2009-05-17,
3529,2753,business,368 Mark Circles Suite 024,,Jersey City,NJ,85720,US,2026-05-22,
3530,2754,business,73220 Turner Heights,Apt 7,Chicago,IL,01727,US,2026-02-17,
3531,2755,business,8443 Cooley Valley,Apt 29,Richmond,VA,19603,US,2016-03-17,
3532,2756,business,87106 Jeffrey Trafficway,,Brooklyn,NY,80218,US,2025-01-20,
3533,2757,business,30961 Steven Fork Suite 857,Suite 326,Brooklyn,NY,79027,US,2016-09-10,
3534,2758,business,4915 Gilbert Estate Suite 185,Suite 380,Miami,FL,87296,US,2018-05-17,
3535,2759,business,48690 Michelle Drives,Apt 10,Detroit,MI,49899,US,2014-06-10,
3536,2760,business,6249 Jodi Dam,Apt 30,Brooklyn,NY,78125,US,2012-09-05,
3537,2761,business,8585 Jenkins Burgs Suite 057,Apt 28,Washington,DC,48149,US,2017-12-09,
3538,2762,business,8058 Brent Lights,,Cleveland,OH,71902,US,2019-03-16,
3539,2763,business,507 Carl Squares Suite 223,Suite 210,Stamford,CT,43009,US,2011-06-03,
3540,2764,business,049 Smith Row Apt. 509,,Tampa,FL,22405,US,2015-02-18,
3541,2765,business,0402 Rodriguez Way Apt. 010,Apt 7,Newark,NJ,07008,US,2011-09-21,
3542,2766,business,269 Christopher Run Apt. 646,,Miami,FL,50565,US,2011-01-14,
3543,2767,business,63575 Schwartz Trace Suite 524,Apt 3,Austin,TX,04486,US,2012-03-14,
3544,2768,business,27412 Walker Avenue Suite 892,,Tampa,FL,04343,US,2017-09-05,
3545,2769,business,12013 Julia Street,,Stamford,CT,79780,US,2017-10-12,
3546,2770,business,7021 Cunningham Unions,,Miami,FL,82603,US,2014-06-08,
3547,2771,business,82913 Kemp Tunnel Suite 118,,Newark,NJ,63887,US,2012-11-12,
3548,2772,business,7634 Kara Meadows Apt. 531,Apt 1,Raleigh,NC,56483,US,2014-11-04,
3549,2773,business,17027 Stein Extensions Apt. 788,,Dallas,TX,86361,US,2008-11-20,
3550,2774,business,1832 Brianna Flat Apt. 215,,Pittsburgh,PA,44621,US,2020-10-09,
3551,2775,business,870 Williams Causeway,,Miami,FL,29427,US,2026-06-02,
3552,2776,business,807 Heather Villages,Apt 19,New York,NY,38791,US,2019-08-31,
3553,2777,business,235 Brian Oval Apt. 049,,Columbus,OH,99257,US,2018-10-21,
3554,2778,business,54236 Caldwell Trafficway Suite 558,,Newark,NJ,35214,US,2019-01-09,
3555,2779,business,016 Tasha Mountains,Suite 123,Atlanta,GA,80082,US,2013-10-06,
3556,2780,business,15705 West Camp,,Charlotte,NC,13992,US,2022-08-07,
3557,2781,business,1084 Kristen Rapid Suite 967,,Tampa,FL,51860,US,2020-06-29,
3558,2782,business,161 Chapman Wall,Apt 16,Atlanta,GA,37059,US,2012-06-07,
3559,2783,business,53037 Lee Creek Suite 481,,Detroit,MI,94552,US,2023-05-28,
3560,2784,business,475 Johnson Rest Apt. 575,,Dallas,TX,36745,US,2011-01-17,
3561,2785,business,13286 Steele Shoals,,Dallas,TX,65740,US,2023-08-20,
3562,2786,business,094 Jones Motorway Apt. 171,,Cleveland,OH,45994,US,2021-04-02,
3563,2787,business,6521 Cline Drive Suite 895,Apt 14,Cleveland,OH,50425,US,2009-09-08,
3564,2788,business,47130 Martin Locks,Suite 652,Pittsburgh,PA,35601,US,2020-12-09,
3565,2789,business,8167 Alexandra Fort Suite 049,,Cleveland,OH,68322,US,2011-10-10,
3566,2790,business,3797 Gross Dam Suite 421,,Newark,NJ,60846,US,2018-06-23,
3567,2791,business,9511 Rodriguez Branch,,Tampa,FL,10805,US,2014-10-15,
3568,2792,business,837 James Grove,,Richmond,VA,65402,US,2015-12-08,
3569,2793,business,1607 Kathleen Prairie Suite 047,,Houston,TX,70179,US,2012-07-19,
3570,2794,business,44916 Timothy Field Apt. 275,Apt 11,Washington,DC,84658,US,2021-08-30,
3571,2795,business,36069 Lee Hills,,Chicago,IL,58620,US,2024-05-31,
3572,2796,business,9094 Jacqueline Land Suite 724,,Houston,TX,56241,US,2023-11-20,
3573,2797,business,961 Karen Well,,Raleigh,NC,89710,US,2015-10-14,
3574,2798,business,51717 Michelle Plaza Apt. 213,,Washington,DC,16218,US,2025-11-03,
3575,2799,business,0577 Phillip Grove Apt. 402,,Philadelphia,PA,24515,US,2011-04-30,
3576,2800,business,18318 Zamora Squares,,Chicago,IL,63613,US,2012-02-28,
3577,2801,business,14456 Wilkerson Corner,,Philadelphia,PA,41075,US,2015-08-24,
3578,2802,business,880 Barajas Ways Apt. 707,,Miami,FL,65057,US,2010-04-23,
3579,2803,business,7177 Zachary Canyon,,Jersey City,NJ,52903,US,2019-11-04,
3580,2804,business,3141 Emily Station Apt. 993,Suite 853,Dallas,TX,24914,US,2022-09-13,
3581,2805,business,09997 Jose Spring,,Boston,MA,24823,US,2018-07-09,
3582,2806,business,2884 Petersen Forest Apt. 604,Apt 7,Charlotte,NC,79007,US,2019-11-03,
3583,2807,business,580 Jennifer Mount Suite 998,Suite 812,Newark,NJ,49615,US,2016-01-14,
3584,2808,business,3452 Margaret Pine Suite 214,Suite 742,Columbus,OH,54330,US,2020-05-18,
3585,2809,business,5195 Morris Harbor,,Atlanta,GA,47334,US,2025-12-24,
3586,2810,business,00325 Bennett Orchard,,Miami,FL,04573,US,2009-09-08,
3587,2811,business,513 Dustin Prairie,Apt 19,Brooklyn,NY,05744,US,2011-10-04,
3588,2812,business,688 Jonathan Rapid Apt. 231,,Richmond,VA,59134,US,2022-12-31,
3589,2813,business,366 Freeman Passage,,Newark,NJ,27928,US,2014-07-28,
3590,2814,business,9130 Daniels Fork,,Boston,MA,13979,US,2020-09-07,
3591,2815,business,0087 James Extensions,,Brooklyn,NY,80727,US,2016-07-17,
3592,2816,business,085 Joseph Island,,Stamford,CT,44066,US,2024-01-30,
3593,2817,business,282 Trevino Ville Apt. 420,,Detroit,MI,86910,US,2016-01-12,
3594,2818,business,07423 Andrea Gardens,Suite 161,Baltimore,MD,12180,US,2013-11-15,
3595,2819,business,638 Michael Lane Suite 169,Apt 20,Miami,FL,79871,US,2021-01-18,
3596,2820,business,3424 Jones Junction Suite 135,Suite 324,Atlanta,GA,40920,US,2011-03-08,
3597,2821,business,197 Johnson Pass Suite 338,Suite 126,Charlotte,NC,09085,US,2011-12-05,
3598,2822,business,837 Michelle Circle Suite 516,Suite 509,Columbus,OH,48885,US,2010-07-24,
3599,2823,business,72242 James Hill,Suite 200,Raleigh,NC,34179,US,2016-05-19,
3600,2824,business,37488 Brown Junction Suite 800,,Pittsburgh,PA,47368,US,2015-03-23,
3601,2825,business,01861 Jackson Route,,Raleigh,NC,38070,US,2018-11-17,
3602,2826,business,553 Curtis Common,Apt 7,Philadelphia,PA,46035,US,2012-05-14,
3603,2827,business,7023 Natasha Trafficway,Suite 453,Detroit,MI,43841,US,2015-03-20,
3604,2828,business,41812 Jackie Squares,,Philadelphia,PA,49794,US,2011-09-04,
3605,2829,business,933 Alex Mission,,Raleigh,NC,82713,US,2014-03-29,
3606,2830,business,7580 Sarah Forks Apt. 779,,Hartford,CT,80529,US,2009-09-11,
3607,2831,business,7443 Amanda Mountain,,Boston,MA,91926,US,2011-08-30,
3608,2832,business,8872 Nicholas Rest Suite 238,Apt 27,Charlotte,NC,37391,US,2012-07-28,
3609,2833,business,29739 Willis Road,,Houston,TX,92543,US,2015-06-07,
3610,2834,business,1303 Carey Dam,,Dallas,TX,96742,US,2011-12-09,
3611,2835,business,846 Bauer Trafficway Suite 569,,Raleigh,NC,77987,US,2021-03-13,
3612,2836,business,99960 Hodge Extensions,,Baltimore,MD,08408,US,2008-01-01,
3613,2837,business,782 Jenkins Plains,,Atlanta,GA,13548,US,2008-10-03,
3614,2838,business,8878 Jones Ports Suite 747,,Boston,MA,60015,US,2017-03-21,
3615,2839,business,2475 Laura Loop,,Baltimore,MD,53708,US,2011-09-22,
3616,2840,business,57095 Parker Dam,Suite 592,Miami,FL,92952,US,2025-06-11,
3617,2841,business,838 Larsen Courts Suite 971,,Houston,TX,97840,US,2015-02-28,
3618,2842,business,367 Butler Mount,,Austin,TX,60379,US,2019-05-26,
3619,2843,business,037 Natalie Hollow,,Baltimore,MD,60579,US,2009-04-22,
3620,2844,business,555 King Extensions,,Austin,TX,19503,US,2025-08-16,
3621,2845,business,882 Hunter Well Apt. 202,Suite 569,Tampa,FL,61742,US,2015-05-20,
3622,2846,business,2866 Mcdonald Row Apt. 233,Suite 477,Columbus,OH,92928,US,2022-06-07,
3623,2847,business,277 Lawrence Via,Apt 11,Cleveland,OH,84170,US,2025-09-01,
3624,2848,business,56423 Victoria Lock Suite 219,,Miami,FL,57644,US,2013-04-17,
3625,2849,business,8248 Thomas Isle,,Detroit,MI,11956,US,2016-09-08,
3626,2850,business,8311 Wood Locks,,Detroit,MI,41097,US,2020-11-12,
3627,2851,business,228 Kevin Orchard Suite 323,,Chicago,IL,54537,US,2010-10-13,
3628,2852,business,01116 Maria Ferry,Apt 18,Dallas,TX,91084,US,2025-01-14,
3629,2853,business,997 Herman Lake,Apt 26,Pittsburgh,PA,33361,US,2019-10-07,
3630,2854,business,19430 Fuller Plains Suite 716,,Atlanta,GA,28488,US,2022-10-04,
3631,2855,business,40263 Hammond Plaza,,Cleveland,OH,71765,US,2019-10-15,
3632,2856,business,0834 Kim Causeway,,Stamford,CT,11631,US,2008-03-09,
3633,2857,business,8896 Timothy Fork Suite 707,,Columbus,OH,18759,US,2020-12-27,
3634,2858,business,0835 James Forest,Suite 270,Pittsburgh,PA,78273,US,2024-02-02,
3635,2859,business,30655 James Cove,,Stamford,CT,59294,US,2013-03-17,
3636,2860,business,3947 Thomas Fields,Suite 159,Dallas,TX,08754,US,2020-06-30,
3637,2861,business,60462 Crystal Bypass Suite 014,,Jersey City,NJ,18780,US,2012-04-23,
3638,2862,business,9914 Matthew Green Suite 161,,Pittsburgh,PA,63209,US,2012-07-02,
3639,2863,business,6683 Garcia Light Apt. 234,,Boston,MA,56501,US,2025-04-04,
3640,2864,business,695 Perkins Shore,,Houston,TX,55801,US,2013-03-30,
3641,2865,business,65675 Matthews Knoll Suite 209,,Brooklyn,NY,43374,US,2022-09-07,
3642,2866,business,5849 Paige Highway,,Jersey City,NJ,15341,US,2014-10-24,
3643,2867,business,154 Frank Points,,Columbus,OH,40056,US,2012-08-19,
3644,2868,business,728 Kevin Lock Suite 746,Apt 3,Hartford,CT,39157,US,2010-02-08,
3645,2869,business,6655 Joseph Points,Suite 748,Chicago,IL,47751,US,2010-08-25,
3646,2870,business,761 Kayla Tunnel Suite 414,,Newark,NJ,17151,US,2022-04-19,
3647,2871,business,85357 Harrington Meadow Apt. 066,Suite 742,Austin,TX,45217,US,2008-03-26,
3648,2872,business,257 Mcdonald Lights Suite 800,,Houston,TX,98855,US,2025-06-14,
3649,2873,business,11990 Mitchell Viaduct,,Charlotte,NC,56490,US,2013-01-29,
3650,2874,business,677 Kristin Pine,Apt 19,New York,NY,52477,US,2012-02-05,
3651,2875,business,300 Reed Extension,,Jersey City,NJ,77355,US,2014-09-01,
3652,2876,business,1271 Mitchell Shoals Apt. 883,Apt 13,New York,NY,40933,US,2023-12-02,
3653,2877,business,2334 Valencia Cliffs Suite 891,,Detroit,MI,64903,US,2020-07-01,
3654,2878,business,786 Angela Groves Suite 987,,Cleveland,OH,12355,US,2017-11-27,
3655,2879,business,516 Cassandra Squares,Apt 7,Hartford,CT,38085,US,2022-01-05,
3656,2880,business,67416 Wilson Freeway,,Jersey City,NJ,78269,US,2018-10-30,
3657,2881,business,2356 Wendy Courts Apt. 897,Suite 814,Charlotte,NC,25510,US,2015-11-06,
3658,2882,business,3457 Palmer Port,,Tampa,FL,74843,US,2018-09-04,
3659,2883,business,38333 Christopher Radial,,Pittsburgh,PA,59367,US,2020-11-10,
3660,2884,business,06671 Cynthia Square,,Atlanta,GA,64478,US,2015-10-11,
3661,2885,business,871 Zachary Trace Apt. 968,,Houston,TX,84315,US,2017-09-06,
3662,2886,business,23814 Kristen Unions Suite 909,Apt 5,Pittsburgh,PA,70649,US,2022-11-26,
3663,2887,business,727 Lewis Valley,,Cleveland,OH,75762,US,2011-06-23,
3664,2888,business,21079 Delgado Gardens,,Houston,TX,49870,US,2015-12-28,
3665,2889,business,2833 Amy Junction,,Cleveland,OH,42279,US,2025-09-04,
3666,2890,business,2415 Stephen Knolls,,Columbus,OH,21310,US,2009-03-12,
3667,2891,business,274 Jessica Drive,Suite 772,Raleigh,NC,78451,US,2017-01-30,
3668,2892,business,8807 Davis Crossroad,Suite 138,Philadelphia,PA,77378,US,2016-01-08,
3669,2893,business,587 Gibson Trace,Suite 169,Stamford,CT,35610,US,2021-08-19,
3670,2894,business,234 Fisher Forks Apt. 211,Apt 14,Philadelphia,PA,10319,US,2021-12-23,
3671,2895,business,1230 Ryan Inlet Apt. 021,,Pittsburgh,PA,99402,US,2024-12-31,
3672,2896,business,05968 Kimberly Wells Apt. 823,,Chicago,IL,29343,US,2014-08-17,
3673,2897,business,660 Curtis Plaza Suite 075,Suite 139,Atlanta,GA,51466,US,2012-10-11,
3674,2898,business,80255 Castillo Plaza,Suite 656,Stamford,CT,11828,US,2008-10-04,
3675,2899,business,624 Ronald Station Suite 497,,New York,NY,36603,US,2025-10-23,
3676,2900,business,963 Hopkins Ways Suite 060,Suite 772,Jersey City,NJ,96832,US,2013-07-15,
3677,2901,business,855 Fernando Parks,,Newark,NJ,89699,US,2018-02-12,
3678,2902,business,7445 Brian Roads Suite 984,,Pittsburgh,PA,45052,US,2022-09-28,
3679,2903,business,72029 Howard Junctions Suite 697,,Detroit,MI,23054,US,2022-05-24,
3680,2904,business,1737 John Dale Apt. 823,Apt 2,Atlanta,GA,71994,US,2018-06-02,
3681,2905,business,8084 Henry Road,Suite 119,Stamford,CT,50729,US,2023-08-31,
3682,2906,business,76882 Brown Streets Apt. 941,Apt 16,Charlotte,NC,22768,US,2011-12-29,
3683,2907,business,459 Webb Vista Apt. 112,,Atlanta,GA,14875,US,2010-08-22,
3684,2908,business,75046 Jenna Spring Apt. 471,Apt 27,Newark,NJ,37233,US,2022-03-08,
3685,2909,business,09898 Hannah Rest,Suite 653,Pittsburgh,PA,59981,US,2014-11-29,
3686,2910,business,007 Sarah Fords,,Jersey City,NJ,55264,US,2013-12-09,
3687,2911,business,9551 Shawn Isle,,Austin,TX,93668,US,2020-06-13,
3688,2912,business,10846 Scott Ports,,Stamford,CT,23816,US,2017-02-09,
3689,2913,business,81463 Webster Plains Apt. 805,Apt 24,Chicago,IL,83996,US,2013-03-30,
3690,2914,business,0306 Sullivan Junction Suite 751,,Washington,DC,73143,US,2016-02-07,
3691,2915,business,799 Gomez Centers Suite 495,Suite 784,Chicago,IL,22336,US,2018-07-11,
3692,2916,business,732 Mcguire Expressway,Suite 592,Boston,MA,74650,US,2020-05-12,
3693,2917,business,70571 Kimberly Fort,,Dallas,TX,22242,US,2013-04-11,
3694,2918,business,20573 Rodriguez Square,,Boston,MA,76103,US,2025-09-06,
3695,2919,business,5755 Chelsea Route,,Charlotte,NC,98677,US,2017-05-15,
3696,2920,business,4942 Tammy Divide,,Miami,FL,58839,US,2020-04-26,
3697,2921,business,8441 Brown Run,,Washington,DC,46669,US,2017-11-05,
3698,2922,business,91320 Mills Forest Suite 485,Suite 776,Brooklyn,NY,68039,US,2019-11-22,
3699,2923,business,3782 Brandon Lodge Suite 338,Suite 458,Jersey City,NJ,04749,US,2023-07-15,
3700,2924,business,4044 Timothy Cliff Apt. 837,,Washington,DC,74692,US,2026-06-16,
3701,2925,business,053 Nicole Creek,,Austin,TX,47139,US,2014-03-16,
3702,2926,business,960 Tiffany Bypass,,Pittsburgh,PA,49626,US,2012-06-02,
3703,2927,business,7817 Jasmine Crossroad Suite 571,Suite 883,Stamford,CT,10920,US,2009-02-09,
3704,2928,business,114 John Summit,,Atlanta,GA,99048,US,2023-02-12,
3705,2929,business,969 Jennifer Plaza Suite 001,,Houston,TX,60446,US,2011-06-28,
3706,2930,business,102 Crystal Keys,Suite 499,Columbus,OH,08408,US,2019-07-24,
3707,2931,business,595 Nicholson Pike,,Washington,DC,57386,US,2024-07-17,
3708,2932,business,42743 Miller Pine,Suite 129,Richmond,VA,35263,US,2023-09-28,
3709,2933,business,72577 Andrew Fort Suite 561,,Brooklyn,NY,88564,US,2016-08-30,
3710,2934,business,8918 Patricia Islands,,Stamford,CT,48005,US,2017-04-05,
3711,2935,business,8582 Sydney Radial,,Dallas,TX,92136,US,2020-09-06,
3712,2936,business,01801 Melanie Spring,,Brooklyn,NY,67627,US,2020-09-14,
3713,2937,business,27643 Daniel Falls Apt. 837,,Washington,DC,43244,US,2015-02-07,
3714,2938,business,716 Park Wells Suite 411,,Atlanta,GA,68100,US,2008-01-09,
3715,2939,business,573 Kenneth Drive,Apt 6,Atlanta,GA,25111,US,2008-06-28,
3716,2940,business,0731 Kristopher Stravenue,,Newark,NJ,21849,US,2013-01-16,
3717,2941,business,893 Evelyn Isle Apt. 462,,Houston,TX,90969,US,2023-01-12,
3718,2942,business,969 Romero Stream,,Washington,DC,21707,US,2024-05-30,
3719,2943,business,77534 Jonathan Village,Suite 300,Richmond,VA,80903,US,2010-10-07,
3720,2944,business,395 Smith Gateway,,Miami,FL,42790,US,2011-02-14,
3721,2945,business,76673 Kelly Bridge Suite 824,,Miami,FL,29259,US,2016-05-08,
3722,2946,business,17495 Alicia Mills Suite 798,Apt 4,Atlanta,GA,78403,US,2014-01-15,
3723,2947,business,198 Jessica Trail Apt. 507,Apt 11,Baltimore,MD,70688,US,2010-03-03,
3724,2948,business,1498 Andrea Inlet Suite 887,,Houston,TX,93073,US,2013-04-25,
3725,2949,business,4017 Kelley Centers Apt. 130,,Charlotte,NC,89981,US,2017-05-01,
3726,2950,business,5252 Melton Stravenue Suite 322,,Austin,TX,22401,US,2015-03-17,
3727,2951,business,53268 Perry Ranch Apt. 168,Apt 10,Austin,TX,91826,US,2012-08-15,
3728,2952,business,3954 Alvarez Isle Suite 682,,Washington,DC,43486,US,2008-10-10,
3729,2953,business,56761 Michael Haven,,Houston,TX,07795,US,2012-02-02,
3730,2954,business,369 David Path,Suite 141,Tampa,FL,82277,US,2024-06-28,
3731,2955,business,818 Jesse Mountains,,Chicago,IL,75450,US,2010-06-07,
3732,2956,business,0781 Mcmahon Meadow,,Atlanta,GA,88730,US,2015-11-14,
3733,2957,business,664 Ashley Motorway,,Columbus,OH,87345,US,2022-12-28,
3734,2958,business,9024 Callahan Lodge,,Detroit,MI,63048,US,2021-08-24,
3735,2959,business,84575 Lopez Mission,,Brooklyn,NY,07843,US,2012-06-03,
3736,2960,business,54316 Vazquez Avenue,,Boston,MA,35815,US,2015-04-20,
3737,2961,business,33137 Schmidt Mount,,Newark,NJ,66588,US,2010-11-11,
3738,2962,business,13955 Hall Centers Suite 416,Suite 521,Detroit,MI,86992,US,2015-09-15,
3739,2963,business,3583 Anderson Parkway,,New York,NY,08512,US,2013-08-26,
3740,2964,business,61958 Gonzalez Crossing,,Miami,FL,79460,US,2017-01-24,
3741,2965,business,8959 Barber Corners Suite 902,,Pittsburgh,PA,15868,US,2016-11-29,
3742,2966,business,4619 Roger Inlet,,Richmond,VA,39486,US,2010-03-13,
3743,2967,business,7673 Brandon Ridge,,Jersey City,NJ,14097,US,2024-06-11,
3744,2968,business,19036 Jennifer Isle Suite 384,Apt 13,Columbus,OH,33724,US,2025-09-27,
3745,2969,business,8076 Gutierrez Trafficway Apt. 965,Apt 25,New York,NY,40646,US,2020-07-13,
3746,2970,business,1005 Copeland Village Apt. 706,,Boston,MA,78752,US,2021-08-18,
3747,2971,business,8578 Johnson Corners,,Newark,NJ,45913,US,2020-05-16,
3748,2972,business,78028 Heather Street,Apt 3,Stamford,CT,29949,US,2010-12-24,
3749,2973,business,498 Williams Landing Suite 251,Suite 841,Boston,MA,70037,US,2009-03-28,
3750,2974,business,65287 Nancy Ridge,Apt 6,Brooklyn,NY,59277,US,2018-09-15,
3751,2975,business,13923 Richard Corner Suite 243,Suite 110,Jersey City,NJ,19819,US,2016-01-19,
3752,2976,business,57188 Renee Land Apt. 323,Apt 11,Newark,NJ,13935,US,2011-06-19,
3753,2977,business,56310 Joe Route Apt. 115,,Miami,FL,02512,US,2022-12-29,
3754,2978,business,55878 Jimenez Neck Apt. 634,Apt 11,Dallas,TX,35476,US,2026-04-28,
3755,2979,business,96926 Ashley Crossroad Apt. 793,Suite 526,Stamford,CT,05439,US,2022-10-20,
3756,2980,business,1975 Richard Glen Suite 858,Suite 458,Hartford,CT,75517,US,2014-04-09,
3757,2981,business,047 Martinez Meadows,,Hartford,CT,92094,US,2014-10-28,
3758,2982,business,641 Manuel Streets,,Chicago,IL,99365,US,2013-05-19,
3759,2983,business,74704 Murphy Course Suite 377,,Brooklyn,NY,83673,US,2017-05-19,
3760,2984,business,5325 Escobar Pike,,Miami,FL,65606,US,2015-02-26,
3761,2985,business,99145 Dominguez Curve,Apt 9,Miami,FL,19643,US,2024-02-27,
3762,2986,business,224 Tara Light Suite 673,,New York,NY,67067,US,2008-02-09,
3763,2987,business,7737 Kristin Shores Suite 384,,New York,NY,74091,US,2013-02-13,
3764,2988,business,44380 Jones Islands Suite 277,Apt 15,Austin,TX,68198,US,2020-03-29,
3765,2989,business,15271 Ramos Motorway Suite 662,,Washington,DC,91368,US,2021-03-04,
3766,2990,business,57897 Martinez Lane Apt. 968,Apt 7,Houston,TX,80796,US,2018-08-17,
3767,2991,business,26347 Sandra Harbor,,Columbus,OH,86793,US,2025-03-31,
3768,2992,business,5065 Justin Village,Suite 224,Philadelphia,PA,74602,US,2012-02-17,
3769,2993,business,1743 Katherine Square Apt. 400,Apt 19,Charlotte,NC,78169,US,2018-01-27,
3770,2994,business,36439 Cortez Coves,Apt 14,Dallas,TX,84186,US,2024-02-11,
3771,2995,business,552 Amanda Fall Apt. 766,Apt 30,Atlanta,GA,75852,US,2014-11-17,
3772,2996,business,20962 Spencer Station Suite 044,,Washington,DC,00990,US,2008-04-16,
3773,2997,business,581 Brown Brook,,Columbus,OH,71133,US,2012-05-09,
3774,2998,business,57179 Gibson Street Apt. 946,,Washington,DC,26705,US,2018-06-04,
3775,2999,business,4100 Dennis Fort Suite 492,,Boston,MA,08623,US,2010-11-18,
3776,3000,business,5406 Wolfe Vista Suite 768,,Chicago,IL,80281,US,2017-07-11,
