customer_id,customer_number,customer_type,first_name,last_name,date_of_birth,national_id_hash,legal_name,registration_no,email,phone,kyc_status,risk_rating,home_branch_id,created_at,updated_at
1,C7000001,individual,Mark,Hernandez,2001-08-31,342af7fbfda27cfdd0841cfa4d78a886b4a14c5a404541cd547ac9e943aa248f,,,mark.hernandez872@icloud.com,(228) 421-0205,verified,low,18,2021-06-11T14:45:46+00:00,2024-07-22T16:24:06+00:00
2,C7000002,individual,Thomas,Strickland,1974-03-02,fd2ced248a172b9284ad3059b88a56c7040f205b1ce1cb286aaf56b651b657b3,,,thomas.strickland508@outlook.com,(839) 084-7007,verified,low,5,2010-04-16T21:01:50+00:00,2019-06-13T08:09:09+00:00
3,C7000003,individual,Maria,Ross,1989-07-13,38194021fce0308395c68a3b1c38fff5b94e40b33f74c5d2c775bf790b6821bf,,,maria.ross962@outlook.com,(545) 271-1116,verified,low,16,2023-11-18T08:35:55+00:00,2026-09-21T13:08:56+00:00
4,C7000004,individual,Eric,Olson,1997-11-19,fda7a432b87dda04dc1c705c7e4a2535de71e411c04acb8417f3ec5b7081ee22,,,eric.olson865@icloud.com,(851) 493-6899,verified,low,21,2026-01-28T03:42:49+00:00,2026-08-15T09:21:58+00:00
5,C7000005,individual,Douglas,Sandoval,1942-09-01,23caabe90a4fd766a68c1dcbe304799aa7988fb59a9ffab8de31f02a707f8ac7,,,douglas.sandoval787@icloud.com,(018) 366-7525,verified,low,5,2026-04-21T12:46:11+00:00,2026-05-30T05:22:57+00:00
6,C7000006,individual,Catherine,Perry,1953-01-12,c47ab51aa71452d9cd5544a27aca7c25b6f6b9c5dc6911c08fe810a58ff5a75b,,,catherine.perry779@gmail.com,(561) 497-8403,verified,low,4,2010-10-31T00:39:03+00:00,2019-02-04T18:30:50+00:00
7,C7000007,individual,Gregory,James,1987-09-09,6109fd8e6a42afd67786af518ed181b041f6726a54f14b1d5ed89ea5a9546001,,,gregory.james441@gmail.com,(516) 060-7159,expired,low,2,2018-02-17T14:49:23+00:00,2020-11-01T02:23:52+00:00
8,C7000008,individual,Ryan,Morales,1943-04-24,b1c35f4cb42227e29de36cd2ce45a96947362a7183a8c4eff023d904b7d1fb83,,,ryan.morales399@icloud.com,(535) 218-1883,verified,low,24,2017-02-09T07:36:24+00:00,2022-07-31T10:53:40+00:00
9,C7000009,individual,Shane,Glass,1977-10-21,ce50134fb7224ab8a2caa22fe98f34654989b3be516dcac896613a1da48462b4,,,shane.glass362@outlook.com,(955) 271-7744,verified,low,23,2018-12-15T09:00:39+00:00,2019-03-05T06:29:45+00:00
10,C7000010,individual,Matthew,Klein,1973-07-20,770e6ce28b3905587fbebfb4d4c2250b8db9a3ab915c2992f5a0f8cb5e86eefa,,,matthew.klein87@gmail.com,(377) 889-2554,verified,medium,20,2012-08-03T08:18:41+00:00,2014-03-17T10:07:52+00:00
11,C7000011,individual,Donald,Bailey,2006-06-08,b1d705e2fe747a923c733d2a16577c5a7b4e4afaa179879326b68b367da2f9fa,,,donald.bailey585@icloud.com,(629) 148-6528,expired,low,13,2018-11-24T16:29:26+00:00,2019-08-31T02:28:34+00:00
12,C7000012,individual,James,Cooke,1948-09-23,9612673e81e50ff8d7caa9bdc0fe58d95e4433d19389f9988c44c07b54784346,,,james.cooke651@gmail.com,(188) 805-9296,verified,low,16,2014-09-25T18:33:28+00:00,2021-02-27T18:44:20+00:00
13,C7000013,individual,Patrick,Rose,2006-05-02,b1aee09855a5ca78f0054284ad6a66fcf512e51c0bd0c0e06534f7f2bc350477,,,patrick.rose487@icloud.com,(924) 075-8181,verified,low,18,2013-01-24T16:20:02+00:00,2023-12-08T08:12:15+00:00
14,C7000014,individual,Paul,Miller,1953-09-01,9d92ecda6cbf6a5e7ca321b66825b82048aa9e3cabd898ebd4183cc6cec0824b,,,paul.miller782@aol.com,(152) 204-7277,verified,low,23,2012-08-28T01:30:12+00:00,2012-12-01T15:52:44+00:00
15,C7000015,individual,Robert,Bauer,1970-03-08,f5af49abe07a8fee8b78aea610987c7dad4539882d07b770aec65d03d07cc536,,,robert.bauer958@aol.com,(798) 089-3246,verified,low,14,2022-12-29T11:30:41+00:00,2023-03-21T02:55:43+00:00
16,C7000016,individual,Stephanie,Stephens,1993-07-25,cc5fc3bcf0dc0f981a72dfcd49cf7fa72d4ed328a51245e8424b74c917fc968a,,,stephanie.stephens242@icloud.com,(067) 065-4051,verified,low,21,2019-12-22T17:00:37+00:00,2020-12-26T12:58:27+00:00
17,C7000017,individual,Raymond,Ochoa,1971-05-04,0d4c3afed3e5bec62b07510411d2fcb3e880ec1c4601a23a26374116188ddfc5,,,raymond.ochoa987@icloud.com,(345) 054-1566,verified,low,2,2020-03-17T04:49:02+00:00,2020-07-26T22:00:23+00:00
18,C7000018,individual,Amy,Morris,1943-05-31,05cccdf7608aa0e86534c8cd944c0867a2d1a225b6caf4dd54169374edf9a0fb,,,amy.morris535@aol.com,(479) 627-5705,verified,medium,4,2010-01-27T18:46:13+00:00,2025-08-02T14:09:32+00:00
19,C7000019,individual,Patrick,Bradley,1980-09-08,4b7f8fd5e0a447b42d45f5890cf964fed4caea3fe6289a45b74bfda698ed59e0,,,patrick.bradley180@yahoo.com,(557) 192-8565,verified,medium,4,2025-05-04T08:03:20+00:00,2025-12-12T22:44:01+00:00
20,C7000020,individual,Travis,Martinez,1998-04-12,84a7b3300216672c2b523bd1761bdc1c6aa8f84815329db3b6ad79f632f829e4,,,travis.martinez372@icloud.com,(715) 518-8442,verified,low,5,2025-11-08T15:28:35+00:00,2026-07-28T00:40:25+00:00
21,C7000021,individual,Bailey,Martinez,1960-03-27,b309c4f8ab6c6e6a8af819dee6462c12f0f5c30d047c02f15d76ac10a9e485d4,,,bailey.martinez398@gmail.com,(785) 289-2268,verified,medium,15,2017-11-30T08:17:21+00:00,2021-05-18T03:34:24+00:00
22,C7000022,individual,Justin,Miller,1951-08-31,508901e3b44ab9b68454965fac4933fd244b6804e7462e033b916d13c30d742a,,,justin.miller483@icloud.com,(424) 981-8299,verified,medium,16,2013-01-29T05:27:16+00:00,2017-08-14T17:31:38+00:00
23,C7000023,individual,Ashley,Montgomery,1939-11-17,6c8719b599caa82b9535111475eeaf7cf5d9eb9c0e57aa8d1410adf45c786733,,,ashley.montgomery781@gmail.com,(844) 736-4710,verified,low,1,2021-09-03T19:23:28+00:00,2022-08-08T19:40:38+00:00
24,C7000024,individual,Michael,Ross,1991-09-26,b1c525e6f461e2066a7cf5b7dc96dcb12ecb453926d61c43cc4a3ae7fd4ebfde,,,michael.ross782@yahoo.com,(153) 714-7321,expired,low,22,2017-07-27T19:07:47+00:00,2023-11-07T00:14:07+00:00
25,C7000025,individual,Tyrone,Robertson,1973-02-20,6f88e50c4cce3a7487b7860668f833c3537147c7bd11fd2dea71fd03f5f71aaa,,,tyrone.robertson377@yahoo.com,(016) 873-3950,verified,low,14,2022-10-26T19:25:04+00:00,2024-04-17T06:28:16+00:00
26,C7000026,individual,Kathryn,Diaz,1966-03-03,a0216ec62b7aa181b3ce5cabe455381c0b398096bf9820b2daefb664ff0c29f8,,,kathryn.diaz267@yahoo.com,(358) 416-8784,verified,low,21,2008-12-03T00:44:09+00:00,2015-06-22T13:23:44+00:00
27,C7000027,individual,Sarah,Flores,1965-08-17,d4ae1e01cfa09c6bcb808e76c000eae9e44de997f368ab35a6e4729a39e2fc73,,,sarah.flores295@icloud.com,(495) 888-7947,verified,low,9,2011-07-13T23:36:57+00:00,2018-01-31T16:47:30+00:00
28,C7000028,individual,Joseph,Rios,2006-09-29,1d8b6ec09f3bd3a85906535d517fa29f3fce08f1ab857a6a39df0a1324ed046b,,,joseph.rios930@yahoo.com,(309) 728-9623,verified,low,15,2026-02-03T09:18:14+00:00,2026-07-11T18:53:01+00:00
29,C7000029,individual,Nicholas,Frye,1970-05-13,ce80eaaf9f47a81c6b21fb5fb204f44452e569f3b31b9bff3f1a865affbf4be1,,,nicholas.frye341@yahoo.com,(854) 973-3484,verified,low,2,2009-05-09T14:04:36+00:00,2015-07-05T17:35:24+00:00
30,C7000030,individual,Erica,James,2007-04-27,4ec86253d2930a0fd3be9932c66dd363ddc86f5419fa73046c9eb3115f45564e,,,erica.james43@aol.com,(240) 415-7473,verified,low,19,2020-06-10T10:39:11+00:00,2021-07-05T08:39:27+00:00
31,C7000031,individual,Rebecca,Perez,1954-04-05,6359fb57471ca35a312a5015aacdb451c19af0a71e2fd2a95106c6da18756890,,,rebecca.perez766@outlook.com,(571) 208-2677,verified,medium,9,2008-10-25T23:28:04+00:00,2013-11-19T13:32:51+00:00
32,C7000032,individual,Nicole,Thompson,2003-01-08,7a9d00653d4a4cc4c5e6efb12ff255dc165419d9c0cd9d4562b3e735d0d3ed22,,,nicole.thompson652@icloud.com,(672) 400-4991,verified,low,23,2022-02-26T01:58:52+00:00,2022-11-01T05:57:46+00:00
33,C7000033,individual,Elizabeth,Lopez,1947-09-17,bd2765025f3067cf01f15ffe0495f0e772051fa0f062ae6189aa45d006437806,,,elizabeth.lopez888@yahoo.com,(304) 637-4549,verified,low,25,2016-12-28T19:13:01+00:00,2017-11-26T11:26:54+00:00
34,C7000034,individual,Jade,Collins,1946-01-23,135b96e81dc8d14ced4d7fe1cc757e7cfb80ed627688867d686f8377e3139fef,,,jade.collins253@icloud.com,(459) 332-7279,verified,low,3,2022-03-19T13:24:10+00:00,2026-03-21T05:18:41+00:00
35,C7000035,individual,Tracy,Nolan,1969-05-10,0a60649924f77ef27fdb3f3d117e9806960c96284038dc9f84e1c06303679ea5,,,tracy.nolan672@aol.com,(286) 790-8740,verified,medium,2,2019-01-05T18:18:29+00:00,2021-07-09T02:04:03+00:00
36,C7000036,individual,Kayla,Cannon,2007-03-11,1e5b82aef2553de5891a8c97966e4969e0c22d31640519241d8465b1a454aaa7,,,kayla.cannon409@outlook.com,(656) 766-1825,verified,low,3,2018-02-21T05:56:34+00:00,2026-06-05T06:47:01+00:00
37,C7000037,individual,Alexis,Harris,1944-11-21,087488ffe89e2c553b2d9df59948641f5a8308f47dddfe3ca72eb9b6b4b1e856,,,alexis.harris618@yahoo.com,(903) 067-3830,verified,low,23,2021-08-21T23:17:27+00:00,2022-02-16T12:52:28+00:00
38,C7000038,individual,Nancy,Odom,1974-09-26,c8420d30eedc29d1e9928a855ae8ff951d39d931f3fff1c675d3a77703bba38d,,,nancy.odom526@outlook.com,(408) 926-8705,verified,medium,2,2016-01-17T21:31:49+00:00,2023-04-09T16:11:35+00:00
39,C7000039,individual,Brian,Gutierrez,1967-04-20,48be938c0a2cbac9966eef50245558f722b9e80e5beb6ed321752571b43b0101,,,brian.gutierrez925@outlook.com,(634) 351-7518,expired,low,23,2013-07-26T15:53:45+00:00,2020-06-13T18:05:45+00:00
40,C7000040,individual,Robin,Dominguez,1987-09-11,e1fcb13598b4c46aaaab35321400199eed9572475fc691434ec5b1c2de323859,,,robin.dominguez738@aol.com,(385) 467-8544,verified,low,23,2015-11-16T15:56:56+00:00,2019-09-25T10:01:51+00:00
41,C7000041,individual,Dustin,Green,2004-02-05,335b4221721fe3a014d959831c78744884a99c2376b8141e84fde15ac703b346,,,dustin.green742@icloud.com,(642) 353-6937,verified,low,20,2024-04-01T15:12:31+00:00,2025-05-13T11:53:03+00:00
42,C7000042,individual,Sierra,Barnett,1991-12-30,a25f261c247aacdc3a64b99538d3331e45e85216d92e96022e7b9880c95844ba,,,sierra.barnett14@yahoo.com,(312) 038-7509,verified,low,4,2017-11-26T17:24:46+00:00,2021-12-18T10:32:57+00:00
43,C7000043,individual,Linda,Browning,1945-04-29,7224441bd6406b85f6f515d8c1cd1605535ec6464f25ceb66e47ff9c2b4f376a,,,linda.browning713@yahoo.com,(233) 984-5461,verified,low,1,2010-07-03T17:18:50+00:00,2013-11-24T10:31:02+00:00
44,C7000044,individual,Dana,Warner,1943-08-07,b6fd243c639baaa6cf206b8ef6b389631b209e86584bc16ea62a040d675f58d0,,,dana.warner757@icloud.com,(591) 803-3974,verified,medium,5,2015-10-27T02:56:11+00:00,2020-12-17T10:02:55+00:00
45,C7000045,individual,Lori,Hickman,1958-12-23,7181d3429e0a904fcc82d361a1b32ae7ccfffbf2f7e07dd1683efad259375e5e,,,lori.hickman593@aol.com,(968) 562-1850,verified,low,25,2026-02-26T03:02:15+00:00,2026-09-22T16:07:19+00:00
46,C7000046,individual,Eric,Dawson,1982-09-25,456aba5f7dae3a797d5d138df83a6d1aa458fcb77b6f3e50167658d4392d18e9,,,eric.dawson911@icloud.com,(551) 104-7541,verified,low,14,2009-03-05T23:11:50+00:00,2020-02-08T09:29:16+00:00
47,C7000047,individual,Kristen,Shields,1938-08-09,be0f280725dd5bb339906c58fe6989ceff1259e0511749b95592d5818bf00c2f,,,kristen.shields348@aol.com,(183) 982-6224,verified,low,23,2012-04-20T08:06:49+00:00,2022-08-14T09:23:25+00:00
48,C7000048,individual,Christina,Ellis,1947-05-07,97286fd9629da90102b987fca6982213919c4d7f18a21f1df5e5049c57d8ff6f,,,christina.ellis213@outlook.com,(659) 657-5692,verified,low,21,2022-10-28T08:12:07+00:00,2023-02-28T05:04:04+00:00
49,C7000049,individual,Phillip,Wilson,1977-10-05,180c827e9de67bdad16bccc2fdf358bdba0ce56f9d4279a5e1ff598018813209,,,phillip.wilson366@yahoo.com,(828) 073-7416,verified,low,9,2026-07-09T23:57:48+00:00,2026-09-12T08:26:50+00:00
50,C7000050,individual,Robert,Johnson,2006-06-27,b342ddaafbaea3e38bf407311445ea8f9e521e5a26e908ff82ff372ab5a659dc,,,robert.johnson274@yahoo.com,(891) 135-2909,verified,low,19,2022-07-19T16:14:43+00:00,2026-03-14T02:37:47+00:00
51,C7000051,individual,Michael,Cooper,1993-05-30,c614651662849ab8b244afe395c1e60cb798da311270807bdcb81b30a31ba581,,,michael.cooper933@outlook.com,(571) 775-1401,verified,low,7,2009-12-14T15:11:34+00:00,2014-11-08T05:58:45+00:00
52,C7000052,individual,Lauren,Soto,1950-12-17,c3d85e39a680d7db7ded505c22fd06c1924251c11555bbeaa463d187818c25ce,,,lauren.soto252@icloud.com,(609) 379-6603,verified,low,1,2016-02-20T18:20:33+00:00,2021-06-26T17:50:02+00:00
53,C7000053,individual,Christina,Cervantes,1987-11-08,e802a7348edf2e8e52e1561c58045cb8cd3481a1660d782cf2940e857d90023d,,,christina.cervantes371@gmail.com,(991) 251-3412,verified,low,23,2025-08-22T23:03:04+00:00,2026-06-23T20:59:41+00:00
54,C7000054,individual,Sarah,Thompson,1949-07-29,cc9ef98f134624b7c421e2060fff1ef3cf8d8c5164a0867dd3f3ef3c4544d7e8,,,sarah.thompson60@aol.com,(257) 905-0723,verified,medium,20,2020-03-27T09:25:28+00:00,2022-12-16T08:21:48+00:00
55,C7000055,individual,Kelly,Hill,1975-11-24,b8ea6f1531440f724c5cd542cfa9d17ca09802746f31e321aed5464dd8acedea,,,kelly.hill808@aol.com,(797) 881-9148,verified,low,21,2019-12-08T01:30:59+00:00,2024-09-02T08:34:39+00:00
56,C7000056,individual,Scott,Mcknight,1992-10-18,d7185d2f13e231da5f97d3f00b2a1c20755547adc9946d52bf95b0ea8d062813,,,scott.mcknight96@aol.com,(959) 629-2330,verified,low,7,2017-08-24T13:55:02+00:00,2022-05-19T11:36:11+00:00
57,C7000057,individual,Cody,Estes,1993-07-06,f8885cb3074362c911874a7cbbd3f7cc5c99eb28ed04857c2b39acc84caa4b27,,,cody.estes363@gmail.com,(422) 325-3672,verified,low,18,2023-08-07T12:28:38+00:00,2025-08-20T03:36:11+00:00
58,C7000058,individual,Stephanie,Murphy,1937-11-26,2a92a7b92b857c40f2dcc1717a1807822717b70a40df6aacdda47f20a656ab80,,,stephanie.murphy587@yahoo.com,(175) 186-3637,verified,low,24,2013-07-18T14:16:39+00:00,2020-05-24T09:58:36+00:00
59,C7000059,individual,David,Mathews,1969-01-21,e0362b5a9e479e94f34b0b05cb629a9be568fc212d3c8d72fa1c98ea77972521,,,david.mathews488@yahoo.com,(632) 424-1541,verified,low,5,2009-09-16T12:33:15+00:00,2015-12-29T19:35:55+00:00
60,C7000060,individual,Brittney,Stone,1969-04-29,5a45dcdfdc33d6c0c9ea8dc9da8514368ce36dbbe63ca12bb1c82ce6384c5480,,,brittney.stone148@aol.com,(516) 271-3611,verified,low,6,2021-07-24T17:22:18+00:00,2025-03-27T01:28:16+00:00
61,C7000061,individual,Chelsey,Martin,1962-08-30,218be517336498d5cebe2bf5b21ecc409772a986fc0ef88206443ec34325b4c8,,,chelsey.martin873@icloud.com,(269) 731-1219,expired,low,21,2014-11-05T09:04:22+00:00,2019-03-28T04:41:06+00:00
62,C7000062,individual,Peter,Lucas,1993-05-18,4749713222623e18bf580ff1e13d58e3fb98d22d54c00b2eef8cc27c940fc2ac,,,peter.lucas146@aol.com,(376) 137-9180,verified,low,5,2013-06-13T06:04:50+00:00,2025-11-20T11:29:52+00:00
63,C7000063,individual,Sandra,Fry,1965-12-25,1de05f8fbffc6ed01423f2c57fbb6dc750160450e12fb6a25f03e5d6924cc694,,,sandra.fry464@outlook.com,(866) 618-8924,verified,low,20,2015-09-27T23:36:39+00:00,2020-12-17T00:29:09+00:00
64,C7000064,individual,Holly,Blair,1997-10-29,44092947148a008b5a90a94d955a27e48fee91cef8ee5f13c6350afcd1facea4,,,holly.blair820@aol.com,(161) 799-0421,verified,low,3,2010-10-05T14:41:28+00:00,2017-04-20T06:18:07+00:00
65,C7000065,individual,Gary,Martinez,1993-03-09,3f4b88fef113c3caa80fd5be848739725c3509e37db6b24ac04cb29ba351a588,,,gary.martinez317@aol.com,(105) 648-1491,verified,low,24,2018-08-08T09:42:50+00:00,2023-11-01T04:49:22+00:00
66,C7000066,individual,Joy,Barnes,1960-07-29,0c2a409cf07f6e4e146fed218d2f27a5f779f8ee8518cd921640150c465be9b5,,,joy.barnes860@aol.com,(541) 951-8023,verified,low,24,2022-08-01T08:17:05+00:00,2025-12-04T15:27:40+00:00
67,C7000067,individual,Kristen,Stevenson,1954-12-13,6d63558078ff4483ffef9242676838ed5caeec2ea0327e57a23672f92419270b,,,kristen.stevenson555@yahoo.com,(738) 320-6038,verified,low,4,2012-10-07T02:14:52+00:00,2015-04-26T11:34:54+00:00
68,C7000068,individual,Teresa,Thomas,1957-08-05,f24cd6dfabf35caba9a8c02d9a485a638afbb156c5b1849cf11dcc588f3bec40,,,teresa.thomas423@outlook.com,(386) 571-9182,verified,low,5,2013-07-10T14:59:39+00:00,2025-12-15T03:31:54+00:00
69,C7000069,individual,Shannon,Ford,1998-04-03,e14ac02277579ef4cba89c61094f818d75cb766c9350502b7b932414f57b5577,,,shannon.ford417@gmail.com,(490) 352-1356,verified,low,19,2012-12-28T01:50:14+00:00,2018-08-03T09:22:42+00:00
70,C7000070,individual,Cody,Garcia,1994-02-01,9aba1914bced5ae5daa1179ce0500a7d2b208e345982bd60cd3c0adf5634719a,,,cody.garcia867@aol.com,(032) 365-1994,verified,low,3,2013-08-24T05:29:40+00:00,2026-04-22T13:37:17+00:00
71,C7000071,individual,Lorraine,Foster,1939-10-27,8fbb5aee6f57d2313bf349c1f6a95b73ad37e387bcb850e7ee5562a243cfa72a,,,lorraine.foster996@yahoo.com,(253) 244-7209,verified,low,22,2025-10-24T17:52:28+00:00,2026-08-31T17:22:43+00:00
72,C7000072,individual,Nicole,Fox,1982-07-06,73e73b7ecb65e5458ee72ea19ef15658e44ee7230b111e082a5041ffafa39622,,,nicole.fox92@icloud.com,(065) 787-5985,verified,low,10,2021-09-13T06:26:42+00:00,2025-11-15T17:40:10+00:00
73,C7000073,individual,Terri,Garcia,1984-05-13,ef06274b9eba232a737d305a419715dc89975419bb21080b8169220c87c43caa,,,terri.garcia350@yahoo.com,(039) 652-2395,verified,low,11,2013-01-22T07:10:29+00:00,2021-04-02T19:36:30+00:00
74,C7000074,individual,Gregory,Lang,1999-05-16,81e6927b009ec8c764b60b9e5daa067ed2359b3f177026623f9ea34a5ec9eee9,,,gregory.lang667@gmail.com,(292) 185-1569,verified,low,22,2017-12-22T03:35:54+00:00,2025-10-14T10:59:17+00:00
75,C7000075,individual,Anna,Preston,1981-04-20,c12469d9c4ec5636dfecf4fc54179f9441f7c54ba4d0956f63247ee43c433b58,,,anna.preston761@gmail.com,(926) 442-2096,verified,low,8,2025-05-09T09:33:02+00:00,2026-04-15T16:19:41+00:00
76,C7000076,individual,Toni,Jackson,2000-08-02,da409963d9ee0636885b0bf2a45a3f8e9aadf55ec36b8c6a159d1c32199fc723,,,toni.jackson8@yahoo.com,(570) 433-1541,verified,high,7,2024-10-06T12:23:35+00:00,2026-01-06T20:46:26+00:00
77,C7000077,individual,Nicholas,Dennis,1976-07-26,01a6ea6af25420513c2d80ab8f4e6ef06fdeb6904bd7248874359f44db1e28ed,,,nicholas.dennis877@yahoo.com,(159) 970-6296,verified,medium,20,2021-10-29T05:45:51+00:00,2025-05-25T16:52:16+00:00
78,C7000078,individual,Andrea,Henry,1941-08-06,9640d719acd2528712104c5b8b5d658b37914caa243e45b134a3fcf556af7e86,,,andrea.henry281@gmail.com,(149) 731-0324,verified,low,14,2023-10-29T15:08:31+00:00,2025-03-06T20:38:37+00:00
79,C7000079,individual,Nathan,James,1950-12-22,df58de9c667d9a551db30047e72ebe5383ae3f7b555033eea8049f7f393b0c27,,,nathan.james828@gmail.com,(774) 349-0211,verified,high,20,2011-08-10T11:55:49+00:00,2015-01-07T12:00:17+00:00
80,C7000080,individual,Raven,Klein,1973-05-17,debd47a96f626f1dd2993c73a8516350a0f940763e5e87f2f98c1dd037126125,,,raven.klein607@outlook.com,(992) 172-2332,verified,low,1,2008-07-07T16:45:53+00:00,2013-01-06T13:27:08+00:00
81,C7000081,individual,Andrea,Gates,1974-08-17,3e7c85d6265879a56e5317d4ca7556f92fb983801f6e02e325b7ecb066854688,,,andrea.gates998@gmail.com,(099) 861-6229,verified,medium,3,2019-08-04T14:39:58+00:00,2022-04-14T04:51:27+00:00
82,C7000082,individual,Gerald,Powell,1981-08-15,2ff5c3c5057c8b5daf335320ebb7110382c3b894ef345ae4a41daa3fd997de99,,,gerald.powell412@gmail.com,(606) 530-7450,verified,low,13,2018-05-14T04:14:53+00:00,2021-10-20T13:50:26+00:00
83,C7000083,individual,Jason,Holloway,1990-05-02,1b81e70f612fcb0be9c39efcb17ef5611f299bce53ba5a4925adaf5f4318c770,,,jason.holloway111@gmail.com,(508) 214-8628,verified,low,7,2016-06-01T02:23:33+00:00,2023-10-09T05:23:54+00:00
84,C7000084,individual,Steven,Sanders,2003-04-08,06a4f3389048bd2a46f6972a86d8f150559fda44fdd642dab32a42f675ae9943,,,steven.sanders62@yahoo.com,(357) 972-7985,verified,low,2,2011-06-12T16:50:06+00:00,2018-02-08T05:53:31+00:00
85,C7000085,individual,Michelle,Coffey,1986-03-01,d2f654b695aab3ab9ec3cf3ba8acc88b060650d7bc1bf0ef82cff99422c6d0d3,,,michelle.coffey601@yahoo.com,(229) 034-9446,expired,low,18,2013-05-24T12:04:11+00:00,2020-02-26T19:11:43+00:00
86,C7000086,individual,Mary,Hoffman,1979-11-20,8cc08ae7268818260ee66d996fee1f9f6f4dc740e2aeccc9e9b6197a4133157c,,,mary.hoffman194@icloud.com,(171) 545-4443,verified,low,11,2024-11-02T13:06:55+00:00,2026-09-10T09:56:25+00:00
87,C7000087,individual,Whitney,Green,1967-06-12,68d53e49475ddd044437dd65b39229f52d7980d2ae029e92728c512157680324,,,whitney.green229@yahoo.com,(099) 353-8758,verified,low,22,2017-03-11T10:48:56+00:00,2019-03-23T16:32:42+00:00
88,C7000088,individual,Robert,Eaton,1964-02-12,048f7fdc9215db557a12f6209e7e62611f50d495a034037ab1c20d78e5dbb8b6,,,robert.eaton298@icloud.com,(717) 099-9173,verified,low,5,2014-08-19T21:25:31+00:00,2021-09-18T20:37:09+00:00
89,C7000089,individual,Gregory,Walters,1938-01-23,a5f1f5633fda5d0d6f6a885657e9ee08ebdb972bc4f0b27491f899a8eea36943,,,gregory.walters864@outlook.com,(292) 712-9666,verified,medium,6,2012-07-23T04:16:22+00:00,2012-11-08T19:32:43+00:00
90,C7000090,individual,Jeremy,Wiley,1959-11-20,8bdbefa75ff10bf2c734a14f29b7c253d92a1ac152c4a481cb27c0d90b5c8ac5,,,jeremy.wiley903@icloud.com,(894) 210-4478,verified,medium,21,2020-04-01T08:26:52+00:00,2020-09-03T00:05:47+00:00
91,C7000091,individual,Andrew,Wagner,1946-06-21,4a967783c3027c39924a66470d34cab1a706a1105e146196a87815b208cba3fe,,,andrew.wagner194@aol.com,(064) 890-9010,verified,low,20,2025-01-26T06:17:19+00:00,2025-04-26T02:06:01+00:00
92,C7000092,individual,Gina,Smith,1967-08-11,f18d6960a949b03043d1045624542ce8ba1cc01a5ef03176319d1679b6424eaa,,,gina.smith770@aol.com,(849) 926-1891,verified,low,22,2011-02-07T12:36:06+00:00,2019-03-18T12:09:20+00:00
93,C7000093,individual,Haley,Castillo,1954-05-18,d7dc6cdf5003a8bec8040b4a85a23168898ad385984056f494cf1d3fc366c759,,,haley.castillo38@yahoo.com,(119) 721-8114,verified,low,22,2019-10-29T23:23:52+00:00,2021-03-24T12:22:52+00:00
94,C7000094,individual,Erica,Simmons,1945-12-15,14a9219b7faa297684c962752b99fe41bbfe55c792388c81ae3c3a1f9c5b44d7,,,erica.simmons598@gmail.com,(002) 255-7941,verified,low,8,2013-06-20T11:24:06+00:00,2021-09-14T05:09:09+00:00
95,C7000095,individual,Sherri,Moore,1967-04-07,07976e1c3befd33c2a83dd8c9ad20f4736d5a7a51652e51fe2c3978377d015ca,,,sherri.moore924@gmail.com,(972) 965-9027,verified,low,12,2012-05-01T18:15:50+00:00,2019-07-22T14:18:47+00:00
96,C7000096,individual,Eric,Allison,1998-03-18,2491da6001b4e6747334ba55f7703c33b8dbc496bc751e1dd46a19eeb48a3350,,,eric.allison310@outlook.com,(175) 354-0838,verified,low,9,2014-03-09T12:58:26+00:00,2021-10-05T05:14:38+00:00
97,C7000097,individual,Robert,Hawkins,1937-09-27,6b08c03de934a73e4f0cb4dc8ed27190412d4b08bc5d5181ff7e44a7931637df,,,robert.hawkins842@aol.com,(994) 883-7550,verified,low,13,2022-07-07T18:40:43+00:00,2022-07-26T01:36:59+00:00
98,C7000098,individual,Donna,Smith,1962-12-10,5f0995a5e262f21fb1ab7de4600a83d56c242b226b63eb6013b8fbaf501334a4,,,donna.smith321@yahoo.com,(488) 510-2726,verified,low,3,2021-05-23T09:28:54+00:00,2026-06-01T17:25:55+00:00
99,C7000099,individual,Robert,House,1997-03-10,eebee0824755b8fb1e92602ceefb5e7c439049efea0408cc48331f56ea9eb516,,,robert.house348@yahoo.com,(779) 827-0808,verified,low,12,2017-04-06T15:32:17+00:00,2023-10-02T19:11:38+00:00
100,C7000100,individual,Tiffany,Moon,1991-11-09,849f59d0e2777426ef9d4a885ce33e378ca133595c164599205bef1e9c7e141c,,,tiffany.moon588@icloud.com,(547) 226-9848,verified,high,21,2018-07-13T15:39:17+00:00,2020-03-15T21:10:21+00:00
101,C7000101,individual,Darrell,Bell,1971-11-01,558f39ab78ff46b126faea0382f62cc36bd802f814bf50a266b63fdb3beb9e61,,,darrell.bell618@icloud.com,(684) 608-1062,verified,low,24,2020-07-04T23:24:07+00:00,2021-09-29T21:09:04+00:00
102,C7000102,individual,Kristen,Harris,1976-02-25,e267878963fb015551c5c463f6201e230f72f0e0d5745ecda6cfcda3eb4ae3a1,,,kristen.harris401@yahoo.com,(719) 838-6384,verified,high,14,2011-03-09T06:14:32+00:00,2013-03-11T07:47:52+00:00
103,C7000103,individual,Molly,Greer,2002-06-11,93dfa5bd4850569707e54e175bbf295154f6b5589bd1a4bf72cde1f549e421e4,,,molly.greer470@outlook.com,(598) 933-4721,verified,low,23,2018-11-21T07:41:33+00:00,2026-08-28T08:32:08+00:00
104,C7000104,individual,Mark,Mckinney,1948-09-19,b6177d39f8a60628d22e215dc3316999bdc5903b241a18bff73a65e02aa79747,,,mark.mckinney401@aol.com,(590) 947-9851,verified,low,10,2014-06-05T17:06:48+00:00,2024-11-17T08:23:11+00:00
105,C7000105,individual,Elizabeth,Rivera,1958-07-28,32e3ba28733ba4f49005f2df98d5e7aea8161c7e53849276c10a38afcd135512,,,elizabeth.rivera907@yahoo.com,(987) 801-5739,verified,low,8,2015-04-18T08:13:05+00:00,2022-06-22T22:10:59+00:00
106,C7000106,individual,Tommy,Phillips,1983-12-27,225d63948dc91b800f87e0cbb2bf177a95a51a59734f2bdf2e2aee213574f482,,,tommy.phillips420@icloud.com,(112) 880-1336,verified,low,11,2009-06-02T03:11:06+00:00,2013-01-03T02:03:21+00:00
107,C7000107,individual,Sarah,Rodriguez,1993-08-06,83ca0704bfa7f65085f09bae86530cf34c2baacfedcefb71b8ba0363abae1f1c,,,sarah.rodriguez473@gmail.com,(147) 660-7283,verified,low,16,2014-01-23T12:53:30+00:00,2022-05-20T11:43:41+00:00
108,C7000108,individual,Alex,Baxter,1947-10-07,ded08f28f13f8a151ecedb5e21d05203a49e2991992c03ef37838b1141c48905,,,alex.baxter80@gmail.com,(996) 881-4353,verified,low,6,2010-04-20T12:07:00+00:00,2012-10-27T09:17:20+00:00
109,C7000109,individual,Melissa,Randolph,2008-04-28,f8e8b5a5838bc0b210b0deb6bfc82727f4c07f12526aa2c55ff213b756ae6fc9,,,melissa.randolph400@outlook.com,(814) 141-3975,verified,low,4,2019-11-18T15:39:37+00:00,2023-12-23T07:10:32+00:00
110,C7000110,individual,Steven,Howard,1959-06-01,7f8c34adefd7db10e89668e0f5c3c5ccc1acae0b8097477aea7d95cb4c509746,,,steven.howard172@yahoo.com,(291) 428-3411,verified,low,23,2012-02-02T05:51:52+00:00,2019-08-04T09:26:03+00:00
111,C7000111,individual,Yolanda,Kennedy,1992-10-07,71fdd3012323ab76003adf8ff03782c8c74de9470ec1aa9042d056065eb4b99c,,,yolanda.kennedy16@icloud.com,(394) 278-8165,verified,low,6,2011-12-18T06:58:20+00:00,2012-02-20T21:37:35+00:00
112,C7000112,individual,Tammy,Fitzgerald,1972-01-21,a5ff9fd2bf0faa416790d663ad7ae6d1cf09868f667dd14aaebc908dd621a715,,,tammy.fitzgerald730@aol.com,(373) 145-3038,verified,low,4,2022-03-24T06:43:58+00:00,2026-05-18T01:01:24+00:00
113,C7000113,individual,Michael,Valdez,1997-01-17,0150fb58f5655a7213e872257acea9c0a40128ed2e35b9556c599be7edaeaac2,,,michael.valdez344@gmail.com,(638) 655-7790,verified,low,3,2026-02-16T04:56:18+00:00,2026-06-24T03:14:53+00:00
114,C7000114,individual,David,Hall,1995-04-28,f53d3c814b52951b8db5e9dca10c5be3967a39517ecbf694211ae90dd2443f0f,,,david.hall141@outlook.com,(777) 392-6030,verified,low,2,2022-01-13T13:17:18+00:00,2022-12-25T15:57:17+00:00
115,C7000115,individual,Zachary,Sullivan,2006-07-18,08dd7513b04c68fb9b3b84ef2b7fa7978f37ec5b9cd36dd82099c3be5e2e5177,,,zachary.sullivan235@outlook.com,(413) 797-7236,verified,low,1,2020-01-05T06:34:59+00:00,2021-05-24T01:29:41+00:00
116,C7000116,individual,Cole,Alvarez,1981-05-17,80b8fbbed0a37a6f27472adcfceff8b0141ffbb264421b531d6efff8d5eabc25,,,cole.alvarez129@gmail.com,(881) 172-9806,rejected,low,7,2008-12-18T18:19:22+00:00,2018-09-18T04:41:58+00:00
117,C7000117,individual,Jesse,Trevino,1957-11-02,7c4f5dad197a96ad7086b539ba642992907e2289356585384db69834d5b21889,,,jesse.trevino311@outlook.com,(643) 009-8180,verified,low,8,2012-07-16T03:24:25+00:00,2026-04-08T15:19:49+00:00
118,C7000118,individual,Erin,Fischer,1967-01-25,33c87c2473fb28833464175ba98e035830ab2e95d36bbd67b09b3b86ec0acafa,,,erin.fischer840@icloud.com,(725) 887-4495,verified,low,5,2017-05-13T19:56:03+00:00,2020-12-07T22:05:01+00:00
119,C7000119,individual,Gabrielle,Williams,1965-05-09,21313fcb26d4a577a3e03aa2d36e4c46f0c548fbb856636a4b832824c4043f97,,,gabrielle.williams621@icloud.com,(127) 961-1435,verified,low,19,2013-09-01T14:03:59+00:00,2015-06-15T08:09:11+00:00
120,C7000120,individual,Danielle,Gonzales,1952-01-18,2ee10067372618d1b1e7138ab066b8288d8bc0c8ce413144b2d76553ada47ae6,,,danielle.gonzales383@icloud.com,(843) 098-8392,verified,low,25,2025-02-26T22:17:06+00:00,2026-03-01T05:09:48+00:00
121,C7000121,individual,April,Mclaughlin,1942-08-07,f648172c45dca9aba230879e15ab85addb20cff05114b04af4923580a88aa7e0,,,april.mclaughlin378@gmail.com,(489) 554-3937,verified,low,24,2017-06-12T01:10:00+00:00,2026-01-16T18:52:19+00:00
122,C7000122,individual,Nancy,Li,1978-07-18,3439b28996713a3ee3aa641e1ce1cdea71cbd0002036417b3cbd898b222d7df7,,,nancy.li13@gmail.com,(697) 357-7907,expired,low,6,2019-02-28T13:13:21+00:00,2024-01-14T05:30:50+00:00
123,C7000123,individual,Jose,Mitchell,1966-01-19,ffe044510d7ecc952d81b336e5302fee9ce601669ae571882c9287caf7c120e6,,,jose.mitchell675@icloud.com,(518) 275-5394,verified,low,19,2012-09-07T22:31:05+00:00,2022-12-28T12:03:35+00:00
124,C7000124,individual,John,Montgomery,1948-10-20,7aa811f5dc4693a874a12d8582ff79155177c90365d8ecd289b23dff28d15a68,,,john.montgomery408@outlook.com,(179) 080-7595,verified,low,25,2012-12-26T06:35:13+00:00,2015-04-20T09:36:19+00:00
125,C7000125,individual,Alexander,Clark,1978-12-24,68f1f4eff47b1b6db4a27d2debdd7d8fd5a0d4faa2c47f34e7cb6dab9c8111b4,,,alexander.clark515@gmail.com,(942) 843-4795,verified,low,6,2021-01-18T09:35:18+00:00,2025-09-02T23:26:26+00:00
126,C7000126,individual,Robert,Taylor,2001-02-24,0262eb5010c65b234828a25816272eaeb205b69bfeda1fd692a3d0a40d8a2d01,,,robert.taylor284@gmail.com,(857) 448-9061,verified,low,4,2009-06-24T07:29:47+00:00,2019-07-31T15:05:06+00:00
127,C7000127,individual,Maurice,Jenkins,1962-08-27,042693e9cbf0ddbdac23968f8883a22e55ffb4aa8e3c640d567602c1155ed2ad,,,maurice.jenkins533@outlook.com,(939) 982-4558,verified,medium,21,2017-09-06T04:55:00+00:00,2021-12-17T14:33:27+00:00
128,C7000128,individual,Christian,Cooper,1959-12-26,2a47b2015f4d8bb40cbe3db44c42daffeb022cdef1f6e70294c7af645530ddbf,,,christian.cooper4@icloud.com,(496) 475-9876,verified,medium,4,2026-01-28T19:33:58+00:00,2026-05-04T01:37:41+00:00
129,C7000129,individual,Amy,Johnson,1965-11-30,895d064cdb653e0e61a9d21494afa9f8bb267f89eefb8c49c94fef81f8196574,,,amy.johnson654@outlook.com,(114) 921-6433,verified,low,1,2017-07-17T23:13:37+00:00,2020-11-07T01:32:08+00:00
130,C7000130,individual,Michael,Green,1959-04-13,55c69d74623ec0255be634f90fea37f47a0117d98a3229cae1490243f01392de,,,michael.green804@aol.com,(254) 780-7740,verified,low,20,2021-03-12T20:19:54+00:00,2023-12-13T16:04:16+00:00
131,C7000131,individual,Derrick,Rodriguez,1970-01-21,1697d6c92f7ddd671911cc55968e3a9cf1142d63281151016bb837fca0d4f53c,,,derrick.rodriguez785@outlook.com,(973) 502-0802,verified,low,13,2010-12-20T19:01:40+00:00,2015-01-11T11:11:25+00:00
132,C7000132,individual,Kristi,Jimenez,1964-02-05,01528b87b1582e3968f90f978b2bd28378d59d7173dadee3654f2ad96f6f676d,,,kristi.jimenez67@outlook.com,(051) 204-6187,verified,low,21,2024-02-29T00:54:35+00:00,2026-01-01T03:57:25+00:00
133,C7000133,individual,Steven,Wise,1974-09-23,56b3f852cf51a3a75008a3090feb6fb424a9e2c82b20fa110ad569f41b1f9e34,,,steven.wise763@gmail.com,(764) 520-8814,verified,low,7,2014-04-22T09:50:47+00:00,2015-11-21T10:26:33+00:00
134,C7000134,individual,David,Mccormick,1938-05-12,18a810571fc238c79bec25c795e37864489a4f6e7723366385b31147dbe4a87f,,,david.mccormick957@yahoo.com,(792) 513-2719,verified,low,23,2013-12-03T23:35:34+00:00,2021-08-17T01:58:15+00:00
135,C7000135,individual,Katherine,Trujillo,1968-11-16,989974c4e18b20315f1e933fdd7c64b9d4829a1642dd3f6d0c9a9b172b216470,,,katherine.trujillo682@gmail.com,(652) 407-7848,verified,low,25,2010-09-25T01:40:19+00:00,2015-09-03T13:16:41+00:00
136,C7000136,individual,Lori,Lee,1986-03-28,ff39a0460c37924d3d6f57747e41a5cb8ce6aecc1a09936f5e1dd57f228926a5,,,lori.lee957@yahoo.com,(294) 565-1181,verified,low,25,2010-10-30T19:03:31+00:00,2011-08-31T23:57:36+00:00
137,C7000137,individual,Alicia,Miles,1955-11-25,9e9256e47939d3f77bd282951daf7931708c77a92905e9a86cd19bbd281d07fd,,,alicia.miles776@icloud.com,(910) 371-7058,verified,low,12,2014-04-03T06:24:02+00:00,2020-11-01T22:03:37+00:00
138,C7000138,individual,Paul,Lee,1984-05-13,3fd992dde4aabffb6d65d871e0bafd7239050684d70353e20d0258769558743a,,,paul.lee671@yahoo.com,(288) 619-5761,verified,low,15,2023-10-02T05:05:00+00:00,2025-01-24T09:22:28+00:00
139,C7000139,individual,Nathan,Duran,1968-04-19,1c2b73d1ede5fb9c964d691cdb5c05f0e44897e7072cd3ed1d38105a5a8a166e,,,nathan.duran862@yahoo.com,(939) 836-8457,expired,medium,23,2014-12-24T06:47:06+00:00,2016-02-09T09:13:29+00:00
140,C7000140,individual,Hannah,Hill,1977-01-14,c6ef98c641d30cb948a9069390c149a86eadaa953016cb0be46e05e0ed80f5b3,,,hannah.hill740@icloud.com,(921) 075-2245,expired,low,22,2018-12-31T06:23:44+00:00,2019-12-01T14:23:20+00:00
141,C7000141,individual,Margaret,Norris,1978-08-22,053746b60d11beeb82840b9437e5e50b0a7a38797fd5968fbd09884b5d424851,,,margaret.norris12@gmail.com,(940) 961-0556,verified,low,12,2013-02-06T05:06:07+00:00,2014-10-06T14:55:42+00:00
142,C7000142,individual,Philip,Griffin,1979-12-25,44e6ca5f7964d57bfda181a2442d76b2c55a24ad8d7920ca7a5e18bec08dc69e,,,philip.griffin661@icloud.com,(364) 622-5179,verified,low,16,2022-09-21T16:58:00+00:00,2023-03-23T19:46:04+00:00
143,C7000143,individual,Anita,Freeman,1984-01-14,d98dfb1af0561d7fde79e287d4d3f0d4993bdd24d382eef5bb1351103665448f,,,anita.freeman839@gmail.com,(983) 314-6591,verified,low,24,2017-08-13T23:03:11+00:00,2019-07-05T04:11:40+00:00
144,C7000144,individual,Katherine,Farrell,1945-09-15,27479e15d427251a01562b400cad38905d654a3814c4e884d0afed2570b07b9e,,,katherine.farrell872@gmail.com,(924) 051-4770,verified,low,9,2020-02-05T09:01:42+00:00,2020-12-03T09:05:06+00:00
145,C7000145,individual,Brian,Gonzalez,1987-03-08,0436fea24fe40e8e7c02a6bafcdb36dd929954b0a6891bf91967ab56ec9b4723,,,brian.gonzalez536@outlook.com,(701) 645-1046,verified,low,11,2010-08-04T19:38:52+00:00,2018-10-30T18:09:07+00:00
146,C7000146,individual,Bernard,Nielsen,1959-05-18,535ba5c1922e0ca5bfea36fd45133104402d9a6b0935a2442e244cd9f82a6560,,,bernard.nielsen747@aol.com,(205) 554-3840,verified,low,5,2012-01-02T14:10:26+00:00,2020-02-06T06:47:26+00:00
147,C7000147,individual,Jeremy,Allen,1948-07-28,afdaf3ede4882d86fb3cd2e035845cc84229e28aefa61c3c590eac170cd2313c,,,jeremy.allen276@yahoo.com,(957) 823-2983,verified,low,25,2017-12-07T01:44:01+00:00,2022-11-21T09:06:43+00:00
148,C7000148,individual,Lonnie,Hobbs,1989-05-08,c3daf9e8a889807a6c36f17135b33facb7d2652725566c96f77503f96da0b870,,,lonnie.hobbs68@outlook.com,(664) 742-3122,verified,low,14,2017-11-07T01:16:20+00:00,2021-01-26T05:58:50+00:00
149,C7000149,individual,Kimberly,Anderson,1997-10-20,24bd1c08ce0f117b87142ba9993da1e5ba270cc6b6a841a90c68caa1b44f3bdc,,,kimberly.anderson603@icloud.com,(526) 772-2330,verified,low,10,2011-04-04T16:50:00+00:00,2016-08-27T01:09:20+00:00
150,C7000150,individual,Jill,James,1959-12-11,cfeff51ae7894ff9d3cb6cf9b8f7870b5673d224771eb8ca88461511f46cad6b,,,jill.james565@aol.com,(998) 808-1770,verified,medium,19,2022-12-10T04:41:24+00:00,2024-06-18T22:23:39+00:00
151,C7000151,individual,Nicole,Ayala,1958-01-10,ed174f36a4088c1f5b715adca1da34b8e38092b0671fc5ceb4501843c0fb7407,,,nicole.ayala429@icloud.com,(490) 827-7181,verified,low,21,2021-02-10T18:59:32+00:00,2026-08-25T16:17:20+00:00
152,C7000152,individual,Paula,Khan,1944-02-17,3f22e66faea47db43d518927c6c912ff363bec4d40ddbcfbc2661b3221103ec3,,,paula.khan748@yahoo.com,(211) 175-1868,verified,medium,3,2023-09-01T07:30:22+00:00,2024-03-03T20:05:13+00:00
153,C7000153,individual,Adam,Cannon,1938-08-05,616ed0b87aae682570b170346d76ddae580a768606b13a322d6077b3875971f4,,,adam.cannon8@icloud.com,(780) 973-3977,verified,low,25,2015-07-08T01:00:05+00:00,2023-12-02T19:22:05+00:00
154,C7000154,individual,Melissa,Estrada,1997-03-24,94b5473be55b9f02d62c829e938af3ff18c304db8f26f932a297c88088f5437a,,,melissa.estrada860@yahoo.com,(101) 622-4999,verified,low,12,2024-10-01T17:11:58+00:00,2026-08-19T14:35:44+00:00
155,C7000155,individual,Calvin,Ruiz,1946-05-23,2c01ff1aea95f5d59916191ba2c00080b0898f03d9498a3c8aa11d90d02132a8,,,calvin.ruiz647@aol.com,(586) 833-9019,verified,low,25,2013-06-10T07:11:52+00:00,2025-09-14T12:00:20+00:00
156,C7000156,individual,Anna,Stone,1982-08-03,4ab4efa41cce9d07e235e5fad22843cce4958e4f85f67b7f86b9f1ec6e81479c,,,anna.stone359@yahoo.com,(293) 430-1071,verified,low,1,2014-02-02T07:05:48+00:00,2014-03-15T04:58:01+00:00
157,C7000157,individual,Hannah,King,1942-07-18,82b15b8fc31b4a723f22ed4cb12168e3edb3edb008282819e0f6b7efeb0d9e6b,,,hannah.king374@icloud.com,(850) 155-6990,verified,medium,10,2012-03-10T15:57:12+00:00,2019-12-27T16:05:31+00:00
158,C7000158,individual,Matthew,Bowers,1967-02-13,7f06e7151e921c05227bf48e3ffebf1eba5e81db0622d624f4fa54c44d01f920,,,matthew.bowers195@outlook.com,(849) 588-0395,verified,low,4,2024-05-17T19:28:17+00:00,2025-04-21T08:33:57+00:00
159,C7000159,individual,Joseph,Miller,1999-12-31,9a0e70ce92355b313a143464a6f9f60f1196d66b6c65d997f28257a13fd3d51c,,,joseph.miller770@icloud.com,(438) 421-5031,verified,low,11,2022-10-28T18:46:02+00:00,2026-06-05T22:37:26+00:00
160,C7000160,individual,Jenny,Stevens,1988-05-25,f50e3f67314514630e804111ecb554946fa7aa768fe0a367f0b4c5a0a223d814,,,jenny.stevens445@icloud.com,(040) 915-7018,verified,low,1,2015-12-18T19:58:39+00:00,2021-03-12T00:58:58+00:00
161,C7000161,individual,Susan,Castro,1944-12-29,0c02ce238ab0ddf9a5647cb554d31b2c81cbfcc15bf7329447b208d87d354c9e,,,susan.castro724@gmail.com,(854) 249-3214,verified,low,16,2020-05-08T01:22:16+00:00,2023-07-21T21:38:00+00:00
162,C7000162,individual,Caitlin,Watkins,1997-02-04,951b83a031b08321db68ec7e4ab6ddc268c0006a0ce72abd6565912bf57312e6,,,caitlin.watkins886@gmail.com,(954) 538-1792,verified,low,3,2015-11-26T01:42:27+00:00,2021-08-01T16:54:05+00:00
163,C7000163,individual,Douglas,Huang,1956-01-19,6e65271be3ac466ab06ae44eebc3351d96e0988c0f3b5a398a186ce1b9fe07af,,,douglas.huang966@outlook.com,(255) 770-1715,verified,low,9,2013-08-22T01:02:15+00:00,2016-11-14T12:16:56+00:00
164,C7000164,individual,Robert,Oliver,1976-08-18,293a644cded6b1196035ce2c8d899af7a05a0ada761d3b7562ff58ea7a9a7663,,,robert.oliver373@outlook.com,(615) 396-6958,verified,low,16,2015-12-27T05:51:17+00:00,2017-01-10T07:07:21+00:00
165,C7000165,individual,Dominic,Carpenter,1991-05-02,40f661e3c5935c7efca40d380241caf3a7de2a57306dee8b88904e222471c28f,,,dominic.carpenter134@aol.com,(227) 846-9973,verified,low,4,2011-11-22T22:12:39+00:00,2020-08-04T21:15:35+00:00
166,C7000166,individual,Christopher,Smith,2007-10-06,2faf006033fc824213783d44c4c00c91a70fb722c4ac24ac15884afe1a52a352,,,christopher.smith158@gmail.com,(240) 580-0851,verified,low,25,2026-05-05T21:27:25+00:00,2026-07-03T10:27:36+00:00
167,C7000167,individual,Michael,Butler,1958-03-17,29ed22147d33d87064a9e7162ab63eab3b6886458507b3545cc782531ebce002,,,michael.butler810@gmail.com,(220) 102-7621,verified,low,18,2016-12-12T16:41:38+00:00,2019-08-18T17:30:34+00:00
168,C7000168,individual,Paul,Perez,1967-11-20,cbd32b482cc50d2c97ac2ed1795d490173485f5ecebbb7672099bc1a02302d01,,,paul.perez799@icloud.com,(738) 468-9500,verified,low,19,2016-02-11T12:47:54+00:00,2018-12-29T22:30:01+00:00
169,C7000169,individual,Christopher,Kennedy,1990-05-22,bf315632f584a38fe9f65edc80002206e221014a59dc8583015459a83fc27887,,,christopher.kennedy176@yahoo.com,(189) 490-5807,verified,low,4,2013-06-29T09:10:18+00:00,2016-08-23T19:13:46+00:00
170,C7000170,individual,Donna,Wood,1950-03-07,07fb9dfde2749d5dbfd9bbf8bd9e6bdfa612bc071a7724cca2d654ce74768838,,,donna.wood86@aol.com,(372) 805-1292,expired,low,11,2019-09-23T06:18:51+00:00,2020-08-29T20:32:47+00:00
171,C7000171,individual,Kevin,Reese,1991-02-24,3041f3cd20d760d778575a5ec4aa933b7587a4970ec0636c179c1d550e0d8350,,,kevin.reese674@aol.com,(667) 428-6047,expired,low,19,2011-04-11T11:56:29+00:00,2022-10-19T03:47:28+00:00
172,C7000172,individual,Jonathan,Silva,1970-06-19,4630d36e9496085c00a36a2b6f7f15d9c69bd851443992c8e9c2b2462632d30e,,,jonathan.silva209@aol.com,(393) 852-5800,verified,low,9,2023-02-21T01:18:19+00:00,2026-03-21T04:05:21+00:00
173,C7000173,individual,Christopher,Mays,1984-05-06,4f19e467fe9fc697cbe2233224b5206345e777c82ffb2352c9673e73c5ea4435,,,christopher.mays503@yahoo.com,(911) 192-6921,verified,low,20,2023-02-12T14:21:39+00:00,2023-03-12T08:16:08+00:00
174,C7000174,individual,Fernando,Jones,1992-11-25,9ee1025fb0e529790df714d3d1a6e8430b930d069d9ee9d988931b72b713c539,,,fernando.jones769@gmail.com,(504) 427-1739,verified,low,25,2009-11-09T13:59:15+00:00,2016-03-25T18:45:56+00:00
175,C7000175,individual,Tracy,Graham,1997-08-27,c53bfeb451eb128702132cbbd25b593dd940d48e8c658ca3b901228434b451ea,,,tracy.graham492@aol.com,(183) 067-1985,verified,medium,5,2023-10-21T21:58:49+00:00,2026-03-09T23:36:23+00:00
176,C7000176,individual,Tammy,Guerrero,1958-12-12,d37b98e4f9f39bad6b70086aef60685b1df27a95a2998cc64c17ec3ff224f00b,,,tammy.guerrero908@icloud.com,(157) 173-2030,verified,low,18,2009-11-27T01:25:54+00:00,2025-04-01T05:52:51+00:00
177,C7000177,individual,Molly,Herrera,1990-05-05,80686a8ef25c8c1ac6d5167f0fc612619b39d26cb50f17ac1a4e31ba9c97309c,,,molly.herrera366@gmail.com,(102) 707-9032,verified,low,10,2026-05-13T11:59:35+00:00,2026-05-29T03:59:42+00:00
178,C7000178,individual,Christina,Brown,1952-02-12,664b521bae24aeedc3b0b3cf0a2ecef098e8bb2c1c85439d5b2ced4081acb59d,,,christina.brown640@outlook.com,(651) 982-5309,verified,low,10,2010-10-13T23:45:05+00:00,2012-06-10T02:51:05+00:00
179,C7000179,individual,Brandi,Anderson,1993-11-22,1d0319da40090d9dee20812e4da38f96929ba6c7e3add80674786b10087dbf13,,,brandi.anderson835@gmail.com,(620) 710-0219,verified,low,16,2015-03-29T08:37:07+00:00,2020-02-24T17:53:43+00:00
180,C7000180,individual,Alyssa,Davis,1963-06-04,3f8bec57de346de61162c432194fe5942de2be41570a106a82c3a487bb777586,,,alyssa.davis822@yahoo.com,(883) 734-0312,verified,low,5,2019-02-25T19:13:17+00:00,2023-04-25T07:32:09+00:00
181,C7000181,individual,Amanda,Moore,1939-10-16,26aa06f8d0a8b554d87f37aa6b72a7e0a6bdcd18e3d3de80e803dab278a5866e,,,amanda.moore372@aol.com,(137) 995-6353,rejected,low,1,2008-01-20T09:41:05+00:00,2010-07-19T13:38:46+00:00
182,C7000182,individual,Michael,Nelson,1961-07-29,de34977ba19024ea3cada98f92f7cf126a0b449318f0603150871be1bcf4e4cc,,,michael.nelson387@gmail.com,(904) 217-7625,verified,low,5,2010-03-04T16:28:27+00:00,2017-03-15T13:20:01+00:00
183,C7000183,individual,Timothy,Yates,1996-01-15,5293017f103a3e50a94341be71645f3e126049330d3b0d514d17aa8e728bdb39,,,timothy.yates144@aol.com,(318) 063-2543,verified,low,25,2010-10-10T14:03:16+00:00,2015-07-21T14:29:56+00:00
184,C7000184,individual,Kristy,Wood,1970-09-10,5a940733d8f2212d4e67d8402cf1d2eda45af51acba4f03eb11d04464cf99158,,,kristy.wood12@icloud.com,(165) 804-6498,verified,low,6,2019-03-14T06:07:34+00:00,2024-04-25T17:33:18+00:00
185,C7000185,individual,Michael,Harvey,1963-09-07,81cb74c7eb526c93fa5a00b62c7e7b4581e8d05961d048fc2f60df16bdb3422f,,,michael.harvey761@yahoo.com,(818) 325-3817,expired,low,5,2017-08-31T13:29:23+00:00,2018-03-04T20:57:14+00:00
186,C7000186,individual,Shaun,Mason,1996-08-16,b7777bf1472532f96dfcc88df57063c0c73129a25d68fa718c362a68370384a1,,,shaun.mason169@gmail.com,(884) 795-1371,verified,low,13,2020-02-05T18:41:17+00:00,2024-05-20T08:58:18+00:00
187,C7000187,individual,Mary,Stone,1961-07-29,72a024762a7024ed9776ec4021e6ae15029ecda873e644cd31822d4cb73fc139,,,mary.stone193@aol.com,(579) 887-7492,verified,low,10,2019-01-25T10:33:20+00:00,2026-03-08T19:43:34+00:00
188,C7000188,individual,Elizabeth,Spence,1948-03-25,6b03438f4d22dbdf380f68722e6a1c5e262a6d48ee90b0de331f094fc45f3622,,,elizabeth.spence200@outlook.com,(284) 106-7275,expired,low,18,2021-12-06T20:52:25+00:00,2025-05-30T13:16:59+00:00
189,C7000189,individual,Jessica,Nielsen,1961-10-10,af2a0bdd76b52b67dbe6b15abf80249d445d2731a6b00a329bd06da5edf81619,,,jessica.nielsen816@icloud.com,(702) 814-0693,verified,low,20,2022-12-19T17:40:45+00:00,2026-03-26T17:40:08+00:00
190,C7000190,individual,Nathan,Mitchell,1962-09-03,7518c3e32104cc69b5fa1fa00e29732caf2cf1098442c314742b5db25f1cda00,,,nathan.mitchell348@outlook.com,(813) 767-4266,verified,low,5,2025-03-29T15:18:57+00:00,2026-07-06T18:24:43+00:00
191,C7000191,individual,Susan,Avila,1944-01-03,fdfb69090b38aa8c19e8406a7c1d138a2b0f39c12f8e2c3bc8145ceccbf026b8,,,susan.avila561@gmail.com,(462) 879-2326,verified,low,10,2009-10-21T10:32:02+00:00,2017-07-02T08:23:43+00:00
192,C7000192,individual,Mary,Kennedy,1984-02-24,ca967be615c2abec1939b78e465b27a2313d498dd6639c11a3f4cd96a85548c1,,,mary.kennedy782@icloud.com,(627) 301-4719,verified,low,9,2012-10-12T06:45:26+00:00,2014-09-27T15:54:18+00:00
193,C7000193,individual,Brian,Flores,2000-02-02,cf45f0725cad6d68135bde108a8f5e17a5f290b73ab548efe9b053886cc88fe8,,,brian.flores383@gmail.com,(204) 565-0448,verified,low,11,2017-07-01T11:37:43+00:00,2022-03-02T16:59:37+00:00
194,C7000194,individual,Kevin,Jennings,1986-08-07,934d2bc9541f48bac3a711a637aba4f5f373f41d66caf9a17f260f4df3158c9e,,,kevin.jennings875@gmail.com,(952) 028-4576,verified,low,13,2013-05-21T18:32:03+00:00,2025-01-17T18:20:23+00:00
195,C7000195,individual,Timothy,Collins,1963-06-21,e17381fed59225ddd4c104e6bdec75612702e88dfa8b7e49c8385203a1df3ff6,,,timothy.collins205@icloud.com,(985) 240-1322,verified,low,14,2025-01-02T04:57:28+00:00,2025-07-20T16:09:55+00:00
196,C7000196,individual,Katherine,Williams,1945-05-20,2160c1d0d3dd1bc1a8f56d47f56165f183b615011e4add9e9370f670ab834b8e,,,katherine.williams616@icloud.com,(890) 714-0140,verified,low,2,2019-11-13T06:21:27+00:00,2025-05-31T03:14:07+00:00
197,C7000197,individual,Michael,Martin,1973-04-09,d7b2bb3e0a06e741ddd9f24700f34b7107e2d478fb60451a0a13d8b7ec9da5bf,,,michael.martin306@icloud.com,(389) 119-0833,verified,medium,3,2010-08-17T13:34:22+00:00,2019-01-28T10:08:01+00:00
198,C7000198,individual,Willie,Russell,1991-10-15,76b6c26d51b2b2bdfec6bca7030dfc35e12ee9ce71ca0a35b94ae3b91839b873,,,willie.russell549@yahoo.com,(718) 275-4801,verified,medium,16,2014-06-22T14:24:23+00:00,2019-10-29T07:53:12+00:00
199,C7000199,individual,Melissa,Jacobson,1994-09-13,fe1d7911cfff810cc68c920947165898c329bf811a175b617125312102ea5b35,,,melissa.jacobson512@outlook.com,(520) 716-7811,verified,low,5,2008-04-06T01:04:03+00:00,2026-03-04T09:34:39+00:00
200,C7000200,individual,Richard,Hall,1967-11-18,606a2a605bf28fa73bc1eca3100cce8ffae1b6724d4172109eea4e56c7193f9d,,,richard.hall560@yahoo.com,(994) 657-9678,verified,low,24,2021-10-27T10:33:40+00:00,2022-11-18T15:15:45+00:00
201,C7000201,individual,Patrick,Shelton,1948-07-27,be189371fd55213d3c8c2927bb116cfbbf07108ac35b6588a005e8f591c7dd69,,,patrick.shelton424@icloud.com,(118) 773-4778,verified,low,15,2020-12-17T09:02:59+00:00,2025-09-26T02:53:47+00:00
202,C7000202,individual,Barry,Thompson,1984-07-18,ffd510e8879c79c8c3e7887038eb148837d0417617a965b34678ce5b08e23719,,,barry.thompson706@icloud.com,(276) 246-7197,verified,low,23,2016-01-29T21:09:32+00:00,2023-07-22T07:33:51+00:00
203,C7000203,individual,David,Richardson,1995-03-17,5e56641ff368875eeb300d4299cd6a30fa9292907a84d20fc579855556510c85,,,david.richardson826@gmail.com,(561) 655-6503,verified,low,20,2009-11-05T23:35:33+00:00,2024-03-22T15:41:39+00:00
204,C7000204,individual,Michelle,Bradley,2001-09-23,26d05e8afecdd275397b06d7abb791f48082dfefeafbe3fc66c2b707442c5404,,,michelle.bradley804@icloud.com,(790) 569-6591,verified,low,24,2015-08-27T13:38:12+00:00,2019-10-20T17:49:27+00:00
205,C7000205,individual,Kenneth,Berry,1994-11-08,c8e4d6eaa27a408d74934686acd2e8f3ffef9bc9864d94bd01bd7450c06b8661,,,kenneth.berry861@aol.com,(191) 954-1987,verified,low,12,2008-08-09T04:58:14+00:00,2019-06-24T01:09:31+00:00
206,C7000206,individual,Amy,Ibarra,1982-04-21,4ffb2d012be2e549ce48995755553f540bf49587c4eca65e709198e05bea950d,,,amy.ibarra178@icloud.com,(297) 374-8969,verified,medium,25,2010-05-22T10:52:23+00:00,2018-11-03T06:19:38+00:00
207,C7000207,individual,Anthony,Robles,1959-10-11,9b5a87766f70d96c68720ee2dd252bf793cf046c7ceb933fb938e055be107a41,,,anthony.robles12@aol.com,(660) 324-2044,verified,low,14,2011-10-11T11:20:36+00:00,2021-01-06T13:05:21+00:00
208,C7000208,individual,Rachel,Russell,1963-07-13,d6913b1f3cd5759795889a861311176a43de71154cff8b8f4306b004a9da5f00,,,rachel.russell305@yahoo.com,(162) 319-8189,verified,low,8,2011-06-16T23:29:03+00:00,2015-03-15T17:41:17+00:00
209,C7000209,individual,Joshua,Ortiz,1998-12-29,df38d3f221cb7400b134ec0759bf7c930406b042c3caf0b95535b54a8279ebfa,,,joshua.ortiz110@yahoo.com,(851) 586-7342,verified,low,4,2010-01-21T00:09:11+00:00,2024-12-20T03:17:51+00:00
210,C7000210,individual,Thomas,Gutierrez,1997-06-13,273396d193175b2f7e9c3ebd1da7a627f5a80b4133eaad97aa9cb45dc0e9455b,,,thomas.gutierrez185@outlook.com,(124) 815-6985,verified,low,6,2019-09-29T03:29:46+00:00,2020-12-27T21:39:37+00:00
211,C7000211,individual,John,Reeves,1992-03-24,991b468db116b3b74687cebb83eae33953540e0e9dde2cca4b4593622c3d802a,,,john.reeves621@gmail.com,(296) 577-2429,verified,low,7,2021-09-30T06:54:02+00:00,2024-04-29T07:21:30+00:00
212,C7000212,individual,Christopher,Ford,1956-04-24,4cf6198eb2a4bac88a9407ec82a322d2e044718521a2da9fb8931c507df16acb,,,christopher.ford726@aol.com,(069) 694-2152,expired,low,12,2016-12-04T06:17:06+00:00,2021-07-03T02:20:50+00:00
213,C7000213,individual,David,Gates,1980-05-01,71586562b4522b4866254a48ea7e473dec4f8a9a3eaae7558d4b2ed55928fd17,,,david.gates320@yahoo.com,(436) 262-0443,verified,low,20,2025-10-29T20:50:55+00:00,2026-09-07T17:00:28+00:00
214,C7000214,individual,Angela,Williams,2003-11-01,40e5cfaaec1f418acc1def1a5ab76734827e8a90e007bab87afee4989e6aa9b5,,,angela.williams461@yahoo.com,(599) 004-8964,verified,medium,3,2014-12-06T17:05:59+00:00,2026-03-26T08:26:49+00:00
215,C7000215,individual,Alyssa,Thomas,1946-01-09,c241a4bbd14d9aac66b7aad0a8829d61d737a617a7265a101788d8294ac7eab5,,,alyssa.thomas75@yahoo.com,(274) 564-4948,verified,low,8,2015-12-16T22:46:02+00:00,2019-12-18T20:33:45+00:00
216,C7000216,individual,Clayton,Oneill,1950-07-21,08d7f4cbf6e5c2cd6f1890d7a2fe93e6ba9cdcc40f85c66081e7c4b5f85fcee5,,,clayton.oneill540@yahoo.com,(849) 939-0892,verified,low,7,2009-03-24T09:53:09+00:00,2014-02-03T13:09:45+00:00
217,C7000217,individual,Christopher,Rivas,1984-07-21,550bef9161ce89e7c934b3ddb1744fa10fc89a918e0016ebdcf23587895a1d46,,,christopher.rivas511@gmail.com,(490) 509-7592,verified,high,16,2011-09-03T11:28:44+00:00,2018-01-05T14:35:12+00:00
218,C7000218,individual,Raymond,Smith,1952-07-05,5ebe439fdeeacb083c42cd86935f87f5453f1fcf400a3168e2798585ac5d43a9,,,raymond.smith38@aol.com,(642) 147-6492,verified,medium,13,2024-11-23T19:46:40+00:00,2024-12-19T23:00:05+00:00
219,C7000219,individual,Deborah,Reeves,2003-10-22,7d403b20bbe6c320b61e34a5c2edb0c3ab7331d13c5b750072d73c4f77a3e9eb,,,deborah.reeves714@icloud.com,(814) 761-7422,verified,low,10,2017-02-25T03:38:46+00:00,2023-04-16T21:23:08+00:00
220,C7000220,individual,Lisa,Kelly,1979-04-21,7973ffd0a5ea2d10238fff7f16941569d1c4b21785b178ed0505117625275648,,,lisa.kelly924@outlook.com,(017) 226-0164,verified,low,25,2012-03-12T07:55:38+00:00,2020-01-03T10:41:20+00:00
221,C7000221,individual,Allen,Waller,1998-09-19,97aebc5b48fd0e8366ea1b73bf312fadc38363c954088b93989314dc51a348a3,,,allen.waller130@outlook.com,(236) 831-4727,verified,medium,4,2025-02-21T06:59:38+00:00,2026-05-02T23:38:24+00:00
222,C7000222,individual,Crystal,Marquez,2007-04-10,e49f9af3560eaba19427d60ae532ed2b8ce838a93c323f3d7ba18dd4e91f100e,,,crystal.marquez495@yahoo.com,(998) 407-6789,verified,low,25,2026-02-04T21:15:32+00:00,2026-07-31T02:29:43+00:00
223,C7000223,individual,Heidi,Smith,1958-03-05,ade3d79b1c286b383483c17e13d06fa4270c17f6f61ca3a4c720e07faff80f6f,,,heidi.smith108@outlook.com,(573) 839-5972,verified,low,16,2016-09-04T09:04:31+00:00,2022-08-11T21:23:30+00:00
224,C7000224,individual,David,Gonzalez,1980-09-25,874496a2b081c8c0f2c846a03882adee95e9f60eeb5b7372f3ba355e6739b840,,,david.gonzalez208@icloud.com,(674) 338-0054,verified,low,18,2026-01-27T04:30:35+00:00,2026-04-03T12:06:16+00:00
225,C7000225,individual,Victoria,Glover,1992-05-09,bc038036bc4bb1bb82be88300edf7835a8c3d23a516461c8f86c3288eb8b4a2c,,,victoria.glover544@icloud.com,(842) 891-0771,verified,low,23,2011-06-20T04:35:46+00:00,2013-04-09T16:54:08+00:00
226,C7000226,individual,Michael,Chandler,1988-01-03,e9c5d0adbb43b8b8e9a8abdede64dda5f9be9629ce6e4c1ea7ca6d9bae35a8bd,,,michael.chandler392@icloud.com,(712) 552-1376,verified,low,22,2013-01-19T10:14:20+00:00,2015-08-23T14:57:10+00:00
227,C7000227,individual,John,Mullins,1975-05-02,ca38a7dea47bb3cc48583e5ece0e71b147e35e41ad43f1de04e609fce0ad60d2,,,john.mullins917@gmail.com,(266) 678-5072,verified,low,2,2025-10-10T05:43:28+00:00,2026-01-01T05:49:28+00:00
228,C7000228,individual,Benjamin,Nielsen,1948-06-11,eaddaff98950e8b39f1ec0d92dcc1a94a82d1fe25f530279d6bbb306e3e5415e,,,benjamin.nielsen723@aol.com,(846) 684-5504,verified,low,10,2022-07-25T09:01:43+00:00,2022-07-30T02:24:16+00:00
229,C7000229,individual,Kevin,Johnson,1961-06-23,8e07ac7435b6ad8f0adf0af465d076f584c994f20ac453c60173a65775127f2d,,,kevin.johnson683@icloud.com,(288) 431-8848,verified,low,1,2024-09-05T02:45:04+00:00,2024-09-20T16:30:53+00:00
230,C7000230,individual,Courtney,Gomez,1941-02-11,0b8cca37c32738b952ff2077f03741b5a9a87d2ad763bdef548a0959f1009e4a,,,courtney.gomez697@outlook.com,(174) 907-5399,verified,low,20,2010-01-10T13:02:12+00:00,2018-10-19T08:01:18+00:00
231,C7000231,individual,Jason,Miller,1985-10-13,56056ff4e573eadbf653d38433ee8cc7510d49c0ebf1d2b5dfe88fdd644258de,,,jason.miller14@outlook.com,(886) 497-6776,verified,low,15,2020-04-18T06:36:59+00:00,2022-06-11T02:16:10+00:00
232,C7000232,individual,Angelica,Dorsey,1946-02-27,b57d6e462f1a04ab53ec80bf89b3f2da222c175cd685020f31d19aa4172e728c,,,angelica.dorsey32@yahoo.com,(115) 940-8215,verified,low,16,2020-03-21T21:56:09+00:00,2024-09-30T02:55:51+00:00
233,C7000233,individual,Aaron,Kelley,1942-07-11,0531c4b7f59dd9f4eac2b8c87a89b9f45b280536288141ac4b13510e5a42f036,,,aaron.kelley401@aol.com,(794) 975-6792,verified,low,11,2012-12-01T03:27:37+00:00,2026-08-23T07:53:19+00:00
234,C7000234,individual,Kyle,Brewer,1983-06-12,ddbbf72c1c62617c2bd5526176260fd80d7a66ed885824ae9c1d51187bc467a7,,,kyle.brewer950@yahoo.com,(989) 098-3780,expired,low,16,2013-05-06T12:37:06+00:00,2015-05-10T17:47:24+00:00
235,C7000235,individual,Christopher,Ferguson,1960-06-23,196137880848b33f703361dbd47c14e1e44c7bd53553488a3164d641ae607202,,,christopher.ferguson42@yahoo.com,(705) 626-0856,verified,low,15,2009-03-13T10:53:15+00:00,2019-08-05T13:09:10+00:00
236,C7000236,individual,Lucas,Tran,1942-05-17,a0b536fbd50af34f0292c275dd25ba2ec18d3d7b5bff379e25b9295802e19222,,,lucas.tran600@gmail.com,(304) 891-3824,verified,low,14,2010-08-23T16:50:19+00:00,2011-02-28T11:28:28+00:00
237,C7000237,individual,Susan,Oliver,1984-02-04,e097ba7285a5d2f801d64d62dd0c85d6d6c28314fa0a031609da695c3450c977,,,susan.oliver824@aol.com,(074) 946-5398,verified,low,11,2011-03-19T06:06:14+00:00,2023-02-14T07:03:54+00:00
238,C7000238,individual,Lucas,Fleming,1962-01-20,c6d7b22f4e1399eb6d2a0d2e2c5c2131dea60b972defa88aeaad3cec0d193d29,,,lucas.fleming99@yahoo.com,(743) 553-7950,verified,low,14,2014-12-20T06:56:47+00:00,2023-02-17T07:18:43+00:00
239,C7000239,individual,Jacqueline,Farmer,1975-12-08,49a10402db0a6653ba730d3b69a743d2801fc98c05a3107384c0d539df465df4,,,jacqueline.farmer91@yahoo.com,(180) 715-6956,verified,low,14,2024-11-30T00:28:16+00:00,2025-06-18T03:47:37+00:00
240,C7000240,individual,Juan,Morse,1963-02-18,53e1a1afc78ca474f18765074f1c4d9b727a51730ec9f64988f7f56e919d968f,,,juan.morse472@gmail.com,(943) 375-0479,verified,low,18,2016-07-30T05:00:51+00:00,2019-04-27T15:45:52+00:00
241,C7000241,individual,Victoria,Steele,1975-07-26,5fad3728a72a8e93e3359fa6a2c5c6fa796bdc17b4bc10d36db90435b4b229ce,,,victoria.steele529@yahoo.com,(870) 605-6641,verified,low,7,2021-09-14T11:46:07+00:00,2026-07-24T20:25:36+00:00
242,C7000242,individual,Lindsey,Mooney,1953-09-30,810547ff3c23fd07367e6af0a63bb8b2ed8ddac0d4deed86ca4d3051f119fce7,,,lindsey.mooney533@gmail.com,(133) 254-1107,verified,low,4,2008-01-01T05:48:08+00:00,2009-12-09T21:01:10+00:00
243,C7000243,individual,Cameron,Byrd,1977-06-08,d240bec58a7d88b27f5aa8627a0f7f8983dfd2d7ebf9f1224c5e2bb1ab27d2cd,,,cameron.byrd146@yahoo.com,(661) 963-9907,verified,low,6,2016-01-06T00:49:44+00:00,2023-12-17T01:12:22+00:00
244,C7000244,individual,Brooke,Jones,1993-10-10,a268c0f8f594247d411c6b9ffb4c5053248ce3c8dc2c744f1bb384af5df30814,,,brooke.jones29@outlook.com,(928) 456-7972,verified,low,5,2016-08-07T00:49:17+00:00,2022-04-24T22:53:27+00:00
245,C7000245,individual,John,Fuentes,1977-06-13,fef87848a8b0c1b9f365939f7378288039f3ce5046dfd0b2f05aedf90e2254ac,,,john.fuentes925@aol.com,(533) 315-3779,verified,low,12,2023-11-12T00:48:49+00:00,2024-01-16T16:14:46+00:00
246,C7000246,individual,Heather,Owens,1952-11-10,6c04543ae5dbc6fcd6877244fa6d7577b436d1d36f7cdc6aae46a155c904a37c,,,heather.owens185@aol.com,(563) 620-5015,verified,low,23,2014-12-24T01:24:50+00:00,2020-12-07T10:01:39+00:00
247,C7000247,individual,James,Thompson,2000-08-03,5522a450be65f5369a02612aedeede0687a5cb92e4d35bb3fe2ee91a3d62756f,,,james.thompson99@gmail.com,(583) 230-2410,verified,low,8,2008-07-18T20:42:33+00:00,2020-11-23T13:42:16+00:00
248,C7000248,individual,Tiffany,Cuevas,2000-04-29,7662a040170f8aa8201031284cbcfeede8dee7ddfdccfbba9a872a2888349bbd,,,tiffany.cuevas118@gmail.com,(112) 233-8655,verified,low,9,2025-02-04T11:37:11+00:00,2025-03-19T21:03:14+00:00
249,C7000249,individual,Melissa,Schmitt,2000-08-15,849a3bc532507960e4c596805af3f114a5744a6f30ea41dd4cbf4e125d0ee2cf,,,melissa.schmitt696@outlook.com,(179) 128-6857,verified,low,15,2011-09-14T04:50:59+00:00,2022-11-07T21:35:57+00:00
250,C7000250,individual,Kevin,Oneal,1978-04-18,4e7bbb581ffd8bb3521954ab33c170eee10cb706be95ab4b6aa6a41f61245abc,,,kevin.oneal793@icloud.com,(548) 121-4785,verified,low,12,2023-01-05T18:14:15+00:00,2026-03-23T02:37:33+00:00
251,C7000251,individual,Logan,Reyes,1950-06-23,4081faf3c61384d71f5861a67d48f24ebabff123abb6fc2d0d13d40c21234f92,,,logan.reyes821@gmail.com,(151) 488-8143,verified,low,5,2019-06-19T02:26:44+00:00,2024-01-03T08:00:36+00:00
252,C7000252,individual,Frances,Hill,1987-10-30,14e94a4b7dcc25913b35fd7c6a9a57f936959d5f12f22bf7704c99487587e892,,,frances.hill945@outlook.com,(840) 445-6690,verified,low,10,2008-06-01T14:42:06+00:00,2014-12-21T00:26:41+00:00
253,C7000253,individual,Jennifer,Murray,1993-12-14,6a787839ee43a71cf7ebc31cf3da7aa1d664c8fd0efbe95cce138b7f58f47bba,,,jennifer.murray597@icloud.com,(366) 377-8052,verified,medium,4,2019-06-20T05:25:33+00:00,2026-08-13T22:12:06+00:00
254,C7000254,individual,Audrey,Myers,1964-10-19,fa941a1aabb86adf39508e62cdfc08a12005642949a49baa749d7f9857683b6f,,,audrey.myers720@gmail.com,(186) 371-5974,verified,low,21,2009-05-08T14:43:32+00:00,2010-07-31T16:40:20+00:00
255,C7000255,individual,Jamie,Carter,1974-12-17,713769e9c3aecbc1be3dfdf034e72e77f9804fa1d52db17d93a2201068d59b70,,,jamie.carter442@icloud.com,(580) 256-6212,verified,low,12,2017-03-15T23:02:06+00:00,2025-04-18T14:36:27+00:00
256,C7000256,individual,John,Murphy,1978-02-21,e862a08f400a3a442cfefa7af260fdcaf6986f02bf78890c4a9b6d66cc8b1ce2,,,john.murphy441@icloud.com,(790) 147-5469,verified,low,5,2015-03-05T20:02:09+00:00,2016-07-05T11:38:23+00:00
257,C7000257,individual,Regina,Jenkins,1991-10-27,8dfe21eea33dd8dd1b8d8de69b295e7ff805e659a9bf99ed4df402be500f6623,,,regina.jenkins582@gmail.com,(511) 856-7243,verified,high,19,2021-11-08T09:50:59+00:00,2021-12-04T22:07:30+00:00
258,C7000258,individual,Danny,Stark,1960-12-13,d8eab3da950041469e8a5fa7f9d792bab0762c8ee6dce66611dfc2086577907a,,,danny.stark491@gmail.com,(771) 183-7274,verified,low,13,2026-07-02T01:28:10+00:00,2026-07-08T09:16:22+00:00
259,C7000259,individual,Erica,Hernandez,1963-02-25,183e25c09f6bcfca1537f8cc6e72f6a2a38db512b9739c1d12501050e2709361,,,erica.hernandez327@aol.com,(083) 708-1647,verified,low,9,2024-02-08T22:23:55+00:00,2024-03-31T14:32:19+00:00
260,C7000260,individual,Anthony,Smith,1995-12-26,6601abac9a41639fa918a39ccfa52ae52d825658ff93248b45ae8b57c3d8b0c9,,,anthony.smith37@yahoo.com,(131) 220-6815,verified,low,5,2011-11-27T21:50:59+00:00,2021-07-15T20:09:24+00:00
261,C7000261,individual,Carlos,Robinson,1959-02-19,11b487481987fc9ded4831c2352bfadd2e022b346872bea73884fe4201038e8b,,,carlos.robinson508@gmail.com,(189) 241-9562,verified,medium,13,2009-02-08T07:18:44+00:00,2015-11-19T19:58:11+00:00
262,C7000262,individual,Kenneth,Hernandez,1952-03-28,f0cf4b0ac221c818ed2df9ff95bfc1c9bb924f39c3ce1205b1100212922b5199,,,kenneth.hernandez445@icloud.com,(975) 245-0864,verified,low,21,2022-01-13T14:20:24+00:00,2026-05-23T11:44:57+00:00
263,C7000263,individual,Jeffrey,Salas,1974-10-02,39b2f1ec1673d3bfc236037d3a67f7d94d67dbc4d99c56ce7931aeb5c1a557e6,,,jeffrey.salas136@gmail.com,(017) 130-2321,rejected,low,8,2016-08-29T20:10:48+00:00,2023-07-14T02:19:49+00:00
264,C7000264,individual,Roger,Obrien,1959-04-01,c3307aca3662a46fb836fad6746990f56f05ee9d4b6e8606dccac41ff6b3a095,,,roger.obrien13@gmail.com,(347) 156-6277,verified,low,21,2022-07-03T00:37:23+00:00,2025-04-17T12:06:12+00:00
265,C7000265,individual,Jonathan,Ford,1969-12-07,275a5006032a7b6ee6be1d4a0ca2a05890143d9a724c704d39d0da8424fe1d70,,,jonathan.ford284@aol.com,(971) 527-3230,verified,low,3,2012-01-14T19:02:57+00:00,2026-01-15T06:57:08+00:00
266,C7000266,individual,Vanessa,Jones,2000-07-24,42e199e3639fe523b6d2bcd03455e87a879d641922de69e989918780bd42fb85,,,vanessa.jones701@aol.com,(169) 236-4587,verified,medium,6,2012-04-24T04:37:13+00:00,2020-09-02T03:11:31+00:00
267,C7000267,individual,Rodney,Gallegos,1955-09-06,6a1a8d19d61c890d5da3c1fb2d21148b135cda3bcba1bdeb8a2279ef4561694d,,,rodney.gallegos80@yahoo.com,(869) 461-1952,verified,low,18,2009-06-08T12:48:40+00:00,2019-04-19T14:08:11+00:00
268,C7000268,individual,Keith,Jordan,1950-04-02,17dd06033fb58cf793f8f4c0ee3a4a3af106875430390530986819379a79595b,,,keith.jordan384@icloud.com,(237) 281-7932,verified,medium,22,2014-03-17T20:29:25+00:00,2017-11-21T07:35:20+00:00
269,C7000269,individual,Kathleen,Frederick,1971-04-30,08c9738f7b706215a94cb9a4bbe5fcc5e2c7ad99ae40de06f945cab11930f987,,,kathleen.frederick154@icloud.com,(655) 553-5669,verified,low,25,2023-05-26T00:29:07+00:00,2025-07-23T08:49:40+00:00
270,C7000270,individual,Joshua,Lyons,1995-08-06,2ee9910a98ac57cf65d218cbc67e84db30dea5a95fb464b30b5465b072bb2207,,,joshua.lyons622@icloud.com,(978) 630-5050,verified,low,2,2023-09-17T05:14:54+00:00,2025-04-12T10:48:10+00:00
271,C7000271,individual,Jessica,Carter,1951-07-30,6b92f1c4be19bb19ec1e449cf6cf294f610c714337d4a81c8be1535eee412033,,,jessica.carter371@gmail.com,(898) 027-1487,verified,low,14,2020-11-05T02:31:21+00:00,2023-10-27T02:39:39+00:00
272,C7000272,individual,Victoria,Johnson,2003-09-08,47b4175dac249884ba26ef8415d6010ac3af01a951be9b40d1e5822cdc8285a6,,,victoria.johnson267@outlook.com,(643) 471-2871,verified,low,21,2020-06-29T16:36:03+00:00,2021-03-25T04:47:12+00:00
273,C7000273,individual,Matthew,Vargas,1951-02-01,cdcbf638bdfbfdc789b816016ced9e04205a06c1c51d95b14f9641b14547d1b9,,,matthew.vargas953@icloud.com,(952) 569-0409,verified,low,24,2015-10-05T02:17:16+00:00,2017-02-22T10:01:27+00:00
274,C7000274,individual,Maria,Clark,1989-09-30,ca06511f5694e2584182d04df71490e5b952c3692889b4ee6b2387176df8d5ff,,,maria.clark606@aol.com,(027) 642-0865,verified,low,11,2010-03-16T19:56:11+00:00,2026-08-18T11:31:05+00:00
275,C7000275,individual,Jason,Brock,1951-08-14,c30ccf5f237f9b552ec9e820ec26ee9809722241575ed1fde54b53091ac14e8d,,,jason.brock608@outlook.com,(591) 266-2015,verified,low,20,2009-07-21T06:06:59+00:00,2017-05-05T01:24:08+00:00
276,C7000276,individual,Caitlyn,Thompson,1990-08-21,a7bfb794e0dde4a79d64be2a0e91211ef0fdf081b61f162997e33779d8610c66,,,caitlyn.thompson521@icloud.com,(176) 475-0111,verified,low,20,2018-06-16T04:03:35+00:00,2021-08-19T07:47:46+00:00
277,C7000277,individual,Todd,Newman,1968-07-08,77e5097ac8827af4ba36879a4a1d06b0d3a4c8ef201053d34bfc0dc121919a1b,,,todd.newman450@yahoo.com,(151) 826-0688,verified,medium,16,2011-01-26T01:28:31+00:00,2015-08-02T19:38:00+00:00
278,C7000278,individual,Jamie,Martin,1977-08-31,512cedf7f80a67f391a4000768ee7294c264f7af73d481a5a2b09f16fe921e41,,,jamie.martin613@gmail.com,(011) 845-8260,verified,medium,1,2023-07-19T14:35:54+00:00,2025-04-06T11:52:13+00:00
279,C7000279,individual,Susan,Guzman,1953-01-24,9bc153f37c032e3da55aebf97613d9ebf237568536476d8633512c0c39f17fb3,,,susan.guzman456@icloud.com,(296) 184-4626,verified,low,4,2025-01-05T19:51:32+00:00,2025-03-01T02:54:55+00:00
280,C7000280,individual,Leslie,French,1964-08-19,537b576d8bc3eb478fe197eea0d6b1ce92e03928c5b043ec2b875d708c4c95bf,,,leslie.french526@gmail.com,(314) 181-8615,verified,low,25,2014-03-20T05:34:56+00:00,2018-02-25T19:13:59+00:00
281,C7000281,individual,Sara,Thompson,1989-06-09,b7e6ff9a3680deca654e887cd18ed4f29ba023627cb4cb223abe58724441f56a,,,sara.thompson690@yahoo.com,(718) 594-8491,verified,low,8,2012-07-22T20:03:46+00:00,2014-09-14T12:11:47+00:00
282,C7000282,individual,Eric,Martinez,1964-08-15,dc7b26945f190842501d9d75efc9776afebb2f2097f9a3483851baf667384c56,,,eric.martinez728@yahoo.com,(053) 967-2757,verified,low,7,2009-03-31T08:36:38+00:00,2021-04-09T18:55:56+00:00
283,C7000283,individual,Barbara,Miller,1958-01-08,bf4650f698c17034b64cac8db9fa2c89fe6e97fb984b4346b02dc2438a9fb479,,,barbara.miller816@icloud.com,(068) 277-8816,verified,low,16,2024-03-21T00:20:54+00:00,2025-07-31T16:55:38+00:00
284,C7000284,individual,Nicole,Rice,1980-12-24,53c39880a7bca9d0dccac2d7ca5e6e4238741b6c3f40fd26b659bdc72d7801e8,,,nicole.rice714@icloud.com,(283) 215-2850,verified,low,12,2025-09-22T06:08:48+00:00,2026-07-02T03:05:27+00:00
285,C7000285,individual,Crystal,Long,2003-04-07,5f694ece4635a15b7e9a7b699cfd6d6539935d0feec8a77fc926ade7d38d0f7c,,,crystal.long692@outlook.com,(807) 970-5097,verified,low,9,2009-02-15T15:18:49+00:00,2023-05-14T06:40:26+00:00
286,C7000286,individual,Robert,Gentry,1938-03-21,4b0f53babb36ade1c27fe9d27e991fbfa515c7af684c34573b4ada3529b45776,,,robert.gentry549@yahoo.com,(437) 654-5628,verified,low,6,2015-08-06T10:10:46+00:00,2016-10-27T21:45:54+00:00
287,C7000287,individual,Mark,Johnson,1985-01-10,e10d0bec89b91d96ae41880c37a4e16d17f0bc94c4b758b97e9f63b532f60e05,,,mark.johnson65@gmail.com,(416) 787-2568,verified,low,19,2024-11-27T18:53:49+00:00,2025-07-26T06:02:54+00:00
288,C7000288,individual,Keith,Tucker,1991-10-02,eeb04c36d67e06fa1f79efafe09bc843c8f16fd628b307f5c2913a784c6405be,,,keith.tucker774@aol.com,(282) 341-4363,verified,low,1,2025-06-03T21:26:29+00:00,2025-12-10T07:18:10+00:00
289,C7000289,individual,Sarah,Simmons,1981-06-30,0e4cb7cb9ff7540abecd72234a540bf69a73922c97055e0c7d2c4748f61e1eda,,,sarah.simmons135@outlook.com,(066) 843-3567,verified,medium,13,2023-01-25T23:33:51+00:00,2023-05-08T05:07:57+00:00
290,C7000290,individual,Patty,White,1937-10-06,c67019123bfafaca464ad6a98577c0800b9e66b6cbb684b8ca506128c2424b56,,,patty.white804@outlook.com,(534) 749-1624,verified,low,10,2011-08-08T07:16:38+00:00,2022-11-05T17:31:46+00:00
291,C7000291,individual,Nathan,Santos,1952-08-21,1e4f1f574842c560b4b39f78c1700f749847d22c2a0d014bf022c7c73cc9f743,,,nathan.santos292@aol.com,(129) 109-3371,verified,low,16,2025-12-02T19:41:27+00:00,2026-03-25T06:27:52+00:00
292,C7000292,individual,James,Pierce,1955-08-28,3b5a82b92e8fcba36246292bf399f6abbd13c34863a712bdb9e510a11d531edf,,,james.pierce659@outlook.com,(855) 716-1768,verified,low,4,2016-04-14T18:25:02+00:00,2024-09-27T04:00:59+00:00
293,C7000293,individual,Jeffery,Horton,2000-02-24,8fdecb46e72276f2fa228d395c1fa5d764dd526ecfaf79d822001018b0264b57,,,jeffery.horton319@outlook.com,(788) 443-4481,verified,low,14,2009-02-02T23:25:37+00:00,2009-09-26T03:09:19+00:00
294,C7000294,individual,Dawn,Wright,1996-03-10,da3a909a97426748e0d118e84e22ab8cf27b92881aaea98ece2107b4f26265a6,,,dawn.wright242@outlook.com,(059) 551-8426,verified,low,22,2018-02-10T15:15:27+00:00,2022-04-10T06:11:11+00:00
295,C7000295,individual,Mark,Harris,1982-06-11,b76d56d64e984527b8944d376dab69635efca1b35f43c178950d12e0c849d7f3,,,mark.harris891@gmail.com,(627) 365-2717,verified,low,15,2021-11-12T23:12:39+00:00,2023-12-05T20:26:09+00:00
296,C7000296,individual,Nicole,Roth,1986-07-13,08b2f15aa5540677eee586ef578d9cb93bdcf8bf98f99fb2b07e7f3b6c9b2cca,,,nicole.roth578@yahoo.com,(216) 376-1820,verified,low,12,2017-09-07T04:34:01+00:00,2022-06-01T07:46:47+00:00
297,C7000297,individual,Carol,Sparks,1938-05-24,02b0af2f2e4fd860e41a1f4d445d98035e86bf1e3803f33d3e183c6f723751c2,,,carol.sparks11@outlook.com,(851) 327-9724,verified,low,16,2011-01-16T21:25:28+00:00,2013-05-27T02:08:56+00:00
298,C7000298,individual,Jeremiah,Koch,1965-01-16,bb32c7a6a43c0465ed2582aa911fecd567073fcca3f80481921c1931c43510ff,,,jeremiah.koch354@gmail.com,(172) 131-4519,verified,medium,8,2009-03-28T01:06:53+00:00,2014-01-15T00:29:17+00:00
299,C7000299,individual,Dalton,Hendricks,1984-09-16,086f833d79c12d4a476b0365912cee2b9c90545c55ec2144fb105951a125a1c1,,,dalton.hendricks607@yahoo.com,(102) 252-6771,verified,low,3,2018-01-10T16:26:27+00:00,2019-11-29T08:39:25+00:00
300,C7000300,individual,Troy,Olson,2006-10-19,68da0ace59a8f07bade5598bba3e5d7f3d5c7cdd44ea26681db4580fdb5933d5,,,troy.olson222@gmail.com,(523) 668-7887,verified,medium,8,2011-11-18T00:09:15+00:00,2021-01-03T15:45:47+00:00
301,C7000301,individual,Andre,Grant,2005-09-19,3c3ef667cf301b70844fdcb17422babef6ee4c4d2a1c10370524a66882b84091,,,andre.grant247@aol.com,(055) 247-2863,verified,low,4,2014-01-23T09:28:47+00:00,2023-11-12T03:28:25+00:00
302,C7000302,individual,Bonnie,Woods,1979-11-24,06ea1e90f6ae09894db8129fca03e2b9b3b0d27930bf03c64243c4389eca6f38,,,bonnie.woods453@icloud.com,(252) 131-0962,verified,low,19,2021-03-08T19:46:14+00:00,2022-07-28T22:15:47+00:00
303,C7000303,individual,Eric,Ibarra,1940-01-03,3c227f4a7eb4fff15fa04242acd6455e5c23e85c07ab4726a91067599bdf280a,,,eric.ibarra392@outlook.com,(820) 667-8498,verified,low,7,2019-06-08T21:58:01+00:00,2024-11-19T19:40:35+00:00
304,C7000304,individual,Brian,Watson,1967-11-06,327dc12c1fce08e789fa61e7fcc9b9487715ff819fe4501a2e77e804a83a1b2d,,,brian.watson722@outlook.com,(115) 950-3428,verified,low,24,2019-11-23T03:12:04+00:00,2020-04-13T22:58:21+00:00
305,C7000305,individual,Peter,Kelly,1946-12-03,2908cd2891f5ae232cb093d47a98819057e4c39b6d88ec96c5a831d589c21f35,,,peter.kelly723@yahoo.com,(568) 182-0967,verified,medium,5,2008-07-14T05:25:51+00:00,2010-12-05T23:34:36+00:00
306,C7000306,individual,Kayla,Martin,2006-02-23,90786ee24ca0d9fc0139bba9d8fab9ae54ac0bbfce23548057f37ec0f09eedf5,,,kayla.martin920@yahoo.com,(985) 725-4596,verified,medium,11,2014-03-02T03:24:25+00:00,2021-07-15T10:35:52+00:00
307,C7000307,individual,Alexis,Miranda,1959-09-15,226333eba126ea9496a9bee62c2ecd4542264bca290ecfcde648ccac608ed52f,,,alexis.miranda455@gmail.com,(171) 752-4214,verified,low,6,2010-09-25T16:03:57+00:00,2013-11-29T05:16:48+00:00
308,C7000308,individual,Richard,Vincent,2002-11-05,ae468ab47618e2bbf333a1c7397d5bd1319ebd1d0a9c87b6fb70a8990f2a6a98,,,richard.vincent953@icloud.com,(589) 551-6874,verified,low,20,2018-07-13T12:47:31+00:00,2026-01-20T10:53:59+00:00
309,C7000309,individual,Samantha,Nielsen,1992-04-09,51d3a46c9ac8f91e1288d7a146e64c5f13db2b8cd5e4a53be4ba49f77457c4c4,,,samantha.nielsen766@yahoo.com,(515) 597-3714,verified,low,7,2013-09-14T16:28:17+00:00,2018-08-23T18:12:07+00:00
310,C7000310,individual,Andrew,Blake,1967-10-03,101e217136f12d9057e7a5a047ef69bf2c754245257b21087304c7d5e3e80678,,,andrew.blake502@outlook.com,(212) 146-1476,verified,low,3,2012-10-21T19:51:09+00:00,2017-08-30T10:39:23+00:00
311,C7000311,individual,James,Mcmahon,1971-12-03,52ebea09b7980cd6c1a3f29d956c5a05bcc74db3ac0d81fc1b5061b7184ed232,,,james.mcmahon831@outlook.com,(265) 960-8931,verified,low,22,2026-06-02T17:24:56+00:00,2026-08-20T04:35:34+00:00
312,C7000312,individual,Jose,Bowen,2007-11-22,6007e648334d375790416489d5fbbc650a2d071e288197a2e82535438f7924c2,,,jose.bowen191@icloud.com,(279) 103-3682,verified,low,22,2025-02-01T09:27:37+00:00,2026-01-18T14:17:00+00:00
313,C7000313,individual,Robert,Bell,1996-07-12,ca975169d58e7d2ee6ac3f5caa1a068d3bd3d56a5f7e18a9aa94cd00091c6479,,,robert.bell192@outlook.com,(512) 765-2892,verified,low,4,2014-03-16T00:05:00+00:00,2020-01-19T06:36:25+00:00
314,C7000314,individual,Andrea,Wilson,1998-07-12,3221e0fd7ee6095fa3732554e99552171faa8639b3fcf3343102de8b2dd62a54,,,andrea.wilson308@gmail.com,(576) 605-3844,verified,medium,13,2019-02-20T09:02:36+00:00,2025-10-18T04:19:10+00:00
315,C7000315,individual,Russell,Peters,1965-07-07,6c94964aca22c3742e60f8784c31762aeaa961fddef0b22ea56804a8cc34b3b4,,,russell.peters966@aol.com,(609) 626-2658,verified,low,24,2025-02-04T08:00:45+00:00,2026-09-06T10:54:36+00:00
316,C7000316,individual,Christian,Reyes,1990-06-08,3ad08ce12559351ea517fc9be61077f79054b260d037b8103d9cb5f8c1bb6606,,,christian.reyes905@yahoo.com,(752) 334-3836,verified,low,7,2016-07-15T04:17:36+00:00,2017-05-10T07:28:10+00:00
317,C7000317,individual,Patricia,Davis,1972-10-26,095339137d221cf2252137590a9384e28acedc3c6a613c9a2eae2117f69abf72,,,patricia.davis404@yahoo.com,(361) 706-1713,verified,medium,23,2014-05-22T16:47:00+00:00,2022-08-20T19:02:12+00:00
318,C7000318,individual,Adam,Boyd,1955-10-18,391c8fcb2fdc198b4f8b330f458474bde5aeb3a5bdc02cd05d73256cb17bf368,,,adam.boyd894@icloud.com,(908) 088-2351,verified,low,25,2024-08-23T14:29:57+00:00,2025-10-03T16:13:55+00:00
319,C7000319,individual,Kelly,Mcgee,1972-12-05,f4b4615f34fc0241bd1fc5f0f4a9fb68137d0f229891ccedd29b1624e98ec715,,,kelly.mcgee662@yahoo.com,(634) 234-6199,verified,low,3,2019-04-26T12:50:55+00:00,2020-09-16T05:56:25+00:00
320,C7000320,individual,Cynthia,Brown,1949-08-08,646882d789c24a8dcb20ad1dd524040fbf830e3b2ed0431203c4fab38bae62bc,,,cynthia.brown408@aol.com,(849) 649-8560,verified,low,6,2025-10-07T03:09:03+00:00,2026-03-19T04:48:00+00:00
321,C7000321,individual,Paul,Guzman,1975-03-01,5290cd777443da77200696a10d3d9274b7a70ee85d4458f1b204ea5f686c7b7a,,,paul.guzman265@gmail.com,(491) 966-5533,verified,low,14,2015-10-31T00:49:27+00:00,2024-07-28T12:45:38+00:00
322,C7000322,individual,Barbara,Mitchell,1983-06-06,5056c101c0657e190c7afce3ed7dab7a2980246f11eb6de6fee21aee8bae84a3,,,barbara.mitchell154@gmail.com,(074) 260-8805,verified,low,3,2022-01-29T13:33:35+00:00,2026-06-03T03:40:27+00:00
323,C7000323,individual,Cheryl,Long,1987-03-06,f7fead472d0d6a75cf1ef4df401a0ebed557a073ea724e7a33c9940300470022,,,cheryl.long379@outlook.com,(159) 103-0021,verified,low,23,2014-10-21T07:04:39+00:00,2022-11-07T14:53:11+00:00
324,C7000324,individual,Luis,Hernandez,1979-03-15,073fff5d01afce54107feb6b7462ee012975941a365b4d5b01e2e157b21cf67d,,,luis.hernandez545@icloud.com,(671) 883-9774,verified,low,2,2019-01-16T10:09:23+00:00,2019-09-09T07:07:10+00:00
325,C7000325,individual,Tony,Peterson,1995-07-10,0fbf70f427d0ca58afea63d981bf444534dd1a77d1fed1efcb190359ad32a322,,,tony.peterson654@gmail.com,(854) 728-1235,verified,low,25,2008-09-16T04:56:00+00:00,2026-05-16T00:21:59+00:00
326,C7000326,individual,Edward,Shaw,1973-10-16,03289a6bc15d79c459e6422e7e90089d4713adf3cca773ca907f45d92124e126,,,edward.shaw631@aol.com,(451) 066-3436,verified,low,10,2022-09-16T23:24:22+00:00,2025-11-24T06:54:43+00:00
327,C7000327,individual,Craig,Perez,1981-10-06,e00dabb21aadd1cd47f656d9904af80e0d7333ce0a2c06f2bd6e4662036081a8,,,craig.perez801@icloud.com,(661) 347-3235,verified,low,1,2013-01-20T00:56:58+00:00,2016-10-23T04:32:12+00:00
328,C7000328,individual,Martin,Gibson,2006-01-17,4223a6a62ed294a450591985432c3b211ef658ca7f53597b4b4280d4687746a7,,,martin.gibson847@icloud.com,(650) 241-2095,verified,low,21,2019-05-02T02:02:33+00:00,2024-01-10T11:20:41+00:00
329,C7000329,individual,Kimberly,Garcia,1994-10-21,4a9cf1fc197bd0dd68f5b8b1aa1b24338ae0e51a1778d4a1d306ce26159f9363,,,kimberly.garcia400@outlook.com,(758) 474-5705,verified,low,23,2011-11-27T00:21:49+00:00,2021-09-11T22:39:39+00:00
330,C7000330,individual,Danielle,Sheppard,2000-01-02,3f24dfcfcfc4cf9994523491e8fa3459e3414cd74dd2a9fc0586631b9c83c8ff,,,danielle.sheppard31@yahoo.com,(782) 455-6964,verified,low,15,2021-12-01T07:19:47+00:00,2022-09-20T04:27:34+00:00
331,C7000331,individual,Erin,Mills,1958-04-20,675bb1fd7ae14d27506cbae2f9c80bb469f214476cb22b02bc8b0dc3a4b7a23f,,,erin.mills585@outlook.com,(247) 414-0703,verified,low,4,2009-10-18T13:16:53+00:00,2012-06-28T10:16:35+00:00
332,C7000332,individual,Wayne,Mullen,1977-07-16,928abc78a59427f832bfcdbc5cfd10145aef7866f735e9d2866249886b0c8b55,,,wayne.mullen984@outlook.com,(423) 691-4307,verified,low,23,2019-09-06T23:11:21+00:00,2023-06-08T01:28:55+00:00
333,C7000333,individual,Robert,Gonzalez,1959-05-20,7aaf810667b44a0ae8706716c08e3198519d730ae2921e456555806819f7b229,,,robert.gonzalez930@gmail.com,(782) 661-2875,verified,low,23,2022-02-21T01:39:47+00:00,2025-02-18T21:24:29+00:00
334,C7000334,individual,Betty,Watson,1981-10-23,6c31949d7c5b45b8575239d203c786eb8d25cf1d353025d1bc66cb185fb29402,,,betty.watson171@aol.com,(406) 260-7870,verified,low,8,2025-07-10T23:03:21+00:00,2026-05-07T08:05:53+00:00
335,C7000335,individual,Melissa,Turner,1959-10-20,1b1842e63e91312f2d28c12aa7f23346ca0de591f9983068e3ec82ab66834fda,,,melissa.turner331@yahoo.com,(079) 311-0291,verified,low,7,2011-04-01T04:16:56+00:00,2025-02-03T02:28:00+00:00
336,C7000336,individual,Lori,Skinner,1976-07-18,ab4cb9cd30fa3e2e58d95c8f5b090807bc811b238e5dd04cf96ccd92d0a2cc98,,,lori.skinner894@yahoo.com,(791) 620-2232,verified,low,11,2019-11-21T03:18:08+00:00,2024-10-28T14:52:09+00:00
337,C7000337,individual,Debra,Sandoval,1969-04-14,4c9e5a0b387129f086f786b99a9bc0443f0230e0df1ebb4d95e9ad4ba70c975d,,,debra.sandoval62@outlook.com,(527) 740-2588,verified,low,25,2021-03-31T22:53:22+00:00,2025-10-14T07:58:31+00:00
338,C7000338,individual,William,Hopkins,1956-02-18,be76ceb77960f59f4c05a66fdd671be3ed6ddaaed7855a8c19194a57e3e9443d,,,william.hopkins348@yahoo.com,(995) 996-1002,verified,medium,23,2021-05-19T21:37:12+00:00,2025-08-19T19:11:54+00:00
339,C7000339,individual,Manuel,Hale,1964-07-16,46570b93c6b7a5b58491b40eb67d8d1522225cb89b1158e9adc9eaf64f19c8ff,,,manuel.hale582@outlook.com,(983) 347-7433,verified,low,9,2014-02-16T13:50:02+00:00,2023-09-20T15:35:29+00:00
340,C7000340,individual,Patricia,Ward,1966-09-12,2c09b6b0a82669272e6e70cb58d633329c919a16bbb7a6052899c06aa1c88e0d,,,patricia.ward451@outlook.com,(152) 873-3978,verified,low,24,2018-07-09T22:08:08+00:00,2025-02-16T01:32:59+00:00
341,C7000341,individual,Jerry,Guzman,1961-03-22,450e7b647761acbe3d94d29e3dd08e42958ead87b65fb51114cd9999a180d8c2,,,jerry.guzman892@aol.com,(446) 512-4189,verified,low,25,2012-10-22T06:45:07+00:00,2021-06-01T06:44:06+00:00
342,C7000342,individual,Sharon,Mercer,1984-02-09,e572c1b0687f87275377b5dba1a3ba07ab087219bc6ccd907423a0bcb2432910,,,sharon.mercer919@icloud.com,(643) 502-3850,verified,low,16,2024-02-21T04:42:05+00:00,2026-08-03T18:11:41+00:00
343,C7000343,individual,Paige,Mendoza,1946-12-02,81481e3476069018152e144659ad9c0f02bf5edbfb2dde9111441e0d826c88ce,,,paige.mendoza920@yahoo.com,(107) 835-6743,verified,low,18,2023-07-27T15:29:06+00:00,2024-09-18T21:55:53+00:00
344,C7000344,individual,Christopher,Smith,1967-01-21,d2e76b8e4b1822d4f019a9a47bed8e8f61d6a60be7ef9856bbf371b49a719b6a,,,christopher.smith879@yahoo.com,(890) 030-1027,verified,low,22,2022-10-11T12:24:26+00:00,2025-08-11T05:40:11+00:00
345,C7000345,individual,Diane,Jones,2004-05-08,5980ab16063851804402e23b9404a1b1617c8461596e8b563bbfc7839d8806db,,,diane.jones489@icloud.com,(537) 458-4384,verified,low,20,2011-11-07T08:18:10+00:00,2024-12-18T18:23:32+00:00
346,C7000346,individual,Patrick,Smith,1964-11-21,16db15cb2a17bf7b02b9455f52caecdd1bcf81bff7ef8b7b3c7b8fbe7dc3cf86,,,patrick.smith738@icloud.com,(336) 268-0408,verified,low,4,2018-10-13T04:49:00+00:00,2020-04-30T10:38:18+00:00
347,C7000347,individual,Erica,Garrison,2004-04-28,a9bd95e545eb1638f2e16f81655542a6322b23643e069483fc379006e3cbe300,,,erica.garrison271@aol.com,(998) 426-7320,expired,low,10,2017-07-13T03:15:15+00:00,2020-01-23T18:10:40+00:00
348,C7000348,individual,Lisa,Franklin,1946-07-21,0a92ad986791915fb5a53635b49c0bc332371c5bf9ece03289567ffb4adff947,,,lisa.franklin779@icloud.com,(542) 770-7070,verified,low,3,2016-09-20T07:52:06+00:00,2017-08-31T22:20:36+00:00
349,C7000349,individual,Misty,Martinez,1982-06-25,f52517e7bc4015dc2bdac9fefa05cf5821de0e192d7e8837f0406a71cdaba361,,,misty.martinez308@aol.com,(903) 102-8795,verified,low,23,2022-03-16T16:00:20+00:00,2025-03-30T02:13:15+00:00
350,C7000350,individual,Jimmy,Rodriguez,1973-09-20,0e3375c86d2318cdbe90e33d8b4b60fbf00eabce1f9a77fe2510fdc833e315ce,,,jimmy.rodriguez380@yahoo.com,(133) 595-6164,verified,low,10,2012-03-28T11:00:37+00:00,2022-10-07T18:45:59+00:00
351,C7000351,individual,Kelly,Hernandez,1979-09-15,01d118e021ad0a44e21258c3c0e317ed7a6b69bc56fe944b92f502df760ffba8,,,kelly.hernandez786@outlook.com,(358) 895-3690,verified,low,15,2014-07-21T22:52:15+00:00,2023-02-16T09:19:55+00:00
352,C7000352,individual,Donna,Meyer,1960-03-25,be75995426287d1f776cb520994dd3bc72113b1e7ca1e8e1d8837c2265161119,,,donna.meyer633@aol.com,(943) 535-3751,verified,low,7,2018-05-19T00:17:35+00:00,2020-08-31T06:54:31+00:00
353,C7000353,individual,Jorge,Mitchell,1960-01-04,1fef9f6f67bf3acc3ce4bee715219d296764509d469c86c03b46e6617eb30c4a,,,jorge.mitchell283@aol.com,(682) 973-2702,verified,low,11,2009-02-05T13:47:50+00:00,2025-05-19T00:40:27+00:00
354,C7000354,individual,Joanne,Kelly,1969-08-07,dbcfe6ec4fb12d443b0d7d78281e023fc4da9925ca8e84b1f52aad4e3d410f57,,,joanne.kelly267@aol.com,(764) 722-9812,verified,low,23,2012-07-18T04:25:44+00:00,2016-09-04T15:31:19+00:00
355,C7000355,individual,Russell,Ramirez,2000-03-06,8dc9bf583fefa907c90b463b8faec2ab14e5377d3cc0de8d4ef32434999aafdd,,,russell.ramirez995@outlook.com,(542) 144-7732,verified,low,23,2016-07-16T15:23:00+00:00,2024-02-27T01:47:58+00:00
356,C7000356,individual,Charles,Moore,1961-07-15,a2cabdfa6101e21cd1132bbef1eb716d49ae1a512f8355a1600eba5780207411,,,charles.moore342@gmail.com,(815) 061-8538,verified,low,20,2022-08-24T05:32:29+00:00,2024-12-13T21:39:06+00:00
357,C7000357,individual,Todd,Lopez,1972-12-29,39540eb1031ba26c4aa0d43a634fbd036cd75e3625ba7dc9b18b5b25fb577125,,,todd.lopez156@outlook.com,(183) 061-7893,verified,low,25,2023-02-27T04:57:26+00:00,2025-06-20T18:35:54+00:00
358,C7000358,individual,Kevin,Hall,1958-06-20,34e0d681fa079cdf850d7d5f8810c1f48e75cca4433cdd687b6f9413d553cc81,,,kevin.hall266@yahoo.com,(695) 874-1314,verified,low,5,2008-02-27T19:14:19+00:00,2022-05-31T22:25:01+00:00
359,C7000359,individual,Carolyn,Mcdaniel,1939-10-14,327c4e17d0440d12f4391ed436cd789b9cbdb0fdec5cf1d23a891272e1fbab6e,,,carolyn.mcdaniel547@aol.com,(360) 854-5667,verified,medium,1,2011-10-27T14:18:17+00:00,2012-05-29T09:17:11+00:00
360,C7000360,individual,Jamie,Garrett,2005-01-10,7f705fe4252afb37d71e76c1fce35d96821714850ded6e83cd783fe90c640bf3,,,jamie.garrett791@outlook.com,(529) 800-6155,verified,low,7,2015-11-12T09:36:20+00:00,2025-05-25T09:43:32+00:00
361,C7000361,individual,Raymond,Washington,1948-11-14,2adf3dc239786d163b2cfc1e02fd8d209904ea02744392310e0ac866d45a7f7e,,,raymond.washington96@yahoo.com,(330) 416-6241,verified,low,4,2011-10-24T03:07:51+00:00,2020-06-08T13:55:45+00:00
362,C7000362,individual,Larry,Morris,1974-02-07,50e37fc0df1248321ed66ecf0073e7faf977dd1c73548f91cbf6865a8d82b95e,,,larry.morris369@icloud.com,(473) 149-7646,verified,low,18,2011-11-24T22:00:21+00:00,2013-07-23T11:06:28+00:00
363,C7000363,individual,Lisa,Daugherty,1944-07-01,f1be7a88e425c7063ab7192933409658c3681d9efb2224a1880cf79c2047ff85,,,lisa.daugherty660@icloud.com,(793) 126-9789,verified,medium,22,2012-04-01T18:13:25+00:00,2012-06-24T13:26:46+00:00
364,C7000364,individual,Joseph,Clark,1977-08-28,cd35c8e1560e8a9b961d39d0f4864dec453f41b012ca748167f135192d672817,,,joseph.clark63@aol.com,(753) 577-8811,verified,low,2,2010-11-20T11:36:39+00:00,2024-08-10T15:05:36+00:00
365,C7000365,individual,George,Pratt,1972-04-26,c81db9a9619330016787d6f558083ce92cb972ff1d491b6dae477c741bce2b56,,,george.pratt31@icloud.com,(866) 041-6448,verified,low,6,2014-10-07T12:15:01+00:00,2019-08-05T19:40:09+00:00
366,C7000366,individual,Sharon,Ho,1988-11-09,1500db51621d34f1d5fba557d0e06f39512f5017ca6a9373d99f94bca29506e3,,,sharon.ho781@aol.com,(228) 705-6227,verified,low,13,2024-12-06T21:58:48+00:00,2025-03-28T02:07:48+00:00
367,C7000367,individual,Katie,Villa,1977-07-26,9a7afc180638b48bb470e08460743c3351d8c0da9bb815bc1e3b4144a2984849,,,katie.villa673@aol.com,(319) 213-4249,verified,low,11,2024-09-02T22:43:12+00:00,2025-12-07T02:38:13+00:00
368,C7000368,individual,Gary,Logan,2007-12-14,2208b1a7e1c36fb81a6dcafb077f2efc7eab0634b6346111353b239d559aa8ff,,,gary.logan909@aol.com,(922) 270-5102,verified,low,10,2021-10-10T08:44:14+00:00,2022-11-23T11:47:50+00:00
369,C7000369,individual,Christian,Jacobs,1952-11-30,8a4991ff0458278c90cf9ff38e59bba3abe248f66cffdc4da3a4fbf94196167b,,,christian.jacobs766@icloud.com,(426) 877-4186,verified,low,2,2018-09-27T07:48:12+00:00,2025-01-30T10:16:39+00:00
370,C7000370,individual,Joshua,Holland,1983-04-15,4dd4594d748795acb9c59609ce1c2d095fecf9a4804d8681a7f065520a396871,,,joshua.holland416@icloud.com,(440) 907-9772,verified,high,20,2019-08-27T09:16:31+00:00,2022-11-10T04:57:58+00:00
371,C7000371,individual,Scott,Page,1960-01-15,a24152a451c6587e1c6f1754752607cde565b29e71dc9ef6dcf1662a1511578f,,,scott.page782@aol.com,(439) 055-2958,verified,low,11,2016-06-16T06:13:29+00:00,2024-06-27T01:39:45+00:00
372,C7000372,individual,Cynthia,Wilkinson,2004-07-18,99a1704c18fafad6355d7136aacfa88a2bf8f854aec7f4e090e1ec5898d1528b,,,cynthia.wilkinson990@aol.com,(851) 579-1971,verified,low,3,2016-05-21T20:43:57+00:00,2024-11-12T07:02:39+00:00
373,C7000373,individual,Christopher,Ramsey,1955-03-31,c14bdd1bf80b119285f460e4315a39698902bfd85bce1875ceb52f51eae226c3,,,christopher.ramsey820@aol.com,(324) 064-2429,verified,low,2,2018-06-07T17:13:49+00:00,2020-05-05T16:58:08+00:00
374,C7000374,individual,Darlene,Cole,1982-07-13,93d20eddcb08f125eb8908e6de3ac72c3156b8970892e1299f621fc8c19c7c8b,,,darlene.cole879@yahoo.com,(096) 289-3654,expired,low,14,2018-01-09T08:41:17+00:00,2026-05-15T17:40:24+00:00
375,C7000375,individual,Dominique,Lopez,1947-08-27,c9ce9ff75ca49cc3568351917d589a669c7557d4874f04ea48cee9337c529711,,,dominique.lopez258@aol.com,(596) 905-1502,verified,low,3,2021-05-16T21:03:42+00:00,2022-06-28T23:49:26+00:00
376,C7000376,individual,Jessica,Wells,1955-01-08,280df94f75a370c3574ebabbd71daa2c58a84893f3af8a9eca0d304286bc14ba,,,jessica.wells401@aol.com,(957) 640-3816,verified,low,14,2015-04-02T16:23:39+00:00,2024-10-28T12:23:15+00:00
377,C7000377,individual,Cory,Pierce,1965-09-14,56e48782d462d5558ca5465cd7db1eb1fa1ee60afff25398da24e5aab8ec8c25,,,cory.pierce537@gmail.com,(767) 316-2526,verified,low,10,2008-03-13T21:45:11+00:00,2019-04-15T13:48:05+00:00
378,C7000378,individual,Madeline,Bishop,1991-02-05,d584ceb126b5c1dc7bcc47e1da59057e9fed7ca58376a5874017e63f8a28f80e,,,madeline.bishop391@outlook.com,(327) 303-4615,verified,low,2,2024-03-22T08:15:37+00:00,2025-05-22T23:54:40+00:00
379,C7000379,individual,Mary,Marshall,1943-08-06,5bcc81303e1df9a8d59ffe33f59c3edde6b760a72aaf22220bfdd9f04345c3ef,,,mary.marshall59@gmail.com,(160) 252-9867,expired,medium,14,2023-07-05T12:29:50+00:00,2024-05-29T20:37:13+00:00
380,C7000380,individual,Shannon,Watson,1971-05-08,0d8316d522325968e6d7cba66ff007a1b29688dc17f68a5a6f9591cdfa380209,,,shannon.watson731@icloud.com,(851) 268-6120,verified,low,4,2026-03-22T11:54:45+00:00,2026-06-21T18:13:30+00:00
381,C7000381,individual,Gina,King,1961-09-08,c5cb1dcf1e50bacc71fafa9928f9122af1e881b53472d47989f97edf41bca391,,,gina.king977@gmail.com,(084) 245-6075,verified,low,22,2008-10-12T00:36:28+00:00,2010-11-21T01:05:37+00:00
382,C7000382,individual,Cynthia,Jordan,1957-03-25,9395704ef92bf22c037dcc345b4b16ff0bed0f11e80b86cbf0614493b5de4f8e,,,cynthia.jordan39@icloud.com,(938) 970-1550,verified,low,18,2023-10-18T14:49:23+00:00,2025-08-20T20:46:55+00:00
383,C7000383,individual,Ivan,Francis,1988-12-17,a05c7642b2bb00b3bd3bdadff6224eeecd6fb2b00c8eaeaeffa17b723547f1d5,,,ivan.francis368@outlook.com,(161) 394-4988,verified,low,9,2021-07-06T17:14:27+00:00,2026-07-19T08:24:25+00:00
384,C7000384,individual,Joshua,Powers,1980-08-27,ac214a51931a4a51b1da3d1415549a435fcc06276dfe2537676b1dee340e3e24,,,joshua.powers865@icloud.com,(440) 630-6244,verified,low,6,2021-12-17T23:17:46+00:00,2023-07-21T16:29:01+00:00
385,C7000385,individual,Brianna,Walters,1961-01-25,100c50bd284e149cdb99a95046e4e91383f99cb2dab35a70f0c9dfca64011ed4,,,brianna.walters272@icloud.com,(805) 555-7277,verified,low,7,2019-11-08T05:53:55+00:00,2025-05-23T13:20:03+00:00
386,C7000386,individual,Anna,Reed,1952-06-18,1ccd36122ae976229d79327be727cb2f26d61483f10001c241134fa1e8bd4073,,,anna.reed634@gmail.com,(544) 577-0299,verified,low,13,2022-01-10T08:05:00+00:00,2022-06-14T18:08:37+00:00
387,C7000387,individual,Travis,Young,2003-02-17,b9593f1f7505163cc077f1ce7b34e2fee352557f266945a88fd01c4808bedd90,,,travis.young629@aol.com,(911) 633-1942,verified,medium,10,2023-08-30T17:08:31+00:00,2024-08-27T03:20:20+00:00
388,C7000388,individual,Crystal,Beck,1986-06-29,bad26e297b669948404b8a90e7bba412488e442c70e641fbc0123f0f535ffc1d,,,crystal.beck13@outlook.com,(588) 863-6774,verified,low,5,2016-02-29T05:01:36+00:00,2016-05-19T08:51:38+00:00
389,C7000389,individual,Jacob,Johnson,1953-08-23,85816a7940e445207dac3b892fed0b020890edfe98576fe71654e26118c0f29b,,,jacob.johnson823@outlook.com,(819) 960-5932,verified,low,12,2021-11-03T18:53:27+00:00,2023-08-16T02:42:49+00:00
390,C7000390,individual,Sharon,Morse,1960-08-22,a30746265e036f04b77ff948cfb6000c240d22c9c847d8644764e66928bd8266,,,sharon.morse827@aol.com,(039) 773-9732,verified,low,4,2021-02-16T13:20:40+00:00,2023-01-29T16:18:54+00:00
391,C7000391,individual,Chad,Butler,1956-03-10,dd78a41a4dd4672c19d601f300eb685f8d95ff18d2f26474dc2b2c0e66fde5a8,,,chad.butler574@icloud.com,(198) 077-0460,rejected,low,1,2009-03-13T17:35:35+00:00,2010-03-17T03:34:51+00:00
392,C7000392,individual,Laura,Clark,1944-08-15,1084095a827d690975ed9a830f5039ee772554df7a3041a68bfeb3a20a07894f,,,laura.clark783@yahoo.com,(177) 345-4757,verified,high,24,2021-03-24T03:42:30+00:00,2022-05-30T10:32:50+00:00
393,C7000393,individual,Jennifer,Bradley,1959-05-13,de81aa62dff1a20b74a0090a561525d3e71d19e838e677ff381aadfc1c35ffe4,,,jennifer.bradley730@outlook.com,(422) 294-6430,expired,low,2,2023-12-28T17:01:55+00:00,2026-02-09T16:25:00+00:00
394,C7000394,individual,Danielle,Smith,1990-09-17,9409b1b4d5d810b6f54b8cd09e07ba5751675aa6d81a559f1e3f6dd7a1fb73ce,,,danielle.smith969@icloud.com,(833) 506-1581,verified,low,4,2021-07-04T01:50:00+00:00,2026-06-17T16:26:46+00:00
395,C7000395,individual,Jeremy,Love,1950-04-29,247c6e1d6852d3b089e19d407a1fa69c18e128b90ed9e7de955ba738d596c7ce,,,jeremy.love267@icloud.com,(484) 131-2840,verified,low,6,2024-04-17T06:24:18+00:00,2025-02-23T08:19:11+00:00
396,C7000396,individual,Alec,Jordan,2001-12-25,fb457b6cacae4762e5c0e37f27960a93a63eb2d6413bbf6d82a5fa3619a806bc,,,alec.jordan13@gmail.com,(739) 970-4694,verified,low,18,2009-10-08T11:16:03+00:00,2014-12-18T06:51:44+00:00
397,C7000397,individual,Kyle,Alexander,2007-02-10,199741fbfa25baa9e1db8d38f9eb99791b1da6f137face08042ebd8b7989f190,,,kyle.alexander935@yahoo.com,(705) 877-2216,verified,low,23,2012-01-18T09:23:03+00:00,2020-06-21T19:15:32+00:00
398,C7000398,individual,Sara,Clark,1985-06-07,85bc62ab81ed3ac45ac19602cbdf436584665b4cca6a161f14474ec2959fef17,,,sara.clark827@outlook.com,(362) 292-5879,verified,medium,4,2025-05-02T22:24:50+00:00,2025-06-26T16:15:12+00:00
399,C7000399,individual,Leslie,Parker,1977-09-20,6a2783ceef72df910d7cb63e340659bb3eb634c4c696bc2695595d7403b1aac6,,,leslie.parker685@aol.com,(060) 652-7403,verified,low,4,2023-06-02T02:00:35+00:00,2024-03-25T17:09:31+00:00
400,C7000400,individual,James,Lewis,1973-06-08,05240fbad5ec6f3d3cfd3022ac4a4531712d316e47ba216683d5cded7c2351f7,,,james.lewis545@aol.com,(113) 257-9706,verified,low,24,2024-11-25T08:09:16+00:00,2025-11-24T12:31:43+00:00
401,C7000401,individual,Kara,Nguyen,1992-10-08,299defb47155a45c6f53ce24a5efa9b21c9b6619cb367babaa3cfff91daa35db,,,kara.nguyen496@aol.com,(229) 493-8173,verified,low,19,2008-06-10T08:34:21+00:00,2017-07-16T16:26:42+00:00
402,C7000402,individual,Taylor,Murray,1961-05-16,f51299fc92e8372e1200b618ea022652e5e2752ec290bd82f628307fe7cc886d,,,taylor.murray548@gmail.com,(449) 021-6667,verified,low,2,2011-03-19T15:19:51+00:00,2015-11-30T04:50:48+00:00
403,C7000403,individual,Amber,Campbell,1961-06-04,9e3cdc873e95b3ca65ca24dc0da792657f8d152507e1a146a89053c54208474f,,,amber.campbell102@icloud.com,(191) 818-2819,verified,medium,7,2020-08-16T06:33:09+00:00,2026-01-25T23:30:32+00:00
404,C7000404,individual,Jeffrey,Craig,1960-12-01,2dbbac1c989448dbbb8c4104f14494188ed586a43d645d46e2e2fa1828cbc1e7,,,jeffrey.craig676@outlook.com,(395) 923-2342,verified,high,8,2025-02-17T14:15:07+00:00,2026-09-15T08:31:22+00:00
405,C7000405,individual,James,Martin,2008-02-02,728a62b23e4184083ba2386049ea651edbe787af9516b67b5c0b7d6040018268,,,james.martin936@outlook.com,(350) 271-6073,verified,low,25,2011-10-19T00:17:53+00:00,2011-12-13T18:44:40+00:00
406,C7000406,individual,Jason,Shepard,1990-04-25,a9d1f20eaae6577defb4cebaadf28485fdcea6ea9a55d71890c21517fa3072c6,,,jason.shepard653@gmail.com,(563) 318-5748,verified,low,3,2010-05-22T13:45:44+00:00,2025-02-16T09:00:16+00:00
407,C7000407,individual,Cameron,Bautista,1984-01-08,07e2896053649a7841129cf7a4a628f7b80cd954042dad0cba7ea2141295ba72,,,cameron.bautista112@gmail.com,(167) 045-0232,verified,low,9,2013-04-23T04:36:07+00:00,2025-03-11T05:38:27+00:00
408,C7000408,individual,Richard,Brooks,1997-06-20,41df1a86e0867e15a426e2e929d42eb3465120d1a2ac1a7defc02fbfed49c9be,,,richard.brooks781@gmail.com,(005) 070-2608,verified,low,3,2008-09-14T11:19:06+00:00,2019-10-17T18:16:34+00:00
409,C7000409,individual,Cole,Vasquez,1996-09-25,954ed00d74ec0a69a72aa7b3340287cd6ba7a9f95f58aab17e2ef38189047c94,,,cole.vasquez944@yahoo.com,(238) 223-1164,verified,low,9,2025-07-31T22:48:29+00:00,2025-10-23T19:21:33+00:00
410,C7000410,individual,Kathleen,Anderson,1967-09-10,df3a34903a0f7a7070ac56e5c487603d01f4f2beb64bb16f0b4b76d7282fc50c,,,kathleen.anderson617@aol.com,(906) 032-0203,verified,low,8,2008-06-20T08:18:56+00:00,2011-05-30T15:11:37+00:00
411,C7000411,individual,Richard,Haney,1969-11-26,5bd44240d179a6839091323f2312a519c325c766ade5c03af3bf9f0a2d01fa85,,,richard.haney147@gmail.com,(714) 855-2457,verified,low,2,2021-06-03T00:24:53+00:00,2021-06-14T10:53:24+00:00
412,C7000412,individual,Carolyn,Hernandez,1998-10-13,b215d6b9af6d373fb9ddce1a37e3b4b9ead173c26d5bb41283abcfe0406c57bc,,,carolyn.hernandez933@yahoo.com,(858) 382-5212,verified,low,15,2013-03-27T07:28:25+00:00,2021-07-01T23:29:24+00:00
413,C7000413,individual,Kenneth,Santana,2006-09-28,f7ba064c6bde41746753a9e712fc63d4af17627c945925ee0196892f099904a8,,,kenneth.santana264@yahoo.com,(752) 401-4843,verified,low,13,2019-10-23T02:54:19+00:00,2019-12-15T00:34:35+00:00
414,C7000414,individual,Emily,Hodges,1938-06-29,99e567a9fc2ecc2d40a7aa7c093a9bd9832b21b9cccd7965e1b3e3ce3e6c15b3,,,emily.hodges455@icloud.com,(481) 973-7418,verified,low,15,2024-05-18T02:52:07+00:00,2025-03-03T20:53:28+00:00
415,C7000415,individual,Megan,Oconnor,2001-12-18,4440372ddc4d19b2f8ceb8405c9bb7e5b39b855cb89e1d17eccb65cd84ca6175,,,megan.oconnor145@icloud.com,(564) 510-1739,verified,low,13,2014-12-12T12:12:26+00:00,2022-08-18T16:09:12+00:00
416,C7000416,individual,Corey,Davis,2006-05-14,328fe5f895e9688fd7fac025210d6a01638f0d017dfb4c312ea3fbfdb4957bd0,,,corey.davis185@icloud.com,(996) 605-7798,verified,low,14,2020-03-23T20:10:09+00:00,2021-07-26T23:13:22+00:00
417,C7000417,individual,Anthony,Bryant,2000-12-25,0c7e318725664c62f73043e31e4626dec6609199eef6a1fd5801c77b1408fa28,,,anthony.bryant781@icloud.com,(553) 470-5742,verified,low,5,2016-09-07T06:50:23+00:00,2026-01-20T05:17:41+00:00
418,C7000418,individual,Christina,Singh,1997-02-06,2cd70b9a3ddb441eb942856fda966d43ede02cc63432e011398a4e56e02711ea,,,christina.singh155@yahoo.com,(411) 659-7263,verified,low,25,2025-04-07T16:17:55+00:00,2025-05-12T21:10:35+00:00
419,C7000419,individual,William,May,1958-10-04,fbe8640a4fe135136ca12d2acc53c8131ba1340652eb2fd49ae48600fa65768a,,,william.may426@gmail.com,(269) 131-1964,verified,low,6,2010-12-17T22:19:10+00:00,2020-09-16T00:04:56+00:00
420,C7000420,individual,Nancy,Lindsey,1981-04-12,243fe4e4d9561b921bfdb4133030d5ed3e16675746f4c8bd5135b7a0ff6edd6d,,,nancy.lindsey485@icloud.com,(537) 038-2407,verified,low,13,2022-01-02T21:49:56+00:00,2025-08-17T10:17:58+00:00
421,C7000421,individual,Andrew,Salazar,1997-03-22,0e748432c3d6d998c49a1c97646ffd37f9caf9c2a4a5d77ac631a0d8669f50f9,,,andrew.salazar640@outlook.com,(893) 628-9696,verified,low,5,2024-06-06T13:00:35+00:00,2026-07-15T02:17:33+00:00
422,C7000422,individual,Daniel,Mckenzie,1953-11-26,3d1da906833d35e9bad13ca53cbd44eb6c9d0b482e5b4bf46f157af20a6f840f,,,daniel.mckenzie926@gmail.com,(837) 490-7977,verified,low,18,2011-07-23T23:55:15+00:00,2025-04-19T02:39:26+00:00
423,C7000423,individual,Mark,Hudson,1999-12-03,df8efebd5484f50e53dcdbd86c25fd8e029e3457fb54838f29ef2ff64303c72b,,,mark.hudson11@aol.com,(289) 509-0591,verified,low,21,2008-07-31T09:36:58+00:00,2015-06-28T06:55:45+00:00
424,C7000424,individual,Mary,Johnson,2003-09-04,9aea8e0e25cb72b92ce56fa0b41155b5ce56faca43ccfd554bb36bf0c6c08df6,,,mary.johnson725@outlook.com,(511) 696-6672,verified,low,14,2023-10-28T01:15:35+00:00,2024-10-29T08:25:02+00:00
425,C7000425,individual,Matthew,Walton,1974-12-03,4f67c4f42ac26a94b81799eb6325c09d1f081cfce8c385beeafed15c8932f45c,,,matthew.walton249@gmail.com,(908) 051-2080,verified,low,4,2023-01-10T19:29:08+00:00,2023-04-08T13:49:12+00:00
426,C7000426,individual,Amanda,Daugherty,1944-08-11,7cc514c185882a746c9dc96b4f6b264a7f1ccd7a213e84600d27704e4a81f902,,,amanda.daugherty647@outlook.com,(295) 927-2827,expired,low,15,2018-10-20T06:01:06+00:00,2019-08-22T14:19:21+00:00
427,C7000427,individual,Gary,Garcia,1951-06-11,9977d899df66de3729dea4f43e963609e7d8eb25a9d9b1abbf9b722374996f7c,,,gary.garcia216@gmail.com,(957) 867-1815,verified,low,8,2008-01-27T00:06:27+00:00,2015-04-16T07:08:19+00:00
428,C7000428,individual,Jasmine,Combs,1944-09-27,0785dfb22ba4e54ff255e6f9c76cbe08cf42ab158e6e5af469d035ee89db6ad3,,,jasmine.combs181@yahoo.com,(589) 988-6834,verified,low,3,2016-03-14T20:03:10+00:00,2025-06-11T13:56:58+00:00
429,C7000429,individual,Tyler,Hartman,1958-02-12,36bab2bbca92814c3c923da56c04bd0ae2dfbbd4017884f884ab654ac6c55a32,,,tyler.hartman224@icloud.com,(080) 314-9982,verified,low,10,2019-02-24T12:29:17+00:00,2021-10-05T14:10:52+00:00
430,C7000430,individual,James,Clark,1983-03-14,15afb695f22de32923e6bd64559b123d8b3d42251fff5db4a3128f7be4e0c1e1,,,james.clark457@gmail.com,(631) 403-5263,verified,medium,24,2009-06-25T06:32:16+00:00,2021-02-10T16:29:10+00:00
431,C7000431,individual,Hannah,Perry,1967-02-04,a7bd5f05ab548fdc301f701a71ed754d0a4e299e6c30ae347d175792acf0a416,,,hannah.perry380@icloud.com,(374) 906-0723,verified,low,16,2016-05-09T19:51:49+00:00,2021-06-05T12:20:18+00:00
432,C7000432,individual,Stephanie,Espinoza,1987-01-27,0690d2dcc598b90db8ca0fbc827bb39d58e84e9189ff233943d75a19492941be,,,stephanie.espinoza157@yahoo.com,(449) 411-6318,verified,low,15,2016-08-04T17:36:16+00:00,2020-07-01T18:15:54+00:00
433,C7000433,individual,Joanna,Ramos,1992-05-02,29b82db6a8780f818a9b0a4ef6454b3aa54e4952d47aae7dfb85dacdc977edc5,,,joanna.ramos98@gmail.com,(833) 509-0254,verified,low,7,2010-10-19T12:45:36+00:00,2013-03-09T13:12:37+00:00
434,C7000434,individual,Douglas,Brandt,1941-10-02,c406ed70a88a88c45f3115efdc3b5da3ef648310689aba069cfa0310b9894be2,,,douglas.brandt500@gmail.com,(688) 092-5502,verified,low,6,2016-01-09T10:28:56+00:00,2017-02-26T21:10:20+00:00
435,C7000435,individual,Jeffrey,Fuller,1977-09-29,146fd4be0e94a5a9828614c2308abb856e04ac9dc12c415cc362f69a2c722f23,,,jeffrey.fuller646@outlook.com,(796) 496-7379,verified,low,11,2025-09-25T22:04:44+00:00,2026-02-28T04:44:44+00:00
436,C7000436,individual,Courtney,Clark,1966-07-16,3de6e470eca8427730bcbf4488daa02585018b239c07c5ef8af02c4a54ee7a90,,,courtney.clark705@yahoo.com,(777) 675-5562,verified,medium,11,2014-11-09T22:59:01+00:00,2025-07-27T10:55:09+00:00
437,C7000437,individual,Philip,Harrison,1976-04-08,9d234563fb4b1888b595bcb1797408795800de62150077b25aaafb5e969de8aa,,,philip.harrison587@yahoo.com,(960) 335-8268,expired,low,22,2024-09-18T13:31:56+00:00,2025-12-10T01:02:47+00:00
438,C7000438,individual,Miranda,Anderson,2003-11-06,5fb67ee5be345ba6e618d6284900fbe054c3481697c0eeb50e9defcbfdc0cd68,,,miranda.anderson542@icloud.com,(980) 111-0005,verified,low,3,2021-11-26T19:14:55+00:00,2026-03-31T12:37:18+00:00
439,C7000439,individual,Maria,Alvarez,1987-09-07,0a7127c855e6a3627af5f15b6a980bf9a6464940c06f75a418062e68141c138d,,,maria.alvarez845@aol.com,(182) 226-1896,verified,low,12,2012-02-20T23:11:51+00:00,2014-04-09T11:33:29+00:00
440,C7000440,individual,Benjamin,Beard,1971-04-19,95610225d067733eb850f150574fdc42700ac7a9fbe25e5f1c3755dbaaccc710,,,benjamin.beard290@yahoo.com,(095) 799-2707,verified,low,18,2021-08-19T07:12:29+00:00,2023-10-15T07:22:29+00:00
441,C7000441,individual,Rebecca,Johnson,1960-05-06,00b3147a4a1b7b61fe4f07f54be818c9b02c1f81b8f93df3b1b0805a0c088083,,,rebecca.johnson641@icloud.com,(344) 765-0471,rejected,low,15,2022-05-19T03:28:51+00:00,2024-12-17T00:15:19+00:00
442,C7000442,individual,Robin,Sellers,1943-09-30,7ad38ad83a805e2afe41923229f0c5554bb9495be3f4b6866e5cde58a23dd35a,,,robin.sellers378@yahoo.com,(581) 021-3125,verified,low,16,2008-12-20T21:46:03+00:00,2021-10-06T08:01:42+00:00
443,C7000443,individual,Tammy,Costa,1982-07-12,22b7c29fe290f7670f06e20c4093e1746ec1aaa838f4dd9e32d7d256f3cc40a0,,,tammy.costa905@aol.com,(191) 023-1211,verified,low,2,2014-01-02T13:49:15+00:00,2023-02-17T05:28:12+00:00
444,C7000444,individual,Teresa,Graves,1987-08-19,670ff57e7fbe6d95636652901950d105f1d598f95edb80bc00e46d11e2aed6c1,,,teresa.graves352@gmail.com,(253) 269-4968,verified,low,14,2026-01-08T14:27:42+00:00,2026-05-28T20:16:22+00:00
445,C7000445,individual,Jessica,Harvey,1995-10-14,9a2e5c46f9f3b5f1b8bd71ca306af8233fcf6dcd9fea17a88b6bf890e760f7fc,,,jessica.harvey246@gmail.com,(701) 595-9194,verified,low,8,2022-02-19T21:54:23+00:00,2024-09-11T13:42:19+00:00
446,C7000446,individual,Sophia,Robinson,1938-11-22,dfff13c25d1cda80f6132f2d63856a224e38487f60dcc48450500f8cf67438f1,,,sophia.robinson425@aol.com,(453) 076-2484,verified,low,24,2017-02-14T09:05:09+00:00,2019-01-17T07:32:27+00:00
447,C7000447,individual,Lance,Montgomery,1981-02-25,9979ee863a7560ec1d5eabbd812122f27944e6b5a1c927e2028ed522bea1fde8,,,lance.montgomery164@yahoo.com,(845) 525-9710,verified,low,13,2012-12-03T10:16:46+00:00,2016-06-17T10:35:30+00:00
448,C7000448,individual,Rachel,Sheppard,1993-03-22,40210cc05ae196b686fd18c857c4ecb9626575cf9e2ced82ec3dd5f7f1437071,,,rachel.sheppard824@gmail.com,(399) 337-9705,verified,low,13,2011-10-17T01:47:35+00:00,2024-11-05T20:21:36+00:00
449,C7000449,individual,James,Carrillo,1988-04-09,1ef938aa3ad0e2f3079012e0424ac4f1f8136c013867739bc9fc1902d87df575,,,james.carrillo223@aol.com,(073) 305-5978,verified,low,9,2018-07-04T13:14:04+00:00,2018-08-10T15:52:04+00:00
450,C7000450,individual,David,Quinn,1989-12-12,b09fb4dff280dd2a26f64cd0167299f42bcca0f8f3f7ce0204a4a8ec36fab6dd,,,david.quinn878@yahoo.com,(843) 660-4432,verified,low,23,2019-01-22T22:22:33+00:00,2019-11-19T06:12:26+00:00
451,C7000451,individual,Justin,Cunningham,1978-02-03,8380f5ccedbc0b92421a1fa19e73e10267b8bd5d536fd99cc6c6524609858b25,,,justin.cunningham78@outlook.com,(027) 112-2182,verified,low,12,2025-12-30T06:21:48+00:00,2026-01-05T05:39:28+00:00
452,C7000452,individual,Darlene,Foster,1948-09-24,5389f38feb476c9058cedb407fd7c06c6128edf3f529adaf279a967905569a72,,,darlene.foster467@aol.com,(372) 143-3080,verified,low,8,2008-04-07T02:37:09+00:00,2013-04-22T18:59:43+00:00
453,C7000453,individual,Heidi,Pierce,1940-07-29,76b167307c6610448331f047bd497b3f4187954f8c82bc159e3a1a6e5470d48f,,,heidi.pierce673@gmail.com,(339) 705-1958,verified,medium,2,2011-03-30T21:43:10+00:00,2024-10-23T18:48:57+00:00
454,C7000454,individual,Karen,Scott,1951-08-17,e11627125b5d57640cd49101138a7ff4dffba17cd3b7e3d46ce39ebd4bb3e029,,,karen.scott895@aol.com,(614) 707-9863,rejected,low,2,2023-01-08T02:18:22+00:00,2024-08-19T10:57:03+00:00
455,C7000455,individual,Michael,Brown,1982-03-08,3e9b669a369369fd76a3edaac38ee9f07723b6ab32504bcefa66724498ad3ff7,,,michael.brown744@aol.com,(438) 040-3253,verified,low,12,2018-02-03T21:06:13+00:00,2020-11-11T01:55:52+00:00
456,C7000456,individual,Sharon,Jones,1945-05-05,e616f6545215c64b499f95ea75e5d095ef41d3799ee4b9b06719b000d4b08784,,,sharon.jones260@yahoo.com,(090) 040-4769,verified,low,21,2014-09-05T10:13:55+00:00,2018-12-31T17:30:28+00:00
457,C7000457,individual,Rachel,Turner,1956-05-19,255ba6c7c3f844225b089b96999a1d1f8061a0fe416d6b61db90c4065dfc2ce7,,,rachel.turner872@aol.com,(310) 720-1137,verified,low,6,2018-01-05T05:29:24+00:00,2025-02-15T02:09:28+00:00
458,C7000458,individual,Teresa,Ray,1940-11-07,c70e8c252494718e8bf23d0d435e6193ee3249e1e66eeb674a2e05a51186da6c,,,teresa.ray758@yahoo.com,(447) 340-4337,verified,low,6,2025-04-27T14:24:55+00:00,2026-06-05T22:03:47+00:00
459,C7000459,individual,Carly,Bryant,1971-04-10,0b0cc6a75ef0f10201f959e45cbf1dee2bfb7da26a33e52c1e48d34c74491766,,,carly.bryant232@icloud.com,(588) 255-6296,verified,low,4,2021-11-24T07:46:46+00:00,2025-04-01T03:03:47+00:00
460,C7000460,individual,Shannon,Ryan,1986-01-12,dbb000a4d2eb0f05172d4ad87e43b5a9cb98b82a064c5ac8ff0eab4c4eed13d8,,,shannon.ryan99@yahoo.com,(582) 958-2923,verified,low,22,2013-08-12T08:18:13+00:00,2014-01-08T06:54:52+00:00
461,C7000461,individual,Nathaniel,Giles,1974-11-14,124ef9b69b97881119859e7b3cebb3f2a1cd2150dff6ef636f7eaaa1659152de,,,nathaniel.giles308@outlook.com,(395) 613-7230,verified,low,21,2020-04-05T22:20:20+00:00,2021-08-11T01:34:49+00:00
462,C7000462,individual,James,Smith,1958-09-23,62f3455f691930f02cd7ace91485cab95d3e798538990adaf42d728ad9f082bf,,,james.smith771@aol.com,(114) 716-5609,verified,low,13,2008-07-29T03:25:52+00:00,2016-03-31T13:00:08+00:00
463,C7000463,individual,Thomas,Salinas,1991-03-09,d921ace594b41e478a4a841a209219bbfc43c37dd01ee325c407081f2bcce833,,,thomas.salinas851@gmail.com,(699) 570-6071,verified,low,25,2018-01-29T02:03:18+00:00,2024-07-22T04:24:42+00:00
464,C7000464,individual,Jane,Hayes,1981-04-20,9a5a742bffa48b892a676d5896144d2219ada664e0a5b1039d1a6192f74e4f19,,,jane.hayes958@aol.com,(290) 871-8274,verified,low,1,2018-12-31T12:21:16+00:00,2022-11-17T13:04:08+00:00
465,C7000465,individual,Daniel,Moore,1997-03-07,7b10f2b95333fe91bb2f7f6551a7402d8e25292b374f59596120e7cac5c6d28e,,,daniel.moore340@icloud.com,(730) 626-0423,verified,low,21,2023-10-27T13:37:35+00:00,2024-04-08T20:29:53+00:00
466,C7000466,individual,Andrew,Crawford,1994-02-15,ebe540296ba3be2fb0ada12f5a76d888465f82bf4432573664a39fc74b9b2237,,,andrew.crawford866@icloud.com,(858) 167-0468,verified,low,20,2012-02-21T13:42:43+00:00,2018-08-17T10:39:51+00:00
467,C7000467,individual,Sean,Barajas,1964-03-26,40c781a9af1fa49dacec3a2c8a7b91cc33ce57c6fecb74372b1ebdaf0aac955e,,,sean.barajas726@aol.com,(129) 618-0332,verified,medium,1,2014-10-18T09:27:30+00:00,2019-03-11T04:52:47+00:00
468,C7000468,individual,Samantha,Valencia,1994-08-13,3a00e7d08e99bd2b14a70f4f2ed855117f7b6da99edaee620f3ca32d3c0bd873,,,samantha.valencia487@icloud.com,(777) 312-6881,verified,low,12,2012-11-13T23:46:32+00:00,2016-03-28T23:01:38+00:00
469,C7000469,individual,Emily,Galvan,1965-06-21,e89e7e374ac77b301bd45951a05a174b215dd733163bdfca11956c8f3d93acb1,,,emily.galvan995@yahoo.com,(327) 986-2398,verified,low,3,2014-12-02T08:31:27+00:00,2016-04-14T23:02:11+00:00
470,C7000470,individual,Jeremy,Mcintosh,1960-09-28,ec21a6cd1cc67fac325934d7970e03cc27063f3213607490154f12cc186dbd5e,,,jeremy.mcintosh882@icloud.com,(354) 358-6449,verified,low,8,2024-04-26T04:53:49+00:00,2024-10-09T04:03:16+00:00
471,C7000471,individual,Glenn,Hardy,1999-12-08,a6c2a9d1df9ee8d152cd342dac4aa2d22ef89c84ca25157dc72baac866d1cfb3,,,glenn.hardy490@aol.com,(395) 275-3674,verified,high,3,2023-11-25T14:45:28+00:00,2024-02-08T13:07:21+00:00
472,C7000472,individual,Vicki,Silva,1957-05-26,2e97e718b30d7bca4f552f21bf5a044436c24016140a53f4d73531a67bdc93a3,,,vicki.silva401@icloud.com,(340) 679-1766,verified,low,12,2008-07-06T07:02:51+00:00,2024-04-20T15:39:01+00:00
473,C7000473,individual,John,Robinson,1980-08-02,c4919f93c34bb2a236ae9fe74ae44ced17747a6bf0887b2253a7d1f0ff2339cb,,,john.robinson615@gmail.com,(853) 208-9532,verified,low,14,2013-05-01T05:44:42+00:00,2020-11-08T08:49:20+00:00
474,C7000474,individual,Glenn,Robinson,1945-05-08,a3424c828679b30edf1fd255e2b4d7c9fb84bf60f692a5189f4a7c82e35524d3,,,glenn.robinson942@outlook.com,(469) 967-3311,verified,low,11,2013-08-16T16:10:28+00:00,2019-10-13T07:07:22+00:00
475,C7000475,individual,Kristine,Warren,1960-08-05,efbffe3db22fd90860331add6b9218ea4bc742dd2d051782cf744b8c1db385ca,,,kristine.warren546@aol.com,(967) 935-2196,verified,low,11,2009-09-07T23:40:50+00:00,2010-10-04T16:23:47+00:00
476,C7000476,individual,Natalie,Yu,1986-06-20,a188d0d301402e3b8260c3f0cdbf69afb2124f5211d87452491a67102cecf2e4,,,natalie.yu531@icloud.com,(170) 695-5607,verified,low,11,2014-06-17T10:25:38+00:00,2021-10-16T15:57:25+00:00
477,C7000477,individual,Deanna,George,1995-04-01,018dcac58f87531c8c26d8b78aa2c055790d697fd9d9e4155f936e28be7fb813,,,deanna.george596@aol.com,(650) 312-1980,verified,low,15,2018-04-01T03:42:38+00:00,2024-05-23T00:22:27+00:00
478,C7000478,individual,Christopher,Williams,1984-03-16,4b66dff5ca6445d30a4012ee1695ed336eb20f783c21deb4fb947eba48f2ab7c,,,christopher.williams150@outlook.com,(248) 762-3039,verified,low,11,2025-04-13T21:59:11+00:00,2025-08-24T23:48:32+00:00
479,C7000479,individual,Jacob,Buchanan,1960-11-01,245ff54afed08899939d8c28615ad6d7efda476181a08a6ed413307d6a8184ae,,,jacob.buchanan53@icloud.com,(480) 880-6220,verified,low,9,2017-06-22T06:31:08+00:00,2022-01-01T18:55:59+00:00
480,C7000480,individual,Alicia,Hayden,2004-09-13,9276f278d7999521d6b45974c105f302a49fb81f761374b8332731fb36ac9478,,,alicia.hayden41@aol.com,(996) 486-2872,verified,low,7,2025-02-27T07:30:14+00:00,2025-05-02T02:44:49+00:00
481,C7000481,individual,Karen,Lewis,1992-10-03,0285d326661af66fd701e8ec4dc4086ffe3ad73afc4dcb3a90a2de64c7840467,,,karen.lewis781@yahoo.com,(792) 463-2037,verified,low,11,2010-10-24T00:41:11+00:00,2026-03-11T13:28:50+00:00
482,C7000482,individual,Regina,Eaton,1999-08-25,e93db7b4901f04c54178c775bb8e8790464f0c8cb3897a5e1f73b2d08b61cd63,,,regina.eaton227@yahoo.com,(458) 870-7155,verified,low,14,2010-04-23T07:02:28+00:00,2013-01-10T13:58:48+00:00
483,C7000483,individual,Crystal,Watson,1969-07-24,cf6d21cfd59e2b019b21a5ef779b9e47b3a0b68d3dacd918d2d8ca185c8390da,,,crystal.watson730@icloud.com,(975) 954-5089,verified,low,14,2012-04-20T20:43:30+00:00,2022-12-18T18:57:37+00:00
484,C7000484,individual,Jessica,Reid,1947-12-13,57ed70b1b6adcc36982cb25c32cd5f4406a63a6e900d4571850293afb0c6dccc,,,jessica.reid631@icloud.com,(319) 646-3004,verified,low,18,2014-05-06T07:04:25+00:00,2021-11-08T11:36:22+00:00
485,C7000485,individual,Vickie,Martin,1940-05-21,fa177af3b2025ed254f2baa854a2a28a2ad367b87b01a681f8aaaef06677c7d6,,,vickie.martin921@yahoo.com,(137) 271-1759,verified,low,10,2015-07-05T13:01:09+00:00,2025-05-09T21:30:55+00:00
486,C7000486,individual,Lisa,Hamilton,1957-01-19,24b9bae2b72787bf0a90ad8bf78cbe496188f0c0add79a36104a56247d1e7fa4,,,lisa.hamilton742@icloud.com,(476) 094-4128,verified,medium,14,2014-08-30T22:54:09+00:00,2015-09-29T02:41:10+00:00
487,C7000487,individual,John,Dean,2005-01-26,3ab69f87504f2bfac0ca8525c2f37073f84561fbd9ef5bd116d2761b380260a2,,,john.dean374@gmail.com,(506) 662-6705,verified,low,13,2023-01-06T15:53:49+00:00,2023-05-08T14:15:43+00:00
488,C7000488,individual,Laura,Terry,1948-07-05,297903acd0c2e8cca4501279b32405e9f03a4a500c0f079ae6d755b72a5d33a9,,,laura.terry320@yahoo.com,(720) 245-5910,verified,low,14,2024-02-22T17:29:46+00:00,2024-09-28T08:45:35+00:00
489,C7000489,individual,Shaun,Lynn,1959-06-25,fe6486ef40a0faad300496a15f064744ce05006d1ff78334390f57ebf2f139cf,,,shaun.lynn128@icloud.com,(663) 453-3722,verified,low,19,2012-12-26T10:17:24+00:00,2018-01-20T21:17:25+00:00
490,C7000490,individual,Luis,Allen,1971-12-03,c82ab7603f7ac2f14e18fa5aaba56982306d2499da8006be0b01c11c947eb13c,,,luis.allen139@yahoo.com,(894) 370-5263,verified,low,13,2017-04-14T04:21:30+00:00,2018-10-03T20:46:06+00:00
491,C7000491,individual,Leroy,Sexton,1977-12-14,be80bb24673b32c30ca3baebd3de985c1968a4c98b3816b1fa92e219512eb023,,,leroy.sexton69@icloud.com,(024) 617-5202,verified,low,2,2011-01-02T07:52:47+00:00,2015-07-09T14:26:58+00:00
492,C7000492,individual,Jennifer,Mcbride,1964-03-18,552f785d8014a1fc227b8bf57ccd587327214067213cef821c16c5700599d21a,,,jennifer.mcbride858@icloud.com,(783) 325-8486,verified,low,24,2014-07-24T03:26:15+00:00,2020-12-05T07:19:42+00:00
493,C7000493,individual,Richard,Sims,1993-12-12,23f51277af94d672f13ed221babf3ca455e1d4dd91ed1b5572b4918e00509da2,,,richard.sims307@outlook.com,(679) 935-9374,verified,low,13,2019-03-15T18:13:19+00:00,2022-11-13T16:48:50+00:00
494,C7000494,individual,Susan,Lang,1957-02-26,792068b651b7f976d7ecd5e1fa4767859fbaf43c37bcd08e3330f2daff0a5199,,,susan.lang259@icloud.com,(860) 849-0793,verified,low,15,2008-04-20T21:06:16+00:00,2021-06-08T21:57:30+00:00
495,C7000495,individual,Jessica,Jackson,1958-06-25,337c869b850ba1ea18b6f1b79c222519fe4bebe268f9765ff9255f940cc16d24,,,jessica.jackson909@icloud.com,(263) 251-4488,verified,low,13,2008-12-25T14:49:50+00:00,2014-03-14T11:54:33+00:00
496,C7000496,individual,Mary,Nichols,1973-12-29,d37fbeb20fc3744228f7d1572dc8311be42b6f2ec8e6335d0e65743cb1ee93a0,,,mary.nichols729@aol.com,(941) 515-2638,verified,low,25,2008-03-15T20:24:32+00:00,2008-08-29T20:02:16+00:00
497,C7000497,individual,Michael,Peterson,1965-05-14,1e47d7bee9283402405ec4063ff5cbb8a9c225998b53022d21db47588564c74f,,,michael.peterson600@gmail.com,(186) 323-9791,verified,medium,18,2013-04-12T22:57:59+00:00,2023-06-24T20:25:57+00:00
498,C7000498,individual,Jacob,Duncan,1938-12-11,95e6f8bec0b90efeed4dd4b164d1d1119d96bcfe6c0fd9c8a795a4830bfeb973,,,jacob.duncan732@icloud.com,(556) 057-1219,verified,low,23,2025-04-17T01:19:23+00:00,2026-03-15T18:54:40+00:00
499,C7000499,individual,John,Herrera,1967-12-13,782b711c77f991fd83ebf28b3ae647ecad349d146e4c7bf1c7534c500bda72f0,,,john.herrera199@icloud.com,(104) 246-2456,verified,low,20,2025-09-03T14:22:25+00:00,2026-08-08T23:29:21+00:00
500,C7000500,individual,Jack,Davis,1947-06-26,70cd74a2c1311d5bfcaf681a7fd3d376367e68d204063b60e6eec875d38b0620,,,jack.davis506@gmail.com,(915) 114-5512,expired,low,23,2016-09-05T10:27:31+00:00,2021-04-18T22:23:39+00:00
501,C7000501,individual,Christopher,Marquez,2004-02-16,cc62532e5fa3061184abdb48bd578f0b76a329cce6973601e79cc92f63db901f,,,christopher.marquez681@outlook.com,(848) 416-0461,verified,low,22,2024-09-14T23:26:10+00:00,2026-01-20T17:01:49+00:00
502,C7000502,individual,Sheila,Jacobson,1955-04-22,48dc18638a26abd6bfeb77e412cbe87b278320930bf722732257da899124c348,,,sheila.jacobson53@aol.com,(291) 073-2283,expired,low,13,2013-07-27T20:26:34+00:00,2024-12-04T04:36:15+00:00
503,C7000503,individual,John,Dawson,1954-02-12,ca6727651ee1f8309464487ffc01ab706d78d62c046158c85d659575970f6bdf,,,john.dawson340@outlook.com,(016) 234-1903,verified,low,20,2015-08-25T14:33:49+00:00,2017-06-12T21:42:52+00:00
504,C7000504,individual,Misty,Nguyen,1966-12-01,c67107f42511df43fad7543d5e91191af3a4ff08970a6002f6bf87d362a214db,,,misty.nguyen122@outlook.com,(473) 236-5337,verified,low,12,2016-10-08T09:20:03+00:00,2025-07-10T05:52:55+00:00
505,C7000505,individual,Donald,Ramirez,1967-12-26,f22e31a1a1b730c52b247bc335338078c08e80c903b4e5d169e6b43705a23c9c,,,donald.ramirez85@gmail.com,(819) 754-3734,verified,low,4,2018-12-31T15:06:46+00:00,2019-01-24T14:09:51+00:00
506,C7000506,individual,Daniel,Griffith,1974-10-16,153af8ce79c899750e667fd725feb0fa27f18c89885954dc1886b4afb2753382,,,daniel.griffith366@aol.com,(484) 601-9134,verified,low,24,2020-07-31T01:37:49+00:00,2021-08-05T23:00:11+00:00
507,C7000507,individual,Anne,Davis,1971-03-25,8dd9d52afdd0212065bba74d05b598a0a44c71ddfab4172846517d4501e2c4d4,,,anne.davis292@yahoo.com,(350) 557-3857,verified,low,21,2019-05-29T11:53:33+00:00,2023-11-05T00:17:08+00:00
508,C7000508,individual,Wendy,Jones,1986-01-28,802b5fef502cd775fce5a7009581e42c86123992dab905f999ad8d87fa347c60,,,wendy.jones368@aol.com,(723) 335-1040,verified,low,15,2020-04-29T02:35:36+00:00,2024-07-04T19:32:10+00:00
509,C7000509,individual,John,Alvarez,1957-05-26,1960b98183382ea51422f031340844caf40ce16553c5b4c63e6383984c17603c,,,john.alvarez152@gmail.com,(073) 651-1893,verified,high,4,2008-09-06T02:52:56+00:00,2010-12-16T06:41:02+00:00
510,C7000510,individual,Harry,Wilcox,1951-10-05,73ee7599e4fbfcd9e0d6de9bde82c1bec1a0719910b5ad7bc5e438fd1b4b487b,,,harry.wilcox566@aol.com,(073) 920-1354,verified,low,23,2010-04-10T03:03:15+00:00,2021-12-09T16:53:54+00:00
511,C7000511,individual,Daniel,Perez,1995-06-04,07dbf41c99f1ceacfd19bf15f183356c1d16af27cf5c81d76339fb1fd3a18574,,,daniel.perez675@icloud.com,(888) 995-7298,verified,low,15,2015-03-22T07:33:27+00:00,2025-02-22T08:03:21+00:00
512,C7000512,individual,Mary,Gonzalez,1958-09-17,605682fa9f0b44b4c7f3feecf788104f34b8c09a59b08a493700f07a0acece50,,,mary.gonzalez897@outlook.com,(719) 120-3818,verified,low,16,2025-09-08T12:58:10+00:00,2026-08-09T22:55:38+00:00
513,C7000513,individual,Amber,Miller,1975-01-03,9e63d804bf47a2fc91d10e982aaee5d674d8a3be5932e6c0e952c0f68de3136f,,,amber.miller207@yahoo.com,(458) 220-6732,verified,low,18,2014-04-01T16:58:36+00:00,2022-09-27T04:51:26+00:00
514,C7000514,individual,Marc,Martin,1957-05-06,e42da5de2f9b566e6f952afb1d7ed2026be2158de63014fbc5fd26373628eb7c,,,marc.martin298@aol.com,(000) 000-1529,verified,high,19,2016-06-07T00:40:56+00:00,2021-02-17T03:49:09+00:00
515,C7000515,individual,Jose,Miller,1995-06-08,7020d0798d33b75248a4a07f7b6e021bf97cef95fccf12e13bc442d91525f639,,,jose.miller873@gmail.com,(987) 478-1224,verified,low,22,2016-04-29T13:36:25+00:00,2023-04-12T11:28:59+00:00
516,C7000516,individual,Nina,Gray,1982-12-06,4b22965f7561221890d811afb40530217d6f3f76b9aa118191207fb4c266d40d,,,nina.gray549@aol.com,(848) 266-9136,verified,medium,9,2025-10-07T23:24:44+00:00,2025-10-13T16:39:27+00:00
517,C7000517,individual,Bobby,Klein,1982-02-07,6c55f771c7b6e3c6c339e25711148dc8cddf33add8cf84d79ab542ad6bc93ad6,,,bobby.klein948@icloud.com,(336) 998-7950,verified,low,8,2013-04-30T18:17:01+00:00,2017-09-24T13:51:00+00:00
518,C7000518,individual,Joanna,Green,1989-10-16,cb82e6da52d1aa26d7a2522da5018f8408605a9deea14b043bb82b1a49e1e3a6,,,joanna.green174@outlook.com,(287) 738-3638,verified,low,9,2010-05-29T06:29:33+00:00,2017-03-10T08:27:43+00:00
519,C7000519,individual,Ashley,Caldwell,1989-08-06,211dc766a0dcab405fc286e35d015dc199693fe556118d5c52e9f1b39fa37ed1,,,ashley.caldwell874@gmail.com,(203) 625-8631,verified,medium,4,2009-05-31T01:09:48+00:00,2010-07-22T07:24:51+00:00
520,C7000520,individual,Jacob,Kramer,1988-12-04,a170c33deaa7980a93e0795f27777d3468c53b33d5327aa8806ae346f38ebe94,,,jacob.kramer630@outlook.com,(824) 301-7646,verified,low,23,2016-08-16T01:29:35+00:00,2020-03-22T14:11:41+00:00
521,C7000521,individual,Victoria,Carter,1952-04-03,1c541d91b7fba028bc1bccd2e3d5193f8065f9f59b6d4e0cc78937776c5f2b8c,,,victoria.carter360@gmail.com,(538) 495-1632,rejected,low,22,2011-08-07T12:48:47+00:00,2017-06-27T10:17:26+00:00
522,C7000522,individual,Richard,Johnson,1943-03-08,a747010325fe1bd9fe99f17cae07d358fe26b9549b9e3ae87a0ca6651e2f33ef,,,richard.johnson957@icloud.com,(987) 561-7868,verified,low,23,2026-02-03T10:46:58+00:00,2026-05-20T09:47:56+00:00
523,C7000523,individual,Alexandria,Smith,1986-08-09,1ee4e3dab985d550b99b150cd01ffd5cb424f8a3de110428c3977171bad4be06,,,alexandria.smith993@outlook.com,(744) 916-0936,verified,medium,1,2020-01-09T19:30:34+00:00,2020-08-05T10:47:28+00:00
524,C7000524,individual,Randy,Woods,1997-03-25,becda4a4120d4b5e4095ba220e148e157bedf22a23c00b7eb69bc3255109d44f,,,randy.woods325@yahoo.com,(632) 239-9821,verified,low,22,2010-03-21T17:28:29+00:00,2023-10-16T16:17:54+00:00
525,C7000525,individual,David,Herrera,2004-07-07,1b1532394e4a47382ec8acf7a28dcb37547f442f27139153379f9c38f21067c0,,,david.herrera999@aol.com,(505) 376-6608,verified,low,3,2014-04-20T09:38:43+00:00,2020-06-28T20:44:31+00:00
526,C7000526,individual,Christopher,Pitts,1939-08-31,9914ce6538ffadc0a4bf4ca1e48a084a18ca3cefef763b9d13fad555f6f15665,,,christopher.pitts787@outlook.com,(715) 312-3455,verified,low,9,2014-09-20T08:13:32+00:00,2016-03-15T22:49:55+00:00
527,C7000527,individual,Rachel,Howell,2007-08-02,0d4fc4f9b48adaa79360e78e97a83977af9d543bc87978aeaa64b18823c95671,,,rachel.howell563@aol.com,(401) 348-0873,verified,medium,24,2024-12-02T19:53:13+00:00,2025-11-27T17:03:10+00:00
528,C7000528,individual,Hayley,Smith,1996-02-09,a7c35aa02924fb6f1caee4c5faec0cd66c1029dad145d1f68a6e5b861d166332,,,hayley.smith5@gmail.com,(991) 449-2074,verified,medium,20,2010-07-15T18:09:09+00:00,2011-03-24T05:03:35+00:00
529,C7000529,individual,Katherine,Reese,1985-09-19,8982ad7334f7696ef2a02d007c32cbac2f153306ef12bb5ef4182b1d4c486ae8,,,katherine.reese718@gmail.com,(718) 428-5969,verified,low,20,2011-02-13T22:21:03+00:00,2011-05-20T22:47:29+00:00
530,C7000530,individual,Daniel,Combs,1995-01-11,fc1022bc4a830a0b2ce2ad84494febc79dbc2c431a81cd602a6e211a81a143e2,,,daniel.combs217@aol.com,(266) 980-6908,verified,low,14,2017-02-17T06:13:41+00:00,2018-12-23T19:10:45+00:00
531,C7000531,individual,Carrie,Cox,1955-01-18,c8d8c08a15576e7b29e52944e32721053265fb9614e29a2e67c617afc22cbb1e,,,carrie.cox416@aol.com,(280) 405-6129,verified,low,4,2020-01-07T05:53:44+00:00,2021-09-18T02:21:55+00:00
532,C7000532,individual,Crystal,Mclean,1953-02-08,b88a3b407c47849e57fa5962aeec4a9e0c11c45e3026921c76214d5b9c606371,,,crystal.mclean989@yahoo.com,(612) 385-9514,verified,low,5,2021-07-21T13:54:13+00:00,2022-02-19T08:09:03+00:00
533,C7000533,individual,Tina,Hughes,1952-01-27,42d62698b33aa60b5b9ace7fc20b5dc29a800729534a4578209ca465829e028f,,,tina.hughes697@outlook.com,(395) 001-6809,verified,low,18,2026-02-10T23:34:51+00:00,2026-03-28T02:35:16+00:00
534,C7000534,individual,Jeffrey,Ramirez,1938-12-03,56a20ab98e8586979cbc5276fea34b88cb0d8497dd03364141a4147f01a75275,,,jeffrey.ramirez767@icloud.com,(794) 620-7266,verified,low,2,2016-08-04T10:53:10+00:00,2018-08-28T22:49:16+00:00
535,C7000535,individual,James,Hall,2004-04-09,a7f3811436582dccc83efb5c7f938cee434526d0a11c1280fedc2566896d97bb,,,james.hall987@icloud.com,(552) 356-1781,verified,low,16,2011-09-22T06:07:57+00:00,2018-12-06T09:24:56+00:00
536,C7000536,individual,Susan,Lin,1960-08-29,51b810068b97676dd2004ae59625c782d811e35747c7900a6dd7aa08809d0638,,,susan.lin102@outlook.com,(648) 016-4403,verified,medium,24,2021-05-14T19:30:31+00:00,2024-02-19T14:20:10+00:00
537,C7000537,individual,Christopher,Vasquez,1995-12-29,be82aa2ac044e53bff1be44dd6a14b679d5ffd1d08c00101cddc2d59402f3524,,,christopher.vasquez944@yahoo.com,(213) 486-2985,verified,low,18,2023-11-12T02:32:00+00:00,2026-08-30T07:04:24+00:00
538,C7000538,individual,Shawn,Graves,1966-04-26,d80e3e62fd90c01e07e3c9ffdc7eaf35bc6127f3b1cb091d5b88d25c541bd248,,,shawn.graves863@aol.com,(368) 205-0682,verified,low,23,2018-11-12T12:32:02+00:00,2021-09-02T06:31:55+00:00
539,C7000539,individual,Donna,Smith,1961-07-07,f6d2fac11ffa06625761f667aa2d8474e70744c0c18b7a01910c41653d7192d2,,,donna.smith79@gmail.com,(146) 921-8219,verified,low,24,2015-12-26T16:09:07+00:00,2017-06-16T03:14:19+00:00
540,C7000540,individual,Amy,Proctor,1980-03-14,d04384dd317569f6b5f1823b7569e09416ac47a2ce8bd8a66494b3c6c54ff41e,,,amy.proctor100@gmail.com,(842) 495-9881,verified,low,12,2012-02-03T08:33:39+00:00,2025-07-12T15:07:18+00:00
541,C7000541,individual,Michael,White,2001-04-15,325ce2c0fb5c6906ebc95c0856ee476c30daf1ccc92fc0a7f5c6fb1a99b67af4,,,michael.white550@yahoo.com,(673) 820-9746,verified,low,21,2009-09-25T01:31:49+00:00,2021-06-10T12:52:08+00:00
542,C7000542,individual,Tyler,Bruce,1997-02-27,7e6cee9f90d042800297961512d663753f4a862df8001a1da5269ee70a175370,,,tyler.bruce285@gmail.com,(893) 708-5806,verified,low,20,2009-08-23T13:37:51+00:00,2015-08-09T19:53:56+00:00
543,C7000543,individual,Jessica,Rivera,1970-02-23,8bfac0fb0ea9d94e8c90bdfb51331f5df211d2f2a25ead3f3b5c76e9d40b0cbb,,,jessica.rivera756@gmail.com,(124) 825-5442,verified,low,8,2011-07-27T12:39:02+00:00,2014-07-15T20:30:18+00:00
544,C7000544,individual,Sarah,Thompson,2004-10-28,32a7cc17f5e4745f935f0665a7437c851782a6627e9366d2825e2840490259be,,,sarah.thompson855@icloud.com,(926) 933-5895,verified,low,10,2014-10-18T04:03:33+00:00,2015-07-20T20:56:14+00:00
545,C7000545,individual,Stefanie,Hansen,1938-11-02,7ac469e7342f9b848d55d8b7b3370579c60fc0049979635817d44e5f09804210,,,stefanie.hansen426@gmail.com,(744) 303-4918,verified,low,5,2022-03-03T02:33:54+00:00,2025-05-10T22:11:07+00:00
546,C7000546,individual,Benjamin,Roberson,1952-08-25,88755ea0b6631c41c7e4139497d7710eec82396f4aaa63ffc1c2cb6f369a12b1,,,benjamin.roberson286@outlook.com,(547) 155-3132,verified,low,15,2011-03-11T08:29:50+00:00,2014-07-08T12:52:15+00:00
547,C7000547,individual,Heidi,Schneider,1945-06-22,c809544ff2c7263feec7b299239732b7917f4785d7021b6af83fcff020e44751,,,heidi.schneider130@gmail.com,(105) 276-9819,verified,low,24,2024-03-18T21:16:34+00:00,2025-12-21T17:25:19+00:00
548,C7000548,individual,Trevor,Morgan,1961-09-03,a6b4a450824aba3bf9c0b09aea484e3c93e505ab4e453342fdfddec0a648dac4,,,trevor.morgan557@gmail.com,(485) 965-5942,verified,low,21,2012-06-16T01:39:48+00:00,2020-05-03T10:21:05+00:00
549,C7000549,individual,Laurie,Watson,1954-01-10,0715cc4868933c81d4891322e90ff95bf9120534d3603c5c06897fbed6e099d1,,,laurie.watson823@yahoo.com,(313) 215-5130,verified,low,5,2017-02-02T17:47:50+00:00,2017-12-14T07:01:19+00:00
550,C7000550,individual,Brenda,Carney,1972-07-24,fbb55b953824ae9575e4ef463206bf5d0b7da210fd7e4fc8c61c93c91295dc89,,,brenda.carney794@gmail.com,(367) 746-2025,verified,medium,1,2008-07-21T19:55:12+00:00,2021-09-11T00:15:52+00:00
551,C7000551,individual,Tracy,Harris,1976-12-21,f1edb97e9c077a58d8f493206c4556548a9ed59db2d723163330c0f2bb65373c,,,tracy.harris389@gmail.com,(827) 681-7225,expired,low,11,2021-05-01T03:44:39+00:00,2024-01-19T10:30:41+00:00
552,C7000552,individual,Kimberly,Santiago,1969-12-06,a2667b83cb884cc0ac64e2eb26a321bb273e2a670e4a22508640d9644dc40e0a,,,kimberly.santiago933@gmail.com,(831) 608-2717,verified,low,18,2018-01-03T21:22:11+00:00,2025-03-12T15:07:52+00:00
553,C7000553,individual,Stephanie,Browning,1952-12-05,3d138c696367bef5b7f8f69ea674c03445da598b98f37c2c6d14078bd0696394,,,stephanie.browning387@outlook.com,(216) 591-4388,verified,low,8,2008-01-19T22:13:38+00:00,2009-09-15T20:47:23+00:00
554,C7000554,individual,Deanna,Mclaughlin,2000-05-21,a30d2c7f0f9574c8a23e70ccf63954acd5239ade3c7234bd52bdef1c1432f9e7,,,deanna.mclaughlin678@gmail.com,(643) 095-4497,rejected,low,12,2017-06-26T02:11:03+00:00,2025-01-28T13:28:41+00:00
555,C7000555,individual,Elizabeth,Carlson,1991-09-02,49ce457a612bd5b4ded2ac25f3cb0c3c457cda489f1f0d0455faae8f02c37331,,,elizabeth.carlson791@aol.com,(137) 529-8832,verified,low,1,2016-07-11T08:38:35+00:00,2026-04-01T04:02:49+00:00
556,C7000556,individual,Lisa,Parks,1970-10-14,512bef154e34017166ab9976254cd3ae6b183c88d91d8134d0eaa7cc4bfbad7a,,,lisa.parks641@outlook.com,(975) 358-5238,verified,medium,9,2024-12-18T03:22:15+00:00,2026-02-05T13:29:36+00:00
557,C7000557,individual,Monica,Finley,1999-08-22,21cb3fffaf5f23c39dae97a434ab52e2c536c2d5c84b3011505091cd6786a926,,,monica.finley68@yahoo.com,(102) 929-5014,verified,low,23,2015-05-30T00:40:17+00:00,2022-06-01T04:30:45+00:00
558,C7000558,individual,Gloria,Porter,1980-12-11,c2e0acbc022b141af54eadf9552de45f2f72ab967d486bd1e057d08ff76ae3fe,,,gloria.porter743@aol.com,(602) 213-2176,verified,low,25,2022-01-08T08:46:54+00:00,2022-07-06T06:00:42+00:00
559,C7000559,individual,Sean,Sharp,1984-09-16,8fe9fe131519cde4b86f1e40c4e2e1aa13352456157786db31273339a1640ad1,,,sean.sharp378@outlook.com,(733) 930-4936,verified,low,23,2015-06-23T04:48:06+00:00,2017-07-30T12:36:54+00:00
560,C7000560,individual,Andrew,Hansen,1965-10-03,4e8d175c3c38c90ffb99e1458233eab7e57d510d5ca0b30374011290b7485e11,,,andrew.hansen518@gmail.com,(509) 522-9462,verified,low,18,2023-12-31T01:55:05+00:00,2025-12-28T12:25:46+00:00
561,C7000561,individual,Sarah,Baldwin,1978-02-12,46bb93ebafa634b2af93ec8c8b56a487a339f3d737ba8ef6d76cc1a2e61a36f2,,,sarah.baldwin704@gmail.com,(970) 137-1243,verified,high,10,2020-06-26T19:09:59+00:00,2022-04-21T20:48:57+00:00
562,C7000562,individual,Veronica,Conrad,1967-09-21,b39b0b13e202cdc2ee0f6401e5524fe793afeb63bede96b6f0022ef5dae3bc5b,,,veronica.conrad97@aol.com,(273) 874-0299,verified,low,3,2022-12-14T09:25:37+00:00,2024-09-17T09:15:36+00:00
563,C7000563,individual,Michael,Stein,2005-08-24,30a3d18060cc73aede6c79a3b54f465fa113b84de88ed9f0082be12c283cb91e,,,michael.stein41@icloud.com,(756) 491-5795,verified,low,8,2015-07-04T19:30:27+00:00,2023-08-16T04:34:11+00:00
564,C7000564,individual,David,Bowers,1946-06-08,bf001ff93200f800768c6d89a44573a615beca11ecfd3660c8d9a1e2bb22f83e,,,david.bowers885@aol.com,(683) 176-4172,verified,medium,25,2023-11-29T05:19:54+00:00,2023-12-10T04:47:50+00:00
565,C7000565,individual,Terri,Bush,1970-08-19,e5108c17b3b4fefdf27b30e22b00a72d265eb05cde88a61896211015d8cb650a,,,terri.bush342@icloud.com,(067) 130-7351,verified,low,13,2025-02-17T16:33:59+00:00,2025-12-04T05:46:45+00:00
566,C7000566,individual,Andre,Graham,1962-07-02,705127ab077b7b4e98e21c60036f0c74cd2a1128c316b15285ed8bc05c89ab42,,,andre.graham619@gmail.com,(576) 694-7031,verified,low,10,2010-06-25T16:20:43+00:00,2024-08-17T13:16:31+00:00
567,C7000567,individual,Samuel,Hernandez,1962-10-22,5e3fdbce4c9841ec85a2051eaf6635b49860b0e8a64c297eb723d7ca5293bc95,,,samuel.hernandez200@yahoo.com,(327) 000-4666,verified,low,14,2023-07-14T16:50:18+00:00,2024-01-14T13:57:31+00:00
568,C7000568,individual,Johnny,Smith,1984-03-28,65dfdd1304de20a88878ba94a26dbb17009e51aef4bdd9ba65276ad9821aa078,,,johnny.smith302@yahoo.com,(881) 949-0531,verified,low,25,2025-04-22T16:13:45+00:00,2025-11-19T17:04:42+00:00
569,C7000569,individual,James,Garza,1986-05-17,4792ac781f16ba733c7df12338b162d735daf575b4da2f623d974633baf414b9,,,james.garza132@icloud.com,(698) 416-6123,verified,low,25,2017-08-16T22:14:30+00:00,2017-10-15T15:42:04+00:00
570,C7000570,individual,Steven,Strong,1997-09-01,68ab57f87d7b36a454a93e5b0c857b078d14590751f075850760d317a95f6083,,,steven.strong261@outlook.com,(602) 041-8135,verified,low,7,2009-11-07T15:11:05+00:00,2023-08-24T10:51:49+00:00
571,C7000571,individual,Katherine,Hayes,2000-03-21,fdcd35f9ffbb16997ec364ccda9236a696f48dad4e520a1177e39edb4765378e,,,katherine.hayes298@gmail.com,(839) 785-7082,expired,low,9,2019-07-07T09:06:34+00:00,2021-09-15T06:46:48+00:00
572,C7000572,individual,Christopher,Larson,1944-03-22,bad754a8cb7fd9bce341e4dced2909f93cae94815a03aef86de5924144793973,,,christopher.larson916@aol.com,(128) 794-2968,verified,low,25,2023-12-29T09:13:00+00:00,2024-02-13T10:26:25+00:00
573,C7000573,individual,Krystal,Tyler,1967-10-19,306e786a1016ad8c93c0f5e52480121d76b4451b10ada72cdfad45368d51ce52,,,krystal.tyler725@gmail.com,(078) 327-4883,rejected,low,20,2017-05-28T02:15:58+00:00,2020-01-26T01:25:45+00:00
574,C7000574,individual,Calvin,Smith,1977-07-19,c22770cb550522617de3f9ad54df141663c57de7084ceec3c64f99c69f14513d,,,calvin.smith549@outlook.com,(225) 936-4882,verified,low,5,2009-08-29T23:05:34+00:00,2020-07-11T22:30:21+00:00
575,C7000575,individual,Roger,Hanson,1942-03-25,a29c01d1f2dc84b35f8f9206c46086b3fbb106936d1b32dd3ec0d4f656c0021e,,,roger.hanson302@yahoo.com,(319) 359-2361,verified,low,8,2010-01-03T13:29:56+00:00,2017-03-12T12:15:57+00:00
576,C7000576,individual,Martin,Greer,1939-04-14,ca98c94d9762e7c797f55aede35659e0d15ce85bb0cfb8f08cc3bb8d4d7f86ed,,,martin.greer996@gmail.com,(447) 241-9165,verified,low,14,2019-11-13T10:06:33+00:00,2021-01-22T03:45:01+00:00
577,C7000577,individual,Sarah,Jones,1974-05-07,bdaa807a10a8610fab68e73550fe410d4ce138446f562ee0d783bd54412092b8,,,sarah.jones857@outlook.com,(989) 808-8067,verified,low,1,2010-07-26T19:13:37+00:00,2025-01-24T10:35:55+00:00
578,C7000578,individual,Courtney,Valentine,1976-06-27,59b433e5c3f1c15ffee16895a6af0baff7ead8d1b30f7720d39bce0ad978b1c4,,,courtney.valentine693@yahoo.com,(893) 969-8748,verified,low,19,2015-07-13T04:24:05+00:00,2018-07-05T04:46:34+00:00
579,C7000579,individual,Brian,Mcdaniel,1971-08-25,e37db52a9c66f6ace122af5ed1cf73d96bf4f9cfe5fa925863d772338da603fc,,,brian.mcdaniel904@yahoo.com,(605) 117-1603,verified,low,23,2022-12-28T04:25:21+00:00,2026-01-02T19:21:59+00:00
580,C7000580,individual,Brooke,Curtis,1959-02-09,f429f492f46e0f59c07471404a6d99e9edbb86fe9921bb953632936aee00f90b,,,brooke.curtis876@gmail.com,(894) 204-6648,verified,low,2,2023-10-01T21:34:47+00:00,2024-03-28T10:19:12+00:00
581,C7000581,individual,Mike,Lindsey,1999-12-01,b77e69f9522a3b46b35db0a5bb1888451fb08ad55f0254cabbd880716f122a60,,,mike.lindsey198@aol.com,(265) 401-6599,verified,low,23,2017-05-04T09:33:47+00:00,2026-06-10T06:44:34+00:00
582,C7000582,individual,Wesley,Frye,1975-08-07,47e8cb512e7d2a2a7a9ed3ce351e7861e6060230676183dabb6b164856f6d92f,,,wesley.frye418@yahoo.com,(600) 801-7986,verified,medium,15,2023-11-25T13:19:34+00:00,2025-05-17T05:27:50+00:00
583,C7000583,individual,Laura,Farrell,1983-01-25,0fb4351c74ee4e50970a6d6ee2569add0e8f9799f29c61f9b6578e2baf22798f,,,laura.farrell167@gmail.com,(212) 038-4375,verified,low,13,2016-03-02T04:44:19+00:00,2020-11-27T22:37:05+00:00
584,C7000584,individual,Stacy,Thompson,1946-10-23,3435edcbc60725f5ec0b94ef3b04a5db7cbf54fb8a16df04480b25f87cad22ab,,,stacy.thompson946@gmail.com,(385) 454-0064,verified,high,13,2021-06-09T04:04:38+00:00,2024-06-05T09:32:01+00:00
585,C7000585,individual,Samuel,Ayala,1991-12-25,15de612d4a0980fd6dcd979d694c46880c4b39d3b879eaccee3bcac8649033f3,,,samuel.ayala978@outlook.com,(427) 203-8862,verified,low,5,2016-05-30T16:13:08+00:00,2026-01-04T11:21:05+00:00
586,C7000586,individual,Jennifer,Lee,1965-03-06,0e767d42626e2a3490fa1bc104f752b816a713fe43ba6e88c37385e1ffe3de7a,,,jennifer.lee116@yahoo.com,(358) 824-9353,verified,low,13,2009-06-16T02:02:53+00:00,2013-07-26T04:03:08+00:00
587,C7000587,individual,Stephanie,Green,1968-01-30,e77c20e41231a7d9c6f13b9b197b267eb5df0f1e9ff126da1d48d1db3621255b,,,stephanie.green559@outlook.com,(385) 179-9378,verified,low,23,2012-01-17T13:51:52+00:00,2020-09-29T00:48:48+00:00
588,C7000588,individual,Paul,Howell,1978-11-09,5066694f90e4d2719343bfcc5b877ee33cadc2b17d4d1e790dd657c1034409b4,,,paul.howell243@icloud.com,(882) 904-5792,verified,low,2,2015-12-28T22:50:06+00:00,2018-09-04T16:13:38+00:00
589,C7000589,individual,Daniel,Lucas,1976-10-03,150405f74c7c93cbbdeda6c25acac10bea292509d39023ff599c7eab14259f7c,,,daniel.lucas550@yahoo.com,(293) 288-0983,verified,low,20,2024-04-11T06:55:38+00:00,2024-10-01T06:55:33+00:00
590,C7000590,individual,Steven,Gray,1940-12-11,c3050f29f48d737501825754e7abda3a27f336ad7fa621b8dc81edce18fe85d5,,,steven.gray249@gmail.com,(987) 610-8143,verified,low,19,2024-01-23T18:29:32+00:00,2024-07-14T05:17:56+00:00
591,C7000591,individual,Robert,Potter,1998-07-09,6ab5831cced877d2900c48044c76cccc10c2aeaae2ceff2fc0f853d7a4fa0bc9,,,robert.potter950@gmail.com,(354) 695-1003,verified,low,23,2021-04-30T20:50:31+00:00,2025-02-08T19:01:45+00:00
592,C7000592,individual,Mark,Leach,1940-12-30,8de6c71e7079c4708a40460db6071dfa11c685ee66073a85f81e99ca6026c3a5,,,mark.leach230@outlook.com,(664) 110-6541,verified,low,6,2009-07-25T01:35:42+00:00,2012-04-18T04:02:20+00:00
593,C7000593,individual,Brittany,Barton,1971-01-21,7ca683c90464c0b477ede184d19aba0e35c159b716be8614aa9d84f7dee858ee,,,brittany.barton536@yahoo.com,(058) 366-8348,verified,low,3,2015-07-04T09:47:16+00:00,2021-11-28T01:37:59+00:00
594,C7000594,individual,Amber,Grant,1974-08-26,d09b7a92a397507bce53797aea9fccc8e0d01c2e47a0df1fa8f55d960fe0c324,,,amber.grant296@aol.com,(178) 791-5059,verified,medium,19,2012-05-11T10:24:46+00:00,2026-01-19T16:49:52+00:00
595,C7000595,individual,Vanessa,Gibson,2006-02-16,ba94ec627e77e387632667f83f965d55c6fc8e14fae6db57ad9630533ff9996f,,,vanessa.gibson709@outlook.com,(826) 041-8095,verified,low,24,2016-01-11T10:21:13+00:00,2019-02-24T21:18:11+00:00
596,C7000596,individual,Devin,Phillips,1980-06-23,7a054d5d056f3bc1a70060e684ae32beccb9f8e6877684eaa9e84e54a6fa033b,,,devin.phillips712@icloud.com,(188) 241-9962,verified,low,2,2019-08-09T11:10:43+00:00,2026-03-08T06:08:17+00:00
597,C7000597,individual,David,Morrow,1962-05-03,1840b0c0fb7dffe3e2c9d6afd4c5104da1001e7074c2e1de1ecbf6ea274b3c5d,,,david.morrow66@icloud.com,(705) 682-0922,verified,low,21,2015-01-19T15:14:20+00:00,2021-04-07T01:14:55+00:00
598,C7000598,individual,Joshua,Brown,1972-03-12,2dfa1e8b4a48a6cbb9cb62b176bb7c8b4d959744a327d73778bb6d22f13b7e73,,,joshua.brown537@gmail.com,(822) 473-1261,verified,low,23,2022-08-26T20:59:28+00:00,2023-05-30T23:53:42+00:00
599,C7000599,individual,Megan,Blackwell,1945-06-25,d16c3728964dbc1c4ad19ec0110c71e0d1045f39d13dd212dd49984b56b64ba1,,,megan.blackwell922@aol.com,(152) 610-5370,verified,low,9,2008-07-26T09:26:06+00:00,2022-02-14T08:38:58+00:00
600,C7000600,individual,Vanessa,Miller,1973-07-10,47fc3b8644c36f6e27507a3d1f2bc7a3357765d273e80c487f3d8bd4debf5c17,,,vanessa.miller654@yahoo.com,(854) 329-8769,verified,low,6,2023-04-27T04:35:20+00:00,2023-10-09T20:32:40+00:00
601,C7000601,individual,Susan,Mcguire,1974-04-08,2873f654d3ae8fe2e46e82c655f0e1530067194d4358f8bcced7a413f73e1e81,,,susan.mcguire192@aol.com,(734) 813-1045,verified,low,11,2009-06-22T22:32:12+00:00,2021-12-08T20:47:45+00:00
602,C7000602,individual,Jessica,Kim,1974-12-07,c1aae94193fde6154419e7a1576368ca9e81eb87914128d30a30d5a90776d3d3,,,jessica.kim379@gmail.com,(352) 680-6486,verified,low,23,2014-05-13T07:27:12+00:00,2026-08-15T04:09:36+00:00
603,C7000603,individual,Amy,Ponce,1960-04-19,24d77e48a7e09852bbc80c76dcf85db1c6fbdc0749a219c86ca1a11267f00f33,,,amy.ponce625@outlook.com,(462) 805-5077,verified,low,1,2025-08-07T15:17:00+00:00,2026-06-21T12:36:22+00:00
604,C7000604,individual,Alec,Johnson,2004-04-01,e1144ad66dad99cfa8da417fa87f041e9a20874051998ccc198e5bba6e7be676,,,alec.johnson614@icloud.com,(510) 740-9131,verified,low,16,2025-03-03T04:14:58+00:00,2025-06-24T10:22:06+00:00
605,C7000605,individual,Paul,Mcdaniel,1950-04-21,fb7e5a0ad93122bc5da912ef291993d4c995591eacdf5e4e0c0ba736189d29e2,,,paul.mcdaniel208@gmail.com,(695) 354-1201,verified,low,11,2016-05-29T09:23:43+00:00,2018-03-14T06:14:03+00:00
606,C7000606,individual,Daniel,Lewis,1988-10-23,a23fd78f2dfb78c049e349c74c21bc1e75a7159361b2fdb0a5fd126ab0ecf9c8,,,daniel.lewis822@gmail.com,(594) 795-0740,verified,low,22,2025-08-28T23:40:05+00:00,2026-06-25T02:33:43+00:00
607,C7000607,individual,Sharon,Johns,1968-02-22,6b5937137680784d1b58ae1a2e24beb2e49835a4b4c8ec01eaaf406010e2cf32,,,sharon.johns540@aol.com,(411) 849-1359,verified,low,18,2013-01-13T06:53:44+00:00,2017-10-21T01:45:32+00:00
608,C7000608,individual,Ashley,Hahn,2002-04-03,28e9297d0dd287f3c9d92cfecd7083cae9894b9453099bec7b038506900057b2,,,ashley.hahn142@icloud.com,(186) 774-0378,verified,low,6,2017-12-27T10:53:34+00:00,2022-06-12T17:50:48+00:00
609,C7000609,individual,Melanie,Moore,1961-01-08,06be62907b5c17e087dcf081a026268870acba2c41e2ea995203107bfbda743b,,,melanie.moore933@gmail.com,(501) 736-5426,verified,medium,21,2017-04-21T18:01:24+00:00,2024-12-16T09:09:36+00:00
610,C7000610,individual,Kimberly,Robinson,1953-06-10,af76e0406a5f1faa5753156958d8968ad6d7d385f5e83c24e69904c561e12e56,,,kimberly.robinson899@gmail.com,(110) 090-6053,verified,low,22,2009-05-07T12:07:20+00:00,2024-06-10T02:25:48+00:00
611,C7000611,individual,Gary,Williams,2005-05-29,92a4367944f358ed43eb902a651ef40e1415a512fb940e5ad05ffb750214849e,,,gary.williams393@icloud.com,(202) 755-8214,verified,low,21,2013-04-09T03:17:43+00:00,2026-08-29T19:04:35+00:00
612,C7000612,individual,Susan,Garcia,1994-03-11,9aea76314057d1a9b88aafedaed06bcd2e8b723b188f710d66e63ca58881b835,,,susan.garcia133@outlook.com,(215) 818-9705,verified,low,1,2019-12-03T02:17:46+00:00,2026-08-16T01:35:22+00:00
613,C7000613,individual,Nicole,Carroll,1970-08-27,37e975653820a3e974c34a851b7c066706aae3ac7d47b4883c042dd3bf5f2306,,,nicole.carroll622@yahoo.com,(216) 880-0537,verified,medium,7,2011-07-13T04:02:44+00:00,2021-05-02T04:40:57+00:00
614,C7000614,individual,Larry,Brown,1944-07-16,5058408427d5b9ba31ebb2e7fa8ea3341646982a1e45617e5bd844181cb30f53,,,larry.brown354@gmail.com,(272) 002-8394,verified,low,15,2010-12-20T05:18:05+00:00,2023-01-20T10:24:20+00:00
615,C7000615,individual,Jason,Anderson,1990-12-05,320bcd365ba546d8fb2827d0cfdddcbc4b168c470949de634a592c4dff87af77,,,jason.anderson273@icloud.com,(116) 599-3020,verified,low,22,2021-11-04T00:23:07+00:00,2022-08-07T01:50:55+00:00
616,C7000616,individual,Mallory,Cooper,1994-01-13,47cf8832a47282d81503ac2114847fca1ac28ba486c83cafebc2a707493466d0,,,mallory.cooper736@icloud.com,(777) 569-1983,verified,medium,6,2015-04-11T04:40:46+00:00,2022-08-31T18:45:28+00:00
617,C7000617,individual,Brandi,Sosa,1953-03-20,01ca6be7fdf676cc256ef0cc75ec0e1bf73ab30a41d6b6e03e675859bde22eb5,,,brandi.sosa932@aol.com,(043) 841-9662,verified,low,20,2011-05-15T17:07:07+00:00,2017-09-11T08:28:10+00:00
618,C7000618,individual,Phillip,Ward,1959-04-03,f9381e7b30fa7b61d7f2afcc5dd6a8e6740ef541c9e218b9f14854c78783f5b3,,,phillip.ward669@outlook.com,(440) 766-3493,verified,low,11,2010-09-01T00:28:40+00:00,2014-08-05T08:17:48+00:00
619,C7000619,individual,Gary,Taylor,2000-05-09,2fbed8cda2068d5d7de504b4060034e83aa8dd3f7154eb5e46a563d3a6d1f22f,,,gary.taylor166@icloud.com,(424) 362-5854,verified,low,8,2021-08-30T06:26:04+00:00,2026-06-07T09:50:05+00:00
620,C7000620,individual,Rebecca,Dawson,1984-06-12,33bf2ec102525cca9c48f03af85ace2cec71830ef43056ec26835dc61b718cab,,,rebecca.dawson253@aol.com,(643) 385-3247,verified,low,11,2016-02-27T18:13:24+00:00,2021-09-23T00:58:23+00:00
621,C7000621,individual,Jessica,Hendricks,1977-10-01,b0f700c196a91c5412dc47b67c86a58164aca884a0920a05f5792f28650a371a,,,jessica.hendricks810@gmail.com,(576) 945-3536,verified,low,25,2010-07-01T00:42:11+00:00,2013-04-23T03:00:31+00:00
622,C7000622,individual,Justin,Johnson,1987-04-08,5d327f4795f6b0c8b2a899a5b521f73b922cc923d4c5616ccc246c6dcfd98bd1,,,justin.johnson740@outlook.com,(594) 815-2692,verified,low,25,2014-06-22T20:21:48+00:00,2018-11-08T01:30:48+00:00
623,C7000623,individual,Brianna,Wilson,1950-08-15,8b6488858bfc1313676ead9eb5a318062ff91b8f5d2ef25eca571bb8d6f5abc5,,,brianna.wilson329@gmail.com,(404) 893-3261,verified,low,20,2019-12-18T09:42:13+00:00,2022-04-23T09:06:41+00:00
624,C7000624,individual,David,Bentley,1996-02-01,ea1fa7940152cec7e52ba02656674272f4ec9281f30946724fa7f54cfdbc55cc,,,david.bentley490@outlook.com,(211) 587-1845,verified,low,7,2020-04-22T08:04:44+00:00,2025-01-09T09:21:13+00:00
625,C7000625,individual,Brandon,Crawford,1983-05-15,daa4c1d4c94d9a0d6423b7029034f78650ad86efc8f0b8a4c84bb729aa67771c,,,brandon.crawford750@yahoo.com,(086) 523-7772,verified,low,5,2010-09-09T21:30:16+00:00,2013-03-19T19:28:04+00:00
626,C7000626,individual,Sara,Richardson,1983-10-24,d64cb72eb983f823097c8eb4e4541f636851cda808809c528b278137c3ed814c,,,sara.richardson133@yahoo.com,(000) 272-2142,verified,low,4,2010-02-23T20:56:21+00:00,2020-05-20T21:14:02+00:00
627,C7000627,individual,Jennifer,Burch,1962-09-26,2f3a35356b64a5bd42e0e8a8b43d7f897fd151ee034c11142aa68b322f4ad84b,,,jennifer.burch214@aol.com,(332) 227-3938,verified,low,11,2018-08-07T15:41:12+00:00,2020-01-20T11:36:12+00:00
628,C7000628,individual,Austin,Sanders,2002-02-25,46ec606eab321aaf2c4bf514f6523b3d0b87736db070511998a9a3a5f298c9a5,,,austin.sanders538@yahoo.com,(708) 269-7182,verified,medium,22,2022-08-22T04:42:56+00:00,2026-02-25T16:00:21+00:00
629,C7000629,individual,Tina,Walker,2006-01-30,e4d0a393e6f2b3ad52b6a592d566bb561456d4428077f23579f1e7d03517c0cd,,,tina.walker754@gmail.com,(217) 648-4673,verified,low,25,2023-07-25T09:41:31+00:00,2024-03-29T09:20:04+00:00
630,C7000630,individual,Jon,Moore,1977-07-03,4b8fc53e178e9bb3fb39097f44822cd0b9c481c22bee172c1af0339ee7efea66,,,jon.moore335@aol.com,(922) 256-0629,verified,low,19,2011-07-15T10:06:20+00:00,2016-03-13T11:48:40+00:00
631,C7000631,individual,Dan,Young,1972-03-15,619ec056130a11d5dab4822ad059365b251bf8749e87275319060cce268f003e,,,dan.young491@yahoo.com,(841) 852-0136,verified,low,6,2015-10-31T01:15:59+00:00,2018-11-10T04:01:42+00:00
632,C7000632,individual,Lee,Hill,1971-07-14,334cf2e8a15fd2bde56e7bdccbfe9a2779a00db2762418df1d603a9059cf6457,,,lee.hill666@gmail.com,(491) 215-1641,verified,low,18,2010-05-30T00:23:10+00:00,2014-09-01T21:47:23+00:00
633,C7000633,individual,Traci,Garza,1969-09-27,423d77dd5f147b0d084d1521a80574611e25cea0455a49620f038370c2efbb56,,,traci.garza930@icloud.com,(207) 020-4262,verified,medium,12,2009-02-01T01:05:34+00:00,2019-01-16T13:27:25+00:00
634,C7000634,individual,Rebecca,Oliver,1970-08-01,67ed4f71c0853477b2b7518f99a69f9562dc54bf7fb7e666e87bd82fd3243e93,,,rebecca.oliver258@icloud.com,(760) 987-3126,verified,low,8,2015-11-18T09:38:20+00:00,2017-05-13T13:34:23+00:00
635,C7000635,individual,Amy,Gomez,1997-05-31,47572a29bf996dfd4909c9d3276a243a934e1a20919938d1dd1d2b9ba69f7059,,,amy.gomez812@icloud.com,(943) 191-6543,verified,low,25,2010-04-10T06:01:48+00:00,2011-12-04T11:31:46+00:00
636,C7000636,individual,Megan,Hampton,1972-04-02,25cd89e0a60951e908e2919117fa5f41b844415e45180e597376c2042d7e5615,,,megan.hampton459@gmail.com,(497) 470-0026,verified,low,12,2009-10-21T14:09:16+00:00,2010-04-27T23:27:41+00:00
637,C7000637,individual,Pamela,Simmons,2008-01-23,e848d7d3b8a772f65b965d167c4908d24aec0710c872d2fd6bf6bd547b39d0b4,,,pamela.simmons235@outlook.com,(500) 635-5373,verified,low,24,2009-11-19T06:45:50+00:00,2010-09-09T07:38:00+00:00
638,C7000638,individual,Ariana,Howard,1978-02-23,ab8d8589949198fbf9b6242645b842dca791c8f4470aaba64f5ac74d74337d4b,,,ariana.howard446@yahoo.com,(530) 597-0255,verified,low,20,2021-01-18T12:26:22+00:00,2025-12-05T08:53:27+00:00
639,C7000639,individual,Christine,Hansen,1978-03-11,48870eaf4c2518bd5154add8c3f3676b15ee4e4c12f83495ca18d31d77456c60,,,christine.hansen622@icloud.com,(654) 663-4544,verified,low,7,2011-09-08T23:48:00+00:00,2023-11-13T11:47:35+00:00
640,C7000640,individual,Martha,Duffy,1956-01-30,9e2b420595343b7abe3ec6867d7d0c34e6fb819a3fced49f16fbfaaa1c351451,,,martha.duffy875@icloud.com,(439) 464-0882,verified,low,24,2017-09-21T15:35:38+00:00,2018-03-29T23:43:41+00:00
641,C7000641,individual,Elizabeth,Patel,1992-06-08,4e70546141759bd944e61a68614a06315aa2ade9ddb2cbb200791f5ea868efdf,,,elizabeth.patel936@outlook.com,(413) 210-9720,verified,low,4,2018-11-28T05:48:04+00:00,2024-10-06T04:13:07+00:00
642,C7000642,individual,Thomas,Richards,1998-09-23,55f501c81d98100d66801156c7ade806b39206bf4c96ad09d66e0cba25571382,,,thomas.richards626@aol.com,(300) 449-6461,verified,low,9,2013-11-13T19:52:36+00:00,2024-04-03T10:40:30+00:00
643,C7000643,individual,Kimberly,Harris,1999-01-21,269205c157243d6bb49e7ae23ab52c05b1a11503e7fc0d05406ecba8dc6eb1a5,,,kimberly.harris124@icloud.com,(658) 963-5957,verified,low,23,2011-09-06T22:53:28+00:00,2020-01-21T02:35:58+00:00
644,C7000644,individual,Jordan,Murphy,1965-04-08,09445558d8a4ddaab72fca77fcaf7dd840821cd539ce09b99748f6ad982a8181,,,jordan.murphy781@outlook.com,(388) 503-4236,verified,low,6,2018-08-01T18:59:18+00:00,2020-04-20T03:08:21+00:00
645,C7000645,individual,Daniel,Turner,1984-10-26,afc6bc7d15ece9f256e033dd65ca1fb042904770f90d47e2a18d45dd49e95b90,,,daniel.turner905@icloud.com,(686) 800-8529,verified,low,6,2021-03-09T18:23:23+00:00,2026-06-25T08:40:19+00:00
646,C7000646,individual,Brian,Perez,1994-02-05,1567da464cfc3649b40ce767212bd48791a4f1774bbf2d78c022d078e150dcfc,,,brian.perez823@outlook.com,(022) 894-6652,verified,low,22,2020-03-31T07:37:37+00:00,2026-04-12T07:40:03+00:00
647,C7000647,individual,Jason,Rich,1954-01-14,eb4254770438d088168e59173a9649f3f38b7f498d8e320ee039b1b276983b74,,,jason.rich456@gmail.com,(467) 711-6750,verified,low,3,2024-09-11T15:15:29+00:00,2025-10-15T01:16:36+00:00
648,C7000648,individual,Shelly,Thompson,1954-02-12,1718f4f99bb9b79de879e7da00d854343a99adcd5a1a1caa5764906be2caecd2,,,shelly.thompson535@aol.com,(472) 303-4202,verified,low,12,2010-12-24T01:11:17+00:00,2014-08-26T00:25:17+00:00
649,C7000649,individual,Robert,Guerra,1984-08-17,3e9485cd48f802ed4a92f9ac6ecb03fb65cc91e562ef5df2729f3537129df900,,,robert.guerra683@gmail.com,(177) 546-1992,verified,low,16,2008-11-12T23:41:30+00:00,2012-01-29T23:56:56+00:00
650,C7000650,individual,Billy,Sosa,1993-03-31,be389fa07e39745bf9c460b806c304e77ad0dd994b8de4fcbb1e3ea72c83750f,,,billy.sosa277@yahoo.com,(684) 482-3733,verified,low,20,2024-07-07T00:02:48+00:00,2025-06-14T02:46:27+00:00
651,C7000651,individual,Haley,Perry,2002-12-03,bd0703a57c5ab6a11f8339bdab85b3a509c8ac5ab5153b07747775b875ee1712,,,haley.perry810@aol.com,(170) 740-3925,verified,low,3,2012-04-01T14:43:08+00:00,2017-05-20T12:42:19+00:00
652,C7000652,individual,Hunter,Smith,1998-08-02,73d1aaa6fba7e089d901c16afa5a19dd3010dd59be20153848097088f6150f91,,,hunter.smith687@icloud.com,(162) 654-9633,verified,low,23,2022-06-10T00:54:22+00:00,2025-03-08T04:06:51+00:00
653,C7000653,individual,Victor,Greene,2003-03-22,2428c12d5871afa038e413e580af0a4797aa2395706b596a4736053d18165fa9,,,victor.greene156@gmail.com,(702) 059-6851,verified,low,10,2008-06-22T10:54:21+00:00,2011-04-08T01:53:00+00:00
654,C7000654,individual,Samantha,Wells,1994-02-27,fb461bd7c36d4f5843ea91a5c9f3679f2f4cfc473e02af15ae0f0a0300bd8312,,,samantha.wells984@yahoo.com,(592) 061-6581,verified,low,20,2010-04-26T15:22:28+00:00,2016-11-18T17:12:07+00:00
655,C7000655,individual,Stephanie,Mack,1953-03-25,f190858f7c99119cfb960347443d5ce0636deb105fc4ef379771d0c8a275a275,,,stephanie.mack23@aol.com,(559) 636-3726,verified,low,14,2016-04-01T19:55:23+00:00,2017-03-09T01:03:12+00:00
656,C7000656,individual,Melissa,Bush,1948-11-16,ee14c93fccb21e842b05a025781a1e1d6a249415bcf3f831be56d13e9d9da973,,,melissa.bush45@outlook.com,(122) 121-5481,verified,low,8,2024-07-30T09:00:44+00:00,2025-09-04T06:56:03+00:00
657,C7000657,individual,Amanda,Price,2007-12-08,a09523b8df9febcbb2c8fb4221fa3251c1ecfbfde75dd87642e8f8ff53832cdf,,,amanda.price714@outlook.com,(006) 298-7787,verified,low,7,2015-12-13T18:33:06+00:00,2024-06-09T05:34:51+00:00
658,C7000658,individual,Caitlin,Ramsey,1953-03-08,23e31ce4e9107924f7512834222cc3d629e9415fd054711c3ff356bf1d22eb6f,,,caitlin.ramsey646@gmail.com,(192) 622-1320,verified,low,19,2019-01-08T02:01:40+00:00,2026-05-23T05:22:00+00:00
659,C7000659,individual,Michelle,Glenn,1944-02-14,663211b8fee92c0585194e0b8f2a266fcf6b399ebd45eec146be3e0e128f90e8,,,michelle.glenn190@icloud.com,(726) 999-9498,verified,low,21,2022-08-04T20:44:42+00:00,2026-07-05T02:58:06+00:00
660,C7000660,individual,Robert,Mclaughlin,1990-08-19,2330c6af055efbb5e628cfea7df3845b58cdb058eb9633cb99daef2e65efb9ca,,,robert.mclaughlin336@outlook.com,(005) 328-5386,verified,low,3,2015-01-24T11:16:10+00:00,2026-06-24T23:38:50+00:00
661,C7000661,individual,Amanda,Reynolds,1996-02-19,469a4cf99c33c13967350ec8eb4975dd558f69208f83f5ab92eeeaf2fbf2d50d,,,amanda.reynolds46@outlook.com,(332) 838-9633,verified,low,24,2020-12-01T15:04:48+00:00,2023-09-04T02:51:40+00:00
662,C7000662,individual,Teresa,Lee,1984-11-09,fd0ab996bd705ecf1cc6b4e41fa70d3730211730eb4b0d8726778e4be8be6bc5,,,teresa.lee528@aol.com,(339) 218-8352,verified,low,4,2026-02-01T14:25:11+00:00,2026-04-29T11:15:57+00:00
663,C7000663,individual,Joseph,Townsend,1981-10-30,4798998dead935eea6c2d96f397a35b5eb851eade640b8d94cdca31f52ff5287,,,joseph.townsend805@aol.com,(761) 781-5969,verified,low,9,2026-07-05T19:01:44+00:00,2026-08-08T21:41:59+00:00
664,C7000664,individual,Peter,Richardson,2005-05-31,820c4172d7b3415bff2bf327430525d0d080a0bcefb3ccc094fa3b59f1a81e98,,,peter.richardson585@icloud.com,(629) 591-2573,verified,low,1,2022-01-06T22:08:53+00:00,2023-06-21T13:33:27+00:00
665,C7000665,individual,Michelle,Johnson,1956-10-06,da8c65ed361674ca92f375a29298d39543962f91271b70ee0c9d1d98374bc70a,,,michelle.johnson189@icloud.com,(966) 941-7996,verified,low,22,2024-03-26T17:53:59+00:00,2024-12-14T22:42:56+00:00
666,C7000666,individual,Bonnie,Stokes,1945-04-24,a9c907dae83a1a62f0b561f74da98e79225d3dd938235de9d33be02ca8f49ad6,,,bonnie.stokes673@icloud.com,(980) 445-0928,verified,low,24,2015-12-08T19:00:31+00:00,2017-05-21T05:21:54+00:00
667,C7000667,individual,Ashley,Lee,1984-12-29,91f597d6e32e5a1f76ab116db107836d0fd67df6340cc85fdc85ae1946c01db8,,,ashley.lee655@icloud.com,(748) 839-9741,verified,high,18,2023-02-10T11:35:23+00:00,2023-02-18T13:30:23+00:00
668,C7000668,individual,Cristian,Oneal,1993-01-02,f207e1abe9d7a3ea4afd77536a4c97c16178066c96ed37fafefc70a99d36a0d7,,,cristian.oneal904@outlook.com,(305) 641-8493,verified,low,21,2024-03-18T04:03:49+00:00,2026-03-09T21:33:51+00:00
669,C7000669,individual,David,Larson,1940-10-19,c1ee3970ca7465502b9458d9a58ff4cc29e7c866b272c051ea0a9eede827f50f,,,david.larson351@yahoo.com,(568) 652-4062,verified,low,16,2012-08-27T19:36:36+00:00,2022-06-15T19:59:53+00:00
670,C7000670,individual,David,Smith,1954-06-23,259a7965878dfe3819f2804d66715167324ab53cf120ad530f171e034a5c80e0,,,david.smith127@aol.com,(470) 474-7648,verified,low,5,2025-07-27T21:05:24+00:00,2025-11-03T00:26:39+00:00
671,C7000671,individual,Christopher,Taylor,1961-05-16,160d477f8dedbfaad6ef98a569e8a930363d0774456eda35731b4a6f032632b0,,,christopher.taylor150@yahoo.com,(129) 003-6221,verified,low,25,2013-04-14T20:25:30+00:00,2014-04-26T09:24:09+00:00
672,C7000672,individual,John,Reed,1960-07-08,0001e239d0728a20a7b5974a6afcbc9aa0378526d90df6a90cfb9a9052041930,,,john.reed783@yahoo.com,(852) 294-2525,verified,low,13,2016-05-09T13:52:43+00:00,2019-05-26T07:53:51+00:00
673,C7000673,individual,Allison,Walsh,1963-07-09,78334500b73ebda29e5d4c5059b18c2194285e86e0d594aded73d46c8a25c76c,,,allison.walsh622@icloud.com,(477) 447-3535,verified,medium,3,2020-02-21T17:18:12+00:00,2025-08-02T01:34:25+00:00
674,C7000674,individual,Stephen,Green,1997-11-22,0da85eefc01f138556fad8c1a32cef00d78250b62b31c1a9e51200da9e7b4ea5,,,stephen.green903@outlook.com,(053) 788-0331,verified,low,8,2019-07-27T08:28:23+00:00,2025-09-16T04:34:25+00:00
675,C7000675,individual,Gregory,Mcintyre,1942-07-30,32de2bb6db9a3ffc7feddca68b06c42ea08f554132ef85161cd5b8d99bb2fd47,,,gregory.mcintyre286@outlook.com,(787) 304-8625,verified,low,6,2023-08-14T03:10:33+00:00,2025-09-13T02:37:30+00:00
676,C7000676,individual,Timothy,Shaffer,1974-01-26,8a8e1b57fc80eff19ceea98542d5358063c25453ce82413b7a10807c9290f8e7,,,timothy.shaffer16@outlook.com,(915) 673-4467,verified,low,4,2016-05-06T18:40:01+00:00,2022-07-13T08:21:32+00:00
677,C7000677,individual,Jeffrey,Cervantes,1947-06-04,b638f367337c7509f7bed09d47c19eba4343ad80aa392d421ca63327668c7a6f,,,jeffrey.cervantes614@gmail.com,(466) 450-9999,verified,low,24,2017-07-15T02:44:08+00:00,2026-08-04T11:25:49+00:00
678,C7000678,individual,Sarah,Fletcher,1949-05-08,eaeb6398b9a63c4e32c4dd1de8b41346873a330fd1acf55d05735bf00a118eb7,,,sarah.fletcher554@icloud.com,(896) 844-2464,verified,low,21,2023-01-07T05:10:02+00:00,2023-09-01T07:41:55+00:00
679,C7000679,individual,April,Rodriguez,1979-10-14,7f244a1216cb82fc0b897f6353d04677f9fcac6fa499d6100b039eddf639264e,,,april.rodriguez676@aol.com,(179) 789-1248,verified,low,22,2010-10-18T22:00:39+00:00,2017-01-14T23:00:01+00:00
680,C7000680,individual,Tammy,Schaefer,1995-04-20,148a98bbd6eff7041cbc2f4829474d3c8dedfdc101d219c9e6d9363aad0daeee,,,tammy.schaefer16@yahoo.com,(367) 286-8112,verified,low,4,2010-09-13T10:15:31+00:00,2024-12-11T22:18:39+00:00
681,C7000681,individual,Joann,Williamson,2002-10-30,ced8b86d8922694e78725a59ddff9c7860386e55fd8425d4ad9a7d528795bb23,,,joann.williamson86@outlook.com,(921) 779-0552,verified,low,19,2021-04-01T15:25:13+00:00,2023-05-09T03:55:27+00:00
682,C7000682,individual,Ronald,Berry,1986-09-21,31e119fa851ebfaeeae857fd699a84cedcdb305eedd06232b67f7873a67b944f,,,ronald.berry419@aol.com,(818) 104-5024,verified,low,10,2019-11-22T01:16:48+00:00,2024-07-06T14:33:57+00:00
683,C7000683,individual,Kelly,Wade,1943-10-30,a393e8852af84f1bfedc0c0176fc67017f1006e77ae288f42d32b5d0e8106968,,,kelly.wade400@icloud.com,(663) 979-2551,expired,low,23,2016-01-30T02:55:34+00:00,2016-11-12T05:05:19+00:00
684,C7000684,individual,Hunter,Johnson,1948-12-21,0a219bbae88272c72bb57dea322fa15104d6c5e3199687a417bf14ce28ad0a7d,,,hunter.johnson2@icloud.com,(660) 534-2816,verified,low,10,2024-07-12T13:08:45+00:00,2024-10-01T05:44:15+00:00
685,C7000685,individual,Kevin,Clayton,1940-10-08,3a7cd2054cc6168300b3b37cf4ae9c4a85b6123be99e82f02bd6648bb9f27563,,,kevin.clayton208@outlook.com,(103) 880-2730,verified,low,19,2022-02-02T14:43:25+00:00,2023-11-04T12:46:02+00:00
686,C7000686,individual,Laura,House,1978-07-30,7b7a1c9c85945921a5bf1a3ee8239593ad1701617dc8533b23bfa6b37a4ac7a2,,,laura.house122@icloud.com,(067) 649-0922,verified,low,20,2018-04-18T04:46:11+00:00,2024-01-17T22:23:09+00:00
687,C7000687,individual,Travis,Chavez,2000-10-17,b822004f8dcbd94a503f5892eea04d87391a48d35de86d4240e2c2523a95fe28,,,travis.chavez710@aol.com,(688) 116-4034,verified,low,1,2018-07-21T11:56:18+00:00,2018-09-26T00:03:38+00:00
688,C7000688,individual,Cindy,Rodriguez,2005-04-14,00cb06ede0158ab0953dc0bbf4e539bf871f1fd2c357b3528994d038e311ae0e,,,cindy.rodriguez378@yahoo.com,(602) 826-2542,verified,medium,20,2023-11-04T20:44:53+00:00,2026-02-07T09:18:40+00:00
689,C7000689,individual,Katherine,Jones,1941-09-29,8d74212d0459fa233fbe8a5816d412005d8ca8b67fa8f3b1edfae7ee2810f71f,,,katherine.jones555@aol.com,(941) 932-4538,verified,low,4,2019-02-28T08:58:27+00:00,2019-11-09T08:17:19+00:00
690,C7000690,individual,Jessica,Grant,1948-06-13,87d789163a5ead958a291e5066ee8f9d8b492e11376bf03d65bc9555f4c8b5b4,,,jessica.grant739@outlook.com,(496) 322-5174,verified,low,9,2016-04-29T14:52:05+00:00,2017-09-12T13:44:45+00:00
691,C7000691,individual,Patrick,Reynolds,1986-07-18,0c2ca994ecb5ef7b2c0d7cd528205c4c858fb74dfd44213ddeadbc5b42f51d18,,,patrick.reynolds851@gmail.com,(702) 867-2020,verified,low,16,2010-05-05T05:51:36+00:00,2010-08-21T08:05:58+00:00
692,C7000692,individual,Lauren,Sheppard,1939-07-29,722f0e52996079bf746c4ae354004a7dc0a76c8cf00e3ff90be85b85a5ffb752,,,lauren.sheppard182@aol.com,(971) 307-2211,verified,low,16,2023-05-02T16:35:07+00:00,2025-03-26T14:55:13+00:00
693,C7000693,individual,Angel,Colon,1960-03-06,6cf7ba2aa3a0cc1c3afb1c6111468a8f438768b21847b201d785f0c793dd4e16,,,angel.colon430@gmail.com,(461) 719-2817,verified,low,5,2021-04-16T14:37:54+00:00,2026-05-14T18:27:08+00:00
694,C7000694,individual,Kristin,Barrera,1950-10-08,8326f7648c831b231029519fefa0f516f6f8572f295b802a8de5e8cad7922c83,,,kristin.barrera908@gmail.com,(602) 523-9412,verified,high,15,2026-01-24T21:14:52+00:00,2026-07-02T04:48:36+00:00
695,C7000695,individual,Robert,Garrett,1960-02-24,f06d18f87af54b334b58567d7e3b1d451e61903d4e31e34157fe8be34b595e65,,,robert.garrett322@gmail.com,(276) 179-4802,verified,low,20,2016-07-27T06:45:50+00:00,2021-06-26T05:32:54+00:00
696,C7000696,individual,Sandra,Davis,1994-11-30,c195072571541c38588c5b3ff40df2f63c28ed2174e7dde0cc5405377b83909a,,,sandra.davis535@icloud.com,(649) 864-7868,verified,low,20,2023-01-10T15:06:45+00:00,2025-01-30T00:29:47+00:00
697,C7000697,individual,Anne,Armstrong,1972-07-26,f654fabd71a66dd4aa30d17740436020609f6b8a5a6fb6336de9e9412913f88a,,,anne.armstrong948@yahoo.com,(921) 640-0698,verified,medium,18,2025-10-12T16:56:25+00:00,2025-12-21T11:50:58+00:00
698,C7000698,individual,Stephanie,Gordon,1946-01-20,5fe6830c9de4f8d6813974ab5ae437cad337ade2dadfad632ad5bf3cdd6c04dd,,,stephanie.gordon188@gmail.com,(865) 462-2021,verified,low,23,2020-04-22T04:44:36+00:00,2022-03-19T00:39:23+00:00
699,C7000699,individual,Amy,Bennett,1994-01-19,15bea46e17a7d500e0b353b4e027743fa3558b52da00e4059f45e852d76f7ed2,,,amy.bennett446@gmail.com,(673) 919-0088,verified,low,19,2015-07-09T03:01:03+00:00,2020-07-15T07:49:01+00:00
700,C7000700,individual,Dominic,Simpson,2004-01-11,97ae1946b4eb087e1b84bfd3b1b6f801c2894fc0735c236f4f47e3ec1770d241,,,dominic.simpson993@outlook.com,(989) 790-6085,verified,low,22,2013-11-22T07:33:32+00:00,2015-08-30T17:28:44+00:00
701,C7000701,individual,Eileen,Peters,1963-12-15,b6e2a0a27e0fd11a63f1f57457b02d49ead026447dded8a9e22e07f5879ba07f,,,eileen.peters845@gmail.com,(829) 420-3401,verified,low,25,2010-12-15T12:22:20+00:00,2019-06-26T23:03:27+00:00
702,C7000702,individual,Brian,Brown,1947-07-10,bc8b88abf7db2f12bce7adcf89e0e3aa0ccd1af76a19a05e44d48f1000cc3817,,,brian.brown103@icloud.com,(028) 182-2387,verified,low,3,2024-06-26T19:13:58+00:00,2026-08-05T22:32:08+00:00
703,C7000703,individual,Christine,Riddle,1977-06-27,aae8da1f657494940a09a13dd240e3de20fbd8eeaf88074425d775e20c749942,,,christine.riddle323@outlook.com,(518) 161-2559,verified,low,8,2021-04-16T16:15:23+00:00,2021-09-28T18:17:24+00:00
704,C7000704,individual,Gregory,Terrell,1946-10-03,70dfcd5134ad42df8b9143b1d4b21877dfd14860727a5814738eccf1bd05ce8c,,,gregory.terrell942@gmail.com,(615) 120-4850,verified,low,24,2010-12-05T01:00:06+00:00,2012-09-05T13:38:33+00:00
705,C7000705,individual,Tiffany,Barnes,1953-04-05,8c03ad6966d9497568a06117f66e6b2e174fe923f283f360ff9d589f4e0a1fc1,,,tiffany.barnes103@icloud.com,(601) 915-3057,expired,low,16,2013-03-27T15:46:35+00:00,2024-08-17T19:33:26+00:00
706,C7000706,individual,Amanda,Martin,1960-04-17,f9bbd8a27e5d9b2dbd81982009e1f0ac4b9b2aa70501fe505d3257b0bea7792e,,,amanda.martin770@gmail.com,(272) 670-8666,verified,low,23,2019-12-08T07:01:58+00:00,2026-08-10T15:09:16+00:00
707,C7000707,individual,Cindy,Kennedy,1996-08-25,acc71d962f827425db72ac8a31f38f468fea945babe64ba61cd52756b3f8aa07,,,cindy.kennedy47@aol.com,(903) 500-6184,verified,low,14,2025-05-19T03:29:39+00:00,2026-09-09T06:08:41+00:00
708,C7000708,individual,Reginald,Vazquez,1994-08-08,12d7ccb94c829b44cf8ce167626110b6da78bd62d78b5d488c8494f10a8463da,,,reginald.vazquez703@aol.com,(111) 973-8818,verified,low,12,2022-01-31T23:08:41+00:00,2022-04-19T10:18:36+00:00
709,C7000709,individual,Craig,Williams,1944-03-12,a31e7c27ffd7e77c517e00db91634dd541b14d36c00d16525877e014f6481037,,,craig.williams46@yahoo.com,(543) 412-3016,verified,high,9,2015-03-04T00:35:18+00:00,2020-12-16T11:25:07+00:00
710,C7000710,individual,Samantha,Wells,1946-01-07,f413a0b72269a8dbc16137c0a5c12fea12efe418032ccd08182982efe3c8f808,,,samantha.wells777@yahoo.com,(719) 786-0162,verified,low,13,2008-01-19T19:32:44+00:00,2008-03-14T17:21:55+00:00
711,C7000711,individual,Chase,Mullen,1961-12-02,56922c92d93486fc7081e202d3d6cddf5a1e029f3d279c8239884e43fdf1a4f2,,,chase.mullen261@yahoo.com,(210) 728-8780,verified,low,19,2011-05-28T06:37:19+00:00,2021-01-08T11:08:56+00:00
712,C7000712,individual,Mary,Anderson,1952-02-16,a12bb1863ecd9d300c5baa3d5a0cbb9b27cdf851d442115b7f6ad73bbbfba0ab,,,mary.anderson659@icloud.com,(964) 771-8375,verified,low,2,2021-08-31T00:55:51+00:00,2021-11-24T19:33:58+00:00
713,C7000713,individual,Michael,Bell,1999-04-18,9c85f665da27c29f56873a2df9dfecaec1c40d03dda77196aeac458e20b26105,,,michael.bell632@gmail.com,(024) 432-3622,verified,low,5,2015-04-11T18:44:09+00:00,2023-01-16T15:43:43+00:00
714,C7000714,individual,Andrew,Owen,1986-03-02,b6db1d6cb1713b9497f407e3e4c7acd3cc37c9e34a6225ea9e43c1d2e5b2f7a7,,,andrew.owen790@icloud.com,(691) 395-2150,verified,low,20,2009-08-16T21:51:25+00:00,2016-05-20T13:46:31+00:00
715,C7000715,individual,Shelley,Li,1974-11-02,402995ff3221b65cae2c35ab0b0d59ed0eedbc19981048d56c924726cb522320,,,shelley.li475@gmail.com,(243) 198-3924,verified,low,15,2017-08-25T20:57:32+00:00,2018-10-17T20:04:29+00:00
716,C7000716,individual,Kelly,Marquez,1955-02-16,caaf580cc0955d9e97d43aa8f019476b50268e0a08a8612a42067d3b41353ad2,,,kelly.marquez677@yahoo.com,(953) 481-1050,verified,low,25,2009-11-01T01:24:08+00:00,2025-02-25T11:48:27+00:00
717,C7000717,individual,Corey,Young,1964-02-24,9df15b9d78199a60eb9e5bfbfee0a52cecf19759b63ec138247035f674098c34,,,corey.young549@outlook.com,(815) 542-6097,verified,low,7,2022-04-28T20:57:32+00:00,2024-09-30T05:46:46+00:00
718,C7000718,individual,Steven,Thomas,1963-02-25,fb620b108b1e2eaf8d6d764df35f91bca236d9ae486f4bd0090e404e93b89341,,,steven.thomas940@yahoo.com,(073) 087-1564,verified,low,11,2008-10-27T23:23:04+00:00,2022-07-13T01:51:30+00:00
719,C7000719,individual,Charles,Turner,1997-11-03,1363e6981d6b58e07c1543e2468d68c0771b66b557cd3337b252a279041605a7,,,charles.turner888@gmail.com,(260) 292-5468,expired,low,10,2013-02-12T06:30:38+00:00,2026-08-31T03:41:48+00:00
720,C7000720,individual,Douglas,Dougherty,1998-10-06,c0a4f286f6ca3dbe3aefa25462af4b9cb3ab6e06cf645eea0d0ad58986369f1b,,,douglas.dougherty131@yahoo.com,(538) 676-2592,verified,low,19,2018-03-20T14:57:00+00:00,2026-04-06T12:28:42+00:00
721,C7000721,individual,Alan,Lee,1984-04-27,136363cc2f9321c8565a6727892bce2c94c6ed48b7751064c93b0dc0adc93fa9,,,alan.lee643@gmail.com,(707) 897-7554,verified,low,25,2020-12-29T10:51:18+00:00,2024-08-17T18:34:43+00:00
722,C7000722,individual,Mary,Gibson,1952-05-15,b191b8cc889293be0ad8c7381757698685c28e975c09544c16eeb63a1e340280,,,mary.gibson736@yahoo.com,(222) 711-1757,verified,low,12,2020-11-21T05:08:18+00:00,2025-06-04T04:28:37+00:00
723,C7000723,individual,Alan,Silva,1994-12-27,c7f362186ab9385d598edc2174f5fa00e2d445fc150c328e8f74520479b970a9,,,alan.silva365@icloud.com,(269) 801-4264,verified,medium,15,2025-04-30T06:59:41+00:00,2025-06-18T06:48:48+00:00
724,C7000724,individual,Michelle,Alexander,1977-09-18,8cb0ed1e2bcadf7b62f61504b53b9c2fec1f7a43ef1d10561fb8e4c70dfa4662,,,michelle.alexander597@aol.com,(638) 083-9065,verified,low,6,2024-01-14T07:55:44+00:00,2026-07-29T23:06:38+00:00
725,C7000725,individual,Shawn,Martin,1983-06-28,af123229ae422aa9f6f6b7f8cb956dd705227266698287549bba7ec9cdb5fbab,,,shawn.martin993@icloud.com,(397) 499-5070,verified,low,12,2009-01-13T06:54:31+00:00,2025-02-01T14:30:06+00:00
726,C7000726,individual,Susan,Richard,1979-12-22,3f6f1dfb6ea15a8efb3d51bdbc93b56beee3eb43879c9a12a4473f44fe0cbf32,,,susan.richard311@aol.com,(154) 390-4489,verified,low,2,2022-11-27T07:28:08+00:00,2025-10-27T05:16:45+00:00
727,C7000727,individual,John,Jones,1948-08-28,9ce13ebc075ee97688405f9eb823fb55c2658e2f67bcbd926aabe6368a03085e,,,john.jones386@yahoo.com,(550) 193-5450,verified,low,21,2014-05-16T10:59:01+00:00,2015-12-21T16:57:10+00:00
728,C7000728,individual,Anne,Yang,2008-09-18,de7bc6372926229e29ee6066eb0999ff58fe9678c47618518c880b7d8849675c,,,anne.yang569@outlook.com,(244) 129-0759,verified,low,22,2025-01-16T22:19:10+00:00,2025-04-19T19:45:32+00:00
729,C7000729,individual,Joshua,Jones,1938-10-14,9902ae26d39a9c28bb99640f193ad3288b31ef52af946fea8ecaccf84731dd3e,,,joshua.jones930@gmail.com,(419) 375-9192,verified,low,10,2010-09-25T16:52:19+00:00,2019-11-12T09:22:51+00:00
730,C7000730,individual,Stephanie,Wells,1948-06-16,797407260c6c21c9e3cdc4fd34c03cccb20f970b2b7b07fe0f0b51017c9bdc9f,,,stephanie.wells231@yahoo.com,(646) 120-9617,verified,low,8,2020-05-10T15:06:46+00:00,2021-08-24T05:52:59+00:00
731,C7000731,individual,Daniel,Gomez,1954-01-28,647c065de45cba0552e57a681e5d3051c4743b76bd8bfd3eec30f34bdf19f316,,,daniel.gomez798@icloud.com,(051) 432-1914,verified,medium,15,2026-03-02T12:47:49+00:00,2026-06-25T17:22:19+00:00
732,C7000732,individual,Terri,Brooks,1990-05-10,edd9348acb9e9fcae7dd1a94471be6f3b7a0e97e5069d8dc56ae032992874e10,,,terri.brooks448@outlook.com,(218) 834-5819,verified,low,8,2025-07-21T02:50:39+00:00,2026-09-19T01:42:28+00:00
733,C7000733,individual,James,Clark,1954-05-17,f7a0aac9dcee5a3f4d7ca2e08549f09dce591eda9c36b177f6e0b58c7ec827c3,,,james.clark549@gmail.com,(986) 515-9025,verified,low,1,2011-04-13T20:28:40+00:00,2025-07-28T10:49:59+00:00
734,C7000734,individual,George,Hampton,1987-05-23,95311b0fa5427da5d33587019ba07a7a1fcdff825db24ae8d034b015a7c46dc3,,,george.hampton391@icloud.com,(726) 208-4672,verified,low,20,2013-12-27T08:43:12+00:00,2019-09-05T13:36:45+00:00
735,C7000735,individual,Karl,Berry,1979-11-26,3691ab8143ce067db20ac97acb3dafeb200f2a352ead3d686e8d2ad1cf9ff4e3,,,karl.berry667@aol.com,(966) 270-2660,verified,low,9,2008-12-22T08:48:23+00:00,2013-05-17T01:27:03+00:00
736,C7000736,individual,Christopher,Robinson,1964-01-19,26148a310a0ad923aa7f598b45472dd397744f23f0e668588aa5afb431de5b2c,,,christopher.robinson107@gmail.com,(922) 247-1193,verified,low,8,2012-01-29T11:20:29+00:00,2021-07-14T18:44:49+00:00
737,C7000737,individual,Mariah,Brown,2006-12-30,a646b5f0b1926e66525c748bd84b92b4ac88444b07aa49ccf7da282bf0de7f6e,,,mariah.brown288@outlook.com,(643) 850-0953,verified,low,19,2016-04-11T17:06:52+00:00,2020-01-26T00:26:47+00:00
738,C7000738,individual,Laura,Green,1988-04-26,7bd402f97d9c24888009ecaf5178509b5a31bb7834e366b071a44174338395a1,,,laura.green957@gmail.com,(423) 165-4413,expired,low,22,2011-08-06T08:23:52+00:00,2017-10-24T07:42:50+00:00
739,C7000739,individual,Brady,Ramirez,1968-02-27,431c937c0459efa0fb33693751a2be64c5a93bf7e7016af76221dd1f9286c89e,,,brady.ramirez332@icloud.com,(551) 887-0179,verified,low,23,2010-06-13T00:36:07+00:00,2018-01-24T20:45:07+00:00
740,C7000740,individual,Jonathan,Hudson,2008-07-18,a9e7d7f4db13c24e7c0533c159b433b2980cf05f8e7465fe36288ee31258d87e,,,jonathan.hudson943@yahoo.com,(485) 362-6890,verified,low,1,2020-03-14T14:11:42+00:00,2024-08-26T23:42:50+00:00
741,C7000741,individual,Brittany,Smith,1994-05-23,cac0e34bf15d8501185ad198a9db1f2438eb72369c667f043fe410050c4803c7,,,brittany.smith542@gmail.com,(378) 146-0476,verified,low,13,2022-04-04T18:00:52+00:00,2022-12-29T04:47:46+00:00
742,C7000742,individual,Zachary,Lynch,1940-02-10,adc4bc19ecfcdf9206053038eab309a09ecb64e8391fcafc430e086b86c182b8,,,zachary.lynch361@yahoo.com,(772) 910-8450,verified,medium,21,2014-05-17T16:08:52+00:00,2016-03-16T22:45:47+00:00
743,C7000743,individual,Joseph,Coleman,1973-11-17,89ba0dba1d4bd64a6d618cf348b35a8453c3c5b0196b7395e113a2216bd705b8,,,joseph.coleman708@yahoo.com,(677) 306-7182,verified,low,16,2008-01-10T15:23:58+00:00,2012-03-29T20:55:29+00:00
744,C7000744,individual,Kellie,Hayes,1983-09-01,e821ba3314ce358dddeb90bf604db35dcce14cc70099fb7128373b9c3bc2d453,,,kellie.hayes510@gmail.com,(385) 906-7396,verified,low,21,2008-11-04T10:51:39+00:00,2023-04-10T19:49:02+00:00
745,C7000745,individual,Dana,Charles,1997-08-22,acd0fd950046c755287acc06d0cbf8d601b7831d0f15a7d5e919da528a1361a0,,,dana.charles228@aol.com,(922) 170-4861,expired,low,19,2019-12-14T08:06:17+00:00,2024-03-26T13:00:50+00:00
746,C7000746,individual,Anna,Barnes,1960-08-25,94cfebc68de9578551c4abcde0bf81512bbe60ebde1cf466bf835822cfb44715,,,anna.barnes454@outlook.com,(337) 170-8649,verified,low,11,2022-06-12T04:54:06+00:00,2023-05-06T07:03:16+00:00
747,C7000747,individual,Heather,Rodriguez,1963-03-15,83c611d849a0a0bfb46a256521c5419ff3e7377ac97643238b1ef9293be946b2,,,heather.rodriguez580@yahoo.com,(670) 692-1958,rejected,low,25,2014-06-01T03:19:18+00:00,2022-08-08T11:40:30+00:00
748,C7000748,individual,Heidi,Patton,1986-12-25,7606f925b1c578e73309d87adc9bce1e6235b997585c2552c7a329c20202e933,,,heidi.patton249@icloud.com,(178) 167-8066,verified,medium,13,2011-11-29T21:36:12+00:00,2015-07-15T15:39:24+00:00
749,C7000749,individual,Amber,Holmes,2001-07-03,727a8a543554fa2f16da80344f0c87015955f9dae384da0a417e7e09c70719ba,,,amber.holmes973@outlook.com,(172) 628-2968,verified,low,19,2020-05-26T03:30:27+00:00,2024-07-13T12:24:21+00:00
750,C7000750,individual,Christopher,Barnes,1937-11-18,c5a697f1693630055ceffaac3e1322b14d75434a5fe126e1e6a530f5255ea4dd,,,christopher.barnes673@outlook.com,(196) 127-6620,verified,low,16,2012-03-31T22:41:18+00:00,2016-10-16T11:04:28+00:00
751,C7000751,individual,Robert,Chambers,2000-05-17,ca828d98c21d107d01c3293004f4562e63c3ac267cc96739ee00f7c50d7d94fa,,,robert.chambers275@gmail.com,(359) 624-5870,verified,low,25,2014-10-29T07:20:34+00:00,2023-12-12T15:13:31+00:00
752,C7000752,individual,Eric,Walker,1963-08-03,b3417eca08e3870d313c689f65c066b7e1b69e2b24a06cefe306ea6b2c2bc26f,,,eric.walker367@yahoo.com,(849) 760-3967,verified,low,16,2018-12-14T15:03:22+00:00,2025-03-13T18:12:36+00:00
753,C7000753,individual,Morgan,Hudson,2008-08-04,0618eca889503461ada61ceaf5459fd6ecd67742de71acff7378329c40b40bfb,,,morgan.hudson441@aol.com,(546) 623-2360,verified,low,24,2025-06-09T05:18:29+00:00,2026-02-14T14:23:37+00:00
754,C7000754,individual,Melissa,Estrada,1950-02-03,885492ab653de94e21ca97abc12f89425d389b7a8bc2437bdbd76cb4551b58af,,,melissa.estrada136@icloud.com,(429) 862-2699,expired,low,6,2022-10-15T17:08:50+00:00,2025-06-12T09:37:29+00:00
755,C7000755,individual,Angela,Marshall,1972-11-26,dc3ea3e9891623d5a34bb0789b069a705d791a867337f441e3721fe494c43d1a,,,angela.marshall710@outlook.com,(560) 413-4820,verified,low,24,2025-06-08T13:41:11+00:00,2026-03-19T14:05:11+00:00
756,C7000756,individual,Penny,Roberts,1941-04-03,c713ac3e8fd6297fc6ecbbd1bc28ea4e70e6213d6dfed9090444b720a5438b62,,,penny.roberts71@outlook.com,(762) 914-3049,verified,low,20,2010-09-06T20:00:32+00:00,2023-02-09T23:55:17+00:00
757,C7000757,individual,Chloe,Graham,1960-12-16,e8d894759ebb679d5a7f09dcb6fa7607804ad4292977955ae04298bb71cf8b79,,,chloe.graham314@outlook.com,(422) 405-9208,verified,low,13,2015-10-20T06:07:41+00:00,2024-02-18T03:56:00+00:00
758,C7000758,individual,Rebecca,Morales,2002-09-20,851d360d8a754528289a9aaab785af8625c5d6e0756d8edb64b0deb27b5fc003,,,rebecca.morales879@outlook.com,(805) 682-0175,rejected,low,9,2015-11-28T06:54:34+00:00,2020-04-22T10:08:02+00:00
759,C7000759,individual,Eric,Duran,2002-09-19,cf27aa375985cfec37e202abf1a053a5a7ac86c344f8974d75b0df13601de830,,,eric.duran81@gmail.com,(404) 347-4125,expired,medium,15,2019-06-05T10:12:34+00:00,2023-07-22T02:57:12+00:00
760,C7000760,individual,Charles,Ewing,1962-07-20,07c80cce3bb889808c29f76bbc75683cd8d911306e6ccb29564b0ef6293ed4ca,,,charles.ewing377@outlook.com,(192) 025-9991,verified,low,6,2019-01-01T10:21:09+00:00,2023-02-02T00:29:52+00:00
761,C7000761,individual,Wendy,Hill,1969-07-29,3c70c3d08a5f49fd201246f9391a3dada29df57ff8139dbcac8bf71e693b5eeb,,,wendy.hill446@yahoo.com,(047) 607-8623,verified,low,23,2014-06-18T13:40:46+00:00,2018-07-07T13:35:29+00:00
762,C7000762,individual,Garrett,Medina,1962-05-16,f1a9ff1e711af0c8f82548fc2878d136a3ff2d2dd0029a718cc802264fff9018,,,garrett.medina604@yahoo.com,(634) 091-8580,verified,low,21,2019-05-06T03:36:03+00:00,2021-02-17T23:49:32+00:00
763,C7000763,individual,Deborah,Nicholson,1937-12-01,87388b92fd9f881e39a867ac8feb329eb248732392c318f0b58467aa477ed5c5,,,deborah.nicholson575@yahoo.com,(930) 454-1840,verified,low,24,2022-01-25T21:46:15+00:00,2022-04-17T02:50:41+00:00
764,C7000764,individual,Kayla,Wang,1990-02-26,8b3b4bd3d19c1c59f1a5a49cb88385c4fd24cc17f09e4d36d89a252e55a130c9,,,kayla.wang916@aol.com,(858) 864-0788,verified,low,1,2009-11-06T08:50:10+00:00,2010-11-18T15:50:47+00:00
765,C7000765,individual,Jamie,Harris,1954-07-15,6364f238379f00f8f617c403e8aeda7716a52dee007298a774e142a2bd656976,,,jamie.harris345@icloud.com,(230) 397-4408,verified,low,12,2019-09-07T02:41:53+00:00,2020-08-11T11:45:25+00:00
766,C7000766,individual,Dustin,Price,1944-11-05,c51acc528a15785c02b263e7d7904e41ae13c90c0f0eea641f5ec7bc6cb216e5,,,dustin.price919@outlook.com,(485) 805-2632,verified,low,5,2018-07-02T16:52:02+00:00,2024-11-27T07:22:45+00:00
767,C7000767,individual,Adrian,Woods,1957-01-31,e99da68747db68c28bb51812fa421ddf894b487755ccf1a5be0046ab4d8ed3c0,,,adrian.woods569@icloud.com,(470) 823-1714,verified,medium,1,2019-08-22T14:09:43+00:00,2020-03-13T18:10:36+00:00
768,C7000768,individual,John,Warner,1978-08-22,bb492b37ab5d47da05699508506f4652e1df7775fc46d45248540bf177cfc619,,,john.warner564@outlook.com,(530) 261-8402,verified,low,19,2009-07-27T00:38:35+00:00,2013-01-29T20:57:04+00:00
769,C7000769,individual,Maria,Watson,1946-11-27,cb3a2eda6392c377a674f816e0510bf8406c3fc87c287fc18832b90befc38a8a,,,maria.watson111@gmail.com,(164) 098-9103,verified,low,22,2011-05-24T15:58:19+00:00,2021-07-25T04:54:13+00:00
770,C7000770,individual,Matthew,Barker,1992-03-18,ca3030594c5c3420856c62b5702d7cb7d6e3615e8d12030773bd78606692cdc5,,,matthew.barker882@outlook.com,(597) 953-1926,verified,low,20,2021-03-04T19:34:24+00:00,2024-05-29T07:05:27+00:00
771,C7000771,individual,Crystal,Martinez,1976-08-20,52e53f58ba3343540679fdf7f023b5d4d0d123a97b0969b4b1558fec6c55f538,,,crystal.martinez970@gmail.com,(583) 445-6622,verified,low,12,2010-11-16T11:19:55+00:00,2023-10-18T05:19:27+00:00
772,C7000772,individual,Rodney,West,1958-10-07,d6f1811689636d422bccdb3770d16f8a9af59633fc0dd44d0a1d26aac457acdf,,,rodney.west813@yahoo.com,(266) 023-5158,rejected,low,21,2010-06-22T15:16:21+00:00,2010-09-27T01:13:31+00:00
773,C7000773,individual,Scott,Brown,1946-11-19,158eb40c58e2bdca9a4743c089de0967a4e25ff2ea0c93a494d76d3e90301cee,,,scott.brown709@gmail.com,(133) 954-7940,verified,low,25,2015-07-27T03:11:57+00:00,2020-05-04T15:20:04+00:00
774,C7000774,individual,Barbara,Sanders,2006-03-15,9fab386acdbdddc6bf11428fb10874893605184de6fc929f706d46d6249b0b3d,,,barbara.sanders285@outlook.com,(693) 656-1833,verified,low,6,2012-08-13T13:34:47+00:00,2013-09-20T18:29:36+00:00
775,C7000775,individual,Melanie,Solis,1944-01-10,b12431f3f569f7964282356088fbc438f68a5011028a93570ede33a30641bc4f,,,melanie.solis48@yahoo.com,(019) 220-9567,verified,low,5,2013-01-07T16:14:00+00:00,2019-04-21T18:45:20+00:00
776,C7000776,individual,Misty,Dorsey,1960-08-07,5f75933a4206da6afdb74fe5e6e7e9fc115749983f018f7c488396e4b84c12fe,,,misty.dorsey450@icloud.com,(676) 992-4277,verified,medium,2,2013-06-04T09:41:04+00:00,2016-11-13T11:21:19+00:00
777,C7000777,individual,Barbara,King,2008-02-17,497c1efa8942acef0f67d55a77b92b4d0d461941c9dd6a88400cb98308dcdca5,,,barbara.king959@yahoo.com,(933) 284-4234,verified,medium,21,2015-09-03T05:43:00+00:00,2016-03-23T07:22:52+00:00
778,C7000778,individual,David,Price,2002-09-06,41170e6561d487c99782436c8d76b7801a36ae4616cdfc0c3e57642b0d16de01,,,david.price325@aol.com,(699) 913-8310,verified,low,5,2024-03-01T20:39:21+00:00,2026-08-12T12:48:34+00:00
779,C7000779,individual,Kimberly,Mcintyre,1972-09-17,9a4925172119fe150a42bd737fe44e1bc34251fc70307b529dd151b87a47458e,,,kimberly.mcintyre814@yahoo.com,(331) 680-6647,verified,low,3,2019-08-17T03:37:36+00:00,2020-03-23T09:57:37+00:00
780,C7000780,individual,Joseph,Leonard,1999-05-24,3f21b0f2e6f9b9362446ac8cc999c8ac1e913bc4a69d3b265027f15738862b26,,,joseph.leonard299@gmail.com,(582) 676-2590,verified,low,16,2016-06-03T09:17:06+00:00,2026-01-11T23:04:33+00:00
781,C7000781,individual,Brooke,Brewer,1952-07-22,9365a7bb5e5fc5e84ce3a58adc1a678ae8df27a9ed8c447c538b1126ac3a5c1c,,,brooke.brewer969@icloud.com,(399) 798-4914,verified,low,16,2011-03-14T22:21:49+00:00,2015-01-29T09:10:25+00:00
782,C7000782,individual,Jeffrey,Garza,2001-02-22,1761c87db1acd812956e4a47a3dada873a9d67c4613d99525eeda29a2c6bf4bd,,,jeffrey.garza606@icloud.com,(128) 981-1594,verified,low,9,2020-08-02T16:35:17+00:00,2021-10-07T23:49:00+00:00
783,C7000783,individual,Tyler,Thompson,2000-11-18,f32eda540d3f65bbedefda99371b5989c519e924ca8b4891853e280417cfda09,,,tyler.thompson595@outlook.com,(567) 871-8882,verified,low,21,2023-07-31T23:35:02+00:00,2025-01-15T18:52:50+00:00
784,C7000784,individual,Taylor,Petty,1980-04-15,deb7c7d4248bc617862118c4013232ea0b0c5604fef686985aeca4905db43b69,,,taylor.petty407@icloud.com,(460) 586-7949,verified,low,6,2017-03-17T13:46:57+00:00,2019-03-14T19:50:59+00:00
785,C7000785,individual,Patrick,Anderson,1944-10-02,21fdfd90df6b6468a22b32e442377a582a789e7434dc8ca8dd2d97411a4141bb,,,patrick.anderson18@icloud.com,(578) 645-7865,verified,low,5,2010-12-19T07:43:13+00:00,2017-04-05T07:14:36+00:00
786,C7000786,individual,Patricia,Hensley,1956-03-09,3ba0c45282aaa50f49b871f3ddceb937779d30bfeb9563859b9931c65e6c4dc3,,,patricia.hensley224@gmail.com,(997) 402-3386,verified,low,14,2010-03-03T06:19:18+00:00,2015-06-06T20:50:36+00:00
787,C7000787,individual,Sabrina,Hunt,1966-12-03,c26485aba560f65e148aa04f34bc3b2738900b3a80a8714642ebf7378e5c0389,,,sabrina.hunt681@yahoo.com,(508) 983-0941,verified,low,10,2011-03-12T21:07:45+00:00,2017-01-18T12:05:55+00:00
788,C7000788,individual,Lori,Johnston,1972-04-20,4ef3c3b27300ec463dba69d42f5cde42373b8ce59a6b58614e32a9db065cefd7,,,lori.johnston45@outlook.com,(528) 413-5694,verified,low,2,2012-02-18T22:46:29+00:00,2024-07-24T06:35:23+00:00
789,C7000789,individual,William,Terrell,1978-05-31,c80550fca2a1693bce36360d33f2e0743562eb16c9bb2e3fb22a1e4bccd54509,,,william.terrell934@gmail.com,(394) 059-8026,verified,low,23,2014-11-24T04:57:07+00:00,2021-04-07T03:16:22+00:00
790,C7000790,individual,Martin,Ramirez,1997-06-23,8482113778962daf87f281e65caebbaa359b52cdd6e1fcd70ca6dc5c3a188229,,,martin.ramirez317@outlook.com,(342) 031-9777,verified,low,13,2012-11-09T17:08:13+00:00,2024-06-20T02:57:34+00:00
791,C7000791,individual,Joshua,Duncan,1949-01-10,8cdb17dfd38c7084f5c7d44cce3aebf09967168c51cf978a5d0bb9a1a0d7ec4b,,,joshua.duncan983@icloud.com,(326) 058-6942,verified,low,25,2023-06-03T00:27:39+00:00,2024-05-08T08:31:55+00:00
792,C7000792,individual,Tammy,Melendez,1943-11-12,8606b9dd9f0c35eaabfa93e8ed60c3883167d7329ac7e9a748207bb458e92d17,,,tammy.melendez829@yahoo.com,(817) 882-4265,verified,low,14,2010-01-26T20:08:11+00:00,2013-04-16T17:42:57+00:00
793,C7000793,individual,Ross,Holloway,1999-09-15,7b3aba74659919e992552390abc9b93ad0d1259c88cb2cf9814bece2c5234130,,,ross.holloway158@icloud.com,(708) 477-9541,verified,low,15,2009-09-01T14:56:03+00:00,2019-10-20T18:36:27+00:00
794,C7000794,individual,Luke,Morrison,1977-05-02,9024f6c5571e2ed94b8fbedad2cf7691500ffc2a91d4822abf7b2c1e3c4acd0f,,,luke.morrison433@icloud.com,(896) 268-3848,verified,low,14,2008-05-14T17:44:27+00:00,2021-01-01T03:20:25+00:00
795,C7000795,individual,Paul,Rios,1991-11-10,8b4d5d3303228ba9fb751f76d54348bac82bcbc09d0118c748fe482fcd8acc30,,,paul.rios48@outlook.com,(207) 066-9010,verified,low,22,2024-03-06T23:52:08+00:00,2024-11-13T04:54:15+00:00
796,C7000796,individual,Elizabeth,Atkinson,1984-09-06,2086c18268cadeb06b9be34c06ff5ed172e2be994bfd67f733a696a7a2fc36ad,,,elizabeth.atkinson443@yahoo.com,(703) 506-7578,verified,low,24,2009-02-07T18:31:04+00:00,2022-06-07T07:26:05+00:00
797,C7000797,individual,Nichole,Garcia,1961-02-07,c3db46b77ae6be0412e104806f4fa3dd71f4a365163e66af0e3f269e76206e6e,,,nichole.garcia345@gmail.com,(570) 521-8799,verified,medium,18,2015-07-21T20:04:09+00:00,2026-04-26T19:34:07+00:00
798,C7000798,individual,Larry,Parker,1972-01-18,a886318e995340ebd5bf855b7b592f7c75e3445dac8c2ff16d9a5e7166387b87,,,larry.parker997@gmail.com,(123) 503-6871,verified,low,1,2013-08-24T20:06:36+00:00,2022-04-30T22:47:45+00:00
799,C7000799,individual,Jesse,Beltran,1994-10-31,bb18bbd184c2ee654147024615f3f199ad1ddafd1b0067600aa5839dc096eea0,,,jesse.beltran615@gmail.com,(568) 446-7940,verified,low,25,2014-06-22T22:45:03+00:00,2018-06-17T22:34:46+00:00
800,C7000800,individual,Victor,Stanley,1999-05-26,3179fd23eb657b460a0a282a76f1eceb68e3808a4755d5da696b13d5a19e0ec9,,,victor.stanley846@aol.com,(757) 292-7318,verified,low,12,2015-10-31T06:29:23+00:00,2022-09-30T12:56:58+00:00
801,C7000801,individual,Victoria,Watson,1976-10-10,910f83856b3b049480ff229b225de8a2fc845001dede304ef0162ed897eadbe9,,,victoria.watson712@gmail.com,(483) 966-0734,verified,low,18,2025-09-23T15:46:27+00:00,2026-04-27T18:59:58+00:00
802,C7000802,individual,Sandra,Lynch,1967-11-18,09003477450416f312163a8a5635d62ce744d3b37777a53aa31b5c8056b55a7c,,,sandra.lynch977@icloud.com,(502) 218-1698,verified,low,24,2021-01-01T02:56:26+00:00,2025-05-16T20:53:46+00:00
803,C7000803,individual,Janet,Scott,1977-08-30,9baa58a04bdd9f1d5472e7f6295b7ee8bc78872cb2373abde3b48a8b44293839,,,janet.scott688@icloud.com,(740) 292-8643,verified,low,9,2014-05-14T00:16:39+00:00,2014-06-23T19:00:20+00:00
804,C7000804,individual,Nicholas,Stevens,1980-04-24,3f5207da18c207d020139c8529f323ec859ecc84901b199891c6514441ad4b28,,,nicholas.stevens65@icloud.com,(666) 102-5634,expired,low,10,2015-11-04T01:23:06+00:00,2020-02-26T21:38:38+00:00
805,C7000805,individual,Michael,Keith,1947-09-04,b23d0f559f40d5e072ffbd0a4491aa4e48807f907fbcb78195e97ea0a4f46bb5,,,michael.keith283@gmail.com,(018) 637-2631,verified,medium,13,2019-06-14T13:16:13+00:00,2020-11-09T20:30:17+00:00
806,C7000806,individual,Brady,Robinson,1998-09-01,d3b7deb635ece705d5fb58a0b363917af88cd9cd316944caeee0386e5f5375f9,,,brady.robinson110@icloud.com,(850) 255-1344,verified,low,19,2021-08-02T22:12:38+00:00,2024-08-03T14:08:37+00:00
807,C7000807,individual,Michael,Wilson,1987-03-12,79b0ecfdad7251006ce9b91c6aeb719ce6b2a5fa03583a7220496910235a5550,,,michael.wilson297@aol.com,(887) 953-1204,verified,low,13,2025-10-25T04:26:37+00:00,2025-11-14T13:09:02+00:00
808,C7000808,individual,Holly,Brock,1973-05-16,1a7c4bb1eab29b961192b4670055cf09a6b76573f3f062a0ed70cc728d60994b,,,holly.brock338@icloud.com,(873) 143-9151,verified,low,2,2011-07-09T23:42:30+00:00,2023-11-29T07:33:03+00:00
809,C7000809,individual,Ana,Davis,1981-05-27,d651f610edd39b2501b78943049cc780a1b11fd8dbb2b852aab2c9448335a3b5,,,ana.davis808@outlook.com,(856) 425-7068,verified,medium,15,2008-04-08T15:09:10+00:00,2009-02-21T02:38:19+00:00
810,C7000810,individual,Arthur,Lopez,1941-07-30,878833c9305cb5bd740df42dc1bc7532587c4b5d6145f8c72ae533c090434722,,,arthur.lopez397@outlook.com,(655) 052-2411,expired,low,12,2008-04-27T00:51:21+00:00,2013-02-15T02:16:46+00:00
811,C7000811,individual,Roger,Wright,1997-12-29,2b2802dcf9e56d43c279620bb1161f2924253a0ab4f14e77a890f8ff82150843,,,roger.wright936@gmail.com,(222) 400-5392,verified,low,16,2018-07-22T09:28:17+00:00,2022-11-22T14:45:35+00:00
812,C7000812,individual,Katherine,Jefferson,1945-10-24,f67a1cfaa5d78c7a01d51b08dba5f281c5c6ca3fd68c420a7a07bf99212b3fe8,,,katherine.jefferson311@outlook.com,(843) 391-3325,verified,low,10,2008-11-18T06:55:55+00:00,2019-07-04T05:55:44+00:00
813,C7000813,individual,Brandy,Jordan,1951-06-15,63c6bd3692b9e8552fb0c1ad44506ea93c7af51987e8af151a5c1dab51557d00,,,brandy.jordan612@icloud.com,(095) 367-7349,verified,medium,21,2010-03-01T22:24:02+00:00,2012-06-07T04:43:32+00:00
814,C7000814,individual,Kathryn,Price,1948-12-03,78886a34829c6bd6995a58647fceea53a1f5a785d7ddce845ecb76bab28cbfaf,,,kathryn.price315@icloud.com,(809) 664-1475,verified,medium,16,2016-02-23T22:26:33+00:00,2019-05-11T22:14:32+00:00
815,C7000815,individual,Jesus,Clark,1978-12-12,29ad59dce7bafa1748186064e1ec0d676c76ceeee42379969a5f9214c64f4609,,,jesus.clark851@gmail.com,(629) 853-2436,verified,medium,16,2017-11-26T17:39:54+00:00,2020-06-10T00:05:34+00:00
816,C7000816,individual,Donna,Jenkins,1961-01-19,af7bf83dbc3dde85dd3f0b3382e21c0b5d1b20a67ff8fc16b83d6b6ded941d11,,,donna.jenkins952@icloud.com,(390) 616-8249,verified,low,3,2025-07-17T20:06:31+00:00,2026-06-19T07:24:39+00:00
817,C7000817,individual,James,Murray,1939-10-20,04dffeb5844ade07e0b1a6ed07f776fef23f0a69362a561c0b1c9fca64155819,,,james.murray333@yahoo.com,(372) 607-2014,verified,low,19,2013-12-13T01:38:44+00:00,2022-06-29T06:20:51+00:00
818,C7000818,individual,Kayla,Logan,1969-02-09,bfce07e7b9d36e7ca0aed6f9b571c9a7b88f2620118142b761405d5888912d8b,,,kayla.logan57@outlook.com,(429) 264-5633,verified,medium,3,2014-10-29T00:11:11+00:00,2021-02-13T21:42:58+00:00
819,C7000819,individual,Christopher,Contreras,1950-08-13,99d92f2fa7b6d8f4004294fc9455b14ba555bdacc1e9e52eed17de2074e01bb0,,,christopher.contreras791@yahoo.com,(649) 719-6706,verified,low,12,2022-03-04T22:08:36+00:00,2026-02-25T02:02:50+00:00
820,C7000820,individual,Anthony,Morales,1988-09-25,ee546743136aabe3654190cfd12508eb8618cb888b497534c39015849ffd5dce,,,anthony.morales342@yahoo.com,(490) 133-3443,verified,low,2,2023-09-15T22:25:34+00:00,2025-04-27T06:03:59+00:00
821,C7000821,individual,Elizabeth,Miller,1939-07-01,3dba718dfbc7765ec64dab56072559cff822b54da0483478c507a3f3e8d05738,,,elizabeth.miller548@yahoo.com,(202) 886-6168,verified,low,18,2025-05-10T00:22:30+00:00,2026-02-12T21:39:21+00:00
822,C7000822,individual,Jonathan,Woodard,2004-01-30,69313ed805725038a31b54d41deaf191d601899a0fc552f8b6b2ab72bb87e0d8,,,jonathan.woodard314@icloud.com,(420) 353-1607,verified,low,24,2013-10-23T03:07:56+00:00,2022-05-07T01:24:34+00:00
823,C7000823,individual,Christopher,Simpson,1952-02-28,18739f1334b37ed56b2bc029d714bea069c319d1069447db42d6229f22505fe6,,,christopher.simpson891@icloud.com,(194) 024-7028,verified,low,9,2020-09-15T05:38:18+00:00,2025-02-17T17:17:35+00:00
824,C7000824,individual,Heidi,Barton,1980-11-12,9710d9b733b58bc7ab884e794edd317b88aaa0776f8f17852772014412f9eb0f,,,heidi.barton645@icloud.com,(785) 764-6391,verified,low,13,2018-11-22T11:07:19+00:00,2025-12-28T00:04:18+00:00
825,C7000825,individual,Gary,Morris,1991-07-10,5addbaffcfcdb9312e232fc50b03d0ae19d9316947441f0306416aaf77c9d5a5,,,gary.morris609@icloud.com,(410) 254-7179,verified,low,19,2011-01-13T10:10:23+00:00,2015-08-05T11:08:25+00:00
826,C7000826,individual,Jessica,Reynolds,1962-06-05,41ba306af61a735acb5787985f7a76340f1c3081a699958c091168958a8c8179,,,jessica.reynolds844@icloud.com,(635) 584-2271,verified,low,12,2016-02-13T12:48:27+00:00,2023-08-26T05:36:32+00:00
827,C7000827,individual,Samantha,Rodriguez,1953-07-10,e7b15ed8854cee5622558ef065613c98fc2d1b73e862c20dbff7888b90a888a4,,,samantha.rodriguez867@gmail.com,(686) 240-8710,verified,low,23,2021-07-20T17:41:24+00:00,2023-02-06T08:11:40+00:00
828,C7000828,individual,Adrian,Russell,1951-05-16,52060c6e09768f372d853844f78e6b863812c7ee098d0f761e29da4017896831,,,adrian.russell436@icloud.com,(152) 232-8222,verified,low,7,2023-01-11T16:37:29+00:00,2023-08-15T13:18:19+00:00
829,C7000829,individual,Caitlin,Johnson,1957-02-07,2fb030a484f0f647c2ddb8f43522312c9b854ec12ecaa82c4a3cfe52538d5a6d,,,caitlin.johnson794@gmail.com,(847) 913-5113,verified,low,4,2021-12-08T22:36:15+00:00,2024-11-09T08:41:07+00:00
830,C7000830,individual,Sarah,Roberts,1983-02-19,9f0c81d40725fe057af28e996a0bf85042d50fb964adcaa5797a3f60e69eb075,,,sarah.roberts574@icloud.com,(578) 097-8302,verified,medium,5,2018-09-11T21:56:22+00:00,2023-05-25T06:52:00+00:00
831,C7000831,individual,Kristin,Dixon,2002-01-30,393a32b8a6f8308e77b2ef35ed31c8ac1b0a1a3572d4062f0f0872031ce21be4,,,kristin.dixon327@yahoo.com,(447) 867-4280,verified,low,23,2025-10-25T05:18:25+00:00,2026-03-05T11:23:00+00:00
832,C7000832,individual,Rebecca,Wallace,2003-11-03,91b0e08f2cce331f0a302abf5258dfd765c61fb35b560387dcbe584ef67edeed,,,rebecca.wallace44@aol.com,(699) 055-8557,verified,low,14,2014-06-24T12:47:27+00:00,2020-12-25T09:48:55+00:00
833,C7000833,individual,Michael,Hernandez,1980-11-16,62a00ba1e26bd31e306f8b213c19cace8fda3b33eadcdd84fb87a3a5d04ada0f,,,michael.hernandez72@outlook.com,(061) 065-6733,verified,medium,13,2011-12-07T10:35:11+00:00,2023-09-11T13:48:04+00:00
834,C7000834,individual,Rachel,Brown,1963-02-15,c565abddec48913bc0ca71b7a5581c80c4b97ca1fb01eaa4d99ad23b8b193007,,,rachel.brown818@aol.com,(843) 769-9296,verified,low,8,2018-07-14T17:29:51+00:00,2018-08-05T00:23:36+00:00
835,C7000835,individual,Grant,Turner,1938-01-24,169b3e7fbe99e7e1114574b3197f1c96d2e3f44f85cc460db795ce5521651d30,,,grant.turner246@aol.com,(172) 415-5369,verified,low,13,2020-01-22T23:29:03+00:00,2021-04-19T17:12:12+00:00
836,C7000836,individual,Anna,Gray,1949-03-29,5e42e73047f7e9bd2aefbcd0a1c397aadf984c819a59eaeeafc6392a8942ca1f,,,anna.gray468@gmail.com,(703) 332-9594,verified,low,6,2024-11-19T13:28:55+00:00,2025-11-20T18:32:07+00:00
837,C7000837,individual,Christina,Davis,1948-12-09,54d3bfb937f4efda2a2214397c9344c8a6142cdce2a6f0244a981a54afdf3ea4,,,christina.davis423@gmail.com,(292) 204-1678,verified,low,23,2012-10-01T23:53:34+00:00,2014-03-21T02:27:03+00:00
838,C7000838,individual,Lori,Walton,2006-09-06,1982722d32aaec59f2f37ae68437fb1808e91983adaa9383eb4aa447f9f76e9d,,,lori.walton39@yahoo.com,(392) 804-8502,verified,low,4,2008-10-17T02:52:07+00:00,2018-08-07T22:30:47+00:00
839,C7000839,individual,Tony,Munoz,1937-11-15,2d58131153d96122bad9e9f5a91756370df92a8fa2ccf5371db0860918863cb7,,,tony.munoz693@outlook.com,(295) 616-2256,verified,low,9,2024-03-02T21:27:20+00:00,2025-07-09T20:19:55+00:00
840,C7000840,individual,Aaron,Bauer,1962-02-28,6c097438543a3859079267134e297eb7355d25749c13596f0a3437d2db79d05b,,,aaron.bauer881@aol.com,(323) 167-7814,verified,low,23,2012-10-27T01:33:11+00:00,2022-06-11T21:11:18+00:00
841,C7000841,individual,Robert,Martinez,1993-05-17,f60868d867a8f109c915fe28e20f17e2cf78eb7f6c1beefa8ad86601ff2c812e,,,robert.martinez867@icloud.com,(157) 806-1902,verified,low,5,2017-12-18T19:21:11+00:00,2020-04-17T15:31:57+00:00
842,C7000842,individual,John,Hernandez,1986-04-16,9a847a5ea21b893a18be7d27aa8a71c525ff959291bd0a3a79132f69fefef7c3,,,john.hernandez923@gmail.com,(592) 126-8485,verified,low,18,2025-07-21T22:35:58+00:00,2025-10-17T21:38:37+00:00
843,C7000843,individual,Rebecca,Hernandez,1955-01-01,639a46c8088c895189c5d71157a3fd1352abc7af3b021d267ce043ebc01242b6,,,rebecca.hernandez735@gmail.com,(324) 659-8669,verified,low,8,2008-04-04T06:27:45+00:00,2019-10-04T16:21:17+00:00
844,C7000844,individual,Jack,Wallace,1994-01-12,6efa3218d20267bb4809b1aab980f89135cdeb8c0996eb160180e8bddc5c87e5,,,jack.wallace671@yahoo.com,(512) 724-5533,verified,medium,3,2025-12-23T03:28:21+00:00,2026-02-24T19:49:56+00:00
845,C7000845,individual,Charles,Johnston,1959-02-10,c12c40a2d30c180730aead41ab826874de5f815f8035d48c9e07f7c041357521,,,charles.johnston861@aol.com,(502) 234-7780,verified,low,8,2010-12-16T05:28:35+00:00,2011-11-23T21:52:11+00:00
846,C7000846,individual,Dennis,Carter,1977-03-02,86b69b66b661c6067901ae922f7bdca1c967b26a80a94d2a28192e7b78f2032f,,,dennis.carter887@aol.com,(233) 720-9451,verified,low,9,2016-10-18T12:17:27+00:00,2018-08-14T08:11:34+00:00
847,C7000847,individual,Nicole,Petersen,1939-08-25,3e887eabc6852b3e31cbfcb47caed0795e1ee053bbfd0a329cf4fe3d13651e6f,,,nicole.petersen37@yahoo.com,(084) 842-6483,verified,low,2,2009-12-31T08:42:55+00:00,2018-10-17T23:48:02+00:00
848,C7000848,individual,Pamela,Smith,1945-06-01,a54a6449ade9283d5cfef536c3d98b791be8523c8a7e2ac63fa7dbfae873702e,,,pamela.smith739@yahoo.com,(617) 580-8038,verified,low,14,2022-06-12T18:14:25+00:00,2023-12-28T02:13:15+00:00
849,C7000849,individual,Matthew,Mcdaniel,1996-11-30,ffb027d0306461ef5348c734e987fda4d60e1facb70daa84ef11d909b83fc9a0,,,matthew.mcdaniel989@gmail.com,(148) 374-7558,verified,low,20,2012-07-05T18:49:15+00:00,2019-01-26T09:19:06+00:00
850,C7000850,individual,Timothy,Garcia,1944-05-11,3d85f6467acbbcf45a816b53bd886a306acda96cb6ef3976a20e36a50f8d3dcb,,,timothy.garcia906@gmail.com,(668) 611-9976,verified,low,16,2018-07-01T08:03:43+00:00,2022-07-29T22:10:29+00:00
851,C7000851,individual,Mike,Diaz,1954-09-22,4fe481be172ba4846771424c3557049bc491036605f4bf1acb3f1405728b6809,,,mike.diaz855@gmail.com,(982) 426-6217,expired,low,16,2022-12-21T10:05:44+00:00,2024-02-14T15:00:00+00:00
852,C7000852,individual,Matthew,Moore,1996-05-09,e47a938ed460a84d3a84abce4e58f56d33d6a5aaadf62362acb934db9a74beab,,,matthew.moore148@outlook.com,(669) 834-5150,verified,low,1,2010-09-03T09:37:38+00:00,2025-04-21T04:36:57+00:00
853,C7000853,individual,Stephanie,Wilson,2000-02-15,6a00a72116206c63ce371427d79dd923ce71050d8188afb46e77706ad9f0fdba,,,stephanie.wilson214@yahoo.com,(252) 786-3090,verified,low,1,2024-05-15T22:53:51+00:00,2025-11-04T20:14:07+00:00
854,C7000854,individual,Tracy,Beasley,2006-03-12,836d644c7c7e56b443393a944bc8fa6e28be78797cb2867dcf3ddf87e4ed8ba3,,,tracy.beasley971@outlook.com,(777) 196-1997,verified,low,9,2025-12-27T08:40:56+00:00,2026-04-03T03:23:32+00:00
855,C7000855,individual,Juan,Taylor,1985-08-12,fcabf730975a37e3e9d9e4a69750961e1e419556117a3a10bc8660fee21d938f,,,juan.taylor776@outlook.com,(537) 932-2191,verified,low,13,2022-12-05T17:09:39+00:00,2025-12-22T16:19:36+00:00
856,C7000856,individual,Christopher,Duffy,1940-05-13,b3c5efe7ad8875ebdff550ad60432d4503a34d0c71f20ca7862c32dbc09a671b,,,christopher.duffy266@gmail.com,(016) 260-0802,verified,low,15,2017-04-09T08:28:40+00:00,2019-06-15T03:42:01+00:00
857,C7000857,individual,Jamie,Vasquez,1944-01-24,4accd1bd63b7ba1bb23a6c3ba913c24b04825d2916d90c73595bcd00399582d7,,,jamie.vasquez744@aol.com,(496) 791-4638,verified,medium,25,2008-10-22T06:05:34+00:00,2022-07-31T00:34:20+00:00
858,C7000858,individual,Douglas,Long,1961-05-17,5a8ae0daa0106b89c6c66915caff7ff6144db0735d28c5c371319eade1ffeb90,,,douglas.long517@yahoo.com,(927) 240-0020,verified,low,2,2017-06-13T18:17:53+00:00,2022-10-10T19:47:18+00:00
859,C7000859,individual,Tyler,Wilson,2005-06-27,439ea4fe24097b8fbfc40716a1e26c6db3bb025c1a22a4e5ca839644965e6545,,,tyler.wilson368@outlook.com,(033) 563-6930,verified,low,1,2020-09-20T09:08:55+00:00,2021-12-20T22:17:56+00:00
860,C7000860,individual,Caleb,Stephens,2004-09-14,f659b3ded6cb2bc9c6cb730b3acbf642e3fca9a58665436ca506e62df1f08161,,,caleb.stephens586@aol.com,(909) 304-3766,verified,high,18,2019-05-07T12:03:05+00:00,2020-03-29T11:59:26+00:00
861,C7000861,individual,Michelle,Davis,2007-04-09,a3566d1c738cb6874f3e65505413b7ee260f8777029c972174d39a0c64d2d589,,,michelle.davis758@aol.com,(330) 967-3979,verified,low,15,2025-07-08T03:07:45+00:00,2025-07-12T01:33:12+00:00
862,C7000862,individual,Richard,Tucker,1971-09-25,ec43fcdcc0636ba8911d56a5562383d2931d293f22b8e52a91115c8552892f0b,,,richard.tucker528@outlook.com,(877) 628-8363,verified,low,20,2025-01-28T14:28:06+00:00,2025-06-27T14:14:30+00:00
863,C7000863,individual,Amanda,Taylor,1961-12-19,9dc202e7a8b21c0f8d0989dde24a6828a648d8b094415d64441b6649e644cb89,,,amanda.taylor154@gmail.com,(726) 597-6408,verified,low,10,2017-04-16T10:51:23+00:00,2019-09-28T17:51:36+00:00
864,C7000864,individual,Scott,Wong,1997-06-22,d4e46f33673264a18bdf99e3a6d6a50643754b288f16154de625e3f657630f25,,,scott.wong884@icloud.com,(600) 500-9244,verified,low,9,2013-04-02T12:09:34+00:00,2015-04-02T04:43:55+00:00
865,C7000865,individual,Dorothy,Burke,1948-04-28,da1b0b328b8a81ddcbfaf7d5de2448ea17ee082d702273a004275b44be4ce66b,,,dorothy.burke992@gmail.com,(336) 931-8062,verified,low,10,2017-07-07T07:18:31+00:00,2025-09-20T01:40:45+00:00
866,C7000866,individual,Linda,Hayes,1954-09-17,8cea90cb526940c9459c0aec1d7704d08d53106cfa68ea1dece1ba673c74b73c,,,linda.hayes353@icloud.com,(405) 714-4695,verified,low,8,2015-08-18T10:27:57+00:00,2018-11-24T19:39:49+00:00
867,C7000867,individual,Morgan,Gonzalez,1990-10-20,c8ee26cdc195a21ca1823efec8d5182180244b9778c4b126ca478fabb9a0f50b,,,morgan.gonzalez998@outlook.com,(348) 358-6267,verified,low,22,2025-05-23T01:48:09+00:00,2025-05-31T19:20:55+00:00
868,C7000868,individual,Alice,Smith,1973-10-15,5640ddfcf316ab7a5e15a8d914da576625415b63582bca3e07300384074220d2,,,alice.smith249@aol.com,(326) 983-4436,verified,low,19,2008-06-08T07:25:09+00:00,2010-01-08T06:52:36+00:00
869,C7000869,individual,Rebecca,Richard,1979-08-22,77528ee365611e829bcce504bc829dfc67dcaae28126b764ae8228d94151ffb3,,,rebecca.richard510@icloud.com,(503) 801-6258,verified,low,1,2025-07-17T19:57:11+00:00,2025-12-05T06:57:14+00:00
870,C7000870,individual,Steven,Baker,1986-04-11,5b915ede608ba03db603eeb5d2234bd3eb492d8cd0b15c356fc9fc45b2dc0a19,,,steven.baker873@outlook.com,(337) 953-1112,verified,low,8,2026-02-19T05:42:32+00:00,2026-09-15T15:04:24+00:00
871,C7000871,individual,Clayton,Woods,2001-10-05,c428a6cccab236c81801c16f97c0058704623abb8feb35ff7eaec3c4828b8d53,,,clayton.woods548@yahoo.com,(553) 706-2728,verified,low,14,2025-10-24T15:56:18+00:00,2026-02-07T13:48:25+00:00
872,C7000872,individual,Nicole,Thompson,1967-11-08,526ffac692f4af32f2e67ae67145dc31c530738389ae526bad963aeb460e9827,,,nicole.thompson901@icloud.com,(818) 762-0990,expired,medium,21,2026-03-25T17:39:13+00:00,2026-06-07T18:43:03+00:00
873,C7000873,individual,Brian,Rogers,1988-04-19,e551cb5566a8e973a414661fd5001e44b8863b3894be14995b5766593aa934c9,,,brian.rogers655@yahoo.com,(982) 267-3123,verified,low,2,2009-06-29T02:49:28+00:00,2010-02-13T20:56:44+00:00
874,C7000874,individual,Michael,Watson,1964-08-10,14c596949fb909fed14dbfb77b15a1144ab6fa46ee1bd47d4c58ca50ffce9ccb,,,michael.watson55@outlook.com,(911) 549-0443,verified,low,10,2024-01-06T22:03:38+00:00,2026-05-25T19:09:45+00:00
875,C7000875,individual,Benjamin,Delgado,1948-11-09,432b96cda15bfdd5b72c9ac1e36120695c3531ca21341f47f0faf787b85613a7,,,benjamin.delgado676@outlook.com,(771) 150-6291,verified,low,13,2018-08-27T14:42:41+00:00,2023-11-04T19:25:10+00:00
876,C7000876,individual,Timothy,Mejia,1963-03-20,d5eabe3a8e59d137f13ebd5e2d52c9d60287729ce82306142b99fac081b11e03,,,timothy.mejia601@outlook.com,(770) 745-9915,verified,low,23,2012-04-29T19:21:38+00:00,2024-10-07T15:24:39+00:00
877,C7000877,individual,John,Snyder,1981-03-30,055c4fec7bb3278c146a0d2314da5218b8f5b165d22f96d477bd5b820c4c13c1,,,john.snyder868@gmail.com,(450) 295-8676,verified,low,12,2012-10-23T23:14:29+00:00,2026-08-18T02:45:51+00:00
878,C7000878,individual,Casey,Dawson,1948-02-09,7f708bdc373ee750ec61451e525e4de506714d639d269cb5e4dee514bc667d18,,,casey.dawson412@gmail.com,(881) 013-8272,verified,low,24,2012-07-31T02:25:22+00:00,2023-02-08T01:08:18+00:00
879,C7000879,individual,James,Simon,2000-04-24,d41bdea1c105e5919e9d9c369bea0f75a3bb758ee64dc59d70eea300130cff95,,,james.simon716@yahoo.com,(816) 360-3891,verified,low,2,2026-04-21T01:34:21+00:00,2026-06-29T05:20:06+00:00
880,C7000880,individual,Holly,Garcia,1941-04-20,4149e994f5558d90fe76aad0fd5490addb7d6c99892d0f345533d125c9a0476a,,,holly.garcia509@gmail.com,(071) 634-8508,verified,low,24,2023-01-27T23:35:04+00:00,2024-10-11T10:09:26+00:00
881,C7000881,individual,Catherine,Thomas,1965-10-20,a80a3712be5c3e7c32e2f85c98840ff4b2074187f3504d5b3710034d5be2e8fd,,,catherine.thomas664@outlook.com,(192) 767-1377,verified,low,20,2021-05-18T07:19:39+00:00,2024-10-12T00:49:46+00:00
882,C7000882,individual,Judy,Hubbard,1964-10-29,f1f5707536e4355e26ff8d507301f174538d31fd9ab9ef880882fe999361495d,,,judy.hubbard572@aol.com,(830) 557-3713,verified,low,6,2021-02-01T18:18:24+00:00,2025-10-22T11:43:53+00:00
883,C7000883,individual,Emily,Brooks,1958-09-16,4a57ed5abea3cb2c221434a11b52d5981cae6db8f596e998afa27fd26c49651c,,,emily.brooks798@aol.com,(968) 636-4704,verified,low,4,2008-07-05T02:38:09+00:00,2023-09-19T14:29:00+00:00
884,C7000884,individual,Tom,Morrison,1983-03-21,0b6d79ac0d47d57d74c58c0ce0749778a58b255a55c1f58c3311e794752e95c6,,,tom.morrison42@icloud.com,(315) 922-9127,verified,medium,8,2017-12-04T03:47:17+00:00,2022-11-07T07:12:56+00:00
885,C7000885,individual,Timothy,Byrd,1975-01-23,dd6ea8b0c91eeacbe7216e4a014e350fd880a3efc93d91b9a4a41d2099897420,,,timothy.byrd219@icloud.com,(849) 749-9799,verified,medium,5,2020-05-27T00:11:23+00:00,2021-06-05T19:52:48+00:00
886,C7000886,individual,Michael,Rojas,1976-12-25,bf49488332acd4f9b8b2d9b4ec1ded866b63aa4d10ab70a52e4e018edc0df732,,,michael.rojas699@outlook.com,(106) 173-5631,verified,low,15,2020-05-08T09:42:50+00:00,2024-04-20T11:01:51+00:00
887,C7000887,individual,Jeffrey,Terrell,1951-07-15,f2863dd7c3edc32f8d063426406811b68daf7cbdedc480c1ae696ebc0d670250,,,jeffrey.terrell536@outlook.com,(317) 985-4900,verified,medium,22,2011-08-30T22:06:04+00:00,2014-01-08T04:49:17+00:00
888,C7000888,individual,Robert,Ponce,1999-04-29,70aaf9c33d4ecb13b26f89658bc059eb998e5d15debe33eabb9c41370793f04a,,,robert.ponce25@gmail.com,(981) 274-3922,verified,low,8,2023-11-08T05:48:21+00:00,2024-02-28T16:42:46+00:00
889,C7000889,individual,Jacqueline,White,1951-01-25,d42f99fd1af5cc247b358563b7ca8711b8fd70598e27e0e7ff1110d048dc907d,,,jacqueline.white564@icloud.com,(186) 399-4541,verified,low,24,2021-05-04T08:04:06+00:00,2023-07-08T18:32:27+00:00
890,C7000890,individual,Alan,Ingram,1971-02-13,4b6f6f1d3bffaa4677cacd2cc00a17407297857719f54b0dd3aa4a1ed79a2e1d,,,alan.ingram934@icloud.com,(590) 964-5987,verified,low,9,2023-03-15T15:43:13+00:00,2025-11-29T03:36:47+00:00
891,C7000891,individual,Mark,Bautista,2003-06-15,0d848d8773489c3883ae4d7bad219856ba0c8e99584d1a8561a4baf3e75ac725,,,mark.bautista930@icloud.com,(811) 339-7367,verified,low,15,2010-07-15T05:49:16+00:00,2012-02-17T14:53:17+00:00
892,C7000892,individual,Debbie,Moss,2004-10-30,8151f043b59a3703ace844d30f8c7806b27280157858057e34fe399d64b4b39a,,,debbie.moss832@aol.com,(983) 063-2365,verified,low,23,2023-10-31T03:13:54+00:00,2024-06-27T07:54:06+00:00
893,C7000893,individual,Karen,Smith,1980-05-23,84549db9d3135e82b446a2a867344054475c5b4d3a435405d0766dfadb3bfdce,,,karen.smith472@yahoo.com,(511) 861-5640,verified,low,1,2014-08-21T08:34:57+00:00,2020-09-06T07:03:24+00:00
894,C7000894,individual,Gabrielle,Hanson,1973-11-01,9cde2742185c1fd6ae5acd672af03baca7728933e6aede82d8d5908cb68c8b0b,,,gabrielle.hanson234@aol.com,(611) 035-6594,verified,low,10,2012-01-05T19:02:14+00:00,2014-09-29T19:50:37+00:00
895,C7000895,individual,Ryan,Beck,2008-08-27,8114668d73f22aa7d59d5d7144ca18219bce4797af412c143ed5262906eacf94,,,ryan.beck790@icloud.com,(295) 338-6194,verified,low,9,2011-01-01T17:22:41+00:00,2017-05-03T05:14:21+00:00
896,C7000896,individual,Eduardo,Smith,1967-11-17,aad72a85ef241ee76586fe6d90e3cce5a1b0db577325bc03c5914043b65c20c1,,,eduardo.smith700@yahoo.com,(346) 334-8893,verified,low,13,2008-03-10T15:12:13+00:00,2025-09-19T13:01:30+00:00
897,C7000897,individual,Kimberly,Cox,1958-03-04,1566af26718e0eeed3c0018043eb5e763767b49a126d2925e52cc378c5a83a86,,,kimberly.cox517@icloud.com,(826) 928-5507,verified,low,25,2012-01-15T02:27:35+00:00,2018-01-03T13:03:54+00:00
898,C7000898,individual,James,Johnson,1979-10-03,0da9c51cadb6e39e008847b2d673fb2e361154b2389999eda8982914df23ac3c,,,james.johnson7@outlook.com,(428) 873-4496,verified,low,9,2022-06-17T18:21:44+00:00,2025-05-23T15:51:09+00:00
899,C7000899,individual,Christine,Odonnell,1943-06-19,30a63ded4733009f690f15b565a9d8992cfa954d7bb33496a3e1d2fe94d212dc,,,christine.odonnell672@outlook.com,(384) 715-6756,verified,low,23,2022-05-23T23:36:53+00:00,2022-08-23T10:22:32+00:00
900,C7000900,individual,Olivia,Vega,1952-03-28,4ccd36b7481d37271b0233ddb6c424bd00a49294cf0cf75550fa936af6be617f,,,olivia.vega216@icloud.com,(596) 985-0450,verified,low,16,2012-10-23T23:30:07+00:00,2014-08-16T20:02:04+00:00
901,C7000901,individual,Briana,Lam,1994-08-21,f6e7e188c0ae5cceec66775365cf90147660e05582f92cf3e52277e8e0643e3e,,,briana.lam909@icloud.com,(025) 038-5762,verified,low,22,2023-06-30T03:43:52+00:00,2023-11-19T15:48:47+00:00
902,C7000902,individual,Andrew,Larsen,1939-04-09,75ad8b8274fdf08369e703a12d918ac5a9c80bb480debe56197b69dfbb3dbb72,,,andrew.larsen384@yahoo.com,(278) 969-5193,verified,medium,2,2015-06-29T02:01:05+00:00,2024-11-16T23:44:04+00:00
903,C7000903,individual,Courtney,Scott,1973-11-04,56ea62eec8f0c813bffb7525fb3e395f4897a03e8c5b4778f216a73978bb242d,,,courtney.scott189@icloud.com,(331) 812-3357,rejected,low,9,2008-04-04T04:46:26+00:00,2023-07-26T04:27:19+00:00
904,C7000904,individual,Debra,Everett,1997-04-26,85b4fa84b9a033dbb6d52e003a1aced009d3eae567498c9ac9590c22be418ca9,,,debra.everett299@aol.com,(295) 377-4037,verified,low,2,2024-06-17T22:13:41+00:00,2024-11-17T16:54:44+00:00
905,C7000905,individual,Michael,Evans,1943-02-15,5bad2463a62bae001e8b5a21019bf5b07b2cfd9210bda2e8f49a076aabb88fc3,,,michael.evans938@aol.com,(330) 990-0094,verified,low,8,2022-07-03T15:48:30+00:00,2023-06-11T11:33:34+00:00
906,C7000906,individual,Tonya,Mcbride,1984-03-18,f4e7dd1da8795fcc718ee00467923254efe108846652f48d52fb2e734c317589,,,tonya.mcbride718@yahoo.com,(352) 326-6000,verified,high,15,2021-09-06T08:15:11+00:00,2024-03-03T04:24:52+00:00
907,C7000907,individual,Lucas,Lewis,2006-01-02,2f189a51ad468c206df9072eb8b76d681d61b538c2436b4d2aa6e130e0fdbf18,,,lucas.lewis340@yahoo.com,(466) 144-7761,verified,low,22,2021-04-26T10:09:11+00:00,2022-03-20T18:02:47+00:00
908,C7000908,individual,Jennifer,Wood,1962-02-01,7f6f6d43d6763712d88857fbca0e535137042dcec666dcc15754254ef23421e1,,,jennifer.wood836@gmail.com,(508) 914-2330,verified,low,10,2017-05-16T08:31:46+00:00,2022-01-02T02:02:30+00:00
909,C7000909,individual,Cindy,Henderson,2002-08-31,6449fcd064140797f2627982a5ae7f704a382734eaa0e8702db271ba1be3975c,,,cindy.henderson796@outlook.com,(051) 318-6604,verified,medium,12,2011-01-28T04:04:25+00:00,2014-10-20T20:52:08+00:00
910,C7000910,individual,Christopher,Moon,1986-02-23,b359aca7a9a02ceacb1e45b9b68289e1eefa84dfaa1286a654cc98cfe3d3f27b,,,christopher.moon830@outlook.com,(664) 774-1313,verified,medium,5,2012-07-14T11:21:54+00:00,2023-12-18T23:32:50+00:00
911,C7000911,individual,Kimberly,Diaz,1949-08-22,a8f65a5b16bdafc3bea8d70d2e49ba0eab4c982901985fdb0303b309cf933a47,,,kimberly.diaz292@yahoo.com,(895) 599-0984,verified,low,19,2018-10-07T15:51:44+00:00,2024-10-10T18:16:48+00:00
912,C7000912,individual,Jamie,Nash,1979-06-13,a02667bdf57bb01f0a0f4c72cbd493fabdeadf4d5021045167aad9bb4601b45f,,,jamie.nash661@yahoo.com,(918) 003-8146,verified,low,19,2014-06-05T23:15:07+00:00,2024-08-27T16:15:24+00:00
913,C7000913,individual,John,Hines,1941-06-03,4992472a4e1a465986f9e4c7a1475585b592c77bfeb320e8f77b9de3a0a01737,,,john.hines630@yahoo.com,(121) 852-7341,verified,medium,21,2013-10-20T09:29:19+00:00,2015-04-29T23:03:21+00:00
914,C7000914,individual,Stephanie,Flores,1940-06-30,80fdfa7b9345b92adc004106a0285204aa5dc49460f35423002de93d6ae0e2fc,,,stephanie.flores610@outlook.com,(440) 778-1109,verified,low,6,2009-03-19T21:15:00+00:00,2019-02-18T07:12:21+00:00
915,C7000915,individual,Terri,Harper,1944-09-14,2447b2c875619f33b0197a9d7a57d67b637ef1a4c7626a78b23e9dbaa5d6fbd3,,,terri.harper411@yahoo.com,(994) 520-6419,verified,medium,25,2009-11-07T03:37:06+00:00,2024-04-11T22:56:06+00:00
916,C7000916,individual,Ernest,Wright,1994-07-14,fbe2e81115b270c82bdc644935f5c1fbd9a14f650f06db3b9f948e4d59c584f9,,,ernest.wright829@yahoo.com,(826) 822-1756,verified,low,15,2024-07-02T17:04:50+00:00,2025-10-09T12:33:46+00:00
917,C7000917,individual,Ashley,Randolph,1943-11-10,1f81f2431f000d59dc06d7b45575a418ae6780ccc3ecbdf2c48ab30daad5d2f8,,,ashley.randolph364@gmail.com,(593) 257-2287,verified,low,11,2014-07-23T10:45:56+00:00,2017-11-08T11:15:54+00:00
918,C7000918,individual,Rachel,Shepherd,1961-03-29,e43689003fc8bf0193e85994c669f18ce9fd596f0e83807ae56dc4cc670a80a4,,,rachel.shepherd384@outlook.com,(028) 606-0480,verified,low,5,2012-11-01T11:38:05+00:00,2014-12-19T08:44:51+00:00
919,C7000919,individual,Ryan,Taylor,1974-04-12,4bc91c1723bc719f660c9dedb9d5a21b624f932366c63e416f0045108f389d80,,,ryan.taylor650@icloud.com,(887) 656-9931,verified,low,16,2016-12-14T14:29:50+00:00,2018-11-22T07:10:02+00:00
920,C7000920,individual,Albert,Ramirez,1996-09-15,02c8a3a1b53719c76a3347acfa830a103689f4f625af2b04a924f0ee4c114b3d,,,albert.ramirez297@icloud.com,(719) 903-8035,verified,low,23,2014-04-22T18:51:23+00:00,2025-04-12T01:25:47+00:00
921,C7000921,individual,Kyle,Lawrence,1991-03-24,04d42a679fdabe7e41dea4fb5213462ded3371ea1ea32ee9331dbe4c2353c181,,,kyle.lawrence139@icloud.com,(905) 347-2839,verified,low,16,2020-12-18T10:00:20+00:00,2021-01-25T06:35:57+00:00
922,C7000922,individual,Richard,Sims,1990-11-07,b68347ebab44a68fa7b4552baee3010f5a4e4c75d503e7c993fccedf2a28a1b3,,,richard.sims163@yahoo.com,(562) 925-8228,verified,low,19,2022-07-25T10:19:15+00:00,2024-01-09T03:18:25+00:00
923,C7000923,individual,Willie,Simmons,1989-05-19,daade47f5c65ab7afdd8e927acbf2e3ee43bd780caf77650eac14c0b30c9e82d,,,willie.simmons872@yahoo.com,(676) 780-9645,verified,low,3,2024-04-29T02:18:55+00:00,2024-11-30T12:09:49+00:00
924,C7000924,individual,Sharon,Morris,1962-03-12,49abc0fe1b720dcd92b34b3c4072a97b95b8076738b56aac961275b52d33491f,,,sharon.morris269@outlook.com,(592) 897-4874,verified,low,1,2008-09-26T03:47:27+00:00,2009-09-06T21:05:44+00:00
925,C7000925,individual,Mary,Pearson,1993-10-23,b1e79aee126b9e0563df9c79056a56e6fa36661f8cd8f2ade836c59891d707f9,,,mary.pearson589@yahoo.com,(645) 349-6551,verified,low,3,2019-05-23T07:44:05+00:00,2024-12-26T20:42:09+00:00
926,C7000926,individual,William,White,1997-01-06,912cec334a8062e77c1095827434d95fffdc7e49c4db450d9914ab0dcf8c6cba,,,william.white148@icloud.com,(301) 597-2242,verified,low,18,2015-10-13T12:48:22+00:00,2016-03-10T12:31:38+00:00
927,C7000927,individual,Brandon,Fuller,1992-02-19,d389811403a971f22309a455cb381061419b4e9ab5326bb1d38f5d664d568c34,,,brandon.fuller11@gmail.com,(018) 040-3348,verified,low,12,2012-01-18T11:47:08+00:00,2015-05-26T07:54:49+00:00
928,C7000928,individual,Jose,Butler,1938-11-06,4e8582c00d862627227a90d8dd88885085985272adce4ee87ec6545ab478dea3,,,jose.butler960@aol.com,(260) 967-4627,verified,low,22,2022-07-30T14:38:07+00:00,2025-07-14T07:32:08+00:00
929,C7000929,individual,Michael,Wallace,1982-03-18,4dadf83191b391a134daf3c7d04f35c9146b6eaf4f23b7a9b4b2dae53951f387,,,michael.wallace917@icloud.com,(850) 215-5383,verified,low,23,2016-07-09T14:53:33+00:00,2021-05-21T01:30:23+00:00
930,C7000930,individual,Jeff,Lawson,1965-12-17,1a98863e99d009c5d7131c5b54ec64ccb3a2a6f7708a65c49be2913bbcd66f74,,,jeff.lawson524@aol.com,(446) 078-9075,verified,low,4,2016-10-09T19:01:16+00:00,2026-09-15T14:59:15+00:00
931,C7000931,individual,Hailey,Evans,1994-01-23,d4b63149d0c431c99ebb6994d0a8ec1688ee04bbbe5097e5d5bc97320071839e,,,hailey.evans80@icloud.com,(253) 164-9828,verified,low,9,2012-01-23T22:25:35+00:00,2016-01-01T21:43:59+00:00
932,C7000932,individual,Rachael,Olson,1963-05-28,1f5e873577a0ce76ad0889476850082ccf4c7bf7a2774296faf56b7a815be081,,,rachael.olson764@yahoo.com,(943) 436-8771,verified,low,12,2024-03-14T23:19:07+00:00,2026-02-14T14:24:12+00:00
933,C7000933,individual,Michael,Ford,1946-08-08,80819e7e88536cf637b24055f3559696db8795548560b8525c3602353213c42e,,,michael.ford233@aol.com,(011) 547-7349,verified,medium,11,2026-02-24T13:00:12+00:00,2026-07-06T04:08:52+00:00
934,C7000934,individual,Deborah,Simon,1972-05-12,57c210f94fb845afdfa6111d1866ae3585f3a3b8540db2a03517ca4a5c75639c,,,deborah.simon489@aol.com,(855) 739-5232,verified,low,8,2023-06-25T12:01:07+00:00,2025-08-30T00:38:32+00:00
935,C7000935,individual,Cristian,Morales,1979-10-28,7c387c5fced11de0cf690ae048093dcfb0e277a012993c27423198cf5ef749cc,,,cristian.morales864@outlook.com,(147) 973-4185,verified,medium,15,2021-06-27T19:25:48+00:00,2022-10-31T08:00:02+00:00
936,C7000936,individual,Paul,Smith,1970-05-25,c98cf4540935bf151fe68aa965af7da74f8c0cbb019144e03d0f98bb0c58d6f8,,,paul.smith624@aol.com,(001) 706-7949,verified,low,25,2017-08-17T19:01:59+00:00,2018-03-04T13:09:18+00:00
937,C7000937,individual,Kara,Diaz,1995-04-08,48645a578511748af20f2e6ba4b25976886ce514eda6b2cb01f9ccb3baddae18,,,kara.diaz373@icloud.com,(896) 763-5367,verified,low,8,2015-02-19T20:20:42+00:00,2020-02-07T07:06:47+00:00
938,C7000938,individual,Cheryl,Jones,1951-03-09,1b5e6ad6b5abe7bc536c67883b26a53c699c3825c12d3ae7fb2a891659f93ecf,,,cheryl.jones23@icloud.com,(427) 493-6635,verified,low,7,2016-12-14T05:28:25+00:00,2024-09-08T10:55:42+00:00
939,C7000939,individual,Michael,Fuller,1997-08-12,f5ffb62c6b9370f969f1dcec6d1de04812c4dc7a706f0c1bfdc1568de2296514,,,michael.fuller520@icloud.com,(260) 825-2637,verified,low,22,2022-04-17T07:53:55+00:00,2024-07-08T23:00:38+00:00
940,C7000940,individual,Joseph,Sandoval,1960-08-10,aac1b517499a2bab10f679de3f3a8264af2a8a24a089a778534c589d08dfe3f6,,,joseph.sandoval775@icloud.com,(611) 978-9259,verified,high,18,2020-11-27T11:06:16+00:00,2021-01-17T14:55:58+00:00
941,C7000941,individual,Abigail,Salinas,1986-07-17,2e5599bbeeac46b988c9addc1d286639b5e6b385abdbb5d1fdedec20390bcee5,,,abigail.salinas433@gmail.com,(513) 673-8052,verified,low,19,2009-02-01T06:45:56+00:00,2016-03-02T19:22:30+00:00
942,C7000942,individual,Theresa,Lam,1945-08-18,ba5b7a4a196b319bcf3c08796a7828c66f3d71edabc9b171fb5dd952a0bdfe16,,,theresa.lam596@yahoo.com,(836) 030-8764,verified,low,20,2016-10-17T19:34:31+00:00,2021-11-06T21:08:13+00:00
943,C7000943,individual,Robert,Webb,1997-04-01,fd90155c0cf120a2db7f44e0068b1ecd3dfe2c32f17337b124a3337cb0a134dc,,,robert.webb469@gmail.com,(217) 204-8886,verified,low,3,2022-04-27T14:29:14+00:00,2025-12-11T00:02:24+00:00
944,C7000944,individual,Evan,Kirk,1984-03-09,7f4314b23c8862db4e3cc91f965c9313db408e2acbc6fe5480633280232ce621,,,evan.kirk616@gmail.com,(496) 741-9916,verified,low,22,2025-10-01T05:33:16+00:00,2026-02-06T04:37:10+00:00
945,C7000945,individual,Karen,Brewer,1954-01-07,037c757928809d3362ce91545c1905e885e7679a118716f1b7688b6632766a4f,,,karen.brewer544@yahoo.com,(197) 018-1589,verified,medium,21,2011-07-09T06:58:38+00:00,2015-08-25T15:53:49+00:00
946,C7000946,individual,Sandra,Jones,1955-05-28,e6ce387da3824fd48141675a8aac6841a7e46ee9a7da9c9ba452927958d76ef8,,,sandra.jones396@icloud.com,(252) 602-2169,verified,medium,1,2010-01-25T20:14:57+00:00,2014-08-02T02:22:07+00:00
947,C7000947,individual,Shane,Mcclure,1960-11-22,1b7184b1240792da3177802fc1b26d2aadf515f895cfa4eaee332640be7141a8,,,shane.mcclure337@gmail.com,(454) 693-5102,verified,low,3,2024-09-14T11:30:26+00:00,2025-08-11T20:21:05+00:00
948,C7000948,individual,James,Reed,1973-04-01,6da70a6ad3c3cb2c5ea180f7520b84853ad4e6585199c61500d3075b0fbf41f0,,,james.reed170@aol.com,(941) 246-0516,verified,medium,18,2016-06-02T08:25:26+00:00,2022-02-02T20:20:05+00:00
949,C7000949,individual,Richard,Marshall,1985-02-06,672f6c1f600018c78be50a84f35cf16af4db02336304203b9dee3e07dc553b4f,,,richard.marshall189@icloud.com,(064) 345-9731,expired,low,20,2020-03-24T15:36:19+00:00,2020-10-21T10:24:29+00:00
950,C7000950,individual,Amber,Ewing,1965-03-16,d378a9ebb6c30d8234fa3c07dd2a48e7807f477baee6a5b30ebc185c3d7c1318,,,amber.ewing544@yahoo.com,(427) 079-9594,verified,low,2,2015-04-07T06:02:40+00:00,2018-01-06T11:49:10+00:00
951,C7000951,individual,Matthew,Harding,1986-01-11,d8ab56a23f253fb9c296f4c8f81bbfc5cdea8e6824816b5957a3f0158c335673,,,matthew.harding667@yahoo.com,(909) 846-8560,verified,low,22,2014-01-16T10:48:32+00:00,2018-04-12T17:12:04+00:00
952,C7000952,individual,Scott,Bryant,1980-01-20,0c0ad2bcc4e9488543c4124af8f4feb20213f0b807b6d429fd373fb78290c204,,,scott.bryant221@icloud.com,(399) 626-3779,verified,low,12,2013-07-12T04:43:51+00:00,2021-04-04T00:38:03+00:00
953,C7000953,individual,Angela,Barnes,1951-01-13,bd7833804d4d06ed415c6c46cf8ea9316db50780371cfa7e6ac32ef32bb17c5d,,,angela.barnes61@yahoo.com,(682) 432-3330,verified,low,24,2015-07-05T07:37:10+00:00,2022-10-15T17:39:13+00:00
954,C7000954,individual,Nichole,Morris,1947-09-16,e2628ab027a47fcd6fae535f6e958e37abc5fb3ed55d6826286164476ba4bedd,,,nichole.morris262@aol.com,(285) 370-0644,verified,low,14,2014-07-30T09:37:17+00:00,2023-01-30T05:50:55+00:00
955,C7000955,individual,Alyssa,Smith,1955-04-22,69d7e85bbad1302f6d86284d38fd238c464d7a8ee7baf25c63c165c209c1249d,,,alyssa.smith584@icloud.com,(425) 507-8688,verified,high,24,2010-09-21T07:28:10+00:00,2014-09-14T12:14:47+00:00
956,C7000956,individual,Rachel,Howell,1988-08-22,69ea4dc56368fd780a99dd3f4ae73572645707fc16112b634bf2ed61c31c9427,,,rachel.howell994@aol.com,(663) 992-8798,verified,low,21,2015-06-22T21:09:38+00:00,2022-01-22T11:45:58+00:00
957,C7000957,individual,Philip,Evans,1968-01-20,87ca66c2c79df84d35a4d468d90fef71012bfd102ecc7849e2a891dbc5ca6661,,,philip.evans578@aol.com,(288) 807-0051,verified,low,14,2015-03-04T15:53:39+00:00,2019-08-10T12:19:25+00:00
958,C7000958,individual,Karen,Miller,2000-09-26,7d15f325ff16de412b67d17b950fb64d3280e4e592d5a68a8ebf7396aa41b1d1,,,karen.miller562@yahoo.com,(541) 648-7921,verified,low,25,2018-11-24T16:14:32+00:00,2024-10-12T08:26:33+00:00
959,C7000959,individual,Erin,West,1957-04-22,c0d2bca120a9b38e735cc41e596c8b73221c18f5e46c6ff876093139593f2f11,,,erin.west538@yahoo.com,(360) 785-4833,verified,low,9,2008-03-24T15:48:53+00:00,2025-10-03T08:33:53+00:00
960,C7000960,individual,Dawn,Simmons,1994-03-20,94ce9e2a0099db3dcea9092af1543a1d6ac8d2aec4699c2c86ae24d39b18eba5,,,dawn.simmons130@icloud.com,(579) 232-6714,verified,low,5,2026-02-02T20:19:11+00:00,2026-02-03T20:55:41+00:00
961,C7000961,individual,David,Perez,1948-05-02,2c2169656a2c98ee82d0a7609f84c75b55bf39634d3ec3ed298ff7de3834d46c,,,david.perez308@gmail.com,(049) 379-5829,verified,low,7,2021-07-20T11:22:17+00:00,2024-03-23T00:41:43+00:00
962,C7000962,individual,Carolyn,Beltran,2001-11-30,a2d33f2bcb3dc7dda72c1f68ff9a655a939ff6da1498d9d815c8530192cb7037,,,carolyn.beltran761@yahoo.com,(741) 424-8739,verified,low,6,2023-06-09T05:07:18+00:00,2023-06-22T20:38:34+00:00
963,C7000963,individual,Jeanette,Murray,1949-12-05,fb83530965137c1d21bbff3af7979dc86fb354d1dd8259898850165d737395c4,,,jeanette.murray638@outlook.com,(434) 354-9787,verified,low,4,2015-12-08T06:50:57+00:00,2022-08-18T19:26:04+00:00
964,C7000964,individual,Patricia,Delacruz,1983-09-15,1bd23b9486725c985c237d541360c16f400e01de996e1f8bf773389291e0ba0f,,,patricia.delacruz374@yahoo.com,(990) 348-0424,verified,low,23,2024-04-19T04:15:36+00:00,2024-04-21T15:22:52+00:00
965,C7000965,individual,Natasha,Sullivan,1987-01-15,a83c96ac6ab5e5714de9d0ac2903e9cd8fa4e8b46f20495269cabc873fdb1b4b,,,natasha.sullivan124@yahoo.com,(225) 492-0369,verified,low,9,2022-09-28T21:01:44+00:00,2026-08-02T00:37:55+00:00
966,C7000966,individual,Steve,Weiss,1965-11-04,a89bb3df14e5284e7c14d43cb6ff4ed56f9345d8ec947f4b272f7674bc80f5bb,,,steve.weiss64@yahoo.com,(475) 690-0184,rejected,low,12,2009-05-11T01:39:17+00:00,2022-07-07T22:36:16+00:00
967,C7000967,individual,John,Bauer,1991-10-22,7a30e7f4ec4264efb13feed33f7db6b86119201e7978fc2b5a4f904af593df9a,,,john.bauer42@yahoo.com,(966) 771-5390,verified,low,15,2017-07-22T20:36:14+00:00,2019-03-30T13:40:59+00:00
968,C7000968,individual,Allen,Johnson,2006-09-12,5451601d0dd9e177251e7d2d5bb14e1333457a2b48c814382a8dbd8ff9989207,,,allen.johnson323@gmail.com,(476) 144-2787,verified,medium,8,2015-09-17T04:53:09+00:00,2025-06-16T13:39:47+00:00
969,C7000969,individual,Christine,George,1989-02-20,2d441a2e35bf42b2a55a6d5eab2530bd4c98965396ae8c5f49660911a61d6e3b,,,christine.george495@yahoo.com,(675) 493-9343,expired,medium,3,2023-10-26T01:24:03+00:00,2024-04-19T23:21:45+00:00
970,C7000970,individual,Stephen,Wright,1994-05-25,873159ba61409202fb939a4369cdd071a442a7309e4a789d7c98cf6e7d7cf591,,,stephen.wright522@gmail.com,(330) 734-5330,verified,low,12,2023-02-01T09:28:01+00:00,2025-01-25T10:35:52+00:00
971,C7000971,individual,Tony,Davis,2004-12-23,9cbd0c127a31b5ed17de055d7323d25a941409fc875b2e29cdf1c8f7f64b9efb,,,tony.davis12@aol.com,(709) 404-2245,verified,low,10,2023-03-22T22:01:33+00:00,2026-02-15T20:12:12+00:00
972,C7000972,individual,Julia,Daniel,1959-09-28,c7dc49f004190748dde2f0599598c02ecfeb3f5caa3972a8718b4941cf8fb41d,,,julia.daniel786@gmail.com,(197) 157-5571,verified,low,6,2018-11-28T14:15:38+00:00,2021-10-25T00:51:05+00:00
973,C7000973,individual,Diane,Snow,1988-07-28,82f26f431418aa37e1453edfa2f01cb9786ae96f4cd5c73dc41c2fafb19a8ab9,,,diane.snow995@icloud.com,(200) 761-5042,verified,low,3,2010-12-01T22:07:31+00:00,2017-10-31T00:59:14+00:00
974,C7000974,individual,Kevin,Jennings,1986-11-29,b5dec4c66ba644435aef8d4b97422e7b044533f1c7db25fbfc4f3ed02e369d63,,,kevin.jennings871@gmail.com,(809) 010-1461,verified,low,9,2019-03-19T04:22:47+00:00,2023-01-09T08:52:06+00:00
975,C7000975,individual,Angela,Wilson,2006-05-18,038db9523bcc5c90b1a10808b1c7907afc305f8c6f45f193ba26295ee00e3959,,,angela.wilson698@yahoo.com,(851) 856-9050,verified,low,7,2024-01-17T11:15:13+00:00,2025-01-22T05:52:42+00:00
976,C7000976,individual,Darlene,Reed,1957-11-23,28f1a3828eb022d883c7910cd735cfbd2cbf95be047d332e9069e211e7e72981,,,darlene.reed151@gmail.com,(671) 467-4906,verified,low,6,2022-10-21T08:05:18+00:00,2025-02-27T17:56:27+00:00
977,C7000977,individual,Jason,Frederick,1938-11-18,94175090f0e28a2903013213961c71b05a97a876a574287f967491e3e2277870,,,jason.frederick455@gmail.com,(585) 653-3777,verified,low,3,2025-01-09T11:23:01+00:00,2026-04-17T23:25:04+00:00
978,C7000978,individual,Justin,Castillo,1948-08-21,d0ca1a8ee0bf72cbe4cd50f290c24b4a2e5b471aef05f1ade2db141acd391ffe,,,justin.castillo385@gmail.com,(240) 254-5500,verified,low,20,2011-05-02T06:13:32+00:00,2026-05-12T04:28:14+00:00
979,C7000979,individual,Connor,Lewis,1952-01-31,0e3ee75db006552d02e1be6ff501628aa8bc07572a7994df1cde5c0a8541b4c9,,,connor.lewis530@icloud.com,(438) 300-0914,verified,low,13,2024-10-24T20:26:59+00:00,2026-08-03T16:55:59+00:00
980,C7000980,individual,Catherine,Gray,1948-01-16,53d1dd36d339c6a90c38989c28fae255537503e7eb5bcd1b2b74ad0f12c4d368,,,catherine.gray602@gmail.com,(560) 022-3023,verified,low,19,2012-12-05T16:44:14+00:00,2015-11-30T22:50:27+00:00
981,C7000981,individual,Todd,Mendez,1979-03-04,ed9a5aa36acafaa0702e9a4ee0aa4dbba8190c2d65f418dd6f9393129f89424b,,,todd.mendez583@icloud.com,(361) 527-6958,verified,low,12,2022-03-23T05:56:48+00:00,2023-11-16T06:43:21+00:00
982,C7000982,individual,Miranda,Young,1943-03-07,d35184084a18324efc5bcef821446798db0b0a8e2ad18bb7f70dee2c3b74a0eb,,,miranda.young957@outlook.com,(311) 802-6691,verified,low,16,2023-12-30T18:46:31+00:00,2024-09-12T19:44:16+00:00
983,C7000983,individual,Betty,Marsh,1946-08-13,c01f7ea8f642fede6971198d7a8c88eb6e40066f97786ac0f742266dbc3728f0,,,betty.marsh575@gmail.com,(692) 476-8834,verified,low,22,2009-09-05T02:39:59+00:00,2019-10-29T13:09:51+00:00
984,C7000984,individual,Melissa,Schultz,1959-11-19,e8b61a19476c1aa9bb1283051fff822659d2aadc23ef8257a74265b63d81ba1e,,,melissa.schultz54@outlook.com,(513) 251-7904,verified,low,16,2010-10-08T11:49:16+00:00,2016-10-30T14:44:48+00:00
985,C7000985,individual,Alisha,Jones,1951-10-12,478c9946ca89208df92dc0f5c41c854a66f110a05b9d24387da1c7d1bc5503a3,,,alisha.jones776@icloud.com,(564) 572-2757,verified,medium,5,2013-06-29T04:08:07+00:00,2018-11-13T03:55:06+00:00
986,C7000986,individual,Phillip,Booker,1981-05-20,cf5d2c9ebf3ffd76349c2866fc18c1e5b4071243281d243366d7c34e760ea20e,,,phillip.booker651@gmail.com,(641) 060-3267,verified,low,25,2009-04-04T08:31:09+00:00,2023-05-22T23:04:38+00:00
987,C7000987,individual,Stephanie,Ross,1980-04-15,9eab83339403d92f3b3eeebac44c48e1fea5acd2cc50e512bd3b9b95f516a18d,,,stephanie.ross453@aol.com,(698) 948-4817,verified,low,10,2011-11-17T04:59:58+00:00,2022-06-01T03:23:48+00:00
988,C7000988,individual,Tom,Sosa,1998-11-26,4eecd8cd0c82cc6becb89096883d650ef92bffafab42e2bfe56e1ff0cc7eb165,,,tom.sosa956@gmail.com,(594) 933-0781,verified,low,20,2013-12-01T18:46:23+00:00,2025-11-10T15:55:23+00:00
989,C7000989,individual,Kelly,Duffy,1995-04-01,fa0c567a20570c4c5c92d29df2750f144563adb66af3ca2965876faee93ad771,,,kelly.duffy200@outlook.com,(967) 433-3849,verified,low,8,2015-03-14T02:00:45+00:00,2020-11-25T23:43:00+00:00
990,C7000990,individual,Sharon,Brown,1981-07-19,b21e6d480ec668d9c3c7e2feb9f0be71dd8d4a9a3acc60d6cfe1ba9ffd7daefe,,,sharon.brown490@icloud.com,(926) 653-6197,rejected,low,24,2025-12-27T18:04:40+00:00,2026-01-20T14:59:54+00:00
991,C7000991,individual,Mackenzie,Singleton,1964-06-06,4500d2c95b49bc2ce1de00a2bee313400ec10ee2c2b9ca197186b09b740bcd72,,,mackenzie.singleton707@aol.com,(392) 768-7141,verified,low,5,2012-01-09T04:24:51+00:00,2015-02-24T12:54:09+00:00
992,C7000992,individual,Danielle,Woods,1953-12-26,2426d65c2d05e1e646a72509daf0a775272ee018fa4737e07d373e8420995bba,,,danielle.woods958@icloud.com,(921) 162-5069,verified,low,13,2012-06-13T07:04:19+00:00,2024-09-20T01:12:31+00:00
993,C7000993,individual,Sheila,Bates,1982-05-06,9722741e6780e10da780c3545a3cbbf7d3a858149a8c2f94f9689f24ec417d14,,,sheila.bates140@yahoo.com,(703) 934-2718,verified,low,2,2024-01-29T17:54:24+00:00,2024-02-19T17:22:50+00:00
994,C7000994,individual,Johnny,Wise,1981-12-29,c8ad1746b7b6ddc14adb02837333a2dbc61290571085d0a0e242c704f9fa5889,,,johnny.wise10@icloud.com,(213) 008-8238,verified,low,21,2019-03-17T11:31:30+00:00,2021-08-15T07:09:48+00:00
995,C7000995,individual,Melissa,Mcmillan,2006-07-23,3f8f86ebcbe82fb0703f53c667b0f1c6e0f517e628dd1876421e8f805c84531d,,,melissa.mcmillan808@outlook.com,(192) 218-8220,verified,high,13,2010-04-21T15:02:34+00:00,2013-10-22T22:01:04+00:00
996,C7000996,individual,Courtney,Lawson,1967-10-20,216d9774bc2cbcdbe90cfa3348b40233c4d3b8cb3d2a598c53c9696a607a74e7,,,courtney.lawson519@gmail.com,(991) 676-4032,verified,medium,25,2011-10-11T09:37:49+00:00,2017-10-13T11:15:42+00:00
997,C7000997,individual,Linda,Trujillo,2002-06-12,f3498ae031b02adf9b3dae17909d68589050ba3cce7bfeab880024082ac73236,,,linda.trujillo174@aol.com,(937) 949-9952,verified,low,11,2022-10-13T13:14:49+00:00,2023-12-25T17:59:03+00:00
998,C7000998,individual,Jeffrey,Simmons,1939-06-15,580e532475cb1c05681acbdde88060fffd4037b72c59a1c710b0a56c10ced986,,,jeffrey.simmons172@icloud.com,(058) 771-5559,verified,low,18,2016-10-08T20:29:43+00:00,2018-02-21T14:34:19+00:00
999,C7000999,individual,Randall,Johnson,1948-01-28,1d0c181e558f9ba3ca42a06fffff414d6a3a4764d8e7202df5c75cd0885f6365,,,randall.johnson905@outlook.com,(418) 029-5599,verified,medium,13,2019-10-04T03:53:05+00:00,2024-11-01T19:18:49+00:00
1000,C7001000,individual,Shannon,Fleming,1942-12-11,2deda0035f3a24792a5ede5b30c933c052739d6972b45a7ed083508076cd2311,,,shannon.fleming285@aol.com,(367) 038-6256,verified,low,24,2021-11-15T18:17:25+00:00,2023-02-15T09:55:15+00:00
1001,C7001001,individual,John,Paul,1973-10-22,9497646271d9708093c7260549013ccca566de975f12fc5f8fea51da3e39bd6e,,,john.paul131@yahoo.com,(248) 287-3210,verified,low,7,2022-05-14T06:36:01+00:00,2026-08-14T15:11:14+00:00
1002,C7001002,individual,Thomas,Smith,1981-07-19,2eb4d2ddfe676819745679948b72c86025c4ffe7a0620f18033bb4e4618a7d3c,,,thomas.smith234@outlook.com,(842) 874-1627,verified,low,11,2014-02-09T00:21:30+00:00,2022-12-09T07:26:39+00:00
1003,C7001003,individual,Haley,Mack,1988-02-20,44dd16a01a4ed306e8ddf99430e936173d77ef095cae66cdefba1d4d6424ec37,,,haley.mack166@outlook.com,(230) 036-0722,verified,low,22,2025-05-28T08:19:41+00:00,2026-01-05T20:07:11+00:00
1004,C7001004,individual,Lori,Hill,2008-06-05,646fa1bf57b3b424b99170ccd27c91c1b941c80266bdcda9f8517ffdfcd9a062,,,lori.hill560@outlook.com,(391) 692-8091,verified,low,23,2020-01-11T06:23:50+00:00,2023-07-11T18:41:59+00:00
1005,C7001005,individual,Anthony,Payne,1958-04-30,2c1d95c2ea04d159ff62438a728ea138ff24498c861aa898bb6f7e658f73c41a,,,anthony.payne26@outlook.com,(801) 517-6429,expired,low,13,2026-01-09T14:21:40+00:00,2026-07-04T13:59:45+00:00
1006,C7001006,individual,Christina,Good,1967-03-30,0f1edc90d5bfcf57c1b77f31fb4d037daff3a653ce554da0f08915bcb9a4d912,,,christina.good158@yahoo.com,(315) 255-2322,verified,low,15,2023-11-15T06:13:49+00:00,2024-03-18T16:12:09+00:00
1007,C7001007,individual,Kimberly,Montoya,1960-05-26,8c4d46630218fd43a2d7a5d1ff313dd26e2e930a4b15ae48c0362e62d0ac27a8,,,kimberly.montoya519@icloud.com,(277) 888-2603,verified,medium,23,2024-09-11T21:05:31+00:00,2025-05-14T19:27:20+00:00
1008,C7001008,individual,Jasmine,Watkins,1946-02-01,d56659bbd302f446844ec866dfb687eb5726b8ef9d02c31eb85c4731d526c159,,,jasmine.watkins537@icloud.com,(142) 293-5545,verified,low,13,2013-02-02T00:32:52+00:00,2023-10-27T10:30:38+00:00
1009,C7001009,individual,Erin,Glover,2007-12-24,61402b67a8085e220f7ae37bee443e8ae956c7f6ac9649aa994d91ca19b88570,,,erin.glover883@outlook.com,(304) 576-2745,verified,low,9,2014-01-09T21:36:56+00:00,2023-10-21T04:04:24+00:00
1010,C7001010,individual,Sarah,Jackson,1945-12-25,0f74603c9e5076ea72e502c8d59d30719134b75a1a65b4aa2ff7571104297eaf,,,sarah.jackson841@icloud.com,(689) 600-8347,verified,medium,11,2008-04-25T00:18:06+00:00,2021-10-04T10:31:07+00:00
1011,C7001011,individual,Cassandra,Fowler,1978-09-19,629034a019221bff7594f551ddd6031b2cb7d66f640453f4fd15f39a22911084,,,cassandra.fowler47@outlook.com,(927) 156-0338,verified,low,6,2017-07-02T22:36:33+00:00,2022-06-28T01:02:38+00:00
1012,C7001012,individual,Tanner,Horton,1941-05-11,bd217d096dca7f1e4276b27ed9648b842503c2c4781ac7a083951868d7014f67,,,tanner.horton889@aol.com,(900) 737-9499,verified,medium,16,2023-04-08T06:18:28+00:00,2023-09-25T18:16:20+00:00
1013,C7001013,individual,Kellie,Cooper,1984-03-05,134453aac846ff76ee435de1466ac975a2c8a8a187d85dc782f58ceacaaff2f6,,,kellie.cooper363@icloud.com,(759) 160-4359,verified,low,7,2013-11-21T07:47:09+00:00,2020-03-16T18:16:47+00:00
1014,C7001014,individual,Michael,Wyatt,1969-09-16,54f6e7fad2ed9cf9323c6d2318265d77949046cd2d3ec75562d9da27dd339597,,,michael.wyatt849@aol.com,(756) 816-7843,verified,low,20,2020-07-18T03:25:58+00:00,2024-08-11T10:00:33+00:00
1015,C7001015,individual,Michelle,Stewart,1939-07-17,3785694fceca453b2912b969e50bbee0cb5aebf69681610e58e06b8698f5cf57,,,michelle.stewart534@outlook.com,(788) 369-2233,verified,low,11,2019-02-17T03:29:24+00:00,2025-09-29T22:43:38+00:00
1016,C7001016,individual,Sarah,Vega,1965-08-07,5c73a7c854a05d723e93d6e04b29a3ec6a8e6b5ec092d58891d13181e6d0f427,,,sarah.vega673@outlook.com,(735) 514-9724,verified,low,4,2016-07-13T01:37:23+00:00,2025-09-13T02:07:58+00:00
1017,C7001017,individual,John,Kelly,1963-11-13,540bf33126e062426e63f1f911690128f8420bee3e2ac2943f7948c022c3c7da,,,john.kelly109@aol.com,(020) 061-7413,verified,low,9,2024-03-12T13:42:53+00:00,2024-10-24T17:47:59+00:00
1018,C7001018,individual,Sue,Hernandez,1985-10-17,35742d0a85aa449df3b3ef703f4a20e68b05760f87a5aab2971c3d8c56b672df,,,sue.hernandez300@aol.com,(065) 076-1222,verified,low,16,2011-01-27T02:28:00+00:00,2024-05-14T05:51:27+00:00
1019,C7001019,individual,Sharon,Watson,1960-09-20,651da1ae17cabdb0a01cfcf8875f50e50f229aa613e32e80fb3b1d071e2124ca,,,sharon.watson480@aol.com,(950) 263-5607,verified,low,3,2026-03-13T06:50:32+00:00,2026-05-09T08:59:56+00:00
1020,C7001020,individual,Austin,Stone,1987-01-08,e7a1ef75314ca3ece6c07b386edbbe1fe5d5d61b032f39c899e99e612110f26c,,,austin.stone670@icloud.com,(696) 269-0222,verified,low,8,2010-06-22T21:55:58+00:00,2020-08-16T22:52:43+00:00
1021,C7001021,individual,Kyle,Johnson,1968-09-17,4d9e1e5f808b619ab56b3b3931ae8431f5b878d9c0945168a509848089d839dd,,,kyle.johnson556@icloud.com,(216) 218-3339,verified,low,24,2013-11-11T17:54:51+00:00,2025-04-17T08:55:30+00:00
1022,C7001022,individual,Jeffrey,Castillo,1949-01-22,754ba0570898dec98015ec16022e5b526965a3546c8b0f3e91292a0cd64cd77a,,,jeffrey.castillo80@aol.com,(008) 228-3774,verified,low,18,2013-10-26T12:15:10+00:00,2022-09-01T03:55:31+00:00
1023,C7001023,individual,Pamela,Mahoney,1942-02-20,b65bfd36b45a095fe66779d14425b3735a661d69972b868596f3b1267a2118c3,,,pamela.mahoney624@icloud.com,(280) 126-9804,verified,low,18,2018-05-04T11:37:32+00:00,2025-04-10T05:12:11+00:00
1024,C7001024,individual,Deborah,Mercado,2005-03-27,5620b5042274bdbe01dc456579174f80207e4bbd3f1189515d77e0a11cb8c0b7,,,deborah.mercado698@gmail.com,(452) 573-7874,verified,low,13,2009-06-20T16:22:05+00:00,2025-08-13T06:58:53+00:00
1025,C7001025,individual,Virginia,Miller,2001-12-22,836e5a685862f53a33bb8f1142ad98d267cee28851be44728246fe39c3fbaa4e,,,virginia.miller803@gmail.com,(972) 842-6809,verified,low,22,2017-09-10T16:11:11+00:00,2018-11-26T03:46:29+00:00
1026,C7001026,individual,Travis,Brewer,2004-07-29,6dd710a6a94b0408b577b9f79ab07a36726e4d0082fb58069bfb7cf238b48441,,,travis.brewer569@yahoo.com,(668) 803-1664,verified,low,20,2012-01-25T15:35:48+00:00,2020-12-17T00:48:17+00:00
1027,C7001027,individual,Nathan,Jennings,1943-08-20,0f04807f842a4809864f8590282197713e2974e54112ba494f527007358313b3,,,nathan.jennings336@icloud.com,(019) 919-8480,verified,low,16,2021-03-25T18:02:31+00:00,2023-07-04T05:31:56+00:00
1028,C7001028,individual,Brian,Wilcox,1941-11-10,e4d99285f447150f950be017ae91a3b43782bb7faceb0c30bd9db39917326054,,,brian.wilcox921@yahoo.com,(689) 579-6724,verified,low,23,2022-03-13T10:16:54+00:00,2023-09-09T04:29:48+00:00
1029,C7001029,individual,Alexander,Williams,1962-06-09,165f6f7f553cb3d0dedec565d8aa0b6b9192569703059567ab7615eeceb030dd,,,alexander.williams270@gmail.com,(723) 920-1029,verified,low,9,2017-07-29T05:38:25+00:00,2026-07-24T05:23:40+00:00
1030,C7001030,individual,Kimberly,Clark,1958-06-10,45c0dedb8f2a69b26b2d301173354e16ca07ead7ce248856fefde4d368b54732,,,kimberly.clark455@gmail.com,(513) 379-3766,verified,low,19,2023-10-09T03:08:45+00:00,2025-12-26T23:53:01+00:00
1031,C7001031,individual,Kenneth,Cummings,1974-05-18,ce70634296221fe8aa915b5f0a6771120404ec00e42b41051721c3668445123b,,,kenneth.cummings274@outlook.com,(499) 080-3586,expired,low,22,2012-04-20T10:58:54+00:00,2016-07-06T10:15:18+00:00
1032,C7001032,individual,Ian,Brooks,1955-01-06,815be7fbfca8dc5a60d5985a7157f24bc527e682c46b4503af1e4cf1db023c3d,,,ian.brooks834@gmail.com,(791) 111-0851,verified,low,10,2021-06-13T12:14:15+00:00,2022-08-07T12:56:09+00:00
1033,C7001033,individual,Jason,Cardenas,1969-12-16,8a5d052e6e2ac2e6bf18b3ecdd52081a76e0ed7917d317671f9f0fb527cc15fb,,,jason.cardenas932@yahoo.com,(480) 022-6425,verified,low,21,2016-05-24T20:25:04+00:00,2018-10-22T22:23:09+00:00
1034,C7001034,individual,Donald,Brown,1991-08-06,76f57eca2a59407cefb5019308c903192311fbf7fbd192c301ccb8caaa0a9e80,,,donald.brown168@yahoo.com,(498) 474-6042,verified,low,22,2025-01-31T08:38:48+00:00,2025-07-30T06:23:19+00:00
1035,C7001035,individual,Isaac,Rogers,1941-02-03,78048f3e9f49a919b36037d06e86de2dfca785bf7f388ac2bb8b549a6f613bdc,,,isaac.rogers933@yahoo.com,(292) 676-9889,verified,low,15,2022-10-10T08:18:56+00:00,2025-11-30T12:45:48+00:00
1036,C7001036,individual,Joshua,Wilson,1981-01-23,18d343ba90685b178190a436a2ef0ebaa0874ee288ed8ef2b7cab11ed44639bb,,,joshua.wilson118@icloud.com,(936) 059-6275,verified,low,21,2012-12-17T13:32:44+00:00,2013-01-01T07:57:26+00:00
1037,C7001037,individual,David,Eaton,2007-05-24,4b279e118a2c98bd85366427aca0000452103f9a1a4e9fff5070a2c3826ad5df,,,david.eaton716@gmail.com,(622) 307-0659,verified,low,13,2023-07-12T18:01:42+00:00,2024-05-05T19:01:35+00:00
1038,C7001038,individual,Susan,Thompson,2000-07-23,9fde0e3b75293440fa36945ae9f80632a11d89bb5761647f0ca86dd819e32f28,,,susan.thompson790@gmail.com,(718) 624-4756,rejected,low,7,2020-04-25T05:52:22+00:00,2023-01-14T20:35:08+00:00
1039,C7001039,individual,Katherine,Williams,1965-10-11,1023ce1f8f6b4f3c020894fb1c52492d51f70cbeddd2b445786bf1816f7c0d2c,,,katherine.williams387@icloud.com,(459) 858-6635,verified,low,14,2010-02-28T05:06:56+00:00,2020-02-05T07:09:41+00:00
1040,C7001040,individual,Amber,Reynolds,1940-09-03,e77a1a08dc8c37ff808c7f2c1bcd646cbfa47673a479d4ad5e010183d20fd144,,,amber.reynolds138@yahoo.com,(946) 998-4288,expired,low,2,2011-03-23T06:38:06+00:00,2022-01-22T03:22:20+00:00
1041,C7001041,individual,Emily,Olsen,1976-02-05,f28e9e30b10ecdeb244f61c89f3f71b5c485e3112123730eb33b907b0cda6134,,,emily.olsen913@icloud.com,(712) 320-3668,verified,low,8,2016-02-11T08:26:26+00:00,2022-08-30T22:19:25+00:00
1042,C7001042,individual,Adrian,White,1975-11-07,221dbda61afb9aaaf1fb2b654d782260f518dfa8302c0b899487742e97c550ec,,,adrian.white469@outlook.com,(455) 735-6232,verified,low,3,2012-07-18T18:29:38+00:00,2025-06-03T05:16:06+00:00
1043,C7001043,individual,Mallory,Jackson,1962-03-07,d7d9206e07e951c1de62af714ced53d3f6c63d304a4360134fe7b5ff7dfd06d6,,,mallory.jackson802@outlook.com,(704) 240-2555,verified,low,20,2015-01-13T23:02:26+00:00,2022-07-20T20:34:20+00:00
1044,C7001044,individual,Melissa,Jones,1993-09-22,21a9bbab423d16abe506fb83de214c27dc6725dd350cc216c12bc5369bd9966c,,,melissa.jones27@yahoo.com,(467) 386-5690,verified,medium,2,2023-01-18T12:20:36+00:00,2026-08-11T21:21:27+00:00
1045,C7001045,individual,Amanda,Hardin,1968-10-20,98c6dc36622441afa4cc9d01ca8da7279e0115c46be1bfd6405471c28a66b5bc,,,amanda.hardin409@icloud.com,(623) 945-9942,verified,low,19,2025-02-24T16:25:38+00:00,2025-12-28T12:24:31+00:00
1046,C7001046,individual,John,Dougherty,1973-02-21,fd7b3c8fc7997a85e9eeedef4489253b14dd573d60b0c03940cc7e4add44adc5,,,john.dougherty850@yahoo.com,(628) 335-6890,verified,low,20,2014-12-05T13:37:15+00:00,2016-01-09T10:47:33+00:00
1047,C7001047,individual,David,Rios,1972-08-03,c598daafd3f3d47c1c000da97d6d56ffc144de22f91a48f2cb95ea433c4ab5e1,,,david.rios15@aol.com,(715) 659-6957,verified,low,10,2010-06-26T06:26:46+00:00,2014-06-11T23:53:12+00:00
1048,C7001048,individual,Scott,Evans,1963-08-11,95515ea79e1e7e0b2b1a8dffaae3299a01e92a34371b9181bad78f53107cbbaa,,,scott.evans492@yahoo.com,(418) 395-2525,verified,low,19,2009-02-08T16:10:02+00:00,2012-09-27T03:56:48+00:00
1049,C7001049,individual,Kevin,Brown,1996-02-16,f01b9aa7c76a7ef94bd13291c20d788c609baf9876bd59f4f1d8850efec6c09e,,,kevin.brown416@aol.com,(321) 244-0293,verified,low,23,2016-06-14T20:21:47+00:00,2019-07-19T22:19:09+00:00
1050,C7001050,individual,Bruce,Johnson,2003-05-29,df3058653bd4c3dd42537cbc6a5ef58e571eb42005255580e6a7e6a1cb76323d,,,bruce.johnson761@yahoo.com,(412) 325-4601,verified,low,24,2014-11-25T09:18:35+00:00,2015-04-17T23:15:44+00:00
1051,C7001051,individual,Christine,Andrade,1987-12-24,469561e89934d9d1dffcd49054a0ec20218c1654e2aa20b2a93606733371679b,,,christine.andrade808@yahoo.com,(301) 494-8029,verified,low,10,2013-05-05T20:03:40+00:00,2018-10-25T08:21:18+00:00
1052,C7001052,individual,Tamara,Acosta,1987-02-27,d3586247d278f1fca12c216d2d939c3e48bb5eb8898083917b8cb3684f60175d,,,tamara.acosta33@outlook.com,(236) 670-4171,verified,low,2,2010-07-07T13:50:46+00:00,2026-05-11T13:12:52+00:00
1053,C7001053,individual,Michelle,Rodriguez,1989-01-01,219375ef9e5b8c4e82a843625971b1337570db0e4ec05c2203a9c5cb6626dfe3,,,michelle.rodriguez263@aol.com,(034) 495-6071,verified,low,7,2023-10-05T18:39:18+00:00,2024-06-03T23:41:48+00:00
1054,C7001054,individual,Tiffany,Brown,1992-06-08,b7f79f188c768b60f33ffac60e627adc716a43fa871eed35cec96ee8e665234f,,,tiffany.brown410@outlook.com,(703) 996-3066,verified,low,18,2010-05-04T15:32:35+00:00,2015-03-22T22:34:14+00:00
1055,C7001055,individual,Jeffery,Murray,1939-10-22,460f497967ce765fa2bf179d3423227eba5b86eb723a9fcae79adc271910eff9,,,jeffery.murray974@outlook.com,(580) 097-1408,verified,low,20,2021-10-25T12:20:48+00:00,2025-07-02T04:04:53+00:00
1056,C7001056,individual,Alicia,Lee,1999-11-15,2e581f122ce26725b30db80998b35d4febea8cfb3a2721b1b14bd0bfc687aafa,,,alicia.lee182@icloud.com,(759) 097-2285,verified,high,24,2023-06-22T20:40:19+00:00,2024-10-15T03:45:19+00:00
1057,C7001057,individual,Patricia,Blevins,1993-03-25,a4268f47b7482472e4c0f0e2a4dc2dc2997600ed84452813b6834264d03b0156,,,patricia.blevins108@outlook.com,(482) 367-8838,verified,low,10,2019-06-26T14:44:35+00:00,2026-09-03T08:25:06+00:00
1058,C7001058,individual,Rachel,Hill,1968-04-23,da0002e7108615a2a05747b64d6a42b8c4b49ce4e2fd08d7f2fd47958a970655,,,rachel.hill595@icloud.com,(416) 371-2063,verified,low,19,2020-05-12T01:42:23+00:00,2024-05-24T12:13:33+00:00
1059,C7001059,individual,Adam,Garcia,1990-12-05,5e339f746f806ddf30c2b60135a34b5016f461073c03655ac71dc2186c24bd21,,,adam.garcia161@icloud.com,(157) 281-4361,verified,medium,3,2013-07-09T04:12:20+00:00,2022-09-26T08:32:57+00:00
1060,C7001060,individual,Zachary,Jackson,1990-11-15,2aa7302e6151d02cc582f158adbf48c1172791155fdd357666eec4f7e055e762,,,zachary.jackson685@aol.com,(555) 465-4268,verified,low,8,2014-02-02T02:31:02+00:00,2024-01-03T12:36:44+00:00
1061,C7001061,individual,Erica,Welch,1960-01-28,59a744d52c67e87e0e817bb0fc11772446512c463ed417cba89f7a032a405bea,,,erica.welch690@aol.com,(956) 600-3011,verified,low,8,2015-09-12T10:47:06+00:00,2020-01-15T05:52:36+00:00
1062,C7001062,individual,Meredith,Church,1969-04-28,ae7c58121fd48dc05e505e67f6a6c656b5bd369fa4b181c8560e7872525ad51e,,,meredith.church708@yahoo.com,(368) 385-0957,verified,low,16,2016-10-13T20:53:17+00:00,2024-06-21T14:31:36+00:00
1063,C7001063,individual,Robert,Steele,1956-02-28,6f981d79eb1c2c39c7fa5c3c779a687277c7acd8a2fc78cba06133d0ad1c3654,,,robert.steele408@yahoo.com,(034) 848-4377,expired,low,10,2010-03-08T16:08:45+00:00,2015-02-10T08:15:18+00:00
1064,C7001064,individual,Michael,Mitchell,1990-11-23,4d335735b9cc2009602af9b54e20c2978e1a7c80052b45521029a53a892c715d,,,michael.mitchell398@outlook.com,(542) 175-6275,verified,low,6,2018-09-19T02:14:19+00:00,2021-12-18T09:06:06+00:00
1065,C7001065,individual,Sean,Nelson,1970-06-16,aa8259fddc6d5fc8ff239136b56645f5e0eaefe6db148e46ecfbbd54f49b2afc,,,sean.nelson82@gmail.com,(459) 235-1638,verified,low,23,2023-03-18T20:44:27+00:00,2024-08-30T22:41:54+00:00
1066,C7001066,individual,Steven,Church,1945-01-26,e7d95f5b1a8b1f97187262d9be3b7116a289c1cb29c32d175f9bb2325d63767e,,,steven.church114@gmail.com,(945) 761-3049,verified,low,21,2012-02-26T19:25:46+00:00,2017-10-31T10:37:36+00:00
1067,C7001067,individual,Gary,Nichols,1971-03-26,79852e83037925b329cf02ccfcebc0d838d974858add99da692029a9defc6e71,,,gary.nichols238@outlook.com,(679) 813-0265,verified,medium,8,2022-02-10T19:17:44+00:00,2023-02-08T20:13:30+00:00
1068,C7001068,individual,Joshua,Randolph,2004-03-08,955dbc9440dcdf3e136fd6a4df5a74d42db9726a958840cc5bfde4a10ef9cb54,,,joshua.randolph64@gmail.com,(911) 611-4644,verified,medium,25,2022-10-10T15:42:10+00:00,2024-09-22T01:29:50+00:00
1069,C7001069,individual,Ann,Martinez,1948-03-01,0bf36fd868c3cfc739924460ee98e5bc1a9ecf38718de45f7fcd29ef8c9020ad,,,ann.martinez155@aol.com,(512) 180-8226,verified,low,2,2020-02-29T04:25:11+00:00,2025-12-13T05:29:18+00:00
1070,C7001070,individual,Andrea,Lewis,1978-04-11,b9ffe0ad318dbb60df3970dbf5a3398e7acdbd80b8c2163da782b6e8cf79445b,,,andrea.lewis265@aol.com,(716) 468-2100,verified,medium,7,2010-04-05T21:34:07+00:00,2025-08-25T04:04:35+00:00
1071,C7001071,individual,Allison,Hunt,1989-10-13,b8788a2b40c2a2be247e88d7dd2debb3adfa67bf471ebca60a6319474e03b7e7,,,allison.hunt858@aol.com,(693) 207-0983,verified,low,16,2018-06-25T06:15:34+00:00,2026-01-27T07:07:43+00:00
1072,C7001072,individual,Wayne,Griffin,1979-05-02,242aea60837fb8370d0f445c62bc1ca23456b2d9b6f247c50d45c86ad722a72e,,,wayne.griffin311@icloud.com,(950) 034-5220,verified,low,5,2025-03-02T12:41:07+00:00,2025-03-04T23:33:09+00:00
1073,C7001073,individual,Jonathan,Jackson,2003-07-03,a14a9d23c849598b6f7821f01bd80c7f3c1e5fba2ac6578f84b6de56de0e7235,,,jonathan.jackson77@aol.com,(330) 907-4063,verified,low,24,2013-11-16T20:38:53+00:00,2019-06-25T16:06:02+00:00
1074,C7001074,individual,Kathleen,Andrews,2007-07-21,a6313fe4d0c411b0646f9ddf0d3fa78d4782fa747a35c104a8066253d8208f2a,,,kathleen.andrews630@gmail.com,(536) 693-3276,verified,low,10,2008-09-10T22:29:55+00:00,2015-07-12T16:24:52+00:00
1075,C7001075,individual,Kristin,Bond,1953-04-14,83fb74448bf1674d0224c74fcbe6b8006d33246bfb6d22be8429f6c5c0d1df8c,,,kristin.bond53@icloud.com,(259) 310-3370,verified,low,11,2009-07-11T20:32:31+00:00,2016-12-24T02:55:06+00:00
1076,C7001076,individual,James,Hall,1991-10-22,0205f76781316442a3dcb495f5ca830b4a30bc47e488b2fbc395966827fdfe43,,,james.hall143@outlook.com,(883) 845-6125,verified,low,1,2021-09-16T01:10:43+00:00,2025-04-28T21:36:54+00:00
1077,C7001077,individual,Latasha,Ford,1985-03-16,97adb41184e07fa5afdcb9d5ca00780ef72dccb1d8c6b62ada1eb20f9b2007a8,,,latasha.ford606@outlook.com,(053) 273-9688,verified,low,4,2026-03-09T11:08:44+00:00,2026-05-17T03:17:38+00:00
1078,C7001078,individual,Sabrina,Powers,1998-12-19,de3396130140171a66f2478138e7da520f44efa32465fb52143586b38ea23918,,,sabrina.powers779@outlook.com,(150) 321-9859,verified,low,5,2016-06-11T23:39:22+00:00,2016-09-17T04:49:26+00:00
1079,C7001079,individual,Pamela,Smith,1975-03-13,68552930e58dda2f5615f522b75e822d169236f6355b2c8bcd4d4a3c36582012,,,pamela.smith525@icloud.com,(276) 221-5596,verified,low,24,2023-12-17T22:59:09+00:00,2024-03-30T13:59:09+00:00
1080,C7001080,individual,Terry,Palmer,1953-02-23,49b31945fa8afecb5ab92f6d55916067174a95c27565f010149728d9dcc8f181,,,terry.palmer125@outlook.com,(102) 736-6325,verified,medium,4,2011-02-14T17:57:57+00:00,2021-05-31T21:32:30+00:00
1081,C7001081,individual,Ana,Jordan,1988-11-05,d9608de252c2f19992d39d512c6618e8b021cc12da2dd8a8fbc63562bba1d6cd,,,ana.jordan367@aol.com,(732) 644-7893,verified,low,7,2014-01-21T01:03:56+00:00,2017-10-27T06:02:24+00:00
1082,C7001082,individual,Melvin,Archer,1976-12-31,3b7463c048e3589ae7028fb66055a4035ac39968aa3716eb26f8f6457a77f621,,,melvin.archer199@outlook.com,(477) 198-8837,verified,medium,11,2023-04-24T07:24:48+00:00,2026-07-14T14:39:44+00:00
1083,C7001083,individual,Michelle,Newman,1996-07-25,b6dbebea9ab76e67f847c7efd79b9d63f1e1aa7bb8d3614bab45d0845e7c0a73,,,michelle.newman614@icloud.com,(692) 434-3548,verified,low,2,2025-09-23T12:31:47+00:00,2025-10-04T03:57:41+00:00
1084,C7001084,individual,Thomas,Green,1957-05-03,e7a2e4d155cf038fc9cbedee8abec109047f9261e474cc8ea8c67031ff572d8c,,,thomas.green780@gmail.com,(911) 612-2150,verified,medium,18,2024-02-26T15:27:33+00:00,2024-10-30T07:42:07+00:00
1085,C7001085,individual,Chad,Hart,1983-01-31,84e64402582c44ba40d318d2f694bbfe25195669f5fccf1e26eafe48735718dc,,,chad.hart510@aol.com,(415) 893-3352,verified,low,12,2008-06-01T19:37:53+00:00,2026-02-21T08:12:18+00:00
1086,C7001086,individual,Kristine,Smith,2008-02-16,99cad1a64144fdfec60b7beddf421c08ce591460510d7d1d4de955a05fc4388d,,,kristine.smith842@icloud.com,(124) 571-8158,verified,low,8,2012-08-23T10:24:09+00:00,2012-11-02T02:36:04+00:00
1087,C7001087,individual,Natalie,Rogers,1978-08-05,9eefb41212c6d9ea33cb3e903f41fd193e8904b6e5f6d1f901c661797b2e700f,,,natalie.rogers855@icloud.com,(939) 687-1867,verified,low,1,2011-06-17T02:17:44+00:00,2018-01-08T16:40:37+00:00
1088,C7001088,individual,Susan,Hansen,1988-07-09,cf898bde0651d5f1cbb53a27671c1e1a9ba45b74b60142f4addb407a1b531a18,,,susan.hansen471@yahoo.com,(507) 196-1293,verified,low,14,2021-06-28T19:11:52+00:00,2025-06-13T14:35:21+00:00
1089,C7001089,individual,Lindsey,Williams,1941-06-06,6709b972ec0b7f9f39d4314aa18828d97da3cafb7c60e4a485d9f5197fa09a97,,,lindsey.williams60@yahoo.com,(371) 775-8856,verified,low,19,2009-04-12T21:20:12+00:00,2020-05-11T05:11:51+00:00
1090,C7001090,individual,Tina,Stein,1993-09-29,826344ad04a26f1492ec657909b20130a44de05fcf99c21ba8b7abb1c38b8689,,,tina.stein881@yahoo.com,(030) 695-1657,verified,low,16,2013-08-01T18:14:45+00:00,2025-02-06T18:28:45+00:00
1091,C7001091,individual,William,Simpson,1988-11-22,61dd500544fdf8f3c69951406e5c20d33575f1feb788014d133d366f9c8b0c3d,,,william.simpson738@outlook.com,(623) 145-9688,verified,low,4,2016-06-03T01:54:27+00:00,2026-02-17T16:36:37+00:00
1092,C7001092,individual,Lindsay,Larsen,1999-12-15,89eef6a6b702e6c05c451e492c89de0b089ace2343a11843752b25f2ff82bf18,,,lindsay.larsen464@gmail.com,(971) 408-3469,verified,low,12,2008-04-11T04:28:32+00:00,2022-05-09T01:22:15+00:00
1093,C7001093,individual,Christian,Thomas,1981-08-26,54ae783dccd0451645aae2297da0c224d9cb7de16b2f0168cb3705df812d98ba,,,christian.thomas538@icloud.com,(957) 762-5384,verified,low,5,2019-11-12T01:02:21+00:00,2021-10-12T18:55:12+00:00
1094,C7001094,individual,Paul,Mack,1976-01-29,0f01f0c26de0826aaea1fc6d95ed8f5f062e953c5dc1ef20876eaca046102d63,,,paul.mack310@gmail.com,(349) 824-6896,verified,low,1,2019-02-15T14:47:48+00:00,2023-03-30T03:59:22+00:00
1095,C7001095,individual,Sarah,Crane,1952-05-16,7695411f42d7ba8af0998eba2abf768526e39cde1a7762e7aef75bc251f84fbb,,,sarah.crane770@gmail.com,(252) 423-5256,verified,medium,12,2012-02-07T03:19:38+00:00,2013-11-15T01:49:54+00:00
1096,C7001096,individual,Brian,Mejia,1938-04-25,d1ced290998603ed5853e2bd3e5d2049e7b41d4a5f5ab77816d71c934c1f7d6a,,,brian.mejia591@yahoo.com,(353) 131-8456,verified,low,4,2009-10-06T15:17:30+00:00,2013-05-09T20:05:25+00:00
1097,C7001097,individual,Cassandra,Ware,2003-02-22,edd2b70b9e112539c6a3108c046eb9d3921c2431ca353fb68e749196304f47de,,,cassandra.ware862@outlook.com,(431) 414-0878,verified,low,6,2015-12-23T01:01:04+00:00,2023-09-11T06:41:43+00:00
1098,C7001098,individual,Danny,Arias,1948-03-08,37802ea572858ffacfec29ba5e888837c6c8219f5346e42577815205de3fc825,,,danny.arias233@gmail.com,(799) 818-1009,verified,low,5,2018-09-27T07:34:08+00:00,2024-12-18T22:48:05+00:00
1099,C7001099,individual,Monica,Camacho,1967-05-03,78d86f278db38846d0a40d1deaa4d1381659cf47230b077520973b9811dada29,,,monica.camacho297@icloud.com,(488) 823-7254,verified,low,13,2022-03-29T22:18:27+00:00,2025-12-31T07:25:51+00:00
1100,C7001100,individual,John,Rogers,1954-01-31,fbb1e0f849318b4f5634bc694ba04b46457396a1e49e36a10d363860106514a8,,,john.rogers729@icloud.com,(287) 204-7676,verified,low,14,2026-01-20T05:11:48+00:00,2026-04-14T20:53:44+00:00
1101,C7001101,individual,Gabriella,Underwood,1988-08-14,5282ae3a1c2973813784f4764f04b4eca3bf3ca1b42d9df12c56b4456ef6b79d,,,gabriella.underwood76@aol.com,(593) 152-6210,verified,low,23,2016-11-01T20:51:13+00:00,2018-02-21T19:37:37+00:00
1102,C7001102,individual,Jessica,Mills,1944-04-13,412c60b3a969a3713299824a9ce65bbbba1339be928c2184e1393490ef982241,,,jessica.mills74@yahoo.com,(860) 215-9927,verified,low,5,2010-04-13T09:58:06+00:00,2020-09-26T01:48:51+00:00
1103,C7001103,individual,Carolyn,Baker,1940-08-20,ddfa6c8b0f0f2121abff1b1b85a4ee3c301baa793ac6722232b3a49610d30632,,,carolyn.baker251@icloud.com,(047) 314-8368,verified,low,25,2011-07-27T15:58:55+00:00,2023-04-14T15:39:38+00:00
1104,C7001104,individual,Shannon,Rivers,1947-08-13,0c2f39f3e670bed40a882e2cf0585d627cc1d82c1d2273efde6c605f31f0b56c,,,shannon.rivers642@aol.com,(821) 282-1938,verified,low,23,2012-10-23T20:26:05+00:00,2018-02-05T23:11:56+00:00
1105,C7001105,individual,Kevin,Maxwell,1983-06-10,203923d7664db9e24bd836f570136337e01600c13943a30c88bb06e98fce0cfd,,,kevin.maxwell918@yahoo.com,(692) 066-6048,verified,medium,11,2015-08-26T05:06:29+00:00,2017-03-12T10:12:08+00:00
1106,C7001106,individual,Andrew,Hansen,1989-04-06,2ba98ee95d9a52c472306a7d2583055b67c9987318229601d8476e7c4fdde263,,,andrew.hansen500@yahoo.com,(648) 116-5955,verified,high,5,2024-02-26T02:03:30+00:00,2024-12-18T23:40:33+00:00
1107,C7001107,individual,Barbara,Thompson,1966-02-09,670908f8bc0906ae57f3361ec117ea4adfca8d278bf06792df57450d618b6a6d,,,barbara.thompson603@icloud.com,(777) 593-5861,verified,low,10,2012-10-27T09:40:29+00:00,2016-09-11T16:22:18+00:00
1108,C7001108,individual,Amy,Evans,1968-06-04,583bca385b7491e18bbf030503660527f4f1090973735f52f77d4a47be90c395,,,amy.evans429@outlook.com,(233) 990-7615,verified,low,20,2025-10-07T13:05:07+00:00,2026-08-28T22:26:04+00:00
1109,C7001109,individual,Alicia,Long,1994-07-18,d60756e8073a74447436b9142840a6eb9bf41a7cce773120f72386640e907ce3,,,alicia.long797@yahoo.com,(479) 049-9157,verified,low,20,2021-01-05T13:52:42+00:00,2026-01-09T23:03:41+00:00
1110,C7001110,individual,Lauren,Bradley,1968-11-19,f774741bd33cd23fe4f41ec36446287f46d576fa85bead4228421840c7c402c7,,,lauren.bradley958@gmail.com,(459) 715-5793,verified,low,24,2024-07-20T11:19:20+00:00,2025-04-20T10:51:47+00:00
1111,C7001111,individual,Victor,Garrett,1950-09-17,1741ea337bc8e622688d93d5c9603230dae485ab8825c76dc9e3f04b566408b6,,,victor.garrett96@outlook.com,(609) 685-6888,verified,low,5,2012-04-07T07:21:38+00:00,2022-02-09T02:57:26+00:00
1112,C7001112,individual,Victoria,Jenkins,1957-01-02,ff7b0ecc8aebf2bef5981681586194c9e4ba66ef64d0a131ac90c7de8a3b1c04,,,victoria.jenkins325@gmail.com,(263) 276-7659,verified,low,9,2025-03-04T04:00:11+00:00,2025-10-14T05:53:30+00:00
1113,C7001113,individual,John,Nash,2002-02-18,f16fc864fb4269b52bb122e2f6017a25ddbd06d7ac2ac9be924a23e80d31351e,,,john.nash142@yahoo.com,(024) 053-7729,verified,low,3,2015-11-26T07:28:52+00:00,2026-03-05T19:54:52+00:00
1114,C7001114,individual,Amanda,Buckley,1978-12-07,df4e487b4b47e61b28bb944a99bd37cc409e6c8c05dca4eb61bb1fafd588a75f,,,amanda.buckley391@gmail.com,(913) 696-4804,verified,medium,20,2015-11-02T18:13:44+00:00,2021-05-21T03:14:16+00:00
1115,C7001115,individual,Lisa,Mccarthy,1997-04-04,17380b8fc4eab8e644da38eacc6095bd26bc61f96585c64c89d7f41f516e817c,,,lisa.mccarthy694@outlook.com,(026) 583-8796,verified,low,22,2015-01-24T15:50:49+00:00,2018-05-26T23:12:52+00:00
1116,C7001116,individual,John,Rosales,2005-04-17,865782f3e2b1e4e8de4592b00e7cba8614f0758463816c5078b62e03d13b572a,,,john.rosales930@aol.com,(399) 741-5920,verified,medium,3,2010-09-12T12:25:51+00:00,2016-09-11T05:17:58+00:00
1117,C7001117,individual,Brittany,Murray,1977-11-24,8e3e1a8ccc41bc999d659739c206bc0866e059bc05a321bd70c9cba35760ae75,,,brittany.murray708@gmail.com,(833) 061-4435,verified,low,24,2014-05-24T12:27:03+00:00,2014-12-30T06:36:31+00:00
1118,C7001118,individual,Richard,Rose,1961-06-13,96827871d24300783c7570af44654eb1f324690c683c0e3152e7695ae7e026f8,,,richard.rose416@icloud.com,(071) 812-9236,verified,medium,12,2009-02-19T22:05:40+00:00,2015-02-12T14:50:28+00:00
1119,C7001119,individual,Susan,Garcia,1990-01-05,6c3146bab9408346557c75180c138e8146b114d32958222c06a80440b5c3094a,,,susan.garcia202@gmail.com,(376) 870-5807,verified,low,2,2016-06-28T05:04:43+00:00,2016-08-12T03:48:36+00:00
1120,C7001120,individual,Erin,Turner,1975-06-04,627f225dad10af8e55f7693211510bdfb9e6f0a383c37b0a659520b5c751b7d2,,,erin.turner159@icloud.com,(303) 485-7365,verified,low,2,2009-09-09T11:52:46+00:00,2020-11-18T23:01:21+00:00
1121,C7001121,individual,Lori,Sanchez,1984-10-25,478b5d40302b1344206d0fc5cdb3dbd60ff37d02d21177c211d0e4618acccb31,,,lori.sanchez819@aol.com,(431) 678-5984,verified,medium,14,2014-10-12T13:24:00+00:00,2016-02-16T20:09:11+00:00
1122,C7001122,individual,Nathan,Smith,1988-05-14,94582fd40476eb45617628038fd4a404bf5afb53e382d4a4a4fe2e404a2f7270,,,nathan.smith737@outlook.com,(699) 015-2302,verified,medium,2,2010-12-18T01:23:59+00:00,2016-03-17T11:41:09+00:00
1123,C7001123,individual,Brittany,Pratt,1957-04-07,d5189712a77f88bad36aa20f38021df121fdd73961381a464bd604fc85591bcd,,,brittany.pratt253@outlook.com,(027) 320-1295,verified,medium,12,2016-02-24T23:35:48+00:00,2026-08-05T03:49:52+00:00
1124,C7001124,individual,Wendy,Dickerson,2003-12-28,24aee9fd9f5531f6405e530689e43c3c780b50cacd2a09be661f74354db31a7c,,,wendy.dickerson339@aol.com,(048) 109-3054,verified,low,23,2014-03-18T23:20:55+00:00,2025-11-02T11:31:59+00:00
1125,C7001125,individual,Edward,Guerra,1961-02-14,80832a88ca21ca1107e7d250e5962bf56ec5fd9ee4ff09bc4a2fc8a6df96eaf9,,,edward.guerra491@icloud.com,(381) 518-2723,verified,low,6,2010-12-02T21:16:18+00:00,2019-10-10T18:34:18+00:00
1126,C7001126,individual,Robert,Rose,1975-01-26,2e01b4b4c7480cbb4ff6069080d0f195539524c9f1851d9a49ef50ec9c9cc70e,,,robert.rose437@gmail.com,(559) 030-8196,verified,medium,10,2024-03-19T07:31:24+00:00,2024-03-23T08:49:06+00:00
1127,C7001127,individual,Jennifer,Nguyen,1939-11-21,dd1583c4e9e9635c4af274d866544794a038d5248c22b7b9d7e9879a4a0852f2,,,jennifer.nguyen973@icloud.com,(446) 403-5076,verified,low,6,2018-04-19T04:59:42+00:00,2022-04-02T13:00:49+00:00
1128,C7001128,individual,Sergio,Huff,1982-04-15,84575e2207f1f3f8eeeaf678d89a4c2f9cb89bf12f75d99464913bcb998a19cd,,,sergio.huff9@icloud.com,(459) 254-1238,verified,medium,2,2011-09-05T07:12:20+00:00,2013-11-18T03:30:49+00:00
1129,C7001129,individual,Andrew,Turner,1993-04-07,7808a34bd69a54ea5a02ceb88368f11ad3df48ac8f620bc2b22f3ee784195cde,,,andrew.turner855@icloud.com,(272) 765-3145,verified,medium,21,2026-04-07T12:49:41+00:00,2026-07-30T15:28:54+00:00
1130,C7001130,individual,Michael,Peters,1993-11-02,ed2d092363a1b61cac2079a248f320dda89d23c145d95d5ca2ecafbb172ae51d,,,michael.peters537@yahoo.com,(955) 621-6833,verified,low,13,2019-04-04T02:53:56+00:00,2025-01-27T18:17:30+00:00
1131,C7001131,individual,Angie,Miranda,1944-05-13,0dea20a4b3dc7ee472b21a9761ae89928983eb4cb07097316d2d1a9154498b82,,,angie.miranda131@gmail.com,(793) 368-6093,expired,low,6,2019-07-27T10:45:15+00:00,2025-01-04T00:54:02+00:00
1132,C7001132,individual,Kathryn,Gonzalez,1943-04-15,2295d8245dd11505424b1ec11c9fb6e1a9adadc61a3c9e98d1c36d8f53d51911,,,kathryn.gonzalez505@aol.com,(320) 264-0093,verified,low,11,2015-10-23T10:15:22+00:00,2025-09-20T12:33:08+00:00
1133,C7001133,individual,Pamela,Daniels,1982-11-26,5d47bd1976db498267b8d4a5b87e0c180e5d9d63b695e5d7248c8308d109a8b7,,,pamela.daniels574@aol.com,(188) 938-4478,verified,low,12,2017-05-04T12:49:05+00:00,2023-08-16T13:11:57+00:00
1134,C7001134,individual,Kerry,Lyons,1950-11-27,e12804b93a2e1de9b15315de1eca2bd32742443998cc7254a5dc38d1e09f7ecb,,,kerry.lyons192@gmail.com,(664) 742-6440,verified,low,21,2014-08-21T17:17:22+00:00,2019-07-05T16:09:06+00:00
1135,C7001135,individual,Joseph,Knight,1959-10-25,171309488602bc8725d64d7cdf7a0b775b8e487fa9a510b63e02faca3c506836,,,joseph.knight94@icloud.com,(144) 693-9953,verified,low,7,2023-01-21T08:37:24+00:00,2026-01-20T22:40:55+00:00
1136,C7001136,individual,Laura,Aguilar,1938-07-08,94edeed0079f693842ab278a445ee63d686507a1000ae20788db37419095aefa,,,laura.aguilar831@gmail.com,(964) 966-6811,verified,low,2,2020-05-31T14:49:05+00:00,2025-01-19T03:30:10+00:00
1137,C7001137,individual,Robert,Gillespie,1987-11-30,7b8bcba52a9b893b076f37513b91c715a92614231c9a70dc46f79d41b92cc122,,,robert.gillespie844@yahoo.com,(578) 304-5596,verified,low,7,2018-05-15T16:02:26+00:00,2019-04-30T06:33:07+00:00
1138,C7001138,individual,Randall,Goodman,1983-12-30,e061cfcae464830124b27b0bc3b94dc1236f392a9c81317785f471c05439ed0d,,,randall.goodman59@gmail.com,(494) 363-2705,verified,low,2,2023-01-18T01:05:10+00:00,2024-12-25T08:01:18+00:00
1139,C7001139,individual,Cory,Wood,1941-04-30,7d66cb6e6e2652a181c0a718f10cb1a2e41fc0907d65c2f942a027c89e90e9a8,,,cory.wood716@outlook.com,(919) 850-5651,verified,low,11,2019-12-06T19:55:12+00:00,2023-08-17T10:54:47+00:00
1140,C7001140,individual,Vincent,Hickman,2001-07-23,c69ca15dcddb9ebac3225fb6c49c35ed358a08ee74da04b274db01b03510ef95,,,vincent.hickman404@yahoo.com,(327) 904-2338,verified,low,14,2015-11-15T04:51:23+00:00,2022-11-06T06:52:24+00:00
1141,C7001141,individual,Joseph,Stevens,1997-04-08,33c129801c8beb4bde4de47c6e61f0c98480cd7bc97a92ed291ac3feac6cd231,,,joseph.stevens868@gmail.com,(496) 599-0527,expired,medium,15,2024-07-28T06:09:21+00:00,2026-07-15T03:35:24+00:00
1142,C7001142,individual,William,Lee,1959-11-20,d9da2440baef1a0e787896a0bc5a2031b7ef3c1aaefcaec5a982c819f1795ef0,,,william.lee883@aol.com,(775) 130-6109,verified,low,1,2020-07-01T07:16:48+00:00,2026-04-16T08:32:43+00:00
1143,C7001143,individual,John,Flowers,1940-10-30,d9f975084c01946a890eaefedc8ec1758b2e90a182f76753a8ebd45197fa43f0,,,john.flowers752@outlook.com,(927) 431-2666,verified,low,14,2019-03-29T08:32:29+00:00,2024-11-28T16:00:21+00:00
1144,C7001144,individual,Patricia,Burgess,1947-12-13,47468891abdf978abc1a1283c87a35291d305704e00269d056f0a603ba5681d7,,,patricia.burgess367@gmail.com,(100) 568-7069,verified,low,23,2018-02-04T22:29:02+00:00,2023-09-30T15:18:43+00:00
1145,C7001145,individual,James,White,1954-10-31,62cc49136f76bf40f6da1d5f6fc8c90ee31b01d6dbc1d2169387168c9e5ad578,,,james.white584@yahoo.com,(393) 305-4849,verified,low,1,2017-07-16T16:13:55+00:00,2021-03-09T23:10:18+00:00
1146,C7001146,individual,Joseph,Brady,1993-05-26,059842770522ef2f03eb915ff5611ad8974c98192ff1fb24cdec0b57ae6d6f44,,,joseph.brady139@outlook.com,(519) 020-4115,verified,low,4,2022-12-26T00:38:56+00:00,2024-10-07T11:53:52+00:00
1147,C7001147,individual,James,Young,1960-02-22,9b1f512f28a1548e4cfd185ea48bbac102e7e234fbc9e028be07ddd35a568e77,,,james.young941@outlook.com,(543) 700-9841,verified,low,3,2008-06-15T18:58:39+00:00,2016-07-05T09:33:09+00:00
1148,C7001148,individual,Isabel,Dean,1976-11-26,73b4c6744cbcb55897b9231a16d1b1af5fc902ad0c02793f5e67873eb14e431c,,,isabel.dean889@icloud.com,(339) 717-8568,verified,low,12,2018-12-09T20:46:53+00:00,2019-08-30T19:48:56+00:00
1149,C7001149,individual,Brittany,Schroeder,1980-10-17,bea65e5987262b3b9339f8383f4c5d9d409ac4ed4188d0e8277fad3d0b2c5be7,,,brittany.schroeder186@aol.com,(317) 936-4708,verified,medium,22,2012-11-07T23:55:44+00:00,2020-08-21T10:02:11+00:00
1150,C7001150,individual,Stuart,Beck,1998-04-03,4e4f8497bee9ccbd46d2769a71a1a1626e61f6a6c6fe8129e70a8387dcc44178,,,stuart.beck349@gmail.com,(509) 462-0785,verified,low,5,2008-05-01T23:32:25+00:00,2017-08-30T03:13:04+00:00
1151,C7001151,individual,Megan,Smith,1977-03-09,0ffbf7d62d7aa6b7748cd3b851469b149006df9790348c25e3cb9da1015f22c3,,,megan.smith620@yahoo.com,(003) 276-2805,verified,low,14,2011-01-02T02:02:13+00:00,2020-12-20T22:40:01+00:00
1152,C7001152,individual,Suzanne,Cox,1987-02-05,685815ab6e6b72a8f2ebf4c4fbd08de24c244c61e619f27dfe83eb9d87dc0231,,,suzanne.cox245@icloud.com,(192) 205-1356,verified,medium,12,2021-01-02T20:10:49+00:00,2025-03-17T19:33:51+00:00
1153,C7001153,individual,Shannon,Baird,1973-03-01,33e8586940f5c8c2699d8e9c529d18bf6b1c562b338f47d9809da4962d1f20dd,,,shannon.baird262@gmail.com,(599) 584-3835,verified,low,16,2024-09-14T17:50:08+00:00,2025-10-20T08:44:37+00:00
1154,C7001154,individual,Ronald,Lane,1948-04-14,315689ffefb54dab4e954c476a3d658086a6fb55fae35c0a1b1b40753a1aaba2,,,ronald.lane843@icloud.com,(191) 969-9335,expired,low,23,2024-08-12T02:38:00+00:00,2026-06-17T15:09:08+00:00
1155,C7001155,individual,Phillip,Anderson,1994-05-17,295ebd3dec9a911c1edcad0a14501a9f83dcfe81e610b606362e681978d4af17,,,phillip.anderson561@icloud.com,(753) 355-2620,verified,low,22,2020-04-04T08:13:20+00:00,2025-10-14T13:00:59+00:00
1156,C7001156,individual,Brittany,Beck,1951-09-17,d65ede68a0b59b8b34dd77a8151ca514fd9d52cf9a50f7ff67c26620ae774ca4,,,brittany.beck298@yahoo.com,(173) 922-2931,verified,low,21,2016-09-23T16:00:22+00:00,2025-07-25T16:25:04+00:00
1157,C7001157,individual,Brian,Nguyen,1971-12-22,4923be54a5df5fd03d0bc6a898ecc91e3a2862f9c08bf9e394a4a8d9bb3a1a75,,,brian.nguyen819@gmail.com,(791) 743-1243,verified,low,11,2022-02-22T14:04:08+00:00,2025-06-12T13:51:15+00:00
1158,C7001158,individual,Rachel,Stevens,1941-04-15,ced0503d6af34ee8cb8807f9c4573fadb5c686e300d9a7b20933518ce7deade6,,,rachel.stevens233@icloud.com,(036) 957-5629,verified,medium,15,2018-07-06T13:38:52+00:00,2025-06-13T10:28:24+00:00
1159,C7001159,individual,Katherine,Perez,2003-03-30,0bfca99fb146af1de7bb1f097cf18eb98794943d1edb13f45fe89ab6da27c7a7,,,katherine.perez693@yahoo.com,(441) 010-4279,verified,low,2,2026-05-27T07:14:39+00:00,2026-08-10T17:13:05+00:00
1160,C7001160,individual,Cheryl,Hurley,1983-04-11,e553a9fb47eef2953b7ce222f248a52a43ba0948f8734a6a1b6ca16b211754de,,,cheryl.hurley704@yahoo.com,(293) 575-3848,verified,low,23,2024-11-04T22:52:37+00:00,2026-04-04T13:18:28+00:00
1161,C7001161,individual,Mary,Mitchell,2003-12-22,6824eebc407dc46cd2b81724deb7290e547c4a1b66acd4a2656fbc4c3e436000,,,mary.mitchell411@outlook.com,(624) 554-6202,verified,low,6,2018-09-05T05:27:06+00:00,2022-05-21T13:53:49+00:00
1162,C7001162,individual,Christopher,Wallace,1985-01-15,bfc66f31b5b9faaa2c630bfae0cc2d6169cc06252f452a3561729436b0759909,,,christopher.wallace568@outlook.com,(660) 954-7006,verified,low,7,2014-09-26T17:48:14+00:00,2018-11-03T09:00:35+00:00
1163,C7001163,individual,Xavier,Whitehead,1961-09-07,facd4e0f367bb7b138646dfbecb5e783fea2728494dae84e1268b8d8680e9272,,,xavier.whitehead226@icloud.com,(185) 413-3366,verified,low,23,2014-05-18T00:22:28+00:00,2025-10-14T04:13:20+00:00
1164,C7001164,individual,Corey,Brooks,1971-05-05,3288da44e8f1ae29a8c788ac80f69b2733c27568833511590336388f7e3e10f4,,,corey.brooks684@outlook.com,(052) 492-2191,verified,low,3,2009-10-08T07:41:50+00:00,2016-02-14T03:03:48+00:00
1165,C7001165,individual,Javier,Palmer,1963-06-02,0db75a584f54b20b1deba37740a306d662032642e4e8ce280c0f0781d8746ef9,,,javier.palmer524@icloud.com,(993) 914-2652,verified,low,4,2008-07-13T14:52:12+00:00,2008-10-15T10:06:48+00:00
1166,C7001166,individual,Carol,Wright,1965-02-07,3c486f592cf79e055a6891b9bf29efe32981464a458c48669b2f0dee41652644,,,carol.wright964@gmail.com,(591) 644-9153,verified,low,16,2025-08-09T06:48:53+00:00,2025-08-22T14:09:33+00:00
1167,C7001167,individual,Curtis,Powell,2000-01-20,f4260dbbbe0e19d277160368a6180ef0954843362a4fa55295bbeff8e5c1c42d,,,curtis.powell288@yahoo.com,(342) 840-2246,expired,low,7,2025-07-25T13:00:32+00:00,2026-03-07T20:52:07+00:00
1168,C7001168,individual,Nicole,Moore,1975-11-06,17df8405ca8a68e444d38c8cc2479a957f5a73fc44994a41b3fde6203388e04f,,,nicole.moore836@yahoo.com,(077) 604-2939,verified,low,21,2010-10-27T18:10:14+00:00,2016-08-24T10:47:44+00:00
1169,C7001169,individual,Karen,Espinoza,1972-09-25,1a3c781ff11b468dd648f1c6591f5a12e301743da34950c486b705e5f0fff722,,,karen.espinoza190@aol.com,(472) 542-6541,verified,low,15,2022-03-21T07:48:53+00:00,2022-09-18T18:34:25+00:00
1170,C7001170,individual,Diane,Ballard,1949-09-29,cf4f4c25adc3f89ecd3aec3a3501ee2e21598f2f4cd446cea76153a359ae639b,,,diane.ballard908@gmail.com,(936) 327-8680,verified,low,3,2024-05-13T10:51:26+00:00,2026-05-21T11:22:12+00:00
1171,C7001171,individual,Lori,Swanson,1986-02-16,fc5b1722f9aef9a35548fa28defb7b78bc5756d78536f3f954d728a780dab66e,,,lori.swanson829@gmail.com,(135) 347-0507,verified,medium,11,2015-03-24T03:04:03+00:00,2017-09-06T12:44:55+00:00
1172,C7001172,individual,Madeline,Tran,1990-04-04,76ffce9195adee6c0e8956f0244d8cf6bddd930729693cbfe2ab3be411461cb3,,,madeline.tran608@aol.com,(225) 955-1330,verified,low,4,2023-03-15T01:21:01+00:00,2025-03-14T12:10:21+00:00
1173,C7001173,individual,John,Andrade,2002-01-10,0901fc222f7d346bc72ec789df2c040b8bf9fca2de7e7884319c820e594c28d5,,,john.andrade759@aol.com,(426) 787-0323,verified,low,21,2019-12-05T06:53:42+00:00,2020-06-23T09:30:31+00:00
1174,C7001174,individual,Jeff,Miller,1980-10-10,1276c7e14af7ca992238a8214f26e5338fb09f8ecfa7894f5b8e486c6ec04ea4,,,jeff.miller763@outlook.com,(310) 886-2306,verified,low,7,2017-02-28T20:47:28+00:00,2025-08-01T10:51:48+00:00
1175,C7001175,individual,Nathan,Davis,1940-05-20,5f6b3bac7418553e7acde53da7ceeacd576f3b7aa77a87e074fe25394c9bd64d,,,nathan.davis696@outlook.com,(182) 414-0817,verified,low,15,2013-01-23T04:11:39+00:00,2014-01-01T13:43:31+00:00
1176,C7001176,individual,Andrew,Lopez,1959-11-02,a09b015c3b2808a4d3247fbeb2e1ff3ed5080bd2dcb62ac8cbd834b75c2ae73a,,,andrew.lopez103@yahoo.com,(334) 421-0651,verified,low,11,2016-04-10T04:14:39+00:00,2020-03-12T22:44:08+00:00
1177,C7001177,individual,Heather,Anderson,1943-10-08,225a9d954a2cab56d62b1aa61b50294eee6aab958ac8697a145b27e5ee0e2d07,,,heather.anderson125@icloud.com,(189) 898-7877,verified,low,18,2024-05-03T15:29:41+00:00,2026-05-07T06:35:04+00:00
1178,C7001178,individual,Christina,Day,1994-07-09,4bec3da53a1c3526acbae613755b66e93251cf34c49eea2fbc9d9cd6789e50bd,,,christina.day664@icloud.com,(873) 045-1945,verified,low,10,2021-11-19T07:31:18+00:00,2022-10-11T01:26:15+00:00
1179,C7001179,individual,Luis,Rivera,1951-05-30,88c0d856869dbbeab5723e4dc25005953ea6952ad90ba3994f31390627bbd554,,,luis.rivera329@gmail.com,(853) 620-5449,verified,low,21,2022-09-22T11:11:13+00:00,2024-07-23T22:16:25+00:00
1180,C7001180,individual,Paula,Howard,1983-10-19,c6fd7dacfc26dd801fca281cb7aa4b7b23ac5622e6e0fccef76eeb5139bd8e78,,,paula.howard353@outlook.com,(354) 407-8967,verified,low,13,2019-03-23T06:55:37+00:00,2020-02-01T03:17:42+00:00
1181,C7001181,individual,Albert,Ramirez,1992-04-30,08cd44e2ece0a58a612df9a41556d6406655b694bef56de101f88f2448d78839,,,albert.ramirez411@gmail.com,(711) 246-1757,verified,low,12,2023-09-09T12:23:25+00:00,2024-11-28T04:09:42+00:00
1182,C7001182,individual,Eduardo,Hamilton,1992-05-14,ada24cf51ed4f0904734563c6780da7c60dfa0c614b6f3a5701fcea4f11f9e8c,,,eduardo.hamilton766@outlook.com,(704) 986-7110,verified,low,16,2018-02-03T01:35:03+00:00,2018-06-29T20:07:55+00:00
1183,C7001183,individual,Donna,Walker,1991-04-25,1913597529c488a3329412219c28d9544fb5468fc91bfd7a8c41515d6cbd3b9b,,,donna.walker1@outlook.com,(246) 689-9749,verified,medium,7,2017-02-27T23:57:52+00:00,2018-03-20T21:31:51+00:00
1184,C7001184,individual,Douglas,Powell,1978-06-15,5049fd6733016854a678068a12015ac559a15ccb8581267763f9c9556d04b5d1,,,douglas.powell755@icloud.com,(048) 113-0186,verified,low,19,2012-03-15T04:39:00+00:00,2025-08-10T20:21:52+00:00
1185,C7001185,individual,Michael,James,1986-03-12,fd7b44cee5030ea0e28984075262438f56ccc297083dfd4fce73f734fa896524,,,michael.james4@gmail.com,(536) 251-2311,verified,low,8,2012-01-05T08:53:43+00:00,2015-04-01T04:00:09+00:00
1186,C7001186,individual,James,Bowers,1963-04-28,89dccad2f83db44a826e5af65d2d56b1aa4b2d709baa5853634d2f026ccaabea,,,james.bowers971@aol.com,(144) 267-3538,verified,low,24,2021-11-03T23:18:32+00:00,2024-12-26T12:51:52+00:00
1187,C7001187,individual,David,Davidson,1963-11-28,7830ff3d043c0d4b5b4c3225c550316a57713f1d166e638701397d36667ca2f7,,,david.davidson526@yahoo.com,(499) 402-3235,verified,low,5,2009-07-08T20:12:45+00:00,2011-08-27T16:06:57+00:00
1188,C7001188,individual,Juan,Haynes,1972-09-06,b30dbb340fbb78b5c640b7cf26d552bf866f9f70817d49873689045382f8e5d3,,,juan.haynes534@outlook.com,(449) 649-3046,verified,low,25,2017-09-29T19:16:46+00:00,2022-01-11T14:36:10+00:00
1189,C7001189,individual,Brittney,Glover,1995-08-20,92544b36ea117742a757e248a09086eb1f8d471415611906b5414d245143642d,,,brittney.glover428@outlook.com,(460) 912-1040,verified,low,11,2018-02-15T08:25:46+00:00,2018-12-10T13:08:03+00:00
1190,C7001190,individual,Johnny,Johnson,1977-09-30,6745333585bef57346d90edfeda451d9c0e9a248188d67f1f7d6c7153eafdcf7,,,johnny.johnson173@aol.com,(251) 743-1603,verified,low,4,2026-05-29T15:34:07+00:00,2026-09-17T15:42:36+00:00
1191,C7001191,individual,Joseph,Moore,1977-04-05,08c96822e6e52813a71120a10bc873bdf8976436ab84ff946197ed37dae23500,,,joseph.moore539@aol.com,(361) 794-9645,verified,low,7,2017-05-26T04:18:01+00:00,2025-09-03T02:54:07+00:00
1192,C7001192,individual,Jessica,Price,1984-11-08,52491673abc7d1c660f431eaddf19bf16da4460e661820e1694d80e20f16416a,,,jessica.price432@gmail.com,(286) 381-1050,expired,low,7,2012-02-10T14:36:56+00:00,2015-08-25T21:07:09+00:00
1193,C7001193,individual,Briana,Jackson,2004-11-30,c680a4c5e0b56681292dc4b260192c31bb3f0342aced3f71f5ae1064a1783586,,,briana.jackson249@icloud.com,(276) 774-2393,verified,low,2,2013-10-02T21:32:17+00:00,2021-07-22T04:56:59+00:00
1194,C7001194,individual,Jacob,Summers,1962-03-15,51a47536a3282ea10bd2381eac2aef3b09c2e590c5e8106659b0525096b11492,,,jacob.summers777@gmail.com,(260) 772-1434,verified,low,19,2020-08-09T03:48:06+00:00,2025-10-23T21:13:34+00:00
1195,C7001195,individual,Anita,Jones,1969-11-26,d015eb32099d88a9473f7912c3a444235c2beeb9b5769b3a7eb86452d89d9b84,,,anita.jones331@aol.com,(950) 793-3773,verified,medium,6,2023-06-14T15:41:29+00:00,2023-09-02T12:34:46+00:00
1196,C7001196,individual,Rita,Brooks,1983-02-02,352d1252f0fa2a904a6076724630fa9a0ccf9ba187c34c86789b88950d4cba1b,,,rita.brooks586@aol.com,(082) 680-0907,verified,low,8,2010-04-02T15:38:29+00:00,2014-07-04T08:19:33+00:00
1197,C7001197,individual,John,Ferrell,1987-05-28,4528c2e5c33a6796ecb9893bf07af7ab28fb08481deaf00c84e875a9e4246cae,,,john.ferrell613@icloud.com,(023) 315-9987,verified,low,16,2019-03-07T00:56:46+00:00,2024-09-27T11:48:25+00:00
1198,C7001198,individual,Alexander,Blevins,1989-11-10,7d205350ce0ec6533efeed31c7098b8c60b994486576e11b0b4bb14e9a2f34fc,,,alexander.blevins626@aol.com,(300) 788-6758,verified,medium,25,2024-12-14T07:00:16+00:00,2026-03-14T07:05:36+00:00
1199,C7001199,individual,Rachel,Myers,1981-11-21,66218b89f65ec60ce0216c201ae9c32a6572883e9fe21fdd0f684759043b4aa4,,,rachel.myers482@yahoo.com,(272) 865-1814,verified,medium,21,2024-04-05T14:59:05+00:00,2025-05-18T06:38:52+00:00
1200,C7001200,individual,Angela,Shelton,1985-06-10,ce1414d4dd773a85d1ea28d2caafdf431dc869145b06a30ac074a84ffbe8ba69,,,angela.shelton705@aol.com,(985) 857-4911,verified,low,4,2021-08-15T18:47:03+00:00,2025-08-30T23:32:34+00:00
1201,C7001201,individual,Shannon,Carr,1960-03-27,2d952713cd0aafb109d72eca9133a35cc6da4efb91c8f49042d4213c2240ce73,,,shannon.carr275@yahoo.com,(012) 493-1645,verified,low,10,2009-11-07T04:11:02+00:00,2026-04-03T10:32:39+00:00
1202,C7001202,individual,Paul,Jones,1973-11-11,a0797da72d118502d99f987c4ae2a0bbd2b72ad78df9c2257b6e30fa3b25192d,,,paul.jones422@outlook.com,(692) 692-0327,verified,low,15,2008-02-19T13:49:10+00:00,2025-07-28T17:45:37+00:00
1203,C7001203,individual,Hunter,Rowe,1964-10-02,ffdbff99e147ea8372fbfbd385a446ee306c37d4716a021ef39ce5bfca3e5c8f,,,hunter.rowe724@gmail.com,(805) 783-6903,verified,medium,21,2014-07-08T00:19:58+00:00,2020-03-22T19:29:23+00:00
1204,C7001204,individual,Joseph,Wu,1980-06-22,2c2afa42065ab3d0a5b02a90abe798c25622b7e14a4d1bc44a2bc20ec7adf6e9,,,joseph.wu28@yahoo.com,(707) 060-0746,verified,low,3,2015-02-23T03:06:29+00:00,2018-11-05T15:19:56+00:00
1205,C7001205,individual,Tracy,Parker,2005-03-07,2b239a7945b6255e957a288e49fcd1a9e6b531a687141ad9ec3c5ad3b61b1829,,,tracy.parker615@yahoo.com,(871) 638-7621,verified,low,14,2016-01-08T22:27:24+00:00,2022-02-14T00:06:23+00:00
1206,C7001206,individual,Victor,Jones,1949-10-27,1fd2314b57a384c07ebb3a8ebf56f148c80be2267d9f762345684d9ce84e83c2,,,victor.jones130@outlook.com,(314) 198-8726,verified,low,10,2023-06-29T04:39:54+00:00,2026-04-08T20:35:59+00:00
1207,C7001207,individual,Brenda,Owen,2001-06-02,7003e01200e967a71c38f69e483a8857277ab8f07b985ecbe5aa934b7ddfc5c2,,,brenda.owen976@yahoo.com,(215) 900-7132,verified,low,8,2020-07-02T16:12:17+00:00,2023-06-12T01:55:08+00:00
1208,C7001208,individual,Barbara,Mcclain,1966-04-05,9c861da75c3bdccce6d61f3404c9b3cb7da2e3ae3495f34a60121b6827c9f4f2,,,barbara.mcclain968@yahoo.com,(457) 677-6576,verified,low,21,2021-06-25T21:26:22+00:00,2023-04-14T17:42:58+00:00
1209,C7001209,individual,Jackson,Henry,1942-02-17,5e6867849e6a1d25c4ebcd0f861c2911489a0a21ec9b9f56971186fad72b0a8c,,,jackson.henry864@gmail.com,(887) 829-8872,verified,low,16,2019-04-14T10:20:52+00:00,2022-06-17T23:44:27+00:00
1210,C7001210,individual,Kristen,Hall,1975-02-01,0876a4f3d43894e10176980bfe6dd768100bdec0f132bc552f486e7c74ab48a7,,,kristen.hall536@yahoo.com,(400) 672-4663,verified,low,19,2012-10-16T19:38:46+00:00,2023-05-30T19:00:41+00:00
1211,C7001211,individual,John,Hoover,2001-05-27,9f3530f73c42ab0c1733df919f4747f2ecb0240fab3c557157e186ee2cac60e7,,,john.hoover441@icloud.com,(184) 065-4885,verified,low,14,2020-05-12T07:59:13+00:00,2024-04-02T07:16:57+00:00
1212,C7001212,individual,Shawn,Armstrong,1976-07-04,68a714679a5570c54a372e9085a3035402aeb145ffddf7e84e721aad20ca3677,,,shawn.armstrong818@aol.com,(713) 556-6963,expired,low,7,2009-06-30T23:20:24+00:00,2025-11-21T00:37:37+00:00
1213,C7001213,individual,Mark,Fleming,2001-11-28,c322d6e2c4555431968d8b8a9a6dc6ccd692825f853106c36a5676929ebb76aa,,,mark.fleming669@outlook.com,(999) 162-4694,verified,low,1,2015-10-06T11:42:51+00:00,2023-09-29T13:36:23+00:00
1214,C7001214,individual,Melinda,Li,1980-10-21,64d5afcbe28d60c54a0d7d7a65083a2608923317578f6e1715b3d11a0d77e796,,,melinda.li626@icloud.com,(952) 038-7212,expired,low,12,2020-11-13T08:55:44+00:00,2022-10-15T09:57:25+00:00
1215,C7001215,individual,Jennifer,Butler,1950-09-17,fd94789895dcbb5a4003b8b6d96c4b4137d6864f3a4e7ed29eeb79edc8ab9089,,,jennifer.butler497@outlook.com,(656) 633-9350,verified,low,8,2023-11-19T00:35:02+00:00,2024-04-08T00:16:20+00:00
1216,C7001216,individual,Brian,Simpson,1959-12-23,0e204c10297bf5132f775d50a6645cffc08b6dc3b6e275f5f9bf960b1a5efb35,,,brian.simpson865@yahoo.com,(841) 420-2484,verified,low,2,2022-11-09T09:46:46+00:00,2026-08-26T01:59:22+00:00
1217,C7001217,individual,Shelly,Robertson,1998-06-06,d13a2da82463f307d9d1da6c74f1377bc1d654f9442ee6eb5b562ae18c968b75,,,shelly.robertson295@aol.com,(997) 024-4043,verified,low,22,2022-02-05T04:50:58+00:00,2025-07-24T22:23:19+00:00
1218,C7001218,individual,David,Kane,1971-06-07,fd0ad2385a9e7545fc30a2251fa1c265d74cc5b335df824eaa8194ff341bbc8e,,,david.kane592@icloud.com,(765) 547-6172,verified,low,19,2023-10-04T13:00:11+00:00,2024-01-03T16:33:30+00:00
1219,C7001219,individual,Patricia,Wright,1953-02-22,76b8409836c950d182e11c5a765a89ab8d08e80d2a8f7edd4abab991ac7e96cb,,,patricia.wright397@outlook.com,(294) 270-2150,verified,low,7,2014-12-20T20:15:11+00:00,2015-07-30T10:32:52+00:00
1220,C7001220,individual,Nicole,Gordon,2001-01-12,4fcc4a2a93e633ff06dd66827aeaf9433fc76988795ac6cf09c7ff9033914ea0,,,nicole.gordon736@yahoo.com,(733) 912-9903,verified,low,25,2022-06-22T13:52:22+00:00,2024-10-04T00:51:08+00:00
1221,C7001221,individual,Jodi,Fisher,1985-07-14,01e31d446f5868a0ffa864a7ad43c76269a0963c761591ba8b70935e70dfcd4e,,,jodi.fisher473@icloud.com,(065) 910-0443,verified,medium,12,2024-06-02T14:27:47+00:00,2024-10-26T08:46:38+00:00
1222,C7001222,individual,Eric,Romero,1997-11-16,8ac96487069878b8bdb97a2b4e1660592b958675b2661461f37959ead8ec2819,,,eric.romero628@outlook.com,(785) 710-9338,verified,low,12,2012-11-28T19:41:38+00:00,2021-11-22T01:48:03+00:00
1223,C7001223,individual,Nicole,Campbell,1963-12-22,d8d1423daa9a98bff62905179d1c1f9415bcda06358e27bac58bbb2756f28755,,,nicole.campbell986@yahoo.com,(728) 470-3446,verified,low,1,2022-08-04T10:07:20+00:00,2024-07-07T21:16:40+00:00
1224,C7001224,individual,Jessica,Cook,1970-10-12,e2f8d8fbc16641476de2718a97c4ecd33e9043263b973a1ccea7790aee4c26ee,,,jessica.cook325@icloud.com,(518) 517-6965,verified,low,3,2014-07-02T10:58:44+00:00,2022-06-20T18:02:35+00:00
1225,C7001225,individual,Jillian,Black,1982-12-26,3df66871eccbd26acbfef1a40b27796d75f985637a4c736a401062d26c6db5d7,,,jillian.black154@yahoo.com,(922) 251-4557,verified,low,18,2014-11-27T12:09:16+00:00,2023-06-12T03:56:12+00:00
1226,C7001226,individual,Brian,Montgomery,1971-03-25,5b6e4e909686964b82c19f0025b5b35c2211397d0af5833865a6899380c830a2,,,brian.montgomery647@gmail.com,(372) 298-2109,verified,medium,2,2025-06-13T20:44:29+00:00,2025-07-01T00:32:11+00:00
1227,C7001227,individual,Emily,Raymond,1959-06-05,634a40796beeba4eac050eafac5309e2fa15d658a1c6b9bc182a9cce88706919,,,emily.raymond706@aol.com,(284) 076-9539,verified,low,21,2023-04-13T16:11:01+00:00,2025-04-26T23:41:42+00:00
1228,C7001228,individual,Stephanie,Gonzales,1948-10-16,bbcb5633fda7a657ec95861728b34b3da6ca26d4833ac13e038a844e3944d93b,,,stephanie.gonzales460@icloud.com,(666) 948-3609,verified,medium,16,2009-06-01T21:50:50+00:00,2018-04-04T16:57:24+00:00
1229,C7001229,individual,Omar,Potter,1948-02-13,d66a6ff22622b2db6980b64fc1ea4d862fb2beecda507f33dc38ffc6192f4c75,,,omar.potter17@outlook.com,(257) 273-4689,verified,low,21,2018-02-23T23:33:51+00:00,2021-04-24T13:56:50+00:00
1230,C7001230,individual,Natalie,Jordan,1965-12-20,01b09b72b5e7e6fa33d1557dcc250ce219e786b9b48c385f10eebec214d4647a,,,natalie.jordan191@icloud.com,(149) 618-0686,verified,low,24,2008-01-25T10:22:23+00:00,2013-05-26T02:23:00+00:00
1231,C7001231,individual,Anna,Fernandez,1987-02-06,b79f65264df3256b15c312fae7198caa5b6031b40c6c2e98b47f7a1ee5ad7e4c,,,anna.fernandez34@outlook.com,(183) 801-6934,verified,low,13,2024-03-25T06:57:31+00:00,2025-05-10T11:25:34+00:00
1232,C7001232,individual,Ernest,Marsh,1943-03-07,dbdae6434105384c4a65684615aa4f66c7aaf429e50291f7d85baeb7dc1cde9d,,,ernest.marsh3@yahoo.com,(852) 002-3915,verified,low,5,2013-07-18T19:15:39+00:00,2017-01-02T06:47:24+00:00
1233,C7001233,individual,Ian,Bailey,1939-01-07,1c53c788ce5a9dd09ab045518958c8db86d889e09c8eb798fee8cbc5cf560627,,,ian.bailey491@outlook.com,(317) 756-9000,verified,low,16,2015-09-01T04:56:40+00:00,2016-08-30T11:21:39+00:00
1234,C7001234,individual,Kelly,Parker,1954-08-28,e1f0c77023fd7bc07b6e1c2c7e7f67f7bb53eea23ec58b3fd9b7b6b1db48d6fb,,,kelly.parker791@outlook.com,(871) 515-4746,verified,low,14,2012-12-16T05:12:28+00:00,2014-01-15T03:23:58+00:00
1235,C7001235,individual,Brian,Hanson,1984-05-11,0f5389915852249f86f1cfc6a3f2eb81dda5e1bc6801303cdae33186ef2db4b8,,,brian.hanson827@aol.com,(808) 349-1232,verified,low,21,2019-03-01T16:32:02+00:00,2023-07-13T09:35:04+00:00
1236,C7001236,individual,Jill,Bell,1988-03-27,8a19e6b788cef3a3977bea4066ce24cc6c91addf753ce5bcb4a218d73bb69ba3,,,jill.bell551@yahoo.com,(520) 213-1167,verified,medium,7,2014-05-25T17:53:43+00:00,2015-08-06T00:05:00+00:00
1237,C7001237,individual,Linda,Benitez,1970-12-22,e8cb37e493c14f456de7d9f45765533b80c4875628291afea9bebb186a12d611,,,linda.benitez194@outlook.com,(862) 902-5153,verified,low,13,2009-03-16T06:10:51+00:00,2019-11-01T21:46:37+00:00
1238,C7001238,individual,Sonia,Smith,1993-12-15,a8c2da79424c2420cc1300288e57c932bef45b1c125329c2eaac329e01052730,,,sonia.smith178@gmail.com,(841) 050-7550,verified,low,4,2023-07-30T14:52:15+00:00,2024-01-24T14:34:41+00:00
1239,C7001239,individual,Travis,Gross,1977-06-04,daa3b8c524616ccd0164276040e2b74dacfea40b563c539a968a2a8c2a9e09e0,,,travis.gross329@yahoo.com,(076) 440-5835,verified,low,3,2011-08-18T09:52:49+00:00,2012-07-08T03:16:50+00:00
1240,C7001240,individual,Ronald,Gonzalez,1964-12-11,06b2e663c23f2295146788b82b1ca51925d47b4b74a07a454a5377571dc9fbe5,,,ronald.gonzalez468@icloud.com,(990) 502-4065,verified,low,11,2013-08-13T20:18:13+00:00,2022-11-24T09:20:52+00:00
1241,C7001241,individual,Michaela,Knight,2002-07-04,2774d20fa751d87fc8d7a07519206ae45a9cf3a94f271e6771f9ffd17b49690f,,,michaela.knight274@outlook.com,(312) 407-9044,verified,low,21,2025-05-26T09:39:13+00:00,2025-12-14T09:58:42+00:00
1242,C7001242,individual,Richard,Flynn,1966-04-12,7637e00938ec83897b3a8524713152d8ad6a39ba1bca797413ff717e9f7566e2,,,richard.flynn745@aol.com,(195) 249-6017,verified,low,24,2008-04-26T21:55:31+00:00,2011-04-07T20:06:55+00:00
1243,C7001243,individual,Lauren,Anderson,1948-07-23,2ace78658e6fcb13dd0ff83c61a5991a09dc9561c3a7cde34f30f920f8f5ec3e,,,lauren.anderson365@icloud.com,(045) 347-8277,verified,low,16,2020-09-25T02:02:52+00:00,2025-06-03T01:51:50+00:00
1244,C7001244,individual,Anne,Wells,1954-06-18,529d6e71d2b682814a7072f0761a43312b227736d39adc5bbf0aad1775d5a7b6,,,anne.wells236@yahoo.com,(727) 299-3357,verified,low,20,2021-10-27T18:19:24+00:00,2024-12-06T14:06:08+00:00
1245,C7001245,individual,Katie,Mitchell,1958-01-12,f695d89bef6afa29a22b3c70c46ac12cacbce5ac565fa763f66178fad3d8e2de,,,katie.mitchell935@outlook.com,(739) 835-6523,verified,low,15,2008-11-11T15:52:03+00:00,2019-11-11T12:27:31+00:00
1246,C7001246,individual,Michelle,Rivas,1998-07-26,791dec54e678d5277fc7af8e6e5791c2c0ff7c3001d34b69a9a089d02c9b67e8,,,michelle.rivas340@aol.com,(620) 166-3340,verified,medium,2,2014-03-15T18:20:16+00:00,2024-04-04T01:13:51+00:00
1247,C7001247,individual,Joshua,Cox,1994-06-21,7c503ba84ac53018aa56d3e11299d8479da94680fd43e9f570ab6520bc99b86d,,,joshua.cox868@outlook.com,(434) 421-1175,verified,medium,12,2012-11-09T17:42:36+00:00,2016-07-06T08:25:21+00:00
1248,C7001248,individual,Kayla,Gray,1973-08-18,bd0ef8c19e3830ecfe7d2f443688df06877a732f794eb684ff338d33adc2a4c6,,,kayla.gray447@icloud.com,(129) 116-4792,verified,medium,11,2026-01-06T19:04:00+00:00,2026-03-15T01:09:02+00:00
1249,C7001249,individual,Nicole,Thompson,1986-07-13,a29981f71cdf3c531eccf95b39d9522ca509b291a08df369337297cfd1e51663,,,nicole.thompson639@yahoo.com,(578) 245-3108,verified,low,21,2014-06-11T05:11:28+00:00,2019-03-24T02:37:44+00:00
1250,C7001250,individual,Cynthia,Mccall,1982-08-05,2e5766383a7a63b431c6bb25cb2d24b59da577fbda8d82ac15429f5db72b7930,,,cynthia.mccall284@icloud.com,(696) 106-9637,verified,medium,20,2008-03-02T18:03:49+00:00,2009-08-24T13:44:20+00:00
1251,C7001251,individual,James,Perry,1937-11-04,c14ca8bea26aa4f81810bbf2ce78574fc32a743f89e883bcf075fabd6ab70a98,,,james.perry584@outlook.com,(027) 289-8683,verified,low,24,2021-07-12T02:27:34+00:00,2024-08-03T17:02:13+00:00
1252,C7001252,individual,Melissa,Montgomery,1991-11-22,4b5ff504ff8a572d1395c0a29c71520e9e94d3bf6318e101ce4590f4789461b1,,,melissa.montgomery486@yahoo.com,(784) 200-1414,expired,low,14,2024-05-11T21:54:10+00:00,2026-04-20T10:12:21+00:00
1253,C7001253,individual,Megan,Singh,1988-01-17,fdb3422b7b6a8fc9ca2a25b4930aa56f10ff4831556942813292b3577c658da0,,,megan.singh835@aol.com,(757) 637-9829,verified,low,13,2024-01-09T21:04:22+00:00,2025-02-21T08:49:53+00:00
1254,C7001254,individual,Peter,Hamilton,1971-01-11,98d1cb416ade936ff6bf894983e31023d73efa954d4b446e38564dd35d9c34af,,,peter.hamilton923@gmail.com,(105) 939-4815,verified,low,19,2017-09-27T21:16:28+00:00,2018-09-26T11:24:14+00:00
1255,C7001255,individual,Michael,Arnold,1966-10-28,ed302f065c4be082ca64f6b279be73ead1c5b136460bacd74423712a87dfe345,,,michael.arnold515@gmail.com,(660) 963-5476,verified,low,16,2016-12-27T04:03:07+00:00,2020-11-16T02:09:45+00:00
1256,C7001256,individual,Noah,Roberson,1958-01-05,0bca3ea85084d7cff0b01388650ecbd42553ed2f74e2eaefc9a0f4764ab491fa,,,noah.roberson331@outlook.com,(024) 594-0859,verified,low,16,2014-08-16T16:39:40+00:00,2023-03-17T03:06:36+00:00
1257,C7001257,individual,Jessica,Garza,1940-06-06,c01f567ea898232ed2ae3664bd2d18f4721989924429ff9656aa209669805dfb,,,jessica.garza299@aol.com,(655) 737-4852,verified,low,22,2025-12-03T08:57:28+00:00,2026-08-20T19:17:43+00:00
1258,C7001258,individual,Brianna,Walters,1950-03-01,3e894f08b298c62bbed5f5d9397ff2b65a97775617332a96e166a7ab02f0e67c,,,brianna.walters807@outlook.com,(652) 396-7499,verified,low,12,2012-02-25T14:43:41+00:00,2017-05-16T08:31:13+00:00
1259,C7001259,individual,Ashley,Miller,1946-11-17,eee87677b7ae4dde1d44400b004dd434a9fa2ec3094e453495e8d109723cc986,,,ashley.miller360@aol.com,(957) 538-5139,verified,low,7,2024-12-06T11:54:35+00:00,2025-01-15T11:47:11+00:00
1260,C7001260,individual,Alison,Jimenez,1972-12-11,f78d0ca198b50f79a9945c4d600ad209e9e5c6a1573d5bf74c74a5e32b0fa775,,,alison.jimenez221@outlook.com,(826) 593-3804,verified,low,25,2013-03-15T18:35:27+00:00,2021-04-27T05:37:38+00:00
1261,C7001261,individual,Tricia,Rojas,1985-10-27,8068d583bda65fb6f672afa679c0c13d13a4cdc1dbd8bb2505711e8b0a58d8c5,,,tricia.rojas202@outlook.com,(544) 184-3660,verified,low,7,2025-12-29T12:10:52+00:00,2026-01-17T18:07:29+00:00
1262,C7001262,individual,Rebekah,Johnson,1954-10-15,29fa6599825aaa51493f8a6dc65c0dcaf821aefe24ec0876146e83114bf8c6a5,,,rebekah.johnson427@gmail.com,(677) 773-6576,verified,low,9,2025-03-18T05:48:36+00:00,2026-02-05T13:03:16+00:00
1263,C7001263,individual,Derek,Vazquez,1951-02-12,ab2619fd51e6248e61de3539b8ba69c080dbff79f694629a3f4a4267505d387e,,,derek.vazquez874@outlook.com,(135) 148-5507,verified,low,24,2021-11-21T08:22:00+00:00,2022-03-12T13:56:05+00:00
1264,C7001264,individual,Yvette,Francis,1958-10-23,2c9f770927bf4463e71f800c27369f9cc6620ee1477f6e1a47afa42642b72ab0,,,yvette.francis859@yahoo.com,(762) 164-8342,verified,low,22,2025-12-22T21:13:26+00:00,2026-08-15T18:16:44+00:00
1265,C7001265,individual,Elizabeth,Moore,1990-04-22,41b729cd1c6aa03aec543f5a8599fa55c98ec68fac8a3b106874b2de6846a678,,,elizabeth.moore657@aol.com,(589) 377-1258,verified,low,16,2025-06-20T00:01:15+00:00,2026-05-30T03:58:00+00:00
1266,C7001266,individual,Drew,Summers,1938-02-23,a311d5dff5d147f341d965021d478a70dc5688a41bb830ea373765458561d081,,,drew.summers694@outlook.com,(524) 286-7855,verified,low,20,2014-12-11T08:12:19+00:00,2024-04-17T01:07:15+00:00
1267,C7001267,individual,Sarah,Shelton,1953-12-13,68ab6dec37e742eb001fb56f723835b655dd282b125c4d3fe72560d8800d52cc,,,sarah.shelton800@outlook.com,(502) 800-4177,verified,low,18,2022-01-27T16:49:33+00:00,2024-04-15T06:50:08+00:00
1268,C7001268,individual,Kenneth,Francis,1979-06-08,1b2e53c4f03919dfe072802c2749fb51245af9f8f4e3dec271ee564f3a486c8d,,,kenneth.francis856@outlook.com,(164) 575-2754,verified,low,22,2020-01-09T07:22:49+00:00,2025-02-26T12:09:05+00:00
1269,C7001269,individual,Erin,Henderson,2000-07-12,538a8f036d225d1b5080723e78d6e49b287fafd45f5a28487bfdcf6b9a70d653,,,erin.henderson247@outlook.com,(815) 571-5566,verified,medium,24,2017-01-09T03:45:22+00:00,2020-05-18T11:35:32+00:00
1270,C7001270,individual,Danielle,Peterson,2000-05-23,9efdeb7542865bc98509cb83041831ddbc8112a520e6d48f43e32d36f3c2b4ea,,,danielle.peterson247@gmail.com,(611) 339-5632,verified,low,9,2022-03-17T04:52:47+00:00,2025-03-09T10:19:48+00:00
1271,C7001271,individual,Dustin,Fletcher,2001-11-17,86040d0a4d6aef73c64ddad4e4f921ee66a8643f5fcc4adab5c867656efb66e5,,,dustin.fletcher500@outlook.com,(486) 978-4879,expired,low,22,2013-01-04T08:39:36+00:00,2020-05-02T06:39:16+00:00
1272,C7001272,individual,Nancy,Hays,1950-07-16,042e6b37b240e366b434af2a57e80f3b4ca0e98a2e5d50f84c84259871a6bdd6,,,nancy.hays358@aol.com,(916) 423-0127,verified,low,12,2023-12-14T23:05:28+00:00,2026-02-07T05:16:29+00:00
1273,C7001273,individual,Andre,Warren,1985-02-09,91a2958c68e21da7fb892c7794bcbfcff6bd03b02c42cd52c707625e7590a734,,,andre.warren792@outlook.com,(606) 223-0635,verified,low,18,2015-06-17T14:23:32+00:00,2016-10-13T09:10:36+00:00
1274,C7001274,individual,Kenneth,Smith,2006-11-27,d9444f0abf766b7498194347f22e1ae527b7f1f384a3af1c5004adbacc8ce1bf,,,kenneth.smith649@gmail.com,(273) 032-4827,verified,low,15,2012-08-30T11:39:06+00:00,2026-06-07T09:12:02+00:00
1275,C7001275,individual,Alexander,Sanchez,2006-12-30,89850d3d784a56cd19bb908cc95c69068f65b23aef4108b159d4c1885438c391,,,alexander.sanchez730@yahoo.com,(695) 862-1853,rejected,low,18,2018-08-07T19:13:36+00:00,2020-11-25T22:57:32+00:00
1276,C7001276,individual,Dana,Coleman,1965-08-24,640a18deb00f3d3bb9de9de2dad7218024f4967bf50adae0c359e36c06a1940e,,,dana.coleman777@gmail.com,(947) 281-3265,verified,low,2,2019-05-31T19:04:12+00:00,2019-09-02T23:49:22+00:00
1277,C7001277,individual,James,Newton,1984-08-06,1f325e189ef278776cdc429c98c83d025c7237097406f98b2bf36953a50fa615,,,james.newton160@gmail.com,(452) 756-7195,verified,low,24,2020-08-07T22:48:45+00:00,2022-11-02T19:08:33+00:00
1278,C7001278,individual,Jacqueline,Mejia,1961-02-20,60a6a5afce541382fe5a33b75fbe864f4e572335ed8cf21b214dd831ccc95866,,,jacqueline.mejia815@outlook.com,(948) 918-5298,verified,low,23,2017-01-08T16:24:28+00:00,2022-10-16T03:51:38+00:00
1279,C7001279,individual,Kenneth,Lambert,1990-08-07,62dcae063839b2aba41f9e34da0b0f50535dcb1574633d2f6e0a7f889e64824d,,,kenneth.lambert933@outlook.com,(577) 661-3886,verified,low,15,2013-01-16T03:36:48+00:00,2021-09-25T23:16:03+00:00
1280,C7001280,individual,Heidi,Dudley,1993-05-31,b5d8ee9b06d22762144d1a742bae69cee649bf2c73a2b0888ea94c77085e9ff8,,,heidi.dudley201@gmail.com,(936) 019-4127,verified,low,1,2025-08-15T04:46:10+00:00,2026-08-19T05:29:17+00:00
1281,C7001281,individual,Sharon,Taylor,1985-03-22,df8d12e274fcbd1a22617325cc8b073f73201db106f34442e83ec9c6e55edd54,,,sharon.taylor243@icloud.com,(338) 811-2099,rejected,low,14,2011-05-13T14:00:59+00:00,2025-11-23T17:30:08+00:00
1282,C7001282,individual,Michael,Webb,1970-05-22,93f6ff0f06c9f8239aab8bc9ef2ab9e638d1d5162cdf0e2bb41ad8500ade6b05,,,michael.webb78@outlook.com,(056) 574-3967,expired,low,6,2020-06-16T22:09:59+00:00,2021-07-02T18:50:33+00:00
1283,C7001283,individual,Tyler,Rasmussen,1988-10-02,b67a117978757b7b7e4a846ce29725adeff592d579cc0412d5b9d15922efb719,,,tyler.rasmussen830@aol.com,(588) 681-0253,expired,medium,11,2018-07-09T17:04:19+00:00,2021-10-03T12:52:11+00:00
1284,C7001284,individual,Anna,Black,1959-06-11,4fe5b0d454e355d533c7872e53585373f6ac002ee5328dceecedae7f1eaa9bf4,,,anna.black287@outlook.com,(461) 597-0001,verified,medium,11,2011-05-09T10:41:49+00:00,2013-01-12T15:15:27+00:00
1285,C7001285,individual,Nicholas,Jones,1953-04-12,5dca25e5caee3b3c61d89d62dfc765dc5ec6372f6f1db9a0b1445eedef9b9d59,,,nicholas.jones553@gmail.com,(054) 284-2511,verified,low,22,2011-10-27T03:28:40+00:00,2015-01-17T07:37:46+00:00
1286,C7001286,individual,Justin,Petersen,1959-12-27,9a3401c933ab2ddceb98e8ed4fc9e63023cd6fd019023511a670192f8aa1026f,,,justin.petersen268@aol.com,(990) 323-8876,verified,low,3,2020-06-07T01:11:54+00:00,2021-12-17T12:18:30+00:00
1287,C7001287,individual,Andrew,Garcia,1951-09-07,9e914eef014eb6da5e6aa679692079c9a82053ec5d4a5786e1cd5621c1626966,,,andrew.garcia480@icloud.com,(939) 702-6638,verified,low,10,2016-12-04T23:54:21+00:00,2022-07-17T17:30:13+00:00
1288,C7001288,individual,Chris,Harrison,1967-03-11,41909805a507e8b7a238c57c43f42c11ca614e8c6e34085969c4b373a7928d8c,,,chris.harrison859@gmail.com,(767) 719-2889,verified,low,24,2016-12-15T03:32:58+00:00,2018-10-08T07:06:03+00:00
1289,C7001289,individual,Steven,Lopez,1966-06-22,e060c95558df662a9fde395b6ae29d7e38c1be74aaafdd391cf4c265298d42ea,,,steven.lopez815@icloud.com,(674) 514-5375,verified,low,11,2015-03-05T19:41:10+00:00,2020-02-19T11:32:55+00:00
1290,C7001290,individual,Stacy,Berry,1941-03-04,f33a26c89ba196054cdfc635687fd69025931a96591f26218ed4d61a093b766b,,,stacy.berry34@aol.com,(851) 115-6733,verified,low,20,2015-03-04T08:06:35+00:00,2023-11-05T15:33:04+00:00
1291,C7001291,individual,William,Clark,1942-07-14,39e9872aa2cd4ea5a7445ba50c00d2eb1ef6ac87e2e206598f4d284ea4e6e561,,,william.clark588@gmail.com,(465) 027-5860,verified,low,19,2009-04-13T03:42:26+00:00,2026-08-12T06:26:08+00:00
1292,C7001292,individual,John,Hanson,2000-08-12,6a629efadc4285583ca1b1af6b9b0d6ae5a8dde510412ebf7f8a18a79366e634,,,john.hanson800@outlook.com,(570) 515-5782,verified,medium,5,2019-10-26T15:53:54+00:00,2022-08-04T19:20:15+00:00
1293,C7001293,individual,Victoria,Harrison,1991-07-04,236b4020c635ab5382f1302e6a3428044a415f43f17901d1b0b3cbc9ada0170c,,,victoria.harrison197@aol.com,(268) 193-1922,verified,low,10,2018-02-08T06:00:25+00:00,2018-02-21T16:03:11+00:00
1294,C7001294,individual,Megan,Salazar,1960-04-29,02739f5d55139c362ec20133a379a6e8d01b71a2f4721f1baae4175e59a5fb1d,,,megan.salazar84@outlook.com,(314) 003-5630,verified,low,25,2010-04-06T17:41:27+00:00,2023-07-25T04:37:59+00:00
1295,C7001295,individual,Donald,Lee,1993-01-25,acda472c0af4e90221f97629d24c7f0fcd2630cae5c295734836caac0db76a5c,,,donald.lee103@icloud.com,(086) 286-8564,verified,medium,15,2022-12-23T08:05:10+00:00,2023-04-13T21:07:28+00:00
1296,C7001296,individual,Angela,Hughes,1945-01-18,2fe6794ae8ecc56609f0e957e8ee4ca304c3a961f45089272c099292342f3a80,,,angela.hughes260@aol.com,(628) 033-6490,verified,low,13,2008-02-02T13:58:10+00:00,2022-04-08T08:09:55+00:00
1297,C7001297,individual,Stephanie,Garcia,1966-12-25,1d79cd907abe9e2c80be45368759bcaa5bcba10f1e946658e0bacfe726c95cc6,,,stephanie.garcia476@icloud.com,(622) 845-5414,verified,low,15,2016-05-28T12:04:36+00:00,2016-07-02T21:32:12+00:00
1298,C7001298,individual,Cynthia,Dixon,1975-02-23,3cf6fba72a955ffe1092e0360141124ca3d634adf33f049951e0c4eccc9a98db,,,cynthia.dixon182@outlook.com,(660) 026-0469,verified,low,8,2022-02-03T06:14:00+00:00,2024-01-15T11:52:26+00:00
1299,C7001299,individual,Jennifer,Vance,1947-04-01,9b1d6bb5473606588778443de098bd195d6ab574a044656b1833945714b8f731,,,jennifer.vance311@icloud.com,(106) 678-8457,verified,low,20,2024-08-16T01:07:50+00:00,2025-01-29T19:58:08+00:00
1300,C7001300,individual,Jesus,Walker,1951-11-14,5ff37c7d36df97c4d2fdb46b43bce1318372af5e0348e8744e85045c0e9e3835,,,jesus.walker485@icloud.com,(147) 955-4129,verified,low,20,2009-12-13T02:38:57+00:00,2017-06-29T00:00:11+00:00
1301,C7001301,individual,Henry,Hicks,1998-10-03,b8fb5d1e14ceacf058ab4ef85105383daf4039ac81dd37bd5f5d56a4c21c1728,,,henry.hicks520@outlook.com,(217) 680-1269,verified,low,10,2015-03-07T16:56:22+00:00,2026-08-07T09:42:09+00:00
1302,C7001302,individual,Brandon,Gaines,2005-02-03,2762e1a06669a21ee26f89af00d877acf4e589d38433c333dbc4c2118dd829e9,,,brandon.gaines945@icloud.com,(376) 543-9994,verified,low,6,2021-05-30T12:49:32+00:00,2024-03-03T20:56:21+00:00
1303,C7001303,individual,Cody,Hawkins,1984-04-04,e2486946d16353219a27d32f28903f8018cf9b3baefd643a955fe40e01568ec9,,,cody.hawkins579@icloud.com,(908) 505-0487,verified,low,20,2008-10-03T18:12:58+00:00,2012-10-05T03:50:12+00:00
1304,C7001304,individual,Brett,King,1955-12-26,17b5a89809743a7a2fcd7dcc5ea71f673c383a74560e5b414bbec6bd50ddcc6f,,,brett.king134@aol.com,(391) 171-7400,expired,low,4,2022-01-27T09:20:21+00:00,2022-11-16T08:46:33+00:00
1305,C7001305,individual,Jessica,Saunders,1998-03-01,59371811ebea117bda0e48de6e6fa423fef0b66991c556da2a3b06a89d9a14f7,,,jessica.saunders54@yahoo.com,(412) 081-8036,verified,low,8,2011-07-27T20:24:26+00:00,2020-07-02T17:01:17+00:00
1306,C7001306,individual,Richard,Taylor,1980-11-15,9c70c7e9d35ce743003826e6f4530f97a3d3343c93b90bcce252e0a766e5f8bf,,,richard.taylor196@outlook.com,(775) 266-8480,verified,low,5,2015-05-24T01:21:13+00:00,2025-05-13T21:49:30+00:00
1307,C7001307,individual,Stephanie,Hines,1963-02-20,ce801073e8165f680917da8d8f30009cb1c3dd101c5f38c18b137b81271a1050,,,stephanie.hines908@aol.com,(260) 885-3298,verified,low,18,2023-12-20T06:13:34+00:00,2025-06-08T00:24:06+00:00
1308,C7001308,individual,Melissa,Johnson,1991-10-01,91ec7c9eef906d1e4cf5ebf07c7910e865b50a34fad2c8422ee9cb6d3d0b2376,,,melissa.johnson332@yahoo.com,(096) 781-9456,verified,medium,1,2024-10-06T13:28:42+00:00,2025-07-27T09:23:25+00:00
1309,C7001309,individual,Amber,Sweeney,1978-12-12,4f882da39e6d8cd3c9e2129af76c74765aad24d2647e650a64013adcc3380c0b,,,amber.sweeney235@aol.com,(804) 175-6943,verified,medium,2,2015-05-10T22:16:01+00:00,2017-04-10T21:04:19+00:00
1310,C7001310,individual,Michele,Gonzales,1977-03-13,a6cb6bf1a0c2ee9e9c02fe65ea3280fdfc52889bf8a16752033fb48884eded76,,,michele.gonzales135@aol.com,(712) 657-2818,verified,low,23,2025-08-20T02:48:22+00:00,2026-04-02T18:11:55+00:00
1311,C7001311,individual,Caleb,Suarez,1939-07-24,1deebacc67b8e6dd297bd83427faa98392f25a1a38ff79420b6e60e0b053afc8,,,caleb.suarez591@gmail.com,(158) 553-7304,verified,low,6,2018-07-08T04:32:37+00:00,2023-12-27T21:53:46+00:00
1312,C7001312,individual,Ryan,Dean,1955-11-12,38e61ac2407f1f5bd6293b9c99c12c5159d4f31d866a6d2be92067749ffec75c,,,ryan.dean43@yahoo.com,(144) 000-4075,verified,low,24,2008-01-31T09:23:08+00:00,2013-11-26T10:40:00+00:00
1313,C7001313,individual,Gregory,Hoffman,1984-09-16,10c12b7e2146416d47c1962e7eaa2824118b9d06e3bd01ba1ddfad35cda3d8c0,,,gregory.hoffman69@icloud.com,(427) 344-9799,verified,low,9,2014-09-08T23:17:00+00:00,2020-09-07T21:36:36+00:00
1314,C7001314,individual,Sheila,Hicks,1997-01-26,c1ae8cf6b48f121d42563806ebcd1622837d9905e3ae0c5a174568d38996f128,,,sheila.hicks698@aol.com,(371) 053-9259,verified,low,13,2022-06-16T01:13:45+00:00,2023-08-20T05:04:35+00:00
1315,C7001315,individual,Keith,Walker,1939-02-24,745f0cf92a1fb3ef5784d8ad93568527eba122b0f31c1ddcde36830b22eb13dd,,,keith.walker146@yahoo.com,(256) 004-1316,verified,low,16,2018-08-14T07:05:18+00:00,2020-05-15T11:48:53+00:00
1316,C7001316,individual,Mark,Jenkins,1994-04-19,34f44124db43f91bdcff454cdb3697e02d059a570b0c5efb748a03f22ed64841,,,mark.jenkins545@outlook.com,(729) 904-3881,verified,low,23,2016-12-30T08:06:27+00:00,2017-12-19T16:58:27+00:00
1317,C7001317,individual,Margaret,Cruz,1970-11-29,f45dbced2d2180e8b5a3a4f7fa08950b8b1b8945dfae7eef7dc6be6cd9304548,,,margaret.cruz134@gmail.com,(203) 690-6155,verified,low,20,2019-06-11T23:14:28+00:00,2023-07-16T18:28:23+00:00
1318,C7001318,individual,Clayton,Taylor,1994-01-10,eca148533aeb62dbd7d0493bf9b829c63d35c9b8e0c39e9503c0493ac7325d26,,,clayton.taylor166@aol.com,(667) 665-4053,verified,medium,18,2021-12-22T05:56:00+00:00,2023-08-10T17:34:19+00:00
1319,C7001319,individual,Julie,Mcintyre,1970-11-03,2a751f17c53857c750bae7e553c3bb09ba8a090924aca457e353fa63573c77e2,,,julie.mcintyre343@icloud.com,(581) 380-5732,verified,low,15,2026-01-17T05:48:19+00:00,2026-08-18T20:53:13+00:00
1320,C7001320,individual,David,Alexander,2008-03-22,c7c3ef4c75abe0aaf3e66fceeb779dcf1bd2e64811f4f86b78c79e1f40b08b0a,,,david.alexander530@aol.com,(570) 529-5086,verified,low,3,2015-02-22T16:36:02+00:00,2015-12-16T04:25:57+00:00
1321,C7001321,individual,John,Jordan,1940-03-18,50d9855d463d1fb5124340dd1edda97a428009203720dbdf4af511736187796e,,,john.jordan651@outlook.com,(551) 517-9751,verified,low,7,2024-05-06T05:59:39+00:00,2026-06-13T10:13:29+00:00
1322,C7001322,individual,Miranda,Aguirre,1961-06-16,61cf62ca7ba5fef02b751b8799f6f863451a718bde03e0832724c824eae59d95,,,miranda.aguirre916@aol.com,(197) 621-3461,verified,medium,8,2021-12-13T15:59:20+00:00,2025-01-16T04:44:16+00:00
1323,C7001323,individual,Cody,Mayo,1945-05-04,e469cd1ce0f0fe6551d9dea69e2963269d2f07ef1eafd9d4214e2b61b7d698d9,,,cody.mayo52@aol.com,(129) 719-8840,verified,low,25,2025-10-24T00:42:10+00:00,2026-05-12T19:21:30+00:00
1324,C7001324,individual,Brittany,Salas,1961-02-19,3fa2138e9c6dc4a8aa2cc5cc4dfd028c0eb2c7798887533cc29366e9dfbdf94f,,,brittany.salas945@gmail.com,(808) 140-3340,verified,low,5,2010-05-02T06:43:44+00:00,2023-02-24T22:06:54+00:00
1325,C7001325,individual,Joe,Jones,1966-11-26,2f31450e29396e167f98d8417e81407256ce0f9ad285c0cf791b92f1eac18fd9,,,joe.jones771@icloud.com,(460) 212-4676,verified,low,4,2012-06-24T11:46:18+00:00,2015-01-28T23:00:41+00:00
1326,C7001326,individual,Ryan,Butler,1986-06-30,96fe80c3fbda0609afb56fbb5327e074b1269c066284c2bb513b24274e134340,,,ryan.butler223@outlook.com,(166) 578-1304,verified,low,8,2010-05-02T03:57:44+00:00,2026-06-25T08:57:18+00:00
1327,C7001327,individual,Sarah,Rich,1951-03-22,6d566156b129d7d28680be6ce09a292738fd53944801b13c888e9cf408af77a7,,,sarah.rich807@icloud.com,(230) 724-8764,verified,low,16,2020-09-07T07:59:38+00:00,2021-03-08T04:42:33+00:00
1328,C7001328,individual,Alexander,Morris,1973-07-06,528031789570694568fad15de41400a36d44c924717ba6ef7cd14924b3a0a306,,,alexander.morris208@yahoo.com,(408) 354-4278,verified,low,25,2015-06-19T04:06:11+00:00,2015-08-23T13:49:00+00:00
1329,C7001329,individual,Linda,Harrison,1954-02-08,3097ce730a342663085ce0f834c7515e28e08ac1f33fca5b6b1f16fa0cea9ca8,,,linda.harrison267@gmail.com,(839) 955-7802,verified,low,11,2023-08-10T13:47:46+00:00,2024-06-29T07:05:57+00:00
1330,C7001330,individual,Jeffrey,Diaz,1952-11-20,a8236a4a13c09f93f5a8731ab3178dd4abee343a932a2aa302a0712764fa61ec,,,jeffrey.diaz410@aol.com,(439) 103-2318,verified,low,20,2013-09-01T02:39:01+00:00,2017-11-02T21:09:58+00:00
1331,C7001331,individual,Jennifer,Davis,1984-09-20,6fa913bb4fedb2def8aaf522e5cb01c818ba626faeedef7e82f48517af0e4e84,,,jennifer.davis101@yahoo.com,(083) 843-7826,verified,low,18,2014-03-13T17:04:09+00:00,2025-11-26T00:13:33+00:00
1332,C7001332,individual,Mark,Vargas,2004-07-20,c53ea76a92ccf2b145f3cbde35af44625b1109a6fa5c740ae32aa6bcf217be0d,,,mark.vargas956@outlook.com,(425) 777-2774,verified,low,16,2023-08-31T13:20:48+00:00,2025-05-30T01:28:34+00:00
1333,C7001333,individual,Amanda,Aguilar,1965-11-10,3689104e3c6abe21d48c3f310a6e9475278ab81adae82279ea49cadf1df966b3,,,amanda.aguilar99@gmail.com,(788) 420-4759,verified,low,11,2010-04-29T17:25:58+00:00,2011-10-19T11:43:23+00:00
1334,C7001334,individual,John,Lawrence,1975-02-02,9d0251307e56bcb870aeb894e81e593cb173032dd46cd0462aebaa296fb1a6a4,,,john.lawrence692@outlook.com,(025) 461-6794,verified,medium,23,2010-10-28T03:45:12+00:00,2017-01-28T13:15:52+00:00
1335,C7001335,individual,Susan,Williams,1981-08-29,6ce40ddaade6c52952a83811d9e9d9af07f3b28cf62bb4ec8cca45208bf9d3c3,,,susan.williams998@outlook.com,(779) 626-3896,verified,medium,25,2023-08-27T03:11:35+00:00,2024-09-22T07:16:11+00:00
1336,C7001336,individual,Kristina,Davis,1955-11-14,21b2d3ec972f90b0233d4296eb09dea6b4424ed01d11f13d2c5d2587051c964e,,,kristina.davis973@gmail.com,(669) 062-5157,verified,medium,16,2023-11-28T20:04:43+00:00,2025-01-05T13:28:04+00:00
1337,C7001337,individual,Shelby,Robertson,1972-01-28,fb01a7f969a8c80f0bd7b19860a1b11c80b478ab470cbd739eb001c2cc5de297,,,shelby.robertson686@aol.com,(227) 496-6529,verified,low,23,2010-06-27T01:05:50+00:00,2024-12-19T21:59:41+00:00
1338,C7001338,individual,Jonathan,Blake,1954-05-31,604edd09022b2160466c4ee6ba798f52f03ab9cbaaeb440b5177ecce1e9dffc3,,,jonathan.blake676@icloud.com,(675) 777-7342,verified,low,19,2010-11-07T12:22:01+00:00,2016-07-17T05:21:54+00:00
1339,C7001339,individual,Thomas,Soto,1986-05-31,27eaa4825cb77da902f4cf49fdf7c82be8680513a92de3b4d1f08656c7945767,,,thomas.soto112@gmail.com,(806) 199-0746,verified,low,2,2008-10-11T13:29:51+00:00,2013-11-19T17:49:37+00:00
1340,C7001340,individual,Rodney,Douglas,1955-02-14,5ce33bac09e44a257de4a6bdcf6fcd74c0d5f498bb0278dc08ce2aae78e136da,,,rodney.douglas40@outlook.com,(032) 536-9525,verified,low,7,2018-04-30T16:55:31+00:00,2025-11-07T08:55:10+00:00
1341,C7001341,individual,Jeffrey,Larson,1995-05-11,7f0a5cd1b24b19df01048d228cdca78e2c99d147727986fcff01ab1aeb496563,,,jeffrey.larson954@aol.com,(461) 261-4993,verified,low,14,2017-10-10T18:48:44+00:00,2020-11-29T15:46:06+00:00
1342,C7001342,individual,Phillip,Price,1988-03-17,614143a778ff09c20d3b6acf30baca05b37a8cea9ab2e442bf18f602d313058d,,,phillip.price568@gmail.com,(051) 640-7870,verified,low,22,2010-11-26T03:13:46+00:00,2025-11-01T03:02:17+00:00
1343,C7001343,individual,Sandra,Eaton,1992-01-27,8f7e3b77a9b4dc2abc7101ca0106c68ac629b20c83588d39aee84cd2303ff9d3,,,sandra.eaton983@aol.com,(986) 777-0554,verified,low,1,2012-02-20T13:54:19+00:00,2023-05-09T03:43:38+00:00
1344,C7001344,individual,Isaac,Short,1971-09-07,d1d297cb7ec0b75b0b78b4d452f59e335749934abdea7f858aaba6f2737c1d4c,,,isaac.short210@icloud.com,(293) 313-2689,verified,low,19,2014-06-05T00:28:36+00:00,2015-05-27T21:22:54+00:00
1345,C7001345,individual,Michael,Olson,1986-12-11,5e8b1f1c287dc19893a9e0210b18fb10e1969b01c73bbf61173a4f3129be8ea4,,,michael.olson915@gmail.com,(184) 251-9561,verified,low,16,2009-04-07T22:04:32+00:00,2014-07-31T13:37:01+00:00
1346,C7001346,individual,Molly,Villanueva,1951-07-27,a1830d930cb2e55ce272c4d2053e9392f04cbb21a8e8fdad421e3c8e05b2842d,,,molly.villanueva603@yahoo.com,(228) 293-3528,verified,low,7,2024-12-24T00:44:38+00:00,2025-01-13T16:18:32+00:00
1347,C7001347,individual,Elizabeth,Jefferson,1973-02-22,bc75ab51244de085c47ba40348a860949f91c006535d751201a995d917fccc4f,,,elizabeth.jefferson508@aol.com,(550) 728-3101,verified,low,13,2008-05-04T18:15:59+00:00,2019-03-23T10:55:08+00:00
1348,C7001348,individual,Amy,Santos,1960-06-14,ab517fd369fc033fcc1697d31643b40c222efe607484e0d2e65e62fb8ad99246,,,amy.santos979@outlook.com,(088) 679-7447,verified,low,12,2012-11-12T22:41:24+00:00,2013-03-13T07:02:13+00:00
1349,C7001349,individual,Eric,Grimes,1986-11-20,50bd0fee9bfe2122d49324cf621bed05d696787cef55b70295f96d1fa8781ec3,,,eric.grimes318@icloud.com,(281) 915-0237,verified,low,5,2012-05-22T19:45:52+00:00,2015-06-20T05:53:01+00:00
1350,C7001350,individual,Thomas,Walton,1939-08-09,4ead6bc43fe89fdc602b43f14dfb1e153dce809ab74e243fdd0ffafe6767d59d,,,thomas.walton315@aol.com,(962) 914-5977,verified,medium,21,2013-05-24T09:45:17+00:00,2026-07-16T07:01:10+00:00
1351,C7001351,individual,Todd,Le,1965-05-03,3fc14ed1c213bb438f48ebb2a112ffe9c00f34b7a8da30a4470604c87e4ef0ce,,,todd.le635@icloud.com,(978) 858-7489,verified,low,18,2015-08-30T02:58:56+00:00,2019-08-21T00:39:27+00:00
1352,C7001352,individual,Megan,Flores,1961-10-16,11f9d948304af7b595d3f95d6784293334131fb26380d34bb57b5c50d14dc58b,,,megan.flores39@yahoo.com,(774) 372-1238,verified,low,8,2009-01-11T23:59:25+00:00,2025-11-29T02:01:19+00:00
1353,C7001353,individual,Jodi,Kim,1964-09-09,e5ba2b1bccf5eb4911e9f4f01d3bc29cd46ecb48e0563757c9edb351386e7c1a,,,jodi.kim170@aol.com,(405) 919-3442,verified,medium,22,2009-11-23T11:54:50+00:00,2010-02-05T02:16:57+00:00
1354,C7001354,individual,Tracy,Burns,1982-05-27,c1605f0435efdd9f781c7a87821bd239ceaef7a6cc128b8ee4f1ca0ed86b0de4,,,tracy.burns35@aol.com,(882) 737-6309,verified,low,21,2022-04-18T20:44:31+00:00,2025-11-02T17:14:36+00:00
1355,C7001355,individual,Matthew,Smith,2000-03-02,e18d604eb2a73e444bc0998c27e723ef046f061361d5ead03df507b176841f4e,,,matthew.smith569@yahoo.com,(445) 072-9629,expired,low,24,2010-12-19T16:17:01+00:00,2019-07-18T07:33:19+00:00
1356,C7001356,individual,Zachary,Reed,1965-02-13,40584b7dda836e436e7a92703f07bcc531d7a0c5bc65878761c86ef9d2c38e22,,,zachary.reed858@gmail.com,(941) 567-1177,verified,medium,3,2013-07-25T09:03:03+00:00,2013-12-24T03:09:14+00:00
1357,C7001357,individual,Leslie,Gonzalez,1976-10-27,d45993d8e2a6d7449248f62874ffb71ae0d042e3d1dd9be0e1230caae519fb25,,,leslie.gonzalez466@gmail.com,(365) 972-6839,verified,medium,9,2008-02-13T08:03:12+00:00,2018-09-07T19:47:26+00:00
1358,C7001358,individual,John,Cole,1939-09-21,e0d2ddd442c9a85938f1e1e48ee2e555b0ed9e5f938a21ceea795cc2698697ea,,,john.cole574@aol.com,(785) 379-8214,verified,low,14,2024-06-19T09:44:46+00:00,2024-12-10T22:12:33+00:00
1359,C7001359,individual,Sarah,Wells,1964-02-05,76aa9ace927a423b2449dddad965dd986715de851dede37a3a3f3da9d754826a,,,sarah.wells652@gmail.com,(957) 354-1057,verified,low,11,2020-12-04T10:47:00+00:00,2024-05-01T11:41:27+00:00
1360,C7001360,individual,Laura,Miller,1941-12-07,ed3789647d284b2456293fcf41a663681d9cb9c45b88a3db9c37967393f7b255,,,laura.miller203@gmail.com,(493) 166-0816,verified,low,1,2016-07-02T21:09:38+00:00,2024-10-03T02:39:35+00:00
1361,C7001361,individual,Michael,Williams,1999-08-14,12b4371d59ff3e506a0d6abef195ecfd6218a4be1bc4acdad4848d78f3c5b901,,,michael.williams220@icloud.com,(840) 892-2706,verified,low,8,2016-06-07T07:24:59+00:00,2022-10-18T14:40:22+00:00
1362,C7001362,individual,Melissa,Banks,1973-09-01,f8c03721246d186fec214ad1cfcc5b8cb74448c156c341fc51e710220ac0e316,,,melissa.banks987@outlook.com,(363) 836-4722,verified,low,13,2009-08-25T06:28:39+00:00,2023-11-19T00:53:41+00:00
1363,C7001363,individual,Jason,Meadows,1988-02-21,0edef8486eeb0c62b7bb7b6fb161f36bd8b229c9521cc773e6ffc785c9558be9,,,jason.meadows547@aol.com,(886) 725-1409,verified,low,1,2020-09-14T11:07:10+00:00,2022-09-15T07:11:45+00:00
1364,C7001364,individual,Brian,James,1960-11-02,30e04ad995b725fe554ed31b199be4566812eabdd1fcfc8af797c6ff346da983,,,brian.james388@aol.com,(625) 731-2536,verified,low,19,2015-06-01T00:55:39+00:00,2022-02-05T17:08:41+00:00
1365,C7001365,individual,Brandy,Reilly,1993-12-11,3142c6e810468d7e1b5f790b5d64f5e2231b3b1908a6ca401757e316a275c1fa,,,brandy.reilly973@yahoo.com,(474) 508-0989,verified,low,16,2008-01-27T14:20:17+00:00,2013-11-30T12:09:32+00:00
1366,C7001366,individual,Johnny,Miller,1967-05-13,2c66b492a4b0fc0272884ea1a46d5e476168770972438c2b49f64c381e8917c4,,,johnny.miller853@gmail.com,(441) 526-4458,verified,high,14,2009-12-22T19:08:41+00:00,2014-08-19T19:39:15+00:00
1367,C7001367,individual,Thomas,Butler,1987-10-14,7a1a7ac51ecb8327d6652bc655a8f66059a68829ee5b73ee54d1a4eff53a13d0,,,thomas.butler719@outlook.com,(146) 440-2613,verified,low,14,2013-08-13T13:37:33+00:00,2015-09-27T02:49:18+00:00
1368,C7001368,individual,Wesley,Brown,2001-12-18,afa31c483fb8b5b67562edb812fb46fb1a5dcb2f20c83a67548c9fd3d5c64d7a,,,wesley.brown220@icloud.com,(820) 727-1263,verified,low,12,2015-02-17T14:24:44+00:00,2026-03-25T19:05:10+00:00
1369,C7001369,individual,Terry,Hayes,1955-01-15,a20494e610c34ed93357c41401e93210b2adcab960f85192bbe5f5482cf065cc,,,terry.hayes508@yahoo.com,(277) 674-6958,verified,medium,18,2020-11-14T13:34:58+00:00,2022-01-07T20:05:42+00:00
1370,C7001370,individual,Theresa,Roberts,1980-10-30,71ebbda719b86f40c9b70ed88059e32ad4e97eece90ef5d29214ddae0a459144,,,theresa.roberts719@gmail.com,(136) 757-2668,verified,high,9,2018-04-04T13:45:04+00:00,2026-05-18T22:08:19+00:00
1371,C7001371,individual,Rachel,Dawson,1952-05-19,2bf08ebe24fb8c3a696c54486404cdc16d4f6b670ce042c0bd38eaa4093495d9,,,rachel.dawson845@outlook.com,(790) 534-0388,verified,low,8,2018-05-13T21:15:41+00:00,2019-05-31T12:52:47+00:00
1372,C7001372,individual,Robin,Newman,1963-09-01,600b79901a7278676dfbef1b0bdae375715846c7cb6594c41123c031031aa351,,,robin.newman548@aol.com,(154) 397-8157,verified,low,20,2015-04-15T14:11:08+00:00,2016-06-13T04:57:09+00:00
1373,C7001373,individual,Isaac,Baldwin,1962-10-21,df1d48e7c092e28fc62e6001ed454ed03b1941f83befcd572cb46d9d5ab06254,,,isaac.baldwin742@aol.com,(026) 224-7892,verified,high,4,2016-10-23T16:51:25+00:00,2020-10-02T05:41:27+00:00
1374,C7001374,individual,David,Brown,1958-04-02,5ddea7b75dda8c6685cbfc54218d70da73612265e74b99da641ac08d4e0800bc,,,david.brown684@gmail.com,(799) 706-2981,verified,low,4,2008-11-20T08:29:23+00:00,2014-09-18T23:50:59+00:00
1375,C7001375,individual,Christine,Morrison,2005-06-19,c1e31f4d3ffbaf71fb68f1f1ee77fadfdde568ef823026b15cfd26e89efcdb2f,,,christine.morrison525@yahoo.com,(056) 260-7024,verified,low,19,2008-01-09T04:09:56+00:00,2011-08-21T04:14:14+00:00
1376,C7001376,individual,Kristen,Clark,1947-04-29,193332c39a9bcb706c2dd9380714664df69b72cd1b9f09d85ea2ba7c1c743c0b,,,kristen.clark76@gmail.com,(254) 014-9384,verified,low,7,2010-05-15T14:09:29+00:00,2014-08-30T05:43:41+00:00
1377,C7001377,individual,Maria,Thompson,2007-06-22,272e3316b1ee99da39233b49b270e97024cfb3b5782abbe5501794a814829971,,,maria.thompson791@aol.com,(366) 983-7555,verified,low,3,2009-04-20T07:16:48+00:00,2024-08-12T09:39:52+00:00
1378,C7001378,individual,Jasmine,Smith,1951-06-05,4ea4fc0ec8fe9e33ce5923f80e4dfcc56ec122ab26ea606e3b938a0eefe3c502,,,jasmine.smith707@icloud.com,(569) 640-1014,verified,low,4,2011-07-07T11:29:38+00:00,2017-12-15T22:46:48+00:00
1379,C7001379,individual,Paul,Hill,1991-09-22,af640856e5987d2ada721cd12559fb60d99c3d797f39fa052de41723fb99d2a4,,,paul.hill70@aol.com,(331) 614-0823,verified,low,23,2010-09-24T12:07:01+00:00,2021-04-07T05:26:34+00:00
1380,C7001380,individual,Katherine,Cook,1992-06-29,7c8f8697e7d301465a7b5441312b3093e1952774c60633a1de51d1a4ec7d796e,,,katherine.cook582@outlook.com,(352) 635-9517,verified,low,21,2016-07-18T14:46:35+00:00,2018-03-25T16:11:31+00:00
1381,C7001381,individual,Andrew,Phillips,1949-08-17,e43dbb7492875952b0c88a996991ac89b612ccd327c33aa3d17fc1c74b403c1e,,,andrew.phillips520@gmail.com,(777) 414-9057,verified,medium,14,2022-03-18T20:33:11+00:00,2026-03-15T05:58:08+00:00
1382,C7001382,individual,Michelle,Wilson,1942-06-18,c5409ac0e44d4a59066866be4b95004d18910e307cf087eb4aaac2a4c4c86d3c,,,michelle.wilson801@gmail.com,(412) 484-5467,verified,low,23,2021-01-07T19:02:01+00:00,2026-03-18T23:41:40+00:00
1383,C7001383,individual,Kyle,Raymond,1984-03-17,f7ba7b357f0f7f65ab2903b23bb5cd3ca67a0e28149756ae9a48260fb4f8e453,,,kyle.raymond977@yahoo.com,(703) 401-1761,verified,low,13,2021-03-21T15:07:14+00:00,2021-11-10T09:31:16+00:00
1384,C7001384,individual,Debra,Gibson,1939-10-30,55f0a239bb6ba3c065688073e2ef22fc64601fad04f2eb2c981ed3b239917f57,,,debra.gibson353@aol.com,(579) 656-4001,verified,low,11,2022-10-04T23:28:49+00:00,2026-07-14T10:35:14+00:00
1385,C7001385,individual,Melissa,Jones,1967-08-18,411b45fbfd94723dc86b05afb5a834424a4c715d70655d7701f17dd003897b7a,,,melissa.jones88@gmail.com,(424) 114-7546,verified,low,23,2012-09-21T08:59:02+00:00,2022-03-07T18:31:42+00:00
1386,C7001386,individual,April,Avery,1980-02-27,d3fcbe45d54e10d3c9164c8df297b777a41a85c93034a00c302e7aa4c1dc5f79,,,april.avery107@gmail.com,(592) 346-6521,verified,low,14,2025-10-02T14:07:48+00:00,2026-09-04T10:14:21+00:00
1387,C7001387,individual,Lorraine,Garcia,1986-10-16,50e7163d0b43a374e4aac49b03ae5b2ef9aaaecc34216a3c5c83b097035b2a1a,,,lorraine.garcia644@outlook.com,(134) 631-0789,verified,high,6,2020-12-18T02:37:45+00:00,2024-03-07T20:56:25+00:00
1388,C7001388,individual,Alison,Riggs,1957-03-15,c8ea4c7f1d7ff0165f6a36d9109f30e99a5298583c835ec04d726eb8587415c7,,,alison.riggs438@outlook.com,(544) 747-3343,verified,low,24,2011-03-08T20:21:00+00:00,2015-09-13T15:18:02+00:00
1389,C7001389,individual,Mary,Jones,1995-02-21,e9a9b3df10bc6da7176d0de93d5899601003054361ab57f82f69d8a4184af6c8,,,mary.jones72@icloud.com,(504) 093-7011,verified,low,23,2010-07-21T09:50:28+00:00,2013-02-21T14:00:32+00:00
1390,C7001390,individual,Michael,George,1972-01-11,2d75f03e1888c0ab0ea07653ea5c7ca0154997ba968266bc3263465f0ad34768,,,michael.george980@outlook.com,(818) 472-6680,verified,medium,1,2009-09-10T14:30:50+00:00,2010-03-30T22:21:49+00:00
1391,C7001391,individual,Brandi,Morrison,2000-01-30,72344a69483bb3b0939692f341fddc8975211fcdac1496c66b89f8ad607ec59d,,,brandi.morrison247@outlook.com,(233) 125-6772,verified,low,5,2008-03-13T16:16:45+00:00,2022-01-06T19:17:50+00:00
1392,C7001392,individual,Rebekah,Garcia,2001-05-03,4fdc759ed406ac104c2ea167b93a0ce6bfcaccdb35cb223775d1849d33be1e3b,,,rebekah.garcia145@aol.com,(094) 207-9374,expired,low,20,2018-08-24T02:48:21+00:00,2023-07-18T07:25:25+00:00
1393,C7001393,individual,Elizabeth,Bradford,1961-02-27,0ff0eca24b53c1225fe9e23ac53b576791a7e7582fead1d8d8692cd3d018a44a,,,elizabeth.bradford10@yahoo.com,(095) 587-7993,verified,low,10,2018-05-06T16:30:11+00:00,2018-05-11T01:55:45+00:00
1394,C7001394,individual,Dale,Keller,1982-12-06,9c7c2d10c337913d25413c99dad1cdf4e484f5c82f8d13605f22b2e9bc64babf,,,dale.keller566@gmail.com,(301) 075-3502,verified,low,11,2013-04-29T15:49:30+00:00,2023-02-03T21:32:17+00:00
1395,C7001395,individual,Scott,Stone,1971-10-15,a4593ba760a407de9d7ba039b75ab9c2f8458e347f73a4fbebcaf41582940c54,,,scott.stone625@icloud.com,(316) 822-6080,verified,low,22,2008-02-11T02:26:48+00:00,2026-04-27T19:56:33+00:00
1396,C7001396,individual,Amy,Buchanan,1994-10-26,3bf815ad853aae4d3972d8d98c90c62927c6dad9cc5405af14f52bd4642c4c65,,,amy.buchanan677@aol.com,(374) 738-1133,verified,medium,5,2020-12-09T08:18:26+00:00,2022-10-25T22:14:29+00:00
1397,C7001397,individual,Samantha,Morris,2004-09-14,8308d0f1a02fbf115e319710aec6a02e98b028cf87d4707222807eac7d47c44a,,,samantha.morris765@yahoo.com,(348) 118-0829,verified,low,11,2017-03-18T07:27:41+00:00,2017-08-27T16:46:49+00:00
1398,C7001398,individual,Valerie,Higgins,1987-03-19,cec80ceabc2ebfa65c9c30c7d02a0923a2269bb1f8dc286b39e27c5fb05f1529,,,valerie.higgins283@aol.com,(955) 309-3731,verified,low,15,2008-09-30T08:25:42+00:00,2026-03-05T17:47:50+00:00
1399,C7001399,individual,Joseph,Mendoza,1948-03-12,b3fca2260231ef343535cfe9dde03c4f0cc63b243d05da3f6c2530c49c1d9a02,,,joseph.mendoza377@outlook.com,(506) 529-9053,rejected,medium,8,2011-04-20T16:12:19+00:00,2023-02-24T16:23:40+00:00
1400,C7001400,individual,Andrew,Young,1987-02-04,5ff7541e89511d9224603bcae341bc46a21cbcf693126c3e375661b5854134a7,,,andrew.young622@gmail.com,(081) 996-8445,verified,low,21,2016-03-17T19:16:28+00:00,2018-03-11T08:00:53+00:00
1401,C7001401,individual,Patricia,Wood,1986-10-02,8103e40c5d90d83496dfe90ba59a9baec948898935b527895b1652e2cc995ccf,,,patricia.wood90@icloud.com,(740) 920-1675,verified,low,4,2014-01-10T04:30:08+00:00,2021-04-07T04:18:30+00:00
1402,C7001402,individual,Crystal,Smith,1942-11-07,d636441d02c19292a7042afdb032a7a2d8853da4ee300f691918418e6a6eccd6,,,crystal.smith535@aol.com,(465) 484-0000,verified,low,24,2022-05-24T11:57:37+00:00,2022-08-28T16:30:16+00:00
1403,C7001403,individual,Julian,Woodard,1978-12-23,042279ec88205bfc7b17fde874509121e72dabe9cb2347b2c62281c6a5714973,,,julian.woodard120@yahoo.com,(466) 257-6013,verified,low,25,2013-03-15T18:24:58+00:00,2020-12-10T03:31:24+00:00
1404,C7001404,individual,Laura,Cruz,1950-04-15,acf83e46b85ffdd8921ba0623cd27bece8fe1d8361158b65494c6a477628a0d9,,,laura.cruz217@aol.com,(081) 595-9043,verified,low,8,2025-05-01T05:30:20+00:00,2026-05-17T12:43:18+00:00
1405,C7001405,individual,Todd,Miranda,1988-12-20,871ba2e5b808865c047364f268be292bce6623543c67211b7f12f47420205e55,,,todd.miranda993@aol.com,(310) 323-1976,verified,low,8,2018-02-14T02:02:17+00:00,2024-02-12T14:14:12+00:00
1406,C7001406,individual,Michelle,Chen,1957-01-11,cb8aafe1a3d23ee3f975c645038a05b753e9b5d15f5120a3490ebbe70f8ff95a,,,michelle.chen891@outlook.com,(479) 297-5914,verified,low,9,2020-09-04T14:51:49+00:00,2025-10-26T11:37:38+00:00
1407,C7001407,individual,Melissa,Bell,1977-09-10,a3de9b6d8cba334837ba51753b12de671a16eee1b14f463b6e07c78c78184f46,,,melissa.bell350@aol.com,(716) 289-7476,verified,low,8,2025-05-12T08:12:52+00:00,2026-01-24T06:46:34+00:00
1408,C7001408,individual,Deborah,Clark,1969-07-23,63bc6a04903d0280550f2839ea1582575229fc029a782c5512a4b198f997d4ef,,,deborah.clark509@outlook.com,(708) 567-5910,verified,low,23,2016-05-07T11:24:15+00:00,2026-08-01T15:38:42+00:00
1409,C7001409,individual,Joseph,Kelly,1969-09-12,d8d0aaf88cc2a58d09567ed6e458f8ae073af9a8b98f6c17cbcea535d36e25cb,,,joseph.kelly981@icloud.com,(025) 015-5449,verified,low,15,2022-12-12T03:03:04+00:00,2026-06-06T01:55:26+00:00
1410,C7001410,individual,Jessica,Mckinney,1984-03-13,67b3dcbbe3049dc1a9a920b850b834f73778ce6789c9892d5af965df00983ec9,,,jessica.mckinney330@outlook.com,(633) 542-0509,verified,low,18,2011-07-15T08:37:51+00:00,2025-04-09T06:31:10+00:00
1411,C7001411,individual,Tyler,Arroyo,1977-02-26,c484e9bc57ee01531fd9b2024b0473ce8961c606cd22d489591348610e8dc552,,,tyler.arroyo953@icloud.com,(266) 036-6980,verified,low,5,2012-02-26T21:22:03+00:00,2014-06-20T01:46:55+00:00
1412,C7001412,individual,Justin,Holt,1941-01-02,691a8168d34761961eeb282842acc9e2f34485cfa8472862548df3157a407f30,,,justin.holt275@icloud.com,(961) 653-7778,expired,low,8,2011-06-29T07:05:57+00:00,2015-12-10T06:14:00+00:00
1413,C7001413,individual,Leah,Cooper,1950-03-21,922e6f5bdd24c6d32c1fa25c9afddb12427d4fdedd0e1c8ebdb1d37dcc54f6df,,,leah.cooper43@yahoo.com,(691) 569-7807,verified,low,15,2013-10-26T12:45:31+00:00,2019-02-15T11:19:54+00:00
1414,C7001414,individual,Kimberly,Hanson,1944-08-29,5ba547dd550f59086012e8ad14bbc6de8f1b915d1d0c35d022ecabec15ebd476,,,kimberly.hanson578@yahoo.com,(695) 991-1294,verified,medium,19,2010-01-22T12:48:04+00:00,2020-01-05T01:47:33+00:00
1415,C7001415,individual,Sara,Wilcox,1977-04-26,e8ba3650e27d4c52e9414a27879c10dc2ad011e6325db3b6c9e6ddbd190b7f31,,,sara.wilcox929@aol.com,(754) 288-4637,verified,low,5,2009-11-30T19:13:34+00:00,2020-12-12T00:16:09+00:00
1416,C7001416,individual,Barbara,Cervantes,1966-03-14,9eb9fcf85e8107d05498b2ef71128e44608c1433ea3250d25d9b20bc8b7a97fe,,,barbara.cervantes831@outlook.com,(553) 267-9924,verified,low,11,2025-05-13T04:52:29+00:00,2025-06-07T14:40:59+00:00
1417,C7001417,individual,Ashley,Adams,1979-12-09,9a9373955dfa68d7b2b39e18f890afdca053ee24fdc6392ac31b5161d8b9ae8b,,,ashley.adams141@icloud.com,(867) 287-7478,verified,low,22,2025-02-08T05:58:56+00:00,2026-09-14T16:32:30+00:00
1418,C7001418,individual,Juan,Manning,1972-03-28,a3e25abd55f071945c4dfb2c11fe9d82e6a931503b37d830ce57586323d062b1,,,juan.manning971@icloud.com,(802) 040-4107,expired,medium,5,2021-05-12T07:23:54+00:00,2024-05-19T03:56:00+00:00
1419,C7001419,individual,Hector,Diaz,1975-04-18,0871e06a18e24fbb1f545918851a4598483150c020f0cdd7af9913d3126f2a6b,,,hector.diaz39@icloud.com,(963) 550-1935,verified,low,21,2008-06-07T04:08:48+00:00,2025-03-10T15:57:54+00:00
1420,C7001420,individual,Laurie,Duarte,1938-03-18,bf5b9de743177c201f5c6bfd9a224fa989b8f36d05c1917afebd79829e622160,,,laurie.duarte392@yahoo.com,(737) 339-7010,verified,low,4,2019-02-08T03:04:07+00:00,2023-04-22T14:54:32+00:00
1421,C7001421,individual,Michelle,Avery,1985-10-24,d6f859946cf8d8e8cf64344b30b5cbfdd8b9796c6f14450329b1c1e9ed241d70,,,michelle.avery26@icloud.com,(061) 386-5496,verified,low,8,2010-01-31T10:55:20+00:00,2012-12-20T01:35:08+00:00
1422,C7001422,individual,Kristi,Frye,1961-10-17,ab882e1e16542105ddf602345bce185c05a10bb4fa750cb27c8875f041909b04,,,kristi.frye293@aol.com,(531) 195-9602,verified,low,11,2011-05-15T23:54:45+00:00,2018-11-28T22:20:24+00:00
1423,C7001423,individual,Michael,Monroe,1949-09-26,8d39a259b42a215b205009bdf3df2f024935c99e0042c4cf5b6ba20954b37d0a,,,michael.monroe766@gmail.com,(406) 948-6175,verified,medium,24,2020-11-04T09:41:28+00:00,2026-08-12T17:36:01+00:00
1424,C7001424,individual,Victor,Floyd,1961-03-07,9d3ad6c7493230d8c7882407fc97ee36b3329bbe94b9cf4790f0c8725425e12f,,,victor.floyd419@gmail.com,(082) 678-6504,verified,low,16,2010-07-18T21:18:42+00:00,2017-04-17T02:12:58+00:00
1425,C7001425,individual,Diane,Krause,2000-05-07,f4aef80944d1670419e8757fc8bb1ec5599c81a899b460c9137aec22d4bf464d,,,diane.krause564@icloud.com,(497) 042-4169,verified,low,15,2011-04-12T12:07:05+00:00,2018-07-12T07:40:50+00:00
1426,C7001426,individual,Joseph,Simmons,1978-09-05,b94c98d82a26597dc71cdb3a489bf60190d280b0c26c8b43e2b39343bc401d7d,,,joseph.simmons445@gmail.com,(397) 661-0541,verified,low,2,2016-11-13T19:00:38+00:00,2022-12-06T04:49:38+00:00
1427,C7001427,individual,Thomas,Wright,1973-09-19,314e1cdc2121db8827307ecca46753dfcfddcbff49068ef60d42f786b06a8c87,,,thomas.wright704@gmail.com,(576) 186-7706,verified,low,13,2022-10-07T07:30:54+00:00,2025-10-04T18:05:44+00:00
1428,C7001428,individual,Laura,Rodriguez,1948-12-22,b4da9f49f52004d4b50f5f90a3866e955687a57c3ebee6db68841787c8550329,,,laura.rodriguez11@yahoo.com,(597) 833-6740,verified,low,18,2021-07-03T20:44:37+00:00,2025-11-20T11:24:46+00:00
1429,C7001429,individual,Vanessa,Ryan,1944-02-28,049914053badd37d71182fe67a79133e0c798ec61e58ca98d602f520a6788ea6,,,vanessa.ryan571@outlook.com,(256) 208-3610,rejected,low,5,2022-02-07T18:19:16+00:00,2023-10-30T13:33:48+00:00
1430,C7001430,individual,Karen,Graham,1967-01-28,0871beb4dc16f1cf1290d47de2486f92d6283b2b1ffd7e1c5df9f649dd8551b4,,,karen.graham2@aol.com,(658) 636-0253,verified,low,16,2008-01-19T16:56:41+00:00,2020-11-05T06:19:47+00:00
1431,C7001431,individual,Paul,Adams,1981-03-20,383fc2622b591a8d478f20236fce82f03a433222341c2e17b5fb2fbde7c9e243,,,paul.adams232@yahoo.com,(738) 718-3410,verified,low,10,2016-09-25T16:06:42+00:00,2022-03-18T07:58:18+00:00
1432,C7001432,individual,John,Dawson,1995-03-01,be62944bd04c7a22161f794766b71407d454a05d195d1a5f58f0ad5b7d5bde03,,,john.dawson53@icloud.com,(004) 603-5608,verified,low,1,2008-08-24T20:48:37+00:00,2010-07-26T16:17:46+00:00
1433,C7001433,individual,Julie,Underwood,1941-10-27,5ee830b635fb4191830ec2a69ccc30f80d999e6e3175aa6d9ab18d9360305823,,,julie.underwood236@aol.com,(278) 902-7645,verified,low,22,2018-06-24T09:25:34+00:00,2019-02-26T03:22:04+00:00
1434,C7001434,individual,William,Smith,1957-10-20,e539a23b398e5b43a6b3dbbb311dccebf5da0957343455557770a1bbb57ecca2,,,william.smith330@aol.com,(062) 828-5072,verified,medium,14,2019-11-11T19:48:07+00:00,2026-08-23T04:46:31+00:00
1435,C7001435,individual,Taylor,Davis,1968-10-21,3eb3c167afdc47af96c1c38f5de3bfc448b2b597ac003d60a2f1169cb3a6cde8,,,taylor.davis116@outlook.com,(505) 139-1841,verified,low,10,2009-01-15T04:16:50+00:00,2012-10-10T09:30:42+00:00
1436,C7001436,individual,Bobby,Hill,2007-02-15,95739f3f36ca415b6ee896b8859d74268ce6ecb70a7048aee2d59d008ca3e883,,,bobby.hill760@aol.com,(699) 332-7692,verified,low,13,2024-02-05T01:20:53+00:00,2025-11-25T21:02:04+00:00
1437,C7001437,individual,Carrie,Bennett,1941-05-13,d8a6a77c6e3ff6288fc3162840b435a157916299398795b66bc41ead7f471fb7,,,carrie.bennett534@outlook.com,(607) 124-1373,verified,low,12,2013-07-31T23:30:14+00:00,2018-09-21T01:26:11+00:00
1438,C7001438,individual,Michael,Steele,1943-09-11,bc5e16ee0e78f5fe04265f57941ed0d82c09cd6948adf57b6e1bd6957bb8fde4,,,michael.steele365@icloud.com,(594) 568-1508,verified,low,23,2011-03-03T02:20:23+00:00,2016-04-24T09:32:48+00:00
1439,C7001439,individual,Alan,Moore,1996-04-12,da74e47d87a05bee40959f26be987962de767b913be2bc202305df5a57b05d5c,,,alan.moore100@gmail.com,(388) 319-6025,verified,low,4,2026-01-20T01:50:23+00:00,2026-09-13T17:32:20+00:00
1440,C7001440,individual,Sabrina,Hickman,1968-03-02,d83ad57f4abccc6fb32faf4178624b7a1300a898ede1575e7e00c59baa430e0c,,,sabrina.hickman228@yahoo.com,(072) 602-7578,verified,low,21,2020-05-21T11:20:22+00:00,2022-08-25T23:48:38+00:00
1441,C7001441,individual,Brent,Mcdaniel,1963-06-05,f7c8be519fa9cec48709ecd8bf3086025bef9b6c6e05d798067babd2a084c215,,,brent.mcdaniel152@icloud.com,(621) 098-6367,verified,low,5,2024-04-07T05:54:54+00:00,2025-02-12T07:41:36+00:00
1442,C7001442,individual,Rebecca,Brown,2002-02-12,9b700ac0d16cae037be2b5ecae2d3aeb8649f0aab353b5df2b1b8ae04babcf1c,,,rebecca.brown736@aol.com,(042) 528-4658,verified,low,4,2025-01-28T19:12:15+00:00,2025-03-08T11:25:34+00:00
1443,C7001443,individual,Stephen,Munoz,1938-04-28,32332bd2e8852ec6954f331f94d22e6b5b5748a8b9f9f9d1bf738b46e3f8be60,,,stephen.munoz982@gmail.com,(808) 348-0985,verified,low,15,2011-03-27T09:33:36+00:00,2019-09-20T05:24:27+00:00
1444,C7001444,individual,Amber,Hardin,1970-03-27,787acb01820674bd8508dca390b0f1b930805814bd4be4e5608f8e3e9357490f,,,amber.hardin353@yahoo.com,(260) 213-1806,verified,low,9,2014-03-24T08:59:54+00:00,2025-06-09T21:11:34+00:00
1445,C7001445,individual,Meagan,Lewis,1974-12-07,a6611becd83f29ce65388fb1ca5bf935a495d0124b26e8eb169e393ce0de302a,,,meagan.lewis301@outlook.com,(537) 126-8870,verified,low,11,2017-09-22T11:12:32+00:00,2020-01-18T13:27:11+00:00
1446,C7001446,individual,Paul,Taylor,1971-11-04,278c7eb13b6dfdac7372cf3b560aae4c8017ebc9a9b98cd44dee27b6bc161aa9,,,paul.taylor465@outlook.com,(433) 178-2730,verified,low,24,2025-11-03T12:54:36+00:00,2025-11-24T05:34:30+00:00
1447,C7001447,individual,Penny,Gallagher,1961-04-21,8efc519b861b4eb9be816a97d2ba51ac3d110c710947598b24a607987d81dc8a,,,penny.gallagher433@outlook.com,(662) 199-7856,verified,low,8,2022-08-07T05:28:03+00:00,2026-05-26T22:54:43+00:00
1448,C7001448,individual,Ryan,Johnson,1960-01-20,37b6fe1b57749dd584972060a62b9cbd4ba44274592ba2a361eca5c261f32282,,,ryan.johnson388@gmail.com,(138) 273-8688,expired,low,4,2024-01-22T10:52:52+00:00,2024-05-28T15:37:09+00:00
1449,C7001449,individual,Walter,Fisher,1977-09-13,9c0eff37df2083d7186e711bd3103e3cac0b46e97396f134d2d167d5da90cf3a,,,walter.fisher550@icloud.com,(103) 565-7480,verified,low,3,2021-04-05T18:05:53+00:00,2022-02-23T00:40:19+00:00
1450,C7001450,individual,Ronnie,Hensley,1998-06-16,e4418bab89d6d45d2ccb94f079f1146e9764f7cf5b9ed1dd089e4d157820730c,,,ronnie.hensley926@icloud.com,(096) 149-0910,verified,low,19,2017-02-09T17:51:46+00:00,2024-10-13T05:39:49+00:00
1451,C7001451,individual,Selena,Wright,1941-08-10,d668ed98419f817c97f3f0396c41939360bbe45b6fb043f88be2dd37056f937a,,,selena.wright82@aol.com,(846) 274-2052,verified,medium,10,2014-07-22T03:19:49+00:00,2016-07-25T18:50:14+00:00
1452,C7001452,individual,Randy,Nicholson,2001-09-12,a24e0e4d1f0396cdc91867511ddcc26ecda82c5165996c6441986e57d53a330e,,,randy.nicholson855@aol.com,(107) 086-1171,verified,low,11,2015-01-24T21:33:24+00:00,2021-12-08T20:23:01+00:00
1453,C7001453,individual,Stephen,Fisher,1993-10-01,ec58aa19ad9d48941cb4e3b2588490fac67a592668c39450bd1b49ceb38219c8,,,stephen.fisher249@gmail.com,(946) 526-5053,verified,low,2,2024-05-16T19:26:05+00:00,2026-05-08T04:43:39+00:00
1454,C7001454,individual,Andrea,Griffith,1962-02-08,14d63684526ed04a52e95fc43d22aa89659dd7b29104e19220c250fec4eb2f36,,,andrea.griffith130@icloud.com,(875) 920-4155,verified,medium,10,2025-07-05T05:57:20+00:00,2026-06-03T06:16:11+00:00
1455,C7001455,individual,Theresa,Watkins,1959-09-03,10c48e46310d7861bd92b74f3653d749640b07cf9b5c6036194e2819c9940cb6,,,theresa.watkins935@icloud.com,(867) 404-7724,verified,low,18,2021-05-22T11:31:39+00:00,2022-08-07T00:16:56+00:00
1456,C7001456,individual,Laura,Berg,1939-04-10,77667f705814fb6fc8e3b17a21d721470c929eef0ffb35c6a673a36a387da7dd,,,laura.berg722@outlook.com,(784) 429-8299,verified,low,22,2023-01-27T19:25:55+00:00,2024-04-28T05:22:56+00:00
1457,C7001457,individual,Kimberly,Ponce,1999-04-05,ae990c6fcb3cd8178acb99aa48266dd3bdeb445b47fb55357bec7cc23918216a,,,kimberly.ponce63@yahoo.com,(891) 055-7999,verified,low,7,2014-08-10T04:27:41+00:00,2017-04-12T19:55:29+00:00
1458,C7001458,individual,Jeffrey,Harris,1956-07-23,22f0ad193e0d49bb5ce781580cc169963b8de0ba671a980832c141e63d57486e,,,jeffrey.harris340@outlook.com,(708) 063-1395,verified,low,5,2008-10-09T16:58:22+00:00,2025-01-29T04:49:36+00:00
1459,C7001459,individual,Ian,Parker,1948-07-13,bf3e8b5c0631eb702c497fb4ba00c7e6be78480383de47ed94224b7105433d19,,,ian.parker551@gmail.com,(815) 447-8893,verified,low,19,2009-12-05T01:45:00+00:00,2019-09-26T00:56:53+00:00
1460,C7001460,individual,Sarah,Cruz,1953-02-26,f185548edeec5ce3935ddced692b85e023460b6ba21f4028c067a301c153268a,,,sarah.cruz688@outlook.com,(243) 265-7207,expired,low,18,2013-07-03T19:48:18+00:00,2019-03-17T06:39:11+00:00
1461,C7001461,individual,Isabella,Pearson,1981-10-08,e01d85df6c7608573db7544bfda6f6fe7226c3168b7b48e107ad2f15c90a5c96,,,isabella.pearson361@aol.com,(369) 184-5441,verified,low,11,2011-01-08T17:53:43+00:00,2021-11-06T15:28:46+00:00
1462,C7001462,individual,Joyce,Snyder,1944-09-29,25006c369414d30d331ecf79fedf7fea75d2a2952887a96d7278cca52a738017,,,joyce.snyder569@aol.com,(333) 179-3134,verified,low,22,2008-08-03T02:35:55+00:00,2009-08-30T00:12:50+00:00
1463,C7001463,individual,George,Rice,1959-07-29,b59abdb87dab14e8905295d3fa0a18779e2a6daaed7637bb6a8d3d0922684577,,,george.rice148@aol.com,(958) 700-5125,verified,low,13,2017-03-30T20:52:05+00:00,2020-08-14T04:37:43+00:00
1464,C7001464,individual,Stephanie,Mitchell,1997-07-19,c010aa38d20299078ad772e323664521a1886d06337c91ec13f560e9cf72f6e0,,,stephanie.mitchell334@icloud.com,(226) 897-5311,verified,low,7,2016-06-21T02:55:54+00:00,2017-10-18T10:47:20+00:00
1465,C7001465,individual,Krista,Wilson,1987-11-21,77a1c9a36e8262e2ffb5b4a9a189286fd436fc483db65de43c32719fec048ccc,,,krista.wilson920@outlook.com,(459) 624-3840,verified,low,23,2016-07-29T08:14:17+00:00,2021-08-06T05:27:08+00:00
1466,C7001466,individual,Brian,Craig,2001-04-28,416b999f3dc0ea280334f4177edcb99b1c94b04a2fc009c777d67b8d3158b12a,,,brian.craig897@outlook.com,(110) 318-6720,verified,medium,12,2016-03-18T20:35:06+00:00,2022-02-03T00:09:07+00:00
1467,C7001467,individual,Brian,Nelson,1957-01-17,2efd1074cbefca715758e2af528afe328354c6de7a83c77fbb6cee44a3bf37e5,,,brian.nelson404@outlook.com,(102) 655-7647,verified,low,3,2019-12-17T06:13:34+00:00,2020-05-31T02:34:48+00:00
1468,C7001468,individual,Christina,Sparks,1994-08-27,1e409c0c1974eb5624fd374334dae8343758f0f126fa82d9b08f290adc274b0c,,,christina.sparks903@outlook.com,(309) 462-1470,verified,low,21,2016-10-11T03:58:28+00:00,2017-01-12T15:02:46+00:00
1469,C7001469,individual,Chad,Macdonald,1967-05-25,f560b1af95b6f7e23cf3d9c103a5dcea876cfc6d0a81199be5ef025cd08dfa36,,,chad.macdonald10@yahoo.com,(096) 150-7106,verified,low,10,2021-09-04T02:04:45+00:00,2026-09-20T10:02:26+00:00
1470,C7001470,individual,Melissa,Harrison,1980-12-13,2fd33a967861bc3d52ebbec9c159a697e31c6f9d487eb4b815e9eb5268d177a2,,,melissa.harrison582@gmail.com,(199) 467-0996,verified,low,20,2014-07-21T17:59:18+00:00,2017-12-27T22:46:41+00:00
1471,C7001471,individual,William,Smith,1985-04-06,65ecfed951e6bec18b9e34ac68d258e02d6df0aa87fe4fc62bb7c9ac4525a27d,,,william.smith90@gmail.com,(847) 798-8824,verified,low,21,2008-02-25T06:00:41+00:00,2013-10-09T07:24:50+00:00
1472,C7001472,individual,Wayne,Mcmillan,1954-05-13,8662711ba73d7f604ffe965fb2c4cbf70933017c4ca6392e8dc112d2e30ce714,,,wayne.mcmillan560@icloud.com,(097) 154-7595,verified,low,14,2020-10-28T04:38:58+00:00,2023-09-27T04:05:55+00:00
1473,C7001473,individual,Lisa,Wilson,1954-10-07,3b6ff0ff2f7e15c2d7fd922a9bacf4a51dc239c7148d3fac0bf4d6865753298f,,,lisa.wilson574@gmail.com,(509) 423-1596,verified,low,10,2008-09-23T23:09:06+00:00,2018-03-10T23:10:42+00:00
1474,C7001474,individual,Lindsay,Pratt,1939-08-06,66f6b5aff2c0f3b99d7931c60091aff3fb700430bd5f602e3c03d485db5c8b0b,,,lindsay.pratt111@aol.com,(904) 644-9405,verified,medium,20,2010-12-04T04:37:42+00:00,2011-06-30T13:15:42+00:00
1475,C7001475,individual,Michelle,Garrett,1942-11-19,0529de0afd7d313774b1715e7675ccfc139643bee86e16ac7d9de3b20c059c91,,,michelle.garrett903@icloud.com,(268) 900-9860,verified,low,14,2025-10-11T02:43:45+00:00,2026-09-19T23:56:06+00:00
1476,C7001476,individual,Mary,Ramirez,2006-08-16,bd4f6855f940cb689eefe09b8a0a4b49ff6e95bb3a1b924f251589e8590fbd2e,,,mary.ramirez298@gmail.com,(708) 058-5824,verified,low,16,2024-06-15T18:55:41+00:00,2026-06-04T10:43:53+00:00
1477,C7001477,individual,Angela,Graham,1992-08-15,ee8455397a2df751139a57023e5c413ca559068788a2e8c4630c0d1d51c15e5f,,,angela.graham847@icloud.com,(947) 641-9495,verified,low,2,2016-10-19T01:15:33+00:00,2024-04-03T12:19:39+00:00
1478,C7001478,individual,Cindy,Anderson,1948-01-07,324e29718d0c912241c1da6699d98b92f398d9d864f391596982fa78faaaa1f0,,,cindy.anderson516@gmail.com,(770) 859-4268,verified,low,22,2023-06-25T15:06:18+00:00,2026-08-21T04:27:24+00:00
1479,C7001479,individual,Adam,Martinez,1983-09-25,8ce890836b80f643f010cfbef04614f4a2391e4663b9b156e2fa33b1cd9a734c,,,adam.martinez354@aol.com,(694) 151-3985,verified,low,1,2015-05-24T19:20:44+00:00,2019-12-16T04:03:26+00:00
1480,C7001480,individual,Jeffrey,Ramirez,1955-07-23,e34345a131492186d6382fb2c084114e6f2b06cf6a3b231a0975a9b46b287162,,,jeffrey.ramirez698@outlook.com,(395) 796-5628,verified,low,25,2009-02-05T05:24:41+00:00,2009-04-03T13:05:50+00:00
1481,C7001481,individual,Michael,Alexander,1950-06-27,e132c63e26d3b36da9a94e3f7abf1922dc7a1085c5256c93364d540e07410ce0,,,michael.alexander797@icloud.com,(706) 258-7360,verified,low,19,2022-10-23T18:45:05+00:00,2026-04-06T16:09:43+00:00
1482,C7001482,individual,Victoria,Brooks,1939-02-25,8ab599e5ee9f27f0d4ef00c5d3870c58fda63b90ef56a412db3c2a4b9697462a,,,victoria.brooks936@aol.com,(327) 034-1477,verified,low,11,2010-08-20T07:00:39+00:00,2012-11-28T05:24:22+00:00
1483,C7001483,individual,William,Ryan,1979-02-22,d513050a2bb75a3aa3feaec4b9367ab036fc65b16f70df85f7167e3ed47904b4,,,william.ryan532@yahoo.com,(122) 396-5753,expired,low,10,2022-06-28T06:21:11+00:00,2023-06-27T06:35:31+00:00
1484,C7001484,individual,Kristen,Ingram,1996-09-26,5d8cd6dc1c841a628aca7816214236d2d68401d93cafc31272c3c7bfa1b7ea96,,,kristen.ingram34@outlook.com,(299) 613-8071,verified,low,1,2010-09-11T03:44:25+00:00,2017-04-14T23:53:36+00:00
1485,C7001485,individual,Patrick,Mccann,1974-05-21,8671e8c7678b958d68144b38445f1f245bdee9fbe9727b3f4f401c8d6226b4a7,,,patrick.mccann134@gmail.com,(042) 785-7103,verified,low,3,2009-10-27T06:05:03+00:00,2011-08-10T14:19:49+00:00
1486,C7001486,individual,Charles,Lewis,1949-08-30,5d7d382299822474548725c005b1872ffc46a2f50ffc2b5dab6907bc8a7b04b1,,,charles.lewis768@outlook.com,(990) 888-6081,verified,low,4,2013-08-05T22:16:50+00:00,2014-08-22T01:37:41+00:00
1487,C7001487,individual,Anthony,Santos,2007-06-02,7b9c20663b0c3460fbfe6fc0809fb1531ce6a8f94c2901337d867651a1de7bcd,,,anthony.santos940@gmail.com,(444) 372-1326,verified,low,13,2015-01-24T18:51:50+00:00,2025-04-18T22:13:58+00:00
1488,C7001488,individual,Angela,Yu,1942-05-23,28e54212c802a49d8c2cb1379f9944fd3c2023292f1f55f384609f73cc860b0e,,,angela.yu772@outlook.com,(747) 291-3112,verified,medium,18,2017-04-13T06:07:19+00:00,2026-03-10T12:58:54+00:00
1489,C7001489,individual,Karen,Parker,1987-08-29,c3f0d018c93e28fde3f0a5f2f6d1b7e402a1ef46ad5fcc27eb2b959b65c1e57a,,,karen.parker868@aol.com,(758) 881-1859,verified,low,11,2019-09-17T20:24:20+00:00,2022-08-03T23:25:08+00:00
1490,C7001490,individual,Rachel,Jones,1980-06-19,d5ac07e5b33e68edfb98f7a1945e1e6fd27c244fcd22169e1e57a959f6247167,,,rachel.jones820@aol.com,(513) 622-3801,expired,low,13,2025-09-23T05:49:01+00:00,2025-12-29T14:52:12+00:00
1491,C7001491,individual,Richard,Walls,1972-11-23,582b3cdf2698c28cbfc3e233efa9d7f0480aaf5c75ad0cc1e1b75dce70ed6330,,,richard.walls674@gmail.com,(204) 509-8063,verified,medium,12,2022-10-15T09:27:10+00:00,2024-01-25T16:13:25+00:00
1492,C7001492,individual,Nicholas,Wilson,1955-01-26,9d41abed401beacf5ee561997bafaf96177cb5a867477b9ca6dcdbfca6715217,,,nicholas.wilson422@outlook.com,(515) 133-2096,verified,low,7,2008-08-12T09:36:49+00:00,2022-04-06T22:25:38+00:00
1493,C7001493,individual,Brendan,Pope,1953-09-21,4415d316975063b4cd75a0d3fb6e8b6f2430d8d0feacfd0cdfc4dddefeb408c1,,,brendan.pope830@icloud.com,(574) 339-1958,verified,medium,6,2008-08-17T16:19:11+00:00,2014-08-12T19:13:19+00:00
1494,C7001494,individual,Christopher,Collins,1974-08-12,6b74fbf46a1accb95a990c52c704a4b180b1919b1871c0d0101452fe87925f9c,,,christopher.collins856@gmail.com,(465) 003-9455,verified,high,5,2015-12-05T20:17:42+00:00,2024-01-17T01:43:43+00:00
1495,C7001495,individual,Daniel,Boyd,2003-11-07,43ba15499b9e6f17a1ed4e246edd2f3a047b72ce4f26ad79b3c776d5acd2b506,,,daniel.boyd911@gmail.com,(091) 750-7519,expired,low,25,2010-01-29T21:43:40+00:00,2017-07-08T14:41:52+00:00
1496,C7001496,individual,Dana,Robertson,2004-11-20,0f4b004f465b75cbc10c29ad57ba6f8e6ff4315a2ebe0f7e8510bf92d50fcdbe,,,dana.robertson729@yahoo.com,(965) 688-7202,verified,low,14,2012-05-04T18:29:08+00:00,2024-03-08T12:55:04+00:00
1497,C7001497,individual,Karen,Davis,1958-06-03,584776989a0f05942a64b6bb376dd9aabb56984675eebdb4f499846a313b7cff,,,karen.davis129@aol.com,(719) 745-3145,verified,low,4,2016-03-31T08:27:14+00:00,2023-02-14T15:22:05+00:00
1498,C7001498,individual,Rhonda,King,1995-05-05,e15b81a383ad4505079783e8d9a7f2c2d56cd48543fcd8778c4fc71fdc2db586,,,rhonda.king869@yahoo.com,(943) 610-9098,verified,low,22,2011-03-22T03:41:11+00:00,2016-08-27T21:07:44+00:00
1499,C7001499,individual,James,Smith,1958-09-18,b8aea7b063aa5d473f8ba3326596d5a7fc03815ff05822bf1420af6954055072,,,james.smith675@icloud.com,(602) 252-5531,verified,low,13,2023-01-03T12:27:25+00:00,2025-01-26T03:04:34+00:00
1500,C7001500,individual,Jacob,Harris,1991-05-06,1bdf5dac7bb6cd8f786dd68c0210030594ab4d2ace5861e0f01edab11ff3204a,,,jacob.harris67@aol.com,(691) 082-9656,verified,medium,25,2018-05-21T16:31:57+00:00,2026-05-24T10:27:05+00:00
1501,C7001501,individual,Michael,Jackson,2001-07-21,6b33598b93c9e28666b6c0d745faf059748b9f4ddea477d1cf69ee313d16a271,,,michael.jackson261@icloud.com,(501) 439-9925,verified,low,9,2009-05-29T23:17:55+00:00,2010-10-28T21:06:02+00:00
1502,C7001502,individual,Marissa,Wilson,1991-11-14,d4d889ff4f601c7117481c72090bee5447bc548214678cc9374f167145aa4935,,,marissa.wilson529@aol.com,(980) 528-3905,verified,low,23,2025-10-14T14:56:53+00:00,2026-07-04T08:18:22+00:00
1503,C7001503,individual,Daniel,Jordan,1971-06-08,baec673e57a920e4e4826d5989cb8f3055d8bbb5a08d1e1e240fb8ac2055e8fd,,,daniel.jordan648@yahoo.com,(921) 910-5071,verified,low,4,2016-09-08T11:30:19+00:00,2018-06-03T05:35:13+00:00
1504,C7001504,individual,Ryan,Clark,1983-06-02,f7ccb04f2c999b4f22a8f8d99a4b9dddd08eb79ba90a7e938f4a888902049820,,,ryan.clark746@gmail.com,(556) 769-5979,verified,low,14,2019-05-23T04:43:37+00:00,2022-07-19T11:17:51+00:00
1505,C7001505,individual,Jeremy,Avila,1951-04-07,53fb4c89a55f809a7b7a490e75c9f2ab15627da74202b81eeac165ad9748a6ea,,,jeremy.avila2@gmail.com,(919) 056-6514,verified,low,24,2010-06-23T10:52:24+00:00,2026-08-12T11:17:30+00:00
1506,C7001506,individual,Stacy,Deleon,1969-04-01,93e43793ac5b345c3f8f02f363d71434b267412f279189b1f079fd4e1eaedcef,,,stacy.deleon770@icloud.com,(816) 051-9170,verified,medium,18,2022-05-25T08:10:40+00:00,2025-06-13T09:35:14+00:00
1507,C7001507,individual,John,Williams,1953-03-12,5a77347c427e701d011e2c9eb7202140b3ec861d6669b2c0ba9137adafdf0f26,,,john.williams709@icloud.com,(434) 135-7168,verified,low,24,2013-01-10T20:03:31+00:00,2017-03-14T02:28:44+00:00
1508,C7001508,individual,Amanda,Blackwell,1990-12-26,9cb84970c639018e551b77ab37f0a02f3a8726bcba7de10039e0b7203029d988,,,amanda.blackwell405@outlook.com,(414) 556-4731,verified,low,11,2020-06-23T13:09:01+00:00,2023-02-23T06:17:59+00:00
1509,C7001509,individual,Amy,Holland,2000-10-10,c11235b8acfd6faa0a9245653b97e5745683d51b8a4fd51e51ba91a890b004bb,,,amy.holland199@outlook.com,(830) 148-5781,verified,low,2,2016-10-31T18:41:09+00:00,2018-02-22T01:39:27+00:00
1510,C7001510,individual,Juan,Gould,1994-12-26,fec6f08bff9eaa0c03a3dadbe38567c7fb2ccbb7e10024ee50cd6dda2001ae47,,,juan.gould229@yahoo.com,(826) 173-4608,verified,low,15,2025-08-31T00:22:14+00:00,2026-08-19T04:04:06+00:00
1511,C7001511,individual,Julie,Smith,1961-10-27,c549735e6a3bc2981403ddbba21e1f247f9917019bd7bc5d6853878c425fd437,,,julie.smith477@icloud.com,(083) 491-1647,verified,low,9,2014-05-09T22:56:55+00:00,2018-11-28T08:26:56+00:00
1512,C7001512,individual,Heather,Hansen,1977-05-13,fdc82219d312cf88081f3c9ad3fc72fca99de949a204e7dbe55463f019d397a6,,,heather.hansen954@yahoo.com,(392) 588-3021,verified,low,21,2021-05-28T22:36:34+00:00,2024-01-10T23:11:53+00:00
1513,C7001513,individual,Adriana,Powell,1948-09-12,41fbe121f17827da12f87b22e99b24b8f86cf2267899b6b243da3fba10cb5a5c,,,adriana.powell510@yahoo.com,(907) 264-8810,verified,low,8,2024-08-04T13:38:38+00:00,2026-03-12T18:16:42+00:00
1514,C7001514,individual,Kimberly,Orozco,2006-04-13,470c58f13538109e3fb5945ded0e7127806a97f0da25011b69afe1ed0849bc4a,,,kimberly.orozco761@icloud.com,(781) 469-5395,verified,low,7,2012-08-26T03:46:02+00:00,2015-06-07T12:27:30+00:00
1515,C7001515,individual,Cory,Shelton,1961-11-30,8a6d11c4f663f906f0aef46b2b71cf994edf6577817f59f870f46c8b06a64b29,,,cory.shelton369@icloud.com,(230) 678-0194,expired,medium,5,2019-10-06T08:37:28+00:00,2024-02-14T10:32:59+00:00
1516,C7001516,individual,Lisa,Stephens,2006-12-18,4c5ccdedeea9a91e392947340e0d938b5eda5f161610c37dd37b5af29d01083a,,,lisa.stephens916@icloud.com,(173) 277-6063,verified,low,1,2018-08-04T03:41:00+00:00,2025-06-16T17:36:52+00:00
1517,C7001517,individual,Susan,Perry,2003-11-12,cdaaaccf18573c7594e115bf61c0c3eeed4808fe9055bf3219f1a1e233e92f0f,,,susan.perry31@outlook.com,(375) 618-4535,verified,low,10,2019-07-04T07:14:41+00:00,2020-07-21T23:43:31+00:00
1518,C7001518,individual,Linda,Barr,1951-05-08,ce1749a7137bad0af291c172596c476c241ee98cbfcf3e83c23eebe15ff1b6b7,,,linda.barr227@aol.com,(892) 396-0424,verified,low,2,2011-12-15T14:44:41+00:00,2025-05-26T06:20:20+00:00
1519,C7001519,individual,Angela,Durham,2002-07-24,d8dfc18cf94eb06c1c4343f4baf62a272da1bb1c2f34567e6532d93f2a6235cf,,,angela.durham776@aol.com,(037) 632-9403,verified,low,12,2011-01-21T22:05:19+00:00,2017-08-25T00:41:35+00:00
1520,C7001520,individual,Nicholas,Flores,1946-04-04,a4a19e1b2fda8abdd36954ae00176f2e381de485dc593948e3e337643003892f,,,nicholas.flores415@gmail.com,(199) 707-8393,verified,low,18,2024-04-02T22:59:20+00:00,2025-05-21T06:16:37+00:00
1521,C7001521,individual,Cameron,Shepard,1964-03-30,2f46348d01ed80d5d75917bd13c1db0851141fc742a5223c46f9eeb734f1c302,,,cameron.shepard912@gmail.com,(574) 863-2810,verified,low,3,2018-10-25T19:16:31+00:00,2021-06-19T11:52:58+00:00
1522,C7001522,individual,Justin,Williams,1966-06-18,238a5d876d07ef9c3b2ae0ef4a6b8e6f497eada4167034201a0f6125a892eb16,,,justin.williams234@aol.com,(661) 615-3176,verified,low,14,2013-06-19T20:30:49+00:00,2021-08-15T17:34:21+00:00
1523,C7001523,individual,Michelle,Hester,1961-01-09,247112cfb54354df7a3c72fbf94688c8bf89a50cf2295b58cdfb7def4451c103,,,michelle.hester204@gmail.com,(546) 068-3426,verified,low,12,2016-01-27T04:45:04+00:00,2021-07-17T18:14:00+00:00
1524,C7001524,individual,James,Zavala,2004-04-20,325b831a894e7f9528ebb549519c2b1f8b699233586556ead9352fccdd103b32,,,james.zavala360@icloud.com,(451) 261-9379,verified,low,6,2012-02-08T04:45:44+00:00,2018-11-06T08:11:35+00:00
1525,C7001525,individual,Joshua,Horn,1960-09-12,ede9e070854feec6187d584dd3737abb27f9711ccf2830d0ce9043b90512d1af,,,joshua.horn401@gmail.com,(999) 007-2566,verified,low,23,2019-02-03T02:19:45+00:00,2023-07-10T07:32:27+00:00
1526,C7001526,individual,Kimberly,Aguilar,1946-02-15,e13a18843ac8fa1146b9c2df4a62bc016be750589c8a6ee6d862e0c5f78c1c47,,,kimberly.aguilar681@icloud.com,(945) 402-8944,verified,low,7,2024-06-07T01:35:46+00:00,2025-11-03T12:18:01+00:00
1527,C7001527,individual,Tommy,Miranda,1974-09-17,2eed5ffa60b6e053e532fa38266d87fb9d78bb1fcc8f5df6960d18d97e1c4331,,,tommy.miranda673@outlook.com,(996) 908-7863,verified,low,24,2013-06-04T03:27:04+00:00,2020-11-11T06:40:32+00:00
1528,C7001528,individual,Joseph,Barber,1971-11-02,27c29fd8bac87bea617c0d38faf0a69d4bdf77725725064f41b243aeb2690492,,,joseph.barber790@outlook.com,(095) 472-8740,verified,low,25,2022-03-28T03:05:00+00:00,2026-06-22T00:58:09+00:00
1529,C7001529,individual,Troy,Stevens,2000-12-18,877ab874b1ae78c3149e583ceffabe774d7e37ce2de3069f002fd79abf38368a,,,troy.stevens364@gmail.com,(013) 993-9256,verified,low,9,2026-02-07T00:26:10+00:00,2026-05-09T21:46:49+00:00
1530,C7001530,individual,Jessica,Rosales,1966-12-02,a5b72d5a05891ba14732c61204cc46622f2dbeea266cf5ebe592bb07d8221714,,,jessica.rosales170@outlook.com,(338) 638-1303,verified,medium,22,2013-03-13T10:26:39+00:00,2017-03-25T19:48:52+00:00
1531,C7001531,individual,Mandy,Bradley,1969-11-08,e8a1da10d42c1449c468f7c18469570f775fcab331ba106d352a3b91fedc3211,,,mandy.bradley517@icloud.com,(364) 434-9541,verified,low,8,2020-09-18T10:01:57+00:00,2023-11-06T11:58:51+00:00
1532,C7001532,individual,Michele,Morris,1958-03-27,8a8cd7bb611255e37d40e7dcd050e19f19d6bef5664a7b35ff0070e15de1ba2e,,,michele.morris126@gmail.com,(869) 690-0192,verified,low,20,2013-02-12T21:44:01+00:00,2015-08-27T15:00:39+00:00
1533,C7001533,individual,Melissa,Brock,1953-10-15,4e778116015cdd02b6820343d2dd982c0cfc0e9941b9bb2ebec87d2798aeaa0f,,,melissa.brock577@gmail.com,(694) 201-8445,verified,low,22,2021-03-06T04:18:00+00:00,2025-10-10T09:26:40+00:00
1534,C7001534,individual,Debra,Humphrey,1972-04-17,ead3e6215f0fabebb632f432efaab0c183514fd456c48304506eb837085c9eaf,,,debra.humphrey785@gmail.com,(265) 234-6554,verified,low,1,2017-07-22T18:44:13+00:00,2020-08-30T05:44:48+00:00
1535,C7001535,individual,Charles,Guzman,1996-02-05,2a7e5eca7c5d75c3efebf97e900f164a13b523084f991de8ec1f6c718d6da0fd,,,charles.guzman395@gmail.com,(289) 143-5354,verified,low,2,2009-09-19T04:34:00+00:00,2020-01-19T22:15:18+00:00
1536,C7001536,individual,Joshua,Davis,1999-06-17,ce3288cac3f96046963fa2c02c22cbe27121d4f2740390d09907f1b69613a3fa,,,joshua.davis228@aol.com,(582) 405-5465,verified,low,20,2020-06-14T09:02:35+00:00,2023-03-15T02:29:33+00:00
1537,C7001537,individual,Jeffery,Gonzales,1961-01-11,fc5a319367f358b05071d8e0a0eff92a0399fb194c7d8e5a60bfb9e1e0413afe,,,jeffery.gonzales929@outlook.com,(315) 846-4394,verified,low,19,2021-02-08T07:20:48+00:00,2026-04-08T09:41:44+00:00
1538,C7001538,individual,John,Gilmore,1962-01-11,f3768d8266a6b2805750d82e50178947548040a0012ee47b956b7db32e8ca562,,,john.gilmore893@outlook.com,(003) 432-9262,verified,low,20,2011-01-09T19:39:38+00:00,2011-11-04T23:19:31+00:00
1539,C7001539,individual,Michael,Glass,1976-07-08,32bf15998d1a9aed478a6dca0f51a751696b0ec5705c7ffa4e523a309af211e0,,,michael.glass554@gmail.com,(393) 994-3109,verified,low,9,2015-02-21T20:46:57+00:00,2016-05-16T06:29:02+00:00
1540,C7001540,individual,John,Griffin,1951-10-29,d3ed93671923151681eb05b66f48f311fec3f93a30a291c9c15c889c85f6ff71,,,john.griffin440@outlook.com,(189) 865-9846,verified,low,3,2018-12-21T05:22:26+00:00,2019-09-11T12:24:34+00:00
1541,C7001541,individual,Matthew,Jarvis,2002-01-27,8fa84bce2575c383fd7eb5cc0ea779a003e7e27240b51b6f55d7b5a876080cfe,,,matthew.jarvis521@icloud.com,(690) 743-9064,verified,low,25,2014-01-06T04:15:15+00:00,2025-08-25T12:34:36+00:00
1542,C7001542,individual,Tracy,White,1986-02-01,62723760feffbb3cbd0d64362ea8369ecf22a9278cde183d304d09f12134e384,,,tracy.white397@gmail.com,(694) 261-6664,verified,low,24,2023-09-05T04:35:00+00:00,2024-11-28T17:52:03+00:00
1543,C7001543,individual,Patty,Potter,1938-07-16,a0aec76306df2c32b1109415388b71d2317bf2572a5bf5586eb7f1d20e2cb07b,,,patty.potter795@gmail.com,(618) 321-5290,verified,medium,9,2008-02-09T20:19:10+00:00,2024-09-04T13:52:28+00:00
1544,C7001544,individual,Eddie,Mathews,1954-06-03,5c48b61b50ac5eb7f3eeebc39db481d6df9c8b83d90a13c3820c139a0dbab9d0,,,eddie.mathews280@icloud.com,(232) 464-4710,verified,low,8,2008-09-15T05:09:31+00:00,2013-06-16T05:16:55+00:00
1545,C7001545,individual,Eugene,Franklin,1973-06-30,64125749d9bc34ce9bae1502de7793a2aebbc5bb16515cb665c0e44cc2e620ba,,,eugene.franklin269@outlook.com,(980) 117-0564,verified,low,15,2015-09-03T13:59:35+00:00,2022-03-29T05:21:10+00:00
1546,C7001546,individual,Monica,Flores,1979-07-21,e4545f58ba03489bf50028ac4da689bf5c880a68a6ed94585bfef39ff0dc62eb,,,monica.flores674@gmail.com,(479) 109-9993,verified,low,21,2009-06-13T05:43:01+00:00,2015-08-27T07:17:47+00:00
1547,C7001547,individual,Natalie,Johnson,1981-03-03,3d4bbd14da85d333a085ba9f3e20e35bbca1696c478e709e2ce210e70c0b15ef,,,natalie.johnson900@aol.com,(070) 002-6755,verified,low,3,2015-07-13T05:17:16+00:00,2017-09-18T17:31:01+00:00
1548,C7001548,individual,Paul,Perez,1955-05-08,967cde2b21deff56716985fff7a2dd32312496a69a31c03a75fb569cf821caf6,,,paul.perez397@yahoo.com,(048) 088-6112,verified,low,23,2018-10-18T04:31:33+00:00,2022-05-02T01:59:19+00:00
1549,C7001549,individual,Rachel,Mccann,2002-07-17,82bf210578a295323537425e3d8c7b8681465704bd58066f27a2114e2dcabe50,,,rachel.mccann898@aol.com,(526) 737-1107,verified,low,13,2010-05-13T00:05:28+00:00,2020-09-10T08:40:36+00:00
1550,C7001550,individual,Joe,Golden,1997-05-12,2c2f8873dcd75bf219fbb198f370113f4ee13cb6bb87e191836de5eea2fb094c,,,joe.golden65@outlook.com,(953) 742-5257,verified,low,6,2023-03-24T16:34:40+00:00,2024-12-19T06:07:57+00:00
1551,C7001551,individual,Jennifer,Burch,1985-12-05,64b0eb351bbbb5c58ed09bce60856e642441c249f008963c03b1224f69defef3,,,jennifer.burch858@aol.com,(151) 996-3230,verified,low,18,2017-08-28T03:53:58+00:00,2021-03-13T16:58:00+00:00
1552,C7001552,individual,James,Waller,1978-08-08,ed7fd92ca62c46c0e577c7e0467da40fb11441657819200e2493315c29c219d6,,,james.waller18@outlook.com,(183) 434-9363,verified,low,14,2017-07-18T18:58:16+00:00,2025-02-27T13:46:32+00:00
1553,C7001553,individual,Jane,Ford,1947-12-20,f0b26ee668aad0ce9700664751bd1c156df6a15dc5a051fff2b3f12d3bf5015d,,,jane.ford743@gmail.com,(743) 096-4742,verified,low,8,2024-12-26T03:27:50+00:00,2025-06-20T08:17:58+00:00
1554,C7001554,individual,Damon,Powers,1977-07-01,99258acfff8b3905e655bfab7d7d4131e612d81e1f64aca51fb6ba4b34c853e4,,,damon.powers155@outlook.com,(845) 482-6277,verified,low,19,2024-03-27T04:29:42+00:00,2024-08-09T08:31:56+00:00
1555,C7001555,individual,Richard,Adams,1955-11-29,86ba4e44ce13d72838c5f8cd2b9f6a924243d28edffd2c29684e59364f0c0829,,,richard.adams581@icloud.com,(744) 765-2246,expired,low,23,2020-02-08T18:46:15+00:00,2022-03-01T03:52:42+00:00
1556,C7001556,individual,Angela,Murphy,1983-05-04,bf317653a0b09d0c97599ebb5b2f7aee48663fcc8dd03d7b911b85d2cd752305,,,angela.murphy795@outlook.com,(500) 574-5807,verified,medium,10,2014-09-14T04:19:29+00:00,2019-09-19T13:37:09+00:00
1557,C7001557,individual,Jimmy,Bell,1958-01-16,a90d1b67136e9918d03a84926d4ff1cd0d6ee7f33bd101374081d3156e4666b8,,,jimmy.bell132@outlook.com,(245) 248-8160,verified,low,6,2013-10-30T14:52:53+00:00,2015-05-03T13:35:35+00:00
1558,C7001558,individual,Corey,Newman,1978-10-25,b114ed4f9ba8c6f34453045c9127e6d7ff4220295f88a9aae390ba24635f84cd,,,corey.newman540@yahoo.com,(147) 391-2983,verified,low,25,2014-03-27T11:48:23+00:00,2020-02-16T16:35:50+00:00
1559,C7001559,individual,Sherry,Smith,1975-01-31,62be41ee6cd3d44060cefe5113247312dca0233088d3c4f865667fb57edb4a37,,,sherry.smith458@gmail.com,(089) 229-0641,verified,low,18,2013-12-12T20:25:40+00:00,2015-08-08T16:18:45+00:00
1560,C7001560,individual,Alexis,Jackson,1976-10-14,e05d10eb8a649bba60a28ff2f57df972940bd44929151fcf4c7c511a1cf1fc63,,,alexis.jackson140@icloud.com,(626) 008-0598,verified,low,24,2009-11-26T10:25:31+00:00,2020-12-13T06:51:30+00:00
1561,C7001561,individual,Diana,Burton,1941-05-10,4f8d8145190b233ba0f9b5ac643a716a8ec4a9459725b5f12a006a9ea990d84f,,,diana.burton808@aol.com,(307) 108-1692,verified,low,20,2025-02-01T18:34:25+00:00,2025-08-03T17:27:54+00:00
1562,C7001562,individual,Theresa,Gay,1941-12-14,6d2f89da2f2fc43912b5779c91a6b52fefa3c674f8f661992f574c777e6f08d0,,,theresa.gay805@aol.com,(272) 929-4286,verified,medium,9,2012-03-15T07:28:54+00:00,2014-08-05T14:08:59+00:00
1563,C7001563,individual,Dana,Fernandez,1983-07-07,db998363d7df48f537a1c09c76860cee1fb1a4bc78e1341ab6ab2c5e398d865d,,,dana.fernandez757@aol.com,(559) 109-2335,verified,low,12,2013-08-03T08:15:28+00:00,2024-04-12T00:27:02+00:00
1564,C7001564,individual,Paige,Miller,1980-04-26,c116c0a884a7f13a0a636d6f2fe652db5b83fdc22d62e37741706fcfdd0f53bf,,,paige.miller119@outlook.com,(875) 302-9614,rejected,low,5,2025-07-28T03:55:57+00:00,2025-09-30T20:58:25+00:00
1565,C7001565,individual,Jacob,Larson,2002-10-18,7d3a6753b2ebecd11238afeee2a5c49852c32807ea964c7377b162a8f4378985,,,jacob.larson330@outlook.com,(145) 481-1891,verified,low,21,2010-12-20T09:44:26+00:00,2025-08-12T10:01:30+00:00
1566,C7001566,individual,Grant,White,2002-06-07,30ba5943d71e2bac25349579fd1cfa41de5cc083688cd0e2cfb3c47dbbd3d547,,,grant.white741@icloud.com,(658) 072-0080,verified,low,16,2018-04-19T05:54:57+00:00,2022-03-02T11:14:04+00:00
1567,C7001567,individual,Maurice,Fuentes,1987-04-02,ea1f345b003e167b0914c944bd95876527fdf8d8b6e2cbd72a124d863856d117,,,maurice.fuentes124@yahoo.com,(680) 846-9001,rejected,low,5,2011-01-02T02:34:22+00:00,2021-02-22T07:12:51+00:00
1568,C7001568,individual,Timothy,Johnson,1947-05-05,16ff5f762684975ea18723d56f3aae0ef3b242ad4bd22e1b20978f5d78dd3972,,,timothy.johnson726@yahoo.com,(190) 672-4460,verified,low,9,2022-02-18T12:21:09+00:00,2023-01-15T21:30:39+00:00
1569,C7001569,individual,Kayla,Miller,1938-09-30,af4f8f814eb136cbbeab06be202b9988e7b2aff070c79f257c51a943daa44b9b,,,kayla.miller208@outlook.com,(202) 230-5975,verified,low,6,2014-07-13T04:03:32+00:00,2017-10-03T23:46:41+00:00
1570,C7001570,individual,Shelley,Mcdowell,1963-04-18,65c5656bfc63a3a629ea083a3e1eca5bbc0729ce4d6c4ccf984593bcfe43efcc,,,shelley.mcdowell101@yahoo.com,(664) 878-2648,verified,medium,12,2026-03-11T09:29:53+00:00,2026-04-15T20:08:26+00:00
1571,C7001571,individual,Larry,Johnson,1985-01-14,89f14c2f1a53c21447c04e233c0613bf5a48086f04b23650574fc041c93ed386,,,larry.johnson706@icloud.com,(370) 695-1181,verified,low,3,2019-08-08T11:19:51+00:00,2023-09-24T06:19:04+00:00
1572,C7001572,individual,Dakota,Lee,2000-07-11,e1e749f795b38d8630a8f57a0dcd46ca0bd04e6af8b61973b3cb19d58aa4b360,,,dakota.lee199@icloud.com,(419) 977-1180,verified,low,14,2025-01-28T20:26:04+00:00,2025-11-23T18:47:37+00:00
1573,C7001573,individual,Cindy,Smith,1979-11-03,46089ec454dd52db8e26e8935a7c11d126a6a83bc0a93724c18c33a9a0e9a2e2,,,cindy.smith92@icloud.com,(271) 436-9474,verified,low,10,2009-05-01T18:44:06+00:00,2019-09-10T18:44:23+00:00
1574,C7001574,individual,Jackie,Fox,1971-11-05,38a2b6bc4fde553e8e4ec9cedcf14f75cdcfdad7c080d4b8d47079a92f826029,,,jackie.fox206@aol.com,(458) 084-3196,verified,low,7,2022-07-31T10:28:53+00:00,2025-05-25T14:44:02+00:00
1575,C7001575,individual,Bryan,Knox,2008-05-15,e0c656e87d69d6be35cbc8d0d44d4f2281c7114f7b5dbcc22e7c5427812977a5,,,bryan.knox768@yahoo.com,(459) 587-6955,verified,low,6,2025-12-03T16:58:59+00:00,2026-02-15T07:49:37+00:00
1576,C7001576,individual,Daniel,Meyer,1986-09-14,41076c257d1b87b0fe83e4a2b71c1363134854820afc6d1b316cfde36fd51066,,,daniel.meyer846@icloud.com,(412) 345-9232,verified,low,9,2022-05-29T13:46:46+00:00,2022-06-27T19:55:29+00:00
1577,C7001577,individual,Kelsey,Cook,2002-05-14,384c5d223ec24feb818999b84d32e1d9b5d8620bc378af6ee361e2a2edef04f3,,,kelsey.cook683@yahoo.com,(286) 327-0231,verified,low,15,2019-05-13T15:58:50+00:00,2020-09-12T18:38:33+00:00
1578,C7001578,individual,Danielle,Vargas,1976-08-01,10007a70515be45fcb117131aff75b35bbcbb1644f9d8d10d8518808bcb1194e,,,danielle.vargas918@outlook.com,(025) 215-1435,verified,medium,6,2018-07-09T17:53:37+00:00,2023-08-12T07:32:25+00:00
1579,C7001579,individual,Michael,Price,1982-09-15,8fcfb9f02a7da7729205947e5bb9b8757d6cd6a01201d11cf6f26e86a11598e3,,,michael.price344@outlook.com,(354) 722-4055,verified,low,23,2016-08-26T22:44:27+00:00,2017-08-14T15:56:47+00:00
1580,C7001580,individual,Thomas,Singleton,1949-06-14,9f62b4c58e038d753bc216e2df2b34f8cb241ef76e130e7209b1b4794d2615e7,,,thomas.singleton704@aol.com,(870) 568-3355,verified,low,22,2017-06-03T18:34:38+00:00,2018-01-03T07:10:25+00:00
1581,C7001581,individual,Bethany,Williams,1999-10-19,3a02a93d12ecc3f9d0923a46d2b905636230743567fb46b8b8764ce9c7f8517e,,,bethany.williams905@icloud.com,(733) 807-9266,verified,low,9,2026-05-27T15:47:29+00:00,2026-07-11T21:31:52+00:00
1582,C7001582,individual,Alexis,Gutierrez,1997-04-12,9eac5d648591500b7a46c61f5c580f98235d366efe51002f533d81c8000b80aa,,,alexis.gutierrez634@outlook.com,(589) 906-5869,verified,low,13,2016-03-27T22:12:31+00:00,2022-11-16T23:12:47+00:00
1583,C7001583,individual,Daniel,Johnson,1968-03-24,14a746d178d087d6a4b51b3ec1b38f912ddb8746d4f576250092123cfc6df5d9,,,daniel.johnson508@yahoo.com,(136) 359-1142,verified,low,15,2008-06-08T05:11:16+00:00,2008-07-15T08:40:35+00:00
1584,C7001584,individual,David,Smith,1992-07-02,d674ba74fdb2021fa52a5f53c94c59aded05d260dd2d2ace5b97417c6e328bc6,,,david.smith287@aol.com,(542) 249-2243,verified,medium,12,2012-05-23T15:33:31+00:00,2012-11-09T23:49:37+00:00
1585,C7001585,individual,Donna,Martin,1984-10-01,85b385f0d21bca48ce0748bfd21e17fc29d7cf5676d2e6e26eb21e0d30beebf0,,,donna.martin124@yahoo.com,(979) 135-3295,verified,low,21,2018-10-03T22:36:02+00:00,2021-10-13T10:35:01+00:00
1586,C7001586,individual,Miranda,Ellis,2004-01-14,18bf55edb1737eae0b63dd813dce5dd87b5939208334ee4a4b4ffef56c499a5b,,,miranda.ellis224@yahoo.com,(140) 830-7090,verified,low,13,2009-08-14T10:26:06+00:00,2021-09-15T02:33:59+00:00
1587,C7001587,individual,Robin,Gonzalez,1951-01-02,73ec315e9de046f5402bd3d784fed7bfc67d98389b8bb278b1538c4846892379,,,robin.gonzalez913@outlook.com,(598) 977-7382,verified,medium,7,2019-09-16T04:49:24+00:00,2022-12-27T03:39:16+00:00
1588,C7001588,individual,James,Mcmillan,1960-10-31,26013b1cf672700a8c49e599df5814c2876b798953d1fb8428ef31b2ac841481,,,james.mcmillan802@gmail.com,(359) 062-7094,verified,low,5,2012-11-25T08:51:44+00:00,2023-05-19T10:03:59+00:00
1589,C7001589,individual,Johnathan,Wood,1969-03-01,f6c80b6db4338c577c5a534e0038e1fc2227bb4900134b524879e2f8b94a06e3,,,johnathan.wood336@gmail.com,(939) 350-4629,verified,low,21,2022-11-27T09:26:41+00:00,2026-08-21T10:25:44+00:00
1590,C7001590,individual,Jared,Boyd,1973-10-30,76261423a7340079f707d7ed1e57b6a5bd58c268bbf352acf2377eacd04f45cd,,,jared.boyd883@outlook.com,(591) 905-3094,verified,low,15,2012-08-30T09:46:48+00:00,2025-12-21T23:21:19+00:00
1591,C7001591,individual,James,Smith,1938-01-17,2ba46619b5447b8193e10cae9c6f73f435604fc1da82653a06210458cafc8076,,,james.smith414@aol.com,(186) 948-4674,verified,low,25,2011-06-11T09:19:37+00:00,2018-01-21T00:05:39+00:00
1592,C7001592,individual,Derek,Roberson,1970-04-02,5b71c3faa6d0fcf9dea70ad2cc3a6c9c03a99febeef0244425e854e331bdf541,,,derek.roberson113@yahoo.com,(025) 254-1105,verified,low,20,2025-02-04T22:08:09+00:00,2025-11-06T14:59:00+00:00
1593,C7001593,individual,Maria,Herring,1990-03-12,423a416b99d9d0c8286154f9c33c55fbb41597c915d726c36b6d42bdecfcfeb2,,,maria.herring798@gmail.com,(470) 336-4245,verified,low,18,2008-03-01T19:19:24+00:00,2009-05-24T03:51:04+00:00
1594,C7001594,individual,John,Donaldson,1943-04-08,3eb1fb9979b2092a1319d85dd06019b3827d564acb915fbc961e9aa8d11635ed,,,john.donaldson452@aol.com,(252) 649-7478,verified,low,10,2022-02-10T08:26:46+00:00,2024-06-22T19:53:52+00:00
1595,C7001595,individual,Peter,Bowman,2004-08-22,b19a5d90df63595ecd039abcbf58a395500aa7d3903da428fe68537e44679432,,,peter.bowman60@aol.com,(874) 900-4491,verified,low,18,2019-06-30T16:38:41+00:00,2020-05-06T12:26:43+00:00
1596,C7001596,individual,Anthony,Carroll,1952-06-30,8c52ce2dfd5158375f1fdcdd234e32d153da0f20e2c769652d2f187e0647bc12,,,anthony.carroll971@outlook.com,(640) 412-1070,verified,high,9,2014-01-13T11:04:01+00:00,2025-04-25T05:16:38+00:00
1597,C7001597,individual,Paul,Smith,1968-04-21,710c73bb92b08958ae80049815fad31ab792f2d4ad13bb9b2b22ea68d91373f4,,,paul.smith6@outlook.com,(514) 148-3515,verified,low,14,2016-07-19T02:31:04+00:00,2022-11-07T13:42:28+00:00
1598,C7001598,individual,Daniel,Long,1983-09-04,2842cb906fd963308db53d1a2f5d433f885d626a0b3ac302f1fce63d2ef36cc9,,,daniel.long933@yahoo.com,(504) 725-5310,verified,low,6,2008-05-24T09:49:35+00:00,2026-01-27T00:38:03+00:00
1599,C7001599,individual,Andrew,Holmes,1988-10-16,99a5e5cd668292337f5fc553b6b3ea33fad8da16fbb57186b3016b4089588ec3,,,andrew.holmes824@yahoo.com,(969) 253-3601,verified,low,2,2013-02-05T23:00:12+00:00,2015-12-10T13:08:57+00:00
1600,C7001600,individual,Jack,Meyer,1998-08-14,c61d95020e571d27ca9694b23eee4645afe48098d8eb7d9d7fe273a8868b3f4e,,,jack.meyer717@gmail.com,(159) 492-5434,verified,low,5,2009-06-14T16:10:13+00:00,2021-06-03T02:47:39+00:00
1601,C7001601,individual,Benjamin,Jones,1992-02-10,2f3a7039dab27b67fcdbe040bf9b22fba649179103af617b3d9722de535f626c,,,benjamin.jones305@aol.com,(272) 430-6777,verified,low,12,2024-11-13T00:32:10+00:00,2025-09-13T08:14:36+00:00
1602,C7001602,individual,Susan,Gordon,1993-12-26,c06094c9e8accfad45f3225181eea6129d6dbb068c1b8b9be9a4505179d5e9a7,,,susan.gordon336@yahoo.com,(133) 157-9208,verified,low,23,2023-05-28T01:22:50+00:00,2023-10-02T11:33:31+00:00
1603,C7001603,individual,Margaret,Stark,1979-08-04,cb79706367350eb1b6cec1c3ac27d00efc61bfaee50c7a8a7326861100d4b33b,,,margaret.stark374@icloud.com,(126) 608-6961,verified,low,12,2017-05-08T01:56:36+00:00,2024-08-09T21:20:47+00:00
1604,C7001604,individual,Tim,Villanueva,1953-02-01,feebb65cc864521b50cbfa428090f8994e15fa97401dbf0f76aaebee23e53999,,,tim.villanueva337@outlook.com,(863) 339-9506,verified,low,21,2021-06-29T02:12:02+00:00,2024-02-13T10:33:18+00:00
1605,C7001605,individual,Brandon,Franklin,1976-08-30,035522d48c02a896f4e143f1ddd6270a0217237a22d6cf4da3772323ca7f51eb,,,brandon.franklin671@outlook.com,(925) 098-0556,verified,low,5,2021-08-30T03:04:05+00:00,2025-04-07T20:41:01+00:00
1606,C7001606,individual,Trevor,Baker,1938-09-30,4f7a7e1226ec45176d474fa8b8da59352daee4da851eab7fd493c469205252de,,,trevor.baker458@icloud.com,(177) 491-1767,verified,low,5,2022-01-09T09:36:42+00:00,2023-06-08T16:27:43+00:00
1607,C7001607,individual,David,Thompson,1960-08-09,1f9c8db14e8928a5b2540e882484154441bbc8f2374140832c9a5b21f2dd1217,,,david.thompson601@yahoo.com,(386) 039-0367,verified,low,25,2016-04-16T17:52:34+00:00,2021-03-12T17:40:37+00:00
1608,C7001608,individual,Anthony,Vasquez,1944-01-17,84777234c892ab3a2a99bb60d439cc9c71c8fa9b2e20bf7ec45fd0b30a640f34,,,anthony.vasquez578@outlook.com,(032) 082-3416,verified,low,23,2016-02-02T06:31:00+00:00,2023-02-05T20:23:05+00:00
1609,C7001609,individual,Daniel,Morales,1943-09-19,8d009e47afa69b777e9575af8309906ae21fcf04fc4c7843489cd1765c7368dd,,,daniel.morales309@gmail.com,(644) 490-4394,verified,low,13,2019-07-26T22:07:30+00:00,2026-02-02T20:11:25+00:00
1610,C7001610,individual,Latasha,Potts,1949-10-02,89170cadac4ac24bd703faebe4b7bb5e68e2ddcfa6a0f9e8f0d69dd81f1bc5f1,,,latasha.potts839@gmail.com,(284) 655-9218,verified,low,22,2013-02-13T14:02:27+00:00,2016-12-20T11:38:25+00:00
1611,C7001611,individual,Gregory,Weaver,1977-03-27,92919111af9782b0fba33b0ff6e52cee7ca231ee6aa631ba67e23207183e6e6a,,,gregory.weaver980@yahoo.com,(444) 337-3609,verified,low,19,2025-10-05T03:28:04+00:00,2026-07-12T07:54:39+00:00
1612,C7001612,individual,Jason,Rice,1953-03-11,ee0c4519ba8abf5a78dc81e980411dc0167e435280cc30af21764096bb677f19,,,jason.rice31@aol.com,(900) 249-2785,verified,low,3,2026-04-28T05:29:20+00:00,2026-08-12T04:05:51+00:00
1613,C7001613,individual,Lance,Moss,1997-11-26,4f9312c673ee006fc2fd647af687a59442e786b04067074c34de552d25ed09d8,,,lance.moss798@aol.com,(293) 854-0445,verified,low,2,2015-03-31T20:38:59+00:00,2018-01-11T23:01:23+00:00
1614,C7001614,individual,Jeffrey,Mcdaniel,1988-02-12,bd07a43ab05a6f5f5ff282485b01f72973caaac10e581e526fe26b6be0236ca4,,,jeffrey.mcdaniel202@aol.com,(153) 070-7919,verified,low,19,2014-10-31T02:37:37+00:00,2016-02-12T11:03:38+00:00
1615,C7001615,individual,Jeremiah,Ali,2003-10-02,b0dd93693fb47d7e7ff62feda5332da354636edc35586ed09187448dcdebeafc,,,jeremiah.ali249@icloud.com,(512) 982-9454,verified,low,14,2021-02-11T13:15:42+00:00,2022-02-25T13:21:00+00:00
1616,C7001616,individual,Mason,Smith,1992-11-30,8784beada6bc5a5cb77f6791e10c5027bf021f91bfa339e20c904ef0f26341eb,,,mason.smith792@icloud.com,(576) 036-7336,verified,low,14,2017-08-19T14:14:16+00:00,2019-11-22T19:38:26+00:00
1617,C7001617,individual,Edward,Stewart,1967-03-31,44bf48ac437e44b2a277757300d09ebda06a5eb5918c8b1badcecb52b65e71d0,,,edward.stewart493@outlook.com,(482) 436-4851,verified,low,10,2021-10-08T03:32:44+00:00,2025-10-25T00:18:21+00:00
1618,C7001618,individual,Katie,Larson,1959-06-30,2a687098931540fa46395e0e3e28d28c0e16781261bae001e75848b186c85846,,,katie.larson96@aol.com,(009) 256-8359,verified,low,18,2019-01-03T14:09:02+00:00,2025-05-16T21:42:43+00:00
1619,C7001619,individual,David,Cooper,2000-08-18,d6749f0b79c7078034f604121362936fadad6cf8bce3ca6e76ab6707bc5cd008,,,david.cooper343@yahoo.com,(028) 265-6529,verified,low,24,2026-03-20T06:31:50+00:00,2026-05-20T07:09:12+00:00
1620,C7001620,individual,Alexander,Maxwell,1979-03-15,8b346447b09e464c77805a3c6c0640e56591971f0bb832d7a907e3089e20205a,,,alexander.maxwell275@aol.com,(939) 759-5536,verified,low,13,2023-09-12T10:46:44+00:00,2024-12-18T06:23:44+00:00
1621,C7001621,individual,James,Stanley,1992-03-13,7c243b503a8eae1eb235fb1b8f835f39b790b28a29c840e485c451888195a370,,,james.stanley191@gmail.com,(018) 769-2704,verified,low,5,2012-12-07T18:44:47+00:00,2015-10-20T10:22:50+00:00
1622,C7001622,individual,Joseph,Compton,1992-12-25,b25205cf3209ed9dff418e97b2798bb94505862b823aead8febc8aae5689c736,,,joseph.compton987@outlook.com,(299) 738-5442,verified,low,18,2017-02-12T10:22:50+00:00,2019-06-20T20:50:48+00:00
1623,C7001623,individual,James,Prince,1955-10-30,e326c74c04cec44a49fefb77d3957233bdb66831a42389910e3185f7b6da6ee3,,,james.prince576@gmail.com,(724) 771-1578,verified,low,13,2023-04-21T19:37:33+00:00,2024-07-05T12:57:43+00:00
1624,C7001624,individual,Jennifer,Coleman,1959-10-15,e693413bb1565e7fdd603c6cf5bd101db983e4920142738d2ff944d89c79be41,,,jennifer.coleman364@yahoo.com,(698) 896-7621,verified,medium,14,2014-10-24T22:58:04+00:00,2024-05-04T02:35:47+00:00
1625,C7001625,individual,Gerald,Frye,2008-06-26,e9c2ed9163d0e1213405c549756d6b100b353acbd6905f4f8befea840e50a1f3,,,gerald.frye334@gmail.com,(009) 341-3734,verified,low,8,2024-01-16T03:45:26+00:00,2024-04-16T01:23:01+00:00
1626,C7001626,individual,Sean,Casey,2006-06-14,17367c837f995ae8236a13ccfafa65f93c179a4db5e105f49a2e03bc002ebbf5,,,sean.casey270@yahoo.com,(067) 769-3131,verified,medium,22,2013-12-03T01:05:32+00:00,2024-08-02T15:17:28+00:00
1627,C7001627,individual,Heather,Rojas,1989-02-28,b74795251afb22565240e0a482d6c0c727265099a9f0be7c402c6d2621099448,,,heather.rojas562@gmail.com,(101) 254-6759,verified,low,7,2022-06-12T15:25:13+00:00,2022-08-15T01:01:51+00:00
1628,C7001628,individual,Michael,Patel,1989-03-29,3a06e821e3c5a9b7cd53d036c7ad54d733767f595b945003dfe054c535408a8e,,,michael.patel798@outlook.com,(320) 143-5456,verified,low,22,2014-06-24T14:24:53+00:00,2023-11-13T21:53:41+00:00
1629,C7001629,individual,Kevin,Caldwell,1988-10-20,dcc52317b6eef1a43159d5cc723b87fee76e8fbf7739a37d06b1c322f89836c7,,,kevin.caldwell221@outlook.com,(810) 632-6739,verified,medium,10,2009-10-09T18:29:42+00:00,2018-04-25T08:29:48+00:00
1630,C7001630,individual,Donald,Jones,1981-05-03,43404e499c67bc80008319a49c325f6e8d73ef102d467994a0f02547070fdae1,,,donald.jones770@yahoo.com,(743) 506-9782,verified,medium,21,2008-09-28T19:19:37+00:00,2026-05-03T17:29:06+00:00
1631,C7001631,individual,Daniel,Oneal,1993-03-06,9191593067c40f3bdc3a8aaa9d19b6804f4098516fedeb04a0aa2f920052d206,,,daniel.oneal289@yahoo.com,(595) 476-1680,verified,low,15,2012-07-22T06:19:00+00:00,2015-02-06T21:09:57+00:00
1632,C7001632,individual,Jaclyn,Gonzalez,1995-12-15,c870d9268aa927155a1de6df5d3bd42e2060d3c320555ff78e091b8a01870a38,,,jaclyn.gonzalez257@icloud.com,(336) 057-4321,verified,low,5,2014-04-19T02:59:57+00:00,2018-07-03T05:59:38+00:00
1633,C7001633,individual,Daniel,Gray,2008-02-07,7d8ceebcd2a79b10ac4eba18d6311f837fdc9f8abd1656ccf8f318c1776638ae,,,daniel.gray911@outlook.com,(091) 364-1765,verified,medium,1,2021-06-02T15:17:41+00:00,2025-11-27T08:05:39+00:00
1634,C7001634,individual,Robert,Meyer,1945-05-09,acc825d6f7e11a4228abe8463eacfa2d1337046866ec7090b7fa6d4f55c23ac5,,,robert.meyer94@icloud.com,(360) 964-3945,verified,low,18,2026-01-02T20:38:56+00:00,2026-07-02T20:31:53+00:00
1635,C7001635,individual,Nathan,Cook,1994-10-26,e98365ca0d349ae42a9582c1420f7561d693a978a33a0a8beaf99a91192f39c8,,,nathan.cook718@outlook.com,(053) 256-2488,verified,medium,20,2013-01-19T19:05:27+00:00,2024-12-17T00:05:09+00:00
1636,C7001636,individual,Colton,Sullivan,1989-09-18,3343836ceac56c08236b547870bbf7df059cfefd59239a93c4cc7d38cf256390,,,colton.sullivan406@outlook.com,(405) 741-1935,verified,low,6,2012-03-18T03:48:09+00:00,2019-11-18T03:56:54+00:00
1637,C7001637,individual,Claudia,Gregory,1963-04-22,8783ed913cbc8a7b6372c175f89637d64827b0b19cca4538bb1d56cda9e5cc43,,,claudia.gregory331@outlook.com,(858) 680-4394,verified,low,3,2023-11-14T10:24:01+00:00,2023-12-18T15:13:31+00:00
1638,C7001638,individual,Tammy,Tyler,1966-10-20,e6d803dc7b85bedf4ab4edf7700cf24e59e635886e5967a4596acaca6c3e76a3,,,tammy.tyler310@yahoo.com,(485) 307-4878,verified,low,24,2016-12-07T02:22:27+00:00,2025-06-16T17:15:49+00:00
1639,C7001639,individual,Lori,Torres,1984-05-21,4a34b55abce0f2252cb79ae0ab61f94954842639acbf88fb23e13a85bd9b3759,,,lori.torres452@gmail.com,(234) 810-9452,expired,low,9,2008-03-13T14:26:07+00:00,2011-08-10T08:20:52+00:00
1640,C7001640,individual,Heather,Gross,1977-10-08,7f6abf8f3121af2d325d631ee012870f328590626b98837e35f6c935bd672a84,,,heather.gross460@aol.com,(109) 321-5294,verified,low,3,2023-03-12T18:02:12+00:00,2025-01-23T11:12:25+00:00
1641,C7001641,individual,Carol,Brady,2003-08-15,e68f6b042e1560e60d2ae9982a169c044c0f540e98d51883662c92a308e6ee0e,,,carol.brady703@outlook.com,(612) 166-9481,verified,low,2,2022-02-24T17:11:55+00:00,2026-03-27T04:36:27+00:00
1642,C7001642,individual,Miguel,Benitez,1983-12-01,2ee715c10d3c97b7254b448bfeb2fdcaebf3805757f1efd44e0547c70a137ef2,,,miguel.benitez512@gmail.com,(238) 368-4143,verified,low,22,2026-06-11T07:44:52+00:00,2026-08-24T04:41:46+00:00
1643,C7001643,individual,Kimberly,Smith,1989-07-26,84ec2f234f9e25228eec55e184fce1bdd876ba7fa406939827861feb4c1566b2,,,kimberly.smith886@outlook.com,(942) 816-8362,verified,low,13,2016-08-28T03:54:04+00:00,2019-04-14T21:32:16+00:00
1644,C7001644,individual,Gary,Coleman,1955-04-02,620432b232302ce7de3b6e13c576595c15c7c15a429c56b79daa8797eb35cffd,,,gary.coleman674@icloud.com,(217) 328-4248,verified,low,22,2015-08-12T05:38:52+00:00,2024-09-18T09:57:10+00:00
1645,C7001645,individual,Juan,Turner,1959-07-22,e15f0d0e41156da64b1d8f800c2a02853eba401f3a5ec5bed577b20800f973e9,,,juan.turner69@icloud.com,(377) 805-5922,verified,low,19,2023-08-26T00:36:59+00:00,2026-05-02T10:10:20+00:00
1646,C7001646,individual,Emily,Graham,1993-02-02,c58952d3260af4ef1d1fde8e5c9a4108c53f453ebe412a163d165e4d23069599,,,emily.graham285@aol.com,(350) 764-9967,verified,low,3,2023-10-11T04:45:59+00:00,2025-11-01T01:13:28+00:00
1647,C7001647,individual,Renee,Gilbert,1957-10-18,71107287decd324bd6ded1428a53af5bf13835492494331762ecbf2e3c76eac9,,,renee.gilbert326@aol.com,(522) 011-2704,verified,low,22,2025-11-14T05:32:41+00:00,2026-06-19T15:10:39+00:00
1648,C7001648,individual,Danny,Munoz,1975-02-24,11cfd8c1e566024f2e29be926c19112538076db185d4c46cabf00636131f3c2a,,,danny.munoz625@yahoo.com,(511) 157-8723,verified,low,23,2022-10-10T05:39:08+00:00,2022-12-19T13:15:05+00:00
1649,C7001649,individual,Gregory,Pittman,1961-10-16,e95d2ef9f4e11eb4993a8e8e22e208738b5c3c7d0a9271e3ad11e4f5c1168fda,,,gregory.pittman269@aol.com,(469) 371-4787,verified,low,16,2021-07-18T16:05:59+00:00,2026-08-16T17:53:09+00:00
1650,C7001650,individual,Tony,Green,1973-11-11,11d41bf2029e30bb38321b9e2c02489e0296df182a38f37388c2f75b7a35fadf,,,tony.green605@icloud.com,(443) 793-6660,verified,low,20,2012-05-11T06:44:19+00:00,2014-11-28T10:24:22+00:00
1651,C7001651,individual,Jimmy,Huerta,1983-04-29,10fcb981925a53c069fec368e37d370e77f91b1f3ed335ea30e64bb2f1e75047,,,jimmy.huerta592@gmail.com,(881) 567-5413,verified,low,4,2010-10-03T17:24:03+00:00,2026-02-14T04:10:56+00:00
1652,C7001652,individual,Crystal,Brooks,2006-07-04,ab66fc072872061aea2dd82841fab2e2322d6854c450e4c0dc8217e09be9681e,,,crystal.brooks657@icloud.com,(017) 314-1272,verified,low,11,2016-11-12T16:50:09+00:00,2021-12-13T11:09:43+00:00
1653,C7001653,individual,Courtney,Nguyen,1997-03-28,3205fe9df633c09ede8c29b223fb9a914fd175b92099016e156dbfba755bf7ee,,,courtney.nguyen492@aol.com,(485) 652-6424,expired,low,9,2022-05-17T11:41:42+00:00,2023-03-09T14:02:02+00:00
1654,C7001654,individual,Kelly,Duncan,1940-09-15,4323f4ed7dee0a24fa6d397b4e3fbd2210bcbac9215213d58822ea999d704a02,,,kelly.duncan141@aol.com,(520) 148-7609,expired,low,5,2012-04-11T05:36:12+00:00,2018-08-23T00:20:52+00:00
1655,C7001655,individual,James,White,1964-04-25,cbf2075bd37018eace93a3e61809f0a11afea5bbbb92a04a9f5b78a2b2a8f3a2,,,james.white383@gmail.com,(506) 961-5884,verified,low,15,2013-02-17T15:11:49+00:00,2026-04-04T06:10:02+00:00
1656,C7001656,individual,Nicholas,Powell,1940-02-24,c298dcdb71be501391b78997080d707bc465216395ebc51775403ae165e0e75c,,,nicholas.powell327@yahoo.com,(623) 215-1751,verified,low,22,2020-05-28T06:40:47+00:00,2023-08-02T06:45:23+00:00
1657,C7001657,individual,Stanley,Jackson,1947-11-28,e2f8efe6727dd2e974ed93cb9395666d81d9f944aaef4dca3ffdf077b70fd4d6,,,stanley.jackson606@outlook.com,(995) 893-6742,verified,low,13,2008-08-22T12:12:57+00:00,2015-01-05T20:01:48+00:00
1658,C7001658,individual,Gloria,Carpenter,2004-10-27,fda926b16eb9a708dd62a30bd338a965249339e6f9f8ec5b601a22be39c79542,,,gloria.carpenter323@outlook.com,(522) 377-5044,verified,low,19,2026-02-05T18:34:06+00:00,2026-06-16T23:08:08+00:00
1659,C7001659,individual,Savannah,Jackson,1945-03-03,1ad58648f3f92e6ef18f567ccd28f5dce69ea8713c2d37eb732048a1b99d763f,,,savannah.jackson486@outlook.com,(554) 279-3399,verified,low,20,2023-11-27T09:17:59+00:00,2024-11-20T19:54:26+00:00
1660,C7001660,individual,Meredith,Stanley,1983-10-09,6948d50d367e4f9bc1c434bf00a85b6d4e9896c744ceff1786477457686aeb42,,,meredith.stanley601@yahoo.com,(441) 904-3770,verified,low,22,2011-12-20T15:29:58+00:00,2026-04-20T06:17:48+00:00
1661,C7001661,individual,John,Hayes,1950-12-29,eac81788900d8cbcc3f80c9c6417d785668c0b204d046f7f5f0d35c78a178fc5,,,john.hayes659@gmail.com,(645) 604-8511,verified,medium,2,2013-07-21T01:50:03+00:00,2024-07-31T02:39:00+00:00
1662,C7001662,individual,Lisa,Romero,1945-10-28,5907feb243d087da8ec51fa6182606d525f30d92698244d36ba72b564715f612,,,lisa.romero985@gmail.com,(272) 916-9422,verified,low,6,2026-05-02T11:54:35+00:00,2026-06-20T11:40:13+00:00
1663,C7001663,individual,Sarah,Miller,1966-07-01,6eb108280aa43b46412cde5c65e97f1c9bd9556f76a86fed872ba9eb7850683d,,,sarah.miller235@outlook.com,(224) 588-3660,verified,low,10,2021-11-30T13:44:03+00:00,2026-04-23T02:41:20+00:00
1664,C7001664,individual,Martha,Johnston,1998-03-19,4c074cb48a0257b7653e50e9870a55aa8c88d519674789584057ee17d90cc39f,,,martha.johnston53@icloud.com,(668) 080-7956,verified,low,3,2025-03-03T07:22:04+00:00,2026-05-17T06:13:46+00:00
1665,C7001665,individual,Jason,Kennedy,1969-08-24,3db381e79205d9662ab1a88cfeb972667d2df072a423837002e8bb11bb4d82c5,,,jason.kennedy346@icloud.com,(939) 226-8949,verified,low,21,2009-04-01T03:05:32+00:00,2023-10-03T15:28:55+00:00
1666,C7001666,individual,Erika,Thompson,2002-10-21,b20af09f06f43f722fb46e63725370553db06a16d4030f3e0b2d41aa72d6942a,,,erika.thompson531@outlook.com,(959) 816-1809,verified,high,5,2014-08-31T20:58:53+00:00,2021-11-13T21:40:28+00:00
1667,C7001667,individual,Dwayne,Adams,1959-03-07,be2e54e6ccc99f7b6afec0380073cf2727e1d29856be53f197c8a45a9541eaf1,,,dwayne.adams61@outlook.com,(275) 942-6732,verified,low,20,2021-06-22T23:22:13+00:00,2025-09-10T00:52:53+00:00
1668,C7001668,individual,Sarah,Ramos,1963-05-24,0af4cf262fde0083f7d1adb0a74a3c27e9a9e76135355c2a8f9a0d423f1ba26a,,,sarah.ramos8@gmail.com,(651) 608-6249,verified,low,10,2017-05-03T13:42:52+00:00,2022-02-26T14:10:51+00:00
1669,C7001669,individual,Susan,Jones,1986-01-08,0ea3af928a35f2388a42b8ff3e3b4adff855e6a6758f7c8d123a3c6cebd2e3eb,,,susan.jones841@gmail.com,(320) 723-9191,verified,low,6,2008-02-08T17:38:29+00:00,2013-09-23T11:31:58+00:00
1670,C7001670,individual,Michael,Garcia,1958-04-08,486cc496116199291d199c3185c38af0086c0be819393235c318d3c30f36ed74,,,michael.garcia963@aol.com,(043) 424-9162,verified,low,6,2020-10-22T06:49:53+00:00,2024-09-22T10:02:03+00:00
1671,C7001671,individual,Brittany,Mendoza,2006-10-31,78c8c6dcaeaba91fc83ff75df6443259de266616ea2ff19d9c48c6b0269043e5,,,brittany.mendoza914@gmail.com,(903) 473-1751,verified,low,1,2021-05-01T19:36:35+00:00,2021-08-31T05:51:38+00:00
1672,C7001672,individual,Ronald,Harris,1985-06-11,dd0c0f5982e0fa0b5d5912bec444d8e19f761c55820c615c03c66b669ad5f747,,,ronald.harris898@outlook.com,(317) 191-6335,verified,low,25,2021-06-24T14:11:21+00:00,2026-06-05T00:19:32+00:00
1673,C7001673,individual,Glenn,Hunt,1959-04-15,b1e452f23552fa9d7b9d82fe0b0b34fd9f63c27844b1228afa3b56825e607ec5,,,glenn.hunt486@icloud.com,(869) 198-1625,verified,low,15,2015-11-09T21:11:59+00:00,2024-04-03T17:25:16+00:00
1674,C7001674,individual,Daniel,Walker,1970-10-23,49b88a7f9c3dd6a2dc9cd9579e7ef2117e314dbbb75dde06c56f185292f9f2b5,,,daniel.walker718@icloud.com,(616) 160-5433,verified,low,19,2024-11-12T09:29:34+00:00,2025-02-11T12:13:27+00:00
1675,C7001675,individual,Shaun,Paul,2004-03-08,55894a8bb16b11bf4bed1372069967a0ace733457cea0734387342aa27419d6c,,,shaun.paul188@icloud.com,(474) 019-2553,verified,low,9,2022-11-28T07:02:17+00:00,2026-04-16T00:05:42+00:00
1676,C7001676,individual,Megan,Orr,1957-01-10,41d094a96a50b66f273bee998824bdf5ce06eab72bcb8bf2ab22e7bd4b7d997f,,,megan.orr106@aol.com,(726) 754-5769,verified,low,23,2020-12-17T08:52:13+00:00,2026-04-24T01:55:10+00:00
1677,C7001677,individual,James,Byrd,1941-09-20,a55ed33f5cbbd8ea5b75123f07e68bded76b6c41fa96a4347784ff5d94c993df,,,james.byrd361@icloud.com,(528) 823-1329,verified,low,8,2013-01-30T07:33:48+00:00,2016-03-26T10:37:15+00:00
1678,C7001678,individual,Robert,Hunt,1974-01-24,0d3212e2fd1fce875f010fc101afbb557215144cca86ff3735197a80cce5ee80,,,robert.hunt725@icloud.com,(922) 543-7636,verified,low,10,2020-01-23T22:05:33+00:00,2022-05-15T12:13:12+00:00
1679,C7001679,individual,Catherine,Schaefer,1995-01-04,f3049d6cd60de4af7ee3666b6447b4f38d6d8556603d34eab916e8d2af65d07b,,,catherine.schaefer627@icloud.com,(989) 582-9486,verified,low,21,2018-07-01T03:18:34+00:00,2021-05-07T15:14:35+00:00
1680,C7001680,individual,Jaclyn,Mack,1958-12-21,0a05d47cbf5878a4a0b81d5976c7f20187597b572dbff9edc7d34dd3b7a11bc4,,,jaclyn.mack287@outlook.com,(491) 421-5440,verified,low,19,2019-04-28T16:59:22+00:00,2020-08-03T23:19:42+00:00
1681,C7001681,individual,Hannah,Braun,1993-11-02,7e2a9e1bc968e5dc68535839402099c85774b89da7ff5db1a452a0c5f746e377,,,hannah.braun363@gmail.com,(476) 630-7799,verified,medium,24,2018-10-14T00:33:23+00:00,2024-05-17T05:18:09+00:00
1682,C7001682,individual,Anna,Taylor,1979-06-11,ac56a4f04e12d2a60331cfd380f29dd6c6b60b7f652808b344efac7d8e7ce72b,,,anna.taylor752@gmail.com,(139) 002-9501,verified,low,11,2021-08-10T02:11:38+00:00,2024-02-14T14:19:41+00:00
1683,C7001683,individual,Jacob,Williamson,1955-08-26,4992b85b5f5f474d1ac42ccbd196534e6d27fa94120844e9bf1737267767519f,,,jacob.williamson222@aol.com,(757) 456-8442,verified,low,6,2024-05-17T10:16:51+00:00,2025-08-03T08:20:46+00:00
1684,C7001684,individual,James,Brown,1947-07-08,8157a1958fb6e25512c4dc0fdee07a3df166bbe9ddd9aa5704ba9ac48a792205,,,james.brown899@yahoo.com,(016) 064-4903,verified,medium,11,2021-09-30T11:14:50+00:00,2022-05-06T16:29:08+00:00
1685,C7001685,individual,Karen,Mccoy,2005-09-06,b436449d20bab044109a45a8c5173493bf716a8416bfb018aff5345802f0f8c5,,,karen.mccoy548@aol.com,(718) 218-2160,expired,low,1,2012-06-03T08:37:34+00:00,2026-05-09T23:31:44+00:00
1686,C7001686,individual,Emma,Salinas,1985-04-22,244b7b3fc144aeabc422723a6322c76793319cfa95047d1c0dd598d9e320f7a7,,,emma.salinas722@icloud.com,(953) 564-4119,verified,low,8,2009-10-08T16:52:01+00:00,2025-11-28T13:56:47+00:00
1687,C7001687,individual,Allen,Moore,1973-05-20,fb2c5fa019788c22b8393cc5a13b9e16537b1f42a2e9cec860022f9ddb53497a,,,allen.moore138@aol.com,(920) 317-5914,verified,low,2,2008-06-09T16:34:21+00:00,2016-03-02T16:37:24+00:00
1688,C7001688,individual,Kimberly,Rich,1944-02-03,f282a2818542994c10b925c86ce8a4a7d4cdd824a7af3588565f1a38f0bb2d18,,,kimberly.rich193@outlook.com,(733) 382-7653,expired,low,9,2020-04-27T06:56:11+00:00,2021-12-16T18:50:33+00:00
1689,C7001689,individual,Ian,Jones,1986-01-05,58c723b3a5d36df3919b9eb92d5565a00d19fd690b7ec1055c25600d756f2978,,,ian.jones2@gmail.com,(544) 484-7920,verified,low,13,2022-12-01T10:12:44+00:00,2024-01-12T03:22:24+00:00
1690,C7001690,individual,Dennis,Waters,1990-11-07,17bdaaf6b9c3f2be5852d6223da79d55ed65375198b82edf6c5e3af2604e6d77,,,dennis.waters434@icloud.com,(839) 103-2041,verified,low,12,2020-08-01T22:23:56+00:00,2021-02-08T18:39:07+00:00
1691,C7001691,individual,Marissa,Murphy,1963-02-02,b942dc4b19696f9093a7dfd442c53de9bda2075cb55bcb533524b73661b9acd4,,,marissa.murphy886@gmail.com,(263) 700-7963,verified,low,12,2016-10-28T08:08:14+00:00,2021-07-31T15:52:23+00:00
1692,C7001692,individual,Pamela,Bailey,1950-04-20,a5f3aa91beedc16f389f3ecfa5a4a000a501c1fda1d097225d0c44997d06dce0,,,pamela.bailey370@gmail.com,(565) 621-9295,verified,low,9,2017-05-23T05:10:56+00:00,2020-05-15T04:29:55+00:00
1693,C7001693,individual,Ronald,Gonzalez,1969-10-22,fc21a63eb603d1555b0529bdf1353575a7aff2537a14fe77a652ff46d5c3090b,,,ronald.gonzalez413@outlook.com,(256) 485-8647,expired,low,23,2017-03-29T17:35:47+00:00,2017-08-15T11:20:15+00:00
1694,C7001694,individual,Kim,Gutierrez,1957-08-11,c94adbb69aed22186b3758190ac287680c6481048476699334f30a1e46f08026,,,kim.gutierrez653@outlook.com,(159) 059-2568,verified,low,19,2024-10-24T13:24:50+00:00,2025-07-24T19:24:00+00:00
1695,C7001695,individual,Jeffrey,Padilla,1995-11-14,307c001f6fa91ee6e956aa6d1c91646277add29ca07b9b76edea9444d9d5edbf,,,jeffrey.padilla529@outlook.com,(504) 162-7502,verified,low,8,2012-08-30T18:07:36+00:00,2025-04-08T19:12:57+00:00
1696,C7001696,individual,William,Baker,1998-04-16,1e48876f0fa26743fa3f7128cec48702e6ebc17269ce329d9dceefbcfbe9e1a6,,,william.baker345@yahoo.com,(512) 954-5893,verified,low,25,2014-08-27T17:02:29+00:00,2017-11-16T20:51:40+00:00
1697,C7001697,individual,Denise,Morris,1946-12-09,dffbcae905637ed9b02ec9456e79e4b63f1505e11c305736023a4c2135e892f5,,,denise.morris551@aol.com,(018) 174-9731,verified,medium,18,2020-12-12T03:22:08+00:00,2021-11-24T20:49:51+00:00
1698,C7001698,individual,Monica,Edwards,1937-12-07,f48618490174a1c97db23508a4f0aa8e5f9cd86ed658c89c7d6d16b876e482f4,,,monica.edwards318@icloud.com,(596) 197-4005,verified,low,21,2025-02-26T02:05:29+00:00,2025-04-06T03:12:52+00:00
1699,C7001699,individual,Kelly,Davis,1974-03-14,2bea0e6a0ff02afabf0e871d4b8c515c4e396f4a5abe8b2539450662a1071386,,,kelly.davis438@icloud.com,(654) 907-8725,expired,low,19,2025-08-27T20:38:53+00:00,2026-03-19T21:33:33+00:00
1700,C7001700,individual,Nicholas,Orr,2007-10-20,be9b6a88b435aeddd2c91c1db726340afbd298bf9831f3b60a8ccfd4733c20bc,,,nicholas.orr482@gmail.com,(169) 413-5128,verified,low,14,2020-11-22T22:00:23+00:00,2020-12-26T07:07:32+00:00
1701,C7001701,individual,Anthony,Tanner,1998-02-21,03c01d7f499f22d82d628abf32cba6ee0b8f6de92d36242a432a94e6fdcc192d,,,anthony.tanner676@icloud.com,(761) 002-3512,verified,low,13,2016-08-04T10:36:45+00:00,2022-05-01T13:03:14+00:00
1702,C7001702,individual,Jose,Lee,1962-04-20,908c79e163b50bde2bf8213723003afafb6fb952c05adbcba365eea5d88b3a4d,,,jose.lee453@aol.com,(633) 759-8491,verified,low,15,2017-07-07T21:31:13+00:00,2024-05-03T13:10:52+00:00
1703,C7001703,individual,Eileen,Wyatt,1986-01-23,6d258fc5442c562c1206e689ddc45e924cfdf149fa5ccb0c2270a5980ddbc13d,,,eileen.wyatt96@aol.com,(337) 952-3314,verified,low,2,2025-03-21T22:45:00+00:00,2026-09-10T13:18:58+00:00
1704,C7001704,individual,John,Hicks,1991-08-26,9996670e0a63bb6a84171f657d8fa049a53bc360d00f142bd32b54759cbd6fd3,,,john.hicks59@gmail.com,(081) 322-0822,verified,low,16,2016-08-05T08:38:38+00:00,2019-01-18T00:09:36+00:00
1705,C7001705,individual,Corey,Gilmore,1979-05-06,0513b030943e357b1aab54bc86ad3f28cf329ab167b6f573521d5c49b8b194eb,,,corey.gilmore897@yahoo.com,(042) 599-0028,verified,low,3,2011-11-22T14:21:10+00:00,2012-12-22T08:18:34+00:00
1706,C7001706,individual,Jesse,Mason,1991-09-10,f7bd11cb4c010a07641d71adaa04834c82508b3d13c07bbb7d6f513f10e75fc4,,,jesse.mason598@yahoo.com,(529) 796-8546,verified,low,22,2009-11-24T15:49:22+00:00,2010-06-15T18:47:30+00:00
1707,C7001707,individual,Joseph,Bryant,1992-10-03,e12d99491e5284254256c570ceef28410a9ac89e0032301a39a84857bd77cb10,,,joseph.bryant574@outlook.com,(453) 629-2135,verified,low,7,2021-11-13T17:44:13+00:00,2023-05-28T07:12:19+00:00
1708,C7001708,individual,Michael,Owens,1948-02-23,f36e2bbf6b3a13640a981d7b09fb2ef718257c34aa3f29a369f2423834c61b23,,,michael.owens323@yahoo.com,(047) 442-1756,verified,low,11,2017-11-23T18:18:59+00:00,2024-09-23T22:22:05+00:00
1709,C7001709,individual,Kevin,Benson,1963-07-05,d28150d7450e9a31176de9dc0b9fc29574071afd1df890883f11a6416a855f33,,,kevin.benson319@gmail.com,(145) 252-8886,verified,low,23,2023-10-13T18:03:24+00:00,2024-05-06T15:25:12+00:00
1710,C7001710,individual,Caitlin,Walker,1968-09-29,f76278a781eba7fa52204738791b647e4855c4426abbb5742e522c3b87da13e6,,,caitlin.walker324@gmail.com,(754) 839-3777,verified,medium,16,2017-08-06T23:46:19+00:00,2024-02-19T06:57:35+00:00
1711,C7001711,individual,Tara,Mcneil,1937-10-31,8b7cecd9ef4ec82c67b2c37e21aec12d907ce31464bf2fe81dfb828d61fc6802,,,tara.mcneil501@icloud.com,(834) 124-7223,verified,low,16,2013-03-13T23:26:16+00:00,2023-09-24T23:37:52+00:00
1712,C7001712,individual,Sandy,Hawkins,1982-03-31,ff406299844611e5a3554579037a33dae85d0b8e22aa1f552286754211cbfd51,,,sandy.hawkins545@aol.com,(733) 521-0858,verified,medium,20,2008-11-26T10:27:36+00:00,2015-11-10T06:05:24+00:00
1713,C7001713,individual,Janice,Lane,2006-10-30,b98a28245554566203dde278bac76dc2db4b45bfb6caa585650c922a0db92630,,,janice.lane361@outlook.com,(811) 994-2817,verified,low,19,2022-07-21T12:21:59+00:00,2024-02-20T12:38:27+00:00
1714,C7001714,individual,Sara,Cunningham,2004-09-17,9be50778698418fab21e53c74991a2de3189df9e7c95506536734ef7ceb92312,,,sara.cunningham588@aol.com,(243) 009-1731,verified,low,2,2008-10-21T15:41:09+00:00,2023-05-26T03:52:10+00:00
1715,C7001715,individual,Sandra,Wilson,1947-05-04,57a86db825e0ada0353aa416a09cb44b1c30d7f42ba47870c4cab5b9128d2bf6,,,sandra.wilson724@icloud.com,(257) 989-6910,verified,low,4,2020-05-22T06:18:54+00:00,2021-03-06T03:26:32+00:00
1716,C7001716,individual,Daniel,Sullivan,1998-05-24,6e6c25f31a9495891ba3a5a725b2b6849fdf26950c9cb348d5529697a264f663,,,daniel.sullivan961@yahoo.com,(180) 054-4027,verified,low,9,2025-04-27T00:53:10+00:00,2026-02-15T13:44:36+00:00
1717,C7001717,individual,Robert,Medina,1971-03-15,d4013e9ea872350034b2ed1463aa78cc4cac1425a1c6be2d2b2e605ee61386d8,,,robert.medina729@aol.com,(973) 847-1845,verified,low,12,2019-03-16T10:39:49+00:00,2022-08-21T10:09:29+00:00
1718,C7001718,individual,Monica,Friedman,1988-11-07,ba4e9fc4829e10f7b139e29c099dd68fb96fc2d6ea6437ba435adf1fc2b984df,,,monica.friedman955@outlook.com,(623) 705-0674,verified,medium,5,2017-10-21T21:30:31+00:00,2019-03-31T17:43:27+00:00
1719,C7001719,individual,Jane,Ramirez,1964-06-05,8cc8eaf50cc5cf0f7e73683b0bc0785d9748ca1d6b81ddb9af6ae41f0dd1a1ef,,,jane.ramirez285@icloud.com,(691) 455-9036,verified,low,2,2022-03-16T20:04:28+00:00,2023-11-12T01:54:13+00:00
1720,C7001720,individual,Karen,Case,1991-05-31,15da14cdaebfb5a34c394053a8667b05f07eabe1a2a26eac1172364a3cb22f46,,,karen.case174@aol.com,(205) 964-2549,verified,medium,12,2020-08-02T23:41:40+00:00,2026-05-27T21:22:49+00:00
1721,C7001721,individual,Rita,Walker,1945-06-07,04bb81b10d1aadb6f802de6fcda6a58ff53255f020b9feeceb3b596d360d1093,,,rita.walker902@icloud.com,(565) 399-5211,verified,low,22,2012-01-09T05:53:27+00:00,2023-08-08T19:32:49+00:00
1722,C7001722,individual,Amy,Schmidt,1974-01-22,7d45e6f9ef30b2a9e92617a78333e0d5fd2423f0d2bdcb2e166644b6ed92b3d7,,,amy.schmidt2@icloud.com,(558) 364-5487,verified,low,13,2010-03-21T07:49:54+00:00,2012-12-11T00:14:26+00:00
1723,C7001723,individual,Patrick,Jackson,1971-08-17,c3c8bd3e362e82a51a5a23b93f4870774aefa9c505456801a2e055e39a887f9e,,,patrick.jackson925@outlook.com,(497) 850-7867,verified,low,12,2012-01-06T05:16:51+00:00,2013-08-26T20:07:03+00:00
1724,C7001724,individual,Anna,Watkins,1970-09-07,00f01b956b5246f0d53f0d684115c8ce95194320fb13e94ab813770edb1473fc,,,anna.watkins461@yahoo.com,(710) 029-5963,verified,low,15,2019-07-17T15:46:27+00:00,2020-06-23T06:35:42+00:00
1725,C7001725,individual,Calvin,Collins,1966-08-25,2e44c5a02b27afcb3dac2e8bd462ba2afbd845c4771c464f99f688edd2683d5e,,,calvin.collins28@aol.com,(197) 294-1036,verified,low,24,2019-03-30T06:09:50+00:00,2023-04-25T15:32:36+00:00
1726,C7001726,individual,Chelsea,Henry,1967-02-08,8083223d787f290d4e52916e7ae4e994830b50cf66ea9d47c7727c13b76456d3,,,chelsea.henry584@icloud.com,(006) 977-4009,verified,low,11,2019-01-19T08:02:03+00:00,2020-01-22T17:36:26+00:00
1727,C7001727,individual,Kristin,Cochran,1940-08-21,cab38d1cb532d5f176d25e38536e277ef33462d3e12e69465306f643a0b50db6,,,kristin.cochran539@aol.com,(010) 222-1268,verified,low,19,2011-08-31T10:25:07+00:00,2018-03-14T18:39:45+00:00
1728,C7001728,individual,Victoria,Perez,1950-06-21,859a7dc6f0c3790666fc710bd61c052272957f37b06954706dba282170585c09,,,victoria.perez333@outlook.com,(251) 964-2958,verified,low,16,2020-01-15T23:13:20+00:00,2022-04-20T12:55:17+00:00
1729,C7001729,individual,Teresa,Mccarthy,2003-04-20,dd8ba95e8059f54eb9f33d7652ed544fe3802a66938f24fd711a4964458a94d3,,,teresa.mccarthy132@icloud.com,(182) 548-0575,verified,low,13,2015-08-23T06:44:43+00:00,2020-05-26T03:13:08+00:00
1730,C7001730,individual,Tyler,Martinez,1986-06-15,1980a061c802ac5f0588628a6f0001a4caf8907a0e332eaddcd73e502defc59c,,,tyler.martinez699@outlook.com,(020) 613-9203,verified,medium,2,2013-01-04T13:00:13+00:00,2015-01-07T02:08:55+00:00
1731,C7001731,individual,Angela,Porter,1951-08-05,c1b3dfbee9f602339d24c90d6f8b855b6d6026a616ec52ae9a3ede035afc2f48,,,angela.porter771@icloud.com,(496) 309-6667,verified,low,24,2022-07-14T10:27:16+00:00,2026-08-05T20:49:16+00:00
1732,C7001732,individual,Whitney,Murphy,1955-12-23,cd5df2ee10728794832721213024ee821d2545ce00055e48c1cc8b0b8cf1933b,,,whitney.murphy56@icloud.com,(584) 465-7713,verified,low,3,2013-01-06T20:42:37+00:00,2025-11-12T15:15:50+00:00
1733,C7001733,individual,Luke,Avila,1975-08-30,973b6c96e4ec3bcbcdaa25b24512a5768211e269ffbeea018aee84536cbb5c1a,,,luke.avila466@icloud.com,(749) 464-5403,verified,low,7,2017-12-21T02:11:17+00:00,2026-06-09T09:31:41+00:00
1734,C7001734,individual,Anna,Howard,2002-09-21,f5289379a33c0d0ea0ec5dc3881455a13af61948227c9000b9b3d643b217bffe,,,anna.howard277@icloud.com,(823) 234-5335,verified,low,1,2026-04-15T01:15:55+00:00,2026-04-21T08:51:58+00:00
1735,C7001735,individual,Kristin,Walker,1987-06-01,6442ed7625653ca549df7eb5b5a57e6073e18afa4289535d143e4bd3cbd35bf7,,,kristin.walker685@yahoo.com,(133) 761-9157,verified,low,8,2022-01-10T21:15:26+00:00,2023-01-03T09:35:37+00:00
1736,C7001736,individual,Ethan,Jones,1963-02-27,e9469802651512615a6abaf9fa61f1f6b938d27a1d53914a749d85d2c73734f1,,,ethan.jones884@aol.com,(650) 916-3975,verified,low,18,2022-06-19T12:01:13+00:00,2024-12-19T01:23:22+00:00
1737,C7001737,individual,Erica,Rogers,1977-11-26,11acd29d3e53cf3df01d148d38de442bc36db9e16a9fd0921eec9e561b73db26,,,erica.rogers621@gmail.com,(638) 082-6326,verified,low,22,2023-01-13T19:23:30+00:00,2023-10-17T21:19:53+00:00
1738,C7001738,individual,Thomas,Miller,1945-06-13,bd2619755529ab392c3512eed921f57f37afd292ce3ea67f7b33e1018240f74d,,,thomas.miller880@icloud.com,(264) 293-0646,verified,medium,21,2012-12-12T08:53:39+00:00,2024-01-03T23:13:16+00:00
1739,C7001739,individual,John,Gibbs,1958-07-08,bdf8e2b182c148f3e216d51f3cc9507fbb8935ed39d6f4676abc356b72114487,,,john.gibbs893@icloud.com,(289) 724-5979,verified,low,8,2023-05-31T16:44:09+00:00,2023-08-01T06:33:29+00:00
1740,C7001740,individual,Cheryl,Wilson,1991-10-06,782e742dac739dfe74cd0fd098a47830f17d33e2dcf9dc5392c227834558adac,,,cheryl.wilson448@yahoo.com,(785) 453-9057,verified,medium,15,2012-06-01T16:59:21+00:00,2025-05-22T11:10:06+00:00
1741,C7001741,individual,James,Cook,1984-07-01,f66f62e514b27a3e052f3e18f892e0ebd8a86f5c43875fdcf91d218b258ad333,,,james.cook779@aol.com,(563) 773-1252,verified,low,10,2015-12-14T21:19:49+00:00,2019-04-08T07:33:21+00:00
1742,C7001742,individual,Michael,Gonzalez,1947-10-25,46b3e30fa5ffc3b07d7fc0f4f1f248e955a25afad5af97de30f80b72e1c1c691,,,michael.gonzalez703@aol.com,(921) 515-6944,verified,low,9,2011-03-18T00:41:34+00:00,2021-01-11T17:38:41+00:00
1743,C7001743,individual,Charlotte,Bailey,1987-03-02,7a51032dabe80461c307ccbb890c015f1963c05ea075c1d3a7c4ab7dd1cff5d3,,,charlotte.bailey678@gmail.com,(910) 548-2562,verified,low,5,2020-12-13T00:58:17+00:00,2022-07-12T05:53:31+00:00
1744,C7001744,individual,Amanda,Bowen,1971-07-01,a575ac898e1c5bc262310963ca6bbc7d32259502d3632d5122a0522ba40a031a,,,amanda.bowen304@outlook.com,(775) 153-6720,verified,low,1,2020-01-17T20:19:21+00:00,2023-12-25T06:12:45+00:00
1745,C7001745,individual,Jasmine,Stewart,2006-03-12,d2d880c034ecf81121af5ab9e6a7580e890c8fcace9b1e9455b6bdf664c1c6a6,,,jasmine.stewart444@icloud.com,(218) 060-3632,verified,low,25,2025-04-12T02:01:50+00:00,2025-08-23T04:26:52+00:00
1746,C7001746,individual,Samuel,Wong,1958-05-21,5d22ef5979c5564d7e69c63b79b615c37aadb3dd38485d8482a107a06fcebc53,,,samuel.wong73@icloud.com,(544) 300-7457,verified,low,6,2014-02-08T22:24:12+00:00,2017-09-26T02:06:18+00:00
1747,C7001747,individual,Jeffrey,Glover,2000-11-02,d0c5dee5945acd9904491a97ba24f34dda988e2d4e7df9f94900bab900d8aa05,,,jeffrey.glover6@icloud.com,(305) 757-8660,verified,low,6,2013-07-17T19:32:05+00:00,2022-10-08T13:05:51+00:00
1748,C7001748,individual,Tiffany,Crawford,1999-03-10,e32698e153683aa60d9e95338c13083ef5dd10123a51f32b69491d1d2d108fa6,,,tiffany.crawford144@outlook.com,(412) 404-3968,verified,low,16,2008-08-22T22:13:35+00:00,2026-01-02T06:56:10+00:00
1749,C7001749,individual,Jeffrey,Randall,1945-03-28,77b209686e2808e83b7398b89b7f55b442b1b6fe33bcdbe26e4c69ca5e160062,,,jeffrey.randall248@gmail.com,(792) 165-0181,verified,medium,8,2026-07-13T19:30:09+00:00,2026-07-21T12:32:21+00:00
1750,C7001750,individual,Jamie,Singleton,1992-03-28,48cccdcf3bb65819ad2f777b64e1233e5b64347972be6c31c63164982c229615,,,jamie.singleton352@gmail.com,(493) 135-2762,verified,low,4,2014-08-03T14:15:09+00:00,2019-08-04T09:47:14+00:00
1751,C7001751,individual,Jason,Rodriguez,1949-10-05,85d04b424e9f8558a9b36934c557aa920f1567a599968c810f2ea9a0b636985d,,,jason.rodriguez948@gmail.com,(548) 362-8134,verified,low,24,2011-09-14T02:19:17+00:00,2016-08-19T01:37:20+00:00
1752,C7001752,individual,Cynthia,Wagner,1960-11-09,ad591ad9fffc2bcae99a792d51417aca52270ae0671846732915f60929be3721,,,cynthia.wagner681@outlook.com,(465) 448-2187,verified,low,14,2021-03-03T16:47:58+00:00,2024-10-19T09:55:21+00:00
1753,C7001753,individual,Thomas,Underwood,2001-08-14,0de685144aed84ade9aed679d7bb47fde40df8d9bd6fac8294c06bba34ff925d,,,thomas.underwood314@icloud.com,(315) 134-6508,verified,low,21,2010-05-22T17:08:52+00:00,2025-11-22T10:01:48+00:00
1754,C7001754,individual,Matthew,Allen,1994-08-24,42a174f420862627f80ca8d74d2d32f435976944ff63f522cec2a40e740f190c,,,matthew.allen445@icloud.com,(341) 065-7299,verified,low,7,2016-12-29T02:49:55+00:00,2025-02-25T15:06:56+00:00
1755,C7001755,individual,Johnathan,Richards,2001-10-08,3339979e18ca989e7026fcffab40eec5a9269bf1c0a70ced6cdbb010956eaf4b,,,johnathan.richards857@gmail.com,(182) 003-4093,verified,low,5,2023-11-13T12:53:35+00:00,2026-08-06T23:48:34+00:00
1756,C7001756,individual,Tyrone,Bullock,1981-11-26,1e5fdce44da880cf4af95614a3ec89c26c596ff6c5db5f5bbdd0ff9b6c6f1d63,,,tyrone.bullock278@icloud.com,(845) 879-5797,verified,low,25,2011-03-07T04:52:24+00:00,2013-07-08T20:49:50+00:00
1757,C7001757,individual,Jill,Harris,1947-03-01,cb930bf1094c41cfbd77f716e1b7e2cfdc33bcb793039d8c7344fe1949249e8f,,,jill.harris552@gmail.com,(866) 868-9984,verified,medium,23,2015-02-07T16:13:25+00:00,2015-04-10T04:53:25+00:00
1758,C7001758,individual,Jeffrey,Rogers,1997-04-22,3432147d50daaf4d9a4156fe37e36ba0ea543d1b1976dffe1d4025ebd1847c42,,,jeffrey.rogers500@outlook.com,(576) 039-6108,verified,low,2,2011-07-07T18:30:22+00:00,2023-01-28T05:25:33+00:00
1759,C7001759,individual,Heather,Bradley,1966-12-03,d3e6b92b569d44885ee1b5773ad24ee600f458070bd92c3b0921ea38c26f9beb,,,heather.bradley89@gmail.com,(135) 456-1431,verified,medium,7,2012-11-29T00:54:31+00:00,2013-01-28T17:05:35+00:00
1760,C7001760,individual,Barbara,Williams,1941-02-11,8feef17d9170da1c99ebf7e6d779fd10f8d5a00662fa42fdaa1b909ea22b0dd4,,,barbara.williams447@outlook.com,(241) 703-6423,verified,low,16,2016-10-18T19:42:44+00:00,2021-03-05T07:35:38+00:00
1761,C7001761,individual,Rebecca,Wang,2007-08-19,fc641a12649d62ae40e46c1d12c8b48f58d2ba03c4da99bd79247f86dc8f8da1,,,rebecca.wang818@aol.com,(796) 313-2404,verified,low,7,2024-07-09T04:54:19+00:00,2024-10-19T22:58:12+00:00
1762,C7001762,individual,Hannah,Winters,1968-07-03,166d1b9eac6da13214870f2ea0fde9f1b7a3a9e62b87e3cd915bf9d605d47948,,,hannah.winters634@aol.com,(237) 857-7171,verified,medium,16,2018-07-21T19:08:26+00:00,2023-10-26T06:56:18+00:00
1763,C7001763,individual,Karen,Burns,1938-07-13,103e7dab3ce18f6ae16f0a5a497f0c4b44dec8417713c2646e7bd74de178443a,,,karen.burns615@gmail.com,(796) 244-5278,verified,low,24,2012-02-05T11:45:51+00:00,2018-07-23T03:39:12+00:00
1764,C7001764,individual,Candice,Hopkins,1998-06-16,84079bbed67371be2545ba41fcf11c83599e93b7773f269b724d958335413a5d,,,candice.hopkins963@yahoo.com,(498) 749-3203,verified,high,14,2009-07-24T13:07:48+00:00,2010-02-20T04:10:45+00:00
1765,C7001765,individual,Joann,Henry,1963-11-10,96a5a199b46a79432a4264983e6d3c4576f84eb1d244f45dbafc108452501ee1,,,joann.henry898@yahoo.com,(576) 530-9246,verified,low,9,2023-06-18T06:21:16+00:00,2024-05-29T05:49:26+00:00
1766,C7001766,individual,Karen,Schwartz,1964-03-29,b9edbdc62d7898e80e2f2c288118cd5aae1854a07559df683a50f709c032814b,,,karen.schwartz408@aol.com,(945) 573-1492,verified,low,15,2016-08-03T03:22:14+00:00,2018-03-08T05:59:10+00:00
1767,C7001767,individual,Leslie,Barton,1988-07-26,62f98be55c59dccb12242e1afb3a758c3fd6488b7fab0fb5b5fd81014430c206,,,leslie.barton15@gmail.com,(641) 793-9969,verified,low,2,2018-01-06T13:19:58+00:00,2025-11-07T04:36:11+00:00
1768,C7001768,individual,Laura,Boyd,1993-11-19,c8eac8c64be401be37eb514485551962e925db82d89db5cc7464106c032b04b5,,,laura.boyd170@aol.com,(817) 386-8165,verified,low,16,2014-11-07T16:58:36+00:00,2026-04-19T10:05:19+00:00
1769,C7001769,individual,Christina,Castillo,2006-12-12,14803c973e90f9d48f9aef0d2b79e34ecde6b0a117d9623bf547ee504b779cf7,,,christina.castillo424@aol.com,(521) 998-0684,verified,low,23,2014-07-22T14:19:21+00:00,2024-07-25T00:11:09+00:00
1770,C7001770,individual,Tonya,Williams,1984-01-09,8114857af82c4df727699271a7131cd163736cc0bf232b3ba9fa273a1608314e,,,tonya.williams406@aol.com,(689) 933-0537,verified,low,16,2014-10-16T20:56:31+00:00,2019-01-28T15:32:03+00:00
1771,C7001771,individual,Michael,Rice,1957-02-28,9c5634d4405b6c9e24f8c132fe32c52e35ca149b14229ab376225f41ec291c2e,,,michael.rice584@icloud.com,(986) 613-2940,verified,low,6,2016-04-18T22:50:04+00:00,2021-09-04T17:39:03+00:00
1772,C7001772,individual,William,Hamilton,1986-06-27,141ffdb7e489b3922273943a52650190aba32a313055b26fd78cbcee051e5cba,,,william.hamilton134@yahoo.com,(245) 051-4904,verified,low,22,2023-07-22T05:48:48+00:00,2024-11-12T00:05:47+00:00
1773,C7001773,individual,Jennifer,Freeman,1988-12-17,f9a6bb85cd569881efdff5f6cbd04db4647158a5d47b28a0e3f67d8b17e1c340,,,jennifer.freeman605@aol.com,(772) 222-6461,verified,low,6,2012-02-02T23:57:44+00:00,2012-04-29T06:52:00+00:00
1774,C7001774,individual,Samuel,Hart,1998-07-13,0983f98f7e57beed8ebf4ce9797590b21eb8fbdd3b2b490eb6d35b9ba391207e,,,samuel.hart684@outlook.com,(514) 538-6901,verified,low,23,2008-08-10T23:39:24+00:00,2024-11-15T10:19:02+00:00
1775,C7001775,individual,Jonathan,Kelly,1968-09-10,97da3bad3e50e50f28e24fa4578362f99a575067d8f4e207cf9820336a69a839,,,jonathan.kelly302@icloud.com,(221) 489-4413,verified,low,23,2017-12-24T14:59:33+00:00,2023-12-28T04:42:34+00:00
1776,C7001776,individual,Jason,Berger,1983-12-07,a278032bd1f9a65b454535db7d7c5af6f29f5a39e6abc008fa19eb2ab2c0601d,,,jason.berger216@aol.com,(287) 408-1173,verified,low,10,2020-08-08T15:35:01+00:00,2021-07-29T16:37:46+00:00
1777,C7001777,individual,Scott,Kidd,1974-08-10,ef9ef44d517fdc69e59b2d4e27aabbb6a5866f025a66c208267e706ebc9a450e,,,scott.kidd387@icloud.com,(996) 289-3028,verified,low,6,2011-01-23T04:23:32+00:00,2024-05-19T04:56:29+00:00
1778,C7001778,individual,Brian,Miles,1976-07-07,5afeb6b4d7cb4f15d3e7431541d330847011fb0a9c12cae5eda0cd2ac99de14e,,,brian.miles840@aol.com,(896) 549-8184,verified,low,19,2021-04-21T18:39:14+00:00,2023-11-15T12:07:34+00:00
1779,C7001779,individual,Joseph,Myers,1945-05-26,17390e10326d88ab98fa7f68a042595698027c2cc387e115c647e59ca7955aec,,,joseph.myers747@icloud.com,(123) 506-6566,expired,low,21,2009-11-08T21:08:20+00:00,2010-09-01T20:55:36+00:00
1780,C7001780,individual,Patricia,Lewis,1994-11-04,ef55a40295a712a64a8592388ae1b85ab479b84b6e8808ac4a197bf667cbe998,,,patricia.lewis966@aol.com,(391) 947-4372,verified,medium,16,2021-10-30T20:10:03+00:00,2023-02-28T21:33:18+00:00
1781,C7001781,individual,Lindsey,Smith,1946-08-02,1c0ed5c419678b22bad40f99c0b40f7e8bd704805562c96245a6b8e74694d57d,,,lindsey.smith871@aol.com,(647) 142-4321,verified,medium,2,2012-04-03T00:56:47+00:00,2015-07-21T11:02:25+00:00
1782,C7001782,individual,Daniel,Robinson,1998-07-10,0d95363a37e5a62b240091f3673915d4b17d4b1c98dbaf43b3ced6ef10912853,,,daniel.robinson661@yahoo.com,(983) 145-2378,verified,low,5,2015-10-20T00:08:20+00:00,2021-03-12T20:03:50+00:00
1783,C7001783,individual,Rachel,Tran,1967-02-12,8bd737811a72c07d90f0a45961a8d5a66a05614520706bd5f793bf94b7b778b5,,,rachel.tran783@outlook.com,(580) 005-8953,verified,low,18,2009-06-03T19:01:54+00:00,2009-07-11T02:32:31+00:00
1784,C7001784,individual,Teresa,Gibson,1945-04-16,fbe2e1036c8579a1a64c343ad9b52745fbb021acd082d8029c9bc8415eb22449,,,teresa.gibson608@aol.com,(779) 491-4881,verified,low,1,2020-08-01T01:55:54+00:00,2021-08-12T22:50:24+00:00
1785,C7001785,individual,Elizabeth,Young,1999-10-07,7716e5e1fdb3b57d4751b5fc35df332bfc83c1d6c174cb77a9ebaa9a913313a8,,,elizabeth.young715@gmail.com,(377) 665-9959,verified,low,20,2017-01-02T22:25:53+00:00,2017-01-23T04:20:01+00:00
1786,C7001786,individual,Jennifer,Medina,1941-12-21,bc801e15c32f8c83150729b011ea4551f29aa326f60d22995411651ec156374e,,,jennifer.medina936@gmail.com,(331) 513-1356,verified,low,12,2024-11-10T11:16:51+00:00,2026-03-15T06:03:03+00:00
1787,C7001787,individual,Kristina,Griffin,1990-11-05,2192ee3c3031748f92e7907676397f6a128d61a00a78631c9cd1f4e98b7aa794,,,kristina.griffin865@outlook.com,(917) 619-6822,verified,low,2,2017-11-17T16:07:35+00:00,2023-05-24T12:02:26+00:00
1788,C7001788,individual,Joshua,Grimes,1951-08-05,0fdaef663efea8e17a114b36183736a07b7a88b332e82ea709408eba3b645d17,,,joshua.grimes26@outlook.com,(961) 756-5779,verified,medium,1,2010-02-05T17:49:36+00:00,2024-07-28T00:10:34+00:00
1789,C7001789,individual,Jorge,Edwards,1979-04-07,ee6c462035fd2a00302250fdf0978c7c0bb24bb6d921e41af50a2be96b6329b0,,,jorge.edwards890@gmail.com,(241) 528-6348,verified,medium,22,2015-02-15T06:07:48+00:00,2016-02-24T06:12:16+00:00
1790,C7001790,individual,Chase,Ibarra,1953-11-28,cade7afcfa5fbe50a796e0115786c7dcddbab2949c77fff3063eb4d1e6cf5984,,,chase.ibarra823@icloud.com,(840) 913-4178,verified,high,4,2015-06-07T00:49:32+00:00,2020-09-20T02:07:00+00:00
1791,C7001791,individual,Cristian,Aguilar,1944-09-23,ef845b23624dbea11bf426d1d25622255adfb78c21ce3cc0f9544a0e984308c9,,,cristian.aguilar443@icloud.com,(558) 387-3680,verified,low,6,2017-05-26T18:01:13+00:00,2017-07-19T08:45:18+00:00
1792,C7001792,individual,Geoffrey,Gonzalez,2000-08-03,f392ef4b7462eb6a85a5daef78de7de09a37875e80cd838302216586d65e3e75,,,geoffrey.gonzalez535@outlook.com,(907) 046-4450,verified,low,21,2014-09-10T01:33:21+00:00,2015-06-03T15:57:07+00:00
1793,C7001793,individual,Timothy,Clark,1939-10-02,a9dfb28ae2e7813bb4fad52167b987f791fdb29499397a4a86ad41fb865d3627,,,timothy.clark64@yahoo.com,(632) 722-3736,verified,low,15,2013-05-25T12:21:13+00:00,2020-02-13T04:17:55+00:00
1794,C7001794,individual,Katherine,Sandoval,1963-09-19,f09cabb90333e214d097b912f57c52b7961961fe03447a3ae51879b37e48f7bf,,,katherine.sandoval348@aol.com,(053) 973-4513,verified,low,2,2015-04-12T14:26:37+00:00,2019-01-11T16:37:11+00:00
1795,C7001795,individual,Jacqueline,Hamilton,1967-07-16,5e3c014deb4eec07bb1917a994efbfc020f00f2a1552ce03f4ea743ef16d632e,,,jacqueline.hamilton868@aol.com,(254) 260-0628,verified,medium,4,2018-03-02T07:56:20+00:00,2019-04-14T03:28:48+00:00
1796,C7001796,individual,Stephen,Sanders,1960-01-26,d01209f5a0fd175ec03a530b86bde172360602af2187fd4a10ce22b15bad41a2,,,stephen.sanders411@outlook.com,(895) 638-3676,verified,low,2,2014-09-29T10:41:32+00:00,2022-10-28T22:40:36+00:00
1797,C7001797,individual,Kimberly,Glover,1950-05-28,8e0bf999759d1e14d7ec661754763602e382c1ecf3fdaa9e151a99422f9e3bb1,,,kimberly.glover581@icloud.com,(835) 457-4988,verified,medium,15,2013-01-12T04:00:15+00:00,2020-08-24T20:52:57+00:00
1798,C7001798,individual,James,Peterson,1955-05-26,17accbdd6b5e2f3e242a2cf969093127f868d0e9a05c5f3b403e04dceb451c5d,,,james.peterson556@aol.com,(215) 173-4660,verified,low,8,2018-01-24T06:39:38+00:00,2018-08-09T19:33:46+00:00
1799,C7001799,individual,Chase,Owen,1995-11-23,d005fde6434160c5e0a09379321162717e3f233b90b461d8c9672a5e942b9a39,,,chase.owen133@outlook.com,(123) 955-1216,verified,low,11,2024-09-20T08:19:37+00:00,2026-03-14T19:13:59+00:00
1800,C7001800,individual,Erika,Fowler,1991-10-19,da0314a30b289b9f775a1d188edbe7b78e4567594eaf5887009849752844bbfc,,,erika.fowler981@yahoo.com,(268) 423-2635,verified,low,12,2008-01-29T09:50:09+00:00,2017-06-28T20:21:24+00:00
1801,C7001801,individual,Gregory,Warner,1944-11-03,c1e2e4182e5e7eb860c31392d099a638b105131c628ab59d2a1e7b9dff87d079,,,gregory.warner486@yahoo.com,(527) 876-2602,verified,low,19,2017-11-11T10:06:07+00:00,2022-04-24T17:22:50+00:00
1802,C7001802,individual,Tiffany,Greene,1964-03-20,6982de27a2ac5ab5b681f2997ea8cc5045f2fb9cf0613c40c99aecb0438ca66e,,,tiffany.greene916@aol.com,(867) 969-9993,verified,low,1,2011-01-11T06:42:23+00:00,2018-12-04T10:41:10+00:00
1803,C7001803,individual,Carmen,Bates,1940-04-16,6ae406377b22a3ce656bbab7fbdbcb5fc20f9837099ba9074c668c61e37b11df,,,carmen.bates239@outlook.com,(551) 758-6373,verified,low,19,2020-07-21T12:26:02+00:00,2022-12-24T06:02:37+00:00
1804,C7001804,individual,Jamie,Austin,1966-04-23,e9340d50b7502a95959c01c4250a26c71266a678a905708709c1c0611612d779,,,jamie.austin851@yahoo.com,(431) 055-7710,verified,low,8,2016-10-09T09:13:17+00:00,2025-09-05T23:33:42+00:00
1805,C7001805,individual,Belinda,Rivera,1964-12-03,bf8924d90adf1bc4623cd8ce0819cd3c685679ceff58114e6463806af3fec4a0,,,belinda.rivera262@outlook.com,(358) 434-2314,verified,low,7,2009-09-13T22:25:11+00:00,2024-07-29T08:11:57+00:00
1806,C7001806,individual,Denise,Salas,1988-11-20,709e47ee0829f2b54d6e19fed42dd288ee5f4ca6fc426606a3f98293e3a97c8c,,,denise.salas372@gmail.com,(991) 514-1405,verified,low,12,2008-08-05T16:28:01+00:00,2024-08-15T21:23:58+00:00
1807,C7001807,individual,Carolyn,Morales,1953-04-15,a3f45f6cdcf7935093f6d81b40abafa60ace08ca70a87841985ed977451d87a6,,,carolyn.morales341@icloud.com,(122) 647-2543,verified,low,20,2024-06-26T07:06:16+00:00,2024-11-09T18:05:11+00:00
1808,C7001808,individual,Shawn,Zimmerman,1957-05-10,5b9064e1a14d072f6d0f63f2d624dd9ad5a6e03d88942fc39dbdf6396b2abe7c,,,shawn.zimmerman932@icloud.com,(396) 852-7682,verified,low,4,2009-05-20T00:05:23+00:00,2017-11-25T04:20:09+00:00
1809,C7001809,individual,Nicole,Maxwell,1975-11-06,d17cf7c2657d1df2cb6323d30fba1335632928828f21e8929b4f4955d21b36e5,,,nicole.maxwell220@aol.com,(702) 097-9096,verified,low,11,2012-09-10T01:40:14+00:00,2025-01-26T19:28:17+00:00
1810,C7001810,individual,Derek,Singleton,2001-04-18,c37afb9b737a50d8639e977a700e01dca625bd535fded8c9c3da7d527bb1ebe0,,,derek.singleton78@aol.com,(970) 860-4377,expired,low,22,2012-11-02T13:59:46+00:00,2016-09-12T11:21:02+00:00
1811,C7001811,individual,James,Melton,1961-08-18,4c4fd0b4d9381dcce47e053068d337103547dbcc911447af97463b240b88b558,,,james.melton333@yahoo.com,(647) 413-3115,verified,high,9,2023-01-24T10:23:12+00:00,2023-02-27T19:40:35+00:00
1812,C7001812,individual,Larry,Carroll,1955-04-01,bc22bffcfae48449ab3e5fd94ebe7d56cbd1a0798ed2bbbf4786282777d75a59,,,larry.carroll436@icloud.com,(653) 667-1364,verified,low,1,2025-01-25T14:27:34+00:00,2026-01-17T22:01:42+00:00
1813,C7001813,individual,Frances,Phillips,2005-07-03,fd51f8d5552450d23063054029c83058054d1910fe742bdda8da6a3bb6814b79,,,frances.phillips870@outlook.com,(231) 540-2447,verified,low,3,2015-02-24T13:52:34+00:00,2019-03-15T11:11:29+00:00
1814,C7001814,individual,Paul,Barnes,1983-09-23,c2922ab9f0ecf0a4ad1a6e89080d0e0fe8a9a4a7177dcd2164893d5808c97955,,,paul.barnes555@icloud.com,(967) 467-2698,verified,low,21,2011-01-22T10:32:24+00:00,2026-02-18T19:07:21+00:00
1815,C7001815,individual,Aaron,Davidson,1967-05-03,2b91e2a3a1cdab955896b3dc7b4abbf533fa35eedf4743850c85bb2a6f33168c,,,aaron.davidson634@icloud.com,(199) 614-9491,verified,low,15,2013-06-22T13:34:15+00:00,2021-08-30T07:51:20+00:00
1816,C7001816,individual,Anthony,Barnes,2000-04-03,fe245406e75d201cdb5b5d022dc4495f5fa5e880c2e564cd274b06dc4b6a4e0f,,,anthony.barnes402@gmail.com,(879) 561-4109,verified,low,9,2013-02-26T20:25:36+00:00,2016-03-07T05:47:40+00:00
1817,C7001817,individual,Bradley,Carroll,1951-04-22,c884556304c340f3470e1cfb22efc202a3df3ce664b46cbc5494897d1df5ac4d,,,bradley.carroll614@aol.com,(347) 112-0273,verified,low,25,2021-01-22T08:23:47+00:00,2026-08-02T17:29:19+00:00
1818,C7001818,individual,Heather,Taylor,1982-03-08,693154be020a5094924efca639fdbae17de7f2c9a9b592f1ad0e7fa73cd8262e,,,heather.taylor481@aol.com,(072) 230-3358,verified,low,20,2014-04-20T21:30:38+00:00,2024-11-04T21:43:18+00:00
1819,C7001819,individual,Brandi,Hines,1971-01-26,2a5b1cea8cfafb05f9eddaa7c04e62349cf2f212cdb4494d07c548e3eae9871a,,,brandi.hines106@outlook.com,(879) 278-7678,verified,low,19,2019-03-21T12:04:34+00:00,2021-04-29T09:36:45+00:00
1820,C7001820,individual,Dalton,Scott,1956-03-15,8a4880cdb78cc94f9de225ca0693b9d004a503731325c1da626b3b34b64b5cb1,,,dalton.scott734@gmail.com,(574) 306-2068,expired,low,14,2019-06-22T10:36:25+00:00,2022-07-06T22:26:55+00:00
1821,C7001821,individual,Brittany,Miller,1952-07-12,29f7eb62277e996e8699faf0cb524a5ea39caa1944f342f486e71b159e8563a6,,,brittany.miller133@icloud.com,(843) 391-4198,verified,low,10,2009-08-12T11:33:02+00:00,2011-12-15T09:32:10+00:00
1822,C7001822,individual,Susan,Brown,1957-10-08,83125356ebecff3454df9d9ccde6999a0abb48fda277f3d88018a380e3c2870f,,,susan.brown649@yahoo.com,(271) 929-8028,verified,low,21,2009-02-16T04:38:36+00:00,2015-09-13T22:32:20+00:00
1823,C7001823,individual,Mark,Shields,2004-10-13,33a011e590676578c198e6e77b52cac892bac020b0b10bad6742a0938cf6ef1d,,,mark.shields949@outlook.com,(632) 381-3705,verified,low,23,2021-05-24T22:07:42+00:00,2023-02-12T06:56:12+00:00
1824,C7001824,individual,Michael,Wiley,1975-08-24,69d1f3559f4d9aa7031985fe3ea740e25e0df6d28950d494d1f3e1b059149cf3,,,michael.wiley565@outlook.com,(163) 578-1164,verified,low,25,2011-02-28T12:07:06+00:00,2023-07-04T15:00:28+00:00
1825,C7001825,individual,Margaret,Brown,1957-12-24,e41b755e6adcaeef7bc3231450dc4d31086fb07a0247e6e5d8a1a2bf79561c83,,,margaret.brown336@yahoo.com,(353) 596-8289,verified,low,14,2018-06-05T20:31:43+00:00,2023-08-10T17:40:13+00:00
1826,C7001826,individual,Randall,Thomas,1944-06-23,7478fbecca38eb30f79b38cfbfd32ef1290423eaac8d9153258a532a1f1dcb1d,,,randall.thomas574@outlook.com,(278) 884-7871,verified,low,2,2012-12-27T12:25:14+00:00,2017-09-10T21:44:03+00:00
1827,C7001827,individual,Alexander,Meyers,1990-05-31,58b43932e353af40fc7a11b146d05934c080933e773d41c405b9ba8426ae575b,,,alexander.meyers725@yahoo.com,(308) 028-2131,verified,low,3,2023-07-08T13:12:10+00:00,2025-06-20T15:24:54+00:00
1828,C7001828,individual,Jim,Hill,1958-09-17,11e3264a6ea48f95b94ae219cfa7bc8729c9ed9f5783eeefc316a35cfc10f420,,,jim.hill145@gmail.com,(789) 425-9634,verified,low,12,2008-05-27T08:28:02+00:00,2012-11-29T04:00:56+00:00
1829,C7001829,individual,Michael,Estrada,1951-10-17,19cb69c6777e0ec19834e2e2d8d34a859a5c91c6a9ef8130e1ea147b7a969674,,,michael.estrada618@yahoo.com,(076) 617-0616,verified,low,12,2017-08-30T01:28:47+00:00,2023-12-06T15:12:01+00:00
1830,C7001830,individual,James,Hanna,1948-07-27,0883f62a9ef10471c23f9009a0d1067ce520522c2c7053ea63076bf1de984865,,,james.hanna309@yahoo.com,(916) 049-4172,verified,low,22,2013-05-29T23:55:34+00:00,2024-02-14T05:02:31+00:00
1831,C7001831,individual,Samuel,Garcia,1976-06-17,4f9ac7d91ab53811941801b2817dac334d04517b90018245d3276e350378be02,,,samuel.garcia33@aol.com,(893) 584-0470,verified,low,3,2008-11-22T20:25:26+00:00,2016-04-21T00:57:11+00:00
1832,C7001832,individual,Cody,Ellis,1994-01-04,72cb80e3794c28f1cab1feb54d8a1ec9035e558f8801fd1e4e783dcbec4cd985,,,cody.ellis339@aol.com,(112) 070-1805,verified,medium,10,2014-12-30T12:09:45+00:00,2017-06-08T18:32:17+00:00
1833,C7001833,individual,Derrick,Stevens,1943-04-12,2ce1c502f56cdc3b720e468ed148a7ad11a74a5fb60d99cbad21ba6c82b25b5b,,,derrick.stevens323@outlook.com,(335) 984-8086,verified,low,20,2010-08-03T20:05:28+00:00,2023-11-12T04:27:31+00:00
1834,C7001834,individual,Carrie,Ortega,1972-12-10,a2db72510c0c53291e88a57211e0aac74e85994b1e49cead22686d29e008baa6,,,carrie.ortega345@gmail.com,(210) 133-9893,verified,low,11,2013-10-08T16:15:23+00:00,2015-08-17T14:15:08+00:00
1835,C7001835,individual,Jill,Barry,1978-01-01,210d66243d5cb6a4a5aa0ce09a8a010a2251ece096a32a47e4ace3f3cead2279,,,jill.barry489@icloud.com,(140) 565-0257,verified,low,18,2021-10-31T18:57:08+00:00,2026-05-25T07:52:13+00:00
1836,C7001836,individual,Brooke,Johnston,1945-08-21,85fedd2e4291883e639f09be5c7f27260e56daf1a962eff6bc3e75de6f865a05,,,brooke.johnston581@outlook.com,(864) 883-6269,verified,low,14,2011-03-25T18:33:33+00:00,2025-06-17T00:42:50+00:00
1837,C7001837,individual,Jasmine,Mahoney,1993-09-19,9f70d99ed6d3dc71e35fe4a79be172a95f28d5e80258b1bc085ecd48835cc239,,,jasmine.mahoney271@aol.com,(915) 489-7881,verified,high,19,2010-12-24T16:05:19+00:00,2019-10-15T13:05:13+00:00
1838,C7001838,individual,Megan,Ferguson,1976-04-24,5ea320da96663d557d2a0b40d163ca146a9155b4e5e9c06f660058c63eeac70a,,,megan.ferguson718@aol.com,(886) 789-5013,verified,low,24,2019-08-01T20:22:09+00:00,2025-07-22T13:04:40+00:00
1839,C7001839,individual,Andrew,Allen,1997-02-07,5dce1250aa21f7a131cf527f2c098dd4afcdcd237f8171938060b73561eff1bd,,,andrew.allen898@aol.com,(843) 828-1404,verified,low,5,2025-12-13T23:31:37+00:00,2026-05-15T06:36:19+00:00
1840,C7001840,individual,Walter,Duncan,1954-11-26,905c6ed8174bfa21d41ad70a9765b77c41cc1935a5dd39ddc6e86d6a831a9c1d,,,walter.duncan962@gmail.com,(446) 843-2109,verified,low,15,2024-07-22T13:48:25+00:00,2025-11-22T16:24:42+00:00
1841,C7001841,individual,Monica,Duncan,1983-03-29,839ff7fa51676038aa981b288498b6214258fce90431de18cd4f2382e04851eb,,,monica.duncan34@icloud.com,(846) 761-7099,verified,low,24,2020-05-06T00:46:27+00:00,2024-10-26T01:51:49+00:00
1842,C7001842,individual,Alisha,Reed,1991-07-21,f4bdfdcdeb45f2c50d0d1fa7c3d0c92f04da85306719a53b3e80a50ae30ffa1b,,,alisha.reed907@outlook.com,(550) 004-4415,verified,low,13,2022-11-11T19:19:57+00:00,2024-02-11T10:43:30+00:00
1843,C7001843,individual,Harold,Mccall,1952-10-14,8dcb88524e22cd9e4c66b2a1fd7d7a9733f28a7c286d3302058eb0469a7f5316,,,harold.mccall697@gmail.com,(537) 013-7607,verified,low,12,2014-04-10T07:24:11+00:00,2025-04-15T13:40:58+00:00
1844,C7001844,individual,Timothy,Diaz,1972-08-16,dd800d784b3ebfc2bf1b9be2101bf97db19022591d9dc6f53f452609b4038804,,,timothy.diaz597@outlook.com,(466) 853-2414,verified,high,19,2009-07-02T00:53:41+00:00,2019-03-31T03:51:50+00:00
1845,C7001845,individual,Scott,Watson,1996-01-23,ae32343a17bf8138b10c4d6794ec3f2ea26cb3f43af0944de9e51e20d2690ee9,,,scott.watson225@yahoo.com,(924) 279-3468,verified,low,3,2020-11-22T05:28:56+00:00,2023-04-26T03:23:53+00:00
1846,C7001846,individual,Scott,Wallace,1966-08-31,8122c0aeeaca76386e18dcd5677deb41db5bb0372c9b3d7f65a1225326a7f569,,,scott.wallace440@aol.com,(710) 318-8727,verified,low,24,2009-07-05T22:03:03+00:00,2022-03-27T04:39:56+00:00
1847,C7001847,individual,Maureen,Ruiz,2006-06-13,e80b44564848114d533bd2071a3add1cf456ef059ef24d1ddbf37224b1a1d0ee,,,maureen.ruiz203@gmail.com,(216) 346-5186,rejected,low,25,2019-08-18T23:49:05+00:00,2026-03-24T16:51:36+00:00
1848,C7001848,individual,Joann,Knight,1981-04-30,f2c71d9790242011da881e6028a13455bfbdc7a128710cad5cbdc62f3dca900d,,,joann.knight495@outlook.com,(155) 226-4124,verified,low,5,2012-05-10T08:39:09+00:00,2025-07-12T17:58:30+00:00
1849,C7001849,individual,Julie,Burke,1941-05-20,ced4bfa29b2cf0c599c73f3143c9abee02f8bb2487e12400bb8fe96038da6c59,,,julie.burke857@aol.com,(847) 555-7734,verified,low,1,2016-08-25T11:56:30+00:00,2020-02-19T12:49:53+00:00
1850,C7001850,individual,Alice,Price,1974-05-12,ca9420b04f5e90ea961091ec57ed958140cff4e160f606e1f71384fc5b053b58,,,alice.price749@outlook.com,(329) 758-4562,verified,low,21,2017-02-01T13:09:34+00:00,2022-12-12T20:34:00+00:00
1851,C7001851,individual,Robert,Weeks,1967-12-14,30dfbb24eed89efb95cdabd2a397751042b20cf57ed706e8e9fb4db7faa25ba0,,,robert.weeks456@outlook.com,(588) 998-7244,verified,medium,24,2013-09-19T19:15:03+00:00,2026-07-22T21:54:48+00:00
1852,C7001852,individual,Margaret,Chapman,1944-04-06,4b10db12f4958a9f61c8ab6a7ae8e7bb67d51228fc82950658abc71d8f71b621,,,margaret.chapman855@aol.com,(202) 151-2851,verified,low,8,2020-10-18T16:44:44+00:00,2025-10-18T02:10:20+00:00
1853,C7001853,individual,Jerry,Smith,1992-02-22,5279f9c3716b9666f72a2c79f794d2301ca2c1c3f662450d140786fdc80552cb,,,jerry.smith728@gmail.com,(777) 519-0032,expired,low,3,2025-01-09T02:23:38+00:00,2026-08-10T10:10:25+00:00
1854,C7001854,individual,Sarah,Morton,1995-04-23,474d89761bdbc89f1e55a273bd754e606acc637d5b1e39f8db7bc0cf5b1b1f65,,,sarah.morton738@aol.com,(673) 058-5821,verified,low,22,2015-02-19T00:41:26+00:00,2017-03-01T17:49:53+00:00
1855,C7001855,individual,David,Rodriguez,2003-04-09,c67f30257ae58e6b49700521cae481936a7f69f2cd68cb20e71d2f0430174bec,,,david.rodriguez853@yahoo.com,(706) 707-7924,verified,low,1,2020-05-18T07:08:10+00:00,2021-10-07T09:18:43+00:00
1856,C7001856,individual,Robert,Fox,1972-04-07,85a8ba5082f600638586f768878c9a69912008df6d16c412ae8c1b8345ab306c,,,robert.fox851@gmail.com,(024) 264-5963,verified,low,15,2025-08-29T19:44:34+00:00,2026-01-09T23:55:10+00:00
1857,C7001857,individual,Jennifer,Taylor,1951-03-31,0635446b0c06c09f80e63830705d59e3e354a7129b3f222208bd2e46ffadf156,,,jennifer.taylor338@yahoo.com,(750) 271-9264,verified,low,13,2010-05-01T16:15:16+00:00,2024-05-03T11:49:16+00:00
1858,C7001858,individual,Theresa,Peck,2000-12-23,c27732378369578d04dd8fe9ac43eb8cb456e55f292232c203055312134a7405,,,theresa.peck929@gmail.com,(497) 069-5990,verified,low,1,2017-04-26T20:29:51+00:00,2019-12-03T00:59:36+00:00
1859,C7001859,individual,Gerald,Preston,1998-12-07,fcaba821c40f3267edcc33ebd40d2c7d1c6c9e414f052250ae917ac26ad965a1,,,gerald.preston924@yahoo.com,(870) 000-8222,verified,medium,18,2015-09-03T07:29:54+00:00,2023-06-12T06:39:19+00:00
1860,C7001860,individual,Ashley,Johnson,1967-11-17,c8efcd14006b039ba9bf796e4d6ccffae583808af97e3f7506432e8ffd2e4c76,,,ashley.johnson195@outlook.com,(710) 147-8247,verified,low,10,2018-06-01T01:20:22+00:00,2021-01-27T00:45:45+00:00
1861,C7001861,individual,Jessica,Diaz,1988-08-19,5c4b5169b324a05fe66af46556cbe19ab8736310e3f8851e9c00718c22eae10b,,,jessica.diaz725@aol.com,(273) 160-3502,verified,low,2,2008-04-21T09:44:03+00:00,2021-02-25T02:33:08+00:00
1862,C7001862,individual,Lisa,Strickland,1982-11-11,e5a0b944794cb7b0dd7406b2f9250387e582423f6b407930fb76e462d0cbd6f0,,,lisa.strickland594@outlook.com,(468) 667-6469,verified,low,4,2015-02-10T03:06:15+00:00,2022-07-06T06:11:16+00:00
1863,C7001863,individual,Lisa,Lee,1950-07-16,8d44188f427df975ee5b9741cdfe08ca04596df4804f125b8e33bfc5a27ca860,,,lisa.lee949@yahoo.com,(833) 762-2334,verified,low,8,2020-05-25T17:34:42+00:00,2023-11-15T20:32:48+00:00
1864,C7001864,individual,Paige,George,1998-04-02,061d5602afba64c1b875826352fbfeb995d9b9fe09a0bd8591345d01ade1c9c1,,,paige.george793@outlook.com,(624) 793-9334,verified,low,10,2011-09-11T12:56:18+00:00,2026-07-13T02:24:04+00:00
1865,C7001865,individual,Michael,Bell,1975-01-19,686b259956155d5e13dacf8202ce2a77088e2fed282d5856991c99dd86ccf00d,,,michael.bell860@yahoo.com,(875) 757-5131,verified,low,10,2020-03-21T19:36:32+00:00,2023-05-27T23:47:08+00:00
1866,C7001866,individual,Melissa,Dunn,1959-08-24,eaa451bea23672da8ad83ab35fd7396e5f88f0c4d3019a26509f20066861814d,,,melissa.dunn736@gmail.com,(264) 570-1773,verified,low,8,2020-02-13T05:49:11+00:00,2023-07-16T06:13:05+00:00
1867,C7001867,individual,Annette,Miller,1971-04-23,44de612621ebe6bbcdbaa114fb1182aacc8665767da4c92b350cce800a63c0d2,,,annette.miller917@gmail.com,(082) 627-7569,expired,low,18,2013-11-10T22:07:14+00:00,2021-02-10T00:28:27+00:00
1868,C7001868,individual,Richard,Randall,1943-10-04,20ed40419902b7f11c92092c255d514f1abec14a663511316b6227b77ad0fda0,,,richard.randall788@gmail.com,(828) 921-0758,verified,low,15,2023-06-03T12:34:04+00:00,2023-08-27T10:45:27+00:00
1869,C7001869,individual,John,Stewart,1957-03-29,0a4635777fb8738189208d09664042d62b67aa050945a91fd78d42e2da8ed279,,,john.stewart772@aol.com,(642) 206-9925,verified,low,13,2021-07-02T16:50:58+00:00,2024-07-01T11:49:06+00:00
1870,C7001870,individual,Jonathan,Roberts,1944-08-09,58d0eca510fbafceae250c8438404a19844ee102d56db2e949bb94c67204b4bf,,,jonathan.roberts359@outlook.com,(088) 534-8831,verified,low,1,2012-01-22T20:49:34+00:00,2021-09-29T01:48:14+00:00
1871,C7001871,individual,Jacob,Case,1973-05-13,87e4c20f0dc67de6d4a92dae106ce617ec295af1e791cf5396eea54e89fddff4,,,jacob.case881@gmail.com,(167) 177-1103,verified,low,10,2011-08-22T01:53:54+00:00,2014-02-22T03:48:11+00:00
1872,C7001872,individual,Jeremy,Brown,1997-03-28,07907a392ce898d7ee6f6264f3918ff5466aa6c339f650303c9818e3da251be4,,,jeremy.brown556@icloud.com,(148) 904-0113,verified,low,19,2022-02-03T10:50:51+00:00,2026-09-01T07:23:42+00:00
1873,C7001873,individual,Jennifer,Sampson,1960-08-11,b8c17fa971bb4ad7b13e3d996a92e9bf3520acf04e77a8ce49651bc89cb25e8a,,,jennifer.sampson838@icloud.com,(468) 915-8336,verified,low,21,2008-04-23T00:37:25+00:00,2018-02-20T12:03:36+00:00
1874,C7001874,individual,Jacob,Nunez,1991-04-03,3cb5ca5360169fb650ab3136bcb3ec62d483c31653939b1b06b297e7f537c6ad,,,jacob.nunez210@aol.com,(338) 265-6197,verified,medium,23,2010-12-26T12:16:12+00:00,2023-11-16T22:09:19+00:00
1875,C7001875,individual,Misty,Craig,1985-08-28,b6d202a345a609db16e6d4dd19ce4633b85574213ae8ffe9a199cc7933bc78cd,,,misty.craig334@gmail.com,(665) 748-6597,verified,low,19,2025-04-20T03:37:03+00:00,2026-06-23T16:44:53+00:00
1876,C7001876,individual,Gregory,Jimenez,1973-03-27,75bf8e881cd7ecc3b609ce5ff85f569768530827c5ca69306a5feb4f198a2b19,,,gregory.jimenez896@yahoo.com,(707) 385-4605,verified,low,2,2018-03-30T14:06:21+00:00,2019-07-27T04:27:00+00:00
1877,C7001877,individual,Brandy,Lindsey,1973-10-15,d95c5a04a7d7d51019b2ee5ba20aad82cb4c43038d3e360de03449baa6d21549,,,brandy.lindsey501@aol.com,(229) 557-6930,verified,low,15,2011-11-17T09:07:22+00:00,2020-09-15T08:55:20+00:00
1878,C7001878,individual,David,Cohen,1983-10-28,3568860e5172763cf9c36ae4990a714b262488d85f6cd76d998f716f3c4497fc,,,david.cohen489@outlook.com,(434) 491-9747,verified,low,14,2025-02-11T14:40:43+00:00,2025-04-08T08:18:53+00:00
1879,C7001879,individual,Kelly,Rice,1960-03-05,663152623f20262620408df6f7d20a1f35f55186c29d9c0d2f6cd36363f9ed2e,,,kelly.rice143@icloud.com,(343) 650-9416,expired,low,11,2017-11-09T13:57:17+00:00,2026-04-07T21:17:58+00:00
1880,C7001880,individual,Shane,Brown,1999-03-14,20d5a99cd8c9b1f453a89f6624df60d7ad776a5ac3db7cca41172092bec27b98,,,shane.brown807@yahoo.com,(717) 104-5999,verified,low,8,2021-08-21T10:57:08+00:00,2023-05-23T08:16:45+00:00
1881,C7001881,individual,Deborah,Johnson,1940-03-17,a579ed3300e28f3fdf21022cc1f19fc11126ecab9d297db2f8554809eb097815,,,deborah.johnson881@aol.com,(611) 734-1741,verified,low,3,2011-10-01T09:25:03+00:00,2018-04-01T03:11:12+00:00
1882,C7001882,individual,Kari,Reese,1943-11-30,bf7c0cb2e3f568c20ab8ae490a21e5e41e0296d96466287cf351b0978e7e58cb,,,kari.reese797@aol.com,(630) 363-3864,verified,low,7,2014-12-26T02:05:45+00:00,2017-11-07T10:50:12+00:00
1883,C7001883,individual,Jordan,Smith,1965-08-14,4220798de828e2856ee9a02a2894bae825f683876aaeee735ff602c2d02fe404,,,jordan.smith137@icloud.com,(677) 813-4145,verified,low,22,2021-05-23T02:29:51+00:00,2024-04-17T01:43:14+00:00
1884,C7001884,individual,Andre,Baker,2006-02-18,5fb6f78d12ee7ed01d683c8548bde7b0498fcd86db5819a44347997902d4c45e,,,andre.baker524@icloud.com,(184) 063-9294,verified,low,24,2022-04-29T12:33:09+00:00,2024-05-12T05:36:23+00:00
1885,C7001885,individual,Katelyn,Dawson,1989-10-05,913bb57b9ca102ace01c78ce86eee64200c5ea08cf71b12b8dc0750efc0ba925,,,katelyn.dawson190@icloud.com,(920) 509-1633,verified,low,24,2016-09-14T01:58:40+00:00,2022-06-04T15:41:53+00:00
1886,C7001886,individual,Tracy,Floyd,1945-08-13,2155a55fbf74d141d4d6e0de9019867ffc29ea4b90d76c8a8871c9fde91da2ed,,,tracy.floyd190@outlook.com,(924) 912-8300,verified,low,13,2021-12-20T07:57:09+00:00,2024-09-22T16:46:54+00:00
1887,C7001887,individual,Jacqueline,Cunningham,1955-05-26,6392bb182655e4016d7e524d879951b9f448a4e802890a90a01ed59a17bd210d,,,jacqueline.cunningham268@gmail.com,(315) 356-2872,verified,low,3,2024-06-15T12:30:14+00:00,2024-12-25T03:10:19+00:00
1888,C7001888,individual,Lisa,Davis,1951-07-18,f282192049c69e0efeffb8ac8df511204227a85d841a1126151f505c97492564,,,lisa.davis975@icloud.com,(703) 864-7322,verified,low,19,2026-03-27T16:35:08+00:00,2026-04-14T15:45:09+00:00
1889,C7001889,individual,Christian,Peterson,1945-02-10,8e9ef1c4263f8ea786647ef2e883f5d3175857b634c78ea999498135dd69a667,,,christian.peterson322@icloud.com,(287) 847-5904,verified,low,19,2011-03-14T15:08:53+00:00,2020-11-26T18:20:49+00:00
1890,C7001890,individual,Paul,Morris,1991-05-19,8f406f5be48decbbdadab1a5297ca5a1d177f07334796dd7737c816a99a6808c,,,paul.morris534@aol.com,(932) 444-8345,verified,low,6,2023-10-10T12:42:07+00:00,2025-08-30T12:44:24+00:00
1891,C7001891,individual,Sandra,Baker,1947-05-28,1ac1e05d942bef0507c313485a128c287fe1bc3fb55d3d4b79ce60dc9394e56e,,,sandra.baker763@icloud.com,(157) 066-2501,verified,medium,6,2015-03-08T00:02:54+00:00,2016-12-09T00:23:19+00:00
1892,C7001892,individual,David,Wilson,1949-12-06,8f8f371e0382485200f0a50baee004bd87104ede6c937285e0ced382abba151d,,,david.wilson585@gmail.com,(305) 682-0808,verified,low,10,2022-07-06T03:52:56+00:00,2024-05-03T00:32:38+00:00
1893,C7001893,individual,Connie,Smith,1987-09-02,d625e475e4c1aa077dcaa00a6bcc88af937661d4994f32cb27551eba30ac2695,,,connie.smith770@yahoo.com,(235) 479-1302,verified,low,6,2012-05-09T01:25:54+00:00,2017-07-26T20:47:55+00:00
1894,C7001894,individual,Sarah,Jackson,1993-10-22,2f0e6d2344cc7dc82a1903e77c6f9b65328131120719b19f1b528d3c13c77773,,,sarah.jackson2@aol.com,(240) 807-7003,verified,low,22,2009-05-29T04:46:13+00:00,2016-10-20T04:42:29+00:00
1895,C7001895,individual,Andrew,Armstrong,1981-12-22,251f4bba4a20b4a15aebf1a9d69f168d6f7a5b94b8f946cad01b85e4a0b4f0bb,,,andrew.armstrong676@outlook.com,(494) 117-1590,verified,low,21,2019-10-23T10:52:43+00:00,2025-07-18T15:26:26+00:00
1896,C7001896,individual,Andrew,Garcia,1960-03-03,a77574f167a20d42abf4e7af33231e4f290351b49106b78846564393dc0d4352,,,andrew.garcia895@yahoo.com,(848) 343-2978,verified,low,16,2018-02-11T07:32:10+00:00,2019-05-21T06:55:22+00:00
1897,C7001897,individual,Lisa,Orr,1982-01-14,4cc43469f2fb50356d268166c346f7b1a53d5da5fc929d1641daa4829277e515,,,lisa.orr704@icloud.com,(723) 405-1558,verified,low,1,2022-10-31T17:05:19+00:00,2025-03-26T12:56:44+00:00
1898,C7001898,individual,Alejandra,Mason,1994-12-12,05f7156575224c901d9fbd3204c373b81e69e14097edbaf66ec5b8e7e56d7bc2,,,alejandra.mason204@gmail.com,(919) 265-9517,verified,low,23,2014-04-19T13:38:45+00:00,2015-04-20T08:11:06+00:00
1899,C7001899,individual,Andrew,Duran,1937-10-08,c58195385d58df2580eb9f1ba043b3082c42d0165681af8745fdf34388d16cec,,,andrew.duran161@gmail.com,(801) 106-3822,verified,low,6,2013-06-04T14:59:59+00:00,2015-10-26T15:17:40+00:00
1900,C7001900,individual,Beth,Mason,1984-11-12,7d06aaee7922bf38179b3df025d545bc78213a32134644676d4a3fa8fe7f0e91,,,beth.mason4@gmail.com,(179) 154-3698,verified,medium,19,2023-08-28T21:51:00+00:00,2024-02-21T22:28:05+00:00
1901,C7001901,individual,Christina,Williams,1941-01-15,0ab4e1890d3211b3aabaecb9de5bfcd5903ced2f61998dee10edcbd29fa8b8d5,,,christina.williams253@yahoo.com,(006) 956-9819,verified,low,2,2024-06-12T16:55:59+00:00,2026-02-20T01:35:32+00:00
1902,C7001902,individual,Holly,Zimmerman,1969-06-17,bb746074952892b7341b5598141012f344ee96148b1a0431308a3e4f97108e75,,,holly.zimmerman216@aol.com,(999) 064-0810,verified,low,9,2016-12-05T23:56:59+00:00,2019-07-15T18:35:29+00:00
1903,C7001903,individual,Patrick,Lewis,1973-02-21,ebb1c682075fd257d7c7b80c7e8d9d32ca3dec4cfe8658617717961edb2173da,,,patrick.lewis672@yahoo.com,(558) 393-1856,verified,low,14,2023-03-22T01:22:19+00:00,2025-04-16T17:49:28+00:00
1904,C7001904,individual,Tracy,Frank,1946-04-18,9f2298dfcd396fae0826076aac35bb67e077fbd4bbbe56a805bf81f830be0b5d,,,tracy.frank175@gmail.com,(232) 558-8119,verified,low,16,2010-04-27T23:48:38+00:00,2011-03-05T11:38:08+00:00
1905,C7001905,individual,Jose,Mcdonald,1993-05-02,1665125a47c2d2f494be51261667206650a97b2f49931599e0ccf36882eb5501,,,jose.mcdonald11@gmail.com,(004) 259-7657,verified,low,24,2016-12-23T13:23:27+00:00,2019-06-23T17:04:37+00:00
1906,C7001906,individual,Christopher,Myers,1955-10-12,da6fa65c6ee67171efbca2742a0108e991658a62cb44e84580d2e9e1f3cd0b40,,,christopher.myers387@gmail.com,(901) 409-0544,verified,low,13,2022-06-21T13:30:04+00:00,2023-05-28T03:30:57+00:00
1907,C7001907,individual,Dawn,White,2006-05-30,8d3f99d8db657c316c0e183580d631a0307736f1c536f2a25dfaf4a141715fb4,,,dawn.white655@yahoo.com,(579) 970-6581,verified,low,18,2016-02-02T03:11:29+00:00,2025-03-18T11:57:21+00:00
1908,C7001908,individual,Jessica,Williams,1945-01-13,f6d856e0c9aa62d6ac1df2200bf2de963d5d656f2d2e2e6a807d54e897153d31,,,jessica.williams337@icloud.com,(271) 662-3935,verified,medium,24,2008-05-03T07:29:58+00:00,2015-03-16T17:31:45+00:00
1909,C7001909,individual,James,Mcguire,1968-08-01,b24c8c6b45ee0bef9ed053b2621c04dabe510bb0a2611c731f74bc2f32a478ef,,,james.mcguire323@yahoo.com,(427) 018-2332,verified,low,15,2015-06-03T14:12:15+00:00,2022-09-28T09:46:39+00:00
1910,C7001910,individual,James,Rodriguez,1973-11-14,6d98ca17f65fa6028eecb115e207a63f313578fd6d758f58f7432ff20c47c69a,,,james.rodriguez715@icloud.com,(336) 492-1529,verified,low,25,2012-06-15T00:43:04+00:00,2021-10-12T10:24:03+00:00
1911,C7001911,individual,Andrea,Harrington,1941-01-06,33f84668770854cccd114f219c54710f97e6c36de5598d92da4bed38291b0828,,,andrea.harrington856@outlook.com,(821) 557-4125,verified,low,16,2012-09-15T07:14:05+00:00,2017-04-27T04:35:05+00:00
1912,C7001912,individual,Brittany,Torres,2008-04-14,c2b43baa062b4514611e3d37ff5e39e521417614d14320120b1b8be926d3f09b,,,brittany.torres374@icloud.com,(576) 696-2536,verified,medium,10,2016-07-03T05:13:54+00:00,2019-12-11T04:34:06+00:00
1913,C7001913,individual,Lisa,Griffith,1949-12-28,58993e15285185d368a1565fedfcd12c7eaeca607bef3dff737b8245069eac52,,,lisa.griffith926@aol.com,(022) 422-3716,verified,low,19,2011-10-23T20:54:18+00:00,2012-07-28T16:35:41+00:00
1914,C7001914,individual,Kristina,Luna,1944-05-11,9cc39228cda135b863e933860827516ffe80c3453dd65440953bdb71ab213c8a,,,kristina.luna825@gmail.com,(310) 109-1046,verified,medium,6,2016-10-12T15:08:13+00:00,2021-10-13T03:22:28+00:00
1915,C7001915,individual,Christopher,Gonzalez,1997-07-02,6e8bc24196e28cefb929d8c8bfe497e12b6591de1eac6035c3fcd14b513b470c,,,christopher.gonzalez122@gmail.com,(722) 783-9290,verified,low,3,2015-08-08T22:04:07+00:00,2025-02-27T01:05:02+00:00
1916,C7001916,individual,Michael,Kennedy,1966-01-18,165b713fd62b13e4b633e6434dbdad0db99941565996be9bb2743c83ba2e5ed7,,,michael.kennedy567@yahoo.com,(959) 289-1463,verified,low,3,2020-11-12T23:56:47+00:00,2024-04-21T18:39:21+00:00
1917,C7001917,individual,Erika,Walters,1994-05-29,79705c2c9aebe8e759b559a5fae39c27847401fc33c6f328a2c19cb56ddfb45d,,,erika.walters713@outlook.com,(484) 856-9445,verified,low,25,2019-10-30T10:49:00+00:00,2023-09-10T23:33:38+00:00
1918,C7001918,individual,Nicolas,Brown,1942-04-15,ffe6738e658e149d23a6d5b1f6cd694a7cb2deca894c427255c407db09898269,,,nicolas.brown23@icloud.com,(914) 382-7646,verified,low,16,2013-12-12T06:07:55+00:00,2019-07-05T15:17:17+00:00
1919,C7001919,individual,Kimberly,Huff,1969-01-27,f7b212d604d1baed34fc009a47a09909f24ee4edb5f29b00a4e3cb0ae5001ee4,,,kimberly.huff379@icloud.com,(067) 730-9780,verified,low,15,2021-10-31T18:19:12+00:00,2022-12-31T21:14:50+00:00
1920,C7001920,individual,Mary,Clark,2002-12-01,91aa1710d5efecfb41f5b5a4383565380c1993b2042600978690a73e632acf41,,,mary.clark812@outlook.com,(739) 848-5505,verified,low,25,2017-04-30T08:35:57+00:00,2026-01-04T18:24:29+00:00
1921,C7001921,individual,Kayla,Walters,1949-02-28,feb69adc93a105f9acca836437b5d4a44404cf5c371eeef1cf05657a41ff5af5,,,kayla.walters492@yahoo.com,(627) 243-8144,verified,low,21,2022-10-09T10:25:32+00:00,2024-05-20T13:43:25+00:00
1922,C7001922,individual,Jose,Nguyen,1961-06-01,e74f929847c1f645702584b5d9fdc8b4bc46a0241d6675a4ec4de5bc0506732b,,,jose.nguyen763@yahoo.com,(222) 198-8481,verified,low,20,2023-07-24T11:11:37+00:00,2025-10-27T01:56:28+00:00
1923,C7001923,individual,Gabriela,Smith,1938-03-27,d4fe9d924c14c41e7cf63995218f0157d7e57e106cf2ea7ca0b3d4924db8012d,,,gabriela.smith359@icloud.com,(773) 549-6259,expired,medium,6,2012-10-07T03:25:10+00:00,2013-08-03T07:36:38+00:00
1924,C7001924,individual,James,Daniel,1965-05-02,63bc1b2b7288fe037299b508308abb40b4b501cd3dc93697c2fc01770c6764ed,,,james.daniel449@gmail.com,(706) 756-4403,verified,high,1,2014-07-11T20:52:56+00:00,2025-04-12T03:42:12+00:00
1925,C7001925,individual,Troy,Smith,1998-11-09,d1b667c1a6d1ae6e09fa1d674b194480e4132ba907ae318c4c6b329b70d237a9,,,troy.smith714@icloud.com,(321) 685-5502,verified,low,6,2024-03-09T13:14:58+00:00,2026-01-06T20:58:15+00:00
1926,C7001926,individual,Julian,Lane,1951-11-17,66df857bd3df676cd2dd6d92d410aff80da7573f3ea9892f32a8605328da50b1,,,julian.lane36@yahoo.com,(288) 668-9801,verified,low,15,2025-04-16T21:15:29+00:00,2025-09-27T09:01:30+00:00
1927,C7001927,individual,Jason,Forbes,1945-01-20,48611a60c4a80c15fc619a33fd68d510abb97a9676ff8aa69c2480d569e5df2d,,,jason.forbes827@icloud.com,(163) 707-2742,verified,high,13,2015-10-04T12:39:23+00:00,2021-05-18T06:30:22+00:00
1928,C7001928,individual,Michael,Harper,1990-05-08,32b2f37c00f6fcdda681e6f127f852e8fef2854187608f781fd002507b6bb26a,,,michael.harper933@gmail.com,(248) 784-0414,verified,low,13,2008-08-10T03:42:08+00:00,2009-02-21T10:54:30+00:00
1929,C7001929,individual,Brittany,Donovan,1951-11-23,f40d6e2cbabb5ca3af1d09c8c8ba09d415d78d91af166081c66c97bafb7a5a0c,,,brittany.donovan672@gmail.com,(901) 688-4047,expired,low,10,2016-01-26T20:09:20+00:00,2023-11-29T22:11:06+00:00
1930,C7001930,individual,Katie,Wu,1959-03-03,d58d7f40a088004b31af375cc01ea52609387125826140a6a3304a3bd102b772,,,katie.wu764@icloud.com,(677) 416-5374,verified,medium,18,2012-02-23T04:51:31+00:00,2018-12-11T21:25:39+00:00
1931,C7001931,individual,Janice,Davis,1966-06-21,16fa1a6016a5f9ace19de51ad3a810d9c5d7c15a556b20b4ddfefabcb5c56d9b,,,janice.davis878@aol.com,(952) 417-1687,verified,low,15,2010-02-22T14:10:26+00:00,2025-04-11T16:03:25+00:00
1932,C7001932,individual,Gabriel,Bradshaw,2004-01-31,65090eea705fa6c2c39856685908adb03c5ec21862be6b5dd18a23367cfea296,,,gabriel.bradshaw375@icloud.com,(149) 141-0112,verified,low,23,2008-03-16T09:07:29+00:00,2026-01-22T11:40:42+00:00
1933,C7001933,individual,Brianna,Shepherd,2000-08-22,689fc91f95c9e65c8409a5377801fcdbfda28ef86407cf8d2aeb2e982c843a96,,,brianna.shepherd601@aol.com,(802) 124-5824,verified,low,23,2010-05-07T19:24:46+00:00,2026-03-11T08:32:14+00:00
1934,C7001934,individual,Keith,Rivera,1950-05-26,e489dc5849eae667b05cb65a53379d9ccb0f283b32c8ce8a86358b1e34d7982a,,,keith.rivera192@outlook.com,(702) 691-5466,verified,low,22,2015-12-27T02:17:22+00:00,2016-08-29T20:55:40+00:00
1935,C7001935,individual,Haley,Best,1988-10-18,2f9a35b3d88a5c3fba9d429953d789103633790281ff7b28e27fad250c8a049f,,,haley.best466@yahoo.com,(980) 284-4027,verified,low,6,2012-01-15T01:04:35+00:00,2024-10-16T08:05:25+00:00
1936,C7001936,individual,Stephen,Brown,1958-01-21,51fcb0d959f0fff1f85bfb7206cde5ab6fb974f2ac2860c8eea58a9744d696d3,,,stephen.brown407@outlook.com,(537) 926-0608,verified,low,3,2025-05-20T16:49:34+00:00,2025-06-27T10:01:19+00:00
1937,C7001937,individual,Laura,Taylor,1956-10-05,b014db4f3d25289daf11f720e30d827bf1825679a2f784a6a8e2642c91b80d9d,,,laura.taylor110@outlook.com,(530) 922-2212,verified,low,1,2021-09-28T16:44:56+00:00,2022-04-13T12:47:04+00:00
1938,C7001938,individual,Troy,Perez,1956-02-13,63764afc3f2e1a7e44327526037a3cb8268e8bf26d3aa360b51343d7b49576c1,,,troy.perez745@gmail.com,(608) 388-1489,verified,low,22,2018-04-07T05:57:49+00:00,2025-10-31T00:21:51+00:00
1939,C7001939,individual,Brandon,Mann,1992-02-13,19e7a66c7da70d2f8a9004a10032f27a5b296a03970dca34c8800ba68f29738b,,,brandon.mann338@aol.com,(213) 375-2145,verified,low,1,2022-12-12T12:30:16+00:00,2023-05-28T04:22:49+00:00
1940,C7001940,individual,Tiffany,Larsen,1997-11-02,78ebb66f48affd6b7bba31253f7f3f45991b44a7a0b5d782c2cda90bf45d75de,,,tiffany.larsen605@gmail.com,(006) 083-0773,verified,low,20,2021-05-10T20:32:24+00:00,2026-07-09T05:44:50+00:00
1941,C7001941,individual,Jeffrey,Lewis,1992-02-08,8ab683e57a87f38a0fe1934fd08d8d9fe2ec9b5c151f2e790fc517c362460545,,,jeffrey.lewis986@icloud.com,(023) 894-0569,verified,low,14,2024-11-30T05:38:31+00:00,2026-04-27T12:31:32+00:00
1942,C7001942,individual,Rachael,Griffin,1941-08-02,6855515b016acf1bce4d092307fa52145c6306a56c66dc79ae9aa712e7131048,,,rachael.griffin599@outlook.com,(011) 755-5677,verified,low,9,2023-04-07T16:00:22+00:00,2026-03-13T17:57:38+00:00
1943,C7001943,individual,Jenna,Avery,1987-07-01,a0108087bb97843bd99e6ae78b3a3c8cdfe481bf123f71cc31dc3f794da8dc8d,,,jenna.avery778@icloud.com,(788) 030-2492,verified,low,4,2017-03-08T02:29:02+00:00,2021-11-13T12:11:34+00:00
1944,C7001944,individual,Kimberly,Mann,1993-10-26,514d13cc80660c34150066d30dc85a0d51a6b3e5153fa672cb6d1bb3076146db,,,kimberly.mann665@gmail.com,(393) 038-0354,verified,low,10,2018-07-24T14:40:01+00:00,2021-06-07T12:02:52+00:00
1945,C7001945,individual,Martha,Fox,1981-11-19,77a587e941daf1753630eb9d6b38c8a26b3c5ab16bac6b1249d7b89fa6c624fd,,,martha.fox940@icloud.com,(839) 863-9106,expired,low,19,2024-07-22T22:47:13+00:00,2024-10-05T09:50:56+00:00
1946,C7001946,individual,Amanda,Russell,1999-09-25,cbb3ff1d77f98996adb752b663461daefe9c274d8200c8e2772a4a5efd3af68f,,,amanda.russell14@outlook.com,(491) 185-1015,verified,low,25,2018-01-31T11:25:19+00:00,2019-10-25T00:00:59+00:00
1947,C7001947,individual,Matthew,Turner,1998-05-19,1126fe23f016393e5258ab54be5959e751fd0244c9b6187f00155beb9e24464a,,,matthew.turner951@aol.com,(272) 752-1527,verified,low,19,2017-07-18T06:24:16+00:00,2019-02-15T00:51:40+00:00
1948,C7001948,individual,Scott,Diaz,1979-02-07,023b8db67a16946d8e8cd7e53f0933e3f7970e065d9fbf5ba89a62752903b899,,,scott.diaz552@yahoo.com,(771) 984-6053,verified,low,14,2020-10-04T01:22:58+00:00,2021-10-18T09:12:01+00:00
1949,C7001949,individual,Kelly,Rowland,1993-09-20,1ee0580bbdfe84bcfd8fd48c371de635914f4c9011b963b6aa0aa1697b5662e1,,,kelly.rowland165@yahoo.com,(917) 736-0539,verified,medium,2,2023-06-24T03:17:35+00:00,2023-07-15T04:47:03+00:00
1950,C7001950,individual,Natalie,Braun,1974-07-15,9772b9c856e692c12574c30073c618f711099c331d5e87ebc843eedc7f51c374,,,natalie.braun466@yahoo.com,(637) 419-8703,verified,low,9,2020-03-29T20:34:21+00:00,2024-07-26T04:43:57+00:00
1951,C7001951,individual,Jonathan,Carter,1963-12-09,6e0692c7e3d52945ab3df937f38aa7f31e0a310eb77a805db1c20511a6829af1,,,jonathan.carter847@aol.com,(544) 727-8792,verified,low,4,2025-08-09T00:20:27+00:00,2026-05-07T17:50:47+00:00
1952,C7001952,individual,Erin,Bennett,1953-04-03,7ccbf8504e0123d4e61069a219004b8b038b69e39aeb6327aeb50f8a3a9bafca,,,erin.bennett82@gmail.com,(823) 761-8259,verified,low,4,2021-12-03T07:48:06+00:00,2024-07-27T14:46:51+00:00
1953,C7001953,individual,Christopher,Martin,1966-07-17,a0638d5dd89a511dc3c081b627881ed7f8044a83c457ea37d3edabaa6b859fba,,,christopher.martin228@yahoo.com,(815) 671-0262,verified,medium,22,2022-07-26T04:35:53+00:00,2025-09-03T08:34:19+00:00
1954,C7001954,individual,Bradley,Sanchez,1941-01-12,d9c985befc69d044c514258d26f1e5b4fdd559b758313f42ad54703b6d12c816,,,bradley.sanchez371@icloud.com,(828) 124-7966,verified,low,9,2022-04-09T15:31:33+00:00,2022-06-26T14:14:42+00:00
1955,C7001955,individual,Victoria,Bell,1952-11-09,1dea34c6e8239a0452e9b8e6780ce6bfc26c6f1bdd2abdcb8f00246d8daab210,,,victoria.bell236@aol.com,(848) 141-9679,verified,low,18,2012-03-18T15:31:35+00:00,2022-07-16T11:49:10+00:00
1956,C7001956,individual,Michael,Clarke,1961-07-31,a462489fad604f102bd9c216b2839a70e77a7419cd0c374d234567d2b879d82b,,,michael.clarke791@aol.com,(405) 684-5934,verified,low,20,2024-09-07T11:01:11+00:00,2026-01-14T22:59:53+00:00
1957,C7001957,individual,Tammy,Morgan,1993-06-28,5f51eed7548fb2a813b75d8cb1594d5ab7e0dd2d7cb1ec2d8128b4e8c7892058,,,tammy.morgan655@gmail.com,(502) 259-3122,verified,low,22,2017-10-02T12:57:35+00:00,2026-06-27T12:44:21+00:00
1958,C7001958,individual,Ronnie,Rasmussen,1948-04-09,4b39cf2c61194c20c0175a9330bac3de7a07e2a3171b2e785fd3b3ceaf496358,,,ronnie.rasmussen807@icloud.com,(778) 390-7516,verified,low,18,2017-08-20T03:56:38+00:00,2021-05-26T19:38:23+00:00
1959,C7001959,individual,Heather,Huff,2005-11-03,770ad24c84312c6186a8264cb8ecf9557ed71387eab4ba81cab72895ef6fbbb8,,,heather.huff976@outlook.com,(722) 917-6480,verified,medium,8,2014-03-20T02:08:24+00:00,2014-11-11T03:50:26+00:00
1960,C7001960,individual,Cheryl,Reyes,1939-02-06,0ceba146aa52c0d75a753157b4e778117379f55b9f6a6bd7fb332b83d128aef5,,,cheryl.reyes967@aol.com,(848) 414-9228,verified,medium,20,2024-05-16T05:14:43+00:00,2025-12-20T21:30:44+00:00
1961,C7001961,individual,Natalie,Braun,1982-10-17,73d79b271ae04c929828d0791b25fc2f132ed390fa9feee2b9dcdbd7b4617884,,,natalie.braun837@icloud.com,(938) 058-4607,verified,low,18,2009-10-21T12:21:33+00:00,2019-11-22T22:34:02+00:00
1962,C7001962,individual,Sarah,Jones,2006-06-27,bcfe8412a03f278abab9e48408ba2ca9725ad9bf63cc1ae558897e05d8d56c2f,,,sarah.jones648@gmail.com,(456) 314-7961,verified,low,4,2018-06-22T11:20:11+00:00,2018-07-16T08:30:11+00:00
1963,C7001963,individual,Thomas,Burke,1971-08-02,3a8efc4301377ecae28f877e0a9ef7577e182c75e8aee3c306f06df3cd1a7ee1,,,thomas.burke982@icloud.com,(816) 680-9651,verified,low,20,2024-03-31T09:06:03+00:00,2025-12-28T15:22:08+00:00
1964,C7001964,individual,Christopher,Bowman,2008-04-23,d734d2485ef2864196c6d95a9002e367f1b8b81a1b5c4a6eaae5f13628c275c6,,,christopher.bowman211@yahoo.com,(457) 477-0608,verified,low,9,2009-03-08T21:56:08+00:00,2025-10-02T14:07:47+00:00
1965,C7001965,individual,Kyle,Mccann,1942-10-06,54dd46b7f2abcaf42a4e5e21f31b0930a81a4aa6e864ca435855c63978cd28dc,,,kyle.mccann212@gmail.com,(652) 770-1562,verified,low,2,2017-11-10T20:38:02+00:00,2024-02-23T03:46:23+00:00
1966,C7001966,individual,John,Garcia,1988-10-12,a99581ab9bdb0a2b01416ff4490b51b4f4a2d65dbeba8fb91340a3bfee0236e0,,,john.garcia611@gmail.com,(606) 649-3237,verified,low,20,2009-07-31T17:53:26+00:00,2014-02-10T04:52:09+00:00
1967,C7001967,individual,Justin,Nguyen,1978-10-06,72ca1c0e45d38ecbbb61d189de1786e75b503927e47968bb4f28d164c8a3f94f,,,justin.nguyen297@yahoo.com,(206) 665-3479,verified,low,6,2016-07-07T13:37:28+00:00,2020-11-01T19:02:27+00:00
1968,C7001968,individual,Raymond,Sweeney,1970-11-06,313f05bbbd6a4c2c4800d6648ad88d48d8e3966fec039742710f253043189061,,,raymond.sweeney911@icloud.com,(864) 499-1627,verified,low,25,2014-01-15T12:15:08+00:00,2018-02-07T00:03:17+00:00
1969,C7001969,individual,Michelle,Mcgee,2002-03-14,33cfc800ad0e9878e61686a8ab889803e77355d340c65998bc498e17095efaaa,,,michelle.mcgee989@gmail.com,(429) 338-0107,verified,low,23,2025-07-23T03:14:28+00:00,2025-12-31T19:36:47+00:00
1970,C7001970,individual,Dave,Paul,1938-05-28,43d347320bc31af271db5114612d85b8953463a8ab176ed4151033de16cdba45,,,dave.paul342@icloud.com,(312) 331-5349,expired,low,15,2011-04-06T21:22:08+00:00,2015-03-20T21:23:15+00:00
1971,C7001971,individual,Jessica,Ortiz,1965-01-10,055183dcd4fca2e47b37fefe95d3b843d33d1a5e376a766ac6644472f65bbf95,,,jessica.ortiz223@gmail.com,(823) 973-2786,verified,low,13,2023-07-06T09:41:20+00:00,2024-10-10T23:42:03+00:00
1972,C7001972,individual,Donald,Sandoval,1985-05-09,d0d4213858b4e1bbd427989da4a21f2d856f01ff3f5332614c90b36f2ac1af5e,,,donald.sandoval868@gmail.com,(149) 952-5359,expired,medium,24,2024-02-16T18:13:55+00:00,2026-04-23T07:54:05+00:00
1973,C7001973,individual,Elizabeth,Smith,1969-10-27,6753e19aa4042ea44cb6d32412a667ecc83de9f55e1e46c794493154043f2f8e,,,elizabeth.smith426@outlook.com,(604) 212-1004,verified,medium,21,2026-06-01T16:29:37+00:00,2026-07-26T07:50:04+00:00
1974,C7001974,individual,Erica,Rivera,1968-07-02,1a1aa7c1a992a91497fb5838ca911ff3d4821b285bb820a6f3828ceed38f4a6b,,,erica.rivera599@gmail.com,(622) 290-5441,verified,low,20,2014-03-15T12:09:46+00:00,2026-07-19T10:07:28+00:00
1975,C7001975,individual,Zachary,Vasquez,1988-06-27,aee112b0d6ff4556f792ec75151e189c2fc6bfcbe7ea9303e59c2f89d8ccbbfa,,,zachary.vasquez254@yahoo.com,(838) 951-7520,verified,low,20,2008-03-05T01:57:38+00:00,2023-06-27T15:38:51+00:00
1976,C7001976,individual,Lori,Farmer,1949-03-06,65bf5e7ad0ac4c59b6ef040a004527c221c837004b8ff802f0774fb37b825071,,,lori.farmer295@gmail.com,(063) 483-7323,verified,low,19,2016-01-20T23:07:11+00:00,2021-03-13T20:55:47+00:00
1977,C7001977,individual,Tiffany,Singh,2001-07-27,27c375fd186ea7bb8829a6d9a3b574e5175c2a4233fa822f70c33ceff9d167fc,,,tiffany.singh345@aol.com,(520) 397-1010,verified,low,12,2016-10-06T16:14:26+00:00,2018-04-24T02:26:04+00:00
1978,C7001978,individual,Allison,Castillo,2005-08-30,5b181232381fcd9187acb14e961cf9932404dc64dba8563dfd2cbe8a531a8e3a,,,allison.castillo182@aol.com,(865) 584-2252,verified,medium,24,2022-03-25T20:41:40+00:00,2025-10-25T04:01:05+00:00
1979,C7001979,individual,Kathryn,Thompson,1967-11-10,14d7e72ae2fd5b146df260abe2eb1a8710f2f0d08482f2a35df91d9586ec099d,,,kathryn.thompson318@icloud.com,(523) 814-9871,verified,low,23,2025-06-25T14:31:10+00:00,2025-10-29T10:17:39+00:00
1980,C7001980,individual,Jeffery,Owens,1982-07-31,f18655d6744041c647b640329ac3d77ad69d7d4044e3d8a75c6ead9e8d2074d2,,,jeffery.owens492@outlook.com,(763) 065-8582,verified,low,19,2017-10-03T06:58:15+00:00,2020-07-16T16:00:21+00:00
1981,C7001981,individual,Malik,Rose,1945-01-12,7637751f6334016a2efc49d1d2e622d145913cd9abe0e62c372bc82ada701d76,,,malik.rose912@icloud.com,(429) 836-8761,verified,low,19,2008-01-11T05:05:07+00:00,2017-03-23T04:38:45+00:00
1982,C7001982,individual,Linda,Williams,2003-10-26,c771c6d49d83e5641e782de68e98cac45996c918229efc3a759585fa205760f3,,,linda.williams303@icloud.com,(818) 869-6115,verified,low,22,2011-08-05T10:36:19+00:00,2015-04-05T09:21:47+00:00
1983,C7001983,individual,William,May,1963-01-05,864709c2c7324188e775bed05c45377be1dd56442522e0a24db07189990803a5,,,william.may813@icloud.com,(420) 605-1169,verified,medium,5,2018-09-12T08:29:09+00:00,2020-01-24T16:04:25+00:00
1984,C7001984,individual,Kimberly,Martinez,2005-03-09,afab33f1dc63952b238248ce908bac43aed5bb9d54370e04a008ba993abb6509,,,kimberly.martinez931@gmail.com,(212) 303-4899,verified,low,11,2010-02-19T14:34:57+00:00,2012-04-20T17:33:23+00:00
1985,C7001985,individual,Mary,Foster,1992-06-16,277aff0688f1c678988e2c2f29d6b956ab39da9c39f09fda111253f8ab7e9859,,,mary.foster994@icloud.com,(186) 701-9878,verified,low,8,2025-08-06T22:45:01+00:00,2026-03-30T15:04:23+00:00
1986,C7001986,individual,Edgar,Carter,1969-03-13,f9a44cf627305049ef6fd3662d5c8bee5ad293cbb525419f0726400dba389558,,,edgar.carter452@aol.com,(997) 341-3505,verified,low,21,2015-03-17T15:06:11+00:00,2021-03-30T02:40:09+00:00
1987,C7001987,individual,Amy,Rodriguez,1943-12-26,4ee395b802fa849a6a76638c543a4f0303af3854f664140bd5c119b18d09d91c,,,amy.rodriguez983@outlook.com,(394) 807-2078,verified,low,9,2022-10-28T13:43:48+00:00,2025-12-01T07:58:59+00:00
1988,C7001988,individual,Adam,Davis,2007-07-23,e749841fbf2ca29bbc36f45f1c6b50febebf1f907e71e4f8d526a662cb034806,,,adam.davis162@gmail.com,(672) 527-9344,verified,low,22,2016-12-16T10:22:26+00:00,2021-12-01T05:27:29+00:00
1989,C7001989,individual,Joshua,Gonzalez,1989-04-16,c2e977c440c86442497ce08da015aec3651b77a17a3a8933d42911ec4c280c82,,,joshua.gonzalez130@yahoo.com,(842) 575-4237,verified,low,8,2018-12-26T02:05:58+00:00,2019-04-19T14:03:38+00:00
1990,C7001990,individual,Mary,Curtis,1990-11-19,0af52cc28f83104edf7d0faa0eee0ea3398a9443b6b24fdd305e7819cc1aaabc,,,mary.curtis331@aol.com,(225) 350-2277,verified,low,2,2013-12-20T12:17:03+00:00,2016-10-29T18:07:17+00:00
1991,C7001991,individual,Nichole,Joseph,1989-06-08,6399f06ad0f9be9bf906c1d895ac86160b94ee1b7ee3c6af482d721c28594026,,,nichole.joseph243@yahoo.com,(212) 004-0234,verified,low,11,2022-05-12T05:41:45+00:00,2025-10-25T06:54:46+00:00
1992,C7001992,individual,Brian,Davis,1984-10-27,a6d01100de920592a022e7f1cd0eed3ca6f4ef9078d3db0f94575f39584975b7,,,brian.davis939@gmail.com,(836) 669-4365,verified,low,13,2021-07-14T16:45:30+00:00,2024-06-10T19:45:22+00:00
1993,C7001993,individual,John,Martin,1965-05-29,fd7799dfc66062391f558183f9dd2f23d63d27a5e22a904a7b805118d2e81911,,,john.martin603@icloud.com,(759) 428-3188,verified,low,2,2023-10-16T15:07:21+00:00,2025-06-30T15:38:47+00:00
1994,C7001994,individual,William,Phillips,1994-01-28,c6f0e10da9cbcbe479752710ecc1852109b18d5296bbfd84c7ce45d40cfa085f,,,william.phillips703@outlook.com,(549) 114-0654,expired,low,2,2025-03-27T15:30:18+00:00,2025-10-11T15:16:29+00:00
1995,C7001995,individual,Kevin,Burke,1967-09-08,d3cbe343523e22fd01190e20f4d4e5895ef8022edda952650b52a5c486971aab,,,kevin.burke973@yahoo.com,(582) 230-9476,verified,low,24,2019-05-07T06:46:07+00:00,2020-06-08T11:09:56+00:00
1996,C7001996,individual,Amy,Robinson,1992-08-29,8296e6a5fdc0458c2113510e77316bed5b562e84d931a09c76ddc99b4374e898,,,amy.robinson599@aol.com,(146) 796-9389,verified,low,7,2009-04-03T05:54:22+00:00,2025-12-24T00:06:59+00:00
1997,C7001997,individual,Erik,Williams,2004-01-26,c139d40313b9eb5164b700db2f0ef5b21cb1b5554d5fcda8b691d797b7fef3d0,,,erik.williams8@icloud.com,(168) 674-4786,verified,low,10,2026-03-16T14:57:49+00:00,2026-05-15T15:11:53+00:00
1998,C7001998,individual,Sheri,Caldwell,1973-07-15,c6055931de895172e4a5e27aa793c1acbcd34226073f7bbd1bdcd53a58169da8,,,sheri.caldwell35@icloud.com,(015) 398-7405,verified,low,12,2012-01-08T13:59:37+00:00,2026-05-04T20:30:40+00:00
1999,C7001999,individual,David,Shannon,1959-10-04,5c4b5ea1ede2627f8d5e8606c03fe0d0cfbf4695a046cd7ad859e2e22f2be6d0,,,david.shannon249@aol.com,(122) 858-9370,verified,low,19,2017-11-29T02:49:01+00:00,2018-02-27T13:43:36+00:00
2000,C7002000,individual,Brandi,White,1966-04-09,b0329e6af5dfab27010b21dc9d285666933ae98f6ff3b33fb3b4e7674e685d8e,,,brandi.white491@yahoo.com,(128) 549-9726,verified,low,4,2013-09-30T22:01:20+00:00,2025-04-02T06:00:22+00:00
2001,C7002001,individual,David,Lane,1996-05-03,50b636fc786e7a724c1846e3f621d60ac28831e803cf15a70f6d3f1614c16c09,,,david.lane798@aol.com,(035) 406-4282,verified,medium,14,2020-09-01T01:55:04+00:00,2023-03-26T22:38:52+00:00
2002,C7002002,individual,Robert,Church,2005-04-03,8953b98fce7ee648162d956945a042eaf7f7ae176b4a6e6cdc1c94536ff83501,,,robert.church298@gmail.com,(412) 123-4960,verified,low,11,2016-04-27T01:39:32+00:00,2019-08-20T10:35:15+00:00
2003,C7002003,individual,Patrick,Rodriguez,1997-10-20,f83b0015aee50bdac7457b8c7b175208a6e1e7bb305462a50e33ff2d874e8f20,,,patrick.rodriguez667@aol.com,(870) 571-6298,verified,low,19,2020-10-04T18:40:01+00:00,2024-01-12T04:33:46+00:00
2004,C7002004,individual,Angela,Hodges,1969-12-31,ee979ef19177416d44ffecd66683aff78636f193b69caa9a96ef683c23d6160e,,,angela.hodges17@outlook.com,(895) 324-9753,verified,low,4,2017-10-03T16:38:33+00:00,2018-04-15T20:43:30+00:00
2005,C7002005,individual,Sarah,Singh,2007-08-13,c3ee3dc61e70fb4119f9529dceefde02fcfbd585c2fd59875f4ef2b271d02a7b,,,sarah.singh89@outlook.com,(742) 368-3780,verified,low,4,2015-12-08T09:18:03+00:00,2022-09-24T06:55:37+00:00
2006,C7002006,individual,Kara,Clark,1951-07-29,865fc977911575e43d3cb98a88d822e6e6e0720019aae493b4e981926a439fdb,,,kara.clark566@outlook.com,(139) 222-3042,verified,low,11,2008-10-07T11:45:00+00:00,2020-04-10T05:29:05+00:00
2007,C7002007,individual,Jill,Harper,1943-06-19,95e76fe8798551cf7524e72aeebda0509525b03833782c6ca250546eae8c15d7,,,jill.harper357@aol.com,(992) 920-1337,verified,medium,22,2019-07-25T05:27:23+00:00,2026-02-26T08:46:33+00:00
2008,C7002008,individual,Jennifer,Kennedy,1958-10-17,bc083ff23d75cb669a10029921b406b58789b3ecb5530a2acb43fb59d7600370,,,jennifer.kennedy497@gmail.com,(139) 282-3696,verified,low,4,2022-04-18T03:05:06+00:00,2023-04-10T18:14:29+00:00
2009,C7002009,individual,Anna,Rivas,2002-11-23,8a33b57780dc6584c76ff1653f2f135cd488a5dba305a305cc18e8d626ed12a0,,,anna.rivas748@gmail.com,(361) 404-7619,verified,low,2,2020-06-09T23:31:15+00:00,2021-10-09T01:32:35+00:00
2010,C7002010,individual,Lauren,English,1978-10-20,49bd2d27d2eb0bcc6c23a5df048efd4f5aab6245eb2bc9760b595e99721898a8,,,lauren.english757@icloud.com,(319) 789-5893,verified,low,4,2008-03-10T08:42:07+00:00,2018-12-07T05:02:49+00:00
2011,C7002011,individual,Donald,Jacobson,1998-01-13,a20e9d17b6ad03c8860b3ecc8cff9261af734c57fd99f8d05cc49857041c0621,,,donald.jacobson879@aol.com,(747) 830-1944,verified,low,8,2009-11-25T22:07:50+00:00,2020-01-16T17:16:37+00:00
2012,C7002012,individual,Katherine,Davis,1972-12-08,a18b3ce5309173f06ee4bd7b631787150bd314559f825ef1be3a949678e3c146,,,katherine.davis115@yahoo.com,(477) 023-9283,verified,medium,8,2026-06-13T08:53:42+00:00,2026-07-05T14:29:22+00:00
2013,C7002013,individual,James,Brown,1964-06-17,29913cc257e3971c6196e0ee793779fea2aaf4dbf8d6b612455373a835352352,,,james.brown664@aol.com,(844) 187-7689,verified,low,20,2008-09-08T08:02:07+00:00,2016-10-30T02:07:52+00:00
2014,C7002014,individual,Courtney,Brown,1944-05-13,d5d0e55d442042b3e957db2b8dc95a7f24952cb743fd14290b49b28f8b15bec4,,,courtney.brown272@outlook.com,(410) 082-5923,verified,low,3,2015-02-03T13:42:39+00:00,2025-07-10T17:28:30+00:00
2015,C7002015,individual,Edwin,Bauer,1973-08-01,f60fe71a781a18c8d8467694c06158400046d3e6e9c4194b9824407d9ba8f9f8,,,edwin.bauer147@aol.com,(049) 605-4690,verified,medium,22,2020-08-23T09:46:02+00:00,2023-03-01T06:56:06+00:00
2016,C7002016,individual,Alexandra,Alexander,1976-04-13,de55670dcf80b90c4bb43d3df7da8551b5da07a19ac764fd5398eac510314775,,,alexandra.alexander497@icloud.com,(263) 228-4413,verified,low,18,2018-05-03T15:53:42+00:00,2023-05-25T04:47:55+00:00
2017,C7002017,individual,Thomas,Johnson,1954-09-04,161f747494d36ea0c3b3784022f54da46786bc9f71c53ea5768094f3197623ef,,,thomas.johnson289@gmail.com,(823) 506-2741,verified,low,16,2020-06-02T16:40:19+00:00,2022-01-26T01:03:54+00:00
2018,C7002018,individual,Joshua,Stokes,1959-05-05,fe766442670a7ddb8d72c6fd41b9501a0a348beaf5b985c450df62db3b7c32ee,,,joshua.stokes203@yahoo.com,(892) 455-7464,verified,low,19,2014-07-19T07:28:09+00:00,2019-10-15T06:31:25+00:00
2019,C7002019,individual,Mary,Alvarado,1989-10-27,ad8e6ad90d4570e1a6b0f990f0a1ddcf857ace70a4d6a58148c53f99583f59b3,,,mary.alvarado888@icloud.com,(949) 194-3733,verified,low,5,2024-02-20T20:42:09+00:00,2025-02-02T10:18:45+00:00
2020,C7002020,individual,Melissa,Vance,1938-06-02,e6606525c508f6d6de304e03dae5e811a0ee4f56d3d5b5df0779ee9fc96fd506,,,melissa.vance315@gmail.com,(538) 479-2795,verified,low,7,2009-05-01T05:27:53+00:00,2012-07-15T09:36:57+00:00
2021,C7002021,individual,Crystal,Williams,1989-07-27,102f8349861c9c58cf9fee064cd19a42162740156646c81e8323267deb04f951,,,crystal.williams460@icloud.com,(798) 340-0771,verified,medium,5,2012-07-08T19:34:21+00:00,2018-08-15T17:57:04+00:00
2022,C7002022,individual,Cody,Howard,1983-11-30,6cb3333fb79a9c59fc9b5d772760030fec28ab1dcd598d5a138c86eff2fc4717,,,cody.howard469@outlook.com,(975) 317-5286,verified,low,24,2017-12-17T09:21:42+00:00,2019-04-14T23:16:34+00:00
2023,C7002023,individual,Amber,Patel,1962-02-16,09f9ef43bf71ae96d60a076a8d9cb7f57f97e735817322e5e07a22247fae56f2,,,amber.patel988@gmail.com,(228) 740-8975,verified,medium,21,2015-07-31T01:07:03+00:00,2019-04-06T02:38:59+00:00
2024,C7002024,individual,Donald,Patel,1973-12-22,aa13bb930c9ccb58bd1dae1748aba6b4b2168d4d71b614aa1aa2a44be45bd505,,,donald.patel896@gmail.com,(344) 779-2796,verified,low,7,2010-04-15T16:54:43+00:00,2020-02-06T10:21:38+00:00
2025,C7002025,individual,Kristy,Hess,1999-04-26,7507ebb45bdefcf3d93d7c7f5c377f14ed69f0f3a8e8e49ca9d06949aea4dcec,,,kristy.hess964@gmail.com,(304) 349-4815,verified,low,23,2020-02-15T20:00:06+00:00,2020-10-26T22:58:59+00:00
2026,C7002026,individual,Daniel,Baker,2003-06-01,17912bbab624c7ac7974ba5e502da355eaa2d1b8812d26dae29612802645b2ee,,,daniel.baker660@outlook.com,(030) 081-0391,verified,medium,21,2017-10-17T23:38:17+00:00,2018-06-09T17:15:53+00:00
2027,C7002027,individual,Jason,Hunter,1990-03-26,69441365f879136643642b99c5c605243085e89e6070433382bd24055b82dfd2,,,jason.hunter23@icloud.com,(305) 344-7550,verified,low,3,2023-12-11T22:15:13+00:00,2023-12-24T10:27:26+00:00
2028,C7002028,individual,Bianca,Murphy,1974-04-27,2d6bc3d38a3d3db9e4fa5aaf7f95633dccf48c0e72b5a051f11cc0e29e5c5484,,,bianca.murphy566@aol.com,(073) 271-4635,verified,low,16,2023-01-03T22:24:40+00:00,2026-06-24T00:41:36+00:00
2029,C7002029,individual,Thomas,Benson,1939-09-29,54cee99be6711c81a411e739512591e6e1d51f0c32fdcf400af67c565f8ef0bd,,,thomas.benson331@icloud.com,(585) 924-5802,verified,low,3,2009-02-12T12:56:10+00:00,2024-10-15T11:33:09+00:00
2030,C7002030,individual,Lisa,Francis,1993-08-11,94306c0b5edc027a41024a42f34d3e44a22cacbc765a8223a6ef2e896a13a0b6,,,lisa.francis406@icloud.com,(882) 737-4909,expired,medium,18,2011-05-30T05:50:15+00:00,2012-03-02T20:02:52+00:00
2031,C7002031,individual,Tara,Davis,1953-02-08,c3897cc3195a271c35a96fe2749a95039c3e64a0f70bfe7d000c7fbbba9e4971,,,tara.davis454@yahoo.com,(337) 025-5563,verified,low,2,2025-04-16T10:22:31+00:00,2025-07-28T04:54:36+00:00
2032,C7002032,individual,Johnathan,Taylor,1991-02-01,e19b794f74004cad391b1920e83e384327d5cb8d20e42f6b0966989843becb60,,,johnathan.taylor681@icloud.com,(396) 652-8514,verified,low,25,2024-12-05T18:59:24+00:00,2026-05-12T02:15:11+00:00
2033,C7002033,individual,Melissa,Perkins,1991-03-27,a35a7f005ea3dd5805cf698a16c0e02bb1d04b48ab64b02cdb7876866cdf3059,,,melissa.perkins237@yahoo.com,(507) 633-7364,verified,low,3,2023-08-17T21:35:15+00:00,2025-04-12T04:26:41+00:00
2034,C7002034,individual,Brian,Archer,1975-05-23,7739b9382e11fae040e39ef5430dc1527899679819d4545b9b09302bca883bc1,,,brian.archer255@aol.com,(428) 632-3102,verified,low,23,2010-01-29T03:27:59+00:00,2024-02-27T23:10:00+00:00
2035,C7002035,individual,Ricardo,Meyer,1958-11-17,a89c928030818ff9af223972a6dacc0d6b69b5b481d1a14d095b8a36435a64e2,,,ricardo.meyer54@gmail.com,(897) 409-3934,verified,low,19,2014-09-10T00:30:34+00:00,2022-04-06T18:41:30+00:00
2036,C7002036,individual,Leah,Anderson,1967-02-05,89cf8916f12821942eae92ea579cadd694751e09c56edafb2190bb930ab0baac,,,leah.anderson666@outlook.com,(889) 267-0136,verified,low,22,2023-08-12T04:08:38+00:00,2024-06-25T21:24:04+00:00
2037,C7002037,individual,Stephen,Hammond,1969-07-10,46bfd155fb072ca9ec51cd48031f9073feed59ccd40a8b145f5d4aa4dbb32ddd,,,stephen.hammond98@gmail.com,(414) 477-2045,verified,low,5,2021-07-24T22:02:54+00:00,2025-07-08T08:14:24+00:00
2038,C7002038,individual,Joshua,Johnston,1984-06-25,34d46aa8628da32a4955aaa1aa3fc2aaa667cbfbc0dd0afddfb920e83af942ca,,,joshua.johnston320@icloud.com,(630) 079-8233,verified,low,3,2012-11-26T15:02:35+00:00,2025-02-27T16:26:39+00:00
2039,C7002039,individual,Angela,Molina,1990-05-25,f9b81ffd5d45d2175d1e03a78064c701121259cd6747eb16e633c54c864d58e0,,,angela.molina398@outlook.com,(987) 735-1059,verified,low,3,2009-01-04T08:40:23+00:00,2015-11-09T02:38:42+00:00
2040,C7002040,individual,Frank,Young,1983-09-12,be04e65bb118b99c51443806edf1ebba2e992dcf05946115a33a926e3fe67ce0,,,frank.young460@gmail.com,(166) 290-8792,verified,low,24,2008-02-22T19:36:18+00:00,2018-12-17T10:40:15+00:00
2041,C7002041,individual,John,Smith,1993-11-05,b22cabdd6921ea51c813389960cfbb63f1078815d33c1bd680274522f6cfcc9a,,,john.smith6@outlook.com,(504) 084-1383,verified,low,1,2009-05-13T06:58:54+00:00,2017-01-07T18:40:02+00:00
2042,C7002042,individual,Timothy,Davidson,1978-12-16,4ecd02081b9bdbe9f883c1d38d90eaeb7036a859904cb281271f21c90851f2b1,,,timothy.davidson246@gmail.com,(861) 825-6166,verified,low,4,2012-06-03T12:47:36+00:00,2015-01-29T19:07:21+00:00
2043,C7002043,individual,Christopher,Hale,1963-03-31,4191f2823c8e145ea81f00698a99129cf312ac3308daaf063975bf3f270c0c63,,,christopher.hale991@yahoo.com,(626) 570-4388,verified,low,6,2008-05-26T22:09:28+00:00,2016-07-27T07:32:51+00:00
2044,C7002044,individual,Gary,Clark,1960-02-06,bb171139213087a1fb544f6ef07433a12f0cd63e3321f47eca703a25d1b407e8,,,gary.clark640@aol.com,(407) 054-7209,verified,low,23,2010-05-19T23:30:27+00:00,2018-06-11T08:10:46+00:00
2045,C7002045,individual,Cassandra,Giles,1987-07-19,8eaec0a109a4ef71fbe991b76f2579d93815186b8ad93c5fd5869354e6bac2d4,,,cassandra.giles836@aol.com,(073) 100-1797,verified,medium,13,2019-01-09T15:11:34+00:00,2019-10-14T02:43:37+00:00
2046,C7002046,individual,Matthew,White,1939-10-30,4224821b3947e045cc6e9f8866cbbbc48192a1dabf92ecbfdae173ebfbd99c68,,,matthew.white990@icloud.com,(245) 621-2025,verified,low,10,2013-10-11T13:46:46+00:00,2014-09-28T06:13:22+00:00
2047,C7002047,individual,Sean,Price,1967-03-30,acb653f1768e258acdbcfc11bb69d8c4e909cd784a0a7adbf170e136ab336dd8,,,sean.price671@gmail.com,(364) 950-9262,verified,low,11,2015-06-16T11:38:13+00:00,2020-10-25T04:22:28+00:00
2048,C7002048,individual,Stacey,Pugh,1978-09-24,7d1a4d473d4ce06eaa52a73ce0c9b18f0eb3158bbfc5ba1d4f55ddc2178d4227,,,stacey.pugh117@gmail.com,(099) 069-9818,verified,low,2,2009-12-06T21:07:24+00:00,2017-07-10T01:06:20+00:00
2049,C7002049,individual,Rodney,Huber,1941-07-23,4579bdc6d55688cfafbbcc4146ce6e558411e04e0739cd286075a14d89ce6097,,,rodney.huber266@gmail.com,(887) 858-0391,verified,low,14,2018-11-18T21:05:46+00:00,2023-05-09T04:06:54+00:00
2050,C7002050,individual,Jennifer,Hunter,1996-10-22,cd35234a147a357e25da3b82a44920e1c607ab0bbb8172dbd9f8a667d15c3c61,,,jennifer.hunter891@outlook.com,(429) 703-9773,verified,low,14,2023-10-15T16:31:52+00:00,2026-01-10T18:43:55+00:00
2051,C7002051,individual,Kim,Butler,1986-06-02,7aeea303527f50bca5b2c12b3e7669cc24c3bfa12cd404fe4a46d399a6c62fac,,,kim.butler235@gmail.com,(441) 042-3200,verified,low,5,2024-11-09T19:32:15+00:00,2026-07-12T22:56:03+00:00
2052,C7002052,individual,Jeanette,Wright,1961-05-25,10eb94b827b3cef4e2a24dd1dcfe69642a65bb16eafe0575316e165de4c2887a,,,jeanette.wright153@yahoo.com,(731) 243-2197,verified,low,21,2009-10-24T01:57:45+00:00,2021-06-22T07:52:25+00:00
2053,C7002053,individual,Jason,Brown,1977-11-03,f6d34381d6b485ccef13d21eb25e274705b23d7cb2875be2e7c6f37491a0629e,,,jason.brown10@icloud.com,(541) 326-3015,verified,low,11,2021-12-09T11:11:49+00:00,2023-06-28T05:07:59+00:00
2054,C7002054,individual,Christine,Lee,1966-11-06,283cf50ca1d3e7caa6c1eb470d21e9155bb7cee97423742b4daed38b2d93477d,,,christine.lee970@icloud.com,(345) 129-5197,verified,low,1,2019-09-23T15:01:03+00:00,2025-08-29T21:21:21+00:00
2055,C7002055,individual,Lisa,Osborne,1963-05-26,dfb4a3f7d6e3cbf3bf196beaf4d2b61f0ef914abd393fbfc5aee50112a83d1c5,,,lisa.osborne291@icloud.com,(128) 069-5521,expired,low,22,2019-10-02T04:04:33+00:00,2023-03-24T17:09:23+00:00
2056,C7002056,individual,Matthew,Wallace,1945-02-24,4a69fd9405cd26a38350a175954e88066004cff09727731108ad634129d4067b,,,matthew.wallace515@outlook.com,(129) 288-1042,verified,low,14,2016-11-08T19:27:58+00:00,2026-03-30T19:47:49+00:00
2057,C7002057,individual,Bethany,Dunn,1974-04-18,922444316cd9cc193c6389aad2065df994a3df5f9bbd9e394988d45f8c9c8278,,,bethany.dunn637@icloud.com,(999) 498-4406,verified,low,11,2024-11-25T19:28:03+00:00,2026-03-04T17:53:28+00:00
2058,C7002058,individual,Amanda,Huang,2000-02-18,53b3b3ef683c5672ceaaf2015b654c902707cbdd9c5e5d4d5330f5c6f9e7baf4,,,amanda.huang544@outlook.com,(029) 333-6770,verified,low,3,2025-01-30T21:55:54+00:00,2025-05-02T21:35:00+00:00
2059,C7002059,individual,Roberto,Tucker,1950-04-26,3000c72c2c2489516f4d2cbd99919026ffb44d6b87a87c4a2294a02683e13f7f,,,roberto.tucker37@icloud.com,(115) 444-8502,verified,low,9,2009-09-03T21:48:47+00:00,2017-12-29T22:55:49+00:00
2060,C7002060,individual,Jesse,Shepard,1982-10-02,e694be9360b166cd25ed74d2793fc69254c94a72b41855eb2fcddddb5bbdd29d,,,jesse.shepard154@gmail.com,(146) 073-7204,verified,low,4,2022-10-23T15:10:21+00:00,2025-02-02T20:17:57+00:00
2061,C7002061,individual,Sydney,Kaiser,2000-07-06,2dafb89653304f54ed037751e3b964e09b255e1a35833cd1f930397bfc4f64ce,,,sydney.kaiser726@yahoo.com,(436) 145-5012,verified,low,24,2010-07-16T12:18:06+00:00,2016-02-09T13:35:37+00:00
2062,C7002062,individual,Kelly,Woodard,2006-05-22,9b1c5662bd4a1a597761daa5d8c663cbd5e0ca36af25ced5055685f43315c3a3,,,kelly.woodard507@yahoo.com,(363) 320-9481,verified,low,24,2022-08-31T03:15:04+00:00,2023-12-12T07:50:55+00:00
2063,C7002063,individual,Sylvia,Bowers,1987-10-26,80e16f5a0c1e1c712cb5bf82be567d0a69bf3af8ffcc1203936fe69f8e351f93,,,sylvia.bowers268@gmail.com,(392) 467-8314,verified,low,16,2016-02-21T23:21:30+00:00,2021-07-09T13:35:32+00:00
2064,C7002064,individual,Christina,Roberts,1939-02-26,accb46e68abb8ecf710cb4b60b77d96eaae4998c2ffe1be213bc7268359bd687,,,christina.roberts561@icloud.com,(274) 505-6958,verified,low,23,2014-08-26T17:05:29+00:00,2024-04-27T01:07:39+00:00
2065,C7002065,individual,Chad,Hubbard,1977-07-07,734f89dfcd033822e55dd84affdc4fd3d13d83720328e40f6b63541df392a9ad,,,chad.hubbard433@gmail.com,(562) 197-4760,verified,low,4,2012-02-15T12:11:26+00:00,2014-04-17T23:35:19+00:00
2066,C7002066,individual,Teresa,Smith,2002-11-08,7e785c59b7d161e7c091b04cee347d26f6a71570eaef60eecb768ae7afc5ab3d,,,teresa.smith183@outlook.com,(313) 978-3747,verified,low,2,2014-11-29T21:50:24+00:00,2021-09-22T15:53:01+00:00
2067,C7002067,individual,Charles,Bradford,1985-02-03,4745c0494ff7bb6122abc0a802795666f0239d46a153b84be4046c309d4afa9f,,,charles.bradford496@yahoo.com,(128) 261-2499,verified,low,19,2023-11-13T19:27:57+00:00,2024-10-14T17:49:54+00:00
2068,C7002068,individual,Tamara,Cummings,1958-08-16,f7d1c5563a0f48b783fac8c3d4f3210d35b8beb087d9eea5394d95b45d2e7def,,,tamara.cummings982@aol.com,(673) 258-6848,verified,low,15,2026-01-26T09:04:08+00:00,2026-06-23T09:07:10+00:00
2069,C7002069,individual,Holly,Patton,1990-03-17,7552acec584c8873ecd55afa01c0e587c79b464a16b6fe1f4790bbd434a4a7e4,,,holly.patton238@gmail.com,(120) 541-5280,verified,medium,21,2016-04-09T22:43:39+00:00,2025-01-29T08:39:20+00:00
2070,C7002070,individual,Travis,Johnson,1964-01-30,69827b7c874764c6713c942b04f715655c6cb3d4734fea4687adc0eaafb7943c,,,travis.johnson457@gmail.com,(813) 789-5623,verified,low,7,2018-01-29T01:12:06+00:00,2023-01-18T22:35:30+00:00
2071,C7002071,individual,Lisa,Williams,1998-01-22,1ae667a6a6ff1904e4b7c3980c7eb33d902d8c0d448e15a495aaa15ba4634d3b,,,lisa.williams134@yahoo.com,(510) 666-0588,verified,medium,18,2013-12-19T07:50:49+00:00,2021-01-02T21:01:40+00:00
2072,C7002072,individual,Elizabeth,Graves,1974-12-24,aadb7c454c9c8b8d577185dec292d5c49952cb259f5ca0d642f227eea746304a,,,elizabeth.graves783@yahoo.com,(498) 965-6917,verified,medium,19,2013-03-12T20:25:03+00:00,2020-03-03T04:38:34+00:00
2073,C7002073,individual,Stacy,Price,1983-02-13,12541355377d8c28fd6669fbb815c9809b3dd894d6a3601242cff0da537805c8,,,stacy.price427@icloud.com,(493) 474-3034,verified,low,14,2016-04-09T02:24:23+00:00,2025-07-30T10:43:34+00:00
2074,C7002074,individual,Michael,Hart,1943-03-15,6b92a69360df646623ac03b29cd48931fbf18a4bb3d72844d209c2514ad6cd40,,,michael.hart762@yahoo.com,(096) 405-7876,verified,low,11,2026-05-02T22:36:00+00:00,2026-06-06T22:42:54+00:00
2075,C7002075,individual,Ronald,Tyler,1979-03-29,ef5d3654bc6bf22fc890eec8f47cbe5d2f30045897b92c747e42bf5bae82bc23,,,ronald.tyler29@icloud.com,(521) 745-6589,verified,low,7,2016-12-31T19:40:02+00:00,2022-03-28T10:21:33+00:00
2076,C7002076,individual,Alyssa,Cooper,1967-11-10,fd15ef0bfe1229c4a1878e8045ec9d96cbec3feb610a0724dfc8c2519c7710c6,,,alyssa.cooper306@icloud.com,(023) 276-3916,verified,low,5,2016-04-26T03:28:49+00:00,2026-01-06T03:09:51+00:00
2077,C7002077,individual,Amanda,Randall,1985-08-07,90d4b0a2ad4f049d0963be8a93e420009b060756280d99d6278b034e0f898e7d,,,amanda.randall640@gmail.com,(340) 961-9975,verified,low,15,2015-02-16T16:10:54+00:00,2024-07-28T19:50:08+00:00
2078,C7002078,individual,Olivia,Li,1999-03-25,f5dab8affce0f144b98dca1fd727d8030b8fd82c360585fbbf6792348860f0b3,,,olivia.li329@gmail.com,(696) 727-8332,verified,medium,24,2023-09-13T21:47:48+00:00,2025-04-29T09:30:49+00:00
2079,C7002079,individual,Sonya,Webster,2000-09-29,dae8256213ea36ddc795cf05f9c7480b3916aedc62aa3ac25bb0c73642a69c22,,,sonya.webster552@gmail.com,(789) 726-7156,verified,low,25,2026-07-07T12:54:33+00:00,2026-08-11T03:04:10+00:00
2080,C7002080,individual,Brenda,Mack,1986-06-01,3f3bda8fd2a622d83f217a507a0218f07f80f4277bf83a9c28d75de79d6dd01b,,,brenda.mack120@icloud.com,(646) 071-5006,verified,low,2,2008-03-06T03:01:07+00:00,2022-12-30T10:06:37+00:00
2081,C7002081,individual,Ian,Hernandez,1946-09-03,75f9e093eceddbb026a9d083f7bb8a4545c4b3a986b44cb29ecdcd1fdf6ce9bb,,,ian.hernandez397@icloud.com,(006) 597-7414,verified,low,2,2014-06-21T12:08:21+00:00,2015-05-10T12:35:30+00:00
2082,C7002082,individual,Mary,Patterson,1974-12-31,a191a032e327078f7593be2fe6b5674f0e3e53f447fa630527c051c54924602e,,,mary.patterson731@icloud.com,(081) 796-2116,verified,low,10,2024-06-26T15:27:25+00:00,2025-04-16T05:06:54+00:00
2083,C7002083,individual,Jennifer,Russell,1967-03-15,07f6966eb223326148573a48f243309ab64ecff1f08bca51a2b565f2a1d3bee4,,,jennifer.russell620@yahoo.com,(136) 622-2086,verified,low,20,2013-03-24T12:07:44+00:00,2018-07-30T11:40:57+00:00
2084,C7002084,individual,Sara,Greer,1980-06-27,646a3985e80c14ec054a291735ce73ae8aef1f7d9b2a555b1cad145c13ea1c3e,,,sara.greer115@yahoo.com,(834) 881-4608,verified,low,18,2021-09-08T12:05:03+00:00,2022-03-23T23:52:35+00:00
2085,C7002085,individual,Tasha,Carson,1964-06-19,9ebaf8abb5ad6d9786cc977944b2724613216f826146f3360f309bae9631a742,,,tasha.carson889@gmail.com,(196) 213-2392,verified,low,15,2010-01-06T21:51:46+00:00,2014-04-22T16:20:36+00:00
2086,C7002086,individual,Edward,Caldwell,1985-11-29,bc611ae3261f15effc0b8b18d03a06753bc39b88bb8419969f78fea1e5c12cec,,,edward.caldwell125@aol.com,(511) 938-8309,verified,low,8,2022-05-26T13:38:52+00:00,2024-06-10T04:08:56+00:00
2087,C7002087,individual,Joseph,Chan,1940-01-29,ab0dbd7dc8e501ab0f7f2b0811a522fcf1dfdb0279df6b2fc6c35167a0d16ed3,,,joseph.chan925@yahoo.com,(590) 527-3118,verified,low,21,2022-02-08T12:16:48+00:00,2023-07-13T17:51:23+00:00
2088,C7002088,individual,Sheila,Bradley,1994-11-21,3713f4e3580db34174942acd3a660f1026a55e8e5a4fb3b6fba1265922b7c548,,,sheila.bradley837@yahoo.com,(922) 249-2444,verified,low,21,2022-03-23T11:01:02+00:00,2024-04-13T21:00:45+00:00
2089,C7002089,individual,Brittany,Wilcox,1987-07-01,992c1ef237b3c2fa3ad71285c862261869da6d98719997bfd1ff103bf6885cad,,,brittany.wilcox262@icloud.com,(861) 838-2559,verified,low,19,2015-02-15T23:46:36+00:00,2026-05-20T19:55:16+00:00
2090,C7002090,individual,Chris,Thompson,1975-02-27,fb3bf6c14fea44f19964b940728fe98c585e31e770f7fdcbf714cc6222b4ad8d,,,chris.thompson825@icloud.com,(617) 808-7135,verified,low,23,2016-11-12T21:26:56+00:00,2019-05-18T20:37:56+00:00
2091,C7002091,individual,Michael,Brown,1953-07-31,72b6be307039ef83dc26d9e262ee5d98a4466180159223c2d03d5b0348c245cc,,,michael.brown130@aol.com,(592) 570-7279,verified,low,14,2023-11-06T08:51:36+00:00,2024-09-23T18:33:01+00:00
2092,C7002092,individual,Christopher,Hinton,1971-10-26,640b3cb135c5e7631236f2117bab702fa47f7d83eeceb84951420a56ab275258,,,christopher.hinton351@aol.com,(616) 716-7270,verified,low,5,2011-01-13T03:01:30+00:00,2020-08-16T10:50:09+00:00
2093,C7002093,individual,Amanda,Decker,1955-11-06,62f1259b1c4ca88e021bfc573a1dbc2d0c6f32ce85fac7bdc6c2e5ae00c8de80,,,amanda.decker816@aol.com,(531) 189-2307,verified,low,7,2023-09-04T11:47:36+00:00,2026-03-11T00:16:19+00:00
2094,C7002094,individual,Joanna,Jensen,1957-09-23,a0345368cc86c5d9821df9b3e44c1604b16ea9131d6058a7b9e012c0dfc1e4b7,,,joanna.jensen139@outlook.com,(709) 785-2539,verified,high,2,2023-09-05T13:00:31+00:00,2025-12-18T09:28:41+00:00
2095,C7002095,individual,Emily,Rogers,1987-05-01,6bc12c8c9f8584090d623aeaab5cd2e8a0f6ca5ef68c457fed580fd531defb55,,,emily.rogers222@icloud.com,(544) 233-4402,verified,low,22,2010-06-13T21:29:29+00:00,2025-03-15T17:50:50+00:00
2096,C7002096,individual,Joshua,Nguyen,1943-06-03,2f96900176f216ab4f01b8c374a9d9c9fab78ab4818a143730a11e0da0de1551,,,joshua.nguyen279@yahoo.com,(964) 608-7254,verified,low,24,2011-11-26T05:33:52+00:00,2025-04-24T18:19:03+00:00
2097,C7002097,individual,Christopher,Anthony,1945-09-04,41147adb088c99a44a97d6e2ce50f95664697903be2b555aaf0cca19cca651f6,,,christopher.anthony794@yahoo.com,(162) 198-9744,verified,low,24,2010-06-04T02:48:20+00:00,2019-09-29T22:56:29+00:00
2098,C7002098,individual,Trevor,Chen,2001-11-25,2a567d98cdf6dff990b54316c3782d3304c857364bc76d41b173d2ac4883f02b,,,trevor.chen831@aol.com,(964) 923-0661,verified,low,14,2008-06-03T16:47:34+00:00,2022-11-05T08:16:16+00:00
2099,C7002099,individual,David,Robinson,1964-11-25,a373e1291f85f257fa9d77bf38838743a80ba22bf83d957b66ddebc6226b79c4,,,david.robinson851@icloud.com,(473) 908-7535,expired,low,21,2008-11-08T15:51:25+00:00,2016-07-31T17:10:11+00:00
2100,C7002100,individual,Julia,Watson,1956-10-13,e8df0ce98f4a7e4cc30647ae1435de6fa45a5eb602ab74a9d42f731b64f756d7,,,julia.watson578@gmail.com,(246) 935-5169,verified,low,10,2013-02-26T08:52:47+00:00,2018-06-11T09:08:06+00:00
2101,C7002101,individual,Ana,Nelson,1970-10-08,45fe4eefaf7c4adfe9e892f7240cfb9163d3b3b5567d5dae925df8ceddd0d759,,,ana.nelson438@aol.com,(696) 564-5539,verified,low,12,2009-11-01T23:08:59+00:00,2010-11-19T07:17:32+00:00
2102,C7002102,individual,Jesse,Oneill,2005-02-05,00963b27d7db7e640cd865c1ac6ce7f10bae84fbc9e864219d9577fc067b301a,,,jesse.oneill214@icloud.com,(187) 213-9830,verified,low,5,2023-04-16T01:57:30+00:00,2023-11-25T10:11:10+00:00
2103,C7002103,individual,Brandon,Gardner,1968-03-25,b8f182f6fcc257359d66584f0eaefd30939ba0e7a8b14f638773f22bfb7ea47d,,,brandon.gardner628@gmail.com,(364) 069-5805,verified,low,21,2020-06-20T10:53:14+00:00,2024-10-24T03:25:03+00:00
2104,C7002104,individual,William,Rice,1979-06-02,19fe0d6464438b5aa1b27329364424cee269bfae04f0c67dde8afeb26e53d8fa,,,william.rice358@gmail.com,(163) 228-5563,verified,medium,20,2012-11-16T15:28:53+00:00,2021-12-05T07:43:28+00:00
2105,C7002105,individual,Cheryl,Bell,1983-03-30,a1acc6f113aed75ce70ac3b26d02913377185c2fb6426221bf7599d207fc3333,,,cheryl.bell572@yahoo.com,(796) 056-2330,verified,low,7,2018-08-21T16:43:56+00:00,2021-07-12T01:37:28+00:00
2106,C7002106,individual,Richard,Harris,1999-03-06,51d5adb10fffe0328f41e66db2254ccd726ed2da86eb50111901d1057706dd95,,,richard.harris55@yahoo.com,(330) 030-4716,verified,low,11,2013-09-05T22:40:41+00:00,2026-06-24T23:10:25+00:00
2107,C7002107,individual,Briana,Anderson,1972-05-19,53bb8f63f158dbed3488a1436be9595119d3cf30f70550106a1ef5d4de501614,,,briana.anderson361@yahoo.com,(187) 414-6566,verified,low,11,2014-08-18T23:13:11+00:00,2019-12-30T08:56:30+00:00
2108,C7002108,individual,Michael,Scott,1964-04-06,3cb35bff39d17e4d71a4a09df00f83fbfa0057f68658345c87621ed83ae77844,,,michael.scott473@icloud.com,(554) 622-2847,expired,low,24,2010-08-30T01:21:49+00:00,2014-07-11T19:26:01+00:00
2109,C7002109,individual,Angela,Wood,1958-11-08,87ca5b2b808a6e8e94c498791c515b8cf1f20b6b988f77fa4729561d730cfc96,,,angela.wood170@aol.com,(594) 004-8965,expired,low,15,2023-11-06T13:18:27+00:00,2024-08-02T20:39:06+00:00
2110,C7002110,individual,Natalie,Jones,1955-03-10,c0c361db84e03f812508537bc4f92a2cb8d97fc46dfb155de4d684a412c666b6,,,natalie.jones612@icloud.com,(152) 290-4015,verified,medium,6,2021-01-24T13:51:40+00:00,2026-06-26T09:21:32+00:00
2111,C7002111,individual,Jacob,Vargas,1953-07-10,e17a16289c4437113be6d8ba4286f75642ca1f878db871593f30cf50da8699db,,,jacob.vargas80@gmail.com,(082) 419-8577,verified,low,9,2010-08-10T17:05:03+00:00,2012-04-03T21:03:46+00:00
2112,C7002112,individual,Misty,Cox,2003-10-02,52702cb3bba65d243dcd070b23e7671fa3fc0b5b53b3348dc8b6e9536f51a058,,,misty.cox326@gmail.com,(535) 599-5154,verified,low,12,2013-05-24T18:49:51+00:00,2016-03-09T22:10:22+00:00
2113,C7002113,individual,Kevin,Moore,1990-09-22,b87213ca3176d701d42c3fc17de3923df4d8e9d85631fbda7a80ebb19d41a98a,,,kevin.moore489@gmail.com,(096) 933-7579,verified,low,8,2025-09-09T05:35:34+00:00,2026-06-10T07:57:42+00:00
2114,C7002114,individual,Joseph,Smith,1960-06-28,3654e905f933774ffcccee835e9015574fe4dce15825eb44ca2b4c3ffa338e52,,,joseph.smith723@icloud.com,(296) 537-0476,verified,low,4,2026-07-07T17:28:55+00:00,2026-07-24T03:59:36+00:00
2115,C7002115,individual,Joshua,Duarte,1950-09-01,9b00d9ff90212df7ad7eaf0190a00c6d5204408fcca3ddf269e27e7d80134a6a,,,joshua.duarte632@yahoo.com,(470) 142-9503,verified,medium,19,2010-11-25T09:38:20+00:00,2013-06-03T04:21:51+00:00
2116,C7002116,individual,Kenneth,Duncan,1940-08-26,e914e9d88794ed1c782ff51d165f02a8a1401ae98dc866a39a5833d9c715de6a,,,kenneth.duncan55@yahoo.com,(460) 653-4930,verified,medium,13,2023-09-09T15:24:04+00:00,2024-08-21T22:25:11+00:00
2117,C7002117,individual,Jeffrey,Miller,2007-11-03,e9608977001c4d6381b943536a647431b88d4e41fc4c9adfdfe7c5a6040e82e1,,,jeffrey.miller249@gmail.com,(312) 108-1103,verified,low,25,2008-12-22T01:05:25+00:00,2019-02-17T22:16:17+00:00
2118,C7002118,individual,Robert,Cruz,1968-03-31,f74707c1705fc1802947c180106f2505bac7592ddbd2b0178d7b6ce4e71235a7,,,robert.cruz816@icloud.com,(433) 165-0983,verified,high,9,2022-10-22T03:07:38+00:00,2025-03-09T03:07:07+00:00
2119,C7002119,individual,Joseph,Ward,1951-11-15,6e43ea7122bf087ccf641ee4e5941a007d35f8cbd361f3f975ad48961384b536,,,joseph.ward776@gmail.com,(469) 898-4738,verified,low,9,2011-04-29T23:02:39+00:00,2024-10-29T11:26:43+00:00
2120,C7002120,individual,Michelle,Johnson,1950-09-07,f4e462e6ab4be9cb7be232ac7f10ac504654dfb14d85cd24472141c7c5e7f911,,,michelle.johnson813@gmail.com,(201) 926-8601,verified,low,4,2010-12-14T20:50:32+00:00,2019-10-03T22:37:43+00:00
2121,C7002121,individual,Dillon,Torres,1966-12-21,3b7d8b3ecf0857ab11fb4faad68a1de25e35388020f3ccb29030e8c33dc62d28,,,dillon.torres756@aol.com,(041) 108-0026,verified,low,16,2008-10-11T14:25:50+00:00,2025-12-18T02:22:38+00:00
2122,C7002122,individual,Jason,Ramos,1991-04-09,cf383f1ad25ebc2f1f10e085010a66566fb76d500c2746d7bf80a1f40d8d4fd2,,,jason.ramos810@gmail.com,(053) 725-6563,verified,low,16,2022-03-12T03:36:25+00:00,2022-06-20T11:06:01+00:00
2123,C7002123,individual,Nicole,Brooks,1979-01-23,75bf713ae71944819698d6844b69241a893bf1cdd8107b11cbaa478a62d8a03c,,,nicole.brooks45@outlook.com,(787) 441-1284,verified,low,15,2024-04-08T11:26:04+00:00,2024-06-03T19:18:50+00:00
2124,C7002124,individual,Emily,Harris,1971-10-19,9447005edd25e437b85483611a1917fb12b9043d482697568cd03760bc1d2d88,,,emily.harris226@icloud.com,(684) 989-9126,verified,low,9,2008-10-25T11:57:17+00:00,2017-04-11T16:41:31+00:00
2125,C7002125,individual,Brittany,Allen,1992-01-17,89802eb9ebe1561b8dce9c15a2136a26e72dd67d295be8a72a9bfe87577b9b90,,,brittany.allen803@gmail.com,(098) 703-8242,verified,low,15,2013-10-19T06:12:01+00:00,2014-03-06T14:00:00+00:00
2126,C7002126,individual,Christopher,Jones,1992-12-12,e42d6e96e878f6606d242705c1131d09dd707f3f161b6986f03e4a7c792d295d,,,christopher.jones520@outlook.com,(218) 159-5881,verified,medium,6,2024-11-30T05:32:53+00:00,2025-07-28T03:16:19+00:00
2127,C7002127,individual,Nathan,Jones,1984-05-06,ee60c7cfe2e256609183bb1be304fc23b287112e1f6529e766a113d448863312,,,nathan.jones307@aol.com,(225) 494-5703,verified,medium,8,2022-10-19T00:53:07+00:00,2023-10-25T13:56:22+00:00
2128,C7002128,individual,Scott,Kim,1957-04-20,b5ee2c8e73068e705c1398f24a16a77a5c4eaa88930b3090f31ee7bd5cfc1d11,,,scott.kim695@aol.com,(451) 733-0165,verified,low,18,2022-07-21T10:27:43+00:00,2025-06-02T16:27:50+00:00
2129,C7002129,individual,Timothy,Randall,2000-03-15,8cbdf4684e497b397ad176a9f2938b1094ce03ea5d2fe472d2e86ff31da466ad,,,timothy.randall63@aol.com,(294) 531-9651,verified,low,5,2014-05-05T23:29:23+00:00,2015-07-14T08:12:35+00:00
2130,C7002130,individual,Daniel,Austin,1940-05-17,421cfad2ceb7d72ff666c8ef981c45f14a3ec84a94bf6225b658a0e161ac3c19,,,daniel.austin924@outlook.com,(798) 965-9131,verified,medium,8,2021-04-24T16:29:19+00:00,2024-08-30T16:12:06+00:00
2131,C7002131,individual,Brenda,Maldonado,1967-09-16,6f3fb01fbc937096ae01a20514e9c0417f0ddf6024682edd4e6f34fa91241d24,,,brenda.maldonado555@icloud.com,(656) 709-8667,verified,medium,12,2010-10-23T19:54:08+00:00,2022-09-08T14:00:24+00:00
2132,C7002132,individual,Stacy,Roberts,1987-05-25,94e1e7eaf6afdb4506fcc6f5d19b8bd1fc0943349a3e098d0ca3c16611c6981f,,,stacy.roberts335@outlook.com,(068) 985-1188,verified,low,6,2023-01-01T12:50:11+00:00,2025-12-31T16:57:57+00:00
2133,C7002133,individual,Johnny,Woodard,1999-02-05,d952b906fa49fbcde66b9202aa5a2745a00ec926d6c9525272d7f58baa442156,,,johnny.woodard937@yahoo.com,(716) 954-0231,verified,low,19,2017-03-25T13:55:17+00:00,2019-12-17T17:48:41+00:00
2134,C7002134,individual,Erica,Lopez,1952-02-21,2efd035f7734e1309f6832f7f46a02bd505e8be64adf64e26dffab641b91dc45,,,erica.lopez832@outlook.com,(476) 040-9626,verified,low,24,2013-02-15T22:36:58+00:00,2022-11-05T03:45:41+00:00
2135,C7002135,individual,Randy,Richardson,1957-03-12,289c759dad20b8dd400a5c9b0fda083872114795c36278fe30d80572bbf82210,,,randy.richardson53@outlook.com,(059) 730-3753,verified,low,21,2013-04-10T22:21:08+00:00,2024-04-28T14:19:22+00:00
2136,C7002136,individual,Kimberly,Johnson,1956-11-08,ddd7e13ec685fea6ed4561cce0e039162eec7a29680c64589d3d5f341ffbadb4,,,kimberly.johnson919@gmail.com,(202) 888-2397,verified,medium,2,2013-12-10T17:51:28+00:00,2020-11-30T09:03:11+00:00
2137,C7002137,individual,David,Berry,1995-04-30,2ca6aff9be5681ef8dfda1e3ae86391f7b44aef32a51a9873e1b9bdd4c7d9e19,,,david.berry164@aol.com,(367) 400-9254,verified,low,13,2011-05-03T06:12:57+00:00,2016-05-06T02:39:37+00:00
2138,C7002138,individual,Lisa,Sanders,1963-11-29,2a5eab733ae8dd050e63fef487ec26da2c37bbfdd2d8f731f79a25170fc5d45c,,,lisa.sanders821@icloud.com,(974) 884-6748,verified,low,3,2010-11-28T21:32:12+00:00,2018-05-29T02:07:41+00:00
2139,C7002139,individual,Clayton,Horton,1997-08-09,fd312482cf007c8dc84c40c3dffd558f13378ca7a46e4b0c4adca4c52e8acdae,,,clayton.horton95@outlook.com,(742) 658-8406,verified,low,25,2009-08-17T08:38:54+00:00,2010-01-02T04:08:12+00:00
2140,C7002140,individual,Brian,Sanders,1990-04-12,aa1f8eec73ba3a313bb4a4018134150ce2c51a0b4638f203a06fb47e6dc97a14,,,brian.sanders222@yahoo.com,(692) 621-6847,verified,low,7,2018-10-04T19:56:19+00:00,2024-05-03T07:40:26+00:00
2141,C7002141,individual,Brittany,Campbell,1952-12-11,4080af8f6b4c795d323d2442b1f5b21920eb0fc8da45cb67a28c1f0e9fe1d77d,,,brittany.campbell379@yahoo.com,(405) 686-4296,verified,low,23,2008-10-11T15:01:34+00:00,2019-08-06T16:09:51+00:00
2142,C7002142,individual,Scott,Velazquez,1989-08-30,aa9ecc4f896b5559dd79b365f35d263f670ba58b2e6afa4f89acdf35b910bb82,,,scott.velazquez631@gmail.com,(991) 673-4214,verified,low,10,2011-10-10T06:35:38+00:00,2016-06-14T09:58:27+00:00
2143,C7002143,individual,Jessica,Thomas,1972-06-24,a0cd08f0e8a7f6a8e87674b5669ee0040f354f6bab0c57c1833713f8479732cd,,,jessica.thomas200@gmail.com,(492) 225-7164,verified,low,24,2025-12-09T19:49:02+00:00,2026-08-25T11:50:58+00:00
2144,C7002144,individual,Jacqueline,Steele,1968-03-07,95259a81004f65e1d43cf50110c157c46ba53162416479941cdc8079758e3921,,,jacqueline.steele719@yahoo.com,(639) 718-0120,verified,low,13,2026-05-23T10:01:05+00:00,2026-09-14T04:35:14+00:00
2145,C7002145,individual,Sabrina,Duran,1993-06-07,73022336a1dfe0ef6f8a1de5a733c6f8b4cb38e960bc9ae0391108de86829ee1,,,sabrina.duran709@aol.com,(032) 422-1645,verified,low,8,2023-01-08T17:52:25+00:00,2025-10-31T15:16:09+00:00
2146,C7002146,individual,Ann,Henderson,1943-02-03,d71fd0d1a6fb14ce7f82aac16a55bdd7a479001819baa505dee98623e8acde08,,,ann.henderson528@outlook.com,(905) 918-3765,verified,low,14,2024-12-29T11:01:26+00:00,2026-05-26T20:12:37+00:00
2147,C7002147,individual,Amy,Jimenez,1940-04-10,15d8270c0566eb1f1b8db769fbd9093921fe830b9d8ae01b89e9459c73300e74,,,amy.jimenez199@aol.com,(503) 545-1364,verified,low,16,2017-05-01T11:05:09+00:00,2022-07-18T01:11:58+00:00
2148,C7002148,individual,Laura,Wolfe,1944-08-07,9bbef73e88e187a81bdc549ef1e42a1c7b53e072fcae79fb6a548253b7a2a515,,,laura.wolfe371@gmail.com,(959) 959-2419,verified,low,15,2017-04-07T21:35:32+00:00,2025-12-28T01:12:11+00:00
2149,C7002149,individual,Theresa,Dominguez,1981-11-29,23795ebee2f9f55185f28491010b68c06046150bc3d9394880848b8568d4c9d9,,,theresa.dominguez397@gmail.com,(216) 514-8111,verified,low,20,2024-04-19T06:19:19+00:00,2026-03-07T10:01:45+00:00
2150,C7002150,individual,Nicole,Bell,1999-02-17,f2ecebcdc9eaf66764413c815ca3fbaf60f1215efcdb4748accfc5e842320c27,,,nicole.bell387@outlook.com,(996) 731-3121,verified,low,9,2014-11-06T09:58:46+00:00,2015-02-15T05:31:41+00:00
2151,C7002151,individual,Mary,Carter,1989-05-28,306b046ed74ffecab6c3e8ecaa2173c91ca7c0c4bcd3e7357bc2d5c7b4847243,,,mary.carter64@aol.com,(058) 498-4475,verified,low,19,2008-02-26T18:53:43+00:00,2018-07-13T22:29:19+00:00
2152,C7002152,individual,Monica,Bell,1973-04-30,8fbb8e5bc554c8f4183124f06836962b9d81ce43f26c2aa2522b187064b98bb6,,,monica.bell553@icloud.com,(756) 582-5548,verified,medium,11,2011-07-26T12:45:02+00:00,2018-07-04T21:53:15+00:00
2153,C7002153,individual,Lee,Good,1955-05-11,4f07ca6fc4226d6aba69bda5dd1b422f7b5e1280a6da619fa2048b311479fee2,,,lee.good328@aol.com,(731) 396-2863,verified,medium,2,2021-11-09T21:22:57+00:00,2024-03-06T03:53:56+00:00
2154,C7002154,individual,James,Page,1980-11-20,89b566d38a1f25f6ececc88267edf95a0b167fa6205c299be8b7ddd914ac5e28,,,james.page110@yahoo.com,(393) 942-7282,verified,low,15,2021-01-31T21:10:16+00:00,2026-01-12T04:47:19+00:00
2155,C7002155,individual,Steven,Rocha,1965-01-12,6e7869ceac9e7965582be293c1b09cf80e26312064a325c1a7f84be99527a7dd,,,steven.rocha997@gmail.com,(335) 782-9924,verified,low,6,2011-09-17T22:33:09+00:00,2021-10-01T19:14:09+00:00
2156,C7002156,individual,Sandra,Mcgee,1986-07-15,ecc0c7e0d123f3697743e86ecf938ec91520a92a213ed1f03496d4619c8b5d22,,,sandra.mcgee740@gmail.com,(545) 603-1868,verified,low,8,2026-02-02T17:43:40+00:00,2026-08-22T07:25:35+00:00
2157,C7002157,individual,Mary,Orozco,1970-06-06,49866984486c5822f2dd134918d767aec5344cde06ceba5d80cfb840ce4cb644,,,mary.orozco994@icloud.com,(591) 199-4136,verified,low,14,2014-02-25T23:58:48+00:00,2021-09-11T15:49:50+00:00
2158,C7002158,individual,Angela,Faulkner,1943-12-23,673074bb2adf54ba936fe1cca0e5e8244457babe78236d87bbcbdb622bc21cbb,,,angela.faulkner412@icloud.com,(617) 258-8284,verified,low,14,2010-10-10T09:28:02+00:00,2013-08-16T07:51:57+00:00
2159,C7002159,individual,Cynthia,Craig,1971-08-16,5063a345de4cd8193843aa5a67de0c1542aa87e63ed8bfb9e82c265a541b027f,,,cynthia.craig107@yahoo.com,(475) 636-5183,expired,low,9,2009-10-31T12:09:25+00:00,2017-03-27T22:27:45+00:00
2160,C7002160,individual,Derrick,Reilly,1953-04-11,baf4a27c527376382606a84f0384da7821d4abd736af2c6b7c4471f815ab79c3,,,derrick.reilly855@aol.com,(581) 397-9519,verified,low,7,2026-05-01T16:18:56+00:00,2026-07-28T00:52:39+00:00
2161,C7002161,individual,Caitlin,Tyler,1978-01-28,9e0f06b17fe5d07f17c46f04223f2c3bba7fc90a08e3f7a579654fbb3488646b,,,caitlin.tyler412@outlook.com,(885) 522-9297,verified,low,12,2026-03-21T14:45:40+00:00,2026-07-18T10:41:24+00:00
2162,C7002162,individual,Joe,Johnson,1982-08-04,23d70df6f3248bfe04ceeb51f033cd3b7645cd535669f2c5dd3c5bea980abaac,,,joe.johnson80@yahoo.com,(230) 017-1955,verified,low,25,2020-01-01T18:12:21+00:00,2022-10-11T03:06:15+00:00
2163,C7002163,individual,Laura,Stevenson,1952-04-16,a378be6629c017a0e8fb35e4d629dcf196a21c60d5418c478bdf153717f9caf1,,,laura.stevenson365@aol.com,(703) 036-6386,verified,medium,13,2008-11-13T21:32:03+00:00,2014-05-21T13:45:01+00:00
2164,C7002164,individual,Carl,Sims,1966-08-05,97cbe5382042975e0b5d65758fa9e2e032d40cf278f8ea9e5d9c54fbc757bdcc,,,carl.sims306@yahoo.com,(228) 876-1727,verified,low,25,2020-02-18T03:10:26+00:00,2020-02-28T08:46:11+00:00
2165,C7002165,individual,Brianna,Adams,1990-12-04,5a6497fb52cc2c611c70890c8449da80462c867ad5d40a6aec8b1dff2a7b4a2e,,,brianna.adams162@gmail.com,(450) 097-0644,verified,low,7,2009-01-17T11:55:47+00:00,2016-01-24T00:32:52+00:00
2166,C7002166,individual,Meghan,Garrett,1950-09-04,a662397cd36503d9605d2e802bea616a050068f9fdae6c2c2667bd4897a70f3e,,,meghan.garrett834@icloud.com,(027) 820-1581,verified,low,4,2021-12-02T07:39:16+00:00,2025-02-18T16:34:16+00:00
2167,C7002167,individual,Grace,Pacheco,1962-09-29,7bf7b1300b843e2591968f34f016d69df039a3ab4a820af588d40f76f1ef9c36,,,grace.pacheco314@icloud.com,(345) 089-6071,verified,low,22,2012-07-17T23:59:41+00:00,2025-07-23T02:58:29+00:00
2168,C7002168,individual,Nancy,Dawson,1958-04-20,892332550078904e69231cae55d518d7cbcc8d8fb3cc3770b845cb61b6a03b74,,,nancy.dawson383@aol.com,(183) 284-0144,verified,medium,18,2026-06-17T16:57:08+00:00,2026-07-06T09:16:44+00:00
2169,C7002169,individual,Kelly,Rodriguez,2001-10-14,27bfded28216ed2d0df5a817a961ff2cb2d1ad5880b80cb6a65194d9885cbaa0,,,kelly.rodriguez353@outlook.com,(241) 134-1481,verified,low,23,2009-02-05T16:39:07+00:00,2023-01-05T18:15:49+00:00
2170,C7002170,individual,John,Harris,2006-02-09,a0ebf8e8a0a86b0066c1efeb8aeca895f7bb14151a02b47134fa39b2e06c8a57,,,john.harris990@yahoo.com,(968) 856-0694,verified,low,22,2008-05-18T14:03:14+00:00,2017-06-17T18:35:27+00:00
2171,C7002171,individual,Tammy,Sanchez,1990-10-17,75c7ee01a80d7067960f57e4eb84a0ec8bb8d40edcc36129713c629863411d34,,,tammy.sanchez710@outlook.com,(949) 307-8457,verified,medium,16,2017-09-26T06:45:30+00:00,2018-03-21T21:56:50+00:00
2172,C7002172,individual,Yolanda,Arias,1977-03-19,a3997fe9aef155e3484a8c7bf6ee0618762b7ad4a988c98799b8801437127290,,,yolanda.arias577@gmail.com,(118) 376-9108,verified,low,4,2011-11-30T01:47:06+00:00,2021-03-19T01:52:21+00:00
2173,C7002173,individual,Aaron,Pena,1956-09-24,7639b76512647ea5c88a0c1b1a8631b5d2c827f8ef0bafa6c2dd404009e36981,,,aaron.pena254@gmail.com,(445) 325-6721,verified,low,20,2019-05-17T03:08:42+00:00,2021-04-13T13:08:06+00:00
2174,C7002174,individual,Richard,Villanueva,1975-01-10,6056fce2b35cfb985191bcdc9d06be4111861db60df6b9775fe11c4c4ec0cdf1,,,richard.villanueva578@aol.com,(165) 514-6200,verified,low,16,2008-01-12T22:45:45+00:00,2014-10-17T08:10:58+00:00
2175,C7002175,individual,Stephen,Griffin,1949-02-03,419c2e86d90a7d21c7b4e58db55df7cba6f98aea53e16a79972e403bedcd713b,,,stephen.griffin942@outlook.com,(569) 314-9354,verified,low,7,2026-06-03T16:55:08+00:00,2026-08-22T09:11:26+00:00
2176,C7002176,individual,George,Whitaker,1986-09-28,f0b87e793f804c9b6478458da40b38be389e3eed8f84964eec254799c0d46355,,,george.whitaker768@outlook.com,(759) 335-8515,verified,low,19,2012-06-03T15:51:05+00:00,2021-04-13T10:06:50+00:00
2177,C7002177,individual,Melissa,Taylor,1979-06-14,43a0de6fa6b36bc36083e764acdc19cffa38497be59f9520039d236a66af7032,,,melissa.taylor653@yahoo.com,(881) 188-2107,verified,low,10,2022-09-20T09:11:05+00:00,2025-05-13T07:08:53+00:00
2178,C7002178,individual,Briana,Reyes,2001-08-05,d6816e85ae775bb836adca3a885e0f3426fb881c8bd978f559e3bce14f117f83,,,briana.reyes739@gmail.com,(028) 737-2380,verified,low,22,2008-06-19T04:27:41+00:00,2025-06-30T14:57:19+00:00
2179,C7002179,individual,Misty,Valdez,1956-07-31,20d26b14b8a6462efe38dfbc1d4811bc6124cde107f9cde58803e6a5d78cebac,,,misty.valdez621@aol.com,(544) 606-8895,verified,low,16,2014-03-15T23:42:56+00:00,2023-06-15T18:26:22+00:00
2180,C7002180,individual,Robert,Scott,1998-07-16,a2f0e7d054e647dc54e7c0cc5f5d1e2a66a7dff92c2d7d56705df65b8c18d837,,,robert.scott399@aol.com,(416) 316-6417,verified,low,7,2019-07-01T13:02:32+00:00,2025-05-11T05:17:16+00:00
2181,C7002181,individual,David,Browning,1967-12-14,a321d95221bd6d283ea344d3f426dc6c5fc1de63988e6d40a1ab1696a2b8cbd1,,,david.browning620@gmail.com,(605) 808-5690,verified,low,25,2011-01-25T23:11:29+00:00,2023-08-24T19:21:34+00:00
2182,C7002182,individual,Joshua,Tapia,1971-08-15,500176a3ed8eda135f53824aac8e1d923ea2af0051e0639f1e47d26c8ff566e6,,,joshua.tapia370@outlook.com,(877) 226-9667,rejected,low,4,2023-05-29T01:13:09+00:00,2024-01-18T04:58:36+00:00
2183,C7002183,individual,Kristina,Morris,1956-12-20,813d0146ad6e7f0496a27d749e822e0f4f49bc01bafa09a59d71777d2f4f7623,,,kristina.morris880@icloud.com,(465) 167-9212,verified,low,4,2019-06-04T02:03:01+00:00,2024-01-10T23:41:50+00:00
2184,C7002184,individual,Julie,Wells,2000-05-08,6181010844a8da16393af6fcfbe55c09ec0bbb51fb8248496f7cd8a16c7dcef3,,,julie.wells938@icloud.com,(648) 547-1332,verified,low,23,2024-06-15T10:32:42+00:00,2024-06-19T14:03:02+00:00
2185,C7002185,individual,Emma,Smith,1977-03-31,ee7c91d277115229f2a66e8877ef73b249b00f68ad8c13f8d0c27d1085509010,,,emma.smith214@yahoo.com,(876) 240-4661,verified,low,21,2023-06-21T19:36:48+00:00,2024-12-28T21:31:25+00:00
2186,C7002186,individual,Audrey,Weaver,1960-09-30,1e568e7af870bd6641e8cfc13372d137cd4362330cac82dbd397d0259462b22f,,,audrey.weaver903@outlook.com,(614) 501-8187,verified,low,25,2013-11-17T20:17:39+00:00,2017-03-22T11:09:31+00:00
2187,C7002187,individual,David,Brown,1995-07-23,beb9513c7cb60531dc04936e6a68e7e94c6bfb58fa57a8c74adc30dba76b17f2,,,david.brown670@aol.com,(219) 338-7300,verified,low,9,2013-10-02T22:57:42+00:00,2023-11-29T17:45:56+00:00
2188,C7002188,individual,Paul,Silva,1987-01-05,88d0edaa6342f611dd4c28d3a372a52769b58c525575573deb1949385e6ecbb9,,,paul.silva849@yahoo.com,(309) 845-5225,verified,low,24,2008-02-12T22:30:27+00:00,2016-06-06T12:11:25+00:00
2189,C7002189,individual,Leslie,Schroeder,1998-07-23,14026cca087db0c53e4fea9e593328a4715059dd6496be1e3f2ae7c5337ddcfd,,,leslie.schroeder358@gmail.com,(330) 561-3111,verified,low,5,2020-06-28T08:17:38+00:00,2021-03-25T10:20:13+00:00
2190,C7002190,individual,Ashley,Robinson,1989-08-14,556a6ad19b5c54904e262d5c75e7d9c74864fb8af3f0596c3f23c7cede1b1e1c,,,ashley.robinson471@icloud.com,(993) 330-9138,verified,low,25,2019-06-24T06:12:41+00:00,2026-07-01T19:38:38+00:00
2191,C7002191,individual,Wendy,Aguirre,2002-02-07,abe6c95ff21f551fb319ac65866c4274ea0f0cca80aed37845b409b28f09bf4e,,,wendy.aguirre865@icloud.com,(835) 880-5887,verified,low,14,2020-11-13T23:46:05+00:00,2023-07-21T13:26:24+00:00
2192,C7002192,individual,Brandy,Parks,1971-03-24,28a5a8c5d7cf6c7fe7dece4a7f1919f5b40289f6a97a3295fd6c25cbff7559db,,,brandy.parks156@yahoo.com,(907) 542-2489,verified,low,25,2019-05-21T20:43:52+00:00,2023-11-17T12:42:06+00:00
2193,C7002193,individual,Matthew,Dean,1963-01-30,6e2f89693309a358db35ebb8c35e7328c69b3134c652c1d4c4164478488b3c18,,,matthew.dean226@gmail.com,(681) 403-4845,verified,low,15,2025-08-15T17:34:34+00:00,2026-06-24T13:59:22+00:00
2194,C7002194,individual,Elizabeth,Jones,1971-05-18,d12898bdc7ba9f7639d6bee68fab7bec0e6ec0fa25874cfa3ecc32cd86b8c484,,,elizabeth.jones387@gmail.com,(966) 144-6658,verified,low,22,2009-02-26T12:26:07+00:00,2010-02-21T23:07:57+00:00
2195,C7002195,individual,Andrew,Powers,1958-03-23,dddb87ca1a17af3d3ec379e12c98532d78a7b818f027340aaf41e458821d1d1e,,,andrew.powers656@icloud.com,(488) 486-1817,verified,low,20,2010-03-20T20:39:05+00:00,2017-04-30T05:44:34+00:00
2196,C7002196,individual,Shelley,Young,1993-07-23,9d344daca97c6ca48da1a32629df24997cbc687bbdc193685bc1281715100217,,,shelley.young848@gmail.com,(590) 774-6743,verified,medium,14,2018-03-09T03:26:16+00:00,2019-06-18T18:36:42+00:00
2197,C7002197,individual,Lydia,Clark,1995-08-17,44690107da7e79ebaa387b789f380b4fd03145eb4f7f7ba6d0ad37a40da414c6,,,lydia.clark797@yahoo.com,(431) 727-4963,verified,low,9,2017-06-04T03:25:42+00:00,2023-03-17T14:02:39+00:00
2198,C7002198,individual,Brandon,Rivera,1974-09-12,a5d98d022c07a9169fb5a1f0157d01a02050e67b6c19f984324812380d24d023,,,brandon.rivera264@icloud.com,(263) 231-0785,verified,low,11,2018-07-25T02:10:29+00:00,2023-05-20T13:33:02+00:00
2199,C7002199,individual,Jennifer,Sharp,1945-05-26,8342683269c5339e8528d246b40824a7173d37b4d5161b84690849581c1996d8,,,jennifer.sharp284@gmail.com,(827) 151-3194,verified,low,3,2016-04-07T22:43:02+00:00,2025-09-29T22:11:48+00:00
2200,C7002200,individual,Ryan,Watson,1989-10-28,27cac934319762187e2cf0062eda332981a619f12a1e3fbd23a347452c0bc75a,,,ryan.watson687@yahoo.com,(868) 354-7374,verified,low,9,2022-09-06T16:45:09+00:00,2025-11-05T18:22:25+00:00
2201,C7002201,individual,Anthony,Jones,1955-04-27,0c6151dabe429be0c7986ec7ffb622d424aec987491a85547c204446148dd7a7,,,anthony.jones727@yahoo.com,(812) 155-4237,verified,low,3,2014-10-04T04:40:07+00:00,2021-09-13T16:59:36+00:00
2202,C7002202,individual,Raymond,Anderson,1973-08-20,78da5603ee6217aa88b28baca12dca5198832b6fb301a70ffc0e095cfd577450,,,raymond.anderson632@outlook.com,(548) 400-4210,verified,medium,8,2009-03-15T10:36:01+00:00,2017-11-13T13:04:06+00:00
2203,C7002203,individual,Melissa,Tucker,1986-01-05,7438321af41e688d4fca501a3aed246b98f8a7b18afe3de4e89b3cad2a7fd636,,,melissa.tucker981@gmail.com,(920) 798-3381,verified,low,14,2008-05-22T21:44:20+00:00,2023-07-21T09:30:05+00:00
2204,C7002204,individual,Nicholas,Rowe,1971-12-08,3b4ba9eac6ee85ad8d6f0ed5fd3a8a53961daaf783ff8a52ac4f4847238bfd96,,,nicholas.rowe702@yahoo.com,(563) 225-0546,verified,low,15,2009-10-12T00:51:26+00:00,2014-06-30T16:55:31+00:00
2205,C7002205,individual,Virginia,Fitzgerald,1953-08-30,f38aca32fc6b03168ed15f1da2f582522d4e03239e32782ee6379d3787780f26,,,virginia.fitzgerald12@outlook.com,(371) 424-3880,verified,low,23,2018-04-11T02:14:11+00:00,2022-04-30T13:47:05+00:00
2206,C7002206,individual,Kayla,Stewart,1953-07-21,3cdab8d8753f9335a49b72dc5b0f7665875ff81b54a25daf1f6faac1e5398e84,,,kayla.stewart886@icloud.com,(537) 512-2072,verified,low,18,2014-10-10T10:28:23+00:00,2018-12-05T15:22:37+00:00
2207,C7002207,individual,Jerry,Davidson,2008-07-03,ee452c983444b2ac61fdd43360a6aadbb6072dc4e411596cc93d98a1127383ee,,,jerry.davidson604@outlook.com,(378) 006-8409,verified,medium,9,2019-12-17T11:08:23+00:00,2026-04-08T07:44:14+00:00
2208,C7002208,individual,Alyssa,Barrett,1994-08-13,d125ae32c66c82516da7681ad5c36364eea4cf68aa820ed1da48e9ca08870cdf,,,alyssa.barrett454@icloud.com,(913) 061-0855,verified,low,5,2025-04-12T10:20:33+00:00,2025-12-18T15:15:53+00:00
2209,C7002209,individual,Derek,Jackson,1945-09-23,9d2ddad45b81c19e65b91a03fc9e1e4b398c6f04e8350ec74afdf1e80a354ccb,,,derek.jackson807@yahoo.com,(295) 010-2323,verified,low,19,2011-09-05T21:23:14+00:00,2019-07-18T00:34:40+00:00
2210,C7002210,individual,Darlene,Cooke,1993-11-06,69cf7194841ea7629230f724a44ca1401029f4e28d4be51a64edf2f94c2f5a9c,,,darlene.cooke826@yahoo.com,(814) 351-9419,verified,low,12,2022-02-20T05:13:06+00:00,2026-06-06T02:45:21+00:00
2211,C7002211,individual,Omar,Thomas,1982-02-22,7e5dc733e2afc6c6fc55c4ab7e95caaef7fea2991e31bc37ea55cc111a11d7a9,,,omar.thomas149@gmail.com,(983) 273-6529,verified,low,24,2010-09-23T14:14:09+00:00,2019-10-31T01:25:43+00:00
2212,C7002212,individual,Jessica,Montgomery,1944-06-10,807138dd88fa53befbe1c619146c615e9b8b81feb700a615e1fb9e92603a1cfe,,,jessica.montgomery431@outlook.com,(712) 794-4013,verified,low,1,2024-06-06T11:13:57+00:00,2025-03-06T12:48:38+00:00
2213,C7002213,individual,Shawn,Williams,1985-02-17,f6230c0ff867db0235ef2f7e2d97598a40173dc35c63168adb0c5f075a3b02a6,,,shawn.williams356@aol.com,(868) 878-6192,verified,low,25,2017-08-17T06:46:42+00:00,2019-04-06T12:44:55+00:00
2214,C7002214,individual,Roy,Price,2007-05-17,93e39beffa2f8674b343439864f3f644797bbdcc00b23dfcd24925d95dd4d033,,,roy.price847@yahoo.com,(501) 562-2584,verified,low,5,2009-02-13T11:59:42+00:00,2022-06-05T03:26:15+00:00
2215,C7002215,individual,Scott,Brown,2001-08-25,1f4cdd8a320db31dfa44f02f801151048612ad09975fbec578bd80e24ce82d41,,,scott.brown795@yahoo.com,(564) 971-7291,verified,low,1,2019-10-15T02:45:19+00:00,2025-02-09T05:15:14+00:00
2216,C7002216,individual,Jared,Carr,1947-07-19,11ff6c638996b3cf3badcc657ed02d85c6d0b8912517ac1a56933459a9e5268d,,,jared.carr605@aol.com,(883) 310-2085,verified,low,15,2021-08-23T11:13:21+00:00,2021-09-07T03:15:44+00:00
2217,C7002217,individual,Kimberly,Townsend,2004-09-08,c7533cfd3ea78ad90e43342dd23a184f8bfe9cf5ceebd700ca463e0a05a3f937,,,kimberly.townsend766@outlook.com,(449) 209-5455,verified,low,24,2022-11-06T02:55:41+00:00,2025-10-17T02:22:14+00:00
2218,C7002218,individual,Isaiah,Palmer,1947-09-18,2efcf476d242578d27e944b5cdf1701a04231e3264331054784add331b5b5402,,,isaiah.palmer211@outlook.com,(587) 427-9630,expired,low,23,2008-03-22T09:46:48+00:00,2023-08-08T12:20:12+00:00
2219,C7002219,individual,William,Hull,1938-09-05,5595c4899ae3de7ab81209815696234c8765e4bcc68e4558d11c649910210c54,,,william.hull459@gmail.com,(592) 512-1189,verified,low,2,2015-03-02T13:55:27+00:00,2025-05-14T06:40:27+00:00
2220,C7002220,individual,Brandon,Frazier,1995-12-25,a1251fa50f4ed3aa5d521c658dbe48c0ef5be9de648b12a3358d49dad34dbea8,,,brandon.frazier205@aol.com,(359) 015-6407,verified,low,18,2008-09-07T01:46:22+00:00,2019-10-21T17:11:52+00:00
2221,C7002221,individual,Ashley,Greene,1981-06-13,4e17cd2bf0992692463ff4e3930c2be630ef5c45817c71694385c5bf7097a7be,,,ashley.greene13@outlook.com,(496) 234-4369,verified,low,22,2012-07-19T19:23:07+00:00,2017-04-09T09:19:26+00:00
2222,C7002222,individual,Justin,West,1958-04-18,209dcec1da70fafa20327096362aee88b1bdf1f13ef3bf97473db572016d7355,,,justin.west561@aol.com,(333) 601-0786,verified,low,6,2009-05-11T08:44:19+00:00,2019-06-23T01:00:05+00:00
2223,C7002223,individual,Elizabeth,Watson,1969-10-21,ec3a95c5b9a90ca22bab811d9d53b7e8b85a9cee3d71bc84f141b9ba11d4a0b7,,,elizabeth.watson179@yahoo.com,(603) 632-4286,verified,low,25,2016-07-13T20:08:05+00:00,2016-10-17T09:33:53+00:00
2224,C7002224,individual,Nicholas,Frazier,1997-06-05,33e72c0d5019484ebee9ad348c322c84af62bfb8463d3dbf6c6290b116a10365,,,nicholas.frazier178@icloud.com,(277) 236-5761,verified,low,7,2010-06-28T10:03:48+00:00,2022-01-30T12:13:29+00:00
2225,C7002225,individual,Lisa,Scott,2002-09-09,c4640e670ebd255fdbbed055720535618abd992fa6a783865dbf53678b840064,,,lisa.scott914@outlook.com,(572) 449-1764,verified,low,18,2009-01-06T03:25:20+00:00,2009-11-03T22:55:26+00:00
2226,C7002226,individual,Tamara,Sanchez,1974-08-08,b1358dfc38b122baca849380f7ab5dea306a46174c43fe4f14f75d8db4d8947a,,,tamara.sanchez68@aol.com,(703) 315-6670,verified,low,2,2018-04-17T13:02:21+00:00,2022-04-12T01:46:54+00:00
2227,C7002227,individual,Amy,Jacobs,1967-04-25,02aa4e88525dd3f92187ba841548e7e5f0ffb666e6affde2cf57e221da5a6f41,,,amy.jacobs135@yahoo.com,(103) 089-7586,verified,low,2,2013-09-24T01:51:17+00:00,2014-09-01T15:16:39+00:00
2228,C7002228,individual,Dawn,Leonard,1952-01-05,892cb395953c75f3a5e524d538b3582a45ce357821a4181ea83415031044ac1c,,,dawn.leonard546@outlook.com,(354) 853-9610,verified,low,3,2017-09-30T05:26:22+00:00,2019-03-31T03:10:05+00:00
2229,C7002229,individual,Ashley,Hall,1985-04-03,fb0957c6e70187570ae84a9717a263e2d7af69bd1e4001f922169b943baf693a,,,ashley.hall957@gmail.com,(445) 890-5730,verified,low,4,2008-03-06T13:27:27+00:00,2024-11-06T18:48:52+00:00
2230,C7002230,individual,Christopher,Murray,1951-09-13,8d2fd5ebf57e5210829409b923f5fbc507e36d3e409287c1f9013d7b7597a3d4,,,christopher.murray31@aol.com,(856) 836-9570,expired,low,6,2020-04-12T03:43:11+00:00,2023-11-21T20:35:09+00:00
2231,C7002231,individual,Marc,Lopez,1998-04-16,ca27129cde2295b8bbc57a7d5a29160056edcd057a04d9e45fe0e85beca91859,,,marc.lopez37@icloud.com,(335) 712-0574,verified,low,13,2009-07-11T14:42:21+00:00,2024-11-28T23:46:46+00:00
2232,C7002232,individual,Shane,Thomas,1955-08-22,a15d053b1c810f71d88dc986e79e7e661cd78129fb364f21b50a00c76ab12768,,,shane.thomas702@outlook.com,(531) 076-9070,verified,low,24,2021-08-21T12:12:51+00:00,2026-07-11T15:19:51+00:00
2233,C7002233,individual,Susan,Smith,1987-03-03,a772836ea64ffb06142242eef9d91193428caa1e258db5a9e6354641d8039105,,,susan.smith682@gmail.com,(323) 123-0367,verified,low,12,2016-12-29T19:35:43+00:00,2026-03-20T16:14:55+00:00
2234,C7002234,individual,Julie,Hill,1958-06-13,7c5d7046d195657de4195ef981534d1fcb9138785ca19ac4afbb4c41249a0cea,,,julie.hill425@outlook.com,(511) 688-3921,verified,low,14,2014-04-07T00:59:47+00:00,2021-04-14T20:09:59+00:00
2235,C7002235,individual,Theresa,Hughes,2004-03-24,17ef57a5aaeb8271f0d916366109369c56c59b5cb179a5b58b62c50e4abc1eb7,,,theresa.hughes720@gmail.com,(668) 293-0073,verified,low,1,2018-11-25T01:22:35+00:00,2023-03-23T21:34:32+00:00
2236,C7002236,individual,Brittany,Hall,2000-01-03,3e6b3541c210eb1ef12c15f8fda496bfd106d05078506c6cb09088c302623765,,,brittany.hall926@outlook.com,(608) 075-3939,verified,medium,22,2012-03-04T06:12:13+00:00,2017-06-03T21:22:03+00:00
2237,C7002237,individual,Natalie,Richards,2003-06-21,d12368fc1c60ca5e869edfc5cea97da0898331653536a1475357c4c51d2ea80c,,,natalie.richards144@yahoo.com,(380) 536-3471,verified,low,1,2022-02-20T00:00:45+00:00,2022-07-29T01:52:54+00:00
2238,C7002238,individual,Gerald,Curtis,1978-06-01,ca0d6fe27190d119a6c26761e8110d81d2f2038b6ebe52f3e976d71753f6802f,,,gerald.curtis593@yahoo.com,(058) 768-6946,verified,low,25,2025-12-17T08:55:24+00:00,2026-08-26T22:23:07+00:00
2239,C7002239,individual,Andrea,Chavez,1959-11-23,b7a6a684b43c564c59dacb24ac41a3fb5c7210843e78d4b65e2e5fe5cec68e66,,,andrea.chavez751@aol.com,(105) 663-2624,verified,low,7,2019-08-17T18:49:09+00:00,2022-01-30T09:56:50+00:00
2240,C7002240,individual,Ronald,Maxwell,1953-04-09,aabd2fb885a1356b214b1ea0c25e6fea7bd060e531b09ba76b35843448f57d5f,,,ronald.maxwell802@outlook.com,(112) 458-6154,verified,low,13,2024-06-28T17:14:25+00:00,2025-07-31T21:50:31+00:00
2241,C7002241,individual,Douglas,Robinson,1945-07-05,29f18d63e7b056cc247ef98245d1333bf6e92dfb27fdbf2e6fda4118d01a2812,,,douglas.robinson364@gmail.com,(602) 339-8047,verified,medium,12,2024-01-03T18:20:35+00:00,2026-08-15T02:04:10+00:00
2242,C7002242,individual,Rebecca,Alexander,1970-10-17,b500f6238b9e8beb4fc607e859a590e7e9dba51118dd3e013962420d70b6952b,,,rebecca.alexander96@gmail.com,(315) 938-0962,verified,medium,22,2019-01-01T00:22:42+00:00,2023-09-18T21:57:24+00:00
2243,C7002243,individual,Brandon,Hunt,2001-11-05,d8b52438a79054309649a51df2449373ebcce8a5b93b362169a9b93fc244a36e,,,brandon.hunt451@outlook.com,(889) 743-5408,verified,low,1,2010-10-18T09:07:31+00:00,2011-09-28T02:49:32+00:00
2244,C7002244,individual,Matthew,Hayes,1953-11-17,9bd8d618ad1d8b64e705513bb2e98e15783358939150957a95b295cb5007ec0d,,,matthew.hayes192@aol.com,(688) 145-3924,verified,low,6,2021-10-09T03:04:51+00:00,2024-08-16T12:54:56+00:00
2245,C7002245,individual,Taylor,Kelly,1979-01-07,1d5a1c7f74c490f664273addc9dfef96ea3ae11732ea755e9ef4b99f3693094c,,,taylor.kelly457@yahoo.com,(215) 786-4482,verified,low,4,2012-12-20T10:58:04+00:00,2015-11-17T01:11:59+00:00
2246,C7002246,individual,Rebecca,Jones,1984-11-20,b2ab7ae1ba57b921d7748b87b5acaf14ad53d6a74d32829a8aba378439e603e0,,,rebecca.jones801@icloud.com,(256) 244-3762,verified,low,2,2016-01-17T15:12:10+00:00,2019-01-05T07:20:59+00:00
2247,C7002247,individual,Tyler,Nielsen,1968-12-29,692f4c5e142021e7f740aa23c6c8831e66c985915badeb525d67c79ec80cbc4d,,,tyler.nielsen80@outlook.com,(010) 955-7538,verified,low,23,2025-01-30T20:55:27+00:00,2026-09-13T09:28:34+00:00
2248,C7002248,individual,Erica,Hutchinson,1977-03-23,78eef5098be52190ba4de243f5f3fee9f6f1cadd2ffe8ef46fb6147dfa607e36,,,erica.hutchinson784@gmail.com,(691) 178-1887,verified,low,11,2010-09-03T14:27:03+00:00,2019-02-28T14:07:55+00:00
2249,C7002249,individual,Deborah,Jones,1963-07-29,84b0e0ad71abec87080fc005363bfcc078dc2c4d954bc822758c074abb855b9e,,,deborah.jones781@gmail.com,(621) 000-4719,verified,medium,19,2014-04-02T20:13:43+00:00,2021-04-09T23:15:45+00:00
2250,C7002250,individual,Rodney,Valenzuela,1945-08-01,35fd69253ca38dc4c55fcbf2f40147dbeb5fe511dcfad6e4624f7612f10431eb,,,rodney.valenzuela687@aol.com,(470) 126-0562,verified,low,25,2017-01-23T10:28:59+00:00,2017-07-29T18:52:20+00:00
2251,C7002251,individual,John,Hicks,1973-03-06,8ad840318dbdc3335a489a16ac989b826a65f1f0948b179605e2396a5da6b622,,,john.hicks18@outlook.com,(298) 628-1180,verified,low,25,2018-10-12T22:37:57+00:00,2022-09-02T17:59:36+00:00
2252,C7002252,individual,Mark,Harvey,1946-07-28,72f9286cc24d3ed3b5daba6fd1734618f340f022b05d2946a5e4286eb1155abe,,,mark.harvey818@icloud.com,(813) 391-7232,verified,low,15,2024-06-27T18:39:39+00:00,2025-09-22T01:32:22+00:00
2253,C7002253,individual,Robert,Flowers,1940-08-09,836475502d7d42215404e4ac276f1a47cb78f67623ec0c61bfd3dfe61a703bca,,,robert.flowers233@yahoo.com,(249) 914-1071,verified,low,14,2018-06-09T20:06:53+00:00,2020-04-01T01:32:35+00:00
2254,C7002254,individual,Karen,Torres,1973-02-03,d531c513c542ddafa1b2d5afed957570b07faba1235ad72003d11f86693efb68,,,karen.torres700@gmail.com,(753) 737-3269,verified,medium,11,2014-01-19T03:59:56+00:00,2017-06-01T15:06:44+00:00
2255,C7002255,individual,Pam,Mosley,1967-04-15,a638c50857c66d1040e101756fe5431eab95e5bb808432a7a7829678c6fef997,,,pam.mosley88@icloud.com,(009) 125-8534,verified,low,19,2016-03-24T14:16:06+00:00,2019-12-12T18:47:12+00:00
2256,C7002256,individual,Omar,Martinez,1965-12-18,b3d5a93f30dd99bdd58d4c59dcc299ce5e88d39955f369bd58d10406e4c314ff,,,omar.martinez547@gmail.com,(993) 180-4479,verified,low,8,2021-07-05T13:26:47+00:00,2026-07-27T16:38:12+00:00
2257,C7002257,individual,Tiffany,Macdonald,1943-01-31,787ac25c00f5c334e679731997c34c2aa83c71bca43356597d107431241f2614,,,tiffany.macdonald759@outlook.com,(009) 171-9537,verified,low,4,2010-08-25T08:35:57+00:00,2025-07-10T14:52:27+00:00
2258,C7002258,individual,Scott,Douglas,1943-01-17,e708c724a2774d5f317912e72bdd19c1d3f82432ea4071fa9cca77f257a0c3f5,,,scott.douglas813@icloud.com,(154) 516-4339,expired,medium,12,2013-03-14T11:05:40+00:00,2019-04-25T20:19:34+00:00
2259,C7002259,individual,Melissa,Arnold,1967-03-15,1a4ec2efc74704119367317bf2a2bc095cd2d606a6b7a0833e44417fea6fb86b,,,melissa.arnold237@icloud.com,(875) 719-8872,verified,low,13,2014-01-21T13:02:37+00:00,2014-04-18T16:39:07+00:00
2260,C7002260,individual,Craig,Marsh,1997-01-22,5a37d0c587ebc5413b2deec80766de2a5f19a210b3ade241b92019a8a7e4c9eb,,,craig.marsh754@gmail.com,(932) 206-4620,verified,low,18,2018-02-20T05:50:20+00:00,2025-11-19T09:39:03+00:00
2261,C7002261,individual,Eric,Humphrey,1977-06-05,3ea659ab3ca006e3dff7fa09c2cfc22f74aa6688a4434099978c6fc1b090072c,,,eric.humphrey68@icloud.com,(512) 265-8177,verified,low,14,2018-04-20T09:42:20+00:00,2024-02-19T11:54:17+00:00
2262,C7002262,individual,Danielle,Oneal,2002-11-23,305d5003b18efff2435976b26adbccbada3b8b34d90c668f57169dc748bc352f,,,danielle.oneal604@yahoo.com,(073) 888-0122,verified,low,5,2016-05-14T03:13:22+00:00,2026-09-06T08:07:39+00:00
2263,C7002263,individual,Linda,Burton,1943-08-23,4eaadc9e2790f9df5cc3218bcf3ce58b83d02adac15d9a684f892d6f73d26a3f,,,linda.burton743@icloud.com,(504) 122-5011,verified,low,6,2017-01-30T20:43:13+00:00,2023-09-28T14:12:46+00:00
2264,C7002264,individual,Todd,Grant,1968-11-19,435607c526292b05d993c38a79dfbc4296cdfd62e83f5faa50f4482b80645071,,,todd.grant920@yahoo.com,(493) 719-1045,verified,low,12,2009-11-30T02:30:37+00:00,2013-01-11T14:56:43+00:00
2265,C7002265,individual,Michael,Perez,2006-07-20,ebebf2efcff7612a6ef9f0e349eaa73d7df911a6a97c9146bd5c455aa7748320,,,michael.perez75@icloud.com,(359) 127-5362,verified,low,10,2020-01-29T18:17:28+00:00,2023-02-07T17:45:04+00:00
2266,C7002266,individual,Selena,Caldwell,1975-03-06,08186c534a25376cb36ab9b7a38e2bab6d33f6c3f0bac79cd50a9aacea6d00a8,,,selena.caldwell77@yahoo.com,(811) 855-7717,verified,low,19,2018-11-22T11:01:20+00:00,2024-02-19T07:38:50+00:00
2267,C7002267,individual,Peter,Dougherty,1957-12-19,27bb08d7685ef15dfe2b09a9098bbc705f9891d540a13df527039765bd28e4b5,,,peter.dougherty99@outlook.com,(030) 735-3868,verified,low,18,2022-08-03T23:40:35+00:00,2024-01-12T08:06:19+00:00
2268,C7002268,individual,Melissa,Cruz,1945-12-29,049d5f447614177ac6662d690d29668516e04afd3ece1f6a6536246f2de04761,,,melissa.cruz102@gmail.com,(900) 853-4755,verified,low,14,2019-09-20T22:29:31+00:00,2025-04-28T11:59:33+00:00
2269,C7002269,individual,Robert,Guzman,1966-02-13,869c245551b8db0914ffb695b8ca63e0438e1cd28a133a2b8828c2f7003b7712,,,robert.guzman284@gmail.com,(395) 198-1383,verified,low,3,2015-02-24T07:08:01+00:00,2021-08-25T01:12:44+00:00
2270,C7002270,individual,Steven,Ruiz,1985-11-12,427eaa2692fe4ca01c10b24fee04e25b56f7d165626542fc705d0f7d2b86543a,,,steven.ruiz413@yahoo.com,(589) 961-6001,verified,low,11,2018-03-02T08:06:40+00:00,2022-01-03T03:12:11+00:00
2271,C7002271,individual,Elizabeth,Warren,1997-11-20,bd4af69f82b1daef3010a7fb7db8f773c9ebcb1795613160b175995f472a7d06,,,elizabeth.warren704@outlook.com,(309) 077-2584,verified,low,22,2026-01-21T12:34:30+00:00,2026-07-13T00:15:34+00:00
2272,C7002272,individual,Ralph,Cook,2002-09-03,0f0c64c8eb84497f73a4e5d5f2f015663da17d757e2e0517d86c04a723970e05,,,ralph.cook415@yahoo.com,(890) 255-2889,verified,low,14,2012-08-26T07:44:59+00:00,2019-05-07T07:26:28+00:00
2273,C7002273,individual,Dalton,West,1947-06-07,a11d2254a05f0b93a580a25ef3195ca76c89027059436989661ccfa4ee7133df,,,dalton.west371@aol.com,(973) 090-5330,verified,low,18,2016-12-04T20:05:50+00:00,2022-11-24T20:19:00+00:00
2274,C7002274,individual,Allison,Yang,1960-04-08,89af5b4c1b61206fea57ad2ef3602043d8ea91312bacef95d5855f1aa8df2be5,,,allison.yang777@aol.com,(137) 447-1565,verified,medium,7,2024-03-28T17:07:23+00:00,2025-03-06T09:21:20+00:00
2275,C7002275,individual,Amanda,Serrano,1943-07-17,32ddaaf094264dbaa87df3ae019ca86ec4cd1ad2c0e0baab13c68de66c0c0395,,,amanda.serrano809@aol.com,(152) 620-7679,verified,low,11,2023-01-19T07:42:55+00:00,2026-05-29T01:17:13+00:00
2276,C7002276,individual,Melissa,Owens,1967-10-26,a1dbbf320c264a5b332221bfa939c2d34702212d98c1652fe7cbc8d408c20d8b,,,melissa.owens980@gmail.com,(879) 492-3151,verified,low,25,2012-02-17T07:29:00+00:00,2019-04-18T07:00:51+00:00
2277,C7002277,individual,Tiffany,Miller,1993-04-16,149b2e74b29db0d1bf750206c742c42d54a7b6bf8fbb0eeed1dbe77d31bae40c,,,tiffany.miller888@icloud.com,(376) 061-7125,verified,low,1,2019-05-24T15:30:12+00:00,2024-11-12T09:16:56+00:00
2278,C7002278,individual,Amy,Gonzalez,2003-11-02,fff70d852094295f76f2df76343bda9ccdb7b34720a64a0641bb6bb259f780cb,,,amy.gonzalez909@icloud.com,(340) 288-5599,verified,low,3,2011-05-14T12:07:41+00:00,2016-12-18T03:44:20+00:00
2279,C7002279,individual,Bonnie,Cameron,1996-07-11,94641391bb27c3e0571a47d88876944860a6df586980bd14206884ec37a5d2e1,,,bonnie.cameron323@icloud.com,(868) 320-0738,verified,low,11,2022-07-15T03:27:57+00:00,2025-07-16T19:01:07+00:00
2280,C7002280,individual,Samantha,Russell,2005-05-27,cd328b80e82de52560de54a0646b2c167b9f0b0fd94165103e652ceb7a09f126,,,samantha.russell883@gmail.com,(348) 776-0131,expired,low,23,2015-07-25T07:07:44+00:00,2017-09-22T00:53:11+00:00
2281,C7002281,individual,Alyssa,Ortiz,1997-06-27,2790611730e1e79a74d59bd3a893af63a5ad89519d5695dee4f52fbc3af59686,,,alyssa.ortiz301@yahoo.com,(565) 840-4291,verified,low,3,2021-01-07T02:45:41+00:00,2024-12-16T14:04:52+00:00
2282,C7002282,individual,Christian,Martin,1980-11-27,a42888a0727c66d384870d22e63a8c90bed3d9e651002d665dd4837dbec4a66f,,,christian.martin428@gmail.com,(764) 155-7213,verified,low,6,2018-04-26T03:27:13+00:00,2020-04-18T10:26:40+00:00
2283,C7002283,individual,Gary,Lloyd,1949-01-27,6bde81a68b8206162216e64c1e4eafb209df6fb11b72c5f7fa7ff615f1364fc4,,,gary.lloyd833@gmail.com,(722) 071-1350,verified,low,25,2018-02-18T09:29:31+00:00,2024-08-23T17:31:38+00:00
2284,C7002284,individual,Ashley,Rivera,1998-09-21,2214df0e979f92c6ab35ee008e48a98d68c31f2c4e93367dcfcefd7c28565f0b,,,ashley.rivera124@aol.com,(684) 727-6041,verified,medium,13,2009-12-13T20:49:46+00:00,2024-06-27T09:39:46+00:00
2285,C7002285,individual,Justin,Collins,1983-08-10,a2d80ea6f9063b3598f632e34aa54675a3d4b8816d1bbb242e9cfa0f09f359f2,,,justin.collins87@yahoo.com,(963) 247-0042,verified,low,6,2025-06-29T05:03:25+00:00,2026-07-17T05:07:22+00:00
2286,C7002286,individual,Howard,Thomas,1981-08-27,ecdcb39646fd4841f2fa5190faa2b45c4bdcf75ddedbb79efaf175479e06ef0d,,,howard.thomas391@yahoo.com,(767) 532-9998,verified,medium,2,2016-12-28T05:14:30+00:00,2020-05-20T05:10:22+00:00
2287,C7002287,individual,Dave,Juarez,1991-07-05,1396cc70c6ec19c5c2c98093136852de41f3367f5e8b3026759e525b8757b4d9,,,dave.juarez499@aol.com,(246) 411-8803,verified,low,13,2015-05-24T19:03:42+00:00,2021-12-19T12:07:26+00:00
2288,C7002288,individual,Hannah,Sanchez,1998-01-18,911868b7685909728c5463a60cc49f6aca765837fb71abf3b33b88250e5c2706,,,hannah.sanchez337@icloud.com,(721) 850-8226,verified,low,11,2009-06-22T15:44:39+00:00,2011-07-07T21:37:38+00:00
2289,C7002289,individual,Christina,Campos,1971-07-12,4dd1c298beb7567780fc79613ae721ee698ac43f600a8a35053afadd991b6465,,,christina.campos542@yahoo.com,(400) 175-5049,verified,low,25,2024-09-20T14:29:17+00:00,2025-11-25T04:23:52+00:00
2290,C7002290,individual,Jessica,Allen,2005-10-30,ba436dfb88cfd4dab6b91057fc4704663371faeaaf5548cacdccf8c9e8543ed8,,,jessica.allen893@gmail.com,(928) 392-9123,verified,low,21,2019-03-15T08:21:13+00:00,2022-10-21T16:45:11+00:00
2291,C7002291,individual,Jeffrey,Thomas,1949-05-29,34326c8d62186500005e35dcb142585e15c492a837dd1961fd4e48df0c8f6bfe,,,jeffrey.thomas478@outlook.com,(432) 376-0356,verified,low,9,2020-09-24T23:32:58+00:00,2021-01-19T15:22:50+00:00
2292,C7002292,individual,John,Torres,1954-06-27,dfee689ecdf33a06ae5fae09a2196307e2ed7db7ea2f3af6f2b42efc33dc3937,,,john.torres487@outlook.com,(032) 227-5617,verified,medium,19,2016-07-11T15:40:06+00:00,2021-03-07T17:55:42+00:00
2293,C7002293,individual,Jennifer,Andrews,2008-06-30,3eb453b5db1ec3e25f25f51938c5444b39cc2cba7f01d6110a058ab33b9be061,,,jennifer.andrews424@aol.com,(241) 296-3597,verified,medium,11,2025-06-08T01:14:27+00:00,2026-03-22T12:56:04+00:00
2294,C7002294,individual,Michael,Nelson,1989-12-06,c19d87d0fa7624c6f0aeb4f51432dce80892151554079b74a07080708b273516,,,michael.nelson331@icloud.com,(442) 973-7268,verified,medium,6,2023-07-14T12:32:48+00:00,2024-12-22T12:56:24+00:00
2295,C7002295,individual,Cynthia,Underwood,1953-04-08,9fb49dbc08711937a234a68276eabdb3922665d514480acff12dafea63ddec0d,,,cynthia.underwood451@aol.com,(139) 311-6531,verified,low,25,2015-06-23T00:54:36+00:00,2020-01-07T09:39:33+00:00
2296,C7002296,individual,Lori,Mendoza,1963-05-29,1bd73f9c7ad0150d1a8de8a99686387674d17e262502848fdb232be2eea3c6e2,,,lori.mendoza702@aol.com,(833) 335-6255,verified,low,10,2021-10-17T09:17:05+00:00,2023-04-16T12:34:51+00:00
2297,C7002297,individual,Jesse,Lee,1984-09-20,e1b864c26cd29d30cc9191fb850657c5a8e38c5d00e7d264e096e1e02de92cee,,,jesse.lee837@outlook.com,(220) 173-8226,expired,medium,8,2012-12-26T07:03:07+00:00,2021-11-30T13:34:43+00:00
2298,C7002298,individual,Lawrence,Patterson,2004-12-13,8dfe8bed93ed9018ee818b98e609edd41dc6fa50bfa89f77d01305f2c43745d2,,,lawrence.patterson885@aol.com,(995) 911-0298,verified,low,6,2008-07-31T14:34:23+00:00,2024-11-07T11:59:35+00:00
2299,C7002299,individual,Catherine,Charles,1990-07-29,3ac51cc5c8138cfb0689c0611cc857fad635619452f7367b266bb3833465c2ea,,,catherine.charles538@icloud.com,(201) 306-5332,verified,low,13,2008-06-24T05:30:47+00:00,2019-05-28T03:24:39+00:00
2300,C7002300,individual,Michelle,Torres,2004-02-18,111c956678e7f9eee4f9f1e7d79975139190c6a8f3b3583e13965ad01688d155,,,michelle.torres474@icloud.com,(913) 497-3105,verified,low,5,2020-10-11T23:44:56+00:00,2026-08-01T21:07:06+00:00
2301,C7002301,individual,Elizabeth,Howell,1972-08-30,9c6040b3c8b5425d33d0456de2138450dda9344c41b599541212333ab8a4b53b,,,elizabeth.howell459@icloud.com,(893) 821-2101,verified,medium,11,2018-03-22T01:14:43+00:00,2018-12-07T22:40:29+00:00
2302,C7002302,individual,Stephen,Chambers,1997-08-22,2db1a92bcdf9e82e70822d47e8fc39f16497e48731368b6a94addeb3f35ee4a3,,,stephen.chambers961@icloud.com,(310) 094-5319,verified,medium,22,2017-11-28T11:27:57+00:00,2023-10-20T21:09:37+00:00
2303,C7002303,individual,James,Weiss,2007-01-07,86e7fdd33cf043931c22b9e0dd5b3af2bdb56cab668b73054f59fe82a6d696b0,,,james.weiss226@aol.com,(509) 444-8317,verified,low,2,2010-05-13T00:03:02+00:00,2026-05-19T07:11:45+00:00
2304,C7002304,individual,Jennifer,Walker,1939-12-04,94e4b62d462cfc9bf882c42141f08f08ce3d8ee2f54cd07edefaa9298ff8d4e4,,,jennifer.walker118@outlook.com,(722) 575-8483,verified,low,21,2021-01-27T07:01:17+00:00,2025-10-01T10:25:43+00:00
2305,C7002305,individual,David,Hays,1952-07-17,7227a9d780c34ba9e58736f14f169bbbba38bd5637fad35b320bc40add63ffcb,,,david.hays711@aol.com,(586) 234-2234,verified,low,16,2022-12-10T07:42:59+00:00,2025-10-24T03:25:02+00:00
2306,C7002306,individual,Parker,Myers,1961-09-08,fb86c216728b7627378ffa3acc37d7af261e2989644f87ba07aa0f551d7aa686,,,parker.myers325@gmail.com,(606) 125-1743,verified,low,25,2019-06-18T19:45:40+00:00,2025-10-31T09:12:25+00:00
2307,C7002307,individual,Margaret,Coleman,2005-05-09,3df964a9489987ffc7dfac10fe8ab7cfec6dd51ea416edb1dfaf8094f4e57a4c,,,margaret.coleman661@icloud.com,(612) 476-8597,verified,low,22,2015-06-11T06:26:49+00:00,2022-06-27T02:58:22+00:00
2308,C7002308,individual,Kenneth,Mendez,1991-02-27,4e96c68c972d79346a0c220a6ab8ebe8cdcf4d9e8466cfa9602540042eba3e9c,,,kenneth.mendez388@outlook.com,(825) 457-6344,verified,low,9,2012-04-19T20:59:56+00:00,2023-04-27T10:56:33+00:00
2309,C7002309,individual,Alexa,Young,1946-11-22,5277f4ec5643a9135381ab14b1ae07dcd591fed21f9bfc9bbb5f7c4117e81382,,,alexa.young773@yahoo.com,(046) 535-2170,expired,low,25,2009-02-18T04:45:14+00:00,2015-05-18T19:17:10+00:00
2310,C7002310,individual,Samantha,Tucker,1977-10-23,bf2402a618a8322cad4d52e7beb5266a26d0d7eb1bd82fbc9c4aca2031ff0b26,,,samantha.tucker246@outlook.com,(012) 153-2388,verified,low,2,2020-09-08T08:06:47+00:00,2025-04-19T10:05:37+00:00
2311,C7002311,individual,Caitlin,Diaz,1957-04-20,3dd22e858a55716af1d420440972f4a4d7c62164d77c38bd6a950ca121ffbabb,,,caitlin.diaz392@yahoo.com,(667) 646-2906,verified,medium,25,2021-02-06T10:32:16+00:00,2022-10-18T22:04:49+00:00
2312,C7002312,individual,Kristi,Wilson,1947-12-25,3b3dd7dadeca991c6d5dd39825372e0a854e19ba699724acd166a4b32fb5a61e,,,kristi.wilson360@gmail.com,(787) 000-9854,verified,medium,23,2011-11-05T21:59:07+00:00,2019-05-10T07:26:14+00:00
2313,C7002313,individual,Tara,Delgado,1968-04-08,95b74de36758ef4be6728aaace5b3bdd4d6d87ecb4b82690250761414324a3a8,,,tara.delgado619@icloud.com,(203) 760-2070,verified,low,8,2021-06-16T07:19:38+00:00,2021-07-09T15:00:46+00:00
2314,C7002314,individual,Patrick,Reynolds,1940-11-15,30f94a516bf08045a5384aa2ccfb7fe0af269988735753e3cb1ebeae25cc62e7,,,patrick.reynolds890@icloud.com,(319) 949-3449,verified,low,11,2023-06-07T13:17:20+00:00,2024-06-25T20:56:33+00:00
2315,C7002315,individual,Edwin,Douglas,1947-08-17,06119f722e28abeeb35222204c3cdc253e3ef47715880074c43b61c5678665d4,,,edwin.douglas566@gmail.com,(574) 194-5089,verified,low,20,2016-05-18T00:45:40+00:00,2016-09-25T15:34:51+00:00
2316,C7002316,individual,Natalie,Miller,1967-04-08,b418ea88c36201d8deba0dd80c0172182253f6c17532932d0b11896496dd43d2,,,natalie.miller258@icloud.com,(333) 634-5280,verified,high,19,2019-09-23T23:18:24+00:00,2021-01-21T23:01:17+00:00
2317,C7002317,individual,Tommy,Wilcox,1955-08-22,2f50d1420e04b62ab2d4bca12965f1aa5334cb8f67d261c690f2f30e9f428630,,,tommy.wilcox689@gmail.com,(906) 081-2570,verified,low,25,2024-11-05T10:14:52+00:00,2025-03-09T14:06:27+00:00
2318,C7002318,individual,Charlotte,Cabrera,1940-01-24,e0d018f9bb40c3fe0bf3329873c4a8e289682c364cfa498956dd791781c4f400,,,charlotte.cabrera654@icloud.com,(002) 197-9764,verified,low,3,2025-03-13T06:49:26+00:00,2025-11-03T01:23:04+00:00
2319,C7002319,individual,Michael,Taylor,1964-02-13,aa9148d7278ee96f37a7e9478809bbd6d3c070f2c67d66a4a65dc3f122b4796e,,,michael.taylor254@gmail.com,(280) 261-4228,verified,medium,19,2026-04-29T03:28:22+00:00,2026-09-08T08:41:02+00:00
2320,C7002320,individual,Danielle,Adams,1964-06-08,320315f8c401f471b5097d8e4b46d5527664e189f809df9b21d3fde84938d065,,,danielle.adams61@icloud.com,(800) 272-9171,expired,low,2,2014-02-15T16:30:06+00:00,2024-04-19T05:03:14+00:00
2321,C7002321,individual,Gary,Mccoy,1992-03-28,585ea168303ad0dbde8ed6ac50d5a88b733b84ca4b2117e29a3e20ab6ee7fe65,,,gary.mccoy570@yahoo.com,(349) 460-7818,verified,low,5,2015-01-01T15:06:20+00:00,2020-10-03T01:52:49+00:00
2322,C7002322,individual,Jeffery,Lynn,1959-10-25,ee53bcd9dafbc00a51d0f3c74570837e588044c323b541e866bc3babaf1076cb,,,jeffery.lynn983@yahoo.com,(311) 547-9704,verified,low,15,2022-08-28T05:27:08+00:00,2024-07-01T20:52:23+00:00
2323,C7002323,individual,Rebecca,Hill,1997-06-27,3dad46cd047ce5134ee654b05b2f2b65be3efef7d07b0b820d461cd63169c791,,,rebecca.hill830@aol.com,(299) 387-8843,verified,low,21,2017-05-03T14:36:48+00:00,2024-02-27T16:18:08+00:00
2324,C7002324,individual,Adam,Jackson,1996-11-17,f62bf9ad8fb26223415e0cf388d2677f2c617b7858984a3dcffbced103cffbf9,,,adam.jackson461@aol.com,(870) 698-3292,verified,low,12,2019-09-03T17:00:52+00:00,2021-04-06T01:13:33+00:00
2325,C7002325,individual,Nicole,Garrett,1983-04-03,e7f700698967271df110940fb061848f86356187379f4edab23658faac30c78a,,,nicole.garrett634@aol.com,(721) 889-0665,verified,low,24,2023-03-03T03:50:01+00:00,2023-12-10T18:36:51+00:00
2326,C7002326,individual,Pamela,Miller,1942-08-08,41e263af227ca9e87dcc1b728bc92f17947bc9dc4cda8f3e2238e8250f8db479,,,pamela.miller899@yahoo.com,(775) 399-5431,verified,low,9,2013-11-08T01:51:09+00:00,2021-09-23T23:08:36+00:00
2327,C7002327,individual,Joseph,Salinas,1976-11-19,f52a66233909572cf2f7d947e0b09625f1cb44fc2eed546cef3d64e94f569e98,,,joseph.salinas795@aol.com,(166) 118-5700,verified,low,24,2012-11-08T00:05:28+00:00,2016-11-19T12:12:26+00:00
2328,C7002328,individual,Rachel,Kennedy,1945-11-29,3c1492df863b48cbf76f3c4a1fbca10a8bf6b2523854321708fcf94d858b7fd1,,,rachel.kennedy198@outlook.com,(572) 903-4138,verified,low,2,2023-03-15T17:17:29+00:00,2023-07-09T05:14:47+00:00
2329,C7002329,individual,Max,Benson,1946-04-26,48219c43dca79cbbbfc85e8ede349eb9ae2b72a9d5ac2ad7248509b94424a4a2,,,max.benson440@gmail.com,(510) 099-9129,verified,low,24,2017-12-02T18:03:54+00:00,2024-09-18T20:49:50+00:00
2330,C7002330,individual,Rebekah,Johnson,1970-10-04,2ebbbf02a0839a9ee27777f8fa6d58b28faaf639a25c2a6a0051f5c8c987222d,,,rebekah.johnson415@aol.com,(091) 204-5938,verified,low,24,2009-11-07T11:35:35+00:00,2019-05-19T17:53:48+00:00
2331,C7002331,individual,Robert,Thompson,1951-05-16,7a38bc8a47c38bdf951a662fd2cfec77c57558fe2f1586757ecd9f02b1d605a6,,,robert.thompson207@icloud.com,(003) 736-3757,verified,low,16,2014-03-10T00:00:52+00:00,2014-05-06T05:25:34+00:00
2332,C7002332,individual,Jeremy,Wise,1975-02-07,4025f2fb6ab151e4d2ae8890d404948b79b9012817d1bd1a32152678efda142f,,,jeremy.wise359@aol.com,(446) 455-7531,verified,low,8,2009-11-13T18:05:07+00:00,2017-01-29T08:20:19+00:00
2333,C7002333,individual,Joshua,Larson,1942-03-08,59284fda73b1af478f2827d42f4dde26e977395219b65dcef7fddcb05f46eba7,,,joshua.larson712@icloud.com,(529) 165-3979,verified,low,22,2017-12-23T18:06:35+00:00,2025-01-27T18:28:56+00:00
2334,C7002334,individual,Jonathan,Abbott,1949-09-28,f992efd86e8abd795ea128cdb584ae3503e6b3b1872811e9faf0261f6e4b0767,,,jonathan.abbott103@outlook.com,(240) 230-8912,verified,low,1,2020-03-03T02:16:52+00:00,2020-04-12T17:31:57+00:00
2335,C7002335,individual,Edgar,Blackwell,1955-04-03,32a80609fb36589f1f381b7ea8c64faaf9d605400c8e5ed085a8d30486fe284e,,,edgar.blackwell145@yahoo.com,(429) 009-4017,verified,low,8,2021-07-02T05:37:39+00:00,2023-02-08T02:30:34+00:00
2336,C7002336,individual,Ronald,Graves,1988-03-11,c4d57320fbed2a05d589a325ff3ed0bd70bf1baee2cb82e6f0f8240f24a57fc8,,,ronald.graves94@icloud.com,(249) 116-9934,verified,low,10,2012-04-06T19:17:12+00:00,2023-03-18T01:50:21+00:00
2337,C7002337,individual,Steven,Wilson,1992-02-10,7c36fc40c47bec07ddeffe6dbeae6e5b410e43e6b9ef36987ae9e4b613e43c6e,,,steven.wilson55@yahoo.com,(821) 927-9006,verified,low,13,2021-05-03T23:01:51+00:00,2026-05-08T08:42:04+00:00
2338,C7002338,individual,Colton,Miller,1952-12-30,4061e440bb95d9bf75205e15f2f9c4f49b611a9858c93b89e770f1893a97b595,,,colton.miller511@icloud.com,(925) 867-4564,verified,low,18,2016-01-24T18:04:06+00:00,2025-11-11T23:47:00+00:00
2339,C7002339,individual,Jenny,Dean,1940-02-28,93aa360acf47e87aa8751549222dca50e2e6cd4fbce6fc7391b0414a9b799066,,,jenny.dean298@yahoo.com,(608) 467-4072,verified,low,25,2009-09-30T16:05:06+00:00,2016-08-29T00:46:21+00:00
2340,C7002340,individual,Jessica,Harris,1991-07-10,7d6d1662318014e557eab9df7894aa24b2f11750f033561075697403bde32962,,,jessica.harris177@aol.com,(320) 406-3223,verified,low,22,2008-06-12T16:55:20+00:00,2010-05-09T16:22:26+00:00
2341,C7002341,individual,Lauren,Hampton,1987-09-20,ff12964a4b2516c9c1a61fdd6d77cacf2ac037c029558334a690753c180eb5e2,,,lauren.hampton229@gmail.com,(197) 969-7816,verified,medium,7,2014-12-31T12:50:54+00:00,2017-03-12T13:43:59+00:00
2342,C7002342,individual,Christopher,Gomez,1992-08-10,e9b3746772c8bbc2dfa8414101a71ecef7b5246cec8cf14767c2a1f989e30a0b,,,christopher.gomez943@icloud.com,(096) 273-1673,verified,low,9,2026-01-24T22:04:41+00:00,2026-07-16T05:01:11+00:00
2343,C7002343,individual,Thomas,Wright,1938-08-16,99b6d3a9a5082937cf1472d5cc48fda3be7d959baa66cc8f77614a701d665663,,,thomas.wright107@yahoo.com,(987) 715-8927,verified,low,15,2009-03-26T09:57:10+00:00,2020-09-22T14:41:18+00:00
2344,C7002344,individual,Paige,Ortega,1952-11-30,21f783d4fd779a570a84ea5651dbd5f357ca3e6f9746aa605b441b13ce4287ab,,,paige.ortega700@outlook.com,(421) 511-2610,verified,low,9,2014-07-27T14:33:37+00:00,2026-03-07T01:13:15+00:00
2345,C7002345,individual,Ashley,Castro,1952-11-02,bb425e9aac27decfe609d5477a0cced6f0bda25cf82ed875d51595889fd047c7,,,ashley.castro508@aol.com,(732) 642-6677,verified,low,2,2010-03-16T05:54:16+00:00,2013-06-14T02:19:18+00:00
2346,C7002346,individual,Whitney,Ellis,1987-06-06,d2a6ea031e1a379b7183aaba7361013f3aba602973f097043c806d5a1c2b9acd,,,whitney.ellis680@yahoo.com,(627) 664-7848,verified,medium,1,2017-12-12T19:18:23+00:00,2025-01-11T20:45:53+00:00
2347,C7002347,individual,Christina,Cook,1952-02-03,e4438c32345009bfd16368001f4d197932d7221fffec9a602ed52b427f6b066a,,,christina.cook795@icloud.com,(609) 901-4806,verified,medium,23,2008-08-08T17:20:16+00:00,2018-11-25T13:01:30+00:00
2348,C7002348,individual,George,Perez,1960-08-13,07f5d9ea720ad527272301fd3ce6f3a815344c6e232ee9cd8226ba2c53f9b899,,,george.perez9@gmail.com,(432) 260-2784,expired,low,24,2013-03-22T07:37:46+00:00,2019-08-20T10:10:02+00:00
2349,C7002349,individual,Alicia,Abbott,1941-08-03,0bac5ab3a0afac826432255619357c30e4e10f8f7466b40db353bf305630d4ba,,,alicia.abbott848@aol.com,(071) 056-4006,rejected,low,7,2019-12-30T08:56:41+00:00,2023-12-21T11:18:44+00:00
2350,C7002350,individual,Leslie,Castaneda,2006-08-08,6c4d908c827c4921df87de44c5f852e0aa95daf57e43d6dbaca92bcc9cd363ed,,,leslie.castaneda651@gmail.com,(075) 764-4963,verified,medium,20,2019-01-11T20:03:17+00:00,2021-01-15T17:03:41+00:00
2351,C7002351,individual,Brent,Thompson,1947-07-11,409459a0b3e4c9ace0cbf02d798007f581761a1c85a50648bdff82f16dfd672e,,,brent.thompson538@gmail.com,(567) 992-6624,verified,medium,5,2019-11-11T11:57:58+00:00,2021-06-30T06:15:58+00:00
2352,C7002352,individual,Paul,Nixon,1983-11-11,e7239a17080cd4d445defbae967971f8adc74d9191543535dce1e1aebdd3d78e,,,paul.nixon14@gmail.com,(146) 921-1936,verified,low,18,2023-12-30T13:31:20+00:00,2023-12-30T14:44:19+00:00
2353,C7002353,individual,Chad,Hughes,1958-10-14,96a14cd5c0fde15d5d6443d322ceb0badbe56e303fd20bb042074327148bbb9d,,,chad.hughes11@icloud.com,(904) 080-8628,verified,low,7,2008-12-12T01:20:47+00:00,2026-06-17T18:24:37+00:00
2354,C7002354,individual,Jessica,Spears,1942-04-06,93713e26f34a543a6a6a70a7fa47e176be50f43b699bfcea97eeeb3ad7cb05f0,,,jessica.spears357@gmail.com,(953) 532-4126,verified,medium,3,2011-02-06T20:34:45+00:00,2026-08-08T23:38:25+00:00
2355,C7002355,individual,Ryan,Pugh,1939-03-31,bc3d5387485b31f3f97b32bf0ee5afd1b6ab32a7308e9f8c7426b472634c5d1d,,,ryan.pugh314@aol.com,(904) 952-6051,verified,low,8,2015-07-31T05:59:36+00:00,2025-05-30T12:38:19+00:00
2356,C7002356,individual,Amanda,Bautista,1967-03-20,5f820a13f7283840c18f3fdd0a3fc347492b45cf9319e6674d1aea4eb89074db,,,amanda.bautista145@yahoo.com,(295) 548-5997,verified,medium,21,2014-07-05T06:26:09+00:00,2018-11-25T09:09:20+00:00
2357,C7002357,individual,Rachel,Davis,1944-05-05,0750d8eef34e84c6ed840a0c30b425c4185171834e6e42528ec0d925d3c855b4,,,rachel.davis909@icloud.com,(962) 939-5613,verified,low,4,2020-01-02T12:26:35+00:00,2024-01-14T09:55:14+00:00
2358,C7002358,individual,William,Hughes,1941-03-21,ecc0cae2ccda7149cc2d0d01f36b136d5903e8066529c7d43e59b4f52de6eb48,,,william.hughes777@gmail.com,(757) 155-5623,verified,high,23,2013-01-14T14:04:10+00:00,2025-01-07T04:43:41+00:00
2359,C7002359,individual,Elizabeth,Smith,1961-08-08,52b393dc61387467347a4beae41b5a7dfc64a3de4880dc5dbbd0b904a0ee8683,,,elizabeth.smith630@gmail.com,(809) 599-0560,verified,low,18,2011-06-20T16:22:40+00:00,2024-06-13T09:47:34+00:00
2360,C7002360,individual,Robert,Weber,1967-07-19,99452e46ee79a66bf1cfd55b10cf45f3820bf9e12cebcc6a5be3e0bd731b6778,,,robert.weber496@outlook.com,(706) 410-8091,verified,low,25,2022-07-08T06:40:12+00:00,2022-09-12T06:45:48+00:00
2361,C7002361,individual,Matthew,Vasquez,1982-03-04,d6b4e5158cb7b9766636d519917de6f71d91135ad34ec699ae98e233bc6111ad,,,matthew.vasquez822@gmail.com,(833) 494-3747,verified,low,15,2019-10-27T11:07:06+00:00,2026-01-22T07:36:36+00:00
2362,C7002362,individual,Ruth,Hall,2007-07-01,f48ac3955c9b91ded1693003d2bf64d8a91ffec544757d284f50769d99b7960a,,,ruth.hall720@aol.com,(152) 564-1650,verified,low,1,2024-03-08T20:35:26+00:00,2026-04-06T22:19:59+00:00
2363,C7002363,individual,Dylan,Maldonado,1957-07-02,5230abf2732f7ee287a2f43af6a577603ef46899de5b90557e3a53f67d549437,,,dylan.maldonado293@icloud.com,(177) 155-3673,verified,low,23,2013-06-09T07:10:46+00:00,2013-07-01T23:01:37+00:00
2364,C7002364,individual,Betty,Sims,1995-11-24,754f0f4ed93982816f2f739a3ad9ede2fe4a15ccb02dd3b2476a5bfc77e79feb,,,betty.sims829@icloud.com,(360) 997-0739,verified,low,12,2022-06-24T01:22:51+00:00,2026-04-16T21:00:22+00:00
2365,C7002365,individual,Donald,Smith,1994-04-01,c4ca734c0898e94bb6facf6b6b6e16d71212dffc95a2c19c8aca434c4d944bdd,,,donald.smith968@aol.com,(674) 537-7096,verified,low,1,2010-06-12T20:25:28+00:00,2023-03-20T22:19:45+00:00
2366,C7002366,individual,Jennifer,Garcia,1955-10-28,c97c4b27d6a04dfe519abf52b5f30869906e6bcbe70ea10693a8192d3c3e5b69,,,jennifer.garcia16@outlook.com,(255) 922-7192,verified,low,7,2008-11-04T10:36:11+00:00,2018-12-04T00:33:21+00:00
2367,C7002367,individual,Tommy,Copeland,2007-07-27,4b003423a1b8d42ca6e6f3b5e698325e2c3d1f642c983cfa501cceef061806b6,,,tommy.copeland746@outlook.com,(453) 812-9166,expired,low,12,2015-01-04T01:12:43+00:00,2018-11-24T08:47:28+00:00
2368,C7002368,individual,Duane,Tapia,1987-01-02,6efc4b055a6231a12cd59f4f158d735aec527fa751fd23fed19d14012cd02496,,,duane.tapia991@aol.com,(474) 400-0543,verified,low,9,2025-09-23T10:24:06+00:00,2025-11-23T14:06:50+00:00
2369,C7002369,individual,Cynthia,Osborne,1982-09-08,8b291dfadee312ce2c982667f18e6fb61f541360cdb65677dc436fb54c8d9961,,,cynthia.osborne245@outlook.com,(038) 934-7649,verified,low,8,2015-07-06T06:25:52+00:00,2021-03-24T08:54:14+00:00
2370,C7002370,individual,John,Cooper,1958-01-30,be68c752b99a56b9baceafe6dd7989bfbd2c081b46396c08a6ce3777de561c6c,,,john.cooper337@icloud.com,(626) 055-3855,verified,low,2,2020-10-11T11:13:42+00:00,2021-12-10T21:08:27+00:00
2371,C7002371,individual,Dustin,Huff,1943-07-20,88daaae33caf3ced5e25bc467d086974389ed6b10c7dda9696d3f5ad7e64df68,,,dustin.huff287@yahoo.com,(617) 625-1973,verified,low,20,2020-02-21T01:06:26+00:00,2023-08-05T21:09:37+00:00
2372,C7002372,individual,Krista,Brennan,1995-02-24,b6eb8a1011a64d64877c52b882393ef470b949cf9d08b56c9e48bf4b71d388ab,,,krista.brennan803@icloud.com,(086) 665-8153,verified,low,24,2021-03-25T14:49:37+00:00,2025-09-22T09:36:44+00:00
2373,C7002373,individual,Erin,Jordan,1963-04-07,7d4f23b5b94a2922878250dbb78a49d2499ba1fee43d2c53db5f4cb7d6fab947,,,erin.jordan482@outlook.com,(920) 548-8850,verified,high,9,2012-02-21T02:10:06+00:00,2015-02-19T22:02:00+00:00
2374,C7002374,individual,Jason,Anderson,1980-06-21,c36fb2e62d1d1913edf9c0d9ee1a0da8eabfc7946373106f5e728804c8d86dca,,,jason.anderson945@aol.com,(627) 250-7012,verified,low,24,2015-03-31T19:33:37+00:00,2024-06-27T22:56:22+00:00
2375,C7002375,individual,Brittany,Walker,1942-03-22,d6edba98bb483a0f2f755f0a9794c17e5f18d3defce210b47d12fafffca93e40,,,brittany.walker927@icloud.com,(587) 873-4053,verified,low,3,2019-10-05T10:13:16+00:00,2024-11-20T06:44:50+00:00
2376,C7002376,individual,Gabrielle,Figueroa,1996-05-15,da4d6110615665da10c1f5c7528802dd7921d6e115cd19c1997ea145da5925dc,,,gabrielle.figueroa771@outlook.com,(357) 822-3949,verified,medium,19,2010-08-05T09:43:20+00:00,2020-08-12T15:18:52+00:00
2377,C7002377,individual,Thomas,Burns,2003-12-06,2077665fa71216c2ff3c621dc33c08e7e6657578313f993e18aaacebaa9f6e4a,,,thomas.burns508@aol.com,(994) 188-3680,verified,low,2,2015-09-15T16:46:31+00:00,2025-04-04T19:16:47+00:00
2378,C7002378,individual,Michael,Taylor,1960-07-07,c24c3cd7ec77e286cef17964cd1f03d9e50c9159f30a59e2665a5235c410fd8a,,,michael.taylor529@gmail.com,(308) 973-7602,verified,medium,24,2011-09-28T07:49:57+00:00,2014-06-15T17:18:45+00:00
2379,C7002379,individual,Jasmine,Hanson,1974-01-01,9cc09b2f471c3e5ee72d11de8412e6d3ec6e89c44a5fec886e32c0e36e1f63d4,,,jasmine.hanson612@yahoo.com,(674) 360-4898,verified,low,10,2014-03-04T00:31:40+00:00,2019-05-04T19:25:18+00:00
2380,C7002380,individual,Tara,Davila,1942-05-08,2726e109b6b42ef9b4a06a4d8ed6af3a5571c2591c8cd0c453f05c56b46f3ebf,,,tara.davila3@icloud.com,(806) 951-3191,verified,low,13,2021-10-13T05:47:35+00:00,2025-11-20T16:00:55+00:00
2381,C7002381,individual,Rachel,Reese,1976-09-02,854f8b70c84727372a4e86fc50fe82b19519ca4ccf51a4e9985b022934d3cd9c,,,rachel.reese825@aol.com,(277) 949-1765,verified,low,20,2021-03-02T01:41:33+00:00,2023-12-02T23:13:57+00:00
2382,C7002382,individual,Stephanie,Wilson,2004-01-27,453aa3bb9b0237b7e0c5e6c622577e29118d4ae03a8e69cddb76ed032fb3fca3,,,stephanie.wilson946@aol.com,(623) 338-3167,verified,low,13,2010-06-03T21:10:57+00:00,2014-09-18T11:06:36+00:00
2383,C7002383,individual,Brian,Stanley,1984-10-19,652c6fc6c97551e265645400e41162cbf9b50ecccb567c3827109d65b7f86dec,,,brian.stanley899@yahoo.com,(951) 307-4552,verified,low,5,2014-03-09T20:04:18+00:00,2025-05-14T07:37:02+00:00
2384,C7002384,individual,Melissa,Gonzalez,1986-02-24,6430056979b3f4f54488175f96a14e8973596fd3df24afaaf134e5713cf8d96b,,,melissa.gonzalez935@aol.com,(263) 030-7837,verified,low,18,2008-01-29T21:27:00+00:00,2014-11-11T15:57:11+00:00
2385,C7002385,individual,Debbie,Freeman,2000-01-26,29d0a69d5bec9c2e14347d67f7ba4dc8f7433c86f7e66ef1999f963081ab2519,,,debbie.freeman412@yahoo.com,(123) 316-0308,verified,low,12,2012-01-22T04:24:53+00:00,2020-09-17T13:49:28+00:00
2386,C7002386,individual,Stephen,Gutierrez,1970-11-13,d12f5e327fd14ad6bf1277784ad4d5c25be0e313f6834fe7c5924ac8691b7444,,,stephen.gutierrez729@yahoo.com,(128) 933-2345,verified,low,16,2024-03-15T12:54:26+00:00,2026-04-29T07:11:34+00:00
2387,C7002387,individual,Donald,Campbell,1943-07-31,c1a10ec641c06b31ad9cd55f29a25b639e69737f1d20d2aec9ac36d1cb357635,,,donald.campbell106@icloud.com,(114) 106-4558,verified,low,1,2016-06-13T18:57:41+00:00,2016-08-11T00:51:06+00:00
2388,C7002388,individual,Lisa,Cook,1993-04-25,81339b1b7892f959ee567b972aab6039f7263405cfedf9653d2e5d39b71f32e5,,,lisa.cook887@yahoo.com,(238) 798-3232,verified,low,16,2025-04-19T12:34:22+00:00,2025-07-16T18:10:38+00:00
2389,C7002389,individual,Dwayne,Steele,1942-06-09,07a83d2f3eeb68bda0980fa0072f23fd05b54b034a41e5c21a3733d9776ef6b7,,,dwayne.steele757@yahoo.com,(358) 812-1555,verified,low,4,2023-10-20T22:38:16+00:00,2024-07-05T13:47:34+00:00
2390,C7002390,individual,Curtis,Davis,1977-03-09,4e5376336bbefc72069d2c76c86ff5872b94041314e80ed5885e3a895e6f2556,,,curtis.davis422@gmail.com,(411) 212-6109,verified,low,19,2023-02-13T11:27:46+00:00,2025-09-13T10:25:04+00:00
2391,C7002391,individual,Anthony,Mitchell,1993-04-14,27a943f26ec6a7e29198c9612485a0ef4276d9d465d1bea3cce5b2c65ca4fe06,,,anthony.mitchell793@gmail.com,(393) 483-5574,verified,low,5,2008-05-31T08:56:32+00:00,2010-03-07T21:01:29+00:00
2392,C7002392,individual,Aimee,Vaughn,1955-09-02,7b476be85086c650e5ed1716176187c535679e53ef398512f8e058f5e6d0c512,,,aimee.vaughn581@gmail.com,(469) 631-8158,verified,low,16,2014-03-03T19:20:52+00:00,2017-02-05T21:32:01+00:00
2393,C7002393,individual,Daniel,Lozano,1948-01-17,d24ed164073e844180536dd05a51ae2add92de31a581b61d6a83c73309d02b5c,,,daniel.lozano418@icloud.com,(381) 018-9733,verified,low,9,2024-07-29T05:11:26+00:00,2025-03-10T19:37:38+00:00
2394,C7002394,individual,Jackie,Ross,1971-06-30,9b4751fefd1ccf41b9873f81f3c54ae4628c32b4680c94a35c78b14f65aa457d,,,jackie.ross41@aol.com,(903) 169-7281,verified,low,15,2018-03-24T20:52:00+00:00,2020-04-26T09:42:43+00:00
2395,C7002395,individual,Ana,Burton,1987-06-16,55703809cde290dd20b7e2bd862c71d828195c57ee6313a87f4555d5e4bb94f8,,,ana.burton440@yahoo.com,(986) 758-9701,verified,low,7,2009-04-11T04:23:08+00:00,2014-05-12T23:30:47+00:00
2396,C7002396,individual,Olivia,Beard,1988-11-13,d532bb041bc7c86bddc3cd267c52cd369bf58467a88a962c37ed45d5ae62b418,,,olivia.beard287@icloud.com,(688) 908-9643,verified,low,3,2011-08-08T00:55:06+00:00,2014-01-07T21:29:53+00:00
2397,C7002397,individual,Sandra,Whitney,1989-07-11,e027b4f01c6c17d618a38aa47347c33785e5171d7cb80698c660a710ca1692bb,,,sandra.whitney168@yahoo.com,(530) 912-7073,verified,low,25,2025-05-26T17:57:26+00:00,2026-09-20T03:50:00+00:00
2398,C7002398,individual,Shawn,Reynolds,1954-04-06,03d0a41b50025b4e2401f254636109f496fa9bfb658642ea03a7801092d4016e,,,shawn.reynolds190@aol.com,(526) 555-7576,verified,high,6,2011-03-08T21:11:36+00:00,2015-02-04T10:35:39+00:00
2399,C7002399,individual,Andrew,Yates,1957-06-23,93c9575bee25216f18d0c5a12183e9174c0525312a2aedb3a5256a16f611619a,,,andrew.yates711@aol.com,(938) 727-0759,verified,low,6,2008-08-22T06:42:52+00:00,2012-03-13T01:04:21+00:00
2400,C7002400,individual,Haley,Gardner,1938-08-15,cd2429644a07136457f7defe9509b4c54500398e31390bf1ce64f0aaa3417200,,,haley.gardner374@aol.com,(106) 378-1186,verified,low,20,2016-04-12T16:46:49+00:00,2025-09-27T21:33:09+00:00
2401,C7002401,individual,Misty,Moss,1999-12-14,249768d95c32f0fe5fecd3d8c55a1617dcf831e50eff3f2b18e7ea1e3d08258a,,,misty.moss354@icloud.com,(187) 323-3519,verified,low,6,2009-02-04T18:09:05+00:00,2012-04-21T01:23:06+00:00
2402,C7002402,individual,Tammy,Clark,1985-12-22,c0fdddf3640f20ef4d205de9231a77af557d6b9c20a794079ee4e5fc5ae04bf0,,,tammy.clark468@outlook.com,(358) 058-2998,verified,low,23,2017-04-28T00:10:51+00:00,2023-04-01T08:09:05+00:00
2403,C7002403,individual,Dennis,Holder,1950-09-19,1468508ddd52251fbd3626c8c14147e074c800bb44f9174828ab4d0afab1c648,,,dennis.holder140@yahoo.com,(063) 647-0487,verified,low,20,2018-04-22T02:40:43+00:00,2026-03-18T09:01:00+00:00
2404,C7002404,individual,Mary,Gonzalez,1969-12-09,04da6dbf0eca5bd4c3df8cb08a2efe16d91652fd83a773200a37ed5edb8789e2,,,mary.gonzalez757@icloud.com,(491) 917-9970,verified,low,12,2024-07-14T21:54:55+00:00,2025-03-14T12:38:31+00:00
2405,C7002405,individual,Darryl,Summers,1973-09-18,f42b1e847856a9ef593506e4bcfa72c3250206b7f1cf216c16ababf55d019acb,,,darryl.summers175@outlook.com,(186) 607-0941,verified,low,9,2012-08-08T08:44:55+00:00,2017-03-11T09:53:13+00:00
2406,C7002406,individual,Charles,Williams,2004-06-09,d06727b6cb1affd9b3e1dddaf02fbdc11819d1a74c78f33ad42fb819137cbbdb,,,charles.williams306@gmail.com,(405) 347-4923,verified,low,8,2019-10-01T15:35:55+00:00,2026-01-25T12:51:37+00:00
2407,C7002407,individual,Charles,Walker,1985-01-13,45289a08f9dadcf5ad73dd389ca955bce021e1241390f10e11ff7b342872a07f,,,charles.walker547@yahoo.com,(267) 453-3962,verified,low,14,2014-03-18T23:03:21+00:00,2014-08-03T19:57:41+00:00
2408,C7002408,individual,Jimmy,Foley,1987-07-08,eca94ca44dee0d1497317cb80c46433997d92325c2f893a0c1316163cfcdbb9c,,,jimmy.foley563@icloud.com,(638) 617-1681,verified,low,15,2013-02-09T01:12:53+00:00,2019-01-29T03:54:32+00:00
2409,C7002409,individual,Kenneth,Jarvis,1938-08-11,8dc1980b58ba1b2211eb323cdf027151cb210e1a459b081a31c60234b6a9fbdd,,,kenneth.jarvis750@gmail.com,(835) 421-1357,verified,low,2,2016-07-12T13:46:18+00:00,2017-08-23T00:45:04+00:00
2410,C7002410,individual,Francisco,Page,1981-11-18,fd86fba19b7a8505f94764bd41d1ef1e0c9be08a4a892b8e3891b9508d4c72ec,,,francisco.page601@gmail.com,(746) 550-6530,verified,low,24,2021-09-11T06:59:17+00:00,2022-12-26T00:54:37+00:00
2411,C7002411,individual,Matthew,Castro,1954-07-23,681c90fc97939866c6c549810c5ca9c40ce5687c8326c0bd3ff3fefba64d248a,,,matthew.castro58@outlook.com,(085) 875-2193,expired,low,10,2008-04-20T04:34:13+00:00,2009-08-27T01:05:03+00:00
2412,C7002412,individual,Sara,Johnson,1972-06-21,eba7ab9510d6a15692dd1012dec013ba4e7fff1c83b257bdfd7fe6315a88dace,,,sara.johnson223@gmail.com,(835) 717-8620,verified,low,1,2022-11-03T20:08:09+00:00,2024-11-13T20:25:07+00:00
2413,C7002413,individual,Travis,Taylor,1973-06-04,7ff60d62813c10966efec7515585cbf5161fc0c802cab16da9b0d46f613855a0,,,travis.taylor341@icloud.com,(750) 177-5475,verified,low,3,2017-09-06T13:21:48+00:00,2020-11-09T14:49:31+00:00
2414,C7002414,individual,Michelle,Curtis,1946-05-23,ec5ac19c9f5da8d081306bfcb9d40db0c2289e53744911a5f9b948e0be355d71,,,michelle.curtis445@yahoo.com,(047) 659-5440,verified,medium,24,2010-04-07T01:18:54+00:00,2018-01-06T09:17:15+00:00
2415,C7002415,individual,Jeffrey,Jackson,1963-09-24,794db7946e5ac6aa73449c05ccf0b02eaaed419a98f3e3472194bf2cdd9c5b9a,,,jeffrey.jackson970@outlook.com,(439) 768-2523,verified,low,6,2025-09-05T01:43:40+00:00,2025-10-21T13:51:20+00:00
2416,C7002416,individual,Seth,Edwards,1993-10-01,072e045d884f4e1207ffe48648e4dc97c5f54df9660370b2235af358a5118b63,,,seth.edwards766@yahoo.com,(506) 541-3907,verified,low,25,2020-01-04T15:03:54+00:00,2020-02-22T16:40:19+00:00
2417,C7002417,individual,Patricia,Smith,1954-01-14,6d44575f5fdc3d8a464ebf9bb424f9b53cefc2348344a11154b3f985a0c650f0,,,patricia.smith945@aol.com,(288) 897-0260,verified,low,1,2015-07-21T20:08:27+00:00,2022-05-27T22:12:08+00:00
2418,C7002418,individual,Sandra,Simon,1948-01-19,b0ab4bd5fa886fe5735c53109d50209661593b6a968a0807a8069a3d1996c75f,,,sandra.simon965@gmail.com,(572) 280-4369,verified,high,15,2023-06-21T11:53:23+00:00,2025-05-19T22:28:23+00:00
2419,C7002419,individual,Bonnie,Miller,1941-07-13,79303e6177f640920c547b86572760cddb007a36c38c96e0c9c7a4c719086190,,,bonnie.miller652@yahoo.com,(174) 552-7537,verified,low,9,2019-07-17T03:41:16+00:00,2021-12-01T08:22:56+00:00
2420,C7002420,individual,Jeffrey,Horton,2002-03-06,2c4768b84bcc44ffb94dfa708b7cdae94826835ac03eed8510b992f74f988e4a,,,jeffrey.horton580@yahoo.com,(490) 365-7168,verified,low,6,2008-09-11T01:09:40+00:00,2017-02-20T08:53:26+00:00
2421,C7002421,individual,Justin,Tucker,1939-05-08,070e37e4c4d4854e4439cfb4db4aa63e6a1a6f65c1ebf9f209ea5834eade5105,,,justin.tucker506@gmail.com,(817) 174-7490,verified,low,1,2016-06-10T20:21:55+00:00,2025-08-08T14:16:34+00:00
2422,C7002422,individual,Jacqueline,Garcia,1974-09-21,2c48e6d5793b4f8a9d23c94667074250eadbef41deade5b70763efe2433034cc,,,jacqueline.garcia811@icloud.com,(395) 639-4874,verified,low,8,2009-01-05T17:47:43+00:00,2023-09-10T06:02:03+00:00
2423,C7002423,individual,Eric,Walker,2002-09-22,4aeee7458edc9bb4f91ba4f5ebba0d8c045e4f6ef67e24d49aa6180c0bf73258,,,eric.walker60@aol.com,(830) 410-5458,verified,medium,13,2015-01-25T18:43:47+00:00,2019-12-12T16:27:48+00:00
2424,C7002424,individual,Matthew,Barker,2002-05-06,b7af27ef5c5c7e205fa581e658ab93b980de6888205aa536403c94a9616b9fa6,,,matthew.barker688@icloud.com,(071) 780-6550,verified,low,22,2021-10-04T06:20:46+00:00,2024-02-28T11:02:42+00:00
2425,C7002425,individual,Jeremy,Phillips,1956-12-20,b5c19ed04687655d1a9bb00f6f86ccb652ff985823953a56ceea4e56043f29f6,,,jeremy.phillips363@gmail.com,(762) 369-6637,verified,low,11,2015-12-08T23:19:01+00:00,2016-03-22T10:35:18+00:00
2426,C7002426,individual,Timothy,Calhoun,1953-04-05,c6acc5fce6f7c79f087a18121e1115f7b26fed41c2e6028ffa8162ecc073cb45,,,timothy.calhoun951@outlook.com,(395) 027-8626,expired,low,14,2026-03-25T13:22:27+00:00,2026-04-08T16:04:14+00:00
2427,C7002427,individual,Alexandria,Bradford,1943-07-04,0e6389616097aea01823f038f1e77671eb307ca6d8c8900cc28d63b77e2031da,,,alexandria.bradford611@aol.com,(201) 190-6773,verified,low,6,2008-11-22T03:01:35+00:00,2009-08-24T17:09:50+00:00
2428,C7002428,individual,Justin,Frye,1991-10-05,dbada703fd619d46bc3f33fc4f3a971b0be13d0eace010deb6b937941c442ff4,,,justin.frye243@yahoo.com,(840) 081-1052,verified,low,1,2017-02-21T17:56:36+00:00,2018-01-15T14:51:32+00:00
2429,C7002429,individual,Whitney,Roberts,1952-01-16,b3d750ea2ce6f610b8335250807bfc0f0391c965809c3edfddeea1faa2586061,,,whitney.roberts658@yahoo.com,(733) 107-4760,verified,low,11,2013-03-04T08:21:57+00:00,2014-08-07T05:20:49+00:00
2430,C7002430,individual,Kyle,Martin,1993-11-16,5a56207fda460c2518c2229ec729f03704a909d11bab643d6a15fec219e836d3,,,kyle.martin61@yahoo.com,(988) 027-2099,verified,low,20,2015-04-19T02:16:44+00:00,2018-08-16T12:42:56+00:00
2431,C7002431,individual,Larry,Burgess,1973-02-15,a8d9a25f61bddb03ac50a2db029066c7277a7283a75484e170ff86ccf44b2e55,,,larry.burgess292@yahoo.com,(047) 587-0128,verified,low,16,2012-08-08T05:08:32+00:00,2014-07-14T00:57:44+00:00
2432,C7002432,individual,Amanda,Lee,1977-05-01,6f985ef691e28e3abb00f775f98334510e0175a7886e027751ebf0bc3adedfad,,,amanda.lee515@yahoo.com,(419) 628-4194,verified,low,1,2012-08-13T06:11:59+00:00,2016-03-30T03:57:34+00:00
2433,C7002433,individual,Robert,Harrison,1998-09-04,627f36b2b51f7c7f60f90ba23dacd7e606e23909bcc45cd6098cd59a41de794e,,,robert.harrison267@outlook.com,(737) 995-6880,verified,low,13,2018-06-05T04:06:45+00:00,2023-05-26T20:08:44+00:00
2434,C7002434,individual,Joseph,Delacruz,1999-10-28,7a384eb1a9a29608cf47f05cf60c3c04aad87c96d9f5c5b727ea01a85486032a,,,joseph.delacruz136@icloud.com,(051) 184-2641,verified,low,15,2026-04-05T17:47:27+00:00,2026-06-02T16:01:50+00:00
2435,C7002435,individual,Andrew,Patel,1962-04-28,3754463b07a7b1f4030ffe74c6ae8ce8d4026f691c4f49e5b965c8a36805c241,,,andrew.patel925@gmail.com,(273) 827-6067,verified,low,5,2014-08-05T02:14:15+00:00,2021-09-21T21:09:13+00:00
2436,C7002436,individual,Richard,Garcia,1981-08-16,a3b27668ec6cf68515ecbfb0658c73740401735c661456db0c773b660392be87,,,richard.garcia546@gmail.com,(095) 606-9932,verified,low,3,2011-07-11T14:33:24+00:00,2019-10-01T21:56:41+00:00
2437,C7002437,individual,Jessica,Lewis,1942-09-05,f944238ba013dc8b1d8ee7dc2ba6695fe5e29942a1d5085d1be2e54bbff0e7a3,,,jessica.lewis662@gmail.com,(027) 221-6317,verified,low,22,2024-10-03T01:27:32+00:00,2026-06-03T19:20:22+00:00
2438,C7002438,individual,Jennifer,Ryan,1955-01-30,d990810161ea37ff1596ec8aabe92d1c7b7f881579f4c9607ed262c7cbeb6742,,,jennifer.ryan17@gmail.com,(923) 266-2429,verified,low,20,2020-02-14T01:40:22+00:00,2026-04-12T23:25:36+00:00
2439,C7002439,individual,Allison,Murillo,1938-05-22,77e6c6456f5f0c5e2d497f520baf22ae872f1328e27371ae3706af5d162b2f7e,,,allison.murillo413@gmail.com,(706) 093-1417,verified,low,16,2010-01-23T22:03:06+00:00,2025-08-01T06:04:20+00:00
2440,C7002440,individual,Kimberly,Johns,1948-12-05,aa65088dec3d799186c051e45eb5742cb2f1555026aa370321902b6832f8194c,,,kimberly.johns868@icloud.com,(589) 725-0671,verified,low,12,2021-01-29T11:01:32+00:00,2021-10-26T05:09:08+00:00
2441,C7002441,individual,Kelly,Perez,1938-06-08,bc5a7f3aac2bbc90a81c8bcd1d2d20e45ca8a891c7ceb5057eefa68dc5f81360,,,kelly.perez409@yahoo.com,(339) 583-3265,verified,low,19,2020-10-11T08:43:10+00:00,2026-02-28T20:11:07+00:00
2442,C7002442,individual,Kevin,Burke,1995-02-02,546c73dde008b4043a4d53a4ebbecd14b36305d4c90f804db9c755a4693407e0,,,kevin.burke231@yahoo.com,(006) 799-1346,verified,low,11,2019-03-19T23:46:09+00:00,2024-07-18T06:09:26+00:00
2443,C7002443,individual,Matthew,Travis,1951-10-26,8af3f59f26cbdd7ea60633e0cacba81f51187550d685e77039281db2fe23e6a4,,,matthew.travis368@gmail.com,(897) 073-4218,verified,low,3,2017-07-27T22:22:08+00:00,2024-07-29T13:00:11+00:00
2444,C7002444,individual,Kimberly,Le,1978-08-28,a2c8dd5d1df1ec073afd2d3e79374248ac877f0a1ea0a4e8752484fe48410484,,,kimberly.le798@icloud.com,(534) 205-6680,verified,low,7,2021-12-19T16:25:30+00:00,2022-06-25T11:55:24+00:00
2445,C7002445,individual,Allen,Adams,1968-08-07,a16d25f60c33a3ae75f5f7ca2d5e3d39c734565d5926c7fe1aaa64291a0cee7b,,,allen.adams846@gmail.com,(051) 001-9950,verified,low,12,2008-11-06T05:26:35+00:00,2023-03-13T11:18:23+00:00
2446,C7002446,individual,Stanley,Mcbride,1997-12-04,e7ca7e245566f9f61cfd317fb3f3097eae03624159dc3334c0a272bccac16fe2,,,stanley.mcbride648@icloud.com,(354) 157-2397,verified,low,22,2016-12-21T18:38:52+00:00,2023-05-03T08:53:08+00:00
2447,C7002447,individual,Amanda,Henderson,1996-03-20,3098a1f17829d9eb8fcbdbc215d06730faaad4ae347efff9e3ef8245639a163a,,,amanda.henderson631@outlook.com,(160) 328-8894,verified,low,5,2023-05-27T16:49:26+00:00,2025-10-04T06:53:05+00:00
2448,C7002448,individual,Alex,Jennings,1949-02-18,6c18e7a760eec62c2d4256cde043abc769997526fbc861bd85df52b3123bee41,,,alex.jennings461@outlook.com,(430) 252-0029,verified,low,24,2009-05-24T01:27:10+00:00,2017-08-11T07:48:26+00:00
2449,C7002449,individual,William,Adams,2000-10-02,60efce0367687fe3fa863b5b2ff2891a08654d57cc07b931c9d07e30fb4d2e0d,,,william.adams336@icloud.com,(338) 444-6117,verified,low,5,2009-02-19T16:36:45+00:00,2023-01-13T06:04:39+00:00
2450,C7002450,individual,James,Cuevas,1956-01-09,b6e385fc5f8ca017d76ba6238f97a752433dec4adbf7691a2dab3fce5839011b,,,james.cuevas267@gmail.com,(831) 321-8167,verified,low,11,2016-10-13T02:04:26+00:00,2019-09-29T03:06:40+00:00
2451,C7002451,individual,Shelby,Hunt,1999-12-22,7c4acc78e39f853cebc65aefa81baca3dec8135e2adb19fc3a4783bc1afb25be,,,shelby.hunt791@icloud.com,(406) 400-5844,verified,medium,22,2015-10-01T21:09:12+00:00,2017-09-25T20:45:44+00:00
2452,C7002452,individual,Francis,Nelson,1990-10-08,25ceb863c0467eb9c6fcfeda0e05e797aee6e60d3102e14c132e6c0077017fce,,,francis.nelson650@aol.com,(595) 748-5913,verified,low,20,2008-04-03T22:34:25+00:00,2026-03-07T01:12:47+00:00
2453,C7002453,individual,Amy,Davis,1972-06-04,02e635ca0006a0038ae32219a482622366a23333db1c6264944eb51a07eb0a9d,,,amy.davis269@icloud.com,(467) 568-9292,verified,low,20,2011-05-11T17:51:16+00:00,2015-04-23T12:55:38+00:00
2454,C7002454,individual,Julie,Barnes,1967-10-10,ef03b1e742f559c32833fa6ce0da5a7ec635ca8ba2967fe93fb296813721cf80,,,julie.barnes895@aol.com,(213) 606-2949,verified,low,24,2021-07-03T07:39:13+00:00,2023-11-01T14:43:38+00:00
2455,C7002455,individual,Larry,Garcia,1957-12-23,068327b143431c27af67dfda6abd5adbefc071d94ff3ae0eff31b6e430f5bbd8,,,larry.garcia635@icloud.com,(333) 639-9601,verified,medium,20,2012-03-01T06:54:23+00:00,2015-08-30T01:51:17+00:00
2456,C7002456,individual,Christina,Miller,1940-06-21,0eacab5c98b4d78ac30108b08059b768b4865f0ae2be3031848e9ed7e8363884,,,christina.miller528@aol.com,(774) 184-1264,verified,low,14,2022-03-04T16:38:19+00:00,2025-06-20T20:33:21+00:00
2457,C7002457,individual,James,Sandoval,1960-11-04,b5bb1cd163899a8ef3c22052a554d26a975d40ca6edc30dd9534761dd81a8676,,,james.sandoval107@gmail.com,(186) 453-2616,verified,low,15,2017-01-14T07:43:10+00:00,2022-05-14T01:38:35+00:00
2458,C7002458,individual,Laura,Holmes,1938-06-29,8eb435d1e8836ee413b2a2961e1140f30e627ca26c7e366c5360e279cecbfc2b,,,laura.holmes241@aol.com,(470) 068-8730,verified,low,3,2015-01-03T15:23:12+00:00,2017-04-27T22:30:17+00:00
2459,C7002459,individual,Jonathon,Ingram,1969-11-07,3c09b33f30ea894346695786d8b8f7f896d83f4477a04f3bd7b04d566be24525,,,jonathon.ingram677@icloud.com,(827) 128-8263,verified,low,23,2015-11-11T19:40:02+00:00,2021-10-15T13:17:22+00:00
2460,C7002460,individual,Johnny,Randolph,2007-06-26,c5273812e8cba8716d620f0b29a9b845e00c767d1c215048256b47528d8c8067,,,johnny.randolph646@yahoo.com,(168) 204-3281,verified,low,22,2013-10-13T09:04:29+00:00,2020-03-05T22:16:22+00:00
2461,C7002461,individual,Tiffany,Miranda,1951-03-03,dc896e815053d2cadcfa7a931ac8073a3a5b9b699ebf6b3500e8342415a27849,,,tiffany.miranda585@outlook.com,(872) 427-5814,verified,low,23,2009-09-14T20:31:43+00:00,2012-02-08T02:25:46+00:00
2462,C7002462,individual,Jason,Patterson,1958-11-13,d00f0ecf3d980c54250613a3a81eb86562a1980ad57eacabe5f9e81dbf4968e9,,,jason.patterson245@outlook.com,(948) 875-3407,verified,low,15,2013-06-01T23:12:09+00:00,2015-02-16T23:10:31+00:00
2463,C7002463,individual,Christopher,Frey,1940-03-28,9fabad2d6280a3e96e58b225e2dba2fcb6067060ea2d975610b4df17a5252f9a,,,christopher.frey342@gmail.com,(819) 403-3497,verified,low,20,2025-08-01T05:40:41+00:00,2026-06-23T21:47:53+00:00
2464,C7002464,individual,Amy,Freeman,1999-01-24,5cff1c2a613b4af65c763dd88d1218fd60a175efb19e7ae879bda94623dbcc82,,,amy.freeman321@yahoo.com,(823) 119-6764,verified,low,10,2009-10-19T23:37:37+00:00,2013-01-26T02:24:43+00:00
2465,C7002465,individual,Erika,Mccoy,2002-01-14,83f7e53703c0b52661abceacdad16f4b3b023111464e0431a9ffa28ff4e12c6d,,,erika.mccoy715@icloud.com,(730) 842-9850,verified,low,10,2008-08-11T20:16:22+00:00,2022-07-19T08:01:13+00:00
2466,C7002466,individual,Christopher,Walls,1995-07-03,75c5836b32b5cc9aaabfbf95c3eb08df3feeeed7b48f5307df4ecdee7e5b0359,,,christopher.walls2@outlook.com,(214) 912-2867,verified,low,16,2012-04-22T20:09:18+00:00,2021-10-17T14:40:45+00:00
2467,C7002467,individual,Amanda,Lyons,2005-09-04,7e769e56791033b2f5474c15c635b6c66b8dcbce22826afe7d965d59fa29c47d,,,amanda.lyons896@icloud.com,(202) 315-2180,verified,low,13,2022-11-30T04:44:05+00:00,2024-11-17T06:51:53+00:00
2468,C7002468,individual,Christine,Brown,1960-05-27,20b4632c52dc3d1c123c2b19fd4afae56488a51b26ecc2b2ba0113804eb18fdb,,,christine.brown954@yahoo.com,(380) 165-8456,verified,low,13,2024-03-29T22:38:06+00:00,2026-03-10T23:08:08+00:00
2469,C7002469,individual,Manuel,Garrett,1996-09-09,f20ffe634b27861d479495aaf3d89ef8163372bb1d58052262c2983623380f8f,,,manuel.garrett92@aol.com,(521) 772-9622,verified,low,3,2019-06-02T06:06:40+00:00,2021-05-13T07:47:30+00:00
2470,C7002470,individual,Kenneth,Johnson,1969-04-02,6bf004eef39a2f8daeb0e961dfad4202fa53807324661a00f235c37f657a3ec9,,,kenneth.johnson492@yahoo.com,(674) 001-8476,verified,medium,18,2018-09-03T12:19:59+00:00,2019-06-08T04:14:18+00:00
2471,C7002471,individual,Thomas,Howard,1948-09-12,bc9bb8988ea7b60574ffa6f1ed9e28581043a12cbd5ca37de8cf2d1fd03f3d2b,,,thomas.howard377@aol.com,(562) 247-1803,expired,low,23,2022-06-23T09:49:10+00:00,2023-09-29T03:32:23+00:00
2472,C7002472,individual,Shawn,Waters,2005-03-18,b80da47c94bf7111529b205f3feeb350c4bac2b2f554bc1506bc1dc5f8602513,,,shawn.waters7@outlook.com,(178) 066-7748,expired,low,1,2013-10-02T03:01:46+00:00,2022-10-17T22:59:37+00:00
2473,C7002473,individual,Ryan,Blevins,1957-01-03,b852f858e811bd789d99abab5361344a5b15c869c313f2068e81a409740a1c6f,,,ryan.blevins938@outlook.com,(633) 618-9135,verified,low,1,2011-11-30T23:35:55+00:00,2014-10-26T11:35:43+00:00
2474,C7002474,individual,Lisa,Freeman,1993-05-03,6c135f914f60ba6be800974f50069ce2dfada7b16a258bc4e504e4b0178128a2,,,lisa.freeman819@gmail.com,(618) 677-1641,verified,low,21,2019-01-20T01:15:18+00:00,2019-07-25T07:52:54+00:00
2475,C7002475,individual,Sheila,Hamilton,2002-03-20,48c020ece46ce5df7638d386419da5c7c3c29ecca383835cc570e008b4674170,,,sheila.hamilton28@gmail.com,(667) 519-6537,verified,low,20,2022-07-28T09:54:45+00:00,2024-09-24T06:08:10+00:00
2476,C7002476,individual,Deanna,Graham,2008-08-14,24b7bd3b64a6086c1eebceeadcccc0a445b69585f128d8e4379e62c36c7876d5,,,deanna.graham35@gmail.com,(940) 819-2758,verified,low,14,2009-02-02T05:18:09+00:00,2014-12-29T16:28:32+00:00
2477,C7002477,individual,Christopher,Garza,1955-10-29,fbacd47296bbdb30a394a6d8e6e608740cd336b4d820f95f92160db536504bfd,,,christopher.garza560@aol.com,(595) 796-3371,verified,low,19,2025-03-08T05:45:44+00:00,2026-03-31T06:23:17+00:00
2478,C7002478,individual,Jay,Martin,1948-07-26,373c614735983074bbf5132052b9ebfc79b74fa96cfd337e597e29ff7a3cf6bd,,,jay.martin415@aol.com,(694) 538-4554,rejected,low,23,2014-08-08T23:55:17+00:00,2016-07-30T16:01:10+00:00
2479,C7002479,individual,Mary,Spencer,1982-06-17,f42f65d3917ce536a9c2bc6989a80f3f44424a945c9944455255e5edb3dfbd0b,,,mary.spencer2@yahoo.com,(201) 482-9237,verified,low,22,2014-11-07T05:26:39+00:00,2024-01-25T16:39:24+00:00
2480,C7002480,individual,Angela,Solis,1976-05-04,ea9ca2d6cd3496c9fa165a9aabe353953cc69ad58c5af3b1c1f51fdc956f5880,,,angela.solis44@outlook.com,(066) 056-7721,verified,low,24,2023-10-06T20:22:16+00:00,2024-04-28T11:57:21+00:00
2481,C7002481,individual,Chelsea,Woodard,1972-10-21,cba37ab2113afd1f396f4fb760bba6cbeb516335c47bd86f80a4c5751a8c9517,,,chelsea.woodard839@aol.com,(369) 109-9787,verified,low,24,2017-07-11T06:00:30+00:00,2021-12-04T11:54:09+00:00
2482,C7002482,individual,Marcia,White,1960-12-01,d57f7d9db10d8df23a88a9e98e09420030f51be2aa0824f4039d3b2df41ac779,,,marcia.white468@outlook.com,(009) 358-7170,verified,low,2,2017-08-17T01:54:56+00:00,2026-03-31T21:46:11+00:00
2483,C7002483,individual,James,Gonzalez,1980-12-23,fcaa09db2226e50b4bf33a475b183f883fbcf5fe40ff8b4ea13f1e2e924e6e64,,,james.gonzalez507@gmail.com,(321) 243-0258,verified,low,3,2021-03-02T12:31:52+00:00,2026-07-20T14:19:13+00:00
2484,C7002484,individual,Jonathan,Banks,1987-04-20,a7d910076467623635d5121be0acfc71fc566ba27562157d73619202b8214b78,,,jonathan.banks597@outlook.com,(447) 309-8110,verified,low,25,2025-02-23T21:12:40+00:00,2025-05-30T03:51:09+00:00
2485,C7002485,individual,Dana,Lee,1954-12-09,205d04a13422803ab65c2a6a381b68b2378b7bb8e4d03e78f856c9d5281026cc,,,dana.lee799@aol.com,(784) 370-1180,verified,low,24,2020-04-16T14:39:35+00:00,2020-09-07T13:18:04+00:00
2486,C7002486,individual,Tina,Gomez,2003-01-05,ad5eade8ca4be6baaa16cfc95d4f52c4b328044746752ec0be3e4a9171eaea62,,,tina.gomez528@yahoo.com,(362) 530-3426,verified,low,10,2010-01-11T22:07:57+00:00,2022-07-22T05:01:00+00:00
2487,C7002487,individual,Melinda,Baker,1938-07-12,367eadbea0ec58b694682c4bd848eaa3494bb9835f984acbfbc7384563362939,,,melinda.baker62@gmail.com,(965) 678-9564,verified,low,22,2017-07-27T02:42:10+00:00,2019-01-28T23:38:12+00:00
2488,C7002488,individual,Garrett,Lewis,1958-06-27,eed03351a4c0c76e16ad0f5dadf0fdf3403781bb29a07d7f2a3c4e3e3892aff9,,,garrett.lewis398@aol.com,(213) 300-0429,verified,low,7,2012-02-07T20:40:32+00:00,2016-05-24T01:57:28+00:00
2489,C7002489,individual,Michael,Williams,1997-04-04,fbf52f0b06ac9ac9545cb530f748a2a0bfb22bea3f3e7127f5d741e9a2d08fd0,,,michael.williams881@aol.com,(569) 318-6062,verified,low,23,2013-10-25T07:17:57+00:00,2013-12-28T11:44:11+00:00
2490,C7002490,individual,Jeremy,Bell,1967-07-13,d61c76e2a5488e5f7813a0601c77e204160891fe7987c45b3657bf1745ed719d,,,jeremy.bell504@yahoo.com,(630) 097-6325,verified,low,15,2012-04-15T19:16:55+00:00,2022-05-25T17:17:10+00:00
2491,C7002491,individual,Belinda,Hill,1999-09-17,b9491c2c52a241d6fcac67230ec43157793f6683efa4038da173464fec87bd27,,,belinda.hill858@gmail.com,(756) 941-4314,verified,low,25,2024-10-11T00:30:07+00:00,2025-06-07T07:28:56+00:00
2492,C7002492,individual,Jennifer,Murray,1974-04-02,9969001d75b449a3a96667517a5aa329bd604df269288b2bd819d86f3a42cdb6,,,jennifer.murray145@outlook.com,(284) 088-8563,verified,low,10,2016-12-20T02:18:26+00:00,2021-08-25T02:09:27+00:00
2493,C7002493,individual,Angela,Allison,1963-04-07,646510c754ed6cb2b89842ddba98f3cf40a8282afb7a9fe8afbfd35d3a57dff3,,,angela.allison737@outlook.com,(559) 648-7032,verified,low,8,2022-05-13T07:05:50+00:00,2023-09-23T01:54:26+00:00
2494,C7002494,individual,Amy,Ramirez,1993-10-19,cc93a009a8307a11a0329d4ec5d46a66712ae2ca51c948d111b3333efe330243,,,amy.ramirez288@gmail.com,(594) 021-6980,verified,low,5,2012-03-17T16:54:35+00:00,2012-06-06T08:09:47+00:00
2495,C7002495,individual,Jennifer,Burns,1938-01-24,84556280b88d9f05c48431a424ae50a59e8b6eefc10083822ac02d5c5c507c33,,,jennifer.burns137@icloud.com,(260) 287-0071,verified,medium,25,2020-04-20T20:42:43+00:00,2020-06-15T01:57:24+00:00
2496,C7002496,individual,Christine,Burton,1973-12-06,6cc3ebb00611abdea50b3c1347c65c17546cac47efe89287dfab59c96158aca4,,,christine.burton413@aol.com,(881) 484-8946,verified,low,12,2025-05-11T08:24:30+00:00,2026-06-04T20:49:16+00:00
2497,C7002497,individual,Angela,Jordan,1974-06-11,7bd936b4293edf936e5d0453db2180b64d7247fe2c70a360648ac49c74d3f7c8,,,angela.jordan116@gmail.com,(967) 567-6594,verified,low,15,2017-05-18T19:41:07+00:00,2020-01-08T21:36:26+00:00
2498,C7002498,individual,April,Wilson,1989-09-08,a198ee3d9c40b17cf0f3482fdb57ff8c4cd74cf009f52c7476bc3c587b4cf65f,,,april.wilson289@yahoo.com,(633) 787-4726,expired,low,25,2023-02-05T13:39:08+00:00,2025-08-20T20:59:41+00:00
2499,C7002499,individual,Dennis,Hale,1982-06-15,a04db0de4dd9458668f5223ab1c44337cf01f8700ee3c443fe31040810e210f7,,,dennis.hale442@icloud.com,(820) 749-5962,verified,low,3,2012-04-21T15:58:49+00:00,2021-04-07T23:56:03+00:00
2500,C7002500,individual,Eddie,Horn,1955-11-06,3a79649acd720a995f13514ea9f57f38850fb9a33e4d5cdb1f66de12f4555f9d,,,eddie.horn811@gmail.com,(143) 438-2500,verified,low,3,2022-12-17T00:07:14+00:00,2024-10-26T19:20:19+00:00
2501,C7002501,individual,Deborah,Banks,1957-04-03,c4654313cf4b585f2014d40f75813328134d7f3ac62d5f88bcf24f56c2252d48,,,deborah.banks891@yahoo.com,(642) 369-1703,verified,low,13,2015-06-16T20:46:22+00:00,2018-11-12T06:56:22+00:00
2502,C7002502,individual,Kaylee,Hines,1990-10-19,98d590324e8125b81a16fec063f72a12f55f5a1effc73d94134deb9d91d9e3e6,,,kaylee.hines886@gmail.com,(170) 052-4596,verified,low,12,2016-07-22T14:48:26+00:00,2016-10-16T06:34:39+00:00
2503,C7002503,individual,Amanda,Meadows,1948-10-31,d9aeb1abf245b58c89c51d2545a4a87ac179d2a4f92a8bffe9e6a45c4e0f0c83,,,amanda.meadows617@outlook.com,(943) 152-1199,verified,low,18,2021-08-04T10:12:38+00:00,2023-03-02T21:18:41+00:00
2504,C7002504,individual,Vanessa,Cruz,1984-11-26,522936bd809a5d8ce00c7bb0a9d2ac167f0fb688e1ebbe9aa0c60e8f0dc15321,,,vanessa.cruz123@aol.com,(456) 960-6285,verified,low,4,2022-07-25T23:27:35+00:00,2024-04-04T18:06:43+00:00
2505,C7002505,individual,Heather,Herman,1966-11-24,24a3166031299aea830d937e40b082e7fd393f94d02f91dc182a08d1af7d5d66,,,heather.herman709@yahoo.com,(431) 331-1270,verified,low,8,2014-12-13T01:22:25+00:00,2022-06-27T14:05:51+00:00
2506,C7002506,individual,Jennifer,Smith,1940-07-25,a23c462557a6088034241648db145d7a95f05359a57c211d92a200fa4863cf49,,,jennifer.smith643@outlook.com,(799) 161-8502,verified,low,9,2023-03-10T19:08:55+00:00,2024-09-26T23:13:33+00:00
2507,C7002507,individual,Christopher,Rivers,1964-12-07,8d96e7d5598465544b9e008a25b5d9d827091a2155ce435a47a3115258e73b7c,,,christopher.rivers73@icloud.com,(600) 542-8635,verified,low,1,2014-04-03T03:11:27+00:00,2023-12-08T09:43:53+00:00
2508,C7002508,individual,Leslie,Banks,1988-10-04,720c04485a7b2d78a638ae79f436e01d9e2d52b1219fad04370b7b9b4c39ed1b,,,leslie.banks265@gmail.com,(552) 637-3380,verified,low,5,2014-08-16T10:40:37+00:00,2018-10-05T22:07:09+00:00
2509,C7002509,individual,Leslie,Carlson,1990-02-01,4802fe9fe348f0e0c419db6d60c1c76bea4f6bbaf5a50a0ea8f41d935795e08a,,,leslie.carlson316@yahoo.com,(076) 140-4868,verified,low,13,2013-12-11T06:06:19+00:00,2023-07-08T09:00:32+00:00
2510,C7002510,individual,Joshua,Griffith,1980-06-13,407e80ef425e2464dd523c9f4e4d91f51ce791c8d47caf08b69d21b6247ede12,,,joshua.griffith416@gmail.com,(685) 098-9479,verified,low,20,2009-05-08T03:43:36+00:00,2015-11-19T11:11:42+00:00
2511,C7002511,individual,Nathaniel,Ellis,1960-11-11,d63e368f3f0b73e18eb74cd4c36f8d0975f6157d15647c9cb28003b85e46a5f4,,,nathaniel.ellis383@gmail.com,(270) 592-5018,verified,low,6,2016-05-14T02:03:52+00:00,2018-11-02T23:39:43+00:00
2512,C7002512,individual,Christina,Simmons,1977-09-22,99fc0e40f2335c00f30e57f647ee63c64ff57476ef12b2f2a18d02e0291e313a,,,christina.simmons933@gmail.com,(574) 893-6706,verified,low,13,2008-10-09T03:34:51+00:00,2022-07-24T20:08:25+00:00
2513,C7002513,individual,Jonathan,Golden,1976-02-17,5baccb331b21b004faa56c6f09c2a5dcfc4caff5731755b309d2111b9fee0a96,,,jonathan.golden820@gmail.com,(315) 005-8353,verified,low,1,2009-05-03T17:26:46+00:00,2021-02-12T01:12:24+00:00
2514,C7002514,individual,Tammy,Cruz,1962-12-09,ad66d60a26e2d862ce0491558a066203bd7b523b53e2923ef8c4711075d7a32c,,,tammy.cruz605@yahoo.com,(352) 469-3604,verified,medium,16,2013-11-02T20:34:41+00:00,2019-02-04T02:48:52+00:00
2515,C7002515,individual,Ann,Hicks,1987-11-30,9d3773b21dd292b3b790c26cc9d89080a3e294ef920a76b9aa04feb1989e0ac5,,,ann.hicks223@gmail.com,(432) 445-7434,verified,low,10,2017-03-06T22:18:21+00:00,2017-08-11T17:08:50+00:00
2516,C7002516,individual,Jennifer,Baxter,1989-04-14,80b4bbf27c0835537f71f41373b06ad257aae27541dbc9d4a615c815dfabaf5b,,,jennifer.baxter746@icloud.com,(821) 062-8685,verified,low,19,2017-01-07T12:58:56+00:00,2021-09-27T02:10:07+00:00
2517,C7002517,individual,Penny,Johnson,1991-12-14,74d524cd09164a50715b518ee861a90f873f21ff5d5965ec09d5dd25d916009a,,,penny.johnson359@yahoo.com,(148) 224-3025,verified,low,22,2009-03-07T12:28:25+00:00,2019-05-14T19:02:15+00:00
2518,C7002518,individual,Amy,Kelly,1947-05-08,fe54f66d65231d8fa5728acfee97dcf88213cf948bc0464bcceadf3323ae7355,,,amy.kelly408@yahoo.com,(259) 914-3539,verified,low,1,2013-04-23T18:20:29+00:00,2016-11-07T03:06:55+00:00
2519,C7002519,individual,Lori,Gordon,1993-04-01,222a2b1f68801d88d3c53023e95bc1b210518ed6f972a03575b4b897dd000273,,,lori.gordon647@outlook.com,(630) 152-7737,verified,low,11,2015-05-05T00:46:52+00:00,2022-01-03T05:04:09+00:00
2520,C7002520,individual,Brent,Johnson,1998-01-31,87835ec7d10c5807cd252f0016fa77490b9dd5eed0791699586d58836407b293,,,brent.johnson320@icloud.com,(587) 825-7313,verified,low,2,2019-05-10T16:30:34+00:00,2019-11-22T20:12:11+00:00
2521,C7002521,individual,Erin,Strickland,1937-09-27,41aa9f2105f5a04e607996aae7e3088c621245d3966a212c55d33e7ad50ebf6e,,,erin.strickland677@icloud.com,(647) 850-6093,verified,low,21,2016-08-13T11:57:59+00:00,2025-07-02T01:18:08+00:00
2522,C7002522,individual,Heather,Cisneros,1942-09-01,7c3b9d6acc0d7e4f6e14b0aa601939b563d4976884f4a88eb83665d4f19a1818,,,heather.cisneros10@outlook.com,(654) 819-3220,expired,low,13,2022-04-20T21:05:02+00:00,2026-04-09T18:18:38+00:00
2523,C7002523,individual,Julian,Payne,1979-11-11,78627ebbc4774cd04f1f80f0cf352165dcf7b23611e1b194d3d139c5b9e73265,,,julian.payne497@aol.com,(239) 360-4470,verified,low,13,2011-04-06T02:59:02+00:00,2013-01-16T18:08:13+00:00
2524,C7002524,individual,Michele,Grant,2006-06-23,fe2d8f0f2661238d1364ba2aa6f1e295fdb6cb1a33041959ce618f5fb75d4c79,,,michele.grant782@yahoo.com,(259) 822-1898,verified,low,5,2015-07-07T16:50:30+00:00,2025-01-08T18:18:19+00:00
2525,C7002525,individual,Amber,Campbell,1971-06-12,af8672a3aab3de6f14ab26ab8894f0206e8b6799a9835482577e18c3ab26eef9,,,amber.campbell166@yahoo.com,(150) 274-3939,verified,low,16,2017-01-30T00:35:49+00:00,2025-05-27T15:28:51+00:00
2526,C7002526,individual,Belinda,Stewart,1947-01-14,ea5f16445ee47228ddaaee3b632d551c74eaf2048a27da9a4eb5bd22b482dc4a,,,belinda.stewart484@aol.com,(958) 607-2509,verified,low,7,2008-11-18T14:20:54+00:00,2024-01-21T02:52:53+00:00
2527,C7002527,individual,Sergio,Flores,1948-05-11,c5dbb641fa4c126e6ca893aec2343895290743f9fb39eafa4f293a6f6f486a56,,,sergio.flores51@yahoo.com,(326) 610-3821,verified,low,1,2015-09-24T15:07:07+00:00,2021-01-21T15:40:40+00:00
2528,C7002528,individual,Luis,Allen,2000-03-12,747c214eb78d05c572a40ae9afaf677da388a6e404676a82b66c5926d7c159f9,,,luis.allen272@yahoo.com,(996) 294-2649,verified,low,3,2012-05-09T00:27:00+00:00,2015-06-16T13:37:17+00:00
2529,C7002529,individual,Stephanie,Rodriguez,1978-03-05,dedb656d8de7383f05d60693fa826a8aef8116ac6d8850d71dfcd63951fadf6a,,,stephanie.rodriguez286@aol.com,(575) 941-9045,verified,low,21,2026-05-03T23:21:08+00:00,2026-05-26T08:46:24+00:00
2530,C7002530,individual,Paul,Patterson,1942-12-20,817521e5bc2356a93f8b096235b60767044693b19eb354f35589c7e453c3fe1b,,,paul.patterson88@aol.com,(187) 007-4989,verified,low,18,2008-07-20T14:30:05+00:00,2019-09-02T08:31:38+00:00
2531,C7002531,individual,Nathan,Allen,1975-09-27,55976aac77fb8382091ce7275c319f471cf14ec9e8fec95f40181d48ba55532d,,,nathan.allen182@icloud.com,(514) 258-0742,verified,low,25,2019-08-02T01:16:22+00:00,2021-07-03T00:18:15+00:00
2532,C7002532,individual,Gregory,Anderson,1981-12-25,5132be1529df268fbb85f9e97faa584b427408cc3966da8ce6dd3236065e6504,,,gregory.anderson184@yahoo.com,(204) 179-3953,verified,medium,16,2020-10-11T22:45:07+00:00,2021-05-21T06:52:09+00:00
2533,C7002533,individual,Jared,Leblanc,2007-04-30,6fef7638070a534a0f71ae386aedd9b0f867d4c7173d0f7741c549a8f0c2df92,,,jared.leblanc682@icloud.com,(360) 572-0731,verified,low,24,2012-09-12T21:19:02+00:00,2022-07-20T19:36:29+00:00
2534,C7002534,individual,Alexandra,Shepherd,1991-10-19,5d49662f0ecab086453a9382649c02cd0bcddf3a0885be170ea3abce8919ddec,,,alexandra.shepherd5@outlook.com,(634) 054-7551,verified,low,25,2011-09-11T05:23:34+00:00,2016-07-23T14:06:34+00:00
2535,C7002535,individual,Frank,Liu,1938-03-19,d6a7332351b294cb74cd1cfe0457a2c9b426ecd0d8f5103aad11699fb9cfb209,,,frank.liu4@icloud.com,(917) 701-9827,verified,low,23,2011-12-07T13:43:54+00:00,2022-10-31T19:47:55+00:00
2536,C7002536,individual,Stacey,Richard,2000-04-11,d3f9e0ae6397dc7f8d9fed46f359c47068ae13936ef319849c50a54fabbb8940,,,stacey.richard891@icloud.com,(598) 248-1328,verified,low,25,2025-12-23T11:50:26+00:00,2026-04-01T02:13:49+00:00
2537,C7002537,individual,Jaime,Martin,1956-06-11,b385fe9b25b2f8c13a410ce2972b864ff77d11de28c975036243c3fa372f604c,,,jaime.martin586@aol.com,(149) 131-0465,verified,low,10,2010-07-22T15:52:43+00:00,2016-03-04T20:02:54+00:00
2538,C7002538,individual,Brenda,Hayes,1978-05-28,bee2da5c68dadbc9bec2d6b1185889270b49a8193dfc4a5baa8ea1822ce01e06,,,brenda.hayes481@outlook.com,(337) 009-5113,verified,low,15,2015-12-19T22:00:05+00:00,2018-11-28T10:07:12+00:00
2539,C7002539,individual,Jason,Miller,1987-04-28,f46ab3d9f9d4a9a4d91da34838a594d8a347327eab88a249f2ee05e08c41a19c,,,jason.miller591@gmail.com,(975) 703-4097,verified,medium,23,2009-09-19T04:50:59+00:00,2014-02-04T04:19:36+00:00
2540,C7002540,individual,Denise,Meyer,2005-08-04,8301db50a6e169b111d17458039897eb4f9c6e25d0a61498800d93370f0b75f0,,,denise.meyer241@yahoo.com,(731) 785-2976,verified,low,7,2014-01-22T07:15:09+00:00,2014-05-15T04:05:48+00:00
2541,C7002541,individual,Jacqueline,Campbell,1984-05-30,fee8ddb0b117da3e09330f253a18be0a6f0d19c5faafe3f1c9deeab79c46962c,,,jacqueline.campbell987@gmail.com,(039) 161-0281,verified,low,15,2026-06-19T10:52:35+00:00,2026-09-19T09:45:42+00:00
2542,C7002542,individual,Terrance,Alvarez,1973-12-20,5d7a604e07ff535fd6b1b7a3b4f36f12d31fce51a6d5d910393d4307531e4165,,,terrance.alvarez649@aol.com,(170) 207-3970,verified,medium,22,2024-01-15T10:15:11+00:00,2024-06-26T17:09:57+00:00
2543,C7002543,individual,Daniel,Foster,2002-10-30,913d57fa5c37aa1d9e8badd8b99f5ec596aae2a3324b8b1f8451ed3d96ae6418,,,daniel.foster261@outlook.com,(416) 606-4858,verified,low,25,2018-07-23T06:32:07+00:00,2024-03-05T05:51:50+00:00
2544,C7002544,individual,Julie,Stewart,1949-12-13,af69f54611677f806503830f3d4d506eb439deeeaf21ffd2efa3ca5f97f8e2bd,,,julie.stewart379@outlook.com,(276) 673-1552,verified,low,6,2026-01-05T11:11:17+00:00,2026-02-25T08:51:51+00:00
2545,C7002545,individual,Victoria,Lewis,1960-11-10,2798c28b2b463c13dd3eab8db6d8554347e6472a8e10c4d1811468f8224af74c,,,victoria.lewis84@icloud.com,(569) 771-0456,verified,low,13,2015-09-05T15:14:11+00:00,2024-10-20T21:08:01+00:00
2546,C7002546,individual,Thomas,Bartlett,1961-04-17,1dce93d34e912c4d403b40518229df7adec4cdf2dc02e552404543e4426a4051,,,thomas.bartlett496@gmail.com,(362) 725-8618,verified,low,9,2009-06-13T14:25:54+00:00,2022-06-16T13:12:26+00:00
2547,C7002547,individual,Taylor,Pham,1942-08-06,a9794052464869d87e735d3ea13191d7f3a052216ec806c2988d56ce9389c7fa,,,taylor.pham637@icloud.com,(275) 733-2006,verified,low,13,2023-11-14T21:53:11+00:00,2025-07-26T12:23:51+00:00
2548,C7002548,individual,Ryan,Pham,1952-12-16,cc1727fa340a735c6fd5ce0c6557f10abce1877f38f2f64a5b54a5bf54e488e8,,,ryan.pham948@icloud.com,(846) 074-9169,verified,low,19,2019-12-14T17:13:16+00:00,2024-08-15T16:46:52+00:00
2549,C7002549,individual,Lance,Lucas,2002-06-06,8777a47d305457779141115813e58ca11221f8b933db8e131c2f3e54f35b0538,,,lance.lucas267@icloud.com,(042) 425-8465,verified,low,1,2016-05-25T03:44:32+00:00,2020-11-19T05:42:18+00:00
2550,C7002550,individual,Morgan,Garza,1994-02-16,dfc003856abbb8e78f3ecbfdba31efd62c71df217b7bd32ad2fbf1061f9c630e,,,morgan.garza648@gmail.com,(477) 279-7280,verified,low,20,2013-03-19T16:23:08+00:00,2014-06-01T23:26:08+00:00
2551,C7002551,individual,Brian,Crawford,1976-03-13,acf17e65be81faf9ccd9f91966a165bb48b9b58e3074906f1024e10aa6b8032e,,,brian.crawford165@aol.com,(361) 885-7524,verified,low,11,2012-01-16T07:43:34+00:00,2014-10-10T04:14:28+00:00
2552,C7002552,individual,John,Rodriguez,2002-12-26,46331214ebb7e0c240486d086d29f1667d2057d3a9f660a20c509e493047ed2a,,,john.rodriguez420@yahoo.com,(984) 276-9017,verified,low,15,2024-02-25T17:12:48+00:00,2025-06-20T21:40:42+00:00
2553,C7002553,individual,Alexandra,Kramer,1966-08-04,0601ea8bc0bc5a712dc468013fdff40d425a86cf658f05453005279f9c37f0e5,,,alexandra.kramer510@gmail.com,(143) 646-2969,verified,low,18,2011-08-20T22:08:53+00:00,2023-11-23T18:43:26+00:00
2554,C7002554,individual,Luis,Bowers,2001-02-07,0505839c53f7e9ce46f3670aa44b454ea86899ba8c80406be2277ba424186105,,,luis.bowers682@aol.com,(760) 830-7354,verified,low,14,2025-02-23T21:56:59+00:00,2025-09-05T22:44:06+00:00
2555,C7002555,individual,Gregory,Smith,1981-03-18,8a817b6044d3542607249a72b0e0498a59fff0f8fb1dd16eaa67bcffcafc16a1,,,gregory.smith125@icloud.com,(653) 175-9596,verified,low,9,2014-03-07T23:11:45+00:00,2022-12-22T00:07:51+00:00
2556,C7002556,individual,Hayley,Roberts,2003-02-14,33d79aabb6ba51704064fd5dd7aa21613095d88301ac30bc4faeb519d16c3290,,,hayley.roberts594@icloud.com,(703) 752-6968,verified,low,2,2014-08-08T15:07:24+00:00,2019-04-28T21:11:17+00:00
2557,C7002557,individual,David,Hernandez,1993-01-31,6caa39973729cf9a8ac4a455460c62d4ff6d24ca535f1b85e421218c71fa104d,,,david.hernandez206@outlook.com,(257) 481-5324,verified,low,1,2019-10-19T21:49:55+00:00,2022-12-31T11:00:57+00:00
2558,C7002558,individual,Courtney,Klein,1981-01-20,275bf60ddc05f4d3b07a3e0599faf6d78c20874c9294da8d9cc654f85082be91,,,courtney.klein363@gmail.com,(600) 789-4935,verified,low,22,2018-10-20T09:54:57+00:00,2021-01-16T09:18:48+00:00
2559,C7002559,individual,John,Hansen,1968-04-15,c2ccc37eaf953f6c0abb843563ce106b3260c34f312a4e06051487d278a460fc,,,john.hansen156@yahoo.com,(968) 103-2022,verified,low,20,2017-04-01T09:30:52+00:00,2018-08-11T05:57:56+00:00
2560,C7002560,individual,John,Graves,1998-12-02,7e3f9af8589dc2e19d8bc0460f29f36107aa3f998e9d44073c3d6fc878675139,,,john.graves849@icloud.com,(437) 814-1195,verified,low,23,2013-08-19T01:36:34+00:00,2021-02-14T17:48:05+00:00
2561,C7002561,individual,Jacob,Cunningham,1952-05-10,f276ce58bd0b974fa84e6e87ec121f1cff8ffac8dbfab148fa31a77ebdd93e55,,,jacob.cunningham321@icloud.com,(918) 233-1671,verified,medium,10,2014-05-24T04:33:22+00:00,2017-11-19T21:49:34+00:00
2562,C7002562,individual,Lisa,Meadows,1985-01-07,734c88d5f2082477dc6c435dc81dd7ddcd677165a32108aebdaad7c24b94e5b4,,,lisa.meadows213@outlook.com,(023) 247-4687,verified,low,2,2014-05-08T17:43:05+00:00,2024-02-25T14:37:59+00:00
2563,C7002563,individual,Jill,Hayes,1997-11-07,eb536a61eabf96ece4b827c3670d1f15fc6f680fa70b7a176b15f73a689b7c46,,,jill.hayes655@aol.com,(808) 784-1786,verified,low,12,2022-11-29T18:14:45+00:00,2026-09-16T09:45:33+00:00
2564,C7002564,individual,Sarah,Rice,1944-01-18,4da22029296f2892f874ce4f5e062ad2a8a48ac327dce22214a44e91577d491b,,,sarah.rice852@gmail.com,(933) 138-6349,verified,low,5,2010-01-21T16:15:18+00:00,2018-11-30T10:38:40+00:00
2565,C7002565,individual,Tricia,Hale,1991-03-27,6ad5ddb5216bbcc08102770b230e0cd456ebcc555d7dca13c988c1f7f6c8676c,,,tricia.hale822@gmail.com,(211) 880-6904,verified,low,19,2020-04-04T19:01:57+00:00,2025-11-20T01:33:20+00:00
2566,C7002566,individual,Daniel,Smith,1948-02-20,95e60c4764879d5f270c865259c84e0c9ce9be7baa1e1fac8c208ad4de4a5671,,,daniel.smith802@outlook.com,(418) 501-6641,verified,low,8,2016-05-02T16:21:27+00:00,2019-02-23T00:32:55+00:00
2567,C7002567,individual,Emily,Odonnell,1969-02-13,a1599261db5463d51cdc3cb878ed0eb16e021a53fe0b2bb6c46047992f3ae29d,,,emily.odonnell269@aol.com,(308) 724-0364,verified,low,24,2020-04-19T07:35:11+00:00,2021-09-30T15:20:47+00:00
2568,C7002568,individual,Sandra,Henderson,2004-11-23,6168804bff31eb1b97a4198f019b932544b2b279dd9306257708ab7d664386d6,,,sandra.henderson631@yahoo.com,(775) 329-1236,verified,low,13,2022-03-21T07:11:25+00:00,2023-04-13T03:50:37+00:00
2569,C7002569,individual,Jeffery,Castro,1955-10-05,7851b7b582f9f469fcea0860b74ba4a549b5042a664b86da4a2a389d7367b34a,,,jeffery.castro971@outlook.com,(092) 283-4364,expired,low,7,2015-02-12T16:08:07+00:00,2015-09-23T03:25:22+00:00
2570,C7002570,individual,Sydney,Massey,1959-02-16,66ea5a7b306a5d9e5c6896c707eee4426e74811efb699ce20a77e6360e143643,,,sydney.massey371@aol.com,(515) 717-9230,verified,low,19,2021-01-20T05:31:12+00:00,2022-12-07T08:36:49+00:00
2571,C7002571,individual,Calvin,Henson,1961-01-31,452b91c0b06dbccf59f91b3ef0edce50c24b1ab28ab6c506fabba8797025fa8e,,,calvin.henson59@outlook.com,(977) 903-6496,verified,low,9,2019-01-08T16:05:31+00:00,2024-08-17T21:21:41+00:00
2572,C7002572,individual,Lisa,Young,1958-07-23,f637ee1e4ae6d72a6d5c7a559a64234f40f5f77a7d9e4da08460de1d6d6d245e,,,lisa.young919@aol.com,(596) 357-2231,verified,medium,25,2010-06-25T19:50:40+00:00,2019-02-01T01:43:44+00:00
2573,C7002573,individual,Heidi,Adams,1995-11-27,e5e6c01d1e01ff2a7e5f287798d70184b7e9913ec39d54a46090480814dc9997,,,heidi.adams154@aol.com,(203) 287-0789,verified,low,2,2010-06-07T11:58:31+00:00,2020-02-19T04:22:03+00:00
2574,C7002574,individual,Lynn,Chavez,1948-12-31,4c9daa3b81d8723e7d6bd1e77bd403bc671969846954c6c70dd0faa61b02cf02,,,lynn.chavez763@yahoo.com,(232) 601-7542,verified,low,22,2017-02-25T12:04:49+00:00,2017-05-17T06:08:20+00:00
2575,C7002575,individual,Christine,Todd,1940-05-25,49699b573016fd9e21cb6599ec5d3bc8738e69281abceebe27c4e591d85b1714,,,christine.todd220@outlook.com,(845) 672-7857,verified,low,7,2013-04-17T23:54:57+00:00,2025-04-03T22:53:27+00:00
2576,C7002576,individual,Jamie,Chapman,1989-02-27,69e538e4721d2d63d643887212335a8144cc9c8600d8dde60f9517d8f832dfe1,,,jamie.chapman34@aol.com,(137) 018-3274,verified,medium,21,2019-01-30T23:23:33+00:00,2023-06-01T11:32:19+00:00
2577,C7002577,individual,Sandra,Franklin,1947-08-02,9433090633b3e3b1db351973e1f52cb3355e074799406442ac69519508c4647e,,,sandra.franklin557@icloud.com,(151) 763-8618,verified,medium,12,2025-05-02T05:40:34+00:00,2026-09-20T09:42:28+00:00
2578,C7002578,individual,Marcus,Lawrence,1989-02-13,6c1e5a848764a3862eb94ce50a31c51711307849cee781d1bb26dd11b767be50,,,marcus.lawrence406@icloud.com,(720) 560-0642,verified,low,2,2015-07-17T06:18:50+00:00,2024-03-13T22:20:29+00:00
2579,C7002579,individual,Linda,Garrison,1943-11-15,9419aa63cf5070ac8dc0fe1a3cfd9b4257d642500d8db26bdfdae2e4ad5afa82,,,linda.garrison516@icloud.com,(011) 303-2232,verified,low,14,2024-03-10T15:14:30+00:00,2026-05-27T20:32:00+00:00
2580,C7002580,individual,Benjamin,Taylor,1971-06-30,a6a7ebe5347851aa369c34d196761a5b8a300176e48d0abdfd4e2dea26baad28,,,benjamin.taylor400@yahoo.com,(121) 638-2459,verified,low,22,2015-07-19T23:03:41+00:00,2024-04-16T15:32:01+00:00
2581,C7002581,individual,Carla,Chapman,1987-04-10,d4670f5d289f4aa29604eb5c1db9c3e7b66e6a16f852dab89af392fc4798146b,,,carla.chapman29@aol.com,(939) 105-1507,verified,low,6,2023-12-02T21:58:34+00:00,2024-11-09T21:32:40+00:00
2582,C7002582,individual,Joshua,Munoz,1938-05-14,7f6c1d6f87be276f6b2c96816cd0c1e4671a65cf5c31e8acd51e275fb8881d77,,,joshua.munoz524@icloud.com,(280) 064-8615,verified,low,10,2025-09-22T09:26:37+00:00,2026-07-31T03:33:43+00:00
2583,C7002583,individual,Michelle,Avery,2003-01-10,145348223b62818071d1f454b1538625ccf54dc97669e6354a15cae9cd7ee03f,,,michelle.avery340@aol.com,(899) 968-0126,verified,medium,8,2013-10-21T00:13:18+00:00,2017-08-05T07:31:45+00:00
2584,C7002584,individual,Anna,Pittman,1944-02-22,f52497073651ba0bd08adffcc362e82ee414225e759b40ec0ed976d99d62a9d5,,,anna.pittman668@outlook.com,(325) 512-6691,verified,low,16,2010-08-27T03:27:46+00:00,2026-08-03T13:19:54+00:00
2585,C7002585,individual,Megan,Wilson,1950-07-21,0090dc8a81303021ffb782fe5b288ca3fcf907e7b1bf629496b885d809f56857,,,megan.wilson215@icloud.com,(403) 417-6097,verified,low,8,2013-04-27T21:00:37+00:00,2020-11-20T19:39:54+00:00
2586,C7002586,individual,Holly,Parks,1955-06-05,0bea9fa7d1ea90d21d1363e431d466ce4cc7b88e2c5a5b0ef6dd4158012d7b6d,,,holly.parks464@outlook.com,(122) 694-1535,verified,low,22,2019-10-09T16:51:18+00:00,2025-08-29T23:09:22+00:00
2587,C7002587,individual,Michelle,Thompson,1950-07-26,9535a099162005920c8bce1a24459ffd3a8b76d7b04dc943a75ee10de88fd7c7,,,michelle.thompson522@outlook.com,(840) 749-3834,verified,low,23,2021-04-09T21:34:21+00:00,2026-01-19T16:43:54+00:00
2588,C7002588,individual,Ashley,Vaughan,1952-09-09,707155cd7ce9a74335d006ecd0a39f3edfed15862e955016388703eedd6c8a6b,,,ashley.vaughan343@gmail.com,(603) 921-9165,verified,low,4,2008-08-23T19:03:57+00:00,2019-01-07T23:44:45+00:00
2589,C7002589,individual,Jacqueline,Bond,1974-06-04,5ee1cb9077b64f316d2fcb42ad79bd79cf24d9ab12801cb8e8798648de5f1ad3,,,jacqueline.bond283@gmail.com,(830) 976-9046,verified,low,20,2009-09-19T10:00:38+00:00,2015-12-05T06:38:45+00:00
2590,C7002590,individual,Sherry,Edwards,2002-09-20,f8e12eec4e61d608e474e9561734a29b6cefc4fa867df3ffc7c9c895681819a5,,,sherry.edwards635@yahoo.com,(332) 433-5069,verified,medium,20,2021-08-29T21:43:29+00:00,2023-10-08T05:30:38+00:00
2591,C7002591,individual,Nicholas,Harper,1966-01-02,1fe1016632c29c2a81de575dad14c4f972476b5f75881956b652197f84dfe346,,,nicholas.harper231@outlook.com,(551) 270-1183,verified,low,24,2010-04-22T07:28:30+00:00,2021-02-09T20:06:15+00:00
2592,C7002592,individual,Dana,Peters,1948-10-05,9b02c0f13ff33cef1ed9cf971145da60a87b73d23f171d6b5a2e3ac2c0acf30a,,,dana.peters355@icloud.com,(814) 010-1190,verified,low,19,2019-02-20T02:23:02+00:00,2022-10-03T06:46:05+00:00
2593,C7002593,individual,Regina,Kelly,1978-11-01,cd4bb1fc0c4bade63a7065a844c5ab9841717b02c95ee8f71cd911eea92f9cf6,,,regina.kelly529@gmail.com,(634) 455-6582,verified,low,19,2017-03-25T13:02:24+00:00,2023-07-09T16:04:10+00:00
2594,C7002594,individual,Andrew,Bright,1968-02-09,1a559023c8ee14a31ee34c5b9b8a0074649582b1a5f4849f654f61671252913f,,,andrew.bright171@outlook.com,(967) 776-1920,verified,low,8,2011-11-12T07:04:14+00:00,2025-04-26T10:56:26+00:00
2595,C7002595,individual,Gabrielle,Owens,1980-10-10,696f0d1ac1b6342650dda52d9897c03a9e48ae6ff4a6d9b46f78a5598c8e0ec3,,,gabrielle.owens692@yahoo.com,(727) 513-1586,verified,low,7,2023-08-08T04:05:25+00:00,2023-10-04T20:09:25+00:00
2596,C7002596,individual,Richard,White,1995-10-10,cf2f99d8dc86837b42d9fcf62b367c245e5e44dfbb5c3ebac8e2305dc5d419a2,,,richard.white101@icloud.com,(696) 720-6474,verified,medium,19,2017-07-17T22:07:32+00:00,2022-12-04T18:30:22+00:00
2597,C7002597,individual,Aaron,Diaz,1990-09-16,e46e59a8b53909c517a128a6945284201e664103534238d44e0fa702be2eaafb,,,aaron.diaz784@gmail.com,(787) 123-7287,verified,low,9,2017-06-22T21:28:18+00:00,2024-01-05T03:38:09+00:00
2598,C7002598,individual,Christine,Riley,1979-09-13,6f361e7c247c20013b8d3f6567cbda5cc239e4af907d90211bcdad4eb10c2b0c,,,christine.riley860@outlook.com,(471) 774-1686,verified,low,2,2012-02-26T14:20:33+00:00,2019-01-17T23:56:41+00:00
2599,C7002599,individual,James,Doyle,1953-12-02,82a453db09dbc7f354bd5541b5e854aeb27906eab1848df112a32b06abdaf743,,,james.doyle49@gmail.com,(100) 670-7603,verified,low,6,2012-04-23T23:42:42+00:00,2017-02-19T00:01:38+00:00
2600,C7002600,individual,David,Gonzalez,1941-12-05,4a8867de78bb02137007bd608a98733f9cba6f5ee5c6eb04cac512c398a656c6,,,david.gonzalez9@gmail.com,(380) 180-8753,verified,low,15,2009-07-04T15:00:51+00:00,2010-04-04T13:32:25+00:00
2601,C7002601,individual,David,Contreras,1939-12-03,1b67d13aa1c1a68f7eeabb23d6fa910c0b4ad1d801f42ad0df70b21cd366044b,,,david.contreras849@aol.com,(825) 365-5220,verified,low,5,2020-05-18T03:08:33+00:00,2025-03-06T22:14:32+00:00
2602,C7002602,individual,Carrie,Espinoza,1966-11-05,eeab0a93e4929c19a4afedfb7cbb2983aaac3de5281a2697f90c4dab4105c184,,,carrie.espinoza85@aol.com,(904) 418-5071,verified,low,20,2008-07-02T04:27:50+00:00,2025-08-22T18:59:33+00:00
2603,C7002603,individual,Amanda,Hardy,1977-01-31,85d9b332d89789dd30914a3818a9ced649fb1b7aff0d19c6dac827b348bbe837,,,amanda.hardy921@gmail.com,(476) 206-9348,verified,low,23,2013-06-18T09:51:33+00:00,2016-10-14T22:45:52+00:00
2604,C7002604,individual,Jennifer,Miller,1949-01-25,c174c2bea1feebe34ee4eb240c269c892945ca87fb22f641de8bd8135ba5e63b,,,jennifer.miller104@outlook.com,(551) 458-8501,verified,low,11,2025-06-12T17:39:13+00:00,2025-11-02T06:55:30+00:00
2605,C7002605,individual,Susan,Becker,1938-08-26,0bcf6d88d568fdd00e8307caee5628b5563b4ed0e990dd35e0835f9d1a4d2c3d,,,susan.becker306@icloud.com,(199) 073-9488,verified,low,13,2022-01-06T12:30:52+00:00,2022-02-05T01:37:19+00:00
2606,C7002606,individual,Cameron,Patel,1995-09-22,3fd60288f7d973c3703c790c44b47c55b7dceeab0113d33eb8addb19160f08d4,,,cameron.patel633@icloud.com,(970) 345-0588,verified,low,21,2012-02-24T04:36:45+00:00,2019-10-30T22:47:21+00:00
2607,C7002607,individual,Jared,Welch,2001-09-14,954a53f28cbafcb5f11b4d80ebdd8041a25218b54bc6efe101bceb2588200e04,,,jared.welch994@gmail.com,(225) 779-8304,verified,low,11,2012-10-08T12:01:13+00:00,2024-08-28T11:52:28+00:00
2608,C7002608,individual,Megan,Robinson,1992-10-07,3b04b640748cf6604f2816dc96751eb00e512cf364bd58ea5cc920f02893f649,,,megan.robinson614@icloud.com,(822) 672-3561,verified,low,3,2008-10-21T22:45:39+00:00,2023-07-23T01:46:41+00:00
2609,C7002609,individual,Bobby,Robertson,1951-12-27,b12c8d34a5dac365354fbcb1ea10cbd07bab7ac0922fe86d5d93ea5b8fea821c,,,bobby.robertson1@aol.com,(471) 688-0177,verified,low,4,2012-03-10T18:59:37+00:00,2019-11-20T15:37:01+00:00
2610,C7002610,individual,Richard,Turner,1943-08-24,f4d925e2aa71e174535217799219036c7444d7b1f86527fdf01e31174e6349d7,,,richard.turner901@gmail.com,(771) 421-0543,verified,low,12,2019-03-10T11:45:11+00:00,2023-05-21T12:00:44+00:00
2611,C7002611,individual,Curtis,Higgins,1976-07-20,88ef67f92eac6981d18efa35480260304643cae35c36a063bc90e2fabb999b33,,,curtis.higgins574@yahoo.com,(785) 859-9192,verified,low,24,2010-03-24T02:39:25+00:00,2023-02-05T03:42:34+00:00
2612,C7002612,individual,Alexander,Murphy,1940-02-27,e4f6080c87892becc34c245eab123d2f56989899c8544d3de8675dc027e4cfd7,,,alexander.murphy131@gmail.com,(907) 861-1407,verified,low,15,2021-03-15T04:23:14+00:00,2025-10-12T03:26:38+00:00
2613,C7002613,individual,Edward,Bates,1962-05-24,04fcc15df8d4e955a5e7b0518d8fd62f52920640412879b91ccb3d97fdd65641,,,edward.bates231@gmail.com,(476) 219-8938,expired,low,15,2020-08-13T06:17:33+00:00,2021-12-20T16:13:52+00:00
2614,C7002614,individual,Carl,Matthews,1963-05-25,b703e144ac2cfdee2f5d11a694b5574d1c84077ac6251d7c729f14441262fcee,,,carl.matthews30@icloud.com,(171) 440-3428,verified,low,25,2017-04-26T11:00:39+00:00,2018-08-04T15:04:05+00:00
2615,C7002615,individual,David,Perry,1962-02-21,2f0afc7eed4adfbfe99ee1308c680ddb6a2a20fe532dc2db42cdcfb592c870cc,,,david.perry184@icloud.com,(985) 691-0393,verified,low,23,2018-07-18T11:08:33+00:00,2026-09-12T02:14:15+00:00
2616,C7002616,individual,David,Davis,1963-06-06,e75b731f4cb5484df1ff0860cde4689eccb58f6aaebd5acfce7f338713763a16,,,david.davis475@icloud.com,(115) 791-3678,verified,low,20,2011-11-26T02:38:31+00:00,2017-03-11T07:26:44+00:00
2617,C7002617,individual,Dana,Lynn,1981-04-05,d02fafe90b6b7585ddce4b909526ee6d86d77f50593cb45f3faa071f30f1d8f6,,,dana.lynn449@icloud.com,(115) 825-0843,verified,low,15,2026-01-16T11:20:30+00:00,2026-07-01T10:01:16+00:00
2618,C7002618,individual,Malik,Park,1984-03-03,bbcc0f6cb64eb5b29626cff680edd84035e3422f47349efbf3126bb3bf467550,,,malik.park600@icloud.com,(324) 439-2207,verified,high,8,2014-06-19T11:08:24+00:00,2017-05-14T20:10:30+00:00
2619,C7002619,individual,Richard,Key,1949-02-18,365d5c2a1b13e747b1c9019e8927144d3a9284e47a8bba6a1bdf864c18ac067c,,,richard.key179@aol.com,(369) 351-0738,verified,low,4,2023-12-16T21:23:39+00:00,2025-06-10T17:34:55+00:00
2620,C7002620,individual,Robert,Wallace,1963-10-21,4949437febdfb4cfbf982dec3abfcebe3a08286532d6fc4fdd5c3c9ace6e71ff,,,robert.wallace158@icloud.com,(780) 187-1513,verified,low,2,2025-09-13T13:19:39+00:00,2026-02-25T12:05:03+00:00
2621,C7002621,individual,Stacey,Martin,1994-09-14,8ee973fa3924f07ebf29ec4b863cf8ee716a6c6bf657e52d90d714482840f4fc,,,stacey.martin345@outlook.com,(361) 815-7977,verified,low,13,2014-01-16T01:50:17+00:00,2016-11-12T01:21:09+00:00
2622,C7002622,individual,Dale,Wilson,1949-04-06,cf12f8d3b3b73073278125b0007128308554c06ad8b709e82d23f616e100c716,,,dale.wilson164@outlook.com,(341) 582-2121,verified,low,15,2010-12-09T10:12:40+00:00,2018-01-27T06:10:57+00:00
2623,C7002623,individual,Joseph,Brown,1976-09-01,499f4b255ae7371fb5bbd46b2fb164acaac1d5beff7e659d1080d69b89cf4efc,,,joseph.brown770@outlook.com,(528) 606-8921,verified,medium,12,2018-11-25T00:46:28+00:00,2024-10-25T16:26:02+00:00
2624,C7002624,individual,Catherine,Gardner,1969-03-03,37d99c7ade532ff515be18b678d852c34ffa80040de7965a256fe7824a40798b,,,catherine.gardner494@gmail.com,(916) 007-6941,verified,low,8,2017-11-13T08:31:37+00:00,2026-03-21T09:47:35+00:00
2625,C7002625,individual,Cynthia,Mcknight,1996-04-29,9aaaabc6a70524e520b9130928f86395e632ee1da46b350d61955feeb126f377,,,cynthia.mcknight241@aol.com,(785) 304-4567,verified,low,11,2008-11-10T01:01:19+00:00,2012-03-02T03:55:06+00:00
2626,C7002626,individual,Heather,Elliott,1989-09-06,4169552ce8fa338c9bee970a77f466b371a3d0523bb542b21cca5b1f1416343a,,,heather.elliott538@icloud.com,(197) 465-6382,verified,low,24,2019-04-29T21:56:30+00:00,2019-07-11T05:15:22+00:00
2627,C7002627,individual,Monica,Wilson,1946-12-20,90919a74dba8cba4641bfdd4d2b33b7e937aeecded7f72d4f7b1ebdbbbcb9eeb,,,monica.wilson460@aol.com,(740) 289-9365,verified,low,21,2019-09-29T19:05:25+00:00,2025-01-21T23:13:43+00:00
2628,C7002628,individual,Shawn,Carter,1974-11-10,cb63ab7aff525e70698c25b8db2e5dfdee213c189ed957c1c3c0e56415af1687,,,shawn.carter528@outlook.com,(256) 378-1169,verified,low,13,2011-02-08T11:47:48+00:00,2018-11-01T04:59:22+00:00
2629,C7002629,individual,Travis,Murray,1999-12-26,8a4b21cd4a16ec4f8ea99f973b68451fc91ef3b8e908b5d53c0f5a8b12004db8,,,travis.murray342@aol.com,(408) 522-8619,verified,low,4,2012-04-23T11:48:58+00:00,2024-09-07T23:51:25+00:00
2630,C7002630,individual,Carolyn,Graham,1948-02-26,ba244f09716517a7bcf10037fb508a7ae60a00d97d5a42a4aad27503ae0c7754,,,carolyn.graham662@aol.com,(419) 786-8042,verified,low,3,2022-11-22T10:13:34+00:00,2023-06-26T12:27:31+00:00
2631,C7002631,individual,Michael,Jones,1968-09-09,dbaba643d43b5b61fdb1e0779824245af93b84c84a3e370e4c92671d19fa53bb,,,michael.jones868@icloud.com,(672) 892-5765,verified,low,19,2011-07-13T21:50:52+00:00,2012-05-17T10:07:31+00:00
2632,C7002632,individual,Morgan,Young,1999-08-27,7940e5a02113672c6ea1bc8c0baffe0883d21ba514c2d39fc8e984c64b1fd385,,,morgan.young637@icloud.com,(305) 865-4833,verified,low,4,2013-10-11T15:23:12+00:00,2021-01-31T18:29:32+00:00
2633,C7002633,individual,Claire,Mcgee,1985-01-19,d9e3e9cccd7fbac83bc68cbba37de27a5801311427e29ec92738b8c20b62d765,,,claire.mcgee727@aol.com,(717) 524-0975,verified,medium,5,2018-07-14T07:49:33+00:00,2020-09-17T20:21:10+00:00
2634,C7002634,individual,Lorraine,Mccullough,1955-12-17,bd084097a5c500f09c5bc37b48572ad378faf35b9aff2c34c49e67cbb9a87107,,,lorraine.mccullough240@icloud.com,(384) 137-0787,verified,low,24,2018-03-25T06:56:07+00:00,2023-08-23T04:27:09+00:00
2635,C7002635,individual,Kimberly,Rose,2003-09-04,6e11f504bf0d1877afbb886e3c4e8a6648187574abd1cb686167ec3187044dcd,,,kimberly.rose624@icloud.com,(797) 646-7057,expired,low,22,2008-10-19T00:29:29+00:00,2009-09-21T11:25:00+00:00
2636,C7002636,individual,Stephanie,Martinez,1980-07-24,dff934c4b6cf2e1c2425866c9a0316919ec7988a40cfa0b1de4b337e73341fc4,,,stephanie.martinez391@gmail.com,(887) 090-9042,verified,low,13,2019-09-03T04:50:42+00:00,2022-05-03T23:56:24+00:00
2637,C7002637,individual,Michele,Harris,1996-05-17,b6b5be8fde3acf4f4206230b39a4d0621cd74ce62161466c65274625fcd0ebcc,,,michele.harris43@outlook.com,(577) 441-6621,verified,low,21,2018-05-16T12:17:06+00:00,2024-08-06T09:13:52+00:00
2638,C7002638,individual,Jeffrey,Stuart,1944-09-04,f178a765a9bff1a123c66438dcfb123a60f284f58e5d62fb5eb81a59e9ff1256,,,jeffrey.stuart447@aol.com,(682) 681-4155,verified,low,15,2008-02-05T03:27:52+00:00,2016-12-24T00:17:00+00:00
2639,C7002639,individual,Mark,Johnson,1967-07-18,997d857ae793a272157219d704eaf8495133a3607ca1a5ec57ee8b9af07ce7dd,,,mark.johnson792@yahoo.com,(199) 594-2535,verified,medium,9,2014-09-22T04:00:38+00:00,2025-09-24T09:44:48+00:00
2640,C7002640,individual,Brenda,Lester,1983-12-22,4cf5cf1231e52f0ed27cba2e7ace5874f81222c50c2b2e8b8a5e2d5f20d3b4e9,,,brenda.lester260@outlook.com,(408) 099-5892,verified,low,11,2024-01-30T20:39:43+00:00,2025-08-27T16:52:49+00:00
2641,C7002641,individual,Paul,Harper,1990-02-07,016a48ecc0cbb96b86195529f846ead9c74c1092b46da4958f355b760187063f,,,paul.harper478@outlook.com,(354) 499-7075,verified,low,24,2019-10-19T04:45:59+00:00,2026-07-11T05:39:01+00:00
2642,C7002642,individual,Anita,Alexander,1978-12-12,593dfcb7b6079d99a8252418cba8d154fed7d249c04c9920afe232df71a24970,,,anita.alexander865@yahoo.com,(768) 079-8105,verified,low,4,2013-04-30T06:10:40+00:00,2015-05-26T16:06:44+00:00
2643,C7002643,individual,Tiffany,Mason,1990-06-16,dac108609ca0ae372be978e231d166f47f40117982da2d8283944d12902f7c0d,,,tiffany.mason287@outlook.com,(587) 236-3628,verified,low,15,2015-11-19T08:36:47+00:00,2017-09-11T14:52:15+00:00
2644,C7002644,individual,Amanda,Ortiz,1976-06-22,035635d2c5c03567994ed9833d847ae5678baa0599099d6fb1142ab95b738df0,,,amanda.ortiz428@icloud.com,(074) 511-5247,verified,medium,13,2012-04-08T17:58:38+00:00,2023-03-23T04:50:48+00:00
2645,C7002645,individual,Donna,Mathews,1971-06-10,b097bf795c69b4d5f4f6aa24df333e0b93b61c36d0bcdef1f4c104f88d182349,,,donna.mathews812@icloud.com,(728) 632-4948,verified,low,9,2024-10-22T21:13:55+00:00,2025-08-09T09:35:44+00:00
2646,C7002646,individual,Michael,Stephens,1994-12-19,7697c324ffb75bb9ef7f1ae751b7dff6e9535b1335bc0dc5777ba933e12705cb,,,michael.stephens705@icloud.com,(617) 270-1891,verified,low,8,2016-07-23T12:02:36+00:00,2018-07-26T23:16:17+00:00
2647,C7002647,individual,Ryan,James,1997-12-27,62469c4e3c2a9f1870c37c1b6a980431e562f6ed2aa7f6690d1c2dd9742d2064,,,ryan.james548@outlook.com,(448) 794-9317,verified,low,25,2015-11-25T17:05:22+00:00,2025-03-23T05:02:46+00:00
2648,C7002648,individual,Stephen,Robinson,1997-03-06,51a4b1ed53b8d21147c8a248b1b063e2bb6122b06ac181f1718724afeda2effb,,,stephen.robinson871@outlook.com,(693) 287-4342,verified,low,4,2021-05-06T22:37:01+00:00,2023-08-01T19:08:55+00:00
2649,C7002649,individual,Isabel,Bailey,1951-08-23,7e758b71a7d39e4bd7acfc0ba5b3748b6ec066f1545a2d85cb39fa150e9c4671,,,isabel.bailey224@outlook.com,(350) 926-9252,verified,low,8,2022-08-19T15:52:26+00:00,2024-09-27T05:46:23+00:00
2650,C7002650,individual,Mariah,Ramirez,2006-08-02,f4a408e3c8ee44f59326f18974d7b57ff1e59da50d8774644a3846c3ab711162,,,mariah.ramirez630@aol.com,(512) 276-0786,expired,low,24,2026-01-14T12:36:52+00:00,2026-03-06T06:09:29+00:00
2651,C7002651,individual,Eric,Young,1955-04-01,43426f9b0f7341f34b3fcf3d76fb4fb77354895805f83affd6a8b357d000bb4a,,,eric.young898@gmail.com,(998) 511-8605,verified,low,10,2016-12-05T22:18:01+00:00,2017-09-14T12:51:53+00:00
2652,C7002652,individual,Paul,Nguyen,1939-06-10,5fd8d28697556d8f19349e3f115fdfd1c1a540f5fadf0c517df2d4ffd788992f,,,paul.nguyen942@icloud.com,(194) 342-5482,verified,low,25,2010-02-05T01:22:39+00:00,2019-09-09T18:32:58+00:00
2653,C7002653,individual,Keith,Hoffman,1995-07-16,5dbb7c3530a42d29d6f093a5dabe92a268a6941da137cbc60294d542ceb3264b,,,keith.hoffman64@gmail.com,(687) 335-2018,verified,low,3,2020-02-24T23:36:30+00:00,2025-10-09T12:03:05+00:00
2654,C7002654,individual,Franklin,Young,1987-12-18,492d2aaab96a8684737aa76ee265216be512eb4c456adeac950be59d00bb7471,,,franklin.young194@aol.com,(151) 093-4667,verified,low,22,2010-09-15T15:55:20+00:00,2020-11-04T21:53:08+00:00
2655,C7002655,individual,Melinda,Horton,1968-04-19,b7ef95102f6f1bceeaf58b9702cd9e913e765fdbde02ac6b3b2de68e1bbf6187,,,melinda.horton63@icloud.com,(115) 663-1108,verified,low,25,2009-08-16T20:25:21+00:00,2024-04-28T14:20:59+00:00
2656,C7002656,individual,Travis,Hughes,2007-05-07,b7bbe91001cfdb30fee2d0dbe82107c00a84473d9041699eb9a623a648f2cfd3,,,travis.hughes687@outlook.com,(461) 591-0145,verified,low,13,2010-06-26T08:53:49+00:00,2024-12-01T01:17:38+00:00
2657,C7002657,individual,Katrina,Jones,1973-07-14,644512f0e70447130ad48af76b1cf109a4800c13cc764270ac4c761f5d649bab,,,katrina.jones931@outlook.com,(509) 310-6173,verified,medium,11,2020-10-18T20:48:55+00:00,2022-11-28T02:22:43+00:00
2658,C7002658,individual,Patricia,Miller,1965-05-02,d65d4d42319146dc12d210b1f36a9f34bb57a15d5aec0ca4f0c4e51c0da2a955,,,patricia.miller470@aol.com,(953) 454-7972,verified,low,21,2020-01-29T22:41:21+00:00,2023-12-31T10:57:41+00:00
2659,C7002659,individual,Carmen,Wilcox,1951-12-31,b089fa3427e7473ba9587023fb4c158dd7ee7a2a8b592c91f11432015bf4e8af,,,carmen.wilcox626@icloud.com,(501) 481-0270,verified,low,20,2008-03-04T19:12:12+00:00,2022-04-17T20:26:45+00:00
2660,C7002660,individual,Victor,Lopez,2001-04-15,6acc5bea24ac01652bbbb7546e44620db9926afb00273d3fa5f2465313f3be35,,,victor.lopez394@yahoo.com,(435) 477-8015,verified,medium,13,2016-02-28T01:20:15+00:00,2020-09-18T02:05:34+00:00
2661,C7002661,individual,Jacob,Washington,1976-12-01,405b0cf0442198453c8e9693a5672181e866ee53070fdca7f2e1e587afdab8cf,,,jacob.washington188@outlook.com,(916) 659-1444,verified,low,23,2025-06-19T13:22:46+00:00,2025-09-22T10:47:31+00:00
2662,C7002662,individual,William,Garcia,1993-06-27,43764284026c5bb7f627b6886db98ca02779fd4c76dc6fda7f19d845857a7556,,,william.garcia756@gmail.com,(458) 273-7204,verified,low,4,2022-12-14T08:55:58+00:00,2024-04-11T07:16:40+00:00
2663,C7002663,individual,Keith,Matthews,1941-11-29,f073b4319171c602e2ffd51fc68c552f81602308dfd4fcd4251876de0c52c6ef,,,keith.matthews226@aol.com,(670) 876-2408,verified,low,10,2014-04-19T09:36:36+00:00,2021-02-07T09:25:49+00:00
2664,C7002664,individual,Ricardo,Crawford,1942-06-23,78600dbc0f7fb908ba1cd9f41b649517dc66771e0f63bbe7fb674b04dac06db4,,,ricardo.crawford339@icloud.com,(715) 773-1753,verified,low,6,2017-12-24T18:14:30+00:00,2025-12-04T23:27:51+00:00
2665,C7002665,individual,Zachary,Lopez,1952-06-18,d207648eac19edcc976ef0cfc5ccef2d20e0fe3e635c5179baf9b46c539ad4d0,,,zachary.lopez678@icloud.com,(957) 178-3003,verified,low,19,2025-04-19T16:28:02+00:00,2025-07-08T12:23:58+00:00
2666,C7002666,individual,Glenda,Singleton,1974-09-23,feb1507d0181adc5405a1cb2f0ac99e14d5030dd3a6e14306622022af22b3bcc,,,glenda.singleton37@icloud.com,(875) 833-1839,verified,low,12,2023-12-19T03:29:53+00:00,2025-08-08T02:29:43+00:00
2667,C7002667,individual,Stephanie,Miles,2002-11-11,02c0224c5a86b303fe986557d472cbb707a5f41beaa8352993c17b3f886fb9e0,,,stephanie.miles102@gmail.com,(622) 879-4731,verified,low,7,2013-04-17T17:54:34+00:00,2018-06-02T12:51:59+00:00
2668,C7002668,individual,Angela,Parks,1990-01-03,df7ea34862c9f4abfa65dbec0cdb9b720a34124c5fc91d4baa9fdb1dcb5fe76f,,,angela.parks733@yahoo.com,(015) 896-7196,verified,low,1,2015-04-15T19:56:11+00:00,2019-12-18T21:49:32+00:00
2669,C7002669,individual,Katherine,Hamilton,1950-05-11,d6a8c2056c2d6fab55841a51cff5959c8fef395cb72a7ed49de4fe20e0bfc60e,,,katherine.hamilton857@icloud.com,(137) 412-8391,verified,low,2,2015-05-25T01:46:00+00:00,2018-02-13T06:06:35+00:00
2670,C7002670,individual,Andrew,Watkins,1956-06-01,8734819ca4d6ce572defa03d5301832e6136ac9d34e93743fd95faa04fd523da,,,andrew.watkins476@outlook.com,(748) 824-1833,verified,low,1,2025-02-13T17:41:15+00:00,2026-06-06T08:46:30+00:00
2671,C7002671,individual,Donald,Thompson,2000-02-16,b213e187e928f765d74a109d726d547843d28221743ff4965d5c8e840516109f,,,donald.thompson412@yahoo.com,(958) 090-1517,verified,low,4,2024-02-01T02:52:24+00:00,2024-07-18T23:20:15+00:00
2672,C7002672,individual,Courtney,Carlson,1942-04-04,30072732a95ee173867cc1c87af27ab8bb42630d29dc94206fd195cc3fa91492,,,courtney.carlson465@gmail.com,(359) 820-2901,verified,low,2,2023-01-30T06:55:33+00:00,2026-05-21T02:48:15+00:00
2673,C7002673,individual,Russell,Garrett,1957-10-13,202cdab8a31e5f6972774b14ca47928a8d51ede9f58b198f53ec89574fc5da0f,,,russell.garrett431@aol.com,(465) 033-5046,verified,low,2,2021-03-12T03:11:02+00:00,2023-04-03T18:18:15+00:00
2674,C7002674,individual,Arthur,Johnson,1996-05-04,1c5549d8fdafd264aff08ebf85d8f372f37ee69c229cc5a15517315f7128067d,,,arthur.johnson201@aol.com,(856) 939-6322,verified,low,9,2008-04-04T18:44:32+00:00,2013-06-30T05:47:52+00:00
2675,C7002675,individual,Kiara,Jones,1955-02-06,76486aa670c6792e5200d121f53c25f75feae94ae7a2aa5144e43206df157ac5,,,kiara.jones397@yahoo.com,(061) 937-7061,verified,low,4,2008-02-22T07:58:04+00:00,2018-05-22T23:38:08+00:00
2676,C7002676,individual,Mark,Rangel,1964-11-02,48c9d23f2169898e85b33660d0aea57897f246af937d35c3856656806d8b3bd3,,,mark.rangel548@icloud.com,(242) 742-0784,verified,medium,21,2018-05-12T15:29:42+00:00,2019-06-09T11:21:06+00:00
2677,C7002677,individual,Peggy,Harper,1938-07-09,8cbb56be99c76ee3ec5d69e3cacde4495a9c011ae415f25f9b26afe3ff7bdbf4,,,peggy.harper768@yahoo.com,(700) 251-8828,verified,low,11,2015-12-28T03:30:41+00:00,2017-05-25T13:11:03+00:00
2678,C7002678,individual,Eduardo,Rose,2005-05-20,6c2ce7ebe9dd405148d52da185201239b4c9f14a94ea970061ce390960f5a9f0,,,eduardo.rose83@icloud.com,(709) 972-6332,verified,medium,25,2024-03-02T11:49:47+00:00,2024-09-06T05:24:05+00:00
2679,C7002679,individual,Devin,Nelson,1972-01-14,bb9eafb40aecee89aa6d69c313d859e6b568948c3a243b8a1a651d9b441a3cbc,,,devin.nelson803@outlook.com,(860) 064-9882,verified,low,6,2020-07-15T00:09:13+00:00,2022-01-24T12:38:43+00:00
2680,C7002680,individual,Joseph,Stewart,1985-06-20,daf6202c5514cc4a6aa83ef5e52985a6e9521090307164cd882b7614b86b39e5,,,joseph.stewart467@yahoo.com,(026) 927-8297,verified,low,4,2010-01-16T09:30:03+00:00,2022-11-04T17:23:16+00:00
2681,C7002681,individual,Brian,Burgess,1965-01-12,4b267878ec48a25fa4567ad0a75c53e3779586b72ecc17350b2a1a3da39710cb,,,brian.burgess291@icloud.com,(908) 564-3206,verified,low,7,2022-07-15T02:50:41+00:00,2024-07-08T18:19:18+00:00
2682,C7002682,individual,Kelsey,Ayala,1961-08-30,3f57b9f07818d67d90269cade061d321b4f8ba18f2d85fd6c902f7c274858af7,,,kelsey.ayala118@aol.com,(854) 132-3661,verified,low,5,2013-08-23T21:59:47+00:00,2024-10-30T03:03:45+00:00
2683,C7002683,individual,Johnathan,Strickland,1957-08-16,72d3a8b28885b44266383bbd92dcfc9f21877ba1c5a1e0a612f8bfa677110149,,,johnathan.strickland842@gmail.com,(052) 673-8890,expired,medium,9,2025-05-30T22:55:58+00:00,2025-11-15T13:56:06+00:00
2684,C7002684,individual,Aaron,Edwards,1939-10-07,e179209952214586f6b0679b8a4803335a7f72e3cf2caef6c7e429cb12f0c3c6,,,aaron.edwards635@aol.com,(303) 820-0003,verified,medium,14,2020-04-13T20:16:30+00:00,2024-09-22T19:23:02+00:00
2685,C7002685,individual,James,Chung,1997-08-14,35ee62c25be4fe31f8cb2936dd7fadbc32cc239eae3bd476ae246499ffd0ceb9,,,james.chung945@yahoo.com,(815) 141-7892,verified,low,24,2019-11-19T23:30:08+00:00,2025-07-28T03:10:00+00:00
2686,C7002686,individual,Shirley,Mora,1990-07-30,bb93872f6d8ca5ec4438d81ef9587d99ce69ec74782253bb2b63fc9d6b50dd8d,,,shirley.mora239@yahoo.com,(832) 837-1587,verified,medium,21,2019-09-17T02:30:36+00:00,2022-10-20T06:16:30+00:00
2687,C7002687,individual,William,Moore,2001-05-20,0288526d13d5fa0e28da057032027a719bc41fffaebb8c92010c62a37d0c7006,,,william.moore924@gmail.com,(001) 431-0160,expired,low,2,2017-08-19T20:33:13+00:00,2025-12-21T14:37:33+00:00
2688,C7002688,individual,Wesley,Burnett,1964-01-25,154dc7acdaf1edfe838ed9269d3e26b08b1c9b0447d24796e4a672b843f86b57,,,wesley.burnett748@yahoo.com,(335) 741-5181,verified,low,23,2025-01-16T01:49:29+00:00,2026-08-01T18:00:51+00:00
2689,C7002689,individual,Jill,Johnston,1960-11-10,13ab508372c445b4f232e24c156f42e2bbcdf6550552b07557ba4c59b4e10c53,,,jill.johnston928@aol.com,(991) 557-2876,verified,low,24,2017-06-06T09:42:54+00:00,2022-07-14T21:11:34+00:00
2690,C7002690,individual,Kelly,Wilson,1943-09-27,7002cfde9024573e4fe0497802d28c8d478c6dcf03be265ac9759fcc3d759250,,,kelly.wilson863@outlook.com,(395) 932-9544,verified,low,21,2024-03-12T14:50:27+00:00,2025-10-31T21:29:25+00:00
2691,C7002691,individual,Michelle,Myers,1996-04-12,e298aa3581b31d6150fb2e46f09aef0c749bdfd92dfd3bd53499043c7fd8dce0,,,michelle.myers800@yahoo.com,(268) 610-8447,expired,medium,25,2023-12-12T06:05:29+00:00,2026-01-24T01:56:28+00:00
2692,C7002692,individual,Dawn,Tran,1980-09-01,7a50bbf345e9cb50e9149870af96bbbdd4fa9b779b94a89e5d4b285bb5d90149,,,dawn.tran235@yahoo.com,(525) 880-4962,verified,medium,1,2017-09-25T07:01:17+00:00,2026-03-07T13:33:51+00:00
2693,C7002693,individual,Carl,Cummings,1961-06-09,bc3759af5e2845ee0b703d9244a70890a4b0f5e83a3365ec6aa740dae94fa622,,,carl.cummings826@yahoo.com,(517) 431-9262,verified,low,4,2026-06-29T09:11:18+00:00,2026-07-14T13:57:45+00:00
2694,C7002694,individual,Marcus,Palmer,1967-11-08,fbbdddb2f915b75a5c13e1044465474fbf64c8c152a33995fb7cd9e2391fd531,,,marcus.palmer697@aol.com,(194) 611-6081,verified,low,22,2026-06-03T04:44:27+00:00,2026-08-22T10:30:23+00:00
2695,C7002695,individual,Kathleen,Clements,2005-10-23,f4c753a2a69f63b784805a6cd30afc66b18d5e3389b93b8affd0cd9ed05e72e6,,,kathleen.clements973@yahoo.com,(855) 110-8030,verified,low,4,2015-08-15T15:53:53+00:00,2022-08-18T05:16:39+00:00
2696,C7002696,individual,Ryan,Gould,1968-07-19,167dcf020f8858f28fbaabb421c45f22e9d8452c505377b6476d26bd212163f7,,,ryan.gould591@aol.com,(798) 815-9456,verified,low,22,2020-09-04T09:04:54+00:00,2022-11-14T16:46:34+00:00
2697,C7002697,individual,Erin,Conway,1955-12-04,8a6b5976395804bb442a4e0e2ea0dfa06cd4980334f4ffc88ca1810237cc754d,,,erin.conway415@outlook.com,(162) 300-3004,verified,low,7,2026-02-09T16:40:48+00:00,2026-04-05T13:26:14+00:00
2698,C7002698,individual,Melissa,Jones,1958-04-12,c92b1535d7caf5f718d5832174d9794b92db4f729c76a13990e7fda7c14dbe34,,,melissa.jones893@icloud.com,(867) 684-4412,verified,low,16,2010-04-18T21:53:05+00:00,2011-07-12T03:01:12+00:00
2699,C7002699,individual,Breanna,Martinez,1992-01-29,ff973bae57ee4baad5932164fa83046219efef7e7d7334ac36253dc3f6142503,,,breanna.martinez914@outlook.com,(320) 039-0291,verified,low,16,2023-02-12T22:20:37+00:00,2023-08-07T17:16:39+00:00
2700,C7002700,individual,Alexander,Holden,1950-12-20,666f7f00ad0550f48754d65bc0472c0a95b02bd9871c2a37f8e08dadd0c67dc7,,,alexander.holden888@outlook.com,(423) 602-5673,verified,low,23,2010-08-31T07:57:17+00:00,2023-10-12T04:27:40+00:00
2701,C7002701,business,,,,,"Haney, Chung and Carey",40-9343688,finance@haneychungandcarey.com,(691) 480-3066,verified,high,2,2009-09-14T04:52:54+00:00,2015-02-02T13:28:37+00:00
2702,C7002702,business,,,,,White-Anderson,34-4304714,finance@whiteanderson.com,(272) 051-3954,verified,low,7,2023-06-29T23:47:36+00:00,2024-09-11T07:43:22+00:00
2703,C7002703,business,,,,,May-Stuart,62-3268625,finance@maystuart.com,(137) 727-6905,verified,medium,7,2018-08-30T06:05:35+00:00,2023-12-13T18:59:11+00:00
2704,C7002704,business,,,,,Mayer-Crosby,82-0976812,finance@mayercrosby.com,(788) 890-1226,verified,medium,6,2019-10-22T00:58:53+00:00,2023-10-20T15:58:03+00:00
2705,C7002705,business,,,,,Preston-Garcia,28-7533480,finance@prestongarcia.com,(801) 360-4947,verified,low,7,2026-05-11T03:35:02+00:00,2026-09-18T17:54:23+00:00
2706,C7002706,business,,,,,Floyd-Silva,29-6258470,finance@floydsilva.com,(721) 769-9959,expired,low,20,2015-11-08T00:00:22+00:00,2022-05-05T10:12:27+00:00
2707,C7002707,business,,,,,Long Ltd,95-9070097,finance@longltd.com,(407) 339-7351,verified,medium,10,2015-09-07T22:03:43+00:00,2021-04-30T13:50:22+00:00
2708,C7002708,business,,,,,"Aguilar, Jennings and Johnston",46-9366639,finance@aguilarjenningsand.com,(189) 009-1807,verified,low,5,2008-02-22T04:32:01+00:00,2018-06-02T03:43:22+00:00
2709,C7002709,business,,,,,Roach-Fox,07-1775450,finance@roachfox.com,(756) 868-0477,verified,medium,25,2016-09-19T20:41:14+00:00,2022-01-13T18:15:42+00:00
2710,C7002710,business,,,,,Wright and Sons,11-7059466,finance@wrightandsons.com,(961) 479-7938,verified,low,14,2018-10-01T12:39:32+00:00,2018-11-23T03:48:26+00:00
2711,C7002711,business,,,,,Rojas-Hoover,00-5453042,finance@rojashoover.com,(143) 166-5189,verified,low,6,2008-05-09T00:40:58+00:00,2013-12-21T22:28:20+00:00
2712,C7002712,business,,,,,"Hodge, Rogers and Mendez",72-9155152,finance@hodgerogersandmend.com,(198) 362-3081,verified,medium,25,2023-07-16T07:06:24+00:00,2024-12-13T19:40:26+00:00
2713,C7002713,business,,,,,"Wong, Brown and Ruiz",79-9994994,finance@wongbrownandruiz.com,(018) 989-2662,verified,low,15,2022-12-22T19:42:45+00:00,2023-09-24T19:08:51+00:00
2714,C7002714,business,,,,,Bauer Ltd,29-5703493,finance@bauerltd.com,(553) 417-6079,verified,low,24,2012-09-22T19:24:04+00:00,2023-05-03T23:09:43+00:00
2715,C7002715,business,,,,,Hale-Sanchez,47-7741546,finance@halesanchez.com,(334) 419-0128,verified,medium,23,2019-05-10T08:41:59+00:00,2025-02-11T08:56:04+00:00
2716,C7002716,business,,,,,Jones LLC,97-2056522,finance@jonesllc.com,(719) 268-0750,verified,low,19,2017-10-07T16:05:00+00:00,2022-09-16T22:42:38+00:00
2717,C7002717,business,,,,,Patterson Group,33-8287899,finance@pattersongroup.com,(172) 352-8815,verified,medium,19,2010-04-11T02:05:55+00:00,2017-05-29T23:56:38+00:00
2718,C7002718,business,,,,,"Harrington, Foley and Davenport",43-1345516,finance@harringtonfoleyand.com,(388) 832-8997,verified,medium,22,2012-08-15T22:38:52+00:00,2022-08-25T10:23:27+00:00
2719,C7002719,business,,,,,Kim-Cohen,08-9891128,finance@kimcohen.com,(147) 143-8401,verified,low,18,2010-06-19T21:08:01+00:00,2025-10-13T09:03:06+00:00
2720,C7002720,business,,,,,Williams-Edwards,09-6277186,finance@williamsedwards.com,(986) 830-1776,verified,medium,21,2011-04-09T23:17:27+00:00,2012-02-28T15:06:16+00:00
2721,C7002721,business,,,,,"Watson, Brewer and Williamson",68-2606928,finance@watsonbrewerandwil.com,(041) 795-8830,verified,low,2,2011-06-07T03:01:47+00:00,2018-03-02T08:16:48+00:00
2722,C7002722,business,,,,,Brown-Peters,47-1068973,finance@brownpeters.com,(173) 672-3101,verified,high,19,2020-12-30T07:20:10+00:00,2026-08-18T22:06:23+00:00
2723,C7002723,business,,,,,Walker-Massey,16-3481105,finance@walkermassey.com,(027) 257-7261,verified,low,24,2012-01-10T11:58:38+00:00,2012-08-27T20:42:13+00:00
2724,C7002724,business,,,,,Fox-Hernandez,80-8576236,finance@foxhernandez.com,(239) 161-3502,verified,high,9,2021-02-22T04:28:00+00:00,2025-01-04T20:07:36+00:00
2725,C7002725,business,,,,,Castaneda-Potts,29-8982054,finance@castanedapotts.com,(137) 282-9127,verified,low,13,2019-05-20T12:48:23+00:00,2020-06-02T08:43:31+00:00
2726,C7002726,business,,,,,Boyd-Jones,16-0201221,finance@boydjones.com,(258) 472-3874,verified,low,19,2015-06-21T00:14:54+00:00,2024-02-01T13:20:27+00:00
2727,C7002727,business,,,,,Mccarthy-Hoffman,13-7421415,finance@mccarthyhoffman.com,(709) 952-1046,verified,low,24,2010-08-04T22:17:17+00:00,2014-04-01T09:30:35+00:00
2728,C7002728,business,,,,,"Knapp, Manning and Gutierrez",14-9434050,finance@knappmanningandgut.com,(136) 819-4575,verified,low,24,2015-12-12T12:54:00+00:00,2024-05-25T21:59:16+00:00
2729,C7002729,business,,,,,Ramirez Inc,08-7154099,finance@ramirezinc.com,(229) 346-6297,verified,low,10,2024-02-24T06:00:09+00:00,2025-05-09T03:29:14+00:00
2730,C7002730,business,,,,,Clark-Stone,55-0023097,finance@clarkstone.com,(296) 782-8661,verified,medium,10,2012-05-08T22:28:46+00:00,2017-12-25T14:33:55+00:00
2731,C7002731,business,,,,,Yates Inc,02-3013011,finance@yatesinc.com,(326) 339-8868,verified,low,14,2010-10-09T02:34:19+00:00,2025-04-01T12:28:25+00:00
2732,C7002732,business,,,,,Greene LLC,36-0569043,finance@greenellc.com,(644) 469-4421,verified,low,16,2025-08-09T04:02:07+00:00,2026-02-13T17:18:26+00:00
2733,C7002733,business,,,,,Schroeder-Tyler,15-1871040,finance@schroedertyler.com,(446) 463-8989,verified,low,24,2022-02-28T04:12:27+00:00,2026-01-26T08:51:32+00:00
2734,C7002734,business,,,,,"Morgan, Snyder and May",58-0541631,finance@morgansnyderandmay.com,(892) 750-0692,verified,high,4,2020-01-12T07:08:03+00:00,2023-06-26T12:50:02+00:00
2735,C7002735,business,,,,,"Vang, Saunders and Howe",17-9890330,finance@vangsaundersandhow.com,(393) 758-1301,verified,medium,21,2015-06-18T05:11:36+00:00,2026-03-04T22:56:40+00:00
2736,C7002736,business,,,,,Wilson-Lopez,90-6169185,finance@wilsonlopez.com,(361) 067-0769,verified,low,9,2024-01-12T17:08:12+00:00,2026-07-29T14:52:47+00:00
2737,C7002737,business,,,,,"Farley, Schneider and Ferguson",10-5289416,finance@farleyschneiderand.com,(863) 185-5256,verified,low,3,2026-04-08T13:38:24+00:00,2026-08-20T16:44:25+00:00
2738,C7002738,business,,,,,Miller LLC,34-0524269,finance@millerllc.com,(969) 697-6869,verified,low,19,2011-11-13T06:52:29+00:00,2018-04-25T14:21:16+00:00
2739,C7002739,business,,,,,"Grimes, Day and Nelson",04-9703834,finance@grimesdayandnelson.com,(103) 111-5577,verified,medium,1,2019-01-29T16:21:06+00:00,2025-05-14T07:22:38+00:00
2740,C7002740,business,,,,,Bennett-Sutton,94-3201302,finance@bennettsutton.com,(239) 354-0357,verified,low,22,2008-10-04T19:32:59+00:00,2016-11-26T21:44:46+00:00
2741,C7002741,business,,,,,Kent-Joseph,57-3515496,finance@kentjoseph.com,(066) 076-6471,verified,low,19,2009-04-13T19:39:43+00:00,2026-09-17T15:37:54+00:00
2742,C7002742,business,,,,,"Murphy, Burns and Mills",00-5832697,finance@murphyburnsandmill.com,(360) 630-1798,verified,medium,1,2018-09-06T10:58:39+00:00,2020-03-09T05:11:35+00:00
2743,C7002743,business,,,,,"Mora, White and Cook",68-3451161,finance@morawhiteandcook.com,(065) 151-3822,verified,medium,7,2015-02-08T02:37:24+00:00,2021-09-27T16:25:38+00:00
2744,C7002744,business,,,,,"Hughes, Williams and Hernandez",04-8825267,finance@hugheswilliamsandh.com,(913) 885-1586,rejected,low,20,2014-07-23T19:18:13+00:00,2017-10-06T13:41:09+00:00
2745,C7002745,business,,,,,Howard-Stone,06-1870013,finance@howardstone.com,(651) 220-1635,verified,low,14,2019-01-05T23:27:07+00:00,2021-05-22T03:56:21+00:00
2746,C7002746,business,,,,,Higgins and Sons,89-8535414,finance@higginsandsons.com,(301) 942-6736,verified,low,2,2016-06-23T07:38:10+00:00,2020-05-17T23:27:09+00:00
2747,C7002747,business,,,,,Flores-Davis,02-5904754,finance@floresdavis.com,(769) 171-3595,verified,low,4,2013-01-16T21:31:49+00:00,2024-10-18T14:39:06+00:00
2748,C7002748,business,,,,,Rodriguez-Rosario,27-2419878,finance@rodriguezrosario.com,(333) 306-5597,verified,medium,14,2019-08-25T02:27:01+00:00,2025-08-21T19:18:03+00:00
2749,C7002749,business,,,,,"Johnson, Miller and Jackson",08-5517294,finance@johnsonmillerandja.com,(889) 833-1198,verified,low,16,2020-11-26T11:59:58+00:00,2024-04-01T01:50:01+00:00
2750,C7002750,business,,,,,Sanders-Winters,29-0088950,finance@sanderswinters.com,(915) 727-5063,verified,medium,20,2012-12-09T13:26:05+00:00,2013-07-07T08:47:40+00:00
2751,C7002751,business,,,,,"Holt, Moore and Brown",41-8444620,finance@holtmooreandbrown.com,(424) 579-7273,verified,low,15,2018-12-25T03:44:13+00:00,2025-01-13T10:31:10+00:00
2752,C7002752,business,,,,,"Walker, Callahan and Johnson",43-8572903,finance@walkercallahanandj.com,(216) 515-5673,verified,low,2,2009-05-17T19:20:50+00:00,2020-08-14T10:44:50+00:00
2753,C7002753,business,,,,,"Washington, Butler and Rivera",97-3246057,finance@washingtonbutleran.com,(050) 211-9250,verified,medium,4,2026-05-22T01:11:30+00:00,2026-09-16T11:35:08+00:00
2754,C7002754,business,,,,,"Ramsey, Wood and Roberson",26-7469344,finance@ramseywoodandrober.com,(322) 283-7213,verified,high,19,2026-02-17T15:53:42+00:00,2026-08-09T09:57:57+00:00
2755,C7002755,business,,,,,Robinson-Roberts,62-2792817,finance@robinsonroberts.com,(272) 433-4772,verified,low,12,2016-03-17T22:33:23+00:00,2020-06-14T10:00:19+00:00
2756,C7002756,business,,,,,Gregory-Duncan,48-4827596,finance@gregoryduncan.com,(559) 876-9413,verified,medium,2,2025-01-20T12:08:16+00:00,2026-07-28T08:47:50+00:00
2757,C7002757,business,,,,,Hubbard PLC,24-4649566,finance@hubbardplc.com,(566) 020-7624,verified,medium,2,2016-09-10T22:32:47+00:00,2025-04-03T03:45:52+00:00
2758,C7002758,business,,,,,"Evans, Tate and Roberts",42-6549537,finance@evanstateandrobert.com,(057) 549-4158,verified,low,16,2018-05-17T23:09:19+00:00,2026-06-13T02:24:30+00:00
2759,C7002759,business,,,,,Robertson-Jones,55-0891490,finance@robertsonjones.com,(876) 991-5748,verified,high,22,2014-06-10T22:25:05+00:00,2024-10-05T04:41:43+00:00
2760,C7002760,business,,,,,Martin PLC,09-3427497,finance@martinplc.com,(847) 522-8155,verified,low,2,2012-09-05T16:11:31+00:00,2024-06-01T06:41:44+00:00
2761,C7002761,business,,,,,"Randolph, Vaughn and Lowery",20-4301604,finance@randolphvaughnandl.com,(263) 759-9729,verified,medium,11,2017-12-09T22:44:42+00:00,2020-01-02T20:46:39+00:00
2762,C7002762,business,,,,,Ward-Gonzalez,92-9188194,finance@wardgonzalez.com,(054) 846-5291,verified,low,21,2019-03-16T09:36:55+00:00,2020-06-21T20:32:10+00:00
2763,C7002763,business,,,,,King-Taylor,02-4421173,finance@kingtaylor.com,(849) 627-4368,verified,low,9,2011-06-03T09:32:09+00:00,2016-02-28T21:48:08+00:00
2764,C7002764,business,,,,,Torres-Horton,05-7106208,finance@torreshorton.com,(020) 110-4125,verified,low,18,2015-02-18T22:58:33+00:00,2017-08-29T15:02:44+00:00
2765,C7002765,business,,,,,Gilbert PLC,55-2617282,finance@gilbertplc.com,(702) 612-5927,verified,medium,3,2011-09-21T04:07:22+00:00,2012-11-17T11:02:58+00:00
2766,C7002766,business,,,,,"Bass, Thomas and Mccall",00-3518893,finance@bassthomasandmccal.com,(457) 649-4789,verified,low,16,2011-01-14T07:07:29+00:00,2015-11-06T23:07:06+00:00
2767,C7002767,business,,,,,Graham and Sons,18-8297876,finance@grahamandsons.com,(824) 584-8516,verified,low,25,2012-03-14T12:07:48+00:00,2023-04-17T23:22:50+00:00
2768,C7002768,business,,,,,Gutierrez PLC,33-1421472,finance@gutierrezplc.com,(380) 327-0554,verified,high,18,2017-09-05T13:48:17+00:00,2026-02-13T11:32:27+00:00
2769,C7002769,business,,,,,Brewer Ltd,26-6136763,finance@brewerltd.com,(485) 285-2958,verified,low,9,2017-10-12T16:30:26+00:00,2021-10-27T05:27:31+00:00
2770,C7002770,business,,,,,"Cain, Morris and Moore",17-7800281,finance@cainmorrisandmoore.com,(059) 390-3064,verified,low,16,2014-06-08T15:09:10+00:00,2024-05-22T23:23:37+00:00
2771,C7002771,business,,,,,Palmer-Lopez,01-0772502,finance@palmerlopez.com,(109) 859-3060,verified,low,3,2012-11-12T09:51:39+00:00,2021-02-22T07:45:36+00:00
2772,C7002772,business,,,,,"Lee, Robles and Marshall",61-3631159,finance@leeroblesandmarsha.com,(695) 549-1780,verified,low,14,2014-11-04T00:11:46+00:00,2021-05-06T02:53:55+00:00
2773,C7002773,business,,,,,"Clark, Hall and Robinson",04-5741298,finance@clarkhallandrobins.com,(603) 779-0542,verified,low,23,2008-11-20T15:40:11+00:00,2019-09-18T08:10:58+00:00
2774,C7002774,business,,,,,Fernandez Group,82-6500312,finance@fernandezgroup.com,(354) 836-6253,verified,low,6,2020-10-09T04:10:15+00:00,2025-08-25T06:00:34+00:00
2775,C7002775,business,,,,,Leach PLC,31-5910518,finance@leachplc.com,(507) 972-2810,verified,low,16,2026-06-02T13:24:11+00:00,2026-07-25T22:16:14+00:00
2776,C7002776,business,,,,,"Garcia, Garner and Walker",03-6096033,finance@garciagarnerandwal.com,(749) 612-6907,verified,medium,1,2019-08-31T07:03:15+00:00,2023-02-07T10:55:03+00:00
2777,C7002777,business,,,,,Lawson-Fowler,10-2319379,finance@lawsonfowler.com,(804) 460-0791,verified,medium,20,2018-10-21T01:29:29+00:00,2023-12-19T09:38:03+00:00
2778,C7002778,business,,,,,Murphy Inc,14-4301116,finance@murphyinc.com,(705) 121-0753,verified,medium,3,2019-01-09T13:45:54+00:00,2023-01-04T08:15:54+00:00
2779,C7002779,business,,,,,"White, Mcguire and Collins",49-1485961,finance@whitemcguireandcol.com,(894) 658-5473,verified,medium,15,2013-10-06T00:32:50+00:00,2026-06-15T14:43:24+00:00
2780,C7002780,business,,,,,Gentry Inc,15-0716892,finance@gentryinc.com,(321) 711-4675,verified,low,13,2022-08-07T08:08:39+00:00,2024-01-02T11:34:17+00:00
2781,C7002781,business,,,,,Thomas Group,67-9918244,finance@thomasgroup.com,(042) 832-4200,verified,low,18,2020-06-29T11:28:18+00:00,2023-09-10T19:51:48+00:00
2782,C7002782,business,,,,,"Perez, Clark and Martinez",25-6212741,finance@perezclarkandmarti.com,(405) 516-2977,rejected,low,15,2012-06-07T02:33:16+00:00,2015-05-22T09:20:32+00:00
2783,C7002783,business,,,,,Rich-Foster,87-8207952,finance@richfoster.com,(075) 704-6483,verified,low,22,2023-05-28T21:01:21+00:00,2023-07-22T06:32:22+00:00
2784,C7002784,business,,,,,Garcia and Sons,18-2725967,finance@garciaandsons.com,(347) 531-7841,verified,medium,23,2011-01-17T08:18:17+00:00,2015-02-15T12:17:20+00:00
2785,C7002785,business,,,,,"Patterson, Bates and Campos",82-3428209,finance@pattersonbatesandc.com,(788) 622-3534,verified,medium,23,2023-08-20T06:50:20+00:00,2026-02-19T12:31:51+00:00
2786,C7002786,business,,,,,"Reid, Hatfield and Williams",93-9475859,finance@reidhatfieldandwil.com,(893) 443-2801,verified,medium,21,2021-04-02T15:35:03+00:00,2022-02-09T04:46:02+00:00
2787,C7002787,business,,,,,"Green, Nash and Flores",53-6236076,finance@greennashandflores.com,(826) 374-0685,verified,medium,21,2009-09-08T22:26:39+00:00,2021-08-20T11:35:14+00:00
2788,C7002788,business,,,,,Henderson-Lewis,89-9793070,finance@hendersonlewis.com,(046) 660-5226,verified,low,6,2020-12-09T09:05:05+00:00,2021-03-08T11:00:46+00:00
2789,C7002789,business,,,,,"Odom, Harvey and Miller",70-6693548,finance@odomharveyandmille.com,(910) 211-4091,verified,medium,21,2011-10-10T16:20:33+00:00,2014-07-31T08:19:27+00:00
2790,C7002790,business,,,,,Lopez Group,03-6193288,finance@lopezgroup.com,(752) 576-8752,verified,medium,3,2018-06-23T14:56:21+00:00,2020-10-10T12:11:17+00:00
2791,C7002791,business,,,,,Perry LLC,95-9826349,finance@perryllc.com,(459) 053-7549,verified,medium,18,2014-10-15T07:03:14+00:00,2024-06-17T14:28:49+00:00
2792,C7002792,business,,,,,"Buckley, Olsen and Jackson",90-5947137,finance@buckleyolsenandjac.com,(392) 666-9598,verified,medium,12,2015-12-08T15:05:04+00:00,2016-07-25T02:50:17+00:00
2793,C7002793,business,,,,,Walton Ltd,54-9707514,finance@waltonltd.com,(976) 740-0286,verified,high,24,2012-07-19T06:44:04+00:00,2019-07-16T09:27:27+00:00
2794,C7002794,business,,,,,Cruz-Fisher,28-2408287,finance@cruzfisher.com,(274) 064-7088,verified,low,11,2021-08-30T02:55:46+00:00,2025-08-03T15:03:58+00:00
2795,C7002795,business,,,,,Suarez and Sons,05-0009436,finance@suarezandsons.com,(596) 075-4542,expired,medium,19,2024-05-31T07:32:40+00:00,2025-04-02T01:26:05+00:00
2796,C7002796,business,,,,,"Watts, Robinson and Conrad",52-9959617,finance@wattsrobinsonandco.com,(088) 548-1882,verified,low,24,2023-11-20T16:33:09+00:00,2026-01-12T07:46:34+00:00
2797,C7002797,business,,,,,Turner PLC,40-9430894,finance@turnerplc.com,(366) 647-0547,verified,high,14,2015-10-14T05:49:54+00:00,2023-09-14T20:01:58+00:00
2798,C7002798,business,,,,,Carlson-Castillo,07-1308028,finance@carlsoncastillo.com,(785) 272-4406,verified,low,11,2025-11-03T00:41:56+00:00,2025-12-07T03:53:23+00:00
2799,C7002799,business,,,,,"Jones, Martinez and Carey",80-0019594,finance@jonesmartinezandca.com,(087) 495-0334,verified,low,5,2011-04-30T06:53:22+00:00,2016-07-14T19:26:08+00:00
2800,C7002800,business,,,,,Garner PLC,48-4618028,finance@garnerplc.com,(823) 988-4377,verified,low,19,2012-02-28T14:10:20+00:00,2015-12-09T11:28:20+00:00
2801,C7002801,business,,,,,"May, Martin and Riddle",04-8681820,finance@maymartinandriddle.com,(412) 925-0698,rejected,low,5,2015-08-24T08:32:03+00:00,2018-07-28T05:34:42+00:00
2802,C7002802,business,,,,,Osborn-Smith,11-5166955,finance@osbornsmith.com,(392) 181-1246,verified,low,16,2010-04-23T18:53:59+00:00,2017-07-17T14:35:16+00:00
2803,C7002803,business,,,,,Montgomery and Sons,28-2102152,finance@montgomeryandsons.com,(348) 417-1932,verified,low,4,2019-11-04T03:08:26+00:00,2022-10-02T03:44:47+00:00
2804,C7002804,business,,,,,Dominguez-Perez,03-6071498,finance@dominguezperez.com,(703) 784-4576,verified,low,23,2022-09-13T06:20:45+00:00,2023-06-22T23:53:46+00:00
2805,C7002805,business,,,,,Curry-Maxwell,80-0050671,finance@currymaxwell.com,(566) 368-5688,verified,medium,7,2018-07-09T11:07:09+00:00,2019-05-05T19:03:36+00:00
2806,C7002806,business,,,,,Smith-Ward,32-6630562,finance@smithward.com,(597) 223-7091,verified,low,13,2019-11-03T22:51:29+00:00,2021-02-04T01:09:50+00:00
2807,C7002807,business,,,,,Weber and Sons,30-7726292,finance@weberandsons.com,(875) 045-3282,verified,low,3,2016-01-14T09:50:27+00:00,2020-01-10T01:50:55+00:00
2808,C7002808,business,,,,,Moore-Garcia,08-9664172,finance@mooregarcia.com,(885) 518-9553,expired,high,20,2020-05-18T13:25:38+00:00,2021-02-28T11:33:03+00:00
2809,C7002809,business,,,,,"Miller, Compton and Richardson",97-9422341,finance@millercomptonandri.com,(324) 262-8989,verified,low,15,2025-12-24T02:52:04+00:00,2026-01-25T05:24:43+00:00
2810,C7002810,business,,,,,Perez Group,61-9739964,finance@perezgroup.com,(176) 570-7794,verified,medium,16,2009-09-08T08:56:10+00:00,2015-04-04T15:34:59+00:00
2811,C7002811,business,,,,,"Higgins, Alvarez and Hart",26-6717382,finance@higginsalvarezandh.com,(337) 971-3027,verified,low,2,2011-10-04T06:43:50+00:00,2023-05-12T15:30:22+00:00
2812,C7002812,business,,,,,"Lee, Fisher and Jimenez",27-4208600,finance@leefisherandjimene.com,(219) 124-1644,verified,medium,12,2022-12-31T20:59:32+00:00,2026-02-08T00:52:48+00:00
2813,C7002813,business,,,,,"Mccarthy, Vega and Ruiz",41-5203147,finance@mccarthyvegaandrui.com,(548) 806-1747,verified,low,3,2014-07-28T04:15:02+00:00,2022-01-20T22:24:34+00:00
2814,C7002814,business,,,,,"Moreno, Reyes and Phillips",25-5365556,finance@morenoreyesandphil.com,(059) 233-8925,verified,low,7,2020-09-07T11:01:28+00:00,2022-09-27T10:46:47+00:00
2815,C7002815,business,,,,,"Taylor, Warren and Johnson",41-3590706,finance@taylorwarrenandjoh.com,(715) 152-5862,verified,low,2,2016-07-17T14:58:26+00:00,2022-12-15T09:42:36+00:00
2816,C7002816,business,,,,,Collier PLC,27-9840582,finance@collierplc.com,(734) 599-8659,verified,medium,9,2024-01-30T23:42:36+00:00,2024-07-30T21:41:11+00:00
2817,C7002817,business,,,,,Sims Group,30-7335998,finance@simsgroup.com,(575) 122-5376,verified,high,22,2016-01-12T01:00:49+00:00,2016-01-31T03:58:58+00:00
2818,C7002818,business,,,,,Miller Ltd,56-3391807,finance@millerltd.com,(576) 449-3229,verified,medium,10,2013-11-15T20:35:47+00:00,2017-08-16T14:53:39+00:00
2819,C7002819,business,,,,,"Hines, Hoffman and Brown",94-4063721,finance@hineshoffmanandbro.com,(366) 159-2822,verified,medium,16,2021-01-18T07:39:36+00:00,2025-02-09T06:49:29+00:00
2820,C7002820,business,,,,,Santiago-Briggs,33-0815113,finance@santiagobriggs.com,(001) 058-9911,verified,low,15,2011-03-08T19:27:37+00:00,2021-12-09T20:21:16+00:00
2821,C7002821,business,,,,,"Smith, Lee and Romero",56-5619112,finance@smithleeandromero.com,(949) 040-1272,verified,low,13,2011-12-05T10:34:17+00:00,2016-03-16T21:18:50+00:00
2822,C7002822,business,,,,,"Herrera, Haynes and Gutierrez",75-7777832,finance@herrerahaynesandgu.com,(186) 733-7265,verified,medium,20,2010-07-24T19:53:32+00:00,2023-11-10T01:26:04+00:00
2823,C7002823,business,,,,,Murphy Group,82-7335021,finance@murphygroup.com,(421) 721-9989,verified,low,14,2016-05-19T10:09:08+00:00,2018-03-18T22:29:08+00:00
2824,C7002824,business,,,,,"Brown, Gonzales and Thompson",23-0253007,finance@browngonzalesandth.com,(232) 484-4440,verified,medium,6,2015-03-23T23:11:16+00:00,2021-05-26T10:06:17+00:00
2825,C7002825,business,,,,,Cannon-Montoya,44-9309982,finance@cannonmontoya.com,(332) 153-2823,verified,medium,14,2018-11-17T10:33:50+00:00,2021-09-08T11:24:59+00:00
2826,C7002826,business,,,,,"Robertson, Ellis and Alexander",11-3847040,finance@robertsonellisanda.com,(227) 493-0038,verified,medium,5,2012-05-14T22:03:38+00:00,2017-05-25T19:18:02+00:00
2827,C7002827,business,,,,,May-Young,03-8857726,finance@mayyoung.com,(033) 360-6359,verified,low,22,2015-03-20T09:36:49+00:00,2024-01-01T20:34:44+00:00
2828,C7002828,business,,,,,Flores LLC,21-6229652,finance@floresllc.com,(211) 986-4471,verified,low,5,2011-09-04T13:48:07+00:00,2013-05-28T00:11:08+00:00
2829,C7002829,business,,,,,Ferrell and Sons,53-6138184,finance@ferrellandsons.com,(878) 677-7110,verified,low,14,2014-03-29T05:16:09+00:00,2023-10-10T06:01:35+00:00
2830,C7002830,business,,,,,Lewis-Cruz,56-2859169,finance@lewiscruz.com,(158) 209-1003,verified,medium,8,2009-09-11T00:58:23+00:00,2026-07-03T12:40:20+00:00
2831,C7002831,business,,,,,"Michael, Roach and Ingram",31-5893657,finance@michaelroachanding.com,(485) 868-5873,verified,low,7,2011-08-30T01:24:01+00:00,2024-12-04T08:34:52+00:00
2832,C7002832,business,,,,,King Inc,42-9399119,finance@kinginc.com,(686) 211-3759,verified,medium,13,2012-07-28T14:14:18+00:00,2015-05-07T16:43:48+00:00
2833,C7002833,business,,,,,"Thompson, Rubio and Lawrence",54-9001038,finance@thompsonrubioandla.com,(012) 192-4463,verified,low,24,2015-06-07T08:37:08+00:00,2016-05-16T17:07:38+00:00
2834,C7002834,business,,,,,Williams-Harris,92-1328390,finance@williamsharris.com,(684) 005-1563,verified,low,23,2011-12-09T22:02:43+00:00,2016-07-03T16:44:51+00:00
2835,C7002835,business,,,,,Delacruz and Sons,03-4228995,finance@delacruzandsons.com,(182) 432-5650,verified,low,14,2021-03-13T11:09:49+00:00,2023-08-15T05:18:18+00:00
2836,C7002836,business,,,,,Ross LLC,45-3157434,finance@rossllc.com,(797) 564-3273,verified,low,10,2008-01-01T20:02:10+00:00,2016-02-11T14:58:55+00:00
2837,C7002837,business,,,,,Hernandez Group,04-3796508,finance@hernandezgroup.com,(433) 724-1749,verified,low,15,2008-10-03T22:53:48+00:00,2008-11-27T16:56:30+00:00
2838,C7002838,business,,,,,Douglas LLC,20-7437517,finance@douglasllc.com,(778) 425-1081,verified,medium,7,2017-03-21T17:29:08+00:00,2022-08-25T18:02:48+00:00
2839,C7002839,business,,,,,Reyes Ltd,79-7066999,finance@reyesltd.com,(551) 540-3289,verified,low,10,2011-09-22T19:33:54+00:00,2025-09-18T09:03:13+00:00
2840,C7002840,business,,,,,Hawkins PLC,46-1455451,finance@hawkinsplc.com,(175) 595-8398,verified,low,16,2025-06-11T12:52:59+00:00,2026-04-10T23:03:18+00:00
2841,C7002841,business,,,,,Lopez-Vang,85-5443644,finance@lopezvang.com,(937) 479-0887,verified,low,24,2015-02-28T22:23:41+00:00,2025-06-25T00:43:31+00:00
2842,C7002842,business,,,,,Mcgee-Conley,89-4806335,finance@mcgeeconley.com,(186) 264-7788,verified,low,25,2019-05-26T21:10:31+00:00,2020-05-21T16:58:53+00:00
2843,C7002843,business,,,,,Jackson Ltd,19-3902001,finance@jacksonltd.com,(450) 162-4440,verified,medium,10,2009-04-22T08:38:04+00:00,2024-03-27T17:15:27+00:00
2844,C7002844,business,,,,,Walker-Bell,96-0580823,finance@walkerbell.com,(006) 799-2846,expired,low,25,2025-08-16T11:08:44+00:00,2025-11-08T12:18:06+00:00
2845,C7002845,business,,,,,"Patel, Randolph and West",59-7011908,finance@patelrandolphandwe.com,(047) 949-0515,verified,medium,18,2015-05-20T16:16:56+00:00,2024-12-01T18:34:30+00:00
2846,C7002846,business,,,,,"Whitehead, Schneider and Hill",68-9506573,finance@whiteheadschneider.com,(132) 851-5529,verified,medium,20,2022-06-07T15:25:20+00:00,2024-01-28T13:09:29+00:00
2847,C7002847,business,,,,,"Griffin, Oconnor and Brown",97-0794720,finance@griffinoconnorandb.com,(529) 177-5086,verified,low,21,2025-09-01T01:19:18+00:00,2026-03-31T16:59:27+00:00
2848,C7002848,business,,,,,Martinez and Sons,40-9860436,finance@martinezandsons.com,(689) 957-0411,verified,medium,16,2013-04-17T12:47:41+00:00,2024-04-13T14:39:29+00:00
2849,C7002849,business,,,,,"Adkins, Sherman and Rhodes",87-5986078,finance@adkinsshermanandrh.com,(638) 124-0579,verified,low,22,2016-09-08T10:51:35+00:00,2019-01-15T16:49:18+00:00
2850,C7002850,business,,,,,Hancock Ltd,40-3519573,finance@hancockltd.com,(009) 746-5248,verified,low,22,2020-11-12T22:34:40+00:00,2026-06-13T02:19:13+00:00
2851,C7002851,business,,,,,"Davies, Bridges and Ball",56-9240138,finance@daviesbridgesandba.com,(598) 646-8480,verified,medium,19,2010-10-13T03:44:58+00:00,2016-07-06T01:12:37+00:00
2852,C7002852,business,,,,,"Hunter, Martin and Carlson",55-1140684,finance@huntermartinandcar.com,(000) 679-4719,verified,low,23,2025-01-14T23:46:10+00:00,2025-04-21T21:21:35+00:00
2853,C7002853,business,,,,,"Myers, Wilson and Wheeler",90-3970970,finance@myerswilsonandwhee.com,(492) 210-5612,verified,low,6,2019-10-07T16:55:33+00:00,2025-02-16T03:14:08+00:00
2854,C7002854,business,,,,,"Fernandez, Diaz and Whitehead",94-4725121,finance@fernandezdiazandwh.com,(208) 655-0990,verified,low,15,2022-10-04T14:12:33+00:00,2022-11-07T20:24:50+00:00
2855,C7002855,business,,,,,Rodriguez-Hall,61-2403601,finance@rodriguezhall.com,(278) 270-9176,verified,medium,21,2019-10-15T11:24:50+00:00,2023-11-12T16:58:21+00:00
2856,C7002856,business,,,,,Peterson-Andrews,10-0629169,finance@petersonandrews.com,(670) 832-3878,verified,low,9,2008-03-09T08:33:09+00:00,2020-03-06T17:07:20+00:00
2857,C7002857,business,,,,,Morales-Williams,38-1606032,finance@moraleswilliams.com,(612) 443-3749,verified,low,20,2020-12-27T01:56:19+00:00,2026-02-10T06:06:28+00:00
2858,C7002858,business,,,,,Jarvis PLC,99-7989686,finance@jarvisplc.com,(205) 506-7282,verified,low,6,2024-02-02T10:02:27+00:00,2026-04-08T00:33:27+00:00
2859,C7002859,business,,,,,"Downs, Barnes and Barr",77-0287489,finance@downsbarnesandbarr.com,(282) 313-1979,expired,medium,9,2013-03-17T03:57:47+00:00,2014-09-18T14:21:49+00:00
2860,C7002860,business,,,,,Dominguez-Rivas,84-6719471,finance@dominguezrivas.com,(439) 516-1724,verified,high,23,2020-06-30T03:37:44+00:00,2025-07-15T00:11:37+00:00
2861,C7002861,business,,,,,Bennett LLC,34-5648671,finance@bennettllc.com,(153) 957-3033,verified,low,4,2012-04-23T23:57:08+00:00,2012-07-06T10:18:59+00:00
2862,C7002862,business,,,,,"Gallegos, Sullivan and Richardson",05-7013632,finance@gallegossullivanan.com,(493) 845-7159,verified,low,6,2012-07-02T10:13:26+00:00,2024-08-20T06:44:56+00:00
2863,C7002863,business,,,,,Durham Group,11-8563069,finance@durhamgroup.com,(066) 131-2129,verified,low,7,2025-04-04T15:42:24+00:00,2025-05-19T12:28:53+00:00
2864,C7002864,business,,,,,Long and Sons,93-0906582,finance@longandsons.com,(283) 009-4634,verified,low,24,2013-03-30T00:58:01+00:00,2024-05-01T18:30:11+00:00
2865,C7002865,business,,,,,Gregory-Todd,91-4908899,finance@gregorytodd.com,(212) 030-8273,verified,medium,2,2022-09-07T21:28:09+00:00,2026-01-17T23:34:58+00:00
2866,C7002866,business,,,,,Cole LLC,04-4656701,finance@colellc.com,(629) 988-5849,verified,medium,4,2014-10-24T21:54:53+00:00,2015-06-13T07:07:22+00:00
2867,C7002867,business,,,,,Smith-White,73-4998503,finance@smithwhite.com,(083) 892-4490,verified,high,20,2012-08-19T09:11:20+00:00,2019-10-24T08:54:26+00:00
2868,C7002868,business,,,,,Clark Inc,74-8745340,finance@clarkinc.com,(107) 490-2573,verified,low,8,2010-02-08T15:58:04+00:00,2013-11-22T11:52:22+00:00
2869,C7002869,business,,,,,Rodriguez-Collins,99-8742701,finance@rodriguezcollins.com,(897) 239-8587,verified,low,19,2010-08-25T03:50:12+00:00,2018-02-04T04:30:31+00:00
2870,C7002870,business,,,,,Patterson-Phelps,73-0400095,finance@pattersonphelps.com,(365) 673-7292,verified,low,3,2022-04-19T20:51:00+00:00,2026-01-29T09:53:10+00:00
2871,C7002871,business,,,,,Smith-Jackson,86-9088775,finance@smithjackson.com,(787) 359-4463,verified,medium,25,2008-03-26T11:05:13+00:00,2017-01-02T05:19:25+00:00
2872,C7002872,business,,,,,"Harper, James and Kelly",89-8001769,finance@harperjamesandkell.com,(666) 715-6307,verified,low,24,2025-06-14T14:01:23+00:00,2025-10-31T06:30:50+00:00
2873,C7002873,business,,,,,West Inc,37-2651255,finance@westinc.com,(857) 992-5234,verified,low,13,2013-01-29T04:21:28+00:00,2020-05-06T15:41:41+00:00
2874,C7002874,business,,,,,Yang-Mitchell,77-4920503,finance@yangmitchell.com,(182) 736-9219,verified,medium,1,2012-02-05T14:37:54+00:00,2025-09-12T17:04:03+00:00
2875,C7002875,business,,,,,West-Wright,80-2839278,finance@westwright.com,(178) 952-7869,verified,medium,4,2014-09-01T04:21:27+00:00,2015-09-29T11:22:12+00:00
2876,C7002876,business,,,,,"Leonard, Garcia and Preston",67-1613701,finance@leonardgarciaandpr.com,(811) 073-5527,verified,low,1,2023-12-02T21:56:35+00:00,2026-07-12T22:12:55+00:00
2877,C7002877,business,,,,,Sheppard-Marshall,94-1567978,finance@sheppardmarshall.com,(086) 847-6259,verified,high,22,2020-07-01T16:42:47+00:00,2026-04-19T06:02:54+00:00
2878,C7002878,business,,,,,"Newman, Brown and Washington",64-1189474,finance@newmanbrownandwash.com,(717) 993-8868,verified,low,21,2017-11-27T22:14:30+00:00,2024-10-16T15:41:10+00:00
2879,C7002879,business,,,,,Jones-Everett,12-7731528,finance@joneseverett.com,(159) 043-6129,verified,medium,8,2022-01-05T08:42:58+00:00,2023-12-12T01:16:42+00:00
2880,C7002880,business,,,,,"Morgan, Holmes and Barajas",30-8981791,finance@morganholmesandbar.com,(159) 872-4834,verified,low,4,2018-10-30T02:59:37+00:00,2024-05-12T20:20:46+00:00
2881,C7002881,business,,,,,Mann PLC,97-9688789,finance@mannplc.com,(972) 437-2436,verified,low,13,2015-11-06T22:44:12+00:00,2020-08-11T14:12:08+00:00
2882,C7002882,business,,,,,Dodson-Harrington,08-5247195,finance@dodsonharrington.com,(353) 077-2187,verified,high,18,2018-09-04T06:22:03+00:00,2024-07-11T01:08:35+00:00
2883,C7002883,business,,,,,Wilson-Cox,12-3469297,finance@wilsoncox.com,(837) 012-4710,verified,medium,6,2020-11-10T06:36:01+00:00,2022-09-21T19:53:18+00:00
2884,C7002884,business,,,,,Flowers-Morgan,76-9662428,finance@flowersmorgan.com,(237) 663-7883,verified,medium,15,2015-10-11T15:30:43+00:00,2026-02-13T06:41:04+00:00
2885,C7002885,business,,,,,Wiley-Guerra,38-3645482,finance@wileyguerra.com,(739) 548-1661,verified,low,24,2017-09-06T00:48:54+00:00,2022-06-11T09:30:32+00:00
2886,C7002886,business,,,,,"Dodson, Harper and Matthews",72-1556325,finance@dodsonharperandmat.com,(258) 885-8212,verified,low,6,2022-11-26T02:26:37+00:00,2026-03-27T05:55:12+00:00
2887,C7002887,business,,,,,Rodriguez and Sons,56-8096348,finance@rodriguezandsons.com,(936) 594-5570,verified,medium,21,2011-06-23T14:18:40+00:00,2019-04-21T14:57:51+00:00
2888,C7002888,business,,,,,"Luna, Green and Mueller",73-6414928,finance@lunagreenandmuelle.com,(640) 181-0129,verified,medium,24,2015-12-28T15:29:28+00:00,2023-12-10T00:51:40+00:00
2889,C7002889,business,,,,,Smith Inc,09-3282125,finance@smithinc.com,(285) 520-2981,verified,medium,21,2025-09-04T19:22:35+00:00,2026-07-23T22:28:17+00:00
2890,C7002890,business,,,,,"Huerta, Hoffman and Fisher",96-3023598,finance@huertahoffmanandfi.com,(860) 000-0468,verified,low,20,2009-03-12T23:43:07+00:00,2023-09-07T08:07:25+00:00
2891,C7002891,business,,,,,"Gates, Yang and Stewart",01-9165092,finance@gatesyangandstewar.com,(980) 651-5270,verified,low,14,2017-01-30T05:15:34+00:00,2020-01-24T16:42:04+00:00
2892,C7002892,business,,,,,Chaney-Butler,24-9547671,finance@chaneybutler.com,(922) 478-2213,verified,medium,5,2016-01-08T01:13:27+00:00,2020-11-02T07:54:08+00:00
2893,C7002893,business,,,,,Jordan LLC,36-6121123,finance@jordanllc.com,(792) 814-8022,verified,low,9,2021-08-19T00:13:09+00:00,2023-08-23T22:07:46+00:00
2894,C7002894,business,,,,,Smith-Sanchez,42-8833511,finance@smithsanchez.com,(582) 702-4528,verified,low,5,2021-12-23T18:29:03+00:00,2026-04-18T17:51:18+00:00
2895,C7002895,business,,,,,Jones Inc,72-3963190,finance@jonesinc.com,(107) 623-7855,verified,low,6,2024-12-31T06:49:17+00:00,2026-03-27T16:43:03+00:00
2896,C7002896,business,,,,,Powell-Jackson,67-3958948,finance@powelljackson.com,(328) 646-4126,verified,medium,19,2014-08-17T09:07:22+00:00,2020-03-20T19:12:41+00:00
2897,C7002897,business,,,,,Reynolds LLC,93-3546817,finance@reynoldsllc.com,(557) 958-7806,verified,medium,15,2012-10-11T11:00:21+00:00,2019-05-14T14:53:08+00:00
2898,C7002898,business,,,,,"Myers, Thompson and Lee",84-1017958,finance@myersthompsonandle.com,(049) 566-0356,verified,low,9,2008-10-04T04:06:00+00:00,2023-07-19T16:44:13+00:00
2899,C7002899,business,,,,,Lee-Wade,51-4674702,finance@leewade.com,(375) 619-0424,verified,low,1,2025-10-23T12:26:21+00:00,2026-08-16T03:23:58+00:00
2900,C7002900,business,,,,,Harrington-Dunn,96-0483182,finance@harringtondunn.com,(118) 148-5061,verified,low,4,2013-07-15T21:59:01+00:00,2024-07-26T08:57:19+00:00
2901,C7002901,business,,,,,"Thompson, Harrison and Garza",22-2978309,finance@thompsonharrisonan.com,(917) 922-9398,verified,high,3,2018-02-12T06:14:17+00:00,2020-10-16T04:07:27+00:00
2902,C7002902,business,,,,,Stanley-Williams,37-1819624,finance@stanleywilliams.com,(766) 590-5349,verified,low,6,2022-09-28T23:38:22+00:00,2025-05-20T20:46:30+00:00
2903,C7002903,business,,,,,Taylor-Thompson,17-9140186,finance@taylorthompson.com,(435) 716-1702,verified,low,22,2022-05-24T08:45:44+00:00,2025-11-15T21:16:19+00:00
2904,C7002904,business,,,,,Parker-Clark,94-1757230,finance@parkerclark.com,(896) 126-9446,verified,medium,15,2018-06-02T14:24:06+00:00,2023-12-12T07:04:41+00:00
2905,C7002905,business,,,,,Tran-Reynolds,37-6828742,finance@tranreynolds.com,(594) 373-5918,verified,low,9,2023-08-31T21:47:02+00:00,2024-12-12T18:02:17+00:00
2906,C7002906,business,,,,,"Owens, Baker and Daniels",35-9221693,finance@owensbakeranddanie.com,(375) 361-4326,verified,medium,13,2011-12-29T03:57:35+00:00,2014-05-24T07:49:23+00:00
2907,C7002907,business,,,,,"Mitchell, Chavez and Sanchez",89-9319264,finance@mitchellchavezands.com,(992) 898-2174,verified,medium,15,2010-08-22T15:51:37+00:00,2024-06-27T01:37:18+00:00
2908,C7002908,business,,,,,Lopez-Hutchinson,00-1029271,finance@lopezhutchinson.com,(822) 909-4467,verified,low,3,2022-03-08T03:01:14+00:00,2026-01-19T07:30:49+00:00
2909,C7002909,business,,,,,Pratt PLC,64-5067614,finance@prattplc.com,(611) 776-9693,verified,low,6,2014-11-29T22:34:18+00:00,2016-04-03T04:11:37+00:00
2910,C7002910,business,,,,,Moore-Robinson,67-4130450,finance@moorerobinson.com,(474) 424-3837,verified,medium,4,2013-12-09T06:15:19+00:00,2022-02-24T02:51:09+00:00
2911,C7002911,business,,,,,"Carpenter, Fuller and Moyer",06-1835549,finance@carpenterfullerand.com,(694) 471-0792,verified,low,25,2020-06-13T21:36:16+00:00,2026-08-08T21:35:28+00:00
2912,C7002912,business,,,,,Bradford-Jackson,89-2921476,finance@bradfordjackson.com,(228) 989-9242,verified,high,9,2017-02-09T16:18:26+00:00,2020-11-03T07:08:56+00:00
2913,C7002913,business,,,,,"Matthews, Palmer and Sims",78-8858828,finance@matthewspalmerands.com,(188) 966-7271,verified,medium,19,2013-03-30T08:35:25+00:00,2026-05-10T16:43:29+00:00
2914,C7002914,business,,,,,Allen PLC,28-2981186,finance@allenplc.com,(243) 801-1803,verified,medium,11,2016-02-07T22:21:32+00:00,2020-10-07T04:23:08+00:00
2915,C7002915,business,,,,,Harris Ltd,14-9006663,finance@harrisltd.com,(225) 816-0223,verified,medium,19,2018-07-11T03:30:00+00:00,2025-06-22T21:49:22+00:00
2916,C7002916,business,,,,,"Stark, Tyler and Pierce",67-9422058,finance@starktylerandpierc.com,(592) 775-1309,verified,low,7,2020-05-12T18:20:50+00:00,2020-11-29T18:15:44+00:00
2917,C7002917,business,,,,,Brown-White,26-8081463,finance@brownwhite.com,(550) 666-5407,verified,low,23,2013-04-11T01:41:33+00:00,2017-04-26T17:47:47+00:00
2918,C7002918,business,,,,,"Jackson, Young and Gentry",62-5783216,finance@jacksonyoungandgen.com,(844) 565-5201,rejected,low,7,2025-09-06T17:02:42+00:00,2026-03-30T08:24:55+00:00
2919,C7002919,business,,,,,"Johnson, Vasquez and White",77-1910164,finance@johnsonvasquezandw.com,(608) 282-1927,verified,low,13,2017-05-15T08:17:33+00:00,2024-01-21T09:26:44+00:00
2920,C7002920,business,,,,,Young-Duarte,02-2930848,finance@youngduarte.com,(511) 160-8862,verified,low,16,2020-04-26T21:02:45+00:00,2022-03-20T14:00:15+00:00
2921,C7002921,business,,,,,"Walker, Nguyen and Collins",85-3172682,finance@walkernguyenandcol.com,(155) 671-9201,verified,medium,11,2017-11-05T16:57:07+00:00,2020-12-02T07:00:37+00:00
2922,C7002922,business,,,,,Dickerson Group,18-9078315,finance@dickersongroup.com,(234) 993-7269,verified,low,2,2019-11-22T21:07:59+00:00,2025-07-27T16:07:34+00:00
2923,C7002923,business,,,,,"Murray, Fowler and Hernandez",33-6939091,finance@murrayfowlerandher.com,(472) 008-0912,verified,low,4,2023-07-15T01:31:46+00:00,2026-02-01T13:17:54+00:00
2924,C7002924,business,,,,,Jenkins-Ruiz,55-3435356,finance@jenkinsruiz.com,(502) 671-5345,verified,low,11,2026-06-16T04:45:46+00:00,2026-09-09T18:10:21+00:00
2925,C7002925,business,,,,,"Vega, Stout and Hansen",41-8656738,finance@vegastoutandhansen.com,(564) 880-0125,verified,medium,25,2014-03-16T22:09:02+00:00,2023-03-14T12:03:24+00:00
2926,C7002926,business,,,,,Gonzalez-Perry,40-2451719,finance@gonzalezperry.com,(494) 528-3153,verified,low,6,2012-06-02T12:52:51+00:00,2025-01-22T19:53:41+00:00
2927,C7002927,business,,,,,Ortega-Gonzalez,95-8756744,finance@ortegagonzalez.com,(363) 225-0324,verified,medium,9,2009-02-09T06:41:43+00:00,2010-01-06T15:09:03+00:00
2928,C7002928,business,,,,,Carson Ltd,77-7842659,finance@carsonltd.com,(798) 436-2017,verified,medium,15,2023-02-12T05:08:24+00:00,2024-01-03T09:28:49+00:00
2929,C7002929,business,,,,,"Hines, Holland and Thomas",60-3463178,finance@hineshollandandtho.com,(902) 367-3963,rejected,high,24,2011-06-28T08:26:36+00:00,2019-11-13T06:10:41+00:00
2930,C7002930,business,,,,,"Espinoza, Sanchez and Hernandez",19-7402823,finance@espinozasanchezand.com,(164) 303-5901,verified,low,20,2019-07-24T07:27:52+00:00,2019-08-19T07:24:47+00:00
2931,C7002931,business,,,,,Peters and Sons,04-4697955,finance@petersandsons.com,(936) 654-5521,verified,low,11,2024-07-17T14:06:32+00:00,2025-07-30T15:36:27+00:00
2932,C7002932,business,,,,,Hunt and Sons,95-0608109,finance@huntandsons.com,(984) 527-6198,verified,low,12,2023-09-28T21:31:01+00:00,2026-08-29T07:05:26+00:00
2933,C7002933,business,,,,,Griffith-Mcguire,81-4853968,finance@griffithmcguire.com,(318) 592-4934,verified,medium,2,2016-08-30T02:26:18+00:00,2018-02-21T14:28:59+00:00
2934,C7002934,business,,,,,Hughes Ltd,42-5879772,finance@hughesltd.com,(625) 762-2978,expired,medium,9,2017-04-05T23:13:26+00:00,2020-12-10T03:38:02+00:00
2935,C7002935,business,,,,,Jackson-Mejia,00-9299695,finance@jacksonmejia.com,(280) 707-7188,verified,high,23,2020-09-06T20:15:48+00:00,2024-03-08T04:46:00+00:00
2936,C7002936,business,,,,,Howard-Davis,54-3496709,finance@howarddavis.com,(738) 939-1128,verified,low,2,2020-09-14T09:19:15+00:00,2025-03-26T04:02:33+00:00
2937,C7002937,business,,,,,"Thomas, Perry and Morgan",24-3440489,finance@thomasperryandmorg.com,(021) 772-0744,verified,low,11,2015-02-07T19:39:13+00:00,2016-05-12T00:35:10+00:00
2938,C7002938,business,,,,,"Bush, Taylor and Little",87-0485959,finance@bushtaylorandlittl.com,(389) 787-2619,verified,low,15,2008-01-09T06:39:06+00:00,2014-12-23T04:34:02+00:00
2939,C7002939,business,,,,,Jackson-Ramos,49-4979161,finance@jacksonramos.com,(710) 276-3090,verified,low,15,2008-06-28T23:21:37+00:00,2013-09-21T22:15:30+00:00
2940,C7002940,business,,,,,Scott and Sons,75-7467665,finance@scottandsons.com,(420) 986-6645,verified,medium,3,2013-01-16T13:22:48+00:00,2024-03-22T13:37:03+00:00
2941,C7002941,business,,,,,Chapman Inc,16-7443619,finance@chapmaninc.com,(353) 858-2406,verified,low,24,2023-01-12T11:32:59+00:00,2026-04-26T15:27:10+00:00
2942,C7002942,business,,,,,Lopez Ltd,77-0253836,finance@lopezltd.com,(977) 910-9922,verified,medium,11,2024-05-30T11:44:36+00:00,2025-10-30T12:20:20+00:00
2943,C7002943,business,,,,,Padilla-Howell,45-5925346,finance@padillahowell.com,(058) 119-5236,expired,high,12,2010-10-07T11:07:46+00:00,2018-10-10T18:42:22+00:00
2944,C7002944,business,,,,,Mcguire-Wright,68-5864331,finance@mcguirewright.com,(145) 939-2077,verified,low,16,2011-02-14T01:52:23+00:00,2015-04-17T06:18:04+00:00
2945,C7002945,business,,,,,"Moon, Burgess and Fields",45-4830386,finance@moonburgessandfiel.com,(065) 512-8121,verified,medium,16,2016-05-08T02:27:46+00:00,2023-08-26T01:37:33+00:00
2946,C7002946,business,,,,,Durham Inc,63-0258366,finance@durhaminc.com,(824) 063-8346,verified,low,15,2014-01-15T04:57:27+00:00,2016-12-18T12:50:26+00:00
2947,C7002947,business,,,,,Clark-Davis,25-4756080,finance@clarkdavis.com,(079) 376-2241,verified,low,10,2010-03-03T21:03:27+00:00,2023-06-27T15:20:00+00:00
2948,C7002948,business,,,,,Marquez Ltd,35-0206723,finance@marquezltd.com,(827) 814-6967,verified,low,24,2013-04-25T01:14:39+00:00,2013-06-25T14:00:47+00:00
2949,C7002949,business,,,,,"Brown, Moore and Adams",57-6024912,finance@brownmooreandadams.com,(469) 025-9681,verified,low,13,2017-05-01T04:28:11+00:00,2019-02-03T10:34:55+00:00
2950,C7002950,business,,,,,"Ibarra, Mccullough and Morse",20-6714670,finance@ibarramcculloughan.com,(312) 869-1321,verified,low,25,2015-03-17T15:27:45+00:00,2017-12-01T17:43:13+00:00
2951,C7002951,business,,,,,Caldwell Inc,75-7804799,finance@caldwellinc.com,(412) 642-8879,expired,medium,25,2012-08-15T13:24:01+00:00,2022-09-10T22:01:04+00:00
2952,C7002952,business,,,,,Mccarthy Group,62-2214711,finance@mccarthygroup.com,(952) 665-3306,verified,low,11,2008-10-10T08:49:46+00:00,2019-11-30T16:06:32+00:00
2953,C7002953,business,,,,,Lambert-Washington,18-5516877,finance@lambertwashington.com,(001) 848-4564,verified,low,24,2012-02-02T15:53:38+00:00,2018-02-24T05:57:38+00:00
2954,C7002954,business,,,,,White-Benson,53-8618173,finance@whitebenson.com,(143) 090-2068,verified,low,18,2024-06-28T07:30:30+00:00,2026-01-09T20:38:35+00:00
2955,C7002955,business,,,,,"Sanchez, Vasquez and Hoffman",72-4002432,finance@sanchezvasquezandh.com,(405) 049-1138,verified,low,19,2010-06-07T14:37:54+00:00,2019-10-25T17:07:23+00:00
2956,C7002956,business,,,,,"Atkinson, Case and Estes",17-4226548,finance@atkinsoncaseandest.com,(851) 010-2113,verified,low,15,2015-11-14T23:59:25+00:00,2025-02-01T21:31:43+00:00
2957,C7002957,business,,,,,Mclean LLC,93-4875535,finance@mcleanllc.com,(597) 879-9632,verified,medium,20,2022-12-28T21:40:32+00:00,2023-05-13T18:51:18+00:00
2958,C7002958,business,,,,,Ramirez Inc,75-3967753,finance@ramirezinc.com,(621) 027-3581,verified,medium,22,2021-08-24T04:48:17+00:00,2023-07-02T15:28:39+00:00
2959,C7002959,business,,,,,Gillespie Group,70-2147455,finance@gillespiegroup.com,(014) 823-4799,expired,low,2,2012-06-03T11:41:59+00:00,2016-10-15T20:58:01+00:00
2960,C7002960,business,,,,,"Gonzalez, Hughes and Horn",60-6968799,finance@gonzalezhughesandh.com,(286) 308-2539,expired,low,7,2015-04-20T20:12:59+00:00,2020-08-04T00:40:11+00:00
2961,C7002961,business,,,,,Martin and Sons,40-6660640,finance@martinandsons.com,(646) 278-8663,verified,medium,3,2010-11-11T20:24:29+00:00,2025-10-31T20:09:18+00:00
2962,C7002962,business,,,,,Alexander-Bell,31-3129785,finance@alexanderbell.com,(529) 648-9398,verified,high,22,2015-09-15T04:12:56+00:00,2023-10-10T03:04:03+00:00
2963,C7002963,business,,,,,Mckinney-Brown,81-7869772,finance@mckinneybrown.com,(887) 360-5110,verified,medium,1,2013-08-26T22:29:34+00:00,2015-02-01T22:32:57+00:00
2964,C7002964,business,,,,,"Hamilton, Miller and Williams",09-8633166,finance@hamiltonmillerandw.com,(593) 735-0103,verified,low,16,2017-01-24T05:37:31+00:00,2024-11-27T12:48:38+00:00
2965,C7002965,business,,,,,Wiggins-Maynard,89-2348222,finance@wigginsmaynard.com,(471) 551-5152,verified,medium,6,2016-11-29T13:30:48+00:00,2018-04-19T23:24:49+00:00
2966,C7002966,business,,,,,"Foster, Velez and Walters",18-3949752,finance@fostervelezandwalt.com,(712) 904-2408,verified,low,12,2010-03-13T23:29:49+00:00,2026-09-18T03:10:36+00:00
2967,C7002967,business,,,,,Johnson Inc,09-0629913,finance@johnsoninc.com,(904) 104-0633,verified,low,4,2024-06-11T06:07:05+00:00,2025-04-25T01:00:56+00:00
2968,C7002968,business,,,,,Callahan Ltd,15-8530896,finance@callahanltd.com,(746) 319-4523,verified,low,20,2025-09-27T08:14:33+00:00,2025-10-17T13:35:48+00:00
2969,C7002969,business,,,,,Perez-Newman,62-3763459,finance@pereznewman.com,(626) 353-5227,verified,low,1,2020-07-13T00:34:44+00:00,2022-10-29T11:52:05+00:00
2970,C7002970,business,,,,,"Berry, Walsh and Garrett",44-9517642,finance@berrywalshandgarre.com,(493) 273-8488,verified,low,7,2021-08-18T15:29:58+00:00,2025-01-07T22:00:25+00:00
2971,C7002971,business,,,,,Delgado-Benjamin,19-7285802,finance@delgadobenjamin.com,(082) 064-6028,verified,low,3,2020-05-16T19:41:02+00:00,2022-09-14T23:26:32+00:00
2972,C7002972,business,,,,,Sanchez-Lewis,98-8186967,finance@sanchezlewis.com,(504) 464-3077,verified,high,9,2010-12-24T21:12:44+00:00,2018-02-14T08:43:28+00:00
2973,C7002973,business,,,,,"Berger, Nichols and Mccarty",89-5377476,finance@bergernicholsandmc.com,(930) 451-0583,verified,low,7,2009-03-28T01:50:09+00:00,2015-04-16T06:01:54+00:00
2974,C7002974,business,,,,,"Williams, Fleming and Bell",77-8843995,finance@williamsflemingand.com,(091) 814-9835,verified,low,2,2018-09-15T09:01:16+00:00,2025-10-01T16:05:44+00:00
2975,C7002975,business,,,,,"West, Ramos and Hanna",10-8813057,finance@westramosandhanna.com,(541) 003-1699,verified,low,4,2016-01-19T00:58:43+00:00,2022-08-18T06:27:15+00:00
2976,C7002976,business,,,,,Walsh and Sons,84-0645338,finance@walshandsons.com,(452) 479-9419,verified,medium,3,2011-06-19T02:47:05+00:00,2026-07-12T10:11:29+00:00
2977,C7002977,business,,,,,Garcia Ltd,54-8789708,finance@garcialtd.com,(746) 740-9061,verified,low,16,2022-12-29T04:33:36+00:00,2026-09-07T09:04:40+00:00
2978,C7002978,business,,,,,Becker-Kane,61-1416355,finance@beckerkane.com,(578) 841-4574,verified,low,23,2026-04-28T02:09:13+00:00,2026-08-03T12:28:01+00:00
2979,C7002979,business,,,,,Young-Miller,19-7575304,finance@youngmiller.com,(537) 074-7131,expired,medium,9,2022-10-20T10:19:07+00:00,2023-06-20T12:20:42+00:00
2980,C7002980,business,,,,,Alexander-Owens,09-7414174,finance@alexanderowens.com,(501) 159-5931,verified,low,8,2014-04-09T12:04:34+00:00,2016-09-26T23:04:57+00:00
2981,C7002981,business,,,,,Salazar Group,21-0897485,finance@salazargroup.com,(420) 848-1395,verified,low,8,2014-10-28T23:29:33+00:00,2018-04-10T21:44:17+00:00
2982,C7002982,business,,,,,Garner-Burton,26-2392415,finance@garnerburton.com,(134) 017-4971,verified,low,19,2013-05-19T01:33:32+00:00,2014-07-09T13:58:19+00:00
2983,C7002983,business,,,,,"Lawrence, Peterson and Mills",16-4877397,finance@lawrencepetersonan.com,(865) 179-3852,verified,low,2,2017-05-19T02:55:28+00:00,2025-03-09T16:41:01+00:00
2984,C7002984,business,,,,,Hodges-May,29-3060898,finance@hodgesmay.com,(192) 093-8296,verified,low,16,2015-02-26T23:28:54+00:00,2016-03-29T08:23:22+00:00
2985,C7002985,business,,,,,Jones Ltd,44-6416166,finance@jonesltd.com,(945) 948-3074,verified,low,16,2024-02-27T13:32:21+00:00,2025-04-29T11:58:46+00:00
2986,C7002986,business,,,,,Clark-Scott,62-9611713,finance@clarkscott.com,(960) 838-9216,verified,medium,1,2008-02-09T00:46:49+00:00,2024-06-04T19:18:47+00:00
2987,C7002987,business,,,,,"Klein, Nguyen and Jones",62-1756269,finance@kleinnguyenandjone.com,(233) 833-1246,verified,low,1,2013-02-13T11:02:05+00:00,2013-03-25T08:23:05+00:00
2988,C7002988,business,,,,,"Gray, Weiss and Arnold",13-2212495,finance@grayweissandarnold.com,(432) 990-3253,verified,medium,25,2020-03-29T14:13:27+00:00,2024-01-02T17:20:49+00:00
2989,C7002989,business,,,,,Brown-Roberts,66-5046382,finance@brownroberts.com,(823) 266-8086,expired,low,11,2021-03-04T07:14:18+00:00,2024-01-18T12:14:57+00:00
2990,C7002990,business,,,,,Rogers Ltd,60-9446978,finance@rogersltd.com,(955) 004-7962,verified,medium,24,2018-08-17T23:36:23+00:00,2024-08-27T16:38:15+00:00
2991,C7002991,business,,,,,"Flynn, Moses and Villanueva",28-1087176,finance@flynnmosesandvilla.com,(821) 565-8868,verified,low,20,2025-03-31T07:25:29+00:00,2026-01-03T21:16:05+00:00
2992,C7002992,business,,,,,Foster Inc,77-6260183,finance@fosterinc.com,(578) 417-0870,verified,medium,5,2012-02-17T05:21:15+00:00,2017-08-13T06:03:02+00:00
2993,C7002993,business,,,,,Hinton-Stewart,26-6664155,finance@hintonstewart.com,(709) 919-0798,verified,low,13,2018-01-27T04:05:00+00:00,2023-12-27T12:51:39+00:00
2994,C7002994,business,,,,,"Yates, Sims and Evans",45-3221784,finance@yatessimsandevans.com,(151) 661-7596,verified,medium,23,2024-02-11T02:39:18+00:00,2026-03-27T05:06:10+00:00
2995,C7002995,business,,,,,Williams-Jacobs,32-7275142,finance@williamsjacobs.com,(145) 478-1689,verified,medium,15,2014-11-17T17:36:33+00:00,2018-09-01T08:28:28+00:00
2996,C7002996,business,,,,,Griffin Inc,01-8894757,finance@griffininc.com,(862) 180-8163,verified,low,11,2008-04-16T02:46:16+00:00,2023-04-25T21:10:56+00:00
2997,C7002997,business,,,,,"Ortega, Dunlap and Benjamin",75-7061851,finance@ortegadunlapandben.com,(688) 620-4378,verified,low,20,2012-05-09T23:10:08+00:00,2019-01-28T11:49:46+00:00
2998,C7002998,business,,,,,Goodwin-Thomas,57-5690782,finance@goodwinthomas.com,(394) 480-4873,verified,low,11,2018-06-04T09:01:38+00:00,2022-02-18T03:58:29+00:00
2999,C7002999,business,,,,,Smith PLC,25-8029825,finance@smithplc.com,(162) 816-7279,expired,low,7,2010-11-18T03:02:01+00:00,2014-10-26T15:23:06+00:00
3000,C7003000,business,,,,,Rush PLC,37-0890537,finance@rushplc.com,(799) 851-9652,verified,low,19,2017-07-11T11:30:11+00:00,2024-11-16T03:46:07+00:00
