payee_id,customer_id,nickname,payee_name,bank_name,bank_code,account_number,currency_code,is_verified,created_at
1,4,,GEICO,PNC Bank,085683891,050526866,USD,true,2026-04-28T03:48:22+00:00
2,4,Greystar,Greystar Property Mgmt,Bank of America,076564061,009303740063,USD,true,2026-03-28T06:42:19+00:00
3,5,,PSEG,JPMorgan Chase,092494845,0313383774,USD,true,2026-08-02T19:11:31+00:00
4,5,AT&T,AT&T,Bank of America,028428511,7756565884,USD,true,2026-08-20T19:07:01+00:00
5,5,Chase,Chase Card Services,Bank of America,069181655,46368052457,USD,true,2026-09-03T23:55:31+00:00
6,5,,Comcast Xfinity,JPMorgan Chase,095170644,95276165532,USD,true,2026-05-04T20:20:27+00:00
7,6,Comcast,Comcast Xfinity,PNC Bank,026642658,1976212663,USD,true,2017-06-23T13:30:34+00:00
8,6,,State Farm Insurance,Bank of America,050570590,17876634283,USD,true,2014-06-01T07:09:12+00:00
9,8,,AT&T,Wells Fargo,032383565,27371191820,USD,true,2025-04-13T14:35:16+00:00
10,8,,Navient,JPMorgan Chase,060454095,682301134,USD,true,2018-10-11T11:25:34+00:00
11,9,Sallie,Sallie Mae,Bank of America,082655129,878348195,USD,true,2023-09-03T05:36:58+00:00
12,10,Sallie,Sallie Mae,Wells Fargo,071463970,0903552970,USD,true,2013-11-06T15:33:35+00:00
13,10,,Duke Energy,Wells Fargo,096501778,273383297691,USD,true,2022-07-08T11:43:55+00:00
14,11,,City Water Dept,Citibank,013188339,65894278381,USD,true,2024-11-28T05:43:46+00:00
15,11,,State Farm Insurance,Wells Fargo,064537662,141801374258,USD,true,2023-02-15T23:06:24+00:00
16,11,,Navient,JPMorgan Chase,071167141,227541095975,USD,true,2023-11-29T02:10:21+00:00
17,12,Comcast,Comcast Xfinity,Bank of America,068542065,671249443,USD,true,2020-07-08T00:15:21+00:00
18,12,Progressive,Progressive,Wells Fargo,048542090,86097848389,USD,true,2024-08-03T19:33:55+00:00
19,12,Chase,Chase Card Services,Wells Fargo,039242817,123629382,USD,true,2022-12-25T16:39:09+00:00
20,12,State,State Farm Insurance,Citibank,088777871,313503574339,USD,true,2020-04-03T14:43:59+00:00
21,14,,Equity Residential,Citibank,050397882,630407419,USD,true,2019-01-19T10:06:55+00:00
22,16,Comcast,Comcast Xfinity,JPMorgan Chase,088886631,1836746330,USD,true,2025-08-21T13:06:54+00:00
23,16,Greystar,Greystar Property Mgmt,Bank of America,034946708,27680670480,USD,true,2025-05-31T19:31:32+00:00
24,17,,Duke Energy,Wells Fargo,038343060,903556416,USD,true,2021-04-16T03:41:48+00:00
25,17,Con,Con Edison,Citibank,072090698,122189803263,USD,true,2024-02-08T05:11:43+00:00
26,18,Chase,Chase Card Services,Citibank,010138803,86296629231,USD,true,2016-08-13T10:55:22+00:00
27,18,,State Farm Insurance,PNC Bank,091226673,555383735799,USD,true,2013-07-23T02:36:46+00:00
28,19,AT&T,AT&T,Bank of America,087346891,39185214795,USD,true,2026-05-20T22:22:49+00:00
29,19,,Progressive,Bank of America,099386930,830385472895,USD,true,2026-03-07T07:21:37+00:00
30,19,,Navient,Citibank,094211455,8561978048,USD,true,2025-09-20T17:28:36+00:00
31,20,,Greystar Property Mgmt,PNC Bank,018902909,1818140729,USD,true,2026-07-13T10:14:14+00:00
32,22,,Comcast Xfinity,Bank of America,048831815,00705737733,USD,true,2020-04-17T13:42:35+00:00
33,23,,Progressive,Bank of America,098714092,61984322032,USD,true,2023-02-26T18:08:06+00:00
34,23,Navient,Navient,Citibank,054408137,7277631151,USD,true,2023-10-19T08:32:44+00:00
35,24,,Comcast Xfinity,Citibank,036651306,6791338434,USD,true,2022-02-15T00:02:14+00:00
36,24,,Con Edison,Wells Fargo,063184768,12406293789,USD,true,2023-01-19T19:21:35+00:00
37,25,,State Farm Insurance,Citibank,054047778,93208284188,USD,true,2023-05-25T12:17:06+00:00
38,26,Con,Con Edison,PNC Bank,094695849,71368643681,USD,true,2017-06-24T12:01:11+00:00
39,26,Comcast,Comcast Xfinity,Bank of America,028117316,0521562783,USD,true,2024-11-18T09:40:55+00:00
40,26,,Sallie Mae,PNC Bank,012342995,264769650,USD,true,2013-11-30T19:22:07+00:00
41,27,Progressive,Progressive,Bank of America,030185073,730955977143,USD,true,2018-08-16T04:15:27+00:00
42,28,AT&T,AT&T,Bank of America,069171594,1204644462,USD,true,2026-05-16T22:17:11+00:00
43,28,Equity,Equity Residential,JPMorgan Chase,074139743,669934649,USD,true,2026-02-18T06:54:01+00:00
44,29,,Navient,PNC Bank,005752075,2486311343,USD,true,2010-08-14T10:10:46+00:00
45,30,,Navient,Citibank,038132010,607626506,USD,true,2024-04-06T15:43:59+00:00
46,31,,Sallie Mae,Citibank,040368403,697225723121,USD,true,2021-01-08T23:48:22+00:00
47,31,,Duke Energy,JPMorgan Chase,007264276,251609647716,USD,true,2009-03-22T06:36:54+00:00
48,32,Progressive,Progressive,Bank of America,053543467,9948057181,USD,true,2022-11-17T07:32:17+00:00
49,32,,State Farm Insurance,Bank of America,087817707,97632923732,USD,true,2022-12-16T23:18:29+00:00
50,32,Comcast,Comcast Xfinity,Citibank,035142359,44324086328,USD,true,2025-11-17T04:16:21+00:00
51,33,Con,Con Edison,PNC Bank,031682683,82708650213,USD,true,2026-01-31T03:36:17+00:00
52,33,City,City Water Dept,Wells Fargo,060806087,317427448998,USD,true,2021-09-14T17:34:39+00:00
53,33,,Discover,PNC Bank,081688347,8426250411,USD,true,2023-05-04T13:56:42+00:00
54,33,,Equity Residential,Wells Fargo,085565767,108288346,USD,true,2025-02-20T06:52:36+00:00
55,34,,Chase Card Services,JPMorgan Chase,090906957,5456335252,USD,true,2024-02-22T08:08:45+00:00
56,35,Comcast,Comcast Xfinity,PNC Bank,061598269,810562506,USD,true,2025-09-05T12:29:15+00:00
57,36,,State Farm Insurance,Bank of America,068036022,651635373234,USD,true,2019-07-23T03:14:40+00:00
58,38,,Chase Card Services,Bank of America,029000477,669459268,USD,true,2025-07-20T13:21:11+00:00
59,38,,Navient,Wells Fargo,008730906,95233631454,USD,true,2018-02-14T14:13:41+00:00
60,39,Comcast,Comcast Xfinity,Bank of America,061522552,5196757761,USD,true,2014-06-22T10:15:17+00:00
61,39,Chase,Chase Card Services,Bank of America,064804219,000621823,USD,true,2025-03-11T13:56:45+00:00
62,39,,State Farm Insurance,JPMorgan Chase,058636380,7893148904,USD,true,2016-06-05T06:08:40+00:00
63,40,PSEG,PSEG,Citibank,049526668,457026914,USD,true,2021-09-14T03:53:57+00:00
64,40,,AT&T,Bank of America,080405410,27334505635,USD,true,2018-02-19T00:10:11+00:00
65,41,Comcast,Comcast Xfinity,Bank of America,038476232,622882960713,USD,true,2025-10-13T16:47:07+00:00
66,41,,Equity Residential,Citibank,057966992,435695139475,USD,true,2026-07-28T06:34:03+00:00
67,41,,Sallie Mae,Bank of America,094349673,787371527330,USD,true,2025-01-18T12:39:52+00:00
68,41,,Discover,PNC Bank,006277278,113569471,USD,true,2026-06-01T07:50:53+00:00
69,42,PSEG,PSEG,JPMorgan Chase,026736507,73314074900,USD,true,2018-10-07T08:37:33+00:00
70,43,,Navient,Bank of America,068326205,21230908612,USD,true,2023-07-12T03:34:08+00:00
71,43,,Comcast Xfinity,JPMorgan Chase,008858305,656335368530,USD,true,2024-12-11T19:33:43+00:00
72,43,,Con Edison,JPMorgan Chase,024186578,2364030675,USD,true,2026-01-27T17:37:13+00:00
73,44,,Greystar Property Mgmt,Bank of America,009919751,55490476639,USD,true,2016-06-05T04:01:18+00:00
74,45,,Equity Residential,JPMorgan Chase,005652959,263590434,USD,true,2026-07-14T20:18:43+00:00
75,45,,City Water Dept,Wells Fargo,020757765,61303060195,USD,true,2026-06-10T17:51:06+00:00
76,45,Navient,Navient,Wells Fargo,067731887,422478930692,USD,true,2026-08-31T15:54:33+00:00
77,47,,PSEG,Citibank,090554381,128582943,USD,true,2023-06-30T23:08:02+00:00
78,48,Greystar,Greystar Property Mgmt,PNC Bank,080024127,603542585958,USD,true,2025-11-16T01:22:28+00:00
79,48,,Progressive,PNC Bank,001326449,739847097,USD,true,2024-10-21T19:35:08+00:00
80,48,,Con Edison,Bank of America,048653126,85527993662,USD,true,2026-06-04T00:02:54+00:00
81,49,,Con Edison,JPMorgan Chase,054801030,1748704187,USD,true,2026-09-08T06:20:04+00:00
82,49,Duke,Duke Energy,Wells Fargo,078630787,1806597338,USD,true,2026-07-15T01:24:52+00:00
83,49,,PSEG,Wells Fargo,014359730,351155241,USD,true,2026-09-09T23:01:21+00:00
84,49,Equity,Equity Residential,PNC Bank,057792582,53092266582,USD,true,2026-09-21T09:28:18+00:00
85,50,,Greystar Property Mgmt,Citibank,038144934,2895579180,USD,true,2023-11-05T11:39:39+00:00
86,50,Comcast,Comcast Xfinity,JPMorgan Chase,053378515,222959356460,USD,true,2022-08-12T14:58:49+00:00
87,51,,Equity Residential,Bank of America,005614100,488689657,USD,true,2024-06-15T08:17:48+00:00
88,52,Chase,Chase Card Services,Wells Fargo,014684721,8963081219,USD,true,2024-04-08T10:45:17+00:00
89,53,Discover,Discover,Wells Fargo,067397125,637727301,USD,true,2026-02-08T19:51:42+00:00
90,53,PSEG,PSEG,Wells Fargo,040850703,85176751610,USD,true,2026-06-03T19:11:20+00:00
91,53,,Greystar Property Mgmt,Wells Fargo,027798851,33961938107,USD,true,2026-02-04T07:21:54+00:00
92,54,,Chase Card Services,Bank of America,082836797,612079597093,USD,true,2025-07-29T05:24:43+00:00
93,55,,GEICO,Bank of America,021418180,4397901740,USD,true,2023-01-06T14:34:13+00:00
94,56,Greystar,Greystar Property Mgmt,PNC Bank,039722348,21543800729,USD,true,2018-10-07T05:11:15+00:00
95,56,,Navient,Wells Fargo,023657986,9146856492,USD,true,2021-01-31T09:03:59+00:00
96,57,,Comcast Xfinity,Bank of America,026042178,25401486127,USD,true,2024-04-19T03:29:31+00:00
97,58,Con,Con Edison,Bank of America,013905364,2617713538,USD,true,2017-05-22T11:15:25+00:00
98,58,,AT&T,JPMorgan Chase,099096956,94696292405,USD,true,2015-12-11T17:23:04+00:00
99,58,,Comcast Xfinity,Wells Fargo,080736569,1187407499,USD,true,2019-06-10T08:40:56+00:00
100,59,,Discover,Bank of America,011553904,15997364350,USD,true,2024-11-26T11:57:49+00:00
101,61,,State Farm Insurance,PNC Bank,070192959,050866109165,USD,true,2018-07-22T10:15:36+00:00
102,63,,Equity Residential,JPMorgan Chase,004939803,504421851203,USD,true,2018-10-08T00:23:27+00:00
103,63,,City Water Dept,Wells Fargo,062653360,564369420754,USD,true,2024-08-05T20:32:37+00:00
104,64,PSEG,PSEG,JPMorgan Chase,025523497,32415688072,USD,true,2023-08-11T03:18:14+00:00
105,64,,Equity Residential,Citibank,085600733,8895018051,USD,true,2023-02-18T03:24:05+00:00
106,64,,Greystar Property Mgmt,Wells Fargo,005119312,4504115822,USD,true,2016-04-21T21:02:41+00:00
107,64,Progressive,Progressive,Citibank,082585774,0298071956,USD,true,2022-04-20T12:18:31+00:00
108,65,,AT&T,Wells Fargo,005285626,558136661880,USD,true,2023-05-12T23:52:30+00:00
109,65,Progressive,Progressive,Wells Fargo,009724598,5521221556,USD,true,2021-12-18T12:10:45+00:00
110,65,,City Water Dept,JPMorgan Chase,031440450,68477562691,USD,true,2023-05-25T20:44:25+00:00
111,66,,Progressive,PNC Bank,042292716,069767558311,USD,true,2024-12-02T22:24:51+00:00
112,66,,Chase Card Services,JPMorgan Chase,008123481,932364511865,USD,true,2025-10-22T14:42:39+00:00
113,66,Sallie,Sallie Mae,Wells Fargo,098176081,07946613030,USD,true,2024-07-15T18:03:32+00:00
114,67,,GEICO,Citibank,035622136,50647209587,USD,true,2024-01-01T23:59:01+00:00
115,71,,Con Edison,Bank of America,060121334,05715195933,USD,true,2026-06-19T23:51:15+00:00
116,73,State,State Farm Insurance,JPMorgan Chase,072513381,63997546823,USD,true,2013-01-25T04:12:46+00:00
117,76,PSEG,PSEG,Wells Fargo,085731259,733405339,USD,true,2024-11-13T05:52:14+00:00
118,76,Chase,Chase Card Services,JPMorgan Chase,090265922,6650937300,USD,true,2026-06-18T01:22:47+00:00
119,77,Greystar,Greystar Property Mgmt,Wells Fargo,016388173,722010328311,USD,true,2025-01-04T18:14:57+00:00
120,77,Equity,Equity Residential,Citibank,010397471,295646947,USD,true,2026-01-27T14:43:31+00:00
121,78,Discover,Discover,JPMorgan Chase,013072060,1028349606,USD,true,2026-05-30T23:11:14+00:00
122,78,,Equity Residential,JPMorgan Chase,016483120,3068125878,USD,true,2026-01-26T07:52:22+00:00
123,79,,Equity Residential,PNC Bank,011025279,0612260614,USD,true,2022-03-08T15:58:37+00:00
124,79,,Duke Energy,JPMorgan Chase,024586413,458231384,USD,true,2022-11-27T17:10:33+00:00
125,80,,Equity Residential,PNC Bank,028733306,77375347474,USD,true,2013-09-27T18:21:47+00:00
126,80,,Comcast Xfinity,PNC Bank,064023055,541212428359,USD,true,2025-10-01T11:20:17+00:00
127,81,AT&T,AT&T,PNC Bank,046106013,403367691,USD,true,2025-07-03T23:03:22+00:00
128,81,,Discover,Citibank,023579100,03316759062,USD,true,2020-08-13T18:47:54+00:00
129,81,,Comcast Xfinity,PNC Bank,007098678,951431658,USD,true,2025-01-25T21:13:10+00:00
130,81,,Con Edison,JPMorgan Chase,055775442,816071721,USD,true,2024-08-22T06:25:14+00:00
131,82,Comcast,Comcast Xfinity,JPMorgan Chase,056639626,795493040648,USD,true,2025-08-11T21:52:44+00:00
132,82,,Con Edison,Wells Fargo,071027043,93964117744,USD,true,2020-06-19T03:31:44+00:00
133,83,Progressive,Progressive,Bank of America,094013611,607599110001,USD,true,2018-05-01T23:24:57+00:00
134,83,,PSEG,JPMorgan Chase,028370254,620283562043,USD,true,2019-12-10T01:52:30+00:00
135,84,,Discover,JPMorgan Chase,089500543,1316587120,USD,true,2019-11-05T09:12:01+00:00
136,85,Chase,Chase Card Services,Wells Fargo,050122320,71320904661,USD,true,2022-12-27T06:08:39+00:00
137,87,Discover,Discover,PNC Bank,029631158,6971716267,USD,true,2017-05-22T20:25:40+00:00
138,87,,Progressive,PNC Bank,082145675,475026158618,USD,true,2020-09-16T12:35:44+00:00
139,88,,Comcast Xfinity,Wells Fargo,061347178,613798867449,USD,true,2020-01-25T19:12:39+00:00
140,88,,Duke Energy,JPMorgan Chase,059737863,2659117996,USD,true,2020-05-29T12:11:36+00:00
141,89,,State Farm Insurance,Bank of America,039117927,388834025,USD,true,2024-08-04T07:20:41+00:00
142,89,,City Water Dept,Bank of America,086263800,8692732108,USD,true,2026-04-05T01:20:55+00:00
143,90,Sallie,Sallie Mae,Wells Fargo,073774243,435648078,USD,true,2021-01-01T23:33:44+00:00
144,90,,GEICO,PNC Bank,094062790,305796438873,USD,true,2022-02-25T05:46:18+00:00
145,94,,AT&T,JPMorgan Chase,034622463,442872231,USD,true,2025-06-04T06:50:22+00:00
146,94,,State Farm Insurance,Bank of America,030400517,294869350495,USD,true,2013-07-15T18:16:54+00:00
147,94,GEICO,GEICO,JPMorgan Chase,036403522,70320361362,USD,true,2013-09-25T16:44:39+00:00
148,96,,Sallie Mae,Wells Fargo,063983843,2481200895,USD,true,2017-04-18T17:20:08+00:00
149,97,State,State Farm Insurance,Wells Fargo,041352623,289810850009,USD,true,2025-12-13T19:48:50+00:00
150,97,Discover,Discover,JPMorgan Chase,019765790,4105031971,USD,true,2025-08-12T17:45:26+00:00
151,99,,State Farm Insurance,PNC Bank,011708786,22385547684,USD,true,2020-12-21T00:20:28+00:00
152,99,Sallie,Sallie Mae,Bank of America,076750635,4470944427,USD,true,2017-10-20T04:03:12+00:00
153,99,GEICO,GEICO,Wells Fargo,040766446,4106192084,USD,true,2019-05-15T10:57:02+00:00
154,101,,Comcast Xfinity,Citibank,012220385,76738429184,USD,true,2023-08-28T04:03:35+00:00
155,102,GEICO,GEICO,Citibank,061223919,8245140653,USD,true,2021-10-31T12:00:29+00:00
156,103,Progressive,Progressive,Wells Fargo,040292665,73167850437,USD,true,2025-11-09T00:38:01+00:00
157,103,,Comcast Xfinity,PNC Bank,044319754,423972801,USD,true,2023-01-09T20:53:35+00:00
158,104,GEICO,GEICO,JPMorgan Chase,087052843,531158707,USD,true,2023-02-18T05:55:55+00:00
159,104,,Progressive,Citibank,091481394,829810860,USD,true,2016-07-15T04:41:53+00:00
160,106,Greystar,Greystar Property Mgmt,Bank of America,044159385,50981814969,USD,true,2011-05-15T09:53:32+00:00
161,106,,Chase Card Services,Bank of America,064533712,5974333434,USD,true,2017-10-24T11:09:35+00:00
162,107,,Equity Residential,Bank of America,011825144,864022948,USD,true,2022-02-25T01:57:36+00:00
163,108,,State Farm Insurance,Wells Fargo,030220484,7287439435,USD,true,2025-09-21T06:46:45+00:00
164,108,,Progressive,JPMorgan Chase,086213181,418071780988,USD,true,2024-03-08T09:07:57+00:00
165,108,,AT&T,JPMorgan Chase,065985417,732342513,USD,true,2016-11-17T23:07:52+00:00
166,108,PSEG,PSEG,PNC Bank,086175560,517394262061,USD,true,2015-01-02T19:29:12+00:00
167,109,,Navient,PNC Bank,094348525,05847085412,USD,true,2023-08-27T04:13:38+00:00
168,109,Chase,Chase Card Services,Citibank,044788438,005073535,USD,true,2022-07-27T09:18:07+00:00
169,110,,City Water Dept,Bank of America,032444925,9579786128,USD,true,2016-04-07T17:45:34+00:00
170,110,,Con Edison,PNC Bank,060034224,25624677516,USD,true,2012-10-28T15:57:40+00:00
171,111,State,State Farm Insurance,JPMorgan Chase,066303174,2116244216,USD,true,2025-10-03T20:01:30+00:00
172,113,,Duke Energy,Wells Fargo,096176004,0408393666,USD,true,2026-06-11T18:56:45+00:00
173,113,,Greystar Property Mgmt,JPMorgan Chase,066260899,55883710355,USD,true,2026-07-01T06:30:12+00:00
174,113,,Sallie Mae,Citibank,084537799,734174047,USD,true,2026-06-18T12:14:13+00:00
175,113,,AT&T,JPMorgan Chase,015929122,13588704320,USD,true,2026-04-15T03:30:58+00:00
176,114,,Navient,Bank of America,080468996,0098865673,USD,true,2026-04-17T03:08:35+00:00
177,114,PSEG,PSEG,PNC Bank,034598408,71752476938,USD,true,2022-07-18T19:01:08+00:00
178,114,,Con Edison,Wells Fargo,095020056,29564262458,USD,true,2024-02-06T09:12:20+00:00
179,114,Progressive,Progressive,Citibank,061347610,54001288014,USD,true,2025-11-24T02:49:28+00:00
180,115,,PSEG,Bank of America,034182452,3880677224,USD,true,2026-05-26T22:26:02+00:00
181,115,,Duke Energy,JPMorgan Chase,033906958,4223101251,USD,true,2020-08-22T14:09:57+00:00
182,117,Equity,Equity Residential,Bank of America,028337070,900302242793,USD,true,2016-11-24T02:03:28+00:00
183,117,,Discover,PNC Bank,016632418,808147841523,USD,true,2015-05-08T07:50:31+00:00
184,117,Con,Con Edison,JPMorgan Chase,058828032,124387017,USD,true,2021-03-08T05:26:56+00:00
185,118,Con,Con Edison,PNC Bank,069314023,784919293372,USD,true,2021-07-19T06:29:59+00:00
186,118,,PSEG,JPMorgan Chase,097459353,50629420476,USD,true,2026-05-07T20:13:21+00:00
187,119,Greystar,Greystar Property Mgmt,Citibank,033011203,514498427788,USD,true,2021-02-03T11:23:34+00:00
188,119,City,City Water Dept,Wells Fargo,057101272,397864516788,USD,true,2020-12-01T18:28:08+00:00
189,120,,City Water Dept,JPMorgan Chase,050518097,7013150806,USD,true,2025-05-04T21:22:22+00:00
190,120,Greystar,Greystar Property Mgmt,Wells Fargo,027297416,2782223423,USD,true,2025-03-30T06:31:11+00:00
191,122,,GEICO,Citibank,022309708,1268213342,USD,true,2023-10-23T19:09:50+00:00
192,123,,Progressive,Wells Fargo,037436227,398270066,USD,true,2021-03-28T09:12:50+00:00
193,124,AT&T,AT&T,JPMorgan Chase,029439729,422793462,USD,true,2013-06-14T14:54:24+00:00
194,125,Progressive,Progressive,Wells Fargo,090752275,75888714365,USD,true,2021-02-21T16:22:32+00:00
195,125,Discover,Discover,Citibank,039347977,032884044,USD,true,2021-06-09T02:26:54+00:00
196,126,,City Water Dept,Citibank,065659486,36792089456,USD,true,2019-01-20T00:01:29+00:00
197,126,,Greystar Property Mgmt,Wells Fargo,012107576,918826617013,USD,true,2012-09-19T07:27:26+00:00
198,126,Discover,Discover,JPMorgan Chase,063530049,652297828075,USD,true,2016-09-28T15:33:42+00:00
199,127,Discover,Discover,Wells Fargo,035948279,168213385166,USD,true,2023-11-23T18:04:40+00:00
200,127,,City Water Dept,Wells Fargo,031849832,4134570817,USD,true,2018-01-17T00:13:46+00:00
201,129,,Progressive,Bank of America,075343370,479945530952,USD,true,2019-04-01T04:04:49+00:00
202,129,,Greystar Property Mgmt,Wells Fargo,076138007,56347438288,USD,true,2018-11-28T20:52:24+00:00
203,130,,Sallie Mae,Bank of America,025997854,4555041587,USD,true,2021-03-19T09:48:33+00:00
204,131,,AT&T,Bank of America,090480606,6792449392,USD,true,2025-12-13T19:36:06+00:00
205,132,,GEICO,Bank of America,031820594,04684089409,USD,true,2024-12-27T06:40:33+00:00
206,132,Sallie,Sallie Mae,Bank of America,043474797,79782686245,USD,true,2025-06-30T09:34:20+00:00
207,133,Navient,Navient,JPMorgan Chase,083140916,714727039,USD,true,2024-07-25T03:18:21+00:00
208,134,,Progressive,Bank of America,039549836,533622967,USD,true,2026-05-22T09:50:22+00:00
209,134,,City Water Dept,JPMorgan Chase,075063795,32554904184,USD,true,2020-07-15T21:36:52+00:00
210,134,State,State Farm Insurance,JPMorgan Chase,058623914,39677434146,USD,true,2017-11-30T00:07:07+00:00
211,136,Navient,Navient,Wells Fargo,071701645,527352901,USD,true,2017-11-27T07:26:03+00:00
212,136,State,State Farm Insurance,PNC Bank,033436948,64594450040,USD,true,2018-10-16T11:08:54+00:00
213,137,Chase,Chase Card Services,Citibank,017767525,003499411529,USD,true,2024-12-17T14:50:16+00:00
214,137,Duke,Duke Energy,Bank of America,092644087,410867240,USD,true,2016-10-03T04:57:07+00:00
215,138,,State Farm Insurance,PNC Bank,030546587,787476851932,USD,true,2026-07-28T07:08:29+00:00
216,138,,Discover,Wells Fargo,098632730,1129829883,USD,true,2026-08-05T09:19:27+00:00
217,139,,Navient,Bank of America,080416993,37697086329,USD,true,2019-10-30T14:11:21+00:00
218,139,,AT&T,Bank of America,056758499,3197436271,USD,true,2025-05-23T21:09:25+00:00
219,139,,City Water Dept,Wells Fargo,041722282,3048678288,USD,true,2019-02-20T17:42:24+00:00
220,140,,State Farm Insurance,PNC Bank,053783817,49623402164,USD,true,2023-02-01T22:04:37+00:00
221,141,,AT&T,Citibank,066719343,2986248292,USD,true,2022-05-06T01:21:59+00:00
222,141,,Sallie Mae,PNC Bank,029432277,115235781481,USD,true,2018-05-19T14:45:17+00:00
223,142,,GEICO,Bank of America,080205405,582799140418,USD,true,2025-10-15T02:04:23+00:00
224,142,,State Farm Insurance,Wells Fargo,069056381,040045525,USD,true,2025-02-11T12:59:00+00:00
225,143,State,State Farm Insurance,Wells Fargo,026546067,7926888334,USD,true,2023-04-30T08:56:14+00:00
226,144,Sallie,Sallie Mae,Wells Fargo,058096969,309567550376,USD,true,2026-06-09T04:00:26+00:00
227,145,,Navient,PNC Bank,047891331,900746286911,USD,true,2019-05-26T11:32:11+00:00
228,145,,GEICO,PNC Bank,005068359,877663161986,USD,true,2019-01-14T23:54:24+00:00
229,145,Progressive,Progressive,Wells Fargo,040537676,0415106125,USD,true,2022-03-13T00:22:59+00:00
230,146,,Con Edison,Wells Fargo,020605791,934121488,USD,true,2025-06-29T07:25:44+00:00
231,146,,State Farm Insurance,Wells Fargo,051457958,60560737711,USD,true,2023-03-14T21:20:35+00:00
232,147,,City Water Dept,Bank of America,088242051,125322061941,USD,true,2025-08-29T01:02:37+00:00
233,148,,Navient,PNC Bank,073714421,14020921028,USD,true,2021-08-02T17:39:46+00:00
234,149,City,City Water Dept,Citibank,034863557,77543729541,USD,true,2018-04-27T14:30:18+00:00
235,150,,Discover,JPMorgan Chase,025211165,973665408,USD,true,2023-03-09T01:08:59+00:00
236,150,,Progressive,JPMorgan Chase,000438652,2684186053,USD,true,2026-08-16T06:56:42+00:00
237,150,,Greystar Property Mgmt,Citibank,090090583,481369565656,USD,true,2024-07-31T01:55:13+00:00
238,151,,Greystar Property Mgmt,Wells Fargo,066330806,254373167698,USD,true,2026-05-21T07:23:33+00:00
239,151,,GEICO,PNC Bank,075146462,062510482801,USD,true,2022-05-18T20:56:50+00:00
240,153,Sallie,Sallie Mae,Wells Fargo,074546962,62648973012,USD,true,2016-11-01T13:40:42+00:00
241,154,Sallie,Sallie Mae,Wells Fargo,031995663,26979553606,USD,true,2025-06-24T05:57:13+00:00
242,155,Greystar,Greystar Property Mgmt,Citibank,049621973,658860812,USD,true,2020-10-08T16:31:22+00:00
243,155,Equity,Equity Residential,Bank of America,051133980,9772709416,USD,true,2017-09-24T22:18:09+00:00
244,155,Duke,Duke Energy,Wells Fargo,084061577,36356190628,USD,true,2021-10-02T04:49:17+00:00
245,156,,Con Edison,Bank of America,036006514,168031413,USD,true,2020-11-06T04:55:59+00:00
246,157,,Con Edison,Citibank,075926123,64040798206,USD,true,2024-10-02T21:41:49+00:00
247,157,,Sallie Mae,Wells Fargo,033150674,9264207121,USD,true,2017-04-10T22:15:00+00:00
248,157,AT&T,AT&T,Citibank,013871279,0839715348,USD,true,2020-10-27T05:53:41+00:00
249,158,,Progressive,Wells Fargo,071340834,975713495522,USD,true,2025-03-18T07:13:47+00:00
250,158,GEICO,GEICO,JPMorgan Chase,057650076,4491422347,USD,true,2026-05-19T18:17:15+00:00
251,158,,Con Edison,JPMorgan Chase,019057418,7932154409,USD,true,2025-08-25T19:27:45+00:00
252,159,,AT&T,Wells Fargo,087418269,19989052698,USD,true,2026-04-05T07:20:19+00:00
253,159,,Comcast Xfinity,JPMorgan Chase,014887108,695625146,USD,true,2025-09-30T13:06:20+00:00
254,161,,City Water Dept,JPMorgan Chase,058926962,31777181306,USD,true,2020-12-18T16:12:11+00:00
255,161,,Discover,Bank of America,012126831,4231966005,USD,true,2025-07-02T00:56:46+00:00
256,161,,AT&T,Citibank,087499453,311029036,USD,true,2025-08-10T00:18:36+00:00
257,161,,Chase Card Services,JPMorgan Chase,068407415,98387731879,USD,true,2021-01-30T19:10:57+00:00
258,162,Greystar,Greystar Property Mgmt,Bank of America,087811138,27858210626,USD,true,2021-08-29T15:40:06+00:00
259,163,,Con Edison,Citibank,012624088,9260262498,USD,true,2024-10-31T18:42:14+00:00
260,163,Equity,Equity Residential,JPMorgan Chase,072495804,695302033154,USD,true,2025-08-10T01:58:56+00:00
261,164,GEICO,GEICO,Citibank,013938509,379703549,USD,true,2026-09-02T07:20:05+00:00
262,164,,AT&T,Wells Fargo,015751405,444537600677,USD,true,2017-07-11T23:14:52+00:00
263,167,,Equity Residential,Bank of America,033066551,62126137164,USD,true,2019-07-17T23:42:50+00:00
264,169,,Navient,JPMorgan Chase,003248734,570007116,USD,true,2016-02-14T06:24:54+00:00
265,169,,State Farm Insurance,Citibank,091741870,861487314,USD,true,2024-09-25T16:42:05+00:00
266,170,,Greystar Property Mgmt,Wells Fargo,060104755,753143017,USD,true,2020-04-23T01:45:33+00:00
267,170,,PSEG,Wells Fargo,011065839,85277282897,USD,true,2025-05-17T15:15:36+00:00
268,174,Comcast,Comcast Xfinity,JPMorgan Chase,058551228,449488709346,USD,true,2020-01-12T22:29:16+00:00
269,174,PSEG,PSEG,PNC Bank,074484699,093636620570,USD,true,2022-12-20T04:56:24+00:00
270,176,,Comcast Xfinity,PNC Bank,042787718,1278161316,USD,true,2022-03-18T02:10:00+00:00
271,176,State,State Farm Insurance,Wells Fargo,088813999,01785566572,USD,true,2020-06-27T07:42:05+00:00
272,176,,GEICO,Citibank,000712083,1332412549,USD,true,2024-04-02T21:46:21+00:00
273,176,,City Water Dept,JPMorgan Chase,060133483,53681909877,USD,true,2016-04-03T16:18:22+00:00
274,177,,State Farm Insurance,Bank of America,067496717,9471250937,USD,true,2026-05-27T18:32:40+00:00
275,178,Chase,Chase Card Services,JPMorgan Chase,000911169,537754628,USD,true,2015-04-30T17:46:03+00:00
276,178,,Navient,Citibank,040616325,839677572985,USD,true,2018-06-17T00:13:25+00:00
277,178,,Progressive,PNC Bank,040714994,189162152938,USD,true,2025-11-14T00:11:09+00:00
278,179,,AT&T,Citibank,023141043,68715612206,USD,true,2022-06-06T04:19:24+00:00
279,180,Con,Con Edison,Wells Fargo,067155569,50467655056,USD,true,2019-03-09T16:33:42+00:00
280,180,Discover,Discover,PNC Bank,005723642,7483092907,USD,true,2022-01-27T16:47:55+00:00
281,180,Sallie,Sallie Mae,Citibank,067146231,511822248,USD,true,2019-08-17T23:01:01+00:00
282,182,,Discover,PNC Bank,084581950,2771131517,USD,true,2022-01-14T08:30:01+00:00
283,182,,Navient,JPMorgan Chase,067882355,51353275923,USD,true,2011-11-26T11:41:57+00:00
284,183,,Discover,Bank of America,051994036,8097878514,USD,true,2026-06-21T20:35:35+00:00
285,183,,Comcast Xfinity,PNC Bank,053885285,38664709863,USD,true,2026-03-13T11:52:38+00:00
286,184,,Navient,Citibank,067943391,595642231449,USD,true,2025-05-30T01:17:48+00:00
287,185,,Sallie Mae,Wells Fargo,008172251,803972781962,USD,true,2021-07-24T13:30:25+00:00
288,185,,AT&T,Bank of America,036495699,17578401366,USD,true,2024-01-06T12:34:37+00:00
289,185,Discover,Discover,Bank of America,022063366,06602759454,USD,true,2020-10-20T10:32:12+00:00
290,186,Comcast,Comcast Xfinity,Citibank,025337982,0530816957,USD,true,2025-05-28T06:43:59+00:00
291,186,,Chase Card Services,JPMorgan Chase,087230748,4598305122,USD,true,2022-07-09T10:13:29+00:00
292,186,,State Farm Insurance,PNC Bank,006387076,8159218169,USD,true,2025-10-10T16:12:23+00:00
293,187,,AT&T,JPMorgan Chase,077525744,6415748086,USD,true,2019-05-30T14:27:47+00:00
294,187,,Progressive,Bank of America,063164894,593536103,USD,true,2023-04-20T18:43:07+00:00
295,187,Chase,Chase Card Services,Citibank,087487168,4456902005,USD,true,2023-07-10T06:14:46+00:00
296,187,GEICO,GEICO,Bank of America,033164009,7965891497,USD,true,2021-07-20T21:21:26+00:00
297,188,Sallie,Sallie Mae,Wells Fargo,065190170,499383797,USD,true,2022-12-03T04:09:19+00:00
298,188,Equity,Equity Residential,Bank of America,085708470,0797700425,USD,true,2025-09-01T00:27:56+00:00
299,189,Navient,Navient,Wells Fargo,027695959,341074430320,USD,true,2025-01-04T15:47:47+00:00
300,189,,Discover,Citibank,081401841,1864223596,USD,true,2025-07-22T04:25:47+00:00
301,190,,State Farm Insurance,JPMorgan Chase,005396245,897548294,USD,true,2025-08-10T14:08:23+00:00
302,191,,Equity Residential,Wells Fargo,087126343,26724371408,USD,true,2017-02-10T11:27:49+00:00
303,191,AT&T,AT&T,PNC Bank,028663188,929015440140,USD,true,2013-03-25T08:20:40+00:00
304,191,,State Farm Insurance,Bank of America,015250306,0646417313,USD,true,2012-11-20T13:11:17+00:00
305,192,,Sallie Mae,Bank of America,058099451,672681110414,USD,true,2024-08-13T11:26:53+00:00
306,192,,PSEG,Wells Fargo,051749064,463511401908,USD,true,2018-11-02T19:53:16+00:00
307,194,Sallie,Sallie Mae,Citibank,048539316,389557179436,USD,true,2023-10-21T01:22:58+00:00
308,194,,State Farm Insurance,Wells Fargo,055323276,337918025022,USD,true,2015-03-27T13:37:18+00:00
309,194,,Greystar Property Mgmt,Citibank,066528268,481312243,USD,true,2014-03-12T08:29:49+00:00
310,195,AT&T,AT&T,Citibank,004968564,441322071084,USD,true,2025-05-10T03:18:34+00:00
311,196,,State Farm Insurance,PNC Bank,025658920,8488159061,USD,true,2020-05-05T21:31:12+00:00
312,196,,Con Edison,Citibank,092922147,26484764173,USD,true,2021-10-26T07:24:41+00:00
313,197,Greystar,Greystar Property Mgmt,PNC Bank,014108871,8346188452,USD,true,2017-09-18T09:15:55+00:00
314,197,,Navient,Citibank,043452434,680170838797,USD,true,2026-03-04T03:40:50+00:00
315,198,,State Farm Insurance,Citibank,000408536,217575146,USD,true,2025-03-05T10:00:49+00:00
316,198,Sallie,Sallie Mae,Wells Fargo,095460765,823145761,USD,true,2017-09-14T16:26:18+00:00
317,198,,Equity Residential,Wells Fargo,010225144,464841326971,USD,true,2015-12-12T05:02:45+00:00
318,198,,Con Edison,Citibank,079328589,642715701639,USD,true,2020-03-31T01:37:16+00:00
319,199,,Comcast Xfinity,PNC Bank,043665119,22747319874,USD,true,2020-04-07T08:24:34+00:00
320,200,,Sallie Mae,PNC Bank,006215272,381855695457,USD,true,2022-03-22T11:08:57+00:00
321,200,,GEICO,JPMorgan Chase,017526143,22079827307,USD,true,2023-01-07T16:10:46+00:00
322,200,AT&T,AT&T,Bank of America,022070538,42026349607,USD,true,2025-12-11T12:34:01+00:00
323,201,,Discover,JPMorgan Chase,008519416,2103155383,USD,true,2026-01-06T02:23:41+00:00
324,202,Greystar,Greystar Property Mgmt,Wells Fargo,016153909,83022377964,USD,true,2024-12-29T18:28:26+00:00
325,202,Duke,Duke Energy,Wells Fargo,043912098,237170354,USD,true,2017-02-26T01:53:37+00:00
326,203,,State Farm Insurance,PNC Bank,080719999,3196407601,USD,true,2024-05-28T10:09:46+00:00
327,204,Greystar,Greystar Property Mgmt,Wells Fargo,050043854,28691413270,USD,true,2015-12-16T13:21:35+00:00
328,204,,PSEG,PNC Bank,043917988,303231109,USD,true,2024-10-03T08:35:08+00:00
329,204,,Duke Energy,Wells Fargo,038788124,9565635972,USD,true,2016-06-07T12:04:32+00:00
330,204,,Progressive,PNC Bank,093123680,929756988,USD,true,2019-04-28T08:00:33+00:00
331,205,State,State Farm Insurance,Bank of America,064714948,97469237601,USD,true,2011-02-24T05:33:27+00:00
332,206,,State Farm Insurance,Citibank,079434330,780489072,USD,true,2011-07-24T17:53:44+00:00
333,206,Duke,Duke Energy,Bank of America,093122865,83512042563,USD,true,2019-03-30T11:11:18+00:00
334,206,,Comcast Xfinity,PNC Bank,044312166,909079396,USD,true,2014-08-01T09:23:53+00:00
335,207,State,State Farm Insurance,JPMorgan Chase,090682875,00762599621,USD,true,2023-06-14T03:13:25+00:00
336,207,Discover,Discover,Wells Fargo,049261429,51948675683,USD,true,2023-06-06T00:43:12+00:00
337,208,,Sallie Mae,Citibank,063331932,33824660937,USD,true,2026-07-28T00:52:06+00:00
338,208,,City Water Dept,PNC Bank,032820152,506752018603,USD,true,2014-04-19T15:07:05+00:00
339,208,AT&T,AT&T,JPMorgan Chase,021446546,49986906522,USD,true,2020-11-27T12:55:26+00:00
340,208,GEICO,GEICO,Citibank,072043818,41214556644,USD,true,2020-10-28T14:23:27+00:00
341,209,,AT&T,Citibank,057720086,050804589542,USD,true,2012-04-04T03:05:36+00:00
342,209,,Navient,Bank of America,085231586,998322428,USD,true,2016-04-23T10:24:30+00:00
343,209,,Discover,PNC Bank,049738663,6160107945,USD,true,2019-01-12T18:32:53+00:00
344,210,GEICO,GEICO,Bank of America,009854994,15795619572,USD,true,2026-06-30T21:44:14+00:00
345,210,,Equity Residential,Citibank,017894023,667654388,USD,true,2019-12-22T20:22:17+00:00
346,210,,PSEG,Bank of America,053805339,43265882768,USD,true,2023-08-25T06:26:47+00:00
347,211,City,City Water Dept,Wells Fargo,081508850,00299907765,USD,true,2021-10-08T00:15:17+00:00
348,211,,AT&T,JPMorgan Chase,082807271,358674280588,USD,true,2022-10-23T04:44:15+00:00
349,211,Con,Con Edison,Citibank,069150301,91371283790,USD,true,2024-06-04T19:34:22+00:00
350,212,Equity,Equity Residential,Citibank,000273636,793589441,USD,true,2025-10-26T00:31:11+00:00
351,212,Discover,Discover,JPMorgan Chase,043725980,494192289,USD,true,2018-09-19T18:59:24+00:00
352,212,,Comcast Xfinity,PNC Bank,028502745,940606783703,USD,true,2022-03-03T22:51:34+00:00
353,214,Chase,Chase Card Services,JPMorgan Chase,093968762,712237392,USD,true,2017-02-01T07:04:25+00:00
354,215,AT&T,AT&T,PNC Bank,020307508,57026607902,USD,true,2021-09-18T18:52:55+00:00
355,216,,Equity Residential,PNC Bank,098078122,1604901892,USD,true,2024-09-11T13:01:41+00:00
356,216,,AT&T,JPMorgan Chase,065003991,156834347113,USD,true,2011-02-24T04:12:27+00:00
357,217,Progressive,Progressive,JPMorgan Chase,051395921,74681620268,USD,true,2021-02-26T18:26:21+00:00
358,217,,Comcast Xfinity,Wells Fargo,083715713,406924711,USD,true,2026-05-17T17:28:34+00:00
359,217,Sallie,Sallie Mae,PNC Bank,023517358,957244937,USD,true,2024-11-21T07:29:51+00:00
360,217,Navient,Navient,Wells Fargo,063131086,5560499176,USD,true,2017-09-17T16:27:56+00:00
361,220,,City Water Dept,Citibank,054941771,75823165864,USD,true,2025-09-02T09:52:05+00:00
362,220,Progressive,Progressive,JPMorgan Chase,070260163,804743694680,USD,true,2016-07-22T08:42:40+00:00
363,221,,City Water Dept,JPMorgan Chase,054635412,530538637725,USD,true,2026-05-21T07:41:43+00:00
364,221,Comcast,Comcast Xfinity,PNC Bank,039291461,968512673,USD,true,2025-06-19T08:30:35+00:00
365,221,State,State Farm Insurance,Wells Fargo,090869439,83740255284,USD,true,2026-01-14T02:34:35+00:00
366,222,Chase,Chase Card Services,Citibank,000353240,457688335,USD,true,2026-04-09T11:15:21+00:00
367,222,Progressive,Progressive,Bank of America,016607735,8667378868,USD,true,2026-05-03T11:03:32+00:00
368,222,GEICO,GEICO,Bank of America,067197131,20923267722,USD,true,2026-03-23T10:00:40+00:00
369,223,Duke,Duke Energy,Bank of America,076723230,29075681881,USD,true,2025-07-01T06:26:53+00:00
370,224,,Progressive,Bank of America,095577443,7696190169,USD,true,2026-03-03T08:49:03+00:00
371,224,,Chase Card Services,PNC Bank,021098306,92450049687,USD,true,2026-08-27T12:42:52+00:00
372,225,,Duke Energy,Bank of America,008936165,222700261,USD,true,2013-04-25T11:31:37+00:00
373,225,,AT&T,Wells Fargo,066953434,295064600155,USD,true,2026-08-09T07:57:20+00:00
374,226,,Navient,PNC Bank,016607286,986583098,USD,true,2021-11-10T12:57:07+00:00
375,226,,Chase Card Services,Bank of America,036641650,07656738575,USD,true,2019-01-26T09:15:46+00:00
376,227,,Comcast Xfinity,Wells Fargo,017145224,4149109053,USD,true,2026-03-27T14:24:30+00:00
377,227,,Discover,JPMorgan Chase,090400448,41817693508,USD,true,2026-03-12T13:45:49+00:00
378,227,,Chase Card Services,Citibank,037006587,68923379206,USD,true,2026-01-20T19:26:26+00:00
379,227,Navient,Navient,Bank of America,038076968,97290064384,USD,true,2026-04-18T07:49:57+00:00
380,228,,Sallie Mae,Wells Fargo,028239637,916388887,USD,true,2025-11-06T16:43:14+00:00
381,228,,City Water Dept,PNC Bank,005276833,73548669142,USD,true,2026-04-22T18:59:00+00:00
382,228,,Con Edison,Wells Fargo,055425552,992853387,USD,true,2022-12-13T06:31:22+00:00
383,229,GEICO,GEICO,PNC Bank,065758240,0834158583,USD,true,2024-11-01T09:17:40+00:00
384,231,,Comcast Xfinity,PNC Bank,093660554,37829159507,USD,true,2025-03-05T16:05:15+00:00
385,231,,Con Edison,Wells Fargo,016278543,74290578958,USD,true,2025-07-25T01:35:55+00:00
386,232,,State Farm Insurance,Bank of America,042952494,672696191238,USD,true,2021-07-18T16:13:21+00:00
387,233,GEICO,GEICO,Bank of America,005083357,042585386835,USD,true,2018-08-01T21:40:36+00:00
388,233,Progressive,Progressive,Wells Fargo,011903596,375638856853,USD,true,2025-11-29T04:31:28+00:00
389,233,Sallie,Sallie Mae,Wells Fargo,019355649,292778236,USD,true,2017-12-11T06:29:36+00:00
390,233,,PSEG,Wells Fargo,081314344,20424939768,USD,true,2018-12-09T14:25:03+00:00
391,235,,AT&T,Citibank,048490004,60322969893,USD,true,2010-12-04T14:28:33+00:00
392,237,,State Farm Insurance,Citibank,014566250,282516465301,USD,true,2014-12-08T20:05:33+00:00
393,237,Navient,Navient,Citibank,093844043,775152566,USD,true,2019-07-31T12:47:18+00:00
394,237,Equity,Equity Residential,PNC Bank,028852530,021673804,USD,true,2016-12-07T05:00:32+00:00
395,238,PSEG,PSEG,Bank of America,076778391,01838440390,USD,true,2023-12-31T07:08:10+00:00
396,239,,Navient,JPMorgan Chase,010349024,255906188722,USD,true,2026-02-01T11:43:02+00:00
397,239,,Con Edison,Wells Fargo,035303362,798328916612,USD,true,2025-08-31T16:39:09+00:00
398,240,,Navient,Citibank,068118243,932832557444,USD,true,2020-01-24T06:28:39+00:00
399,241,Greystar,Greystar Property Mgmt,Bank of America,056935838,5410326788,USD,true,2026-01-09T17:44:10+00:00
400,241,,Sallie Mae,Wells Fargo,079661136,014444104868,USD,true,2026-09-16T08:09:11+00:00
401,242,,AT&T,PNC Bank,090637661,1448906593,USD,true,2019-01-26T03:38:02+00:00
402,243,Greystar,Greystar Property Mgmt,JPMorgan Chase,079301318,057169943,USD,true,2017-06-05T18:47:30+00:00
403,243,,AT&T,Wells Fargo,091856863,748475862187,USD,true,2019-07-08T06:49:46+00:00
404,244,Discover,Discover,JPMorgan Chase,054065704,22458527713,USD,true,2017-04-17T09:15:52+00:00
405,244,,City Water Dept,JPMorgan Chase,005976181,01551334123,USD,true,2017-06-29T09:45:39+00:00
406,245,,Discover,Wells Fargo,015033775,74746738960,USD,true,2025-12-26T05:32:33+00:00
407,245,,Con Edison,PNC Bank,000320660,31771228044,USD,true,2025-08-04T02:10:43+00:00
408,246,,Navient,JPMorgan Chase,024166070,299895534,USD,true,2024-10-31T03:05:56+00:00
409,246,Duke,Duke Energy,PNC Bank,057568346,8227789348,USD,true,2023-10-18T21:28:03+00:00
410,246,Discover,Discover,JPMorgan Chase,043333620,48900019093,USD,true,2024-07-03T20:28:14+00:00
411,246,,PSEG,Wells Fargo,087614731,322063399534,USD,true,2026-04-11T07:42:24+00:00
412,247,,GEICO,Bank of America,010345556,0145307300,USD,true,2020-02-24T18:33:11+00:00
413,247,,Sallie Mae,Bank of America,022900773,376555044622,USD,true,2025-03-26T16:14:33+00:00
414,248,,GEICO,Citibank,003699950,75380299912,USD,true,2025-03-16T21:18:32+00:00
415,248,,Progressive,Wells Fargo,002802137,264011662892,USD,true,2026-02-26T01:35:06+00:00
416,248,,Equity Residential,PNC Bank,079308155,550786130,USD,true,2026-01-23T00:38:52+00:00
417,248,Comcast,Comcast Xfinity,PNC Bank,085850019,769209907278,USD,true,2026-06-07T06:46:42+00:00
418,249,,Chase Card Services,Wells Fargo,009085253,946308964,USD,true,2017-06-24T16:04:45+00:00
419,250,,Greystar Property Mgmt,PNC Bank,069624343,1349992554,USD,true,2026-07-26T16:14:13+00:00
420,250,,Duke Energy,Citibank,095952898,216722340,USD,true,2024-12-22T00:15:11+00:00
421,250,,Comcast Xfinity,Wells Fargo,028795737,637599532,USD,true,2023-10-23T14:10:41+00:00
422,252,City,City Water Dept,Bank of America,046689670,6136173696,USD,true,2017-08-13T08:57:25+00:00
423,253,,Duke Energy,Wells Fargo,054035687,7429129304,USD,true,2019-07-07T18:10:26+00:00
424,254,Chase,Chase Card Services,PNC Bank,031130126,1550017922,USD,true,2013-05-08T18:00:11+00:00
425,255,,Duke Energy,Wells Fargo,056641877,429488064068,USD,true,2025-06-12T18:16:42+00:00
426,255,,Navient,Wells Fargo,058069841,34959795823,USD,true,2020-11-15T21:21:39+00:00
427,256,,City Water Dept,Citibank,024711464,277208079483,USD,true,2015-05-31T22:55:54+00:00
428,256,Equity,Equity Residential,Citibank,055381060,661281641320,USD,true,2026-02-12T03:00:24+00:00
429,257,,Navient,Citibank,096358791,212959160,USD,true,2026-02-06T05:55:19+00:00
430,257,Discover,Discover,JPMorgan Chase,039989897,05215257419,USD,true,2024-05-22T05:14:41+00:00
431,257,AT&T,AT&T,Citibank,022915349,61919878758,USD,true,2024-11-11T01:53:18+00:00
432,257,Progressive,Progressive,JPMorgan Chase,027356235,261002703,USD,true,2022-09-27T15:34:30+00:00
433,258,,AT&T,Bank of America,014425105,110900537,USD,true,2026-07-08T14:53:38+00:00
434,259,,Sallie Mae,Wells Fargo,009861720,9288322983,USD,true,2024-08-14T10:33:43+00:00
435,259,,State Farm Insurance,PNC Bank,074612202,70731971757,USD,true,2024-11-03T21:51:32+00:00
436,259,,City Water Dept,Wells Fargo,062837960,756637637,USD,true,2024-04-15T08:55:36+00:00
437,260,,Chase Card Services,PNC Bank,033547247,018915991,USD,true,2016-07-19T20:04:47+00:00
438,260,,Greystar Property Mgmt,PNC Bank,008568861,155535135,USD,true,2015-02-17T09:45:39+00:00
439,260,Navient,Navient,PNC Bank,092076673,988996842,USD,true,2019-11-16T19:34:13+00:00
440,260,Equity,Equity Residential,Bank of America,075846627,344962278761,USD,true,2024-04-17T06:51:13+00:00
441,262,AT&T,AT&T,Bank of America,087057085,109134342966,USD,true,2022-12-14T18:14:57+00:00
442,262,Navient,Navient,Wells Fargo,043121886,518216420009,USD,true,2025-12-10T11:26:51+00:00
443,262,,PSEG,Wells Fargo,009878693,728099578,USD,true,2023-06-19T22:23:21+00:00
444,265,State,State Farm Insurance,Wells Fargo,010103536,048476973971,USD,true,2026-07-12T08:52:35+00:00
445,265,,PSEG,PNC Bank,064799090,742235029,USD,true,2017-07-27T11:52:17+00:00
446,267,,City Water Dept,Wells Fargo,013930232,929149673310,USD,true,2018-09-26T08:13:54+00:00
447,267,,GEICO,JPMorgan Chase,060096214,5948058691,USD,true,2019-10-17T12:38:11+00:00
448,268,Chase,Chase Card Services,Citibank,095639387,6516048691,USD,true,2020-05-08T13:12:16+00:00
449,269,,Con Edison,Bank of America,029065822,821135916,USD,true,2025-06-18T22:11:13+00:00
450,269,,Greystar Property Mgmt,Bank of America,013657059,9482929847,USD,true,2025-04-26T23:13:12+00:00
451,270,,Comcast Xfinity,Citibank,083501692,39336159072,USD,true,2024-03-07T15:09:33+00:00
452,271,Sallie,Sallie Mae,Citibank,066716255,62665781657,USD,true,2023-02-14T14:01:17+00:00
453,271,State,State Farm Insurance,PNC Bank,045802821,40210192370,USD,true,2023-04-01T19:22:59+00:00
454,272,,Greystar Property Mgmt,Wells Fargo,026691914,5726521365,USD,true,2025-09-18T19:45:14+00:00
455,272,Duke,Duke Energy,Wells Fargo,024394351,684006586,USD,true,2024-11-26T20:14:23+00:00
456,272,Con,Con Edison,PNC Bank,015843587,149188243,USD,true,2025-02-16T15:56:16+00:00
457,273,Comcast,Comcast Xfinity,JPMorgan Chase,067580064,6227712102,USD,true,2026-07-25T15:17:07+00:00
458,273,Duke,Duke Energy,Wells Fargo,007432108,56901716454,USD,true,2025-05-18T10:49:50+00:00
459,273,,GEICO,Wells Fargo,041125179,384175022783,USD,true,2020-02-23T16:25:27+00:00
460,274,,City Water Dept,Bank of America,011695236,593922090,USD,true,2020-06-27T13:32:46+00:00
461,274,,Equity Residential,JPMorgan Chase,032400723,12187854270,USD,true,2023-09-15T09:29:26+00:00
462,275,Greystar,Greystar Property Mgmt,Bank of America,020945577,4639904331,USD,true,2011-06-20T16:28:05+00:00
463,275,,Navient,PNC Bank,068207788,527532061,USD,true,2022-12-30T00:30:42+00:00
464,275,,Progressive,JPMorgan Chase,034192711,33974502145,USD,true,2023-11-09T03:45:13+00:00
465,276,,Discover,Wells Fargo,031159745,978664391,USD,true,2026-08-25T02:22:44+00:00
466,276,Duke,Duke Energy,Citibank,032614555,0925408345,USD,true,2025-08-02T11:00:36+00:00
467,276,City,City Water Dept,Bank of America,012919580,70952636274,USD,true,2023-10-08T10:12:08+00:00
468,277,,Con Edison,PNC Bank,022585398,635029983,USD,true,2026-05-07T08:08:16+00:00
469,277,Sallie,Sallie Mae,JPMorgan Chase,055708744,76528683843,USD,true,2024-07-01T02:27:52+00:00
470,278,GEICO,GEICO,Wells Fargo,024761140,343833506,USD,true,2025-01-05T03:57:30+00:00
471,278,,Navient,Citibank,089744469,8717490955,USD,true,2025-03-27T00:45:47+00:00
472,279,,GEICO,Bank of America,029807170,9653217091,USD,true,2026-04-06T02:14:44+00:00
473,279,,Discover,Citibank,017786497,646588949,USD,true,2025-06-07T09:06:21+00:00
474,280,,Equity Residential,Citibank,021475853,704099264369,USD,true,2022-05-27T09:48:36+00:00
475,280,,Progressive,PNC Bank,002585525,516129540,USD,true,2019-05-18T00:46:11+00:00
476,281,Chase,Chase Card Services,Citibank,017955986,983437024,USD,true,2024-05-05T03:36:34+00:00
477,281,,Sallie Mae,PNC Bank,010528358,96330037417,USD,true,2017-02-15T20:53:35+00:00
478,281,,Con Edison,Bank of America,027147787,09602015812,USD,true,2012-09-10T16:34:54+00:00
479,282,Duke,Duke Energy,PNC Bank,087047933,20024263632,USD,true,2011-04-10T12:48:39+00:00
480,282,Progressive,Progressive,Bank of America,061847604,693712183,USD,true,2011-10-12T14:01:00+00:00
481,282,,Sallie Mae,Citibank,053841276,31063815180,USD,true,2023-10-23T22:18:48+00:00
482,283,,Equity Residential,Wells Fargo,049637701,27002100580,USD,true,2024-06-11T17:20:50+00:00
483,283,Sallie,Sallie Mae,PNC Bank,099826261,656804285,USD,true,2024-12-09T03:19:33+00:00
484,284,AT&T,AT&T,Wells Fargo,003885364,71765347383,USD,true,2026-04-04T05:38:29+00:00
485,284,Chase,Chase Card Services,PNC Bank,052141806,471883031011,USD,true,2025-12-05T09:49:00+00:00
486,284,,Greystar Property Mgmt,Citibank,027470542,0985670621,USD,true,2025-10-19T07:31:29+00:00
487,286,Comcast,Comcast Xfinity,Citibank,054464791,76185743866,USD,true,2017-03-26T13:47:11+00:00
488,287,Greystar,Greystar Property Mgmt,PNC Bank,025028458,181853812,USD,true,2025-08-06T10:15:07+00:00
489,287,,Duke Energy,JPMorgan Chase,043831142,100957829419,USD,true,2026-02-12T01:16:36+00:00
490,288,,City Water Dept,PNC Bank,097653045,82721550396,USD,true,2026-08-16T11:24:13+00:00
491,288,,GEICO,JPMorgan Chase,080116820,187406492,USD,true,2025-12-25T15:54:47+00:00
492,290,Sallie,Sallie Mae,Wells Fargo,020735563,202294945131,USD,true,2024-08-03T14:19:43+00:00
493,290,,Duke Energy,PNC Bank,098948474,07173021560,USD,true,2023-12-25T20:56:41+00:00
494,290,,Navient,PNC Bank,013994769,59845762105,USD,true,2018-06-07T20:38:16+00:00
495,290,Progressive,Progressive,PNC Bank,020681065,96138734357,USD,true,2026-01-08T11:40:27+00:00
496,291,,Comcast Xfinity,Citibank,011023470,70472902388,USD,true,2026-08-16T17:36:51+00:00
497,292,,AT&T,PNC Bank,013937292,981876322108,USD,true,2021-07-22T20:42:48+00:00
498,292,Comcast,Comcast Xfinity,PNC Bank,014409300,69482721484,USD,true,2019-03-21T17:16:21+00:00
499,292,,State Farm Insurance,JPMorgan Chase,063462775,142546330,USD,true,2026-02-19T19:42:38+00:00
500,292,Navient,Navient,JPMorgan Chase,072731253,6966146956,USD,true,2025-08-03T10:21:36+00:00
501,293,,Discover,Wells Fargo,014266051,3392033009,USD,true,2015-04-27T09:51:31+00:00
502,293,,Comcast Xfinity,PNC Bank,089893963,1574434288,USD,true,2015-04-29T03:38:17+00:00
503,294,,Greystar Property Mgmt,Wells Fargo,011846298,820107228711,USD,true,2024-12-16T01:21:46+00:00
504,294,,State Farm Insurance,JPMorgan Chase,064887896,833732025,USD,true,2022-05-12T03:44:03+00:00
505,295,,Chase Card Services,Citibank,035396540,02786560741,USD,true,2022-09-22T15:26:39+00:00
506,296,,Con Edison,Citibank,068811342,698419855389,USD,true,2020-08-14T12:32:55+00:00
507,296,GEICO,GEICO,PNC Bank,031750092,5614880193,USD,true,2023-01-02T19:24:24+00:00
508,297,,PSEG,JPMorgan Chase,094349384,71344391593,USD,true,2015-12-13T09:19:47+00:00
509,297,,AT&T,Citibank,067535948,64575262133,USD,true,2016-02-21T22:22:43+00:00
510,297,Progressive,Progressive,Wells Fargo,087960206,415583019,USD,true,2023-02-09T12:06:29+00:00
511,298,,Con Edison,Wells Fargo,016463126,12833109069,USD,true,2022-06-30T02:15:06+00:00
512,298,,Sallie Mae,Citibank,029512494,092189000913,USD,true,2012-06-25T08:14:44+00:00
513,298,,Duke Energy,PNC Bank,025311292,0472700318,USD,true,2010-01-05T11:45:25+00:00
514,298,,Discover,JPMorgan Chase,051325052,303465855502,USD,true,2017-02-12T22:34:25+00:00
515,299,,Sallie Mae,Bank of America,043604116,03740860045,USD,true,2021-11-27T02:28:01+00:00
516,299,,GEICO,PNC Bank,012664972,8443761092,USD,true,2022-09-26T14:58:24+00:00
517,299,Progressive,Progressive,Citibank,059445289,791488134,USD,true,2024-03-27T04:37:08+00:00
518,299,,PSEG,JPMorgan Chase,015791927,912684716711,USD,true,2026-05-20T07:17:39+00:00
519,301,,State Farm Insurance,Citibank,000798510,921804399692,USD,true,2019-11-19T22:40:51+00:00
520,301,,PSEG,Bank of America,071769341,317523035,USD,true,2020-08-25T07:15:16+00:00
521,301,,AT&T,JPMorgan Chase,026024865,966357346232,USD,true,2015-03-23T23:06:36+00:00
522,303,,PSEG,Wells Fargo,016824197,753328409394,USD,true,2025-05-10T02:21:40+00:00
523,303,,Equity Residential,PNC Bank,023503335,65641816230,USD,true,2026-05-29T08:30:31+00:00
524,304,Equity,Equity Residential,PNC Bank,092707864,891008729,USD,true,2022-02-27T19:53:02+00:00
525,304,Sallie,Sallie Mae,Citibank,024299908,63967739232,USD,true,2026-02-17T07:39:25+00:00
526,305,Sallie,Sallie Mae,Citibank,051126836,3174301719,USD,true,2018-04-28T04:05:31+00:00
527,306,,Chase Card Services,Citibank,091065172,458099741649,USD,true,2022-09-11T11:51:09+00:00
528,306,,Duke Energy,Citibank,027305598,319426021812,USD,true,2017-09-25T10:54:59+00:00
529,306,PSEG,PSEG,JPMorgan Chase,099578580,90016780739,USD,true,2017-06-24T14:51:12+00:00
530,306,,State Farm Insurance,Bank of America,056238123,778401688972,USD,true,2026-06-28T18:14:22+00:00
531,307,,GEICO,Wells Fargo,074856133,662628734487,USD,true,2022-06-18T09:45:27+00:00
532,307,,AT&T,PNC Bank,062198210,121785901260,USD,true,2018-01-02T18:58:04+00:00
533,307,,Duke Energy,Wells Fargo,025324842,0599147092,USD,true,2011-11-29T06:15:34+00:00
534,307,Discover,Discover,PNC Bank,065064829,37961357826,USD,true,2025-04-19T17:22:45+00:00
535,308,,Greystar Property Mgmt,Wells Fargo,018329416,1168669890,USD,true,2025-02-12T19:06:06+00:00
536,308,,Duke Energy,Citibank,094951686,04050922772,USD,true,2018-08-09T16:25:49+00:00
537,308,Equity,Equity Residential,Bank of America,086634532,0047031941,USD,true,2024-04-13T08:55:30+00:00
538,309,Greystar,Greystar Property Mgmt,Citibank,064443354,84246708450,USD,true,2021-05-31T15:52:30+00:00
539,309,,Comcast Xfinity,Citibank,043737121,56981104748,USD,true,2017-02-08T11:47:11+00:00
540,309,State,State Farm Insurance,JPMorgan Chase,053182465,701788135,USD,true,2022-10-27T13:08:35+00:00
541,309,Sallie,Sallie Mae,JPMorgan Chase,043218123,641507956757,USD,true,2026-04-19T21:56:10+00:00
542,310,Sallie,Sallie Mae,JPMorgan Chase,069120137,58342298269,USD,true,2019-09-05T07:45:51+00:00
543,312,Greystar,Greystar Property Mgmt,Citibank,061952542,58728136227,USD,true,2026-02-17T14:42:07+00:00
544,312,,Equity Residential,Bank of America,067927909,541331794623,USD,true,2025-11-29T17:49:25+00:00
545,313,,Sallie Mae,JPMorgan Chase,083636902,507314412047,USD,true,2015-11-17T18:27:28+00:00
546,313,,Duke Energy,PNC Bank,046395243,6632160380,USD,true,2026-06-27T05:50:05+00:00
547,313,,Navient,Citibank,080736517,1332744975,USD,true,2022-06-20T15:56:58+00:00
548,313,Discover,Discover,PNC Bank,001482187,809790143735,USD,true,2025-08-25T23:02:55+00:00
549,314,Greystar,Greystar Property Mgmt,JPMorgan Chase,074001228,6330019298,USD,true,2021-07-09T23:44:38+00:00
550,314,,Con Edison,PNC Bank,080928822,00550856918,USD,true,2021-08-13T15:23:53+00:00
551,314,,Equity Residential,JPMorgan Chase,075946266,132216828,USD,true,2026-07-15T22:18:02+00:00
552,315,,Duke Energy,Citibank,008162175,30027134625,USD,true,2025-09-13T07:55:47+00:00
553,315,,AT&T,Citibank,038443667,520410268033,USD,true,2025-02-20T18:24:02+00:00
554,315,,City Water Dept,Bank of America,007695000,8723395178,USD,true,2025-03-02T23:56:00+00:00
555,316,Equity,Equity Residential,Wells Fargo,080143123,22881982642,USD,true,2020-01-28T12:42:35+00:00
556,316,,Chase Card Services,Wells Fargo,058262447,863987715651,USD,true,2022-01-05T08:09:35+00:00
557,317,,Con Edison,Wells Fargo,000180356,672152409,USD,true,2014-08-26T15:07:51+00:00
558,318,,Progressive,JPMorgan Chase,038352750,61713979672,USD,true,2026-06-14T14:02:37+00:00
559,318,,Sallie Mae,Bank of America,077041257,624878199,USD,true,2026-03-17T11:01:17+00:00
560,318,,Comcast Xfinity,Wells Fargo,035725630,70082512381,USD,true,2026-04-17T00:33:39+00:00
561,319,State,State Farm Insurance,Citibank,096263368,53847773362,USD,true,2019-12-19T08:22:58+00:00
562,319,,PSEG,Citibank,034252898,660647532,USD,true,2019-12-22T16:40:31+00:00
563,319,,Progressive,JPMorgan Chase,055738244,079365289988,USD,true,2026-04-08T00:06:55+00:00
564,320,,State Farm Insurance,JPMorgan Chase,055059202,633706791042,USD,true,2026-02-03T02:23:44+00:00
565,320,,Chase Card Services,Citibank,085579878,321628230,USD,true,2025-11-18T02:20:13+00:00
566,321,,Chase Card Services,Wells Fargo,088035598,887142192364,USD,true,2023-10-07T05:15:52+00:00
567,321,,Discover,Bank of America,066604580,94532843578,USD,true,2022-10-12T15:07:27+00:00
568,322,AT&T,AT&T,PNC Bank,084715410,597054134,USD,true,2023-07-22T21:32:40+00:00
569,322,,Duke Energy,PNC Bank,053045330,5665726256,USD,true,2024-02-22T00:44:42+00:00
570,323,,Progressive,Citibank,026585963,256081085788,USD,true,2017-11-28T10:16:54+00:00
571,323,,GEICO,PNC Bank,000459889,934199617,USD,true,2020-02-27T20:39:12+00:00
572,323,,Sallie Mae,Citibank,064432905,76582448987,USD,true,2017-05-19T22:57:39+00:00
573,324,AT&T,AT&T,PNC Bank,074985488,5067814464,USD,true,2023-04-25T18:56:23+00:00
574,324,State,State Farm Insurance,Wells Fargo,094599246,85910615343,USD,true,2019-01-21T08:14:16+00:00
575,325,Comcast,Comcast Xfinity,Citibank,036671287,810791084,USD,true,2010-04-26T14:02:20+00:00
576,325,Discover,Discover,PNC Bank,082417947,652256629523,USD,true,2010-04-27T17:27:03+00:00
577,325,Duke,Duke Energy,Wells Fargo,005305136,2708725466,USD,true,2013-10-10T09:54:33+00:00
578,327,,Comcast Xfinity,PNC Bank,022308866,15892507133,USD,true,2015-04-01T20:28:17+00:00
579,327,,Navient,JPMorgan Chase,039597527,357965931,USD,true,2016-02-26T11:47:42+00:00
580,328,,Chase Card Services,Citibank,049170779,5740936024,USD,true,2025-03-23T05:26:15+00:00
581,328,Duke,Duke Energy,Citibank,020119706,256236406,USD,true,2021-05-20T20:34:49+00:00
582,328,Equity,Equity Residential,PNC Bank,038636056,74707670310,USD,true,2024-09-09T06:30:02+00:00
583,328,,Navient,Citibank,005111278,761386729383,USD,true,2021-11-19T04:41:57+00:00
584,330,,Navient,PNC Bank,058655817,2848550563,USD,true,2025-01-08T12:01:35+00:00
585,330,,AT&T,PNC Bank,053067876,384110734,USD,true,2023-01-23T00:34:04+00:00
586,331,,Sallie Mae,Bank of America,029464117,713938630858,USD,true,2017-01-28T01:57:40+00:00
587,331,,Greystar Property Mgmt,PNC Bank,025929829,812281618233,USD,true,2017-05-31T12:08:42+00:00
588,332,,Discover,JPMorgan Chase,029419464,00785181577,USD,true,2023-08-10T06:00:05+00:00
589,333,,Progressive,JPMorgan Chase,050411902,507831269,USD,true,2023-01-12T21:58:09+00:00
590,333,,City Water Dept,Wells Fargo,022396685,72936317868,USD,true,2023-07-03T11:42:51+00:00
591,334,,Duke Energy,JPMorgan Chase,008888238,9005223892,USD,true,2026-06-21T14:41:40+00:00
592,335,State,State Farm Insurance,Citibank,041256372,4762661840,USD,true,2019-11-04T14:29:01+00:00
593,335,,Sallie Mae,Citibank,070873714,1617413527,USD,true,2016-04-03T11:38:27+00:00
594,335,AT&T,AT&T,JPMorgan Chase,000878032,24097162834,USD,true,2026-08-01T06:27:30+00:00
595,337,,Progressive,Wells Fargo,075480021,914672608,USD,true,2026-02-04T18:44:02+00:00
596,338,,Progressive,PNC Bank,086016070,22389708952,USD,true,2022-10-15T16:38:23+00:00
597,338,Sallie,Sallie Mae,Bank of America,009811490,001871091267,USD,true,2022-03-11T07:24:27+00:00
598,339,,Comcast Xfinity,PNC Bank,061818281,310319398,USD,true,2026-08-11T02:20:15+00:00
599,339,,PSEG,Wells Fargo,010357413,2315770733,USD,true,2016-02-28T07:52:08+00:00
600,340,,GEICO,PNC Bank,001928726,91310316309,USD,true,2025-03-16T23:37:31+00:00
601,340,AT&T,AT&T,JPMorgan Chase,084086305,93645885693,USD,true,2023-01-31T12:39:13+00:00
602,342,,Navient,Bank of America,044078858,861893192,USD,true,2025-12-07T10:32:59+00:00
603,342,AT&T,AT&T,JPMorgan Chase,093198261,30359940123,USD,true,2026-09-21T19:12:51+00:00
604,342,,GEICO,Wells Fargo,061660333,3979058861,USD,true,2024-10-31T04:18:28+00:00
605,343,Greystar,Greystar Property Mgmt,Citibank,056531232,41577501441,USD,true,2024-10-31T11:32:03+00:00
606,344,Greystar,Greystar Property Mgmt,PNC Bank,069930777,123212750,USD,true,2023-02-17T06:54:28+00:00
607,344,,Comcast Xfinity,JPMorgan Chase,092448734,7227701559,USD,true,2026-03-26T15:05:10+00:00
608,344,Progressive,Progressive,PNC Bank,000537613,308167720,USD,true,2023-11-23T21:44:47+00:00
609,345,,Sallie Mae,JPMorgan Chase,080964923,71672969136,USD,true,2025-10-06T23:30:21+00:00
610,346,,AT&T,Bank of America,009539343,923067946733,USD,true,2026-08-04T09:08:35+00:00
611,346,Progressive,Progressive,PNC Bank,016719888,4661339262,USD,true,2025-05-12T03:10:07+00:00
612,346,,Duke Energy,Citibank,089183781,95264925452,USD,true,2019-03-07T18:02:58+00:00
613,346,GEICO,GEICO,JPMorgan Chase,052416167,6387239517,USD,true,2021-06-30T12:34:54+00:00
614,348,,Discover,JPMorgan Chase,045184813,32673344168,USD,true,2023-09-29T15:18:08+00:00
615,348,Sallie,Sallie Mae,Wells Fargo,037892657,49527971320,USD,true,2017-01-28T12:12:30+00:00
616,349,Chase,Chase Card Services,JPMorgan Chase,031331031,3733619134,USD,true,2025-07-20T22:32:47+00:00
617,350,State,State Farm Insurance,JPMorgan Chase,031691739,39883255011,USD,true,2020-07-01T00:58:42+00:00
618,350,Navient,Navient,PNC Bank,085287762,382530776,USD,true,2018-08-24T05:41:11+00:00
619,350,,Greystar Property Mgmt,PNC Bank,001326844,3114906046,USD,true,2012-08-01T11:39:43+00:00
620,351,PSEG,PSEG,JPMorgan Chase,079323676,05361051513,USD,true,2015-05-09T18:41:16+00:00
621,352,,City Water Dept,Wells Fargo,049072826,551469061,USD,true,2025-10-12T03:37:57+00:00
622,353,,Progressive,PNC Bank,053399619,331725339,USD,true,2016-12-15T22:14:14+00:00
623,353,,PSEG,JPMorgan Chase,071902230,334846006,USD,true,2015-06-19T22:44:21+00:00
624,354,Sallie,Sallie Mae,Wells Fargo,003008630,8649992792,USD,true,2013-10-16T14:28:10+00:00
625,354,Progressive,Progressive,Wells Fargo,042898186,560918944206,USD,true,2022-06-19T07:13:06+00:00
626,354,,State Farm Insurance,PNC Bank,092565296,193056751,USD,true,2014-04-26T08:31:25+00:00
627,355,State,State Farm Insurance,PNC Bank,047267890,04422097688,USD,true,2017-04-30T20:36:23+00:00
628,356,,City Water Dept,Wells Fargo,048190332,1718035164,USD,true,2023-05-29T10:27:29+00:00
629,356,Navient,Navient,JPMorgan Chase,054653394,9160373102,USD,true,2023-05-04T21:23:40+00:00
630,357,Con,Con Edison,Bank of America,051173535,7771249208,USD,true,2026-04-17T07:45:53+00:00
631,358,State,State Farm Insurance,Wells Fargo,055545953,041810754,USD,true,2020-07-09T05:34:27+00:00
632,359,Greystar,Greystar Property Mgmt,PNC Bank,038709833,783219800,USD,true,2024-03-13T02:24:09+00:00
633,359,,Equity Residential,Wells Fargo,093738037,383713279,USD,true,2023-12-25T22:11:54+00:00
634,361,,Progressive,PNC Bank,003322532,04910089145,USD,true,2023-01-03T01:19:26+00:00
635,362,,Progressive,Wells Fargo,082308601,6427725947,USD,true,2012-03-26T16:47:07+00:00
636,363,GEICO,GEICO,Citibank,021412702,2295728655,USD,true,2021-03-21T03:41:04+00:00
637,363,,Progressive,PNC Bank,090276710,685808489,USD,true,2023-09-14T21:40:15+00:00
638,363,PSEG,PSEG,Citibank,017286454,51881431332,USD,true,2013-11-28T19:24:38+00:00
639,364,,Progressive,Wells Fargo,082911710,073055541398,USD,true,2017-11-12T15:59:26+00:00
640,364,,Discover,Wells Fargo,017146424,1397424588,USD,true,2014-07-05T16:12:28+00:00
641,364,,PSEG,PNC Bank,082270732,4332722203,USD,true,2013-01-03T00:14:03+00:00
642,364,Greystar,Greystar Property Mgmt,JPMorgan Chase,090876727,54491792280,USD,true,2022-12-21T18:44:46+00:00
643,365,,Duke Energy,JPMorgan Chase,035145867,247574096,USD,true,2015-07-29T09:59:32+00:00
644,365,,GEICO,Citibank,016862776,564346820,USD,true,2024-01-18T11:28:49+00:00
645,365,,Comcast Xfinity,Wells Fargo,072510434,468456860,USD,true,2015-05-11T15:03:17+00:00
646,366,,Duke Energy,Bank of America,004274992,86133708804,USD,true,2024-12-19T23:04:08+00:00
647,367,Greystar,Greystar Property Mgmt,Wells Fargo,004506736,632420366,USD,true,2025-05-10T02:51:19+00:00
648,367,,City Water Dept,PNC Bank,071482016,6576285777,USD,true,2025-06-03T19:27:43+00:00
649,369,,Equity Residential,PNC Bank,038134162,427165719328,USD,true,2022-10-16T20:47:49+00:00
650,369,GEICO,GEICO,Bank of America,044382781,5968317482,USD,true,2023-04-13T16:13:41+00:00
651,370,City,City Water Dept,Bank of America,076810141,9820225078,USD,true,2023-12-26T05:58:57+00:00
652,370,,Sallie Mae,PNC Bank,095651850,166342554,USD,true,2021-10-03T16:07:53+00:00
653,371,Greystar,Greystar Property Mgmt,Wells Fargo,039417052,287301468,USD,true,2025-10-26T13:54:12+00:00
654,371,,Duke Energy,Citibank,021243205,93173880222,USD,true,2023-10-22T15:15:17+00:00
655,372,,Duke Energy,Bank of America,078692290,2300319102,USD,true,2016-08-28T01:43:31+00:00
656,372,Sallie,Sallie Mae,JPMorgan Chase,065421463,761647295393,USD,true,2020-11-02T02:05:06+00:00
657,373,Duke,Duke Energy,PNC Bank,084264004,887917420752,USD,true,2021-11-08T04:13:50+00:00
658,373,,Chase Card Services,Citibank,056363807,310621309,USD,true,2024-08-27T01:16:23+00:00
659,373,,PSEG,JPMorgan Chase,096622901,634701363,USD,true,2020-11-20T09:48:39+00:00
660,374,Sallie,Sallie Mae,JPMorgan Chase,052776429,6493907132,USD,true,2021-04-17T22:12:42+00:00
661,374,,PSEG,Bank of America,097533577,3610508440,USD,true,2024-07-16T06:46:21+00:00
662,375,Sallie,Sallie Mae,Bank of America,068443519,086838585,USD,true,2024-01-16T22:41:20+00:00
663,375,Progressive,Progressive,Bank of America,012990657,001595892886,USD,true,2025-12-11T16:12:19+00:00
664,375,,Navient,Bank of America,060956255,98349956663,USD,true,2024-07-23T02:55:18+00:00
665,375,Con,Con Edison,Citibank,072438051,803766507,USD,true,2025-02-03T05:10:03+00:00
666,376,GEICO,GEICO,Bank of America,083434830,83483037125,USD,true,2020-10-18T11:24:31+00:00
667,376,PSEG,PSEG,Citibank,084543130,742028281088,USD,true,2020-04-03T16:41:18+00:00
668,377,GEICO,GEICO,Bank of America,043832130,2131910752,USD,true,2024-02-12T21:08:31+00:00
669,377,Chase,Chase Card Services,Wells Fargo,078962883,47815896859,USD,true,2014-08-03T19:38:52+00:00
670,377,AT&T,AT&T,Wells Fargo,042172605,821359129231,USD,true,2014-07-27T17:11:01+00:00
671,377,Greystar,Greystar Property Mgmt,PNC Bank,007846693,561718232738,USD,true,2019-08-24T01:55:11+00:00
672,379,,Sallie Mae,PNC Bank,082797411,3973177067,USD,true,2024-08-27T06:17:39+00:00
673,379,State,State Farm Insurance,Wells Fargo,056149043,8584521129,USD,true,2026-06-03T01:14:01+00:00
674,380,,PSEG,PNC Bank,044354001,62174881909,USD,true,2026-08-06T08:15:25+00:00
675,381,Con,Con Edison,JPMorgan Chase,060760450,650163857,USD,true,2010-12-29T07:06:39+00:00
676,381,,AT&T,Citibank,031968476,08145082378,USD,true,2020-03-24T04:22:03+00:00
677,382,,Navient,JPMorgan Chase,038526355,325658993,USD,true,2024-03-07T10:50:57+00:00
678,383,,City Water Dept,Citibank,017309017,913468003691,USD,true,2021-10-11T17:13:08+00:00
679,383,,Chase Card Services,JPMorgan Chase,055426025,67615181933,USD,true,2025-11-20T03:28:45+00:00
680,383,,PSEG,PNC Bank,010434740,659131638,USD,true,2024-12-16T18:01:04+00:00
681,384,,Comcast Xfinity,PNC Bank,012886144,980924898545,USD,true,2025-10-02T00:01:33+00:00
682,384,,City Water Dept,PNC Bank,074998947,73880254440,USD,true,2024-09-29T11:56:02+00:00
683,385,Sallie,Sallie Mae,Wells Fargo,086991970,75556779420,USD,true,2023-03-30T18:35:30+00:00
684,385,Greystar,Greystar Property Mgmt,Citibank,049090954,94444056555,USD,true,2021-04-12T19:05:45+00:00
685,385,City,City Water Dept,JPMorgan Chase,019717182,231300781,USD,true,2024-05-22T05:01:57+00:00
686,385,PSEG,PSEG,Bank of America,052778703,22685402772,USD,true,2023-05-22T17:07:02+00:00
687,386,Equity,Equity Residential,Bank of America,034890268,2181989240,USD,true,2022-05-26T02:45:17+00:00
688,387,,Sallie Mae,PNC Bank,077865384,636458954,USD,true,2023-10-25T10:44:18+00:00
689,387,,PSEG,Wells Fargo,096716082,9064724221,USD,true,2025-10-05T13:59:31+00:00
690,387,,AT&T,Wells Fargo,031550908,230750491684,USD,true,2023-09-06T04:09:45+00:00
691,388,,Greystar Property Mgmt,Citibank,026040890,975336598,USD,true,2025-07-16T23:40:20+00:00
692,388,,Comcast Xfinity,PNC Bank,096432247,90179363547,USD,true,2018-04-21T21:43:03+00:00
693,389,,Discover,JPMorgan Chase,004080636,928238266462,USD,true,2025-10-26T12:10:18+00:00
694,389,,PSEG,Wells Fargo,012999444,507849029,USD,true,2023-04-28T03:48:56+00:00
695,389,,Chase Card Services,JPMorgan Chase,065917611,2143002830,USD,true,2024-09-15T00:40:08+00:00
696,390,,PSEG,Bank of America,066862389,127758430,USD,true,2026-05-24T17:17:06+00:00
697,390,,GEICO,Wells Fargo,088241415,369987904546,USD,true,2022-01-05T15:37:16+00:00
698,390,Greystar,Greystar Property Mgmt,PNC Bank,043738161,7474276855,USD,true,2023-08-19T08:15:57+00:00
699,390,,Sallie Mae,Wells Fargo,014612443,65808682161,USD,true,2025-11-10T13:02:07+00:00
700,392,Chase,Chase Card Services,Wells Fargo,035264254,915433974808,USD,true,2025-03-06T21:10:49+00:00
701,394,,Comcast Xfinity,Citibank,077006917,84345179296,USD,true,2026-09-18T22:38:04+00:00
702,394,,Sallie Mae,Wells Fargo,087729189,844376627,USD,true,2026-02-06T05:50:53+00:00
703,394,Duke,Duke Energy,Bank of America,072864098,322349268,USD,true,2024-06-02T13:13:11+00:00
704,394,Chase,Chase Card Services,Citibank,013224110,883245265,USD,true,2022-07-29T07:51:15+00:00
705,395,,City Water Dept,Citibank,062840884,7647494659,USD,true,2025-11-07T19:29:13+00:00
706,396,,AT&T,PNC Bank,059300697,8588713811,USD,true,2024-06-12T01:03:14+00:00
707,396,,GEICO,PNC Bank,018449230,3655081534,USD,true,2021-06-12T10:26:48+00:00
708,397,,Progressive,Wells Fargo,013016729,507393183651,USD,true,2024-02-26T20:20:05+00:00
709,398,,AT&T,Bank of America,056238704,7033692249,USD,true,2025-08-19T22:16:31+00:00
710,398,Navient,Navient,JPMorgan Chase,047286509,1885053545,USD,true,2025-12-27T18:19:14+00:00
711,399,City,City Water Dept,JPMorgan Chase,025536224,80937514105,USD,true,2024-10-07T13:36:52+00:00
712,399,Duke,Duke Energy,Citibank,087254294,074338926562,USD,true,2026-06-11T04:41:23+00:00
713,400,,PSEG,JPMorgan Chase,031939929,015041215,USD,true,2026-06-11T18:35:18+00:00
714,400,,Equity Residential,Bank of America,006849822,149512942,USD,true,2026-05-17T22:19:35+00:00
715,401,,State Farm Insurance,Bank of America,026691984,62640592826,USD,true,2013-11-18T23:24:27+00:00
716,402,,Con Edison,Citibank,055093485,827184670727,USD,true,2015-06-02T23:22:23+00:00
717,402,,Chase Card Services,PNC Bank,029744010,216106065589,USD,true,2020-06-05T20:23:28+00:00
718,402,,Greystar Property Mgmt,JPMorgan Chase,088406944,2218134105,USD,true,2024-03-25T19:00:40+00:00
719,402,,Sallie Mae,Citibank,097088121,362452761,USD,true,2023-09-13T13:42:46+00:00
720,403,,Duke Energy,JPMorgan Chase,006508725,80088399344,USD,true,2024-09-22T20:17:08+00:00
721,403,,PSEG,Bank of America,072999230,3536438610,USD,true,2025-04-30T09:04:44+00:00
722,404,,Duke Energy,Bank of America,032256482,368437164061,USD,true,2025-09-04T01:15:40+00:00
723,404,Sallie,Sallie Mae,JPMorgan Chase,029451057,517757525,USD,true,2025-11-14T15:02:15+00:00
724,404,,Greystar Property Mgmt,Bank of America,015656187,222810733,USD,true,2025-08-14T00:54:33+00:00
725,405,Equity,Equity Residential,Wells Fargo,067333912,222462718110,USD,true,2012-03-09T18:40:11+00:00
726,405,,Duke Energy,Wells Fargo,007179171,079536870,USD,true,2021-10-25T08:39:09+00:00
727,406,,GEICO,JPMorgan Chase,028897775,9767505675,USD,true,2020-12-27T18:59:59+00:00
728,407,,Greystar Property Mgmt,PNC Bank,039527453,0363532438,USD,true,2014-07-18T16:47:22+00:00
729,407,,Comcast Xfinity,Citibank,045711634,703954832,USD,true,2024-09-09T15:25:07+00:00
730,408,Sallie,Sallie Mae,Wells Fargo,049236796,08211272939,USD,true,2022-08-06T17:00:12+00:00
731,411,,AT&T,Citibank,041462762,028043066,USD,true,2026-05-11T18:36:14+00:00
732,412,Discover,Discover,PNC Bank,038177813,7031451891,USD,true,2017-10-02T03:01:17+00:00
733,412,,PSEG,Citibank,068679678,132562928923,USD,true,2018-10-24T19:42:47+00:00
734,412,,Chase Card Services,Wells Fargo,071060398,4925839180,USD,true,2014-04-27T16:13:01+00:00
735,412,Con,Con Edison,PNC Bank,073209983,071488466,USD,true,2017-03-20T04:32:33+00:00
736,413,,Greystar Property Mgmt,JPMorgan Chase,006124056,687609474230,USD,true,2020-07-23T10:35:08+00:00
737,413,PSEG,PSEG,Bank of America,065463966,097952552,USD,true,2025-04-13T21:05:29+00:00
738,413,Duke,Duke Energy,Bank of America,014278517,259007109728,USD,true,2024-09-29T09:09:11+00:00
739,413,,Chase Card Services,Citibank,041736289,0532438004,USD,true,2024-08-30T00:37:35+00:00
740,414,City,City Water Dept,PNC Bank,060757195,686176704,USD,true,2024-10-31T18:39:11+00:00
741,415,,State Farm Insurance,Wells Fargo,039132469,765817994,USD,true,2016-02-27T17:27:57+00:00
742,415,Duke,Duke Energy,Wells Fargo,089954545,8792531411,USD,true,2016-04-15T16:10:35+00:00
743,416,Comcast,Comcast Xfinity,Bank of America,024788742,958672378114,USD,true,2023-09-23T03:05:49+00:00
744,416,Navient,Navient,PNC Bank,011151846,0635087868,USD,true,2021-03-19T14:23:58+00:00
745,420,,PSEG,Citibank,078689539,555705933,USD,true,2024-04-26T19:55:07+00:00
746,420,,Progressive,Citibank,093093673,607836829,USD,true,2023-03-14T10:34:11+00:00
747,420,State,State Farm Insurance,JPMorgan Chase,040368347,691627308312,USD,true,2023-01-28T01:17:09+00:00
748,420,,Comcast Xfinity,Bank of America,009671458,2732619411,USD,true,2022-11-22T19:43:53+00:00
749,421,PSEG,PSEG,Citibank,023634835,452706243,USD,true,2026-06-07T18:50:38+00:00
750,422,Equity,Equity Residential,JPMorgan Chase,036533394,029651462,USD,true,2013-05-17T14:03:36+00:00
751,423,City,City Water Dept,JPMorgan Chase,013936217,6958556390,USD,true,2009-03-22T03:25:07+00:00
752,424,,PSEG,Bank of America,033482649,5240057357,USD,true,2024-07-24T13:38:53+00:00
753,424,Navient,Navient,JPMorgan Chase,037952701,795152709823,USD,true,2025-08-28T23:53:05+00:00
754,424,,State Farm Insurance,JPMorgan Chase,080773582,4677576018,USD,true,2026-03-21T12:19:56+00:00
755,425,,Navient,Wells Fargo,086782650,1505893509,USD,true,2025-03-17T09:46:07+00:00
756,428,,Comcast Xfinity,Citibank,039711476,7668454277,USD,true,2019-02-03T09:43:09+00:00
757,429,,Duke Energy,Wells Fargo,022144432,874751625,USD,true,2022-10-12T00:52:33+00:00
758,429,,AT&T,JPMorgan Chase,047129935,289998149529,USD,true,2025-12-10T20:49:22+00:00
759,429,,Chase Card Services,Citibank,024719607,4176841517,USD,true,2023-12-13T18:34:03+00:00
760,430,,State Farm Insurance,JPMorgan Chase,000069626,6855084410,USD,true,2020-01-10T13:04:06+00:00
761,430,,Discover,Citibank,016722214,66548786465,USD,true,2016-06-12T22:36:39+00:00
762,431,PSEG,PSEG,JPMorgan Chase,081596682,4927056225,USD,true,2026-02-02T13:30:58+00:00
763,432,,City Water Dept,PNC Bank,047075988,352578906625,USD,true,2016-09-04T17:26:49+00:00
764,432,,Duke Energy,Wells Fargo,095821438,0866934174,USD,true,2021-05-24T10:06:33+00:00
765,433,PSEG,PSEG,PNC Bank,027979255,19862786291,USD,true,2012-02-29T16:03:33+00:00
766,433,Greystar,Greystar Property Mgmt,Citibank,058147453,737442751,USD,true,2020-06-01T17:38:47+00:00
767,433,,Discover,JPMorgan Chase,031010101,07163131135,USD,true,2018-05-03T06:01:45+00:00
768,433,Progressive,Progressive,Wells Fargo,067771135,32042870396,USD,true,2016-02-23T00:28:25+00:00
769,434,,State Farm Insurance,JPMorgan Chase,063326628,052562296,USD,true,2016-03-14T13:46:07+00:00
770,434,,Con Edison,JPMorgan Chase,051539721,8061591686,USD,true,2017-03-22T17:55:15+00:00
771,435,,Con Edison,Bank of America,061285501,2940628982,USD,true,2025-10-25T16:14:59+00:00
772,435,,Duke Energy,Citibank,040425148,974634975353,USD,true,2026-03-26T06:04:32+00:00
773,435,,AT&T,Wells Fargo,074952529,560884707,USD,true,2026-04-29T00:05:12+00:00
774,435,,State Farm Insurance,PNC Bank,011763361,618151594728,USD,true,2025-09-30T12:08:23+00:00
775,436,Con,Con Edison,Citibank,041295857,5300198363,USD,true,2025-08-30T07:59:31+00:00
776,437,Chase,Chase Card Services,JPMorgan Chase,076005894,455160911794,USD,true,2026-02-08T07:13:48+00:00
777,437,Comcast,Comcast Xfinity,Citibank,093823280,71595547175,USD,true,2025-05-31T05:17:57+00:00
778,438,,Sallie Mae,PNC Bank,084701974,88110909043,USD,true,2025-11-03T22:03:18+00:00
779,438,,State Farm Insurance,PNC Bank,037061972,872821747793,USD,true,2022-10-23T05:54:47+00:00
780,439,,AT&T,Citibank,036761172,96167667157,USD,true,2012-07-18T17:27:19+00:00
781,440,AT&T,AT&T,Citibank,018718205,178837587545,USD,true,2022-06-29T02:40:47+00:00
782,440,Sallie,Sallie Mae,PNC Bank,096190225,793467488518,USD,true,2026-05-31T13:18:01+00:00
783,440,GEICO,GEICO,PNC Bank,085136366,2137969311,USD,true,2022-12-13T19:57:57+00:00
784,440,,Progressive,Wells Fargo,077355568,3693479440,USD,true,2023-11-24T14:35:49+00:00
785,442,,Comcast Xfinity,Citibank,033367027,613761035,USD,true,2009-02-09T06:24:20+00:00
786,443,,Chase Card Services,Citibank,023319072,2970103389,USD,true,2025-11-17T07:26:41+00:00
787,443,Con,Con Edison,Wells Fargo,048037363,101801962,USD,true,2016-10-11T12:08:46+00:00
788,443,,Equity Residential,Wells Fargo,026081957,98518676674,USD,true,2021-05-19T12:39:02+00:00
789,444,,Equity Residential,Wells Fargo,095134988,598273237768,USD,true,2026-07-24T05:29:17+00:00
790,444,State,State Farm Insurance,Citibank,032688625,19461106508,USD,true,2026-01-15T16:35:39+00:00
791,445,,Chase Card Services,PNC Bank,025726962,77456589960,USD,true,2022-09-02T14:15:25+00:00
792,445,,Progressive,PNC Bank,033563488,379523369,USD,true,2026-01-01T17:29:43+00:00
793,445,Con,Con Edison,Bank of America,097174503,33571772669,USD,true,2024-08-18T12:18:51+00:00
794,447,,City Water Dept,JPMorgan Chase,016462208,5615998037,USD,true,2019-02-19T13:05:26+00:00
795,448,,Greystar Property Mgmt,Bank of America,052303935,110264317,USD,true,2020-10-14T07:35:53+00:00
796,448,,Navient,PNC Bank,095825223,299118400,USD,true,2018-09-30T17:11:26+00:00
797,448,,Chase Card Services,JPMorgan Chase,025207435,464818684256,USD,true,2012-04-01T18:42:05+00:00
798,450,,Chase Card Services,PNC Bank,037997386,80528509656,USD,true,2019-08-08T15:30:45+00:00
799,450,,City Water Dept,Bank of America,086518900,24723238877,USD,true,2019-12-08T10:37:04+00:00
800,451,City,City Water Dept,JPMorgan Chase,069399801,68213255170,USD,true,2026-08-05T18:49:34+00:00
801,451,,Duke Energy,Bank of America,091593168,4937808507,USD,true,2026-04-01T13:20:55+00:00
802,451,,Greystar Property Mgmt,JPMorgan Chase,090089410,572219693,USD,true,2026-04-27T21:47:36+00:00
803,452,Comcast,Comcast Xfinity,Citibank,081021022,518582379185,USD,true,2024-03-12T21:31:50+00:00
804,452,City,City Water Dept,Wells Fargo,084678421,721798250753,USD,true,2016-12-07T23:59:40+00:00
805,453,,Duke Energy,PNC Bank,020815932,734013357,USD,true,2021-09-12T02:23:43+00:00
806,453,,Discover,Citibank,046536523,0539050458,USD,true,2014-03-01T07:16:52+00:00
807,455,,City Water Dept,Wells Fargo,004709286,8930599755,USD,true,2024-05-14T23:51:07+00:00
808,455,,Comcast Xfinity,PNC Bank,095121283,698202542003,USD,true,2018-09-18T17:09:24+00:00
809,455,AT&T,AT&T,PNC Bank,015078010,561641318,USD,true,2022-10-22T10:32:26+00:00
810,456,,PSEG,Citibank,048032820,14277810846,USD,true,2019-01-04T06:28:23+00:00
811,456,,Navient,Wells Fargo,084251683,310846564,USD,true,2016-08-13T22:05:00+00:00
812,456,,Progressive,Wells Fargo,023245452,41913545422,USD,true,2021-02-22T06:08:34+00:00
813,456,,State Farm Insurance,PNC Bank,072618327,84893599851,USD,true,2019-01-29T04:22:23+00:00
814,457,,Greystar Property Mgmt,Bank of America,001771149,672657937,USD,true,2022-11-18T02:49:01+00:00
815,458,City,City Water Dept,Citibank,021877353,950849364,USD,true,2025-09-22T21:42:37+00:00
816,458,,Duke Energy,Wells Fargo,066960179,409666223,USD,true,2025-09-19T23:14:54+00:00
817,458,,Navient,PNC Bank,046297917,51430917788,USD,true,2025-08-28T17:14:25+00:00
818,459,Con,Con Edison,PNC Bank,060093917,617861064,USD,true,2023-09-12T13:01:20+00:00
819,459,,Duke Energy,PNC Bank,095441694,2381290421,USD,true,2026-07-09T15:07:28+00:00
820,459,,Equity Residential,Wells Fargo,040801749,838361281,USD,true,2026-03-18T09:22:23+00:00
821,460,PSEG,PSEG,Wells Fargo,032748071,304637475343,USD,true,2017-06-04T02:49:01+00:00
822,460,,City Water Dept,PNC Bank,057605403,15035394338,USD,true,2021-01-17T02:40:18+00:00
823,461,Chase,Chase Card Services,PNC Bank,041949568,37807451598,USD,true,2026-06-21T06:18:10+00:00
824,461,Equity,Equity Residential,JPMorgan Chase,065731792,985147621,USD,true,2021-01-10T02:37:11+00:00
825,462,Con,Con Edison,Bank of America,022866519,6166019306,USD,true,2010-12-25T21:57:49+00:00
826,462,Discover,Discover,Citibank,036030483,21023689918,USD,true,2008-10-10T21:40:58+00:00
827,464,,Sallie Mae,Wells Fargo,092775793,060320991521,USD,true,2025-08-30T14:17:03+00:00
828,464,Progressive,Progressive,Bank of America,059564605,9238553282,USD,true,2025-11-15T06:33:56+00:00
829,465,Discover,Discover,PNC Bank,028644148,1839466950,USD,true,2024-05-20T05:10:18+00:00
830,465,,State Farm Insurance,Bank of America,084184367,064380932743,USD,true,2025-01-01T11:53:38+00:00
831,466,Con,Con Edison,Citibank,050834007,308300409895,USD,true,2021-04-12T00:32:33+00:00
832,467,,Progressive,PNC Bank,062589447,455319055,USD,true,2017-11-06T22:39:18+00:00
833,468,,Con Edison,PNC Bank,099818858,34448590072,USD,true,2014-12-06T11:15:22+00:00
834,468,,AT&T,JPMorgan Chase,074959164,960841114,USD,true,2021-12-27T13:52:00+00:00
835,469,,PSEG,PNC Bank,040740528,257259130,USD,true,2018-01-25T00:20:12+00:00
836,469,AT&T,AT&T,Bank of America,000375293,945582753262,USD,true,2020-04-24T06:53:19+00:00
837,469,State,State Farm Insurance,Wells Fargo,037127517,999369584163,USD,true,2020-04-29T18:13:30+00:00
838,469,,GEICO,Bank of America,059679565,151090102,USD,true,2015-08-02T04:13:43+00:00
839,470,Equity,Equity Residential,Wells Fargo,028487930,07483776810,USD,true,2024-09-18T04:04:41+00:00
840,470,,City Water Dept,PNC Bank,032471730,5658608822,USD,true,2026-04-04T15:45:34+00:00
841,470,PSEG,PSEG,Wells Fargo,035167098,257734758916,USD,true,2026-08-04T13:31:29+00:00
842,471,City,City Water Dept,Wells Fargo,019723712,833528098,USD,true,2024-05-24T02:59:08+00:00
843,471,,Navient,PNC Bank,076917491,706527961242,USD,true,2026-07-15T21:43:37+00:00
844,471,,State Farm Insurance,Citibank,020392103,1614811769,USD,true,2024-08-12T05:58:30+00:00
845,473,Progressive,Progressive,Citibank,045276303,9650040116,USD,true,2026-04-19T04:11:46+00:00
846,473,Discover,Discover,Wells Fargo,045817972,822941406123,USD,true,2024-08-01T23:20:13+00:00
847,474,,AT&T,Bank of America,014241301,3897731265,USD,true,2026-02-13T13:39:31+00:00
848,474,,City Water Dept,Bank of America,000754067,312255511,USD,true,2021-10-30T22:59:38+00:00
849,474,,Duke Energy,JPMorgan Chase,097263178,272065519497,USD,true,2025-05-31T02:56:52+00:00
850,475,Sallie,Sallie Mae,Bank of America,038636206,26138672528,USD,true,2015-12-27T10:01:15+00:00
851,476,,Con Edison,Bank of America,031870456,03740347633,USD,true,2025-08-14T02:42:37+00:00
852,476,,City Water Dept,Wells Fargo,047594939,33169650382,USD,true,2014-09-10T16:44:38+00:00
853,476,PSEG,PSEG,Bank of America,005270004,86764369488,USD,true,2015-10-05T14:27:11+00:00
854,477,,State Farm Insurance,PNC Bank,025951918,106891105930,USD,true,2026-01-24T03:20:43+00:00
855,479,Equity,Equity Residential,JPMorgan Chase,078301622,988577448,USD,true,2022-10-14T08:30:14+00:00
856,479,Progressive,Progressive,Bank of America,030755844,85923138704,USD,true,2025-12-11T06:00:43+00:00
857,480,,PSEG,Citibank,025158704,978722358,USD,true,2026-01-03T17:39:24+00:00
858,481,Progressive,Progressive,PNC Bank,091409265,511920453157,USD,true,2024-01-06T23:14:44+00:00
859,481,,Equity Residential,Wells Fargo,003390045,645678975464,USD,true,2017-02-11T08:40:49+00:00
860,482,Chase,Chase Card Services,Wells Fargo,003037270,663975998432,USD,true,2025-03-14T15:32:55+00:00
861,482,,Con Edison,PNC Bank,006894798,084058773,USD,true,2020-08-27T20:29:29+00:00
862,484,,Comcast Xfinity,PNC Bank,074591207,21091491687,USD,true,2017-04-25T03:07:07+00:00
863,485,,Comcast Xfinity,PNC Bank,057492227,008441686457,USD,true,2024-08-17T23:35:41+00:00
864,486,,Navient,PNC Bank,046672912,554872892467,USD,true,2023-10-04T05:18:02+00:00
865,486,,Chase Card Services,Bank of America,037567989,475088246216,USD,true,2015-08-13T02:24:34+00:00
866,486,State,State Farm Insurance,JPMorgan Chase,057008312,183272231,USD,true,2022-10-29T03:51:18+00:00
867,486,,Discover,Wells Fargo,075513482,276769941,USD,true,2021-01-11T04:48:53+00:00
868,488,AT&T,AT&T,PNC Bank,070709634,9764078299,USD,true,2026-05-20T06:28:13+00:00
869,489,,Progressive,Bank of America,036671341,09502641872,USD,true,2013-12-05T20:51:32+00:00
870,489,Discover,Discover,JPMorgan Chase,038969686,61592064232,USD,true,2020-10-30T19:17:14+00:00
871,490,,Navient,JPMorgan Chase,018081164,68096486039,USD,true,2019-11-01T19:01:06+00:00
872,491,GEICO,GEICO,Citibank,032234974,279083470804,USD,true,2025-05-18T11:21:36+00:00
873,491,,Equity Residential,Bank of America,029860202,349342330,USD,true,2012-10-04T15:45:41+00:00
874,491,,Sallie Mae,JPMorgan Chase,056821102,23103808691,USD,true,2015-10-07T04:37:33+00:00
875,492,,PSEG,PNC Bank,093649137,36402208257,USD,true,2024-06-27T02:54:03+00:00
876,492,Con,Con Edison,JPMorgan Chase,091002625,312675362487,USD,true,2019-01-01T20:10:07+00:00
877,493,,Navient,Wells Fargo,084856123,8749917606,USD,true,2021-11-21T18:20:00+00:00
878,493,Con,Con Edison,JPMorgan Chase,063554209,117389921461,USD,true,2020-04-09T12:15:12+00:00
879,493,,AT&T,Wells Fargo,019198393,1342315306,USD,true,2025-07-13T07:46:08+00:00
880,494,,Chase Card Services,Bank of America,010843236,1201487354,USD,true,2013-08-14T03:42:02+00:00
881,494,GEICO,GEICO,Wells Fargo,046259746,015171435628,USD,true,2010-04-22T03:15:30+00:00
882,494,Navient,Navient,JPMorgan Chase,025154086,356301451,USD,true,2018-10-12T18:16:18+00:00
883,495,Con,Con Edison,Citibank,064987679,468479906251,USD,true,2023-08-07T20:20:46+00:00
884,495,Duke,Duke Energy,Citibank,045930917,8488242110,USD,true,2010-05-10T16:32:48+00:00
885,495,,State Farm Insurance,JPMorgan Chase,070288369,195633645,USD,true,2016-10-08T15:33:11+00:00
886,496,PSEG,PSEG,Citibank,049509248,314818645,USD,true,2013-11-27T10:56:15+00:00
887,496,,Con Edison,JPMorgan Chase,016251046,122774144022,USD,true,2020-06-30T16:57:54+00:00
888,496,Chase,Chase Card Services,PNC Bank,011081117,9215200091,USD,true,2015-09-20T02:58:07+00:00
889,496,,State Farm Insurance,JPMorgan Chase,096568549,68344789712,USD,true,2022-05-28T02:42:05+00:00
890,498,,AT&T,PNC Bank,077672713,0678853768,USD,true,2025-08-26T17:47:44+00:00
891,498,Navient,Navient,Citibank,036168843,622076937745,USD,true,2025-11-16T21:42:47+00:00
892,499,,Comcast Xfinity,Citibank,042099725,365878467869,USD,true,2026-08-30T02:34:07+00:00
893,499,Sallie,Sallie Mae,Citibank,013408227,4109021136,USD,true,2026-08-13T13:01:38+00:00
894,499,City,City Water Dept,Bank of America,000578838,85027409408,USD,true,2025-11-25T13:48:10+00:00
895,499,,Equity Residential,PNC Bank,072047651,9088825066,USD,true,2026-05-08T00:41:06+00:00
896,500,,Sallie Mae,JPMorgan Chase,009646787,268037941,USD,true,2019-05-12T19:49:13+00:00
897,501,,GEICO,PNC Bank,074553930,458914337,USD,true,2026-05-27T18:13:16+00:00
898,501,PSEG,PSEG,PNC Bank,041572812,226478748763,USD,true,2025-10-17T04:53:07+00:00
899,501,Duke,Duke Energy,JPMorgan Chase,029424748,938827963101,USD,true,2026-04-12T06:19:50+00:00
900,502,,Chase Card Services,PNC Bank,023435427,495592694,USD,true,2015-09-28T21:50:59+00:00
901,502,,Comcast Xfinity,Bank of America,069468333,9713116913,USD,true,2017-02-14T03:40:49+00:00
902,502,,Greystar Property Mgmt,Citibank,058816657,981847071085,USD,true,2018-05-05T11:41:26+00:00
903,503,PSEG,PSEG,Bank of America,055407433,486791839,USD,true,2018-09-17T15:57:26+00:00
904,503,Sallie,Sallie Mae,Citibank,063416278,622679911661,USD,true,2026-01-27T18:26:43+00:00
905,504,Sallie,Sallie Mae,Bank of America,089831172,41043392608,USD,true,2025-03-06T16:10:25+00:00
906,504,,Greystar Property Mgmt,Citibank,062267888,7090108163,USD,true,2025-07-08T03:35:16+00:00
907,505,,Con Edison,JPMorgan Chase,060052495,383509038,USD,true,2022-09-22T22:37:16+00:00
908,505,Greystar,Greystar Property Mgmt,Wells Fargo,021586255,1013215573,USD,true,2022-11-24T03:55:06+00:00
909,506,,Duke Energy,PNC Bank,027907072,145822337,USD,true,2025-05-16T19:18:56+00:00
910,507,,Con Edison,PNC Bank,003909503,80710159559,USD,true,2020-08-28T06:35:59+00:00
911,507,,Progressive,Wells Fargo,019859701,372140829,USD,true,2026-07-12T21:02:37+00:00
912,507,Equity,Equity Residential,Bank of America,059460649,19337552155,USD,true,2022-07-15T13:41:26+00:00
913,508,,City Water Dept,Citibank,002771364,971984951,USD,true,2020-08-31T17:32:35+00:00
914,508,,Comcast Xfinity,JPMorgan Chase,034130637,368839396,USD,true,2025-06-02T06:54:57+00:00
915,509,Greystar,Greystar Property Mgmt,Wells Fargo,030446152,56370277025,USD,true,2011-09-05T16:00:11+00:00
916,509,,Con Edison,PNC Bank,038152896,761847461,USD,true,2016-07-15T20:52:04+00:00
917,510,,Duke Energy,Citibank,027505039,609361230,USD,true,2023-05-10T14:15:00+00:00
918,510,,Con Edison,Wells Fargo,017650128,807721212276,USD,true,2017-10-22T13:16:12+00:00
919,511,,Progressive,Bank of America,042512427,673904131,USD,true,2018-06-26T19:48:51+00:00
920,512,,Equity Residential,Bank of America,022461743,69671603569,USD,true,2026-02-25T11:02:03+00:00
921,512,,PSEG,JPMorgan Chase,066154621,2885141292,USD,true,2026-06-18T10:00:40+00:00
922,513,,Sallie Mae,Bank of America,075657110,995879013350,USD,true,2022-11-05T02:33:43+00:00
923,513,,GEICO,PNC Bank,067864236,591356787714,USD,true,2015-01-18T10:49:23+00:00
924,514,,Discover,Citibank,027973078,157426969344,USD,true,2021-09-29T04:20:26+00:00
925,514,Con,Con Edison,Citibank,053610510,38101551634,USD,true,2025-12-21T22:12:43+00:00
926,515,,AT&T,Wells Fargo,015551239,42296428921,USD,true,2018-07-03T21:24:00+00:00
927,515,,Chase Card Services,Bank of America,065160508,741507238954,USD,true,2022-06-17T01:48:15+00:00
928,516,,Discover,PNC Bank,028758294,30420710314,USD,true,2026-09-16T17:03:36+00:00
929,516,,Equity Residential,JPMorgan Chase,021065392,039159596038,USD,true,2026-04-28T23:30:47+00:00
930,518,,GEICO,Bank of America,044570556,893516750,USD,true,2026-09-14T09:52:03+00:00
931,519,,Duke Energy,Wells Fargo,004561665,487343249238,USD,true,2010-12-23T19:14:20+00:00
932,520,,Discover,Wells Fargo,089250008,0463671457,USD,true,2023-06-18T11:41:14+00:00
933,523,,City Water Dept,Citibank,089632062,7715041626,USD,true,2023-09-21T23:33:57+00:00
934,523,Progressive,Progressive,Wells Fargo,092225536,9831500776,USD,true,2021-02-20T21:05:06+00:00
935,524,AT&T,AT&T,JPMorgan Chase,031204263,28573756846,USD,true,2025-03-31T06:05:01+00:00
936,524,,PSEG,JPMorgan Chase,096251212,8024051624,USD,true,2022-06-23T00:52:27+00:00
937,524,,Navient,Wells Fargo,032719591,328190466,USD,true,2018-09-16T20:29:28+00:00
938,526,,Greystar Property Mgmt,PNC Bank,002879029,3149951775,USD,true,2024-08-25T06:43:25+00:00
939,527,,Comcast Xfinity,Bank of America,065702313,62832983123,USD,true,2025-05-11T00:55:20+00:00
940,527,,Equity Residential,Bank of America,058520811,197975075808,USD,true,2025-02-27T10:52:25+00:00
941,527,AT&T,AT&T,Citibank,059973582,82441672981,USD,true,2025-06-28T04:15:01+00:00
942,527,Navient,Navient,JPMorgan Chase,039405351,722574236,USD,true,2025-03-04T03:47:06+00:00
943,528,,Greystar Property Mgmt,Wells Fargo,075805527,04197975760,USD,true,2025-10-20T17:36:35+00:00
944,528,,State Farm Insurance,PNC Bank,011085282,194659402161,USD,true,2021-08-02T05:37:13+00:00
945,528,,Sallie Mae,Wells Fargo,043709127,5695259631,USD,true,2012-07-27T00:38:32+00:00
946,529,Chase,Chase Card Services,PNC Bank,076167418,48315781526,USD,true,2026-02-17T19:04:52+00:00
947,530,GEICO,GEICO,JPMorgan Chase,006449002,389107944,USD,true,2020-03-22T21:10:36+00:00
948,530,Navient,Navient,PNC Bank,067959610,477814690,USD,true,2020-11-17T12:42:29+00:00
949,530,,Sallie Mae,Bank of America,023305210,795832207774,USD,true,2017-04-01T19:10:29+00:00
950,530,,AT&T,PNC Bank,082125709,265801748,USD,true,2017-03-30T06:07:44+00:00
951,531,Equity,Equity Residential,Wells Fargo,063878538,980679248,USD,true,2021-09-20T07:14:18+00:00
952,531,Sallie,Sallie Mae,Bank of America,019668425,9239122356,USD,true,2021-04-20T22:35:39+00:00
953,533,GEICO,GEICO,Bank of America,030975594,79063806173,USD,true,2026-02-16T15:10:27+00:00
954,533,,City Water Dept,PNC Bank,039119834,32482368831,USD,true,2026-06-01T23:50:52+00:00
955,533,Progressive,Progressive,JPMorgan Chase,028829833,204408344744,USD,true,2026-02-21T22:24:15+00:00
956,534,Con,Con Edison,PNC Bank,086896832,929267134,USD,true,2017-11-02T23:58:42+00:00
957,534,,Comcast Xfinity,Citibank,088148440,234223893,USD,true,2019-09-07T02:30:18+00:00
958,535,,Equity Residential,Citibank,067003693,042605057251,USD,true,2020-02-11T19:25:34+00:00
959,535,,State Farm Insurance,JPMorgan Chase,068447319,468257065,USD,true,2021-08-31T09:52:49+00:00
960,536,City,City Water Dept,Citibank,063200378,4520914790,USD,true,2026-02-28T18:05:15+00:00
961,537,,Greystar Property Mgmt,Bank of America,081589394,20922717244,USD,true,2025-02-17T03:47:42+00:00
962,537,Duke,Duke Energy,Citibank,022323593,279160053,USD,true,2025-04-23T06:36:00+00:00
963,537,,Progressive,Bank of America,030055637,02385099290,USD,true,2026-01-27T05:22:55+00:00
964,538,,Duke Energy,Citibank,010596788,806252918,USD,true,2022-01-20T06:33:45+00:00
965,538,,AT&T,Bank of America,077342207,3770329517,USD,true,2023-12-30T01:05:27+00:00
966,540,,AT&T,PNC Bank,007677597,577048321563,USD,true,2020-06-05T18:19:46+00:00
967,541,Duke,Duke Energy,Wells Fargo,023739126,662690726,USD,true,2021-04-26T00:02:19+00:00
968,541,,AT&T,PNC Bank,031068151,444445237,USD,true,2013-04-13T22:54:37+00:00
969,541,Sallie,Sallie Mae,Bank of America,064683184,971251656,USD,true,2019-04-04T08:15:36+00:00
970,543,,Con Edison,Bank of America,053444090,230132708,USD,true,2023-10-21T00:47:54+00:00
971,544,Duke,Duke Energy,Bank of America,093007146,244761770458,USD,true,2016-01-19T15:26:19+00:00
972,544,State,State Farm Insurance,Citibank,065924465,026093048,USD,true,2019-04-25T08:57:57+00:00
973,544,Chase,Chase Card Services,Wells Fargo,021334703,8474834918,USD,true,2015-06-13T12:56:29+00:00
974,544,,AT&T,PNC Bank,087474743,92671329089,USD,true,2018-11-12T04:52:03+00:00
975,545,,Chase Card Services,Citibank,084157182,3424110588,USD,true,2024-07-05T10:39:36+00:00
976,546,Navient,Navient,Wells Fargo,088288725,4806566768,USD,true,2026-06-29T03:39:06+00:00
977,546,Progressive,Progressive,PNC Bank,040938017,266018344,USD,true,2012-04-27T12:15:54+00:00
978,546,,Comcast Xfinity,Wells Fargo,009325145,5020905424,USD,true,2023-03-26T21:41:03+00:00
979,547,Greystar,Greystar Property Mgmt,Bank of America,031070147,127809728109,USD,true,2024-09-05T20:58:34+00:00
980,548,,Duke Energy,Wells Fargo,006203270,3063443629,USD,true,2015-08-26T22:33:35+00:00
981,550,Chase,Chase Card Services,JPMorgan Chase,090394819,1129764072,USD,true,2017-11-24T07:23:14+00:00
982,550,Con,Con Edison,PNC Bank,005158534,315419446881,USD,true,2016-05-14T17:14:44+00:00
983,550,State,State Farm Insurance,Wells Fargo,030100839,0868990363,USD,true,2013-10-28T05:33:44+00:00
984,552,City,City Water Dept,Citibank,070361620,235936629399,USD,true,2021-11-18T02:35:01+00:00
985,555,,Duke Energy,Wells Fargo,087408028,0852545684,USD,true,2023-06-30T21:15:04+00:00
986,556,Duke,Duke Energy,Wells Fargo,079917274,802724198756,USD,true,2025-05-15T08:26:01+00:00
987,556,,Sallie Mae,Wells Fargo,022567342,21426774871,USD,true,2025-04-06T02:37:25+00:00
988,556,,Equity Residential,Citibank,010577307,85824305581,USD,true,2026-07-15T13:00:45+00:00
989,557,,Comcast Xfinity,Bank of America,086382549,36597510756,USD,true,2024-02-08T16:44:21+00:00
990,557,,City Water Dept,Wells Fargo,026922681,420922136,USD,true,2018-04-07T11:22:56+00:00
991,558,,Con Edison,Wells Fargo,005797921,702372953432,USD,true,2026-01-06T07:30:57+00:00
992,559,GEICO,GEICO,Bank of America,020476390,445728261,USD,true,2024-02-26T22:33:36+00:00
993,561,,Sallie Mae,Citibank,086796798,27259984986,USD,true,2025-06-02T21:52:28+00:00
994,561,,Navient,Wells Fargo,001775562,221714674188,USD,true,2025-06-26T21:22:26+00:00
995,562,,Sallie Mae,Bank of America,005058385,914621894,USD,true,2026-01-23T20:38:34+00:00
996,562,,Comcast Xfinity,JPMorgan Chase,017957584,1186369076,USD,true,2023-08-02T20:48:57+00:00
997,562,,Greystar Property Mgmt,Citibank,069936171,327145839187,USD,true,2024-08-24T02:17:02+00:00
998,563,Con,Con Edison,Wells Fargo,032514549,606076490379,USD,true,2019-06-17T10:48:04+00:00
999,563,,Discover,PNC Bank,018944992,7070454821,USD,true,2022-08-05T17:38:17+00:00
1000,563,,PSEG,Bank of America,035497597,9353849612,USD,true,2022-01-08T01:55:13+00:00
1001,564,GEICO,GEICO,Citibank,055592218,4632878116,USD,true,2026-04-30T11:51:16+00:00
1002,564,PSEG,PSEG,JPMorgan Chase,025983916,3508323235,USD,true,2026-06-07T22:19:37+00:00
1003,565,Progressive,Progressive,PNC Bank,091661075,4644399206,USD,true,2026-08-29T17:07:50+00:00
1004,565,,City Water Dept,Bank of America,011048655,7829578775,USD,true,2025-04-30T04:06:36+00:00
1005,566,AT&T,AT&T,PNC Bank,050718100,25508432344,USD,true,2025-11-07T13:27:10+00:00
1006,566,,Duke Energy,Citibank,097275550,670709161708,USD,true,2022-11-06T12:53:36+00:00
1007,566,Greystar,Greystar Property Mgmt,Bank of America,046094562,7580948301,USD,true,2020-12-05T07:36:07+00:00
1008,567,,State Farm Insurance,Wells Fargo,033959078,541183241024,USD,true,2026-03-19T09:13:08+00:00
1009,567,,Con Edison,PNC Bank,064063499,890419025119,USD,true,2026-09-06T09:33:51+00:00
1010,567,,Equity Residential,JPMorgan Chase,002441366,167268772078,USD,true,2024-02-23T12:21:39+00:00
1011,567,,Duke Energy,PNC Bank,032483567,116173387,USD,true,2026-09-08T01:49:41+00:00
1012,569,,Progressive,Citibank,019183871,833268763,USD,true,2020-05-10T10:52:27+00:00
1013,570,,Progressive,JPMorgan Chase,077306033,6179286047,USD,true,2012-06-27T10:20:55+00:00
1014,570,,Chase Card Services,Wells Fargo,073275286,820950974990,USD,true,2020-12-24T14:00:55+00:00
1015,570,GEICO,GEICO,Citibank,058098701,79191588345,USD,true,2018-09-18T04:20:22+00:00
1016,571,,State Farm Insurance,PNC Bank,024546779,521082191,USD,true,2021-07-12T03:49:20+00:00
1017,571,Navient,Navient,Citibank,043802086,9671919160,USD,true,2026-06-28T19:41:22+00:00
1018,572,,Progressive,Bank of America,091268970,53953227086,USD,true,2026-09-08T18:17:31+00:00
1019,572,,Sallie Mae,PNC Bank,058271336,6769519491,USD,true,2026-01-06T07:54:26+00:00
1020,574,,PSEG,Citibank,099964814,915977814,USD,true,2018-07-19T20:00:32+00:00
1021,574,GEICO,GEICO,Wells Fargo,065897379,507007828,USD,true,2020-06-16T10:51:12+00:00
1022,574,,State Farm Insurance,PNC Bank,019759924,304658863931,USD,true,2010-09-12T04:39:24+00:00
1023,575,,Con Edison,PNC Bank,024870973,206881479,USD,true,2016-03-21T16:02:25+00:00
1024,575,State,State Farm Insurance,Bank of America,084312640,738688081261,USD,true,2026-02-02T09:00:31+00:00
1025,575,,Discover,Citibank,080790076,748510175167,USD,true,2016-12-08T07:22:33+00:00
1026,576,GEICO,GEICO,JPMorgan Chase,068342691,035911014152,USD,true,2025-06-06T22:20:27+00:00
1027,576,City,City Water Dept,Citibank,003882929,657162130440,USD,true,2020-04-15T20:46:03+00:00
1028,577,Greystar,Greystar Property Mgmt,JPMorgan Chase,048874696,6105991237,USD,true,2019-03-13T13:29:39+00:00
1029,578,,Navient,Wells Fargo,067727050,78655205483,USD,true,2020-11-03T10:12:49+00:00
1030,578,,State Farm Insurance,JPMorgan Chase,074690646,76405904408,USD,true,2018-04-10T21:28:07+00:00
1031,578,,Duke Energy,JPMorgan Chase,033692159,260644162,USD,true,2018-02-28T00:17:08+00:00
1032,578,,AT&T,Citibank,020346844,3895477160,USD,true,2018-01-09T10:15:20+00:00
1033,579,,Sallie Mae,Citibank,048057353,8844548124,USD,true,2024-07-11T22:16:50+00:00
1034,579,Con,Con Edison,Bank of America,061570986,27290892903,USD,true,2025-08-16T13:18:22+00:00
1035,580,Sallie,Sallie Mae,Wells Fargo,018813559,81039098803,USD,true,2024-09-10T13:04:47+00:00
1036,580,Comcast,Comcast Xfinity,JPMorgan Chase,025428646,44947661425,USD,true,2024-11-01T20:35:07+00:00
1037,582,Comcast,Comcast Xfinity,JPMorgan Chase,085793474,0975124179,USD,true,2026-08-04T21:47:11+00:00
1038,582,City,City Water Dept,JPMorgan Chase,042450924,030195228502,USD,true,2026-05-21T23:08:27+00:00
1039,582,Duke,Duke Energy,Citibank,047152766,3668709890,USD,true,2025-01-07T09:04:16+00:00
1040,583,GEICO,GEICO,JPMorgan Chase,045083945,7207695368,USD,true,2022-08-14T18:38:19+00:00
1041,583,Duke,Duke Energy,Bank of America,092228986,783269703,USD,true,2024-04-20T02:57:55+00:00
1042,584,,Navient,PNC Bank,067588134,52859076595,USD,true,2022-11-30T02:57:10+00:00
1043,585,Comcast,Comcast Xfinity,JPMorgan Chase,059009534,9849704703,USD,true,2022-07-02T06:06:31+00:00
1044,585,,City Water Dept,JPMorgan Chase,040529415,91458929708,USD,true,2020-10-04T12:48:35+00:00
1045,586,,Equity Residential,Wells Fargo,020680865,3662131307,USD,true,2011-03-04T13:34:25+00:00
1046,586,,Sallie Mae,Bank of America,016952159,60569873526,USD,true,2011-08-03T02:13:35+00:00
1047,587,,State Farm Insurance,JPMorgan Chase,090901481,975484119,USD,true,2013-06-30T00:02:22+00:00
1048,587,Progressive,Progressive,Citibank,094756338,8793323569,USD,true,2019-08-16T16:26:58+00:00
1049,587,City,City Water Dept,PNC Bank,091071071,26456292122,USD,true,2026-01-09T01:10:15+00:00
1050,588,Equity,Equity Residential,Bank of America,010694372,9627046487,USD,true,2018-01-15T12:16:32+00:00
1051,588,AT&T,AT&T,PNC Bank,082787357,8658236306,USD,true,2018-12-08T20:53:04+00:00
1052,588,,Duke Energy,JPMorgan Chase,027778924,83881298562,USD,true,2024-06-20T19:21:09+00:00
1053,589,,Navient,Wells Fargo,031165697,502267969917,USD,true,2026-06-17T09:43:38+00:00
1054,589,,City Water Dept,Bank of America,091646948,871125673,USD,true,2025-07-30T11:31:26+00:00
1055,590,,Comcast Xfinity,JPMorgan Chase,086277433,576593962183,USD,true,2026-06-12T20:56:29+00:00
1056,590,,Chase Card Services,Bank of America,059249166,1612668182,USD,true,2026-06-19T18:42:12+00:00
1057,591,,Chase Card Services,PNC Bank,039245765,4922920679,USD,true,2025-02-17T14:18:01+00:00
1058,591,,AT&T,JPMorgan Chase,038573599,4053986555,USD,true,2021-11-23T19:22:11+00:00
1059,591,Duke,Duke Energy,Wells Fargo,010611632,8944941302,USD,true,2025-09-30T14:30:21+00:00
1060,592,Discover,Discover,Wells Fargo,049372616,288227532,USD,true,2010-10-25T13:27:16+00:00
1061,593,,Progressive,Citibank,062612056,69076476722,USD,true,2023-05-14T12:50:02+00:00
1062,593,,Comcast Xfinity,Bank of America,045484664,3084830132,USD,true,2015-09-05T02:10:28+00:00
1063,595,,Comcast Xfinity,JPMorgan Chase,014233454,37502190324,USD,true,2018-02-04T06:20:37+00:00
1064,595,,AT&T,Wells Fargo,041332245,577833793,USD,true,2022-09-11T03:28:50+00:00
1065,596,,AT&T,Bank of America,070863827,988524967211,USD,true,2022-06-15T21:39:33+00:00
1066,596,,GEICO,Citibank,013208151,426950019684,USD,true,2026-09-08T18:02:02+00:00
1067,597,Navient,Navient,JPMorgan Chase,068737563,168143754,USD,true,2018-09-09T07:25:56+00:00
1068,597,,Equity Residential,JPMorgan Chase,074014057,2543263509,USD,true,2019-04-25T01:46:10+00:00
1069,598,Navient,Navient,JPMorgan Chase,026369036,6807763032,USD,true,2025-01-05T10:05:53+00:00
1070,599,,Greystar Property Mgmt,Bank of America,071843835,275070860,USD,true,2024-10-11T12:14:53+00:00
1071,599,Sallie,Sallie Mae,Citibank,044297604,3461173863,USD,true,2010-08-23T00:05:35+00:00
1072,600,,Progressive,PNC Bank,055631551,93041861076,USD,true,2023-05-15T05:37:18+00:00
1073,600,Sallie,Sallie Mae,PNC Bank,072809500,4837112906,USD,true,2026-01-31T20:39:05+00:00
1074,600,,AT&T,Wells Fargo,031479141,39425775138,USD,true,2024-12-31T16:51:41+00:00
1075,600,Discover,Discover,Bank of America,024442935,45462665754,USD,true,2024-03-14T10:18:04+00:00
1076,601,,Chase Card Services,Bank of America,001720947,403020559421,USD,true,2019-11-14T17:27:01+00:00
1077,601,,Equity Residential,Citibank,041067947,332031006523,USD,true,2015-09-24T12:21:57+00:00
1078,601,PSEG,PSEG,Wells Fargo,021132301,424414917,USD,true,2026-07-22T20:15:07+00:00
1079,601,City,City Water Dept,JPMorgan Chase,017923396,3992535816,USD,true,2024-01-05T16:42:50+00:00
1080,602,,State Farm Insurance,PNC Bank,019203658,841075289116,USD,true,2023-09-04T07:59:40+00:00
1081,602,Con,Con Edison,Citibank,026117134,223316888511,USD,true,2018-12-30T01:17:41+00:00
1082,602,,GEICO,JPMorgan Chase,063271543,927651603500,USD,true,2018-02-17T13:27:31+00:00
1083,603,,PSEG,Bank of America,086974465,256532038,USD,true,2025-10-15T16:00:49+00:00
1084,603,Progressive,Progressive,Wells Fargo,043540978,434417880071,USD,true,2025-09-04T04:03:32+00:00
1085,603,,City Water Dept,JPMorgan Chase,092107140,91823860420,USD,true,2026-02-13T08:12:54+00:00
1086,604,,Greystar Property Mgmt,Citibank,019006951,473940616,USD,true,2025-09-30T09:12:28+00:00
1087,604,,GEICO,PNC Bank,048188985,74315772385,USD,true,2025-10-07T23:18:55+00:00
1088,605,,Navient,JPMorgan Chase,021329101,669947593,USD,true,2025-11-14T10:18:48+00:00
1089,605,,AT&T,Wells Fargo,077757301,596210477,USD,true,2016-12-30T18:46:34+00:00
1090,606,City,City Water Dept,Citibank,016726335,248272105868,USD,true,2026-07-25T12:57:03+00:00
1091,606,Progressive,Progressive,PNC Bank,030826015,55501553853,USD,true,2026-08-09T04:22:16+00:00
1092,606,,Navient,JPMorgan Chase,019348649,769634172191,USD,true,2026-09-06T15:37:44+00:00
1093,607,,Greystar Property Mgmt,Bank of America,058792007,868726419,USD,true,2019-12-27T14:13:29+00:00
1094,607,,Discover,JPMorgan Chase,041974365,2712137145,USD,true,2018-06-06T12:04:18+00:00
1095,607,,Duke Energy,PNC Bank,091932273,985941661,USD,true,2018-12-05T10:59:36+00:00
1096,608,PSEG,PSEG,Bank of America,021569106,8511976649,USD,true,2018-08-27T20:16:56+00:00
1097,608,,Chase Card Services,PNC Bank,067119618,400456815743,USD,true,2022-07-05T18:45:32+00:00
1098,608,City,City Water Dept,JPMorgan Chase,067152836,264269226640,USD,true,2025-08-22T00:14:53+00:00
1099,608,,State Farm Insurance,PNC Bank,009141760,256320190190,USD,true,2019-06-08T12:34:10+00:00
1100,609,GEICO,GEICO,Wells Fargo,094596762,592966714963,USD,true,2017-05-18T08:34:08+00:00
1101,609,,Discover,PNC Bank,097684579,494125173071,USD,true,2023-07-29T05:17:16+00:00
1102,609,Comcast,Comcast Xfinity,PNC Bank,078535639,3098002650,USD,true,2018-10-14T10:09:52+00:00
1103,609,State,State Farm Insurance,Bank of America,018099051,5895963553,USD,true,2021-12-29T22:40:03+00:00
1104,610,Greystar,Greystar Property Mgmt,Citibank,087214772,0082863900,USD,true,2014-01-29T14:32:01+00:00
1105,610,GEICO,GEICO,JPMorgan Chase,003664749,682122797,USD,true,2016-07-10T18:14:33+00:00
1106,611,,City Water Dept,Citibank,065301775,009345746,USD,true,2017-06-10T22:05:27+00:00
1107,611,,Navient,JPMorgan Chase,052320808,2561333365,USD,true,2026-03-27T17:52:32+00:00
1108,611,Chase,Chase Card Services,Citibank,076104053,871513923418,USD,true,2020-02-29T22:48:08+00:00
1109,611,,AT&T,Wells Fargo,068674248,590564165057,USD,true,2018-07-22T12:52:50+00:00
1110,613,,Discover,JPMorgan Chase,014374837,225453800,USD,true,2022-08-25T13:45:43+00:00
1111,613,State,State Farm Insurance,JPMorgan Chase,069466674,040571886689,USD,true,2013-09-03T00:37:48+00:00
1112,614,,Sallie Mae,JPMorgan Chase,026589511,725202366191,USD,true,2013-03-03T22:20:47+00:00
1113,614,Con,Con Edison,Citibank,022866988,8264302372,USD,true,2014-08-21T12:22:42+00:00
1114,615,State,State Farm Insurance,JPMorgan Chase,017127331,6472235339,USD,true,2023-12-25T15:50:33+00:00
1115,616,,Con Edison,Bank of America,028288346,95387603299,USD,true,2020-03-16T20:03:31+00:00
1116,617,,PSEG,JPMorgan Chase,014890246,239528966,USD,true,2016-03-19T09:20:09+00:00
1117,617,,City Water Dept,JPMorgan Chase,099955818,32433657167,USD,true,2019-07-24T13:09:29+00:00
1118,617,,Comcast Xfinity,Citibank,030327335,1784182604,USD,true,2015-06-14T22:52:53+00:00
1119,618,Discover,Discover,Citibank,085913137,03889965599,USD,true,2011-10-15T18:02:26+00:00
1120,619,Duke,Duke Energy,PNC Bank,076791061,20364600987,USD,true,2025-06-25T16:45:20+00:00
1121,620,,Equity Residential,JPMorgan Chase,077356444,8487899958,USD,true,2018-09-23T01:34:13+00:00
1122,621,Equity,Equity Residential,PNC Bank,086039795,06454660964,USD,true,2020-04-15T03:19:47+00:00
1123,621,Progressive,Progressive,PNC Bank,084745153,660097753,USD,true,2011-12-21T15:24:56+00:00
1124,622,,Equity Residential,Wells Fargo,073893502,578648107,USD,true,2014-10-09T09:35:12+00:00
1125,622,Duke,Duke Energy,Bank of America,037863864,9100579648,USD,true,2015-03-16T01:31:37+00:00
1126,622,,GEICO,PNC Bank,034411437,37666991672,USD,true,2019-01-07T00:07:05+00:00
1127,623,,AT&T,Bank of America,024397628,39783111502,USD,true,2023-06-15T07:55:47+00:00
1128,623,,Progressive,PNC Bank,038184467,753340440,USD,true,2021-03-27T20:34:21+00:00
1129,624,,State Farm Insurance,Wells Fargo,011285077,9691476049,USD,true,2024-10-07T02:01:27+00:00
1130,625,Discover,Discover,Citibank,028461781,8041337801,USD,true,2011-07-08T22:08:40+00:00
1131,626,Duke,Duke Energy,Citibank,043555090,5445499525,USD,true,2025-01-15T06:38:17+00:00
1132,626,,State Farm Insurance,Bank of America,098649243,498392293,USD,true,2016-02-04T08:34:51+00:00
1133,626,City,City Water Dept,PNC Bank,074664875,5032594140,USD,true,2022-09-28T19:32:38+00:00
1134,627,,City Water Dept,Citibank,057599556,9651312801,USD,true,2026-01-03T23:44:53+00:00
1135,627,PSEG,PSEG,Bank of America,051153859,3603846757,USD,true,2026-04-08T23:46:25+00:00
1136,628,,Equity Residential,Wells Fargo,041924658,94151812222,USD,true,2026-02-28T02:44:00+00:00
1137,629,,City Water Dept,Citibank,090957502,227197560,USD,true,2025-07-11T05:00:11+00:00
1138,630,City,City Water Dept,Wells Fargo,093377328,8647862971,USD,true,2023-06-04T17:24:50+00:00
1139,632,AT&T,AT&T,Citibank,028405553,4232729702,USD,true,2025-04-23T16:16:01+00:00
1140,632,State,State Farm Insurance,JPMorgan Chase,078649131,3161453874,USD,true,2025-10-20T19:51:31+00:00
1141,632,,Greystar Property Mgmt,Wells Fargo,071558990,25402642718,USD,true,2021-01-16T05:34:18+00:00
1142,633,,Duke Energy,Citibank,064145379,336860204025,USD,true,2017-12-19T11:31:34+00:00
1143,634,,Comcast Xfinity,Wells Fargo,013457968,48887199194,USD,true,2021-05-02T21:11:20+00:00
1144,634,,Duke Energy,Citibank,011014501,616150729,USD,true,2017-07-24T06:53:29+00:00
1145,635,,Discover,Bank of America,019606145,49482202775,USD,true,2019-03-13T10:14:28+00:00
1146,635,,Greystar Property Mgmt,JPMorgan Chase,044109934,5852274164,USD,true,2016-10-25T17:29:28+00:00
1147,636,,Equity Residential,PNC Bank,071992123,818571631030,USD,true,2023-04-27T07:52:34+00:00
1148,636,,City Water Dept,Citibank,010339976,035155795,USD,true,2012-04-20T17:01:36+00:00
1149,636,AT&T,AT&T,PNC Bank,036421373,91156997150,USD,true,2011-07-29T04:32:20+00:00
1150,637,,Equity Residential,Citibank,084076691,791783746,USD,true,2011-05-24T23:41:03+00:00
1151,638,Sallie,Sallie Mae,JPMorgan Chase,043803674,230079154606,USD,true,2022-05-12T14:40:39+00:00
1152,639,,State Farm Insurance,Citibank,001548272,220069787,USD,true,2026-09-19T14:45:00+00:00
1153,639,,Equity Residential,Wells Fargo,084899007,8646752807,USD,true,2024-06-10T19:26:57+00:00
1154,640,Duke,Duke Energy,PNC Bank,054201428,969988579383,USD,true,2022-10-31T16:30:58+00:00
1155,642,,PSEG,JPMorgan Chase,041381394,140545681259,USD,true,2018-03-05T00:10:56+00:00
1156,642,,Equity Residential,PNC Bank,040189809,5388297236,USD,true,2018-06-02T11:11:53+00:00
1157,642,GEICO,GEICO,JPMorgan Chase,011857773,951241798433,USD,true,2018-01-13T01:18:40+00:00
1158,644,Con,Con Edison,Wells Fargo,098210419,922450644234,USD,true,2025-07-17T12:54:37+00:00
1159,644,,Chase Card Services,PNC Bank,016870288,11675022099,USD,true,2020-02-03T18:19:49+00:00
1160,644,,Sallie Mae,Wells Fargo,024607623,632749256,USD,true,2024-06-21T07:05:07+00:00
1161,645,Chase,Chase Card Services,Bank of America,012853936,31132008205,USD,true,2026-09-08T22:56:16+00:00
1162,645,,Greystar Property Mgmt,PNC Bank,081076934,8136029196,USD,true,2023-02-19T14:08:52+00:00
1163,646,Equity,Equity Residential,PNC Bank,016185768,247275819,USD,true,2024-05-27T06:09:41+00:00
1164,646,City,City Water Dept,Bank of America,008154853,003108277316,USD,true,2020-06-08T13:12:56+00:00
1165,647,Equity,Equity Residential,JPMorgan Chase,040975563,3400034094,USD,true,2026-03-31T17:19:57+00:00
1166,647,GEICO,GEICO,Wells Fargo,088448949,7319788785,USD,true,2025-01-20T18:38:27+00:00
1167,648,,Con Edison,PNC Bank,033956821,371175763953,USD,true,2015-11-08T23:24:42+00:00
1168,648,,Progressive,Wells Fargo,021151306,2746649989,USD,true,2023-04-28T10:14:30+00:00
1169,648,,City Water Dept,JPMorgan Chase,059562873,514342866192,USD,true,2012-04-09T22:07:43+00:00
1170,649,Discover,Discover,JPMorgan Chase,010299570,22935533605,USD,true,2025-01-23T16:38:34+00:00
1171,649,,Greystar Property Mgmt,Wells Fargo,036985709,430238545,USD,true,2022-12-03T13:57:58+00:00
1172,650,,Duke Energy,Bank of America,014818149,7922160090,USD,true,2024-12-06T02:35:57+00:00
1173,650,Navient,Navient,JPMorgan Chase,000377303,871141253839,USD,true,2025-07-23T06:38:51+00:00
1174,650,,Chase Card Services,JPMorgan Chase,074695968,2375582204,USD,true,2026-03-11T18:15:18+00:00
1175,651,PSEG,PSEG,JPMorgan Chase,034364837,02439093052,USD,true,2024-05-23T20:09:16+00:00
1176,651,State,State Farm Insurance,PNC Bank,073479185,902248493707,USD,true,2022-12-29T04:31:02+00:00
1177,651,,AT&T,PNC Bank,074420847,44403710379,USD,true,2017-01-20T04:20:48+00:00
1178,652,Chase,Chase Card Services,PNC Bank,057128218,7353458116,USD,true,2023-05-11T02:02:27+00:00
1179,652,,Comcast Xfinity,Bank of America,065792701,81064395951,USD,true,2024-11-19T13:42:28+00:00
1180,653,Greystar,Greystar Property Mgmt,PNC Bank,023662372,404069457571,USD,true,2020-10-26T16:38:07+00:00
1181,654,,Comcast Xfinity,Citibank,058770065,93517412683,USD,true,2011-05-31T03:47:29+00:00
1182,655,,Equity Residential,PNC Bank,018223990,512835318,USD,true,2022-04-08T17:02:39+00:00
1183,655,,Navient,Citibank,055775157,47382484358,USD,true,2016-10-03T20:00:00+00:00
1184,656,State,State Farm Insurance,Bank of America,007231751,0401280947,USD,true,2026-07-26T07:03:14+00:00
1185,657,Greystar,Greystar Property Mgmt,JPMorgan Chase,093420513,778526373,USD,true,2025-07-12T22:11:21+00:00
1186,657,,GEICO,JPMorgan Chase,002355330,7231570298,USD,true,2016-01-22T09:10:08+00:00
1187,658,,Sallie Mae,Citibank,041509127,611337399201,USD,true,2025-12-27T04:46:02+00:00
1188,658,,Greystar Property Mgmt,Citibank,060140436,04457623232,USD,true,2019-11-15T19:54:41+00:00
1189,658,,Navient,PNC Bank,060917319,08094502548,USD,true,2022-08-27T15:31:29+00:00
1190,658,,City Water Dept,PNC Bank,029746157,537410301135,USD,true,2020-11-10T12:50:42+00:00
1191,659,,City Water Dept,Bank of America,099227158,957696354,USD,true,2023-08-07T01:32:33+00:00
1192,661,,AT&T,Wells Fargo,003624081,962302714310,USD,true,2026-03-02T18:08:58+00:00
1193,661,,Sallie Mae,Bank of America,008224507,2591298738,USD,true,2022-01-17T01:15:19+00:00
1194,661,,Con Edison,Citibank,044514938,188561697,USD,true,2026-01-29T22:43:15+00:00
1195,662,Progressive,Progressive,Bank of America,012444339,8285458262,USD,true,2026-06-17T13:51:45+00:00
1196,663,,GEICO,JPMorgan Chase,071588290,611850217703,USD,true,2026-09-01T19:05:06+00:00
1197,664,Discover,Discover,Wells Fargo,005445944,0645125814,USD,true,2026-06-07T20:36:03+00:00
1198,664,Equity,Equity Residential,Citibank,045422034,404011349976,USD,true,2024-06-27T01:37:15+00:00
1199,665,,Sallie Mae,Citibank,022456874,810540478,USD,true,2024-04-27T01:45:31+00:00
1200,666,,GEICO,JPMorgan Chase,094392833,928538703,USD,true,2016-06-25T18:47:58+00:00
1201,666,,Comcast Xfinity,JPMorgan Chase,075077277,9908810911,USD,true,2019-06-12T23:08:30+00:00
1202,666,,Discover,PNC Bank,076263783,920010919409,USD,true,2023-05-04T21:27:53+00:00
1203,667,Duke,Duke Energy,Citibank,036851345,9827349294,USD,true,2026-06-06T00:44:14+00:00
1204,668,Navient,Navient,Wells Fargo,046439947,4997804810,USD,true,2025-05-28T17:45:14+00:00
1205,668,,Con Edison,Citibank,090565468,3641996645,USD,true,2025-10-21T13:32:44+00:00
1206,669,Con,Con Edison,Bank of America,054367105,770177018,USD,true,2013-07-31T10:47:36+00:00
1207,671,Navient,Navient,PNC Bank,012344661,589123871,USD,true,2017-08-01T00:42:49+00:00
1208,671,,Greystar Property Mgmt,Wells Fargo,097276971,678412315611,USD,true,2019-07-29T10:14:47+00:00
1209,672,Progressive,Progressive,JPMorgan Chase,093348461,370044641980,USD,true,2021-07-07T10:46:24+00:00
1210,672,,State Farm Insurance,Wells Fargo,081564398,2119213309,USD,true,2020-01-17T21:11:19+00:00
1211,673,Chase,Chase Card Services,Citibank,019067742,680390756,USD,true,2025-11-08T23:02:02+00:00
1212,673,,Navient,Bank of America,011389048,0626749174,USD,true,2021-03-07T09:41:00+00:00
1213,673,,AT&T,JPMorgan Chase,055468156,95769625866,USD,true,2026-09-03T13:05:29+00:00
1214,673,State,State Farm Insurance,PNC Bank,063049667,180320530649,USD,true,2025-11-03T07:36:40+00:00
1215,674,,Con Edison,Bank of America,008587942,14800830248,USD,true,2021-09-27T17:50:01+00:00
1216,675,GEICO,GEICO,JPMorgan Chase,087646117,32988333616,USD,true,2026-05-04T11:40:49+00:00
1217,675,,City Water Dept,PNC Bank,079007117,775802188342,USD,true,2025-05-25T17:33:49+00:00
1218,677,PSEG,PSEG,PNC Bank,090380692,51319117693,USD,true,2018-10-16T19:07:00+00:00
1219,677,City,City Water Dept,Bank of America,011031002,267993570176,USD,true,2020-06-29T18:49:59+00:00
1220,678,Discover,Discover,Wells Fargo,031976133,869060174290,USD,true,2025-04-16T14:11:21+00:00
1221,678,,City Water Dept,Wells Fargo,062981454,1059625449,USD,true,2023-10-09T12:55:22+00:00
1222,678,,PSEG,Citibank,008780154,884801408099,USD,true,2026-05-20T00:28:28+00:00
1223,678,AT&T,AT&T,Citibank,012503751,45058080155,USD,true,2026-04-09T11:41:34+00:00
1224,680,AT&T,AT&T,Citibank,055149031,479477646,USD,true,2022-12-16T17:46:13+00:00
1225,681,GEICO,GEICO,Wells Fargo,037722744,517763049,USD,true,2023-12-21T01:07:35+00:00
1226,682,PSEG,PSEG,Wells Fargo,031531148,123317383642,USD,true,2022-08-17T23:25:36+00:00
1227,683,,City Water Dept,Wells Fargo,085515303,63377318093,USD,true,2024-02-18T07:22:40+00:00
1228,684,Comcast,Comcast Xfinity,Bank of America,032813845,038364251,USD,true,2024-09-11T17:01:41+00:00
1229,685,,Progressive,JPMorgan Chase,017908758,7777446206,USD,true,2025-07-14T20:56:00+00:00
1230,685,,GEICO,JPMorgan Chase,009010090,958509115322,USD,true,2023-05-18T13:29:18+00:00
1231,686,Greystar,Greystar Property Mgmt,JPMorgan Chase,076034843,788004724571,USD,true,2025-06-08T03:09:20+00:00
1232,688,,Equity Residential,PNC Bank,026772805,720090154,USD,true,2024-05-10T17:44:05+00:00
1233,688,,City Water Dept,PNC Bank,066807975,842553961168,USD,true,2025-06-27T00:55:41+00:00
1234,689,City,City Water Dept,JPMorgan Chase,047804054,72458974196,USD,true,2020-05-29T17:15:10+00:00
1235,689,,GEICO,Citibank,045375735,942661099,USD,true,2024-08-09T19:31:17+00:00
1236,689,,Discover,JPMorgan Chase,058330535,9819371759,USD,true,2023-02-21T07:25:35+00:00
1237,690,PSEG,PSEG,Citibank,092711470,934423665,USD,true,2022-05-10T16:06:20+00:00
1238,691,Comcast,Comcast Xfinity,PNC Bank,094232365,178961419,USD,true,2020-11-09T02:09:56+00:00
1239,692,,Con Edison,Citibank,044664455,37075221850,USD,true,2024-09-25T14:23:25+00:00
1240,692,,Duke Energy,Bank of America,093206567,70273761499,USD,true,2026-05-06T02:30:19+00:00
1241,695,,Greystar Property Mgmt,JPMorgan Chase,081291799,998908839067,USD,true,2022-08-03T04:22:56+00:00
1242,695,GEICO,GEICO,PNC Bank,067270625,198716102014,USD,true,2019-05-08T07:37:43+00:00
1243,696,,Progressive,Wells Fargo,050514996,22892141558,USD,true,2025-09-11T13:17:43+00:00
1244,697,Progressive,Progressive,JPMorgan Chase,041531746,7059085641,USD,true,2026-06-26T22:15:34+00:00
1245,697,,Greystar Property Mgmt,Bank of America,075046586,4751422021,USD,true,2026-06-14T10:26:42+00:00
1246,698,AT&T,AT&T,PNC Bank,029907560,1626577122,USD,true,2022-10-02T18:12:19+00:00
1247,698,,GEICO,Bank of America,090700288,558232385160,USD,true,2025-05-06T18:00:30+00:00
1248,699,,Progressive,Wells Fargo,019033276,176664163423,USD,true,2015-12-10T04:25:20+00:00
1249,699,,Comcast Xfinity,JPMorgan Chase,009781192,454488087361,USD,true,2021-01-31T14:37:46+00:00
1250,700,Greystar,Greystar Property Mgmt,Citibank,026126392,83350493677,USD,true,2020-02-29T19:36:00+00:00
1251,700,Comcast,Comcast Xfinity,Bank of America,076398576,26260561418,USD,true,2022-03-03T13:28:31+00:00
1252,702,GEICO,GEICO,Wells Fargo,092341110,962992842,USD,true,2024-12-24T19:45:16+00:00
1253,702,,Navient,Wells Fargo,050876398,719103389,USD,true,2025-11-15T05:27:05+00:00
1254,703,GEICO,GEICO,Citibank,028079845,197102451991,USD,true,2021-05-27T23:11:06+00:00
1255,703,,Equity Residential,PNC Bank,073931694,746279887790,USD,true,2023-01-13T11:42:17+00:00
1256,703,,AT&T,Citibank,091824900,6765336330,USD,true,2025-11-02T21:18:22+00:00
1257,703,PSEG,PSEG,Bank of America,019965725,467468850,USD,true,2023-12-30T08:42:09+00:00
1258,704,Navient,Navient,Citibank,016261481,15213802251,USD,true,2011-01-26T06:25:58+00:00
1259,705,,GEICO,PNC Bank,075094228,1505744550,USD,true,2020-01-12T10:22:01+00:00
1260,705,City,City Water Dept,JPMorgan Chase,009861914,88025405777,USD,true,2020-01-16T10:41:24+00:00
1261,706,,Navient,PNC Bank,090554961,015598927058,USD,true,2022-08-10T12:27:33+00:00
1262,706,,Comcast Xfinity,Wells Fargo,087433350,655948847,USD,true,2024-01-24T10:48:52+00:00
1263,707,,Duke Energy,Bank of America,055541324,60494352923,USD,true,2025-05-22T22:38:24+00:00
1264,708,,Navient,PNC Bank,005611529,727738202640,USD,true,2024-03-29T11:34:23+00:00
1265,709,AT&T,AT&T,JPMorgan Chase,076558030,985872000023,USD,true,2017-03-04T20:54:53+00:00
1266,709,,Duke Energy,JPMorgan Chase,041432354,355755142033,USD,true,2015-03-10T04:11:19+00:00
1267,709,Greystar,Greystar Property Mgmt,Bank of America,083379085,46093675845,USD,true,2020-01-18T14:59:26+00:00
1268,710,,GEICO,PNC Bank,076941589,676511171,USD,true,2009-03-05T01:22:26+00:00
1269,710,PSEG,PSEG,Bank of America,018129870,16945554812,USD,true,2008-10-15T00:24:54+00:00
1270,712,,Discover,JPMorgan Chase,044322202,877546296,USD,true,2026-03-02T12:24:20+00:00
1271,712,,PSEG,PNC Bank,093472158,08421451009,USD,true,2024-01-15T05:03:38+00:00
1272,714,,Equity Residential,JPMorgan Chase,073520006,633388700079,USD,true,2016-09-09T21:56:36+00:00
1273,714,,AT&T,Citibank,001319850,0452056187,USD,true,2010-02-04T13:21:52+00:00
1274,715,,Navient,Citibank,041851957,474684733,USD,true,2022-11-04T01:56:36+00:00
1275,715,,Greystar Property Mgmt,Citibank,075098712,04288322274,USD,true,2023-06-19T12:33:02+00:00
1276,715,Progressive,Progressive,PNC Bank,077203342,828991182769,USD,true,2019-11-22T06:04:34+00:00
1277,715,Chase,Chase Card Services,Citibank,072246012,9308447094,USD,true,2019-02-08T11:58:53+00:00
1278,716,City,City Water Dept,JPMorgan Chase,052253618,47684283888,USD,true,2016-01-11T00:22:26+00:00
1279,716,,Greystar Property Mgmt,Wells Fargo,030154333,4705243452,USD,true,2022-06-11T02:25:27+00:00
1280,717,GEICO,GEICO,Citibank,092786327,118513393,USD,true,2023-03-31T16:31:29+00:00
1281,717,,State Farm Insurance,JPMorgan Chase,098343786,4537483448,USD,true,2025-01-16T20:22:47+00:00
1282,717,Greystar,Greystar Property Mgmt,Wells Fargo,034599617,940387307210,USD,true,2026-08-01T08:07:36+00:00
1283,718,,Navient,Wells Fargo,026989456,0675505768,USD,true,2020-08-23T23:55:19+00:00
1284,718,State,State Farm Insurance,Citibank,053443466,748802225,USD,true,2023-04-06T21:09:23+00:00
1285,718,Con,Con Edison,Bank of America,096256146,7686249826,USD,true,2010-12-09T14:43:42+00:00
1286,720,,Equity Residential,Citibank,077539391,3003446479,USD,true,2024-12-25T08:20:55+00:00
1287,720,Sallie,Sallie Mae,Bank of America,011424646,740005616184,USD,true,2023-08-29T19:36:21+00:00
1288,720,,State Farm Insurance,Citibank,064870701,78896085223,USD,true,2021-05-21T05:55:50+00:00
1289,720,,Comcast Xfinity,JPMorgan Chase,029623401,910462388,USD,true,2024-10-04T15:34:16+00:00
1290,721,,Comcast Xfinity,Citibank,050650949,3106048693,USD,true,2026-07-27T08:10:33+00:00
1291,721,State,State Farm Insurance,PNC Bank,057234797,646900947,USD,true,2021-03-09T18:57:36+00:00
1292,722,Discover,Discover,PNC Bank,085991139,696626093331,USD,true,2024-05-19T10:54:23+00:00
1293,723,,Greystar Property Mgmt,JPMorgan Chase,073612370,787461872249,USD,true,2025-10-01T20:35:50+00:00
1294,724,Progressive,Progressive,JPMorgan Chase,079584236,823656754,USD,true,2025-09-28T05:11:34+00:00
1295,724,PSEG,PSEG,Wells Fargo,030053682,54512977248,USD,true,2026-02-09T08:47:18+00:00
1296,725,State,State Farm Insurance,Wells Fargo,030375973,553412132914,USD,true,2014-02-11T05:15:15+00:00
1297,725,,GEICO,PNC Bank,003722916,4671565865,USD,true,2021-09-29T14:08:17+00:00
1298,726,Con,Con Edison,Wells Fargo,034693288,982813683365,USD,true,2026-07-05T14:37:47+00:00
1299,727,,Chase Card Services,Citibank,028084753,4017263702,USD,true,2024-10-31T02:51:49+00:00
1300,727,Duke,Duke Energy,Bank of America,073113747,95966243244,USD,true,2023-11-08T14:18:42+00:00
1301,728,PSEG,PSEG,Citibank,099596771,616150315,USD,true,2025-06-13T12:30:51+00:00
1302,729,,GEICO,PNC Bank,021972459,67106815089,USD,true,2013-10-18T13:29:49+00:00
1303,729,PSEG,PSEG,PNC Bank,021789077,091604447,USD,true,2012-11-10T15:43:57+00:00
1304,730,,Greystar Property Mgmt,Bank of America,046108285,0810269266,USD,true,2022-04-12T15:35:02+00:00
1305,730,Equity,Equity Residential,Bank of America,099295039,98200284431,USD,true,2024-04-11T07:18:09+00:00
1306,730,,Progressive,Bank of America,032047130,243936364,USD,true,2021-12-11T06:42:02+00:00
1307,730,Con,Con Edison,Bank of America,076927068,042561204,USD,true,2021-06-10T03:54:06+00:00
1308,732,,Duke Energy,JPMorgan Chase,071769702,339445402372,USD,true,2025-08-01T20:35:20+00:00
1309,732,Progressive,Progressive,PNC Bank,039728217,801942897826,USD,true,2026-07-16T19:47:29+00:00
1310,733,Navient,Navient,Citibank,038152285,8204977638,USD,true,2024-05-20T01:52:13+00:00
1311,733,,State Farm Insurance,PNC Bank,001368467,58410692276,USD,true,2023-02-09T13:57:14+00:00
1312,733,Progressive,Progressive,Bank of America,041991194,08781371609,USD,true,2014-12-20T18:04:00+00:00
1313,734,,Navient,PNC Bank,073051145,960783618595,USD,true,2014-11-11T23:03:31+00:00
1314,735,GEICO,GEICO,PNC Bank,097821412,274925714,USD,true,2009-11-24T18:03:27+00:00
1315,735,Comcast,Comcast Xfinity,Wells Fargo,083050443,5667394197,USD,true,2021-11-22T19:13:27+00:00
1316,736,,Progressive,JPMorgan Chase,070312723,7106795178,USD,true,2014-09-24T02:05:06+00:00
1317,736,PSEG,PSEG,Citibank,071258015,007914566,USD,true,2018-01-02T18:36:36+00:00
1318,736,Equity,Equity Residential,PNC Bank,076845380,115957672,USD,true,2023-04-22T00:18:28+00:00
1319,737,GEICO,GEICO,JPMorgan Chase,010119621,065098712,USD,true,2016-10-30T17:17:12+00:00
1320,737,Navient,Navient,JPMorgan Chase,088496407,54315068946,USD,true,2021-09-26T13:48:04+00:00
1321,738,,Progressive,Citibank,049177310,6306274329,USD,true,2015-07-16T17:42:27+00:00
1322,739,,Duke Energy,Citibank,022014539,6451254364,USD,true,2017-08-16T03:20:24+00:00
1323,739,,GEICO,Wells Fargo,044891244,78530209264,USD,true,2011-05-18T16:00:24+00:00
1324,739,,Chase Card Services,Bank of America,049760117,046472020,USD,true,2023-05-28T02:15:06+00:00
1325,739,,Greystar Property Mgmt,Wells Fargo,079559148,98732291652,USD,true,2011-12-01T11:54:49+00:00
1326,740,,Duke Energy,Citibank,000904903,76670426470,USD,true,2021-05-15T10:27:48+00:00
1327,741,Progressive,Progressive,Wells Fargo,056806646,002186423,USD,true,2022-05-04T20:51:45+00:00
1328,742,,Equity Residential,JPMorgan Chase,064556259,4226506304,USD,true,2017-03-08T01:56:15+00:00
1329,742,Sallie,Sallie Mae,Wells Fargo,041672845,945352561,USD,true,2019-02-08T06:07:56+00:00
1330,743,City,City Water Dept,PNC Bank,003691621,887508650,USD,true,2024-05-03T08:12:26+00:00
1331,744,,Sallie Mae,JPMorgan Chase,062985927,329750291,USD,true,2009-02-24T04:46:43+00:00
1332,744,,Discover,PNC Bank,006974362,496773159,USD,true,2022-11-01T11:05:48+00:00
1333,745,Greystar,Greystar Property Mgmt,Citibank,068324087,2181315151,USD,true,2025-03-05T17:58:16+00:00
1334,745,,Sallie Mae,Wells Fargo,094742880,1006393992,USD,true,2022-10-19T07:18:41+00:00
1335,745,,Discover,PNC Bank,001277609,2343157594,USD,true,2022-02-19T17:42:42+00:00
1336,746,Discover,Discover,JPMorgan Chase,051134363,0607713131,USD,true,2023-10-28T03:25:23+00:00
1337,746,,Comcast Xfinity,PNC Bank,043763259,633725926675,USD,true,2023-04-04T00:45:49+00:00
1338,746,Duke,Duke Energy,Wells Fargo,003151032,00767200073,USD,true,2024-10-13T12:29:06+00:00
1339,749,,State Farm Insurance,PNC Bank,027234206,3095124741,USD,true,2025-06-20T07:16:45+00:00
1340,749,Navient,Navient,PNC Bank,027543659,4269998450,USD,true,2023-11-11T12:52:42+00:00
1341,750,,State Farm Insurance,Bank of America,083737692,895609247401,USD,true,2016-08-15T07:46:47+00:00
1342,750,,AT&T,PNC Bank,000422023,158536544359,USD,true,2024-04-05T22:03:52+00:00
1343,751,,GEICO,Citibank,029653975,642234174397,USD,true,2017-02-03T06:11:44+00:00
1344,752,,City Water Dept,Bank of America,011611434,3931434398,USD,true,2023-07-23T13:54:33+00:00
1345,752,,Sallie Mae,Citibank,038853422,630157794090,USD,true,2020-01-17T16:58:55+00:00
1346,752,Con,Con Edison,JPMorgan Chase,059690374,139076838,USD,true,2025-12-16T01:21:49+00:00
1347,753,,PSEG,Bank of America,041236116,1369793806,USD,true,2026-02-13T11:51:21+00:00
1348,753,Con,Con Edison,PNC Bank,019015528,564987674,USD,true,2025-07-31T00:34:22+00:00
1349,753,,Navient,JPMorgan Chase,088544217,317058953664,USD,true,2026-02-17T23:06:51+00:00
1350,754,,PSEG,Wells Fargo,057762304,50305100010,USD,true,2022-11-14T22:16:29+00:00
1351,754,,GEICO,Wells Fargo,025325815,396331776331,USD,true,2023-03-18T20:19:44+00:00
1352,754,,AT&T,Bank of America,007146835,88190254483,USD,true,2025-07-12T16:14:42+00:00
1353,755,PSEG,PSEG,Bank of America,006217398,223065177,USD,true,2025-06-28T01:10:00+00:00
1354,756,,Con Edison,Wells Fargo,092411703,38486817479,USD,true,2010-11-25T16:35:40+00:00
1355,757,,GEICO,Citibank,014525209,3193413581,USD,true,2019-10-20T16:33:56+00:00
1356,757,,Discover,Wells Fargo,088017648,717944059,USD,true,2025-07-26T13:13:24+00:00
1357,757,Duke,Duke Energy,Wells Fargo,014987359,552232742532,USD,true,2017-05-26T16:57:52+00:00
1358,757,Greystar,Greystar Property Mgmt,Bank of America,042232063,90686008509,USD,true,2018-03-10T20:24:10+00:00
1359,759,Sallie,Sallie Mae,Wells Fargo,003018624,0284185428,USD,true,2020-04-24T20:07:22+00:00
1360,759,,GEICO,PNC Bank,011887263,992767264,USD,true,2020-06-16T09:54:56+00:00
1361,760,AT&T,AT&T,Citibank,094088360,956337144118,USD,true,2023-05-13T09:02:10+00:00
1362,760,Con,Con Edison,Bank of America,095659307,052338443,USD,true,2023-06-20T12:36:39+00:00
1363,761,,GEICO,Wells Fargo,089633488,1416764507,USD,true,2026-06-27T14:02:56+00:00
1364,761,Equity,Equity Residential,JPMorgan Chase,086409775,77747142272,USD,true,2018-09-24T01:53:44+00:00
1365,762,Comcast,Comcast Xfinity,PNC Bank,044911980,262308136594,USD,true,2025-10-12T02:03:31+00:00
1366,762,Con,Con Edison,PNC Bank,067573956,4092705141,USD,true,2019-11-09T15:45:19+00:00
1367,762,,Progressive,Citibank,071613242,90690700242,USD,true,2019-11-16T14:18:07+00:00
1368,763,Greystar,Greystar Property Mgmt,PNC Bank,045989474,850631586,USD,true,2022-05-13T12:18:14+00:00
1369,765,,Progressive,Wells Fargo,028532333,19164467769,USD,true,2025-09-07T18:40:32+00:00
1370,765,,Duke Energy,Citibank,082924060,542120285,USD,true,2025-12-08T17:48:12+00:00
1371,766,,Greystar Property Mgmt,PNC Bank,033380399,244254662999,USD,true,2022-11-23T12:43:47+00:00
1372,766,,Comcast Xfinity,Bank of America,078831663,2245860488,USD,true,2023-09-29T11:37:31+00:00
1373,766,Discover,Discover,Citibank,057784083,843511099,USD,true,2023-12-30T12:48:21+00:00
1374,768,Discover,Discover,JPMorgan Chase,029598958,67922709086,USD,true,2016-05-12T05:29:03+00:00
1375,768,,State Farm Insurance,Bank of America,060054075,5762796112,USD,true,2016-07-25T03:45:45+00:00
1376,769,,Chase Card Services,Bank of America,086922222,074292577,USD,true,2016-04-11T08:20:18+00:00
1377,769,City,City Water Dept,Citibank,089827678,70740681740,USD,true,2022-05-07T04:39:26+00:00
1378,769,Equity,Equity Residential,Citibank,063855247,524141177,USD,true,2015-01-11T17:11:25+00:00
1379,769,Duke,Duke Energy,PNC Bank,005913619,85620186114,USD,true,2017-10-22T13:58:30+00:00
1380,770,,Duke Energy,JPMorgan Chase,051672621,659616350232,USD,true,2023-02-23T21:38:34+00:00
1381,770,,GEICO,Bank of America,031422358,4801496091,USD,true,2025-11-18T08:16:41+00:00
1382,771,,Con Edison,JPMorgan Chase,044785387,05794113328,USD,true,2017-06-02T15:07:57+00:00
1383,771,State,State Farm Insurance,PNC Bank,034841091,36184820185,USD,true,2017-11-02T00:08:31+00:00
1384,771,,PSEG,JPMorgan Chase,065453422,62570346282,USD,true,2011-04-01T21:39:57+00:00
1385,771,,GEICO,Bank of America,044668314,2113693142,USD,true,2019-05-02T09:07:48+00:00
1386,773,Comcast,Comcast Xfinity,PNC Bank,077349102,53421329972,USD,true,2024-09-30T04:37:29+00:00
1387,773,Equity,Equity Residential,Citibank,067934686,14593100229,USD,true,2018-08-21T03:14:54+00:00
1388,773,Discover,Discover,Wells Fargo,083960658,18133822449,USD,true,2024-03-01T04:33:36+00:00
1389,774,,Chase Card Services,Wells Fargo,024424913,98463637562,USD,true,2023-02-22T12:03:57+00:00
1390,775,City,City Water Dept,JPMorgan Chase,061213627,117864344,USD,true,2022-07-18T15:50:08+00:00
1391,777,,PSEG,Bank of America,077287953,2287363792,USD,true,2016-05-03T17:44:09+00:00
1392,777,City,City Water Dept,PNC Bank,030137687,858222534,USD,true,2021-02-19T00:50:48+00:00
1393,778,Chase,Chase Card Services,Citibank,023644609,113235021351,USD,true,2025-04-12T16:58:56+00:00
1394,778,City,City Water Dept,Wells Fargo,024859902,273676708,USD,true,2026-05-02T20:27:48+00:00
1395,778,,PSEG,JPMorgan Chase,069420687,028287105303,USD,true,2025-04-09T19:05:21+00:00
1396,778,,GEICO,Wells Fargo,016539338,12169138853,USD,true,2026-03-18T16:59:07+00:00
1397,779,,GEICO,PNC Bank,020888453,794706705,USD,true,2021-05-14T09:56:20+00:00
1398,779,,Navient,Wells Fargo,000686271,375209064136,USD,true,2023-06-26T09:01:52+00:00
1399,780,City,City Water Dept,Citibank,079754050,319409679495,USD,true,2020-10-03T11:59:42+00:00
1400,783,,Comcast Xfinity,PNC Bank,093682433,431802130,USD,true,2024-07-14T08:42:28+00:00
1401,784,,Greystar Property Mgmt,PNC Bank,092566631,1744386073,USD,true,2022-05-09T11:39:02+00:00
1402,785,,Chase Card Services,Citibank,003163957,91189961848,USD,true,2019-03-24T07:59:43+00:00
1403,787,,PSEG,Bank of America,033279307,783006653356,USD,true,2012-08-23T04:05:16+00:00
1404,787,,AT&T,Wells Fargo,072243831,988924091,USD,true,2021-04-14T23:04:12+00:00
1405,788,,Comcast Xfinity,Citibank,011609142,530996543,USD,true,2025-12-08T20:20:24+00:00
1406,789,,Greystar Property Mgmt,Citibank,017530572,7698500073,USD,true,2018-11-06T16:47:16+00:00
1407,790,,Duke Energy,JPMorgan Chase,059007402,1236664927,USD,true,2025-12-31T04:46:14+00:00
1408,790,Navient,Navient,Citibank,058206368,6171878946,USD,true,2026-03-22T00:17:05+00:00
1409,791,,Chase Card Services,JPMorgan Chase,052990439,6782061756,USD,true,2026-03-03T16:57:13+00:00
1410,791,,Duke Energy,Wells Fargo,098786369,70724133445,USD,true,2024-10-03T01:41:36+00:00
1411,792,Equity,Equity Residential,Citibank,037607757,562292375,USD,true,2022-01-28T11:57:15+00:00
1412,792,City,City Water Dept,Citibank,027797580,870644913202,USD,true,2014-04-24T06:53:16+00:00
1413,793,,Con Edison,PNC Bank,037558765,76017219821,USD,true,2015-11-08T07:15:49+00:00
1414,793,,Duke Energy,PNC Bank,098396219,657688988,USD,true,2016-03-14T02:24:43+00:00
1415,795,State,State Farm Insurance,JPMorgan Chase,033757617,18210597815,USD,true,2024-09-22T03:33:00+00:00
1416,795,PSEG,PSEG,Wells Fargo,038255342,6169500540,USD,true,2025-10-09T00:33:26+00:00
1417,796,State,State Farm Insurance,Bank of America,025204572,94748163617,USD,true,2025-05-25T07:09:53+00:00
1418,797,Duke,Duke Energy,JPMorgan Chase,029671785,4549394447,USD,true,2021-08-22T07:23:52+00:00
1419,797,,PSEG,JPMorgan Chase,072433549,484423902,USD,true,2016-08-31T09:44:31+00:00
1420,797,,Greystar Property Mgmt,Citibank,087985261,736982942989,USD,true,2016-02-20T19:20:39+00:00
1421,797,Discover,Discover,Citibank,071340335,5978298427,USD,true,2025-01-21T23:23:47+00:00
1422,798,,Navient,Wells Fargo,055718492,620299259,USD,true,2020-01-05T05:28:31+00:00
1423,799,,Navient,Bank of America,083469641,8851393027,USD,true,2020-09-26T03:50:39+00:00
1424,799,,GEICO,Bank of America,028602776,3054639998,USD,true,2020-09-22T18:00:48+00:00
1425,799,,Comcast Xfinity,PNC Bank,091619055,811337974,USD,true,2023-02-06T02:51:55+00:00
1426,800,,AT&T,JPMorgan Chase,030104313,891200908837,USD,true,2020-04-09T11:01:47+00:00
1427,800,,Progressive,Citibank,059702638,537177501396,USD,true,2017-09-28T02:41:02+00:00
1428,801,,Progressive,Wells Fargo,037724860,507363614,USD,true,2026-01-03T09:01:22+00:00
1429,801,,PSEG,PNC Bank,007252408,824169951,USD,true,2026-02-07T13:15:36+00:00
1430,802,Sallie,Sallie Mae,JPMorgan Chase,053533848,4741384177,USD,true,2024-08-11T18:07:52+00:00
1431,802,,PSEG,PNC Bank,041184282,7738248775,USD,true,2023-08-05T13:43:03+00:00
1432,803,,Sallie Mae,Bank of America,032090070,197814718507,USD,true,2014-07-08T08:54:19+00:00
1433,804,,GEICO,Citibank,073490257,062737068540,USD,true,2017-07-30T20:15:32+00:00
1434,804,,Comcast Xfinity,PNC Bank,054445533,731332289,USD,true,2015-12-17T01:04:04+00:00
1435,804,Con,Con Edison,Wells Fargo,041298767,5354748847,USD,true,2024-12-24T15:15:37+00:00
1436,805,Progressive,Progressive,Wells Fargo,008217763,227158111,USD,true,2026-06-27T17:14:22+00:00
1437,805,Greystar,Greystar Property Mgmt,PNC Bank,027710700,9571462811,USD,true,2022-06-30T20:22:50+00:00
1438,806,,Duke Energy,Bank of America,018796192,208501026439,USD,true,2024-10-22T10:02:54+00:00
1439,806,,Chase Card Services,Bank of America,015650877,079774854,USD,true,2023-04-05T07:04:42+00:00
1440,806,,Comcast Xfinity,Citibank,050170759,9349468277,USD,true,2025-05-03T19:30:14+00:00
1441,807,Duke,Duke Energy,PNC Bank,065451831,07936512799,USD,true,2026-05-07T18:05:04+00:00
1442,807,,Chase Card Services,Bank of America,048544629,556356558,USD,true,2026-08-28T02:48:08+00:00
1443,807,Navient,Navient,Bank of America,024305200,967337338862,USD,true,2025-11-09T22:33:23+00:00
1444,807,,City Water Dept,Citibank,011155694,1534444703,USD,true,2026-02-10T03:13:42+00:00
1445,808,Sallie,Sallie Mae,Citibank,037305223,252348135056,USD,true,2021-05-23T16:11:42+00:00
1446,809,Discover,Discover,JPMorgan Chase,082632828,0706720007,USD,true,2023-09-22T14:37:05+00:00
1447,809,,Sallie Mae,JPMorgan Chase,081611096,483702952,USD,true,2017-10-17T21:52:41+00:00
1448,810,AT&T,AT&T,PNC Bank,012215928,146558266299,USD,true,2014-09-30T03:45:15+00:00
1449,810,State,State Farm Insurance,Citibank,047031324,82392409851,USD,true,2013-09-07T12:06:00+00:00
1450,810,GEICO,GEICO,PNC Bank,043164915,3440496341,USD,true,2013-06-18T10:55:39+00:00
1451,811,,GEICO,JPMorgan Chase,086986672,634452808,USD,true,2023-06-15T04:42:22+00:00
1452,811,,Discover,Bank of America,057412474,687139159076,USD,true,2024-11-14T17:58:42+00:00
1453,811,,Duke Energy,Bank of America,029463677,7272292649,USD,true,2025-03-17T14:41:37+00:00
1454,811,,Greystar Property Mgmt,PNC Bank,086830855,067209011913,USD,true,2018-07-23T03:16:18+00:00
1455,814,Navient,Navient,Wells Fargo,037439924,483021087,USD,true,2022-10-29T16:44:16+00:00
1456,814,,PSEG,Citibank,087044853,596633387,USD,true,2020-09-19T11:23:47+00:00
1457,815,,Progressive,Bank of America,046991935,031584256142,USD,true,2021-06-02T18:19:22+00:00
1458,815,,Sallie Mae,PNC Bank,093831154,924701598072,USD,true,2026-04-01T05:21:15+00:00
1459,816,,Comcast Xfinity,Citibank,085478946,10977297130,USD,true,2026-03-17T01:27:38+00:00
1460,816,,Navient,Citibank,066679812,267599882,USD,true,2026-01-23T07:07:33+00:00
1461,817,,PSEG,Bank of America,029716087,776865486,USD,true,2022-12-26T02:57:49+00:00
1462,817,Discover,Discover,Citibank,062998186,158269243935,USD,true,2024-09-15T07:25:59+00:00
1463,818,,Equity Residential,Citibank,094109084,377755799396,USD,true,2021-04-16T04:41:28+00:00
1464,818,Greystar,Greystar Property Mgmt,JPMorgan Chase,083309339,532961091,USD,true,2023-04-13T11:23:14+00:00
1465,818,PSEG,PSEG,Citibank,075337387,993082764127,USD,true,2025-01-24T11:27:23+00:00
1466,820,,PSEG,Wells Fargo,078157597,2098520279,USD,true,2025-08-25T18:40:08+00:00
1467,820,State,State Farm Insurance,Citibank,002329612,25103167086,USD,true,2026-03-18T11:04:01+00:00
1468,821,,Greystar Property Mgmt,JPMorgan Chase,018907877,7198588661,USD,true,2026-07-26T13:54:00+00:00
1469,821,,Sallie Mae,PNC Bank,054550597,5501765784,USD,true,2026-01-23T09:26:19+00:00
1470,822,,Con Edison,Bank of America,096997931,687287887,USD,true,2017-05-25T00:33:53+00:00
1471,822,,Navient,JPMorgan Chase,046430716,894056764771,USD,true,2023-05-24T18:19:04+00:00
1472,823,,Navient,Wells Fargo,096151339,59467562552,USD,true,2021-01-20T12:57:10+00:00
1473,823,,Con Edison,JPMorgan Chase,087528784,747326435347,USD,true,2024-03-09T16:24:20+00:00
1474,823,,Discover,Bank of America,013791515,124635314704,USD,true,2024-08-19T06:30:40+00:00
1475,824,,AT&T,JPMorgan Chase,024993176,800133815,USD,true,2021-02-03T07:58:07+00:00
1476,824,,Greystar Property Mgmt,Bank of America,091066846,481179172029,USD,true,2019-11-07T21:18:41+00:00
1477,825,Con,Con Edison,Bank of America,027596029,45038952078,USD,true,2016-06-15T18:05:14+00:00
1478,825,,Greystar Property Mgmt,Bank of America,012643355,705189157,USD,true,2017-12-13T01:42:40+00:00
1479,825,,Comcast Xfinity,Bank of America,092319376,29070581006,USD,true,2022-09-06T13:55:01+00:00
1480,825,,Discover,Wells Fargo,041859030,320237863,USD,true,2016-05-17T07:25:21+00:00
1481,827,,Equity Residential,Wells Fargo,001421176,734884954,USD,true,2024-08-26T02:58:34+00:00
1482,827,,Comcast Xfinity,JPMorgan Chase,009807152,241050474,USD,true,2021-09-09T06:23:15+00:00
1483,829,,Con Edison,JPMorgan Chase,041075090,2068607527,USD,true,2024-10-26T00:19:25+00:00
1484,829,,Chase Card Services,Bank of America,076200903,036680274,USD,true,2026-02-15T05:17:28+00:00
1485,829,,Sallie Mae,PNC Bank,064491878,62756183844,USD,true,2023-10-02T15:35:14+00:00
1486,829,Navient,Navient,Wells Fargo,063766884,639112144,USD,true,2025-05-25T10:00:39+00:00
1487,830,Discover,Discover,PNC Bank,077520479,47032426448,USD,true,2026-05-11T05:34:50+00:00
1488,830,GEICO,GEICO,Wells Fargo,076964762,836264141246,USD,true,2023-06-03T17:28:11+00:00
1489,831,GEICO,GEICO,Wells Fargo,076535895,38990254043,USD,true,2026-06-21T18:50:00+00:00
1490,833,AT&T,AT&T,Citibank,078942070,604978362674,USD,true,2025-07-10T13:43:43+00:00
1491,834,,Discover,PNC Bank,055363181,24258055261,USD,true,2020-02-03T03:07:23+00:00
1492,835,,Equity Residential,Wells Fargo,014339722,552906069,USD,true,2022-07-20T13:04:05+00:00
1493,836,,Sallie Mae,Bank of America,072582732,400955150913,USD,true,2026-02-22T22:34:11+00:00
1494,836,,AT&T,PNC Bank,018208136,80546542269,USD,true,2025-06-24T10:03:26+00:00
1495,836,,Equity Residential,Wells Fargo,057565758,964950185387,USD,true,2025-09-12T06:21:57+00:00
1496,836,,Chase Card Services,Citibank,037637970,587352794,USD,true,2026-01-15T08:52:34+00:00
1497,838,,Chase Card Services,Wells Fargo,009709084,362754345397,USD,true,2026-07-16T23:51:28+00:00
1498,839,Navient,Navient,Wells Fargo,027799584,83372619469,USD,true,2025-11-03T16:41:49+00:00
1499,839,,Chase Card Services,Citibank,078146375,073150618209,USD,true,2026-09-16T01:37:30+00:00
1500,839,,AT&T,Citibank,008924272,77811737123,USD,true,2026-01-27T02:35:13+00:00
1501,840,,AT&T,Citibank,083918087,046199050536,USD,true,2014-06-22T13:42:37+00:00
1502,840,,Discover,Bank of America,064277428,152299572160,USD,true,2019-04-20T09:43:34+00:00
1503,841,City,City Water Dept,Bank of America,018021185,135482363019,USD,true,2024-10-30T17:53:20+00:00
1504,841,,PSEG,PNC Bank,064259836,942775637540,USD,true,2018-08-18T20:04:59+00:00
1505,842,AT&T,AT&T,PNC Bank,068246341,54565146829,USD,true,2026-02-08T19:50:34+00:00
1506,843,GEICO,GEICO,PNC Bank,088658534,3441257791,USD,true,2010-11-17T14:56:24+00:00
1507,843,,Discover,PNC Bank,019937089,640259770,USD,true,2025-08-05T18:43:10+00:00
1508,844,City,City Water Dept,Wells Fargo,065085987,59418145273,USD,true,2026-05-08T23:18:15+00:00
1509,845,,Comcast Xfinity,Citibank,018243838,4542116446,USD,true,2013-03-01T00:44:19+00:00
1510,845,,Chase Card Services,Bank of America,081626334,9126578525,USD,true,2021-12-29T08:40:25+00:00
1511,845,,City Water Dept,Wells Fargo,031240118,1714872927,USD,true,2024-01-22T07:04:57+00:00
1512,847,,Discover,Wells Fargo,061893776,598864223129,USD,true,2011-02-22T11:59:54+00:00
1513,848,PSEG,PSEG,Citibank,099367565,973163791401,USD,true,2025-06-28T17:16:40+00:00
1514,848,Discover,Discover,PNC Bank,027841045,679556313,USD,true,2023-04-30T15:34:12+00:00
1515,850,,Greystar Property Mgmt,PNC Bank,051913234,642072406,USD,true,2020-11-21T14:04:08+00:00
1516,851,Greystar,Greystar Property Mgmt,Citibank,049764777,311712518,USD,true,2024-05-28T03:58:30+00:00
1517,851,PSEG,PSEG,JPMorgan Chase,011998896,76899186243,USD,true,2023-07-13T15:59:57+00:00
1518,851,,Equity Residential,JPMorgan Chase,013872162,77150092110,USD,true,2025-08-07T02:27:02+00:00
1519,851,,Discover,Wells Fargo,019383940,423896714254,USD,true,2023-02-19T16:26:55+00:00
1520,852,,Progressive,JPMorgan Chase,070967602,886801107379,USD,true,2011-06-30T03:23:15+00:00
1521,852,,GEICO,PNC Bank,096491244,596898286,USD,true,2015-12-06T13:03:54+00:00
1522,853,,GEICO,PNC Bank,028795639,2939905981,USD,true,2026-03-02T17:50:20+00:00
1523,853,,State Farm Insurance,Bank of America,021149222,42998119441,USD,true,2026-08-02T01:47:05+00:00
1524,853,,Sallie Mae,PNC Bank,028472064,204251744,USD,true,2025-02-10T19:34:44+00:00
1525,854,Discover,Discover,Wells Fargo,046368924,4452678895,USD,true,2026-03-22T08:21:52+00:00
1526,855,AT&T,AT&T,Citibank,053833426,253204178,USD,true,2024-05-24T02:50:52+00:00
1527,855,,Sallie Mae,Citibank,081052496,043947998288,USD,true,2022-12-30T11:14:13+00:00
1528,857,,Comcast Xfinity,Wells Fargo,068457870,42980148137,USD,true,2016-08-22T04:30:46+00:00
1529,857,,AT&T,JPMorgan Chase,029329005,721378703139,USD,true,2014-06-27T13:23:23+00:00
1530,858,,Comcast Xfinity,JPMorgan Chase,081673438,518044874,USD,true,2020-06-08T21:35:00+00:00
1531,858,Duke,Duke Energy,JPMorgan Chase,018652081,35819222688,USD,true,2026-06-09T21:08:34+00:00
1532,858,,Progressive,Bank of America,008484052,60686423489,USD,true,2024-02-18T07:40:31+00:00
1533,859,,Equity Residential,JPMorgan Chase,023358664,64431418195,USD,true,2025-05-01T13:40:27+00:00
1534,859,,Greystar Property Mgmt,Citibank,089667665,641367726,USD,true,2021-10-23T08:04:53+00:00
1535,861,,Sallie Mae,Citibank,082933728,40655967276,USD,true,2026-09-03T03:23:54+00:00
1536,862,,GEICO,Citibank,091922990,54280988379,USD,true,2025-08-02T15:05:59+00:00
1537,862,,Chase Card Services,Bank of America,078545505,9223063604,USD,true,2026-02-05T21:38:06+00:00
1538,863,,Discover,Citibank,014492004,43573925363,USD,true,2021-11-25T20:31:09+00:00
1539,863,Navient,Navient,PNC Bank,092286285,8585349484,USD,true,2019-01-23T05:01:30+00:00
1540,865,Chase,Chase Card Services,PNC Bank,013529665,414674118156,USD,true,2022-02-16T09:07:45+00:00
1541,865,GEICO,GEICO,PNC Bank,086153448,14399729356,USD,true,2026-06-06T22:41:34+00:00
1542,866,,Comcast Xfinity,PNC Bank,076840376,141790734862,USD,true,2023-11-21T04:59:06+00:00
1543,866,AT&T,AT&T,Citibank,033888709,406102982,USD,true,2016-04-15T10:25:20+00:00
1544,866,,Con Edison,Wells Fargo,017776954,644793970,USD,true,2024-07-11T18:47:32+00:00
1545,867,Con,Con Edison,Bank of America,063566063,404153659049,USD,true,2025-11-07T04:56:36+00:00
1546,868,State,State Farm Insurance,JPMorgan Chase,007915423,518971497779,USD,true,2022-05-24T23:11:02+00:00
1547,868,GEICO,GEICO,Wells Fargo,029961312,371091075624,USD,true,2018-01-08T09:27:59+00:00
1548,868,,AT&T,Citibank,027502498,870208582793,USD,true,2018-06-19T11:04:54+00:00
1549,868,,Navient,Citibank,046564124,216533630,USD,true,2023-03-27T13:04:12+00:00
1550,869,,Con Edison,JPMorgan Chase,095785417,38870305333,USD,true,2025-09-15T09:24:36+00:00
1551,870,,Navient,Citibank,089121047,940324890056,USD,true,2026-07-17T02:30:35+00:00
1552,871,,Discover,Bank of America,025612092,73321740657,USD,true,2025-11-20T17:08:15+00:00
1553,872,GEICO,GEICO,Wells Fargo,056167325,27154841130,USD,true,2026-04-24T13:18:29+00:00
1554,873,City,City Water Dept,Citibank,023329592,278819115,USD,true,2020-07-08T13:24:30+00:00
1555,873,,Discover,Bank of America,051925091,91715679517,USD,true,2026-01-02T07:10:04+00:00
1556,874,City,City Water Dept,PNC Bank,035927250,7310095503,USD,true,2024-03-03T03:10:25+00:00
1557,874,Discover,Discover,Bank of America,049028099,956736261,USD,true,2026-01-09T16:13:53+00:00
1558,875,Navient,Navient,PNC Bank,071931514,664064133,USD,true,2018-12-19T23:09:16+00:00
1559,875,Discover,Discover,Citibank,067972744,3511319062,USD,true,2024-09-04T04:32:13+00:00
1560,877,State,State Farm Insurance,Citibank,044043733,8178372704,USD,true,2016-02-24T15:09:31+00:00
1561,877,City,City Water Dept,PNC Bank,047210141,938008906,USD,true,2019-06-01T17:52:55+00:00
1562,877,,AT&T,JPMorgan Chase,060657083,8413610590,USD,true,2020-01-05T16:03:10+00:00
1563,878,,Greystar Property Mgmt,Citibank,028024011,951589194,USD,true,2023-01-13T06:26:04+00:00
1564,879,,Navient,PNC Bank,067965065,378952527,USD,true,2026-09-06T22:24:55+00:00
1565,879,,Greystar Property Mgmt,JPMorgan Chase,069721062,543624734504,USD,true,2026-07-22T10:10:36+00:00
1566,879,AT&T,AT&T,PNC Bank,010329347,2335519768,USD,true,2026-05-19T00:37:35+00:00
1567,880,,Progressive,Bank of America,073503583,155354587710,USD,true,2026-03-05T06:00:53+00:00
1568,880,,Discover,Bank of America,044979854,922555329,USD,true,2024-06-18T00:21:33+00:00
1569,881,,Chase Card Services,Wells Fargo,008966908,125816055,USD,true,2024-01-13T06:55:05+00:00
1570,881,,PSEG,PNC Bank,045746555,8867978795,USD,true,2023-03-02T22:11:34+00:00
1571,881,,Progressive,Citibank,093492095,7824904349,USD,true,2024-12-15T21:07:11+00:00
1572,881,State,State Farm Insurance,JPMorgan Chase,035022800,9641863673,USD,true,2025-01-30T03:16:51+00:00
1573,882,,Discover,Bank of America,077935487,93070900491,USD,true,2026-05-31T01:40:24+00:00
1574,882,PSEG,PSEG,Citibank,024128047,8957831697,USD,true,2026-04-23T17:19:30+00:00
1575,882,Comcast,Comcast Xfinity,JPMorgan Chase,092230750,26582280642,USD,true,2024-06-30T08:13:23+00:00
1576,883,,Equity Residential,Bank of America,004336223,14940698835,USD,true,2023-02-20T05:20:23+00:00
1577,883,,Progressive,Wells Fargo,020078686,7203214355,USD,true,2010-06-27T19:52:54+00:00
1578,884,State,State Farm Insurance,Bank of America,051982215,672632503,USD,true,2024-05-14T12:27:32+00:00
1579,884,City,City Water Dept,JPMorgan Chase,025072714,80984699793,USD,true,2020-08-17T16:30:54+00:00
1580,885,Comcast,Comcast Xfinity,Bank of America,098280259,626237629655,USD,true,2024-03-16T20:57:54+00:00
1581,885,,AT&T,Bank of America,081742440,165863447,USD,true,2022-07-13T03:01:37+00:00
1582,886,Duke,Duke Energy,Citibank,083262497,914430143876,USD,true,2020-11-13T07:20:17+00:00
1583,886,Chase,Chase Card Services,Wells Fargo,036476439,905744592333,USD,true,2020-10-07T22:45:28+00:00
1584,887,,PSEG,JPMorgan Chase,064190935,70305010611,USD,true,2025-03-10T21:29:43+00:00
1585,887,,Progressive,Bank of America,028951690,78168647208,USD,true,2017-06-08T21:39:50+00:00
1586,887,,AT&T,JPMorgan Chase,017222314,568742328,USD,true,2021-09-22T17:13:07+00:00
1587,888,,State Farm Insurance,JPMorgan Chase,012831842,456942582,USD,true,2026-01-06T03:30:37+00:00
1588,889,Equity,Equity Residential,Citibank,026497105,71421718152,USD,true,2021-07-12T06:55:32+00:00
1589,889,,Duke Energy,Wells Fargo,009418185,4786218035,USD,true,2023-07-02T16:35:33+00:00
1590,889,,Sallie Mae,JPMorgan Chase,030682576,533658896621,USD,true,2023-01-16T22:56:47+00:00
1591,890,,GEICO,Wells Fargo,090114275,479996376024,USD,true,2024-10-11T04:44:15+00:00
1592,891,Progressive,Progressive,Wells Fargo,093282894,908574430,USD,true,2015-12-04T08:05:05+00:00
1593,891,Equity,Equity Residential,Wells Fargo,049156088,725755044,USD,true,2014-11-08T11:41:51+00:00
1594,892,,City Water Dept,Wells Fargo,010452421,784819285,USD,true,2026-02-07T17:24:13+00:00
1595,892,State,State Farm Insurance,JPMorgan Chase,054534997,729277995420,USD,true,2026-03-08T17:05:41+00:00
1596,893,Greystar,Greystar Property Mgmt,Wells Fargo,025949555,723255097532,USD,true,2022-05-18T09:36:11+00:00
1597,894,GEICO,GEICO,JPMorgan Chase,042494204,962577352413,USD,true,2012-03-09T05:39:30+00:00
1598,894,Equity,Equity Residential,Bank of America,015986666,7469196637,USD,true,2019-04-14T21:40:42+00:00
1599,895,Chase,Chase Card Services,Bank of America,032888627,58420234244,USD,true,2024-01-16T03:31:08+00:00
1600,896,,Greystar Property Mgmt,Citibank,022991722,440147222,USD,true,2009-10-01T00:28:52+00:00
1601,896,,State Farm Insurance,Wells Fargo,024930450,981815049,USD,true,2014-06-06T14:32:37+00:00
1602,897,,Progressive,JPMorgan Chase,078134619,857248723,USD,true,2019-03-30T22:32:35+00:00
1603,898,Duke,Duke Energy,Bank of America,098579424,0163159910,USD,true,2025-09-22T16:53:39+00:00
1604,898,,City Water Dept,JPMorgan Chase,006538169,7528977789,USD,true,2025-05-28T03:39:27+00:00
1605,898,,PSEG,PNC Bank,045100744,716470341,USD,true,2024-01-28T13:31:09+00:00
1606,898,,Sallie Mae,PNC Bank,042479931,9561967755,USD,true,2026-01-20T12:39:01+00:00
1607,899,,Duke Energy,Bank of America,094958332,909143318753,USD,true,2026-04-12T15:29:16+00:00
1608,899,AT&T,AT&T,Wells Fargo,057022672,824434706,USD,true,2026-02-25T03:09:26+00:00
1609,900,,Sallie Mae,PNC Bank,074716956,6860177850,USD,true,2019-11-28T15:50:27+00:00
1610,900,,Con Edison,Citibank,077421561,739852608,USD,true,2025-09-21T04:04:17+00:00
1611,901,State,State Farm Insurance,Bank of America,023007467,292640614242,USD,true,2025-05-03T03:00:25+00:00
1612,901,,Duke Energy,Citibank,014665187,8222261576,USD,true,2025-01-22T17:02:35+00:00
1613,901,,Sallie Mae,Citibank,096049523,2541709408,USD,true,2023-07-19T13:49:37+00:00
1614,901,City,City Water Dept,Citibank,043237527,3195319210,USD,true,2024-05-31T13:08:19+00:00
1615,902,State,State Farm Insurance,Bank of America,068426586,1719779805,USD,true,2017-03-09T05:13:28+00:00
1616,904,,Duke Energy,Citibank,030430045,119569580652,USD,true,2025-07-13T03:55:25+00:00
1617,904,Sallie,Sallie Mae,PNC Bank,067497604,34166720170,USD,true,2024-07-07T23:23:38+00:00
1618,905,,AT&T,Citibank,076017248,102856307,USD,true,2025-11-09T13:16:56+00:00
1619,905,GEICO,GEICO,Wells Fargo,013468258,801941667,USD,true,2022-10-20T18:46:45+00:00
1620,907,Con,Con Edison,Citibank,072059388,020761561176,USD,true,2022-01-11T09:17:20+00:00
1621,907,Navient,Navient,Citibank,054630446,838470115,USD,true,2025-12-30T13:30:13+00:00
1622,908,Sallie,Sallie Mae,Wells Fargo,048908816,5578003342,USD,true,2020-04-07T20:16:38+00:00
1623,908,Navient,Navient,JPMorgan Chase,080465860,40940522246,USD,true,2018-12-02T21:27:23+00:00
1624,910,State,State Farm Insurance,JPMorgan Chase,028862526,675349086013,USD,true,2026-09-06T11:00:44+00:00
1625,910,Greystar,Greystar Property Mgmt,Wells Fargo,074287015,1899719071,USD,true,2019-01-23T19:49:24+00:00
1626,912,State,State Farm Insurance,Wells Fargo,096914087,4364550732,USD,true,2023-11-24T12:30:53+00:00
1627,913,Comcast,Comcast Xfinity,Bank of America,098187410,7312743981,USD,true,2017-07-31T00:33:23+00:00
1628,913,,Duke Energy,JPMorgan Chase,000404096,7310114884,USD,true,2024-06-22T07:35:56+00:00
1629,913,,GEICO,Bank of America,024690134,03933534120,USD,true,2020-05-24T10:44:10+00:00
1630,914,,Greystar Property Mgmt,Bank of America,074113287,428642009,USD,true,2009-03-20T13:24:07+00:00
1631,914,Sallie,Sallie Mae,Bank of America,052969208,6927534813,USD,true,2017-05-14T09:08:50+00:00
1632,914,,Equity Residential,JPMorgan Chase,040485457,502571760146,USD,true,2021-12-05T20:59:34+00:00
1633,915,,Duke Energy,JPMorgan Chase,021445696,69159140492,USD,true,2015-06-14T04:21:57+00:00
1634,916,,AT&T,Wells Fargo,086795002,62545253121,USD,true,2025-11-26T10:11:58+00:00
1635,917,,City Water Dept,Citibank,083199649,3278812816,USD,true,2024-04-24T19:30:52+00:00
1636,918,,PSEG,Citibank,090454590,208818467449,USD,true,2018-07-18T14:01:51+00:00
1637,919,,Chase Card Services,Wells Fargo,085984101,768608968066,USD,true,2019-01-11T06:27:25+00:00
1638,920,State,State Farm Insurance,JPMorgan Chase,066320667,5956906527,USD,true,2019-06-22T09:01:50+00:00
1639,920,,Con Edison,Wells Fargo,053836352,59980669693,USD,true,2024-11-09T08:49:47+00:00
1640,920,Duke,Duke Energy,Bank of America,061001711,250660728757,USD,true,2023-03-19T14:43:13+00:00
1641,920,,Sallie Mae,Wells Fargo,054830442,3964151425,USD,true,2019-02-11T22:17:34+00:00
1642,921,,GEICO,Wells Fargo,062190935,442617442,USD,true,2022-02-22T09:20:19+00:00
1643,921,Navient,Navient,Wells Fargo,088276136,17509080060,USD,true,2026-04-29T15:57:55+00:00
1644,921,,Con Edison,Bank of America,005002695,4331322557,USD,true,2026-04-01T05:02:04+00:00
1645,921,Progressive,Progressive,PNC Bank,006509400,948954792,USD,true,2021-10-31T07:07:48+00:00
1646,922,,Comcast Xfinity,JPMorgan Chase,064483835,0336192519,USD,true,2024-12-26T08:37:53+00:00
1647,922,Discover,Discover,JPMorgan Chase,017564313,629482382430,USD,true,2026-06-09T17:59:37+00:00
1648,923,Con,Con Edison,PNC Bank,083639242,649339934,USD,true,2026-05-21T04:34:26+00:00
1649,923,Sallie,Sallie Mae,Bank of America,092588707,1407387809,USD,true,2025-03-18T01:00:29+00:00
1650,924,State,State Farm Insurance,Citibank,071317473,9148699600,USD,true,2018-09-23T13:17:39+00:00
1651,925,,GEICO,PNC Bank,071946170,32698796649,USD,true,2023-02-07T15:15:31+00:00
1652,926,State,State Farm Insurance,Citibank,012604434,25694470288,USD,true,2017-05-16T08:55:05+00:00
1653,926,,PSEG,Wells Fargo,075800145,47622381937,USD,true,2022-03-18T08:36:29+00:00
1654,928,,Chase Card Services,JPMorgan Chase,096508485,019858944,USD,true,2024-03-08T11:23:10+00:00
1655,929,City,City Water Dept,PNC Bank,090935962,228540678263,USD,true,2017-09-30T17:26:19+00:00
1656,929,,Progressive,Bank of America,073527342,334725560,USD,true,2021-07-30T17:34:45+00:00
1657,930,,Sallie Mae,Bank of America,030208050,680285347,USD,true,2024-09-09T01:57:41+00:00
1658,930,AT&T,AT&T,Citibank,017444490,1285040618,USD,true,2018-08-01T03:04:46+00:00
1659,931,,Progressive,PNC Bank,080471787,6156344254,USD,true,2019-03-17T05:28:34+00:00
1660,933,,Navient,Bank of America,006043783,221717219,USD,true,2026-07-02T21:56:56+00:00
1661,933,State,State Farm Insurance,JPMorgan Chase,030590677,592566734909,USD,true,2026-09-10T10:35:39+00:00
1662,933,Sallie,Sallie Mae,PNC Bank,000477940,169676781,USD,true,2026-03-25T21:37:58+00:00
1663,933,,Duke Energy,PNC Bank,076749972,679768143673,USD,true,2026-03-03T16:52:53+00:00
1664,934,,PSEG,Citibank,063333417,892091448,USD,true,2023-09-13T10:03:46+00:00
1665,934,,AT&T,Bank of America,096598718,1840002754,USD,true,2025-01-05T10:07:45+00:00
1666,934,,Duke Energy,Wells Fargo,018730859,5846528651,USD,true,2023-09-01T20:19:02+00:00
1667,934,Equity,Equity Residential,Citibank,058419551,15172013530,USD,true,2025-06-13T17:43:10+00:00
1668,935,PSEG,PSEG,Citibank,080713131,094692696,USD,true,2024-10-07T11:19:47+00:00
1669,935,,Duke Energy,Bank of America,020120285,250150559,USD,true,2025-10-26T00:07:51+00:00
1670,935,,City Water Dept,Wells Fargo,096973748,206735127,USD,true,2022-06-10T10:38:11+00:00
1671,936,,State Farm Insurance,PNC Bank,061286358,1614055684,USD,true,2017-12-19T17:07:45+00:00
1672,936,Equity,Equity Residential,PNC Bank,029628350,555535539697,USD,true,2026-08-05T04:42:58+00:00
1673,937,Navient,Navient,PNC Bank,072326414,8183470025,USD,true,2025-01-29T23:30:41+00:00
1674,937,Comcast,Comcast Xfinity,Citibank,039468955,960895387,USD,true,2018-12-27T19:03:35+00:00
1675,937,,Sallie Mae,Citibank,072242882,407080164876,USD,true,2016-05-22T14:11:10+00:00
1676,938,Duke,Duke Energy,JPMorgan Chase,015072584,977404396847,USD,true,2021-05-03T17:11:30+00:00
1677,939,Duke,Duke Energy,Citibank,003118135,091845143,USD,true,2026-03-28T06:36:56+00:00
1678,939,PSEG,PSEG,Citibank,009128699,287614535905,USD,true,2026-03-12T22:40:38+00:00
1679,939,Con,Con Edison,JPMorgan Chase,050424619,7882696026,USD,true,2025-10-08T12:29:04+00:00
1680,940,,Equity Residential,Bank of America,097636676,23747843272,USD,true,2024-07-13T17:26:36+00:00
1681,940,Con,Con Edison,Bank of America,067015988,902013654,USD,true,2023-09-21T05:29:24+00:00
1682,941,,Discover,Bank of America,088359154,963089578,USD,true,2020-01-13T17:34:58+00:00
1683,941,Duke,Duke Energy,Bank of America,071350559,207030054,USD,true,2021-09-09T23:19:43+00:00
1684,942,,State Farm Insurance,Wells Fargo,083030522,326356443367,USD,true,2021-10-07T17:52:00+00:00
1685,942,,GEICO,JPMorgan Chase,010195142,184812431,USD,true,2022-04-25T03:25:59+00:00
1686,942,,Progressive,JPMorgan Chase,027557569,793770666,USD,true,2020-10-07T02:57:59+00:00
1687,942,Equity,Equity Residential,Citibank,012987986,7994338545,USD,true,2023-05-01T11:05:02+00:00
1688,943,,PSEG,Citibank,099995576,965149468010,USD,true,2022-05-14T04:48:23+00:00
1689,944,,GEICO,Bank of America,046745775,191933831834,USD,true,2026-03-24T21:57:31+00:00
1690,944,,Sallie Mae,PNC Bank,088486637,8881503785,USD,true,2026-07-22T11:56:10+00:00
1691,944,,Discover,Citibank,085738454,43105666242,USD,true,2026-05-10T12:13:10+00:00
1692,944,,Duke Energy,JPMorgan Chase,027417624,081920578542,USD,true,2026-09-07T03:11:02+00:00
1693,946,,Sallie Mae,Wells Fargo,022425014,349876322865,USD,true,2019-11-05T11:25:08+00:00
1694,948,Chase,Chase Card Services,Bank of America,020413873,795030510509,USD,true,2019-10-29T06:09:12+00:00
1695,948,AT&T,AT&T,PNC Bank,049772544,029982938,USD,true,2024-01-25T03:14:07+00:00
1696,948,,Sallie Mae,Wells Fargo,023204145,591027489752,USD,true,2026-01-25T08:22:57+00:00
1697,949,,AT&T,Bank of America,043616965,628906968313,USD,true,2025-03-05T21:20:33+00:00
1698,949,,Equity Residential,PNC Bank,009987862,279221301,USD,true,2022-01-10T07:58:59+00:00
1699,949,,Comcast Xfinity,Bank of America,072373947,342120625528,USD,true,2025-02-11T08:45:54+00:00
1700,950,,Duke Energy,PNC Bank,001822719,09055449141,USD,true,2018-10-02T06:41:08+00:00
1701,951,Sallie,Sallie Mae,Wells Fargo,037983742,27915335303,USD,true,2015-09-29T21:33:03+00:00
1702,951,Progressive,Progressive,Wells Fargo,034996605,87566255618,USD,true,2014-11-11T12:34:17+00:00
1703,951,Equity,Equity Residential,Wells Fargo,002158398,045992789383,USD,true,2026-05-11T21:34:32+00:00
1704,952,,Navient,Wells Fargo,016024483,741116796524,USD,true,2014-10-18T01:50:55+00:00
1705,952,City,City Water Dept,Bank of America,032654347,67401342872,USD,true,2022-04-23T05:56:42+00:00
1706,953,,Navient,PNC Bank,021226112,23847699901,USD,true,2021-10-01T20:57:01+00:00
1707,953,,Chase Card Services,JPMorgan Chase,037479329,435234862977,USD,true,2021-08-04T04:02:56+00:00
1708,954,State,State Farm Insurance,Wells Fargo,034749287,5063606838,USD,true,2015-12-07T05:32:18+00:00
1709,954,Chase,Chase Card Services,Bank of America,020532268,57760796487,USD,true,2024-01-30T21:35:18+00:00
1710,954,Discover,Discover,Citibank,033492917,38941994288,USD,true,2021-06-11T00:50:04+00:00
1711,955,Progressive,Progressive,PNC Bank,070268652,570917419,USD,true,2024-03-24T07:32:30+00:00
1712,955,,Chase Card Services,Wells Fargo,061404509,387247548892,USD,true,2017-05-08T05:13:13+00:00
1713,956,AT&T,AT&T,PNC Bank,006125325,4074361584,USD,true,2019-08-15T07:26:06+00:00
1714,956,,Duke Energy,PNC Bank,056463718,7267887067,USD,true,2019-02-19T11:05:28+00:00
1715,957,,Chase Card Services,PNC Bank,007039300,66274768574,USD,true,2020-07-25T14:41:28+00:00
1716,958,AT&T,AT&T,Citibank,011020866,138333957,USD,true,2024-01-20T10:03:52+00:00
1717,958,,Con Edison,Wells Fargo,082503039,3725784090,USD,true,2023-11-29T00:05:36+00:00
1718,959,,Equity Residential,JPMorgan Chase,026380016,137080798,USD,true,2021-01-23T17:00:37+00:00
1719,960,Discover,Discover,JPMorgan Chase,019001425,43163408919,USD,true,2026-04-15T04:43:22+00:00
1720,960,Greystar,Greystar Property Mgmt,JPMorgan Chase,074591852,74482147484,USD,true,2026-05-10T14:28:56+00:00
1721,960,,Con Edison,Citibank,012380422,720509142,USD,true,2026-09-09T12:17:40+00:00
1722,961,GEICO,GEICO,PNC Bank,023616366,435153692211,USD,true,2024-10-21T02:27:06+00:00
1723,963,,Navient,Citibank,052082746,810443094,USD,true,2025-09-26T03:21:25+00:00
1724,963,City,City Water Dept,JPMorgan Chase,078451982,44258427581,USD,true,2018-12-23T17:03:54+00:00
1725,963,Comcast,Comcast Xfinity,Bank of America,049117153,993888646636,USD,true,2020-03-12T04:13:42+00:00
1726,963,Equity,Equity Residential,Citibank,062385349,02187376350,USD,true,2024-10-17T08:48:47+00:00
1727,964,,GEICO,JPMorgan Chase,023717824,174533145,USD,true,2025-04-29T20:39:48+00:00
1728,964,State,State Farm Insurance,Bank of America,032158085,14832029697,USD,true,2026-03-05T09:25:42+00:00
1729,968,,City Water Dept,JPMorgan Chase,084260902,6201335775,USD,true,2016-11-19T11:34:40+00:00
1730,968,,GEICO,Bank of America,001649366,939268523430,USD,true,2021-08-27T21:12:19+00:00
1731,968,,Sallie Mae,PNC Bank,008731283,072716835029,USD,true,2015-12-23T16:58:58+00:00
1732,968,,Equity Residential,Bank of America,097167143,44550561705,USD,true,2025-01-16T20:33:07+00:00
1733,969,,City Water Dept,Wells Fargo,064068286,670062635601,USD,true,2025-11-21T20:01:26+00:00
1734,969,State,State Farm Insurance,JPMorgan Chase,030964675,887422424253,USD,true,2024-10-01T08:52:16+00:00
1735,969,,Chase Card Services,JPMorgan Chase,048669781,118750816779,USD,true,2025-11-29T10:51:28+00:00
1736,970,,AT&T,JPMorgan Chase,051332454,39533212919,USD,true,2023-06-09T18:30:22+00:00
1737,970,,Duke Energy,JPMorgan Chase,098138528,551160764717,USD,true,2023-07-19T00:28:36+00:00
1738,971,Duke,Duke Energy,JPMorgan Chase,033236858,151649201,USD,true,2025-08-11T15:50:12+00:00
1739,972,,Chase Card Services,Bank of America,004912109,447683858059,USD,true,2021-03-17T03:17:21+00:00
1740,972,Navient,Navient,JPMorgan Chase,009334277,105090897171,USD,true,2023-12-12T00:39:51+00:00
1741,972,,AT&T,Citibank,035627549,243163254043,USD,true,2019-11-25T06:47:44+00:00
1742,973,,Navient,PNC Bank,065112388,7015024340,USD,true,2023-07-28T06:54:53+00:00
1743,974,Discover,Discover,Wells Fargo,067791856,4381150742,USD,true,2020-08-15T04:06:42+00:00
1744,975,,GEICO,PNC Bank,009141892,652369630476,USD,true,2025-06-06T14:20:45+00:00
1745,975,,State Farm Insurance,JPMorgan Chase,033985837,40756613137,USD,true,2025-09-30T17:32:57+00:00
1746,975,Equity,Equity Residential,PNC Bank,084326003,3429286149,USD,true,2026-05-05T07:30:15+00:00
1747,976,Duke,Duke Energy,Bank of America,029175297,8969618502,USD,true,2025-07-10T11:35:24+00:00
1748,976,,Discover,PNC Bank,088703377,363652594,USD,true,2023-05-31T17:08:20+00:00
1749,976,,AT&T,Wells Fargo,069603319,4094403684,USD,true,2024-07-08T17:48:30+00:00
1750,977,,Discover,JPMorgan Chase,019234389,5639075250,USD,true,2025-06-14T13:09:42+00:00
1751,978,GEICO,GEICO,Bank of America,037776582,50336665384,USD,true,2022-08-12T01:49:03+00:00
1752,978,,City Water Dept,Bank of America,042621549,38530418871,USD,true,2021-03-29T12:18:52+00:00
1753,978,Progressive,Progressive,JPMorgan Chase,017023396,2185370307,USD,true,2012-04-04T08:53:26+00:00
1754,980,,City Water Dept,Wells Fargo,042722887,096807593,USD,true,2015-12-09T01:04:21+00:00
1755,980,,Equity Residential,Wells Fargo,083926323,5038682760,USD,true,2021-04-30T03:04:03+00:00
1756,981,,Progressive,Wells Fargo,093980344,985205736,USD,true,2026-03-25T11:31:29+00:00
1757,981,Chase,Chase Card Services,Citibank,047715029,732224309,USD,true,2023-02-16T06:50:00+00:00
1758,982,,Sallie Mae,Bank of America,045810855,8582539478,USD,true,2024-04-19T22:16:41+00:00
1759,982,,PSEG,Citibank,081847844,9936883762,USD,true,2026-02-09T22:55:36+00:00
1760,983,,Navient,Bank of America,065076491,397239027094,USD,true,2020-03-04T11:53:22+00:00
1761,983,,Sallie Mae,Citibank,085454140,91168976830,USD,true,2021-03-25T23:30:21+00:00
1762,983,PSEG,PSEG,Citibank,040495583,319292730294,USD,true,2022-07-27T02:25:26+00:00
1763,983,,State Farm Insurance,Wells Fargo,057849306,9421659315,USD,true,2022-12-10T04:11:25+00:00
1764,984,Equity,Equity Residential,Citibank,039900086,119776507197,USD,true,2016-10-11T05:24:10+00:00
1765,984,,Comcast Xfinity,Wells Fargo,046294292,217590390,USD,true,2013-01-07T22:29:31+00:00
1766,984,,Greystar Property Mgmt,Citibank,013841281,4537326377,USD,true,2016-03-04T01:56:15+00:00
1767,985,,Sallie Mae,Citibank,034303541,44377554370,USD,true,2022-01-08T11:28:28+00:00
1768,985,,Chase Card Services,PNC Bank,069545954,96114499500,USD,true,2017-04-12T17:35:14+00:00
1769,986,AT&T,AT&T,PNC Bank,060002255,8566460328,USD,true,2015-12-02T13:40:06+00:00
1770,987,,Sallie Mae,Wells Fargo,077056450,29678249843,USD,true,2023-08-16T21:32:33+00:00
1771,987,,Discover,Wells Fargo,048816526,80773451302,USD,true,2014-04-13T10:31:44+00:00
1772,988,Con,Con Edison,PNC Bank,056260834,593994409727,USD,true,2020-05-03T19:00:13+00:00
1773,988,Sallie,Sallie Mae,PNC Bank,094684958,330050682616,USD,true,2025-12-28T19:11:41+00:00
1774,988,,Greystar Property Mgmt,Bank of America,035932278,777576360,USD,true,2020-05-24T09:32:39+00:00
1775,991,Chase,Chase Card Services,Wells Fargo,018728120,961357996400,USD,true,2017-11-16T10:17:53+00:00
1776,992,,Comcast Xfinity,Bank of America,063355780,5038944991,USD,true,2022-08-18T12:35:14+00:00
1777,992,State,State Farm Insurance,PNC Bank,026102543,885752271851,USD,true,2023-01-14T08:17:35+00:00
1778,992,,Equity Residential,Wells Fargo,086195713,41479453431,USD,true,2020-01-29T18:33:19+00:00
1779,993,Duke,Duke Energy,Wells Fargo,023022155,17513592468,USD,true,2024-08-04T23:22:06+00:00
1780,995,,Sallie Mae,Wells Fargo,012095205,591784289487,USD,true,2022-04-11T23:00:10+00:00
1781,995,,PSEG,PNC Bank,096555841,713361391,USD,true,2023-10-21T23:33:27+00:00
1782,996,Discover,Discover,Bank of America,015576303,65703261989,USD,true,2012-07-26T15:52:26+00:00
1783,997,,Chase Card Services,Citibank,006738668,932692807222,USD,true,2023-06-21T09:30:03+00:00
1784,997,Con,Con Edison,PNC Bank,098124892,44053536048,USD,true,2024-07-13T17:35:28+00:00
1785,997,,AT&T,JPMorgan Chase,055673953,38746441133,USD,true,2025-07-12T21:49:23+00:00
1786,997,Discover,Discover,Wells Fargo,097369116,755742173,USD,true,2023-11-15T13:04:38+00:00
1787,998,,Equity Residential,Bank of America,008068646,035630773924,USD,true,2017-01-27T07:16:06+00:00
1788,998,Progressive,Progressive,Citibank,076525385,63063153921,USD,true,2017-04-29T19:24:01+00:00
1789,999,,Con Edison,JPMorgan Chase,001997370,91574882593,USD,true,2025-09-27T08:21:49+00:00
1790,999,GEICO,GEICO,JPMorgan Chase,063280523,57223851328,USD,true,2022-06-21T15:59:48+00:00
1791,1001,,Sallie Mae,JPMorgan Chase,099433790,628771277,USD,true,2022-12-18T20:33:13+00:00
1792,1001,City,City Water Dept,Wells Fargo,023232163,787769902107,USD,true,2023-12-13T20:28:05+00:00
1793,1003,City,City Water Dept,Citibank,045414394,5174637290,USD,true,2026-06-08T02:53:39+00:00
1794,1003,,Con Edison,Citibank,099201659,82610566283,USD,true,2026-09-17T14:12:35+00:00
1795,1004,,Duke Energy,Bank of America,007338470,584061825,USD,true,2022-07-08T20:26:35+00:00
1796,1005,Greystar,Greystar Property Mgmt,Bank of America,028225287,21518310442,USD,true,2026-04-17T08:43:51+00:00
1797,1005,,Equity Residential,JPMorgan Chase,038593142,84075903446,USD,true,2026-03-03T20:08:03+00:00
1798,1005,,Duke Energy,Wells Fargo,072124899,879017143859,USD,true,2026-04-30T09:02:26+00:00
1799,1007,Duke,Duke Energy,Wells Fargo,071586987,44812043198,USD,true,2026-03-11T19:25:22+00:00
1800,1008,PSEG,PSEG,Bank of America,009937588,8552373618,USD,true,2017-07-26T15:59:08+00:00
1801,1008,,Con Edison,PNC Bank,002429902,372321031139,USD,true,2017-08-31T11:49:09+00:00
1802,1008,Equity,Equity Residential,Citibank,095526521,5508727394,USD,true,2024-08-20T19:35:23+00:00
1803,1009,State,State Farm Insurance,Citibank,016873026,122922575,USD,true,2024-04-27T07:19:17+00:00
1804,1009,,Chase Card Services,Citibank,055215974,838555086,USD,true,2020-01-10T12:54:29+00:00
1805,1009,,Duke Energy,Bank of America,037679694,411393938138,USD,true,2014-12-04T06:56:27+00:00
1806,1010,,City Water Dept,Wells Fargo,002207490,320053514984,USD,true,2017-10-02T21:00:23+00:00
1807,1010,,Navient,Bank of America,022891192,1220790783,USD,true,2008-06-16T04:20:59+00:00
1808,1010,,Progressive,Citibank,047364623,576932228074,USD,true,2014-12-07T06:18:30+00:00
1809,1010,,Greystar Property Mgmt,Citibank,002246526,681324697,USD,true,2015-07-30T07:11:12+00:00
1810,1011,,Navient,Bank of America,048684540,983849700,USD,true,2018-07-28T22:10:26+00:00
1811,1011,Discover,Discover,JPMorgan Chase,025926758,731335492,USD,true,2019-12-04T06:53:35+00:00
1812,1012,,Greystar Property Mgmt,JPMorgan Chase,071523362,193681454,USD,true,2025-06-11T17:29:29+00:00
1813,1012,,Equity Residential,JPMorgan Chase,091234331,579612275134,USD,true,2024-02-29T03:21:07+00:00
1814,1013,,AT&T,JPMorgan Chase,053404826,261550976128,USD,true,2024-04-15T05:53:27+00:00
1815,1015,Greystar,Greystar Property Mgmt,Bank of America,043732151,716216998,USD,true,2026-05-17T21:20:38+00:00
1816,1015,State,State Farm Insurance,Citibank,033608435,170346652029,USD,true,2023-12-19T10:49:32+00:00
1817,1016,,Equity Residential,Bank of America,061792735,71239130431,USD,true,2025-02-25T08:12:01+00:00
1818,1018,,Discover,PNC Bank,012291853,468375153777,USD,true,2012-05-19T19:40:10+00:00
1819,1019,,Greystar Property Mgmt,JPMorgan Chase,018316404,7448627012,USD,true,2026-09-13T16:54:42+00:00
1820,1019,AT&T,AT&T,Bank of America,068061337,6550751604,USD,true,2026-08-19T21:06:11+00:00
1821,1020,,Equity Residential,JPMorgan Chase,036253286,325702369,USD,true,2019-05-13T02:58:53+00:00
1822,1020,,Discover,JPMorgan Chase,023859914,672998985,USD,true,2022-12-29T00:17:13+00:00
1823,1021,Equity,Equity Residential,Bank of America,075629275,211131448042,USD,true,2018-01-16T21:23:07+00:00
1824,1021,,Duke Energy,Citibank,063481428,11348339461,USD,true,2018-12-20T11:42:38+00:00
1825,1021,,Discover,PNC Bank,091289895,19648120003,USD,true,2020-07-30T01:15:23+00:00
1826,1022,,Equity Residential,JPMorgan Chase,038932063,08752331408,USD,true,2021-09-26T04:44:58+00:00
1827,1023,,Con Edison,Bank of America,029019818,46654819759,USD,true,2026-08-01T21:44:01+00:00
1828,1025,,Duke Energy,PNC Bank,093851625,861511225,USD,true,2021-12-10T15:58:13+00:00
1829,1025,AT&T,AT&T,Bank of America,010558582,7833528046,USD,true,2026-01-17T15:34:22+00:00
1830,1026,,Con Edison,Bank of America,057521991,738413197,USD,true,2018-05-29T02:48:23+00:00
1831,1027,,Greystar Property Mgmt,JPMorgan Chase,052906780,701817889,USD,true,2025-03-18T12:18:37+00:00
1832,1027,Chase,Chase Card Services,JPMorgan Chase,053008145,636558950,USD,true,2025-10-25T03:44:18+00:00
1833,1028,Navient,Navient,Citibank,072466337,893633344,USD,true,2022-05-19T23:03:10+00:00
1834,1030,Comcast,Comcast Xfinity,Citibank,038543897,384482356562,USD,true,2023-12-24T22:04:25+00:00
1835,1030,Progressive,Progressive,JPMorgan Chase,054340009,6824059125,USD,true,2026-07-07T11:28:32+00:00
1836,1031,Con,Con Edison,PNC Bank,081070622,7524400797,USD,true,2023-06-29T06:43:16+00:00
1837,1031,City,City Water Dept,Wells Fargo,099121533,4215199624,USD,true,2014-08-31T01:05:04+00:00
1838,1031,Comcast,Comcast Xfinity,PNC Bank,046262773,484350912611,USD,true,2018-06-02T01:08:31+00:00
1839,1033,,Navient,JPMorgan Chase,010868065,7932891368,USD,true,2025-01-06T05:22:27+00:00
1840,1033,State,State Farm Insurance,PNC Bank,030603643,836685622,USD,true,2021-09-04T04:30:10+00:00
1841,1033,GEICO,GEICO,Citibank,008209852,579468996045,USD,true,2019-07-29T13:30:52+00:00
1842,1033,,Duke Energy,Bank of America,067229242,97899524800,USD,true,2021-04-29T17:38:08+00:00
1843,1034,,Progressive,JPMorgan Chase,011518020,366154007601,USD,true,2025-11-02T04:19:12+00:00
1844,1034,,Navient,Citibank,031247977,53837582976,USD,true,2026-03-01T06:00:03+00:00
1845,1034,,Equity Residential,PNC Bank,002294052,832152845,USD,true,2026-05-11T00:56:18+00:00
1846,1034,,PSEG,Wells Fargo,045696511,2016339359,USD,true,2025-05-21T14:51:21+00:00
1847,1035,,State Farm Insurance,Wells Fargo,086345811,269174107450,USD,true,2024-07-24T21:05:47+00:00
1848,1035,,Sallie Mae,PNC Bank,005119047,828570442170,USD,true,2026-03-29T12:13:38+00:00
1849,1036,,Progressive,JPMorgan Chase,085184505,605300030145,USD,true,2016-03-12T10:20:13+00:00
1850,1036,,PSEG,Citibank,022441429,5515386571,USD,true,2013-05-15T22:31:57+00:00
1851,1037,Comcast,Comcast Xfinity,Wells Fargo,036567668,660059468,USD,true,2025-09-05T02:26:54+00:00
1852,1039,,Equity Residential,JPMorgan Chase,093184684,0464641961,USD,true,2026-06-28T10:29:59+00:00
1853,1039,,Duke Energy,Citibank,077262076,41230424977,USD,true,2012-08-17T22:41:52+00:00
1854,1039,,GEICO,JPMorgan Chase,091411989,707821021088,USD,true,2018-08-16T03:41:34+00:00
1855,1039,Sallie,Sallie Mae,Citibank,014858987,217137744,USD,true,2013-04-02T08:57:58+00:00
1856,1040,,Sallie Mae,JPMorgan Chase,030052026,92265581166,USD,true,2014-09-24T11:10:46+00:00
1857,1041,,Greystar Property Mgmt,Wells Fargo,092187326,138267153552,USD,true,2020-06-04T10:31:26+00:00
1858,1041,,AT&T,JPMorgan Chase,013962558,814418524288,USD,true,2017-02-19T02:17:46+00:00
1859,1042,Comcast,Comcast Xfinity,PNC Bank,026928302,537129341,USD,true,2025-12-16T20:23:06+00:00
1860,1043,,State Farm Insurance,Citibank,045540511,292391908179,USD,true,2022-10-16T04:08:35+00:00
1861,1045,,Sallie Mae,Wells Fargo,050316041,8864769572,USD,true,2026-05-22T06:51:57+00:00
1862,1045,,Equity Residential,JPMorgan Chase,095278290,10188616268,USD,true,2025-03-01T04:24:25+00:00
1863,1045,,AT&T,Citibank,048250724,508498571,USD,true,2026-01-19T13:28:18+00:00
1864,1046,Greystar,Greystar Property Mgmt,Bank of America,071770742,817207091,USD,true,2018-01-21T04:20:09+00:00
1865,1046,,Duke Energy,Bank of America,020012022,8587470335,USD,true,2019-02-11T07:49:27+00:00
1866,1047,,State Farm Insurance,Bank of America,000297899,69284997346,USD,true,2020-02-19T08:47:31+00:00
1867,1047,Discover,Discover,JPMorgan Chase,038183978,3363631544,USD,true,2016-01-16T03:13:23+00:00
1868,1047,Equity,Equity Residential,PNC Bank,013069661,652465109920,USD,true,2022-01-06T09:19:36+00:00
1869,1048,,Con Edison,PNC Bank,022025588,7865032449,USD,true,2022-09-12T22:15:46+00:00
1870,1048,,Duke Energy,Citibank,067268775,2067627554,USD,true,2013-07-30T03:02:26+00:00
1871,1048,Greystar,Greystar Property Mgmt,Citibank,058592472,684288028957,USD,true,2016-07-28T04:12:07+00:00
1872,1049,,Chase Card Services,Citibank,021362290,495914143,USD,true,2026-05-20T22:38:08+00:00
1873,1050,,Navient,Bank of America,063377850,33343704038,USD,true,2026-03-18T22:01:15+00:00
1874,1050,PSEG,PSEG,PNC Bank,001043693,521158897089,USD,true,2021-03-23T02:00:22+00:00
1875,1052,,Discover,PNC Bank,009677632,636251660,USD,true,2021-12-04T18:57:14+00:00
1876,1052,,Equity Residential,JPMorgan Chase,006429274,32206278420,USD,true,2017-08-01T12:04:47+00:00
1877,1053,,State Farm Insurance,Wells Fargo,076952904,09019343476,USD,true,2024-06-25T08:18:58+00:00
1878,1053,,PSEG,PNC Bank,076728734,944704483,USD,true,2025-01-14T05:44:51+00:00
1879,1053,,Comcast Xfinity,Citibank,080736225,8901454743,USD,true,2023-12-17T08:54:23+00:00
1880,1054,,Con Edison,PNC Bank,029862126,0830370056,USD,true,2012-08-21T19:31:46+00:00
1881,1054,Discover,Discover,Citibank,043328426,221629104102,USD,true,2013-03-29T04:34:19+00:00
1882,1054,,Chase Card Services,Bank of America,031356800,87305382903,USD,true,2016-08-18T19:49:32+00:00
1883,1054,,Greystar Property Mgmt,PNC Bank,027994628,673336592398,USD,true,2021-03-18T18:51:26+00:00
1884,1055,,City Water Dept,JPMorgan Chase,018218072,41002094258,USD,true,2022-11-14T21:09:57+00:00
1885,1055,,Equity Residential,Citibank,048720579,247082768621,USD,true,2023-05-09T07:58:20+00:00
1886,1055,Comcast,Comcast Xfinity,Citibank,040380910,76355589479,USD,true,2025-05-31T23:05:32+00:00
1887,1056,,Greystar Property Mgmt,Citibank,067414573,112608770,USD,true,2026-07-02T14:26:51+00:00
1888,1056,,Progressive,JPMorgan Chase,029891850,033647907171,USD,true,2025-11-24T04:10:29+00:00
1889,1056,,Discover,Citibank,050028056,7312850182,USD,true,2025-02-20T02:08:48+00:00
1890,1057,Discover,Discover,JPMorgan Chase,084712195,742442057023,USD,true,2022-01-21T17:02:05+00:00
1891,1058,PSEG,PSEG,Citibank,075620106,3851837891,USD,true,2026-05-21T10:31:51+00:00
1892,1058,Chase,Chase Card Services,Bank of America,065516442,34749415673,USD,true,2025-07-16T21:52:06+00:00
1893,1059,Discover,Discover,PNC Bank,084427736,325320372488,USD,true,2015-11-22T20:32:53+00:00
1894,1060,Duke,Duke Energy,Bank of America,041469463,92642628943,USD,true,2025-03-16T02:31:53+00:00
1895,1060,Equity,Equity Residential,Wells Fargo,082032827,4343581652,USD,true,2021-10-17T21:00:49+00:00
1896,1061,,AT&T,Citibank,028949276,2399672446,USD,true,2016-07-12T01:40:30+00:00
1897,1061,Sallie,Sallie Mae,Wells Fargo,000404586,999647098170,USD,true,2024-10-16T11:36:11+00:00
1898,1061,Con,Con Edison,JPMorgan Chase,037490153,06216117516,USD,true,2018-02-15T06:16:08+00:00
1899,1062,Comcast,Comcast Xfinity,Citibank,033073420,253642073638,USD,true,2022-04-14T17:49:25+00:00
1900,1062,,Sallie Mae,Wells Fargo,056697843,8363000591,USD,true,2022-01-27T22:51:21+00:00
1901,1062,,Chase Card Services,Bank of America,086805969,96962117251,USD,true,2020-12-11T12:55:52+00:00
1902,1063,,AT&T,JPMorgan Chase,057643555,47640116308,USD,true,2021-02-02T19:25:06+00:00
1903,1063,Con,Con Edison,Bank of America,023451340,311500181,USD,true,2012-12-28T10:08:49+00:00
1904,1063,,Comcast Xfinity,Wells Fargo,080591076,023785443875,USD,true,2025-03-03T06:51:45+00:00
1905,1064,,Duke Energy,Citibank,026119103,388900219,USD,true,2026-04-04T21:29:31+00:00
1906,1065,Equity,Equity Residential,Bank of America,077599828,303018252964,USD,true,2025-11-12T17:10:38+00:00
1907,1065,Discover,Discover,Bank of America,046418578,7839204931,USD,true,2026-04-16T15:51:26+00:00
1908,1066,,PSEG,Citibank,047042252,78815021216,USD,true,2013-06-25T12:12:32+00:00
1909,1066,Discover,Discover,Wells Fargo,020169672,5344756195,USD,true,2019-12-19T10:17:18+00:00
1910,1066,,Duke Energy,Bank of America,031723614,46538920392,USD,true,2018-06-27T06:38:38+00:00
1911,1067,AT&T,AT&T,Bank of America,083681406,4819638830,USD,true,2025-09-08T00:57:53+00:00
1912,1068,,Equity Residential,PNC Bank,003857595,75276348678,USD,true,2025-12-23T21:13:58+00:00
1913,1069,Con,Con Edison,PNC Bank,003276747,447527113037,USD,true,2023-11-26T00:20:27+00:00
1914,1070,Discover,Discover,JPMorgan Chase,091543916,1589087411,USD,true,2010-11-10T04:56:47+00:00
1915,1070,PSEG,PSEG,Bank of America,061345604,317137602212,USD,true,2015-08-29T07:11:07+00:00
1916,1072,PSEG,PSEG,JPMorgan Chase,040564642,333849955,USD,true,2025-07-28T20:52:32+00:00
1917,1072,Comcast,Comcast Xfinity,PNC Bank,037831025,145186563520,USD,true,2025-08-25T05:45:10+00:00
1918,1072,GEICO,GEICO,JPMorgan Chase,046233065,422075484,USD,true,2025-11-24T19:37:19+00:00
1919,1072,Greystar,Greystar Property Mgmt,JPMorgan Chase,037579282,886234557,USD,true,2025-06-06T19:39:24+00:00
1920,1073,,Comcast Xfinity,PNC Bank,059418792,561390007748,USD,true,2016-01-09T20:19:38+00:00
1921,1073,,State Farm Insurance,Wells Fargo,002818351,510832275222,USD,true,2017-01-30T14:46:30+00:00
1922,1073,,AT&T,JPMorgan Chase,040463142,7543671117,USD,true,2020-12-04T17:25:26+00:00
1923,1074,Chase,Chase Card Services,Wells Fargo,060217060,0908898742,USD,true,2010-08-18T01:39:11+00:00
1924,1074,,Discover,PNC Bank,095841850,48781647106,USD,true,2019-09-29T02:06:33+00:00
1925,1075,Greystar,Greystar Property Mgmt,Wells Fargo,012524179,8450439491,USD,true,2015-03-12T15:15:30+00:00
1926,1075,,Con Edison,Wells Fargo,042916733,24442850959,USD,true,2016-12-20T09:03:34+00:00
1927,1075,Sallie,Sallie Mae,PNC Bank,066169080,467128446106,USD,true,2026-01-12T15:59:07+00:00
1928,1075,Navient,Navient,Citibank,005262063,9851246847,USD,true,2010-04-19T08:47:46+00:00
1929,1076,,Con Edison,Citibank,037058175,31323608211,USD,true,2022-01-08T16:20:44+00:00
1930,1076,Progressive,Progressive,Bank of America,090120870,4167886381,USD,true,2024-09-08T11:32:25+00:00
1931,1076,Duke,Duke Energy,JPMorgan Chase,021982017,693967902035,USD,true,2026-03-01T06:37:10+00:00
1932,1077,Greystar,Greystar Property Mgmt,Wells Fargo,063790525,968770179314,USD,true,2026-04-08T07:49:52+00:00
1933,1077,Sallie,Sallie Mae,JPMorgan Chase,062071743,563788396,USD,true,2026-05-13T15:30:23+00:00
1934,1077,GEICO,GEICO,Wells Fargo,046354794,093393190,USD,true,2026-06-07T02:03:19+00:00
1935,1078,,State Farm Insurance,Citibank,004369652,540067019,USD,true,2023-04-11T21:14:59+00:00
1936,1078,Progressive,Progressive,Wells Fargo,069664856,25673391197,USD,true,2020-07-31T19:15:06+00:00
1937,1078,,Chase Card Services,Citibank,069945995,76252920183,USD,true,2026-02-07T18:01:25+00:00
1938,1079,,State Farm Insurance,PNC Bank,062720727,1795742559,USD,true,2026-04-18T17:17:15+00:00
1939,1079,GEICO,GEICO,JPMorgan Chase,002483028,333536828534,USD,true,2024-10-05T09:47:31+00:00
1940,1079,,Discover,JPMorgan Chase,024455120,7486191613,USD,true,2024-12-31T14:34:43+00:00
1941,1079,,Navient,Bank of America,066410360,003154841454,USD,true,2024-04-12T08:10:46+00:00
1942,1080,,Sallie Mae,Citibank,081884746,51769848570,USD,true,2014-08-02T18:29:50+00:00
1943,1080,,PSEG,PNC Bank,087075794,27030844909,USD,true,2011-12-16T01:47:21+00:00
1944,1080,GEICO,GEICO,Bank of America,076085094,263663346,USD,true,2014-12-13T21:44:37+00:00
1945,1081,,Navient,Citibank,088393545,52356547597,USD,true,2023-03-16T13:40:29+00:00
1946,1081,,Comcast Xfinity,Bank of America,084884365,973826877689,USD,true,2021-11-23T13:00:02+00:00
1947,1082,Navient,Navient,Wells Fargo,025429251,773410946542,USD,true,2026-04-25T18:05:50+00:00
1948,1082,,AT&T,Wells Fargo,047304174,49773566817,USD,true,2026-07-28T21:58:35+00:00
1949,1082,,City Water Dept,Wells Fargo,080399972,8755638041,USD,true,2023-07-22T20:06:00+00:00
1950,1083,Progressive,Progressive,PNC Bank,064101487,44499318968,USD,true,2025-10-06T14:09:54+00:00
1951,1084,,PSEG,JPMorgan Chase,030219145,656674717960,USD,true,2026-09-11T20:28:14+00:00
1952,1085,GEICO,GEICO,PNC Bank,070501880,02325973668,USD,true,2013-04-07T00:10:56+00:00
1953,1085,,Sallie Mae,Citibank,075556712,09273248042,USD,true,2026-02-19T05:12:57+00:00
1954,1085,,Con Edison,PNC Bank,041634349,5774638181,USD,true,2023-09-30T10:06:14+00:00
1955,1085,Greystar,Greystar Property Mgmt,Bank of America,030255475,465032481820,USD,true,2010-12-22T18:38:18+00:00
1956,1086,Progressive,Progressive,Wells Fargo,039735401,054352792,USD,true,2025-01-06T15:08:30+00:00
1957,1086,,Chase Card Services,Citibank,099650325,4475163090,USD,true,2023-07-21T10:23:18+00:00
1958,1087,,Equity Residential,JPMorgan Chase,083878435,22359422108,USD,true,2013-03-24T09:57:28+00:00
1959,1088,,Con Edison,Wells Fargo,008293872,0241962130,USD,true,2025-07-02T09:16:14+00:00
1960,1088,,City Water Dept,PNC Bank,063142056,4105928487,USD,true,2024-02-11T18:03:21+00:00
1961,1088,,Greystar Property Mgmt,JPMorgan Chase,090068226,904699539969,USD,true,2022-02-26T21:59:10+00:00
1962,1090,,Progressive,Citibank,080908450,6211346121,USD,true,2026-05-29T04:01:30+00:00
1963,1090,City,City Water Dept,PNC Bank,054209843,440413156091,USD,true,2021-03-25T14:13:14+00:00
1964,1090,,Comcast Xfinity,PNC Bank,031825514,10349985191,USD,true,2020-05-22T03:54:25+00:00
1965,1090,,Chase Card Services,PNC Bank,021821601,87999968032,USD,true,2025-11-11T18:13:02+00:00
1966,1091,Duke,Duke Energy,Bank of America,045269889,9215942377,USD,true,2023-04-28T22:34:00+00:00
1967,1091,,Comcast Xfinity,Citibank,032964131,565304352,USD,true,2020-11-06T01:10:11+00:00
1968,1092,Equity,Equity Residential,PNC Bank,073158869,1904523656,USD,true,2020-09-12T03:16:46+00:00
1969,1092,,Con Edison,Bank of America,077819476,447336635720,USD,true,2016-10-15T11:02:45+00:00
1970,1094,,Discover,Wells Fargo,099449409,94922616111,USD,true,2026-03-30T14:33:13+00:00
1971,1094,,Comcast Xfinity,Bank of America,037692396,034905410892,USD,true,2025-01-26T13:55:10+00:00
1972,1095,Sallie,Sallie Mae,PNC Bank,083263285,085855519,USD,true,2024-05-22T03:14:42+00:00
1973,1095,State,State Farm Insurance,Bank of America,071773955,51766329477,USD,true,2013-12-05T20:21:27+00:00
1974,1096,,AT&T,Citibank,026955321,845729396,USD,true,2016-10-08T13:20:04+00:00
1975,1096,,City Water Dept,Bank of America,080835493,086993368556,USD,true,2023-08-18T14:02:48+00:00
1976,1096,Con,Con Edison,Citibank,014205335,40868393839,USD,true,2010-05-27T05:39:21+00:00
1977,1096,Greystar,Greystar Property Mgmt,Bank of America,083505558,0033302739,USD,true,2017-08-02T13:26:29+00:00
1978,1097,GEICO,GEICO,JPMorgan Chase,049685578,12643015033,USD,true,2022-11-22T09:46:35+00:00
1979,1098,,Con Edison,PNC Bank,043143953,6195987345,USD,true,2023-10-05T05:59:39+00:00
1980,1098,,Greystar Property Mgmt,Citibank,026221060,317145487626,USD,true,2021-10-26T05:46:53+00:00
1981,1098,,Progressive,PNC Bank,044768748,7567269689,USD,true,2023-04-15T17:20:17+00:00
1982,1099,,Greystar Property Mgmt,Wells Fargo,000433741,97378140380,USD,true,2024-08-19T12:35:52+00:00
1983,1101,,PSEG,Wells Fargo,031977843,446469137,USD,true,2025-12-25T13:42:15+00:00
1984,1101,,Comcast Xfinity,Citibank,027564614,40466045514,USD,true,2019-12-09T00:27:38+00:00
1985,1101,,Greystar Property Mgmt,Bank of America,081549618,03697768268,USD,true,2020-08-01T13:05:26+00:00
1986,1101,,Navient,PNC Bank,095532927,861371343,USD,true,2026-01-16T20:36:10+00:00
1987,1102,AT&T,AT&T,Wells Fargo,063856497,31637074958,USD,true,2018-05-04T23:30:15+00:00
1988,1102,Greystar,Greystar Property Mgmt,PNC Bank,035811554,24069931176,USD,true,2019-12-25T13:26:05+00:00
1989,1103,AT&T,AT&T,Bank of America,065450523,28881574443,USD,true,2026-05-20T07:41:02+00:00
1990,1103,State,State Farm Insurance,Wells Fargo,013800519,3448384247,USD,true,2013-02-20T17:51:54+00:00
1991,1103,Greystar,Greystar Property Mgmt,Bank of America,024270119,713594868614,USD,true,2013-09-04T09:28:11+00:00
1992,1105,,Progressive,JPMorgan Chase,009649953,054349410355,USD,true,2017-02-17T01:04:54+00:00
1993,1107,,Con Edison,PNC Bank,086255298,262616497,USD,true,2021-05-19T02:12:18+00:00
1994,1108,Sallie,Sallie Mae,PNC Bank,085963907,67662702260,USD,true,2025-10-22T20:52:42+00:00
1995,1108,,Greystar Property Mgmt,JPMorgan Chase,067283384,155123442,USD,true,2026-05-12T23:34:35+00:00
1996,1108,,AT&T,Bank of America,063008280,295813075040,USD,true,2026-08-14T12:09:07+00:00
1997,1110,,Greystar Property Mgmt,Bank of America,073118632,147158926609,USD,true,2025-08-11T07:34:54+00:00
1998,1110,,Sallie Mae,Wells Fargo,000023738,85780280128,USD,true,2024-10-17T09:23:29+00:00
1999,1110,,Navient,JPMorgan Chase,091246393,888587378237,USD,true,2026-08-27T01:17:37+00:00
2000,1111,Duke,Duke Energy,Bank of America,080161810,621115674,USD,true,2018-08-25T17:45:57+00:00
2001,1111,,City Water Dept,Bank of America,030558818,14636511916,USD,true,2014-11-18T23:50:29+00:00
2002,1112,AT&T,AT&T,Wells Fargo,067140360,406247026681,USD,true,2025-09-18T11:51:24+00:00
2003,1112,,PSEG,PNC Bank,003149497,686567004,USD,true,2026-04-25T02:31:11+00:00
2004,1112,,Navient,Wells Fargo,022583681,314392178305,USD,true,2025-04-23T20:13:09+00:00
2005,1114,Greystar,Greystar Property Mgmt,Bank of America,058768215,338326319,USD,true,2017-09-17T13:33:48+00:00
2006,1115,GEICO,GEICO,PNC Bank,065733231,51156344748,USD,true,2022-07-18T05:47:42+00:00
2007,1116,PSEG,PSEG,PNC Bank,087961409,20857882983,USD,true,2023-03-29T01:23:10+00:00
2008,1116,,Con Edison,Wells Fargo,044883755,18576777441,USD,true,2018-10-05T12:54:40+00:00
2009,1116,Duke,Duke Energy,Citibank,072889583,704747124834,USD,true,2021-02-26T11:36:15+00:00
2010,1116,,Navient,Wells Fargo,045211959,35780319068,USD,true,2016-07-31T00:10:44+00:00
2011,1117,,Sallie Mae,Citibank,022075845,442153453452,USD,true,2017-07-23T10:48:11+00:00
2012,1119,GEICO,GEICO,PNC Bank,049963051,561037976,USD,true,2024-05-25T07:03:10+00:00
2013,1119,,Discover,Bank of America,029466151,905244562837,USD,true,2018-04-19T13:53:12+00:00
2014,1119,,Greystar Property Mgmt,Citibank,038064951,12254497063,USD,true,2024-11-08T03:23:22+00:00
2015,1119,,Con Edison,PNC Bank,046399810,829090582,USD,true,2018-05-17T15:34:09+00:00
2016,1120,,AT&T,JPMorgan Chase,091731437,6503504969,USD,true,2017-06-24T11:19:15+00:00
2017,1120,,Con Edison,JPMorgan Chase,029528662,5580737547,USD,true,2023-05-18T03:50:59+00:00
2018,1121,,GEICO,Citibank,060383043,56653311912,USD,true,2022-11-20T08:46:42+00:00
2019,1121,,Chase Card Services,Wells Fargo,092853206,81213153965,USD,true,2019-06-09T09:25:48+00:00
2020,1122,Sallie,Sallie Mae,Wells Fargo,018899909,4512101416,USD,true,2013-10-06T03:20:27+00:00
2021,1122,Duke,Duke Energy,JPMorgan Chase,079085553,079059737,USD,true,2022-04-16T04:30:45+00:00
2022,1122,City,City Water Dept,JPMorgan Chase,091231003,396361043416,USD,true,2021-03-19T21:06:08+00:00
2023,1123,Discover,Discover,Wells Fargo,067553639,3237185662,USD,true,2025-11-20T16:43:38+00:00
2024,1123,,AT&T,Bank of America,067051923,3476323850,USD,true,2021-11-01T17:57:48+00:00
2025,1123,,Navient,Citibank,099964288,08531697259,USD,true,2024-08-13T10:58:21+00:00
2026,1124,,Chase Card Services,Wells Fargo,033381688,083557903107,USD,true,2014-12-09T10:46:03+00:00
2027,1124,,Discover,Wells Fargo,038520385,34173578202,USD,true,2015-03-20T16:51:02+00:00
2028,1125,,Progressive,Citibank,078096834,397875772351,USD,true,2016-05-06T14:17:36+00:00
2029,1125,,Navient,PNC Bank,056746641,896017063093,USD,true,2023-02-12T10:06:11+00:00
2030,1126,Comcast,Comcast Xfinity,Wells Fargo,060461104,2174849795,USD,true,2025-04-12T13:46:34+00:00
2031,1126,,Con Edison,Wells Fargo,094051238,033525114,USD,true,2024-06-23T01:21:31+00:00
2032,1127,,Navient,Bank of America,055033988,582448564001,USD,true,2020-03-15T14:50:00+00:00
2033,1127,,Greystar Property Mgmt,Wells Fargo,041858711,5709113199,USD,true,2020-09-21T21:36:47+00:00
2034,1127,,Con Edison,PNC Bank,083082775,2233135732,USD,true,2023-12-02T20:33:33+00:00
2035,1127,Sallie,Sallie Mae,Bank of America,046969574,5304800414,USD,true,2022-10-06T18:51:19+00:00
2036,1130,,PSEG,Bank of America,067010903,160935185278,USD,true,2023-12-29T01:26:42+00:00
2037,1130,,Con Edison,Wells Fargo,075043910,488467276002,USD,true,2022-03-10T08:09:55+00:00
2038,1130,Sallie,Sallie Mae,Citibank,020965396,397242562,USD,true,2025-01-25T02:58:48+00:00
2039,1131,,Comcast Xfinity,Wells Fargo,084278749,775566814,USD,true,2025-12-28T21:52:35+00:00
2040,1131,Equity,Equity Residential,PNC Bank,061704853,43511587916,USD,true,2021-07-19T21:16:51+00:00
2041,1131,,PSEG,JPMorgan Chase,027520426,5845214976,USD,true,2025-06-17T12:06:41+00:00
2042,1132,,City Water Dept,Citibank,072632616,99701354162,USD,true,2021-09-22T14:46:21+00:00
2043,1133,,Greystar Property Mgmt,PNC Bank,073114881,034018552979,USD,true,2023-09-21T20:58:32+00:00
2044,1133,State,State Farm Insurance,Bank of America,054550759,883763085107,USD,true,2020-12-19T08:46:34+00:00
2045,1135,GEICO,GEICO,JPMorgan Chase,098043141,549455017125,USD,true,2024-04-13T01:48:34+00:00
2046,1135,Comcast,Comcast Xfinity,JPMorgan Chase,079388595,71203763670,USD,true,2024-08-30T23:37:11+00:00
2047,1135,,AT&T,JPMorgan Chase,037963474,377429506,USD,true,2024-07-14T18:58:32+00:00
2048,1136,Navient,Navient,Wells Fargo,068066693,881980884515,USD,true,2024-04-16T08:47:20+00:00
2049,1136,,GEICO,PNC Bank,053740077,658341363,USD,true,2025-02-04T09:23:35+00:00
2050,1137,,AT&T,JPMorgan Chase,049120981,76941825415,USD,true,2022-03-18T14:13:24+00:00
2051,1137,City,City Water Dept,Wells Fargo,015681914,424384485,USD,true,2025-03-10T00:29:36+00:00
2052,1138,Con,Con Edison,JPMorgan Chase,088686333,03722182032,USD,true,2025-02-27T23:40:26+00:00
2053,1138,,Chase Card Services,PNC Bank,023714287,774881630,USD,true,2025-11-02T22:33:39+00:00
2054,1138,,AT&T,Bank of America,090273991,558541210,USD,true,2026-08-20T09:58:23+00:00
2055,1139,,Con Edison,PNC Bank,016168767,437391849,USD,true,2024-02-18T17:13:00+00:00
2056,1140,,Equity Residential,Wells Fargo,045689987,88479954392,USD,true,2024-09-02T23:32:38+00:00
2057,1140,Discover,Discover,JPMorgan Chase,018604328,458268480,USD,true,2016-01-09T04:12:13+00:00
2058,1141,,State Farm Insurance,Bank of America,054351504,113279282,USD,true,2025-06-11T20:58:44+00:00
2059,1143,,Greystar Property Mgmt,JPMorgan Chase,051251720,833578424,USD,true,2024-12-18T01:04:35+00:00
2060,1145,Greystar,Greystar Property Mgmt,PNC Bank,087151613,71483970523,USD,true,2018-05-26T23:50:24+00:00
2061,1146,,City Water Dept,PNC Bank,080563622,6555923981,USD,true,2025-04-02T08:53:49+00:00
2062,1147,,Discover,Wells Fargo,036590487,45878995522,USD,true,2020-12-09T09:59:53+00:00
2063,1147,Greystar,Greystar Property Mgmt,Citibank,056180790,7246898414,USD,true,2025-05-28T17:01:17+00:00
2064,1148,Equity,Equity Residential,Bank of America,074726900,8220137029,USD,true,2020-01-04T00:58:36+00:00
2065,1149,,Duke Energy,Bank of America,077856102,265720482287,USD,true,2025-05-10T16:39:40+00:00
2066,1149,,Progressive,Bank of America,099031779,9199413956,USD,true,2014-04-15T11:22:56+00:00
2067,1150,,Chase Card Services,Bank of America,008675367,210887056170,USD,true,2021-12-06T19:34:36+00:00
2068,1150,,Discover,Wells Fargo,079173471,623959493894,USD,true,2010-09-15T05:42:56+00:00
2069,1150,,Duke Energy,Citibank,005168430,47662887141,USD,true,2010-02-09T03:49:04+00:00
2070,1151,,Duke Energy,JPMorgan Chase,086266161,8643005423,USD,true,2020-06-03T20:44:11+00:00
2071,1152,Discover,Discover,Citibank,033675372,971536290,USD,true,2023-09-28T23:08:46+00:00
2072,1152,GEICO,GEICO,Bank of America,077305225,1689427795,USD,true,2024-07-19T00:39:40+00:00
2073,1152,,Equity Residential,Wells Fargo,063546641,044323792457,USD,true,2024-02-27T12:05:01+00:00
2074,1153,,Greystar Property Mgmt,Citibank,049492028,6144815190,USD,true,2025-04-28T16:59:11+00:00
2075,1153,,Duke Energy,Wells Fargo,036542170,4700462439,USD,true,2025-02-11T14:56:38+00:00
2076,1153,,City Water Dept,Wells Fargo,029787797,391272998,USD,true,2025-02-19T11:28:43+00:00
2077,1154,,Equity Residential,Bank of America,033615678,397878615009,USD,true,2026-03-18T15:25:48+00:00
2078,1154,Duke,Duke Energy,Citibank,018256125,8295551216,USD,true,2025-03-16T00:39:55+00:00
2079,1155,City,City Water Dept,Bank of America,099067372,197545697,USD,true,2022-08-07T04:22:12+00:00
2080,1156,,Greystar Property Mgmt,Citibank,077093823,02071825345,USD,true,2017-07-05T18:24:17+00:00
2081,1156,,Comcast Xfinity,PNC Bank,089947977,83608256006,USD,true,2023-09-05T21:54:37+00:00
2082,1157,Progressive,Progressive,Wells Fargo,020104664,37991650541,USD,true,2023-07-23T20:44:56+00:00
2083,1157,,Greystar Property Mgmt,Wells Fargo,061684105,3378801400,USD,true,2026-06-15T18:36:11+00:00
2084,1157,Navient,Navient,Citibank,047648225,0275237780,USD,true,2025-09-15T15:17:28+00:00
2085,1157,Con,Con Edison,Wells Fargo,011978968,588721205,USD,true,2024-12-14T04:02:01+00:00
2086,1158,,City Water Dept,Wells Fargo,073790908,5961808937,USD,true,2023-09-01T18:44:10+00:00
2087,1158,PSEG,PSEG,Wells Fargo,004653874,36474891706,USD,true,2019-07-05T06:24:00+00:00
2088,1160,,Navient,Wells Fargo,075538347,7983800564,USD,true,2025-11-25T05:18:02+00:00
2089,1160,,State Farm Insurance,Wells Fargo,000297277,799019297,USD,true,2025-07-29T01:36:03+00:00
2090,1160,,Chase Card Services,Citibank,061654638,450384257,USD,true,2025-06-27T00:04:02+00:00
2091,1161,,GEICO,Bank of America,096526079,8132877576,USD,true,2021-08-16T05:03:13+00:00
2092,1161,Navient,Navient,Wells Fargo,092146605,4509646636,USD,true,2022-06-16T02:39:19+00:00
2093,1161,,Chase Card Services,JPMorgan Chase,086518637,818730138603,USD,true,2023-03-25T09:01:35+00:00
2094,1162,,Navient,JPMorgan Chase,079443764,62698967229,USD,true,2021-12-17T21:17:49+00:00
2095,1162,,Greystar Property Mgmt,PNC Bank,065048854,868662412134,USD,true,2022-11-15T08:14:27+00:00
2096,1163,GEICO,GEICO,Citibank,004544540,571408368437,USD,true,2024-10-23T10:51:46+00:00
2097,1163,Progressive,Progressive,Bank of America,022881169,4935024147,USD,true,2024-04-15T12:39:55+00:00
2098,1164,,Comcast Xfinity,Bank of America,063419087,2682805492,USD,true,2017-02-17T08:44:14+00:00
2099,1164,,Con Edison,Wells Fargo,006259218,48100433287,USD,true,2022-03-30T13:43:20+00:00
2100,1164,,PSEG,Citibank,053189688,957154819,USD,true,2022-07-27T05:49:04+00:00
2101,1164,City,City Water Dept,JPMorgan Chase,035628085,114251532,USD,true,2009-12-28T05:48:47+00:00
2102,1165,,AT&T,JPMorgan Chase,044247251,6926987010,USD,true,2011-12-11T12:25:12+00:00
2103,1165,,Con Edison,JPMorgan Chase,084048208,930435213,USD,true,2014-06-23T13:29:11+00:00
2104,1166,,Navient,Citibank,056536758,823978835,USD,true,2025-11-14T13:19:30+00:00
2105,1166,,Sallie Mae,PNC Bank,066140173,825126951350,USD,true,2026-04-26T22:54:38+00:00
2106,1166,Chase,Chase Card Services,Bank of America,047408304,811132411949,USD,true,2026-04-20T21:08:50+00:00
2107,1167,,Discover,JPMorgan Chase,049217556,942051168416,USD,true,2025-12-05T03:14:46+00:00
2108,1167,,Progressive,Bank of America,020635617,861189179421,USD,true,2025-08-14T17:14:34+00:00
2109,1167,Duke,Duke Energy,Citibank,009156444,021946769861,USD,true,2025-10-31T13:12:58+00:00
2110,1167,Comcast,Comcast Xfinity,Wells Fargo,015040804,413754423,USD,true,2025-11-24T12:32:00+00:00
2111,1168,,Equity Residential,Citibank,021143247,3073528414,USD,true,2023-09-25T16:09:17+00:00
2112,1168,Greystar,Greystar Property Mgmt,Wells Fargo,015307832,00315791038,USD,true,2015-04-27T06:07:52+00:00
2113,1168,City,City Water Dept,PNC Bank,061824360,6141305611,USD,true,2012-05-02T18:30:58+00:00
2114,1169,,Sallie Mae,JPMorgan Chase,072391460,801574941769,USD,true,2025-03-18T20:38:44+00:00
2115,1169,,Greystar Property Mgmt,PNC Bank,011654074,76154493303,USD,true,2026-04-16T00:35:09+00:00
2116,1169,Progressive,Progressive,JPMorgan Chase,092321752,1752407018,USD,true,2026-07-29T04:30:53+00:00
2117,1171,Chase,Chase Card Services,Citibank,027609546,900657912,USD,true,2018-01-12T16:06:59+00:00
2118,1171,Greystar,Greystar Property Mgmt,PNC Bank,025044606,54429625808,USD,true,2016-05-29T04:20:14+00:00
2119,1172,,Duke Energy,Citibank,057782687,9721295802,USD,true,2023-09-20T05:41:11+00:00
2120,1172,AT&T,AT&T,Citibank,013959907,0487652034,USD,true,2023-10-25T10:49:38+00:00
2121,1172,,Progressive,PNC Bank,075517231,03018037618,USD,true,2024-10-20T11:42:44+00:00
2122,1172,,Navient,Wells Fargo,078199460,6466791380,USD,true,2024-11-30T01:17:11+00:00
2123,1173,,AT&T,PNC Bank,011481412,92603782756,USD,true,2022-01-10T03:07:21+00:00
2124,1173,,Comcast Xfinity,Bank of America,008391794,3277628254,USD,true,2023-03-28T19:26:44+00:00
2125,1174,,Progressive,PNC Bank,097917103,6451304770,USD,true,2025-12-03T06:00:20+00:00
2126,1175,Greystar,Greystar Property Mgmt,Bank of America,066625834,39303753552,USD,true,2024-04-12T23:47:01+00:00
2127,1175,,Chase Card Services,Bank of America,055750937,6926940881,USD,true,2013-02-07T20:53:26+00:00
2128,1175,,Discover,Citibank,025143380,311109157,USD,true,2018-11-18T16:32:21+00:00
2129,1176,Sallie,Sallie Mae,JPMorgan Chase,010300000,1807642508,USD,true,2021-03-05T08:56:32+00:00
2130,1176,Con,Con Edison,Wells Fargo,005120881,190776028505,USD,true,2022-03-13T16:42:36+00:00
2131,1177,,AT&T,Citibank,055809189,62232946766,USD,true,2025-05-30T11:03:42+00:00
2132,1178,Discover,Discover,Citibank,087496156,405723748,USD,true,2022-01-09T16:35:45+00:00
2133,1178,,State Farm Insurance,Bank of America,053120801,3348333893,USD,true,2024-03-27T17:17:08+00:00
2134,1180,,Greystar Property Mgmt,Wells Fargo,017713792,498106342,USD,true,2024-01-09T09:55:49+00:00
2135,1180,,Chase Card Services,Citibank,023848602,89127160030,USD,true,2024-07-13T03:46:15+00:00
2136,1181,,Greystar Property Mgmt,JPMorgan Chase,048743917,83706725548,USD,true,2025-11-30T15:31:46+00:00
2137,1181,,AT&T,JPMorgan Chase,014810011,298158029980,USD,true,2026-02-02T08:58:54+00:00
2138,1181,Con,Con Edison,Wells Fargo,042945629,818276243,USD,true,2025-11-22T05:22:55+00:00
2139,1182,,Comcast Xfinity,JPMorgan Chase,040458340,46112789567,USD,true,2019-06-11T08:52:24+00:00
2140,1182,,AT&T,Wells Fargo,053859197,128081600347,USD,true,2019-08-10T09:37:46+00:00
2141,1182,,Discover,JPMorgan Chase,046492905,350597384,USD,true,2020-09-13T23:24:15+00:00
2142,1182,,PSEG,PNC Bank,080321625,159759033024,USD,true,2026-08-18T01:57:31+00:00
2143,1183,,Comcast Xfinity,Bank of America,023910990,9274871048,USD,true,2025-11-08T21:44:03+00:00
2144,1183,,Navient,JPMorgan Chase,056064664,731881912622,USD,true,2018-07-08T23:49:45+00:00
2145,1183,Greystar,Greystar Property Mgmt,Citibank,004524538,2444190865,USD,true,2020-10-21T19:45:33+00:00
2146,1184,,Duke Energy,Bank of America,065743315,90690161438,USD,true,2016-01-09T21:47:21+00:00
2147,1184,,GEICO,Citibank,006118474,107054230,USD,true,2021-02-05T01:01:15+00:00
2148,1185,Con,Con Edison,JPMorgan Chase,037432754,317171537148,USD,true,2026-01-22T15:24:12+00:00
2149,1185,,GEICO,JPMorgan Chase,074270659,510865471,USD,true,2022-09-14T16:08:29+00:00
2150,1186,Navient,Navient,Citibank,053995264,493316617414,USD,true,2025-05-18T22:24:01+00:00
2151,1186,Chase,Chase Card Services,Citibank,099246475,1212336620,USD,true,2025-07-13T13:13:59+00:00
2152,1186,,Greystar Property Mgmt,PNC Bank,017918095,193351689,USD,true,2026-05-07T18:10:58+00:00
2153,1186,,Progressive,PNC Bank,076274825,18830431786,USD,true,2025-07-08T09:39:10+00:00
2154,1187,Progressive,Progressive,PNC Bank,020661260,811376731,USD,true,2021-05-06T03:43:30+00:00
2155,1187,,Discover,Citibank,079334950,037547685901,USD,true,2011-04-05T14:03:16+00:00
2156,1187,Duke,Duke Energy,Wells Fargo,048452162,612232687,USD,true,2014-06-19T17:41:10+00:00
2157,1188,,Duke Energy,Wells Fargo,086220617,413164220691,USD,true,2019-03-01T03:47:32+00:00
2158,1188,Comcast,Comcast Xfinity,Wells Fargo,071106305,4079638583,USD,true,2023-03-04T17:52:39+00:00
2159,1188,,Equity Residential,Wells Fargo,089833346,18750435714,USD,true,2018-07-26T17:14:49+00:00
2160,1189,,AT&T,Citibank,001731074,3041469299,USD,true,2021-07-08T16:56:42+00:00
2161,1189,,City Water Dept,JPMorgan Chase,024401674,4122486409,USD,true,2020-02-05T01:58:27+00:00
2162,1190,Greystar,Greystar Property Mgmt,PNC Bank,039425179,432047634,USD,true,2026-06-30T14:22:46+00:00
2163,1190,Chase,Chase Card Services,PNC Bank,055738740,21750056896,USD,true,2026-06-28T12:29:12+00:00
2164,1190,Sallie,Sallie Mae,JPMorgan Chase,067249805,639379645641,USD,true,2026-07-06T14:19:52+00:00
2165,1191,,State Farm Insurance,Wells Fargo,021238991,709887034,USD,true,2020-10-03T09:57:40+00:00
2166,1191,,AT&T,JPMorgan Chase,048371198,695941327309,USD,true,2025-10-03T02:40:00+00:00
2167,1192,Greystar,Greystar Property Mgmt,Wells Fargo,033611479,994595594,USD,true,2014-06-18T20:55:59+00:00
2168,1192,,Duke Energy,Bank of America,008418104,70013126073,USD,true,2017-11-11T21:46:24+00:00
2169,1192,,State Farm Insurance,Wells Fargo,044312119,5686838590,USD,true,2018-03-30T13:44:23+00:00
2170,1193,Equity,Equity Residential,Bank of America,091581604,636077734822,USD,true,2014-11-14T05:35:47+00:00
2171,1193,,Navient,JPMorgan Chase,014670453,44408485778,USD,true,2023-08-05T15:56:48+00:00
2172,1193,City,City Water Dept,Wells Fargo,026353161,240735606,USD,true,2020-01-19T08:25:08+00:00
2173,1195,,Discover,JPMorgan Chase,059728880,597386834,USD,true,2023-11-28T00:59:28+00:00
2174,1195,Progressive,Progressive,Bank of America,054827212,252770039800,USD,true,2024-10-14T18:56:26+00:00
2175,1196,,Duke Energy,Wells Fargo,016225359,3035457949,USD,true,2015-03-29T06:57:33+00:00
2176,1196,,Discover,PNC Bank,042422586,87226540860,USD,true,2015-11-06T19:56:28+00:00
2177,1196,Chase,Chase Card Services,JPMorgan Chase,084925151,89806238483,USD,true,2025-08-03T04:06:42+00:00
2178,1197,,GEICO,JPMorgan Chase,013216080,275681351906,USD,true,2023-08-20T09:09:42+00:00
2179,1197,,City Water Dept,PNC Bank,093077899,057012708817,USD,true,2024-06-13T20:10:04+00:00
2180,1198,Duke,Duke Energy,Wells Fargo,096419201,8514070150,USD,true,2025-05-05T05:24:10+00:00
2181,1198,,Sallie Mae,JPMorgan Chase,028357106,01787227289,USD,true,2025-04-20T20:17:07+00:00
2182,1198,,Chase Card Services,PNC Bank,098735190,9774737914,USD,true,2025-02-14T19:33:24+00:00
2183,1198,,Comcast Xfinity,Citibank,092027328,39239463083,USD,true,2025-11-27T02:37:24+00:00
2184,1199,,AT&T,Bank of America,086142906,081647860455,USD,true,2024-08-30T12:31:03+00:00
2185,1199,Greystar,Greystar Property Mgmt,Wells Fargo,035302433,242958175,USD,true,2025-06-16T05:38:37+00:00
2186,1201,,Greystar Property Mgmt,JPMorgan Chase,097455387,339088773141,USD,true,2010-09-19T14:54:31+00:00
2187,1201,City,City Water Dept,PNC Bank,024904241,974307708,USD,true,2010-12-31T02:19:13+00:00
2188,1201,Sallie,Sallie Mae,Bank of America,071559944,38385900861,USD,true,2017-03-21T17:56:30+00:00
2189,1201,,AT&T,Bank of America,015164528,0835908798,USD,true,2014-02-26T07:48:35+00:00
2190,1202,,Comcast Xfinity,Citibank,050211098,099392246340,USD,true,2019-08-30T06:15:22+00:00
2191,1203,Sallie,Sallie Mae,Wells Fargo,000609435,63252809498,USD,true,2019-01-26T11:06:10+00:00
2192,1203,,City Water Dept,Citibank,023734279,76270767742,USD,true,2020-08-25T00:07:44+00:00
2193,1203,Equity,Equity Residential,Citibank,068487149,8703488422,USD,true,2014-07-27T13:53:15+00:00
2194,1203,Con,Con Edison,PNC Bank,041403138,4538889990,USD,true,2024-08-01T08:56:53+00:00
2195,1204,Chase,Chase Card Services,JPMorgan Chase,047337764,747672735107,USD,true,2023-05-26T08:50:01+00:00
2196,1204,Con,Con Edison,JPMorgan Chase,018409520,569024486,USD,true,2019-11-20T09:26:11+00:00
2197,1205,,Chase Card Services,PNC Bank,014652127,1816857324,USD,true,2021-01-09T12:26:04+00:00
2198,1205,,Comcast Xfinity,Citibank,027869164,3365526833,USD,true,2022-11-27T10:10:05+00:00
2199,1205,,Navient,Wells Fargo,074721931,1653709308,USD,true,2024-04-19T21:12:37+00:00
2200,1206,,Progressive,Wells Fargo,076526454,60015264651,USD,true,2024-12-14T23:51:58+00:00
2201,1207,State,State Farm Insurance,Wells Fargo,049898502,234895150,USD,true,2025-12-04T07:56:24+00:00
2202,1207,City,City Water Dept,Citibank,044288601,207602193134,USD,true,2020-08-30T20:29:38+00:00
2203,1208,Sallie,Sallie Mae,Citibank,057316076,408093695870,USD,true,2024-11-02T11:36:19+00:00
2204,1208,AT&T,AT&T,PNC Bank,056456626,8680040864,USD,true,2025-04-07T12:49:53+00:00
2205,1211,,Greystar Property Mgmt,PNC Bank,053881128,6288753622,USD,true,2024-03-20T00:12:34+00:00
2206,1211,,Equity Residential,JPMorgan Chase,099776783,491926022996,USD,true,2021-12-25T15:34:24+00:00
2207,1212,,Greystar Property Mgmt,Wells Fargo,013971218,1642818114,USD,true,2021-03-31T13:18:57+00:00
2208,1213,,Greystar Property Mgmt,PNC Bank,047384837,3269331514,USD,true,2022-10-14T16:44:45+00:00
2209,1214,,Duke Energy,Bank of America,006498485,1614444059,USD,true,2022-12-24T20:27:17+00:00
2210,1214,State,State Farm Insurance,Bank of America,074778229,20112702944,USD,true,2023-11-19T16:13:53+00:00
2211,1216,,Discover,PNC Bank,027610662,974815654037,USD,true,2026-02-16T23:05:44+00:00
2212,1216,,Chase Card Services,JPMorgan Chase,043825999,51972274326,USD,true,2024-03-12T15:21:29+00:00
2213,1216,,PSEG,Citibank,018593632,4456618206,USD,true,2024-03-31T15:31:19+00:00
2214,1217,,Navient,Wells Fargo,009074864,97026721560,USD,true,2025-11-21T15:43:48+00:00
2215,1217,,Equity Residential,Bank of America,090710842,57890407406,USD,true,2025-04-02T01:24:24+00:00
2216,1218,Duke,Duke Energy,Bank of America,075687369,40959148938,USD,true,2025-11-23T01:05:10+00:00
2217,1218,,Navient,PNC Bank,038324972,37682276656,USD,true,2024-10-24T15:22:11+00:00
2218,1219,Con,Con Edison,JPMorgan Chase,077792025,853258139440,USD,true,2022-02-12T14:00:06+00:00
2219,1220,,Chase Card Services,JPMorgan Chase,010704052,1770901827,USD,true,2022-11-29T15:03:43+00:00
2220,1221,,Sallie Mae,Bank of America,085087976,822971203,USD,true,2024-08-04T08:32:01+00:00
2221,1222,,City Water Dept,PNC Bank,002334805,777587411,USD,true,2026-08-29T22:06:17+00:00
2222,1222,,Progressive,JPMorgan Chase,023047788,66769329540,USD,true,2015-02-23T07:58:23+00:00
2223,1222,,Discover,Wells Fargo,068283045,15172458380,USD,true,2021-01-23T11:04:33+00:00
2224,1224,,AT&T,Wells Fargo,027849213,430669493,USD,true,2018-01-22T05:40:36+00:00
2225,1224,,Greystar Property Mgmt,Bank of America,095215518,802956628,USD,true,2018-02-24T05:31:16+00:00
2226,1225,Progressive,Progressive,Citibank,037400641,178906680242,USD,true,2024-09-13T02:17:16+00:00
2227,1225,City,City Water Dept,PNC Bank,042803866,167970016,USD,true,2017-09-29T12:37:28+00:00
2228,1227,,Navient,Bank of America,090685487,671267927043,USD,true,2026-01-28T07:25:20+00:00
2229,1227,,Sallie Mae,Citibank,097162346,731013835,USD,true,2024-02-26T00:34:10+00:00
2230,1228,,Greystar Property Mgmt,Bank of America,024209863,22967167590,USD,true,2009-10-24T15:37:58+00:00
2231,1228,Navient,Navient,Wells Fargo,036878562,09519738225,USD,true,2020-10-27T03:39:32+00:00
2232,1229,,Navient,Wells Fargo,098436329,86999939440,USD,true,2020-05-13T18:36:46+00:00
2233,1229,,GEICO,Bank of America,012792059,4502361477,USD,true,2020-10-06T16:51:00+00:00
2234,1229,,PSEG,Citibank,035457155,39955821290,USD,true,2025-11-21T11:28:32+00:00
2235,1230,,PSEG,JPMorgan Chase,063072280,056922310354,USD,true,2010-03-08T05:54:53+00:00
2236,1230,Equity,Equity Residential,Citibank,055123006,65118110338,USD,true,2025-06-18T03:42:46+00:00
2237,1230,,State Farm Insurance,JPMorgan Chase,098282237,75334313216,USD,true,2021-01-07T22:04:45+00:00
2238,1230,,City Water Dept,Bank of America,029362458,98010271416,USD,true,2016-08-29T02:29:25+00:00
2239,1231,,Duke Energy,Wells Fargo,047516180,27857329488,USD,true,2024-10-02T07:44:39+00:00
2240,1232,Equity,Equity Residential,Citibank,059845380,1205808064,USD,true,2016-02-08T23:53:41+00:00
2241,1233,,GEICO,Citibank,000209602,3108981006,USD,true,2022-11-18T12:30:13+00:00
2242,1234,GEICO,GEICO,Wells Fargo,034580444,258232555624,USD,true,2015-05-11T03:55:48+00:00
2243,1235,,AT&T,PNC Bank,040758440,782137039,USD,true,2022-02-09T23:57:03+00:00
2244,1236,,Greystar Property Mgmt,Citibank,020248216,19160047049,USD,true,2021-06-24T01:20:26+00:00
2245,1236,Progressive,Progressive,PNC Bank,063684151,191504688,USD,true,2024-04-13T02:32:33+00:00
2246,1237,Comcast,Comcast Xfinity,JPMorgan Chase,037653445,736391805374,USD,true,2013-04-04T16:44:01+00:00
2247,1237,,GEICO,Wells Fargo,097389782,1657273114,USD,true,2012-06-15T23:03:03+00:00
2248,1237,,PSEG,Wells Fargo,093648775,946735612,USD,true,2022-06-05T17:16:51+00:00
2249,1239,,Sallie Mae,Bank of America,085811372,341816250430,USD,true,2013-07-08T09:22:32+00:00
2250,1239,Chase,Chase Card Services,Wells Fargo,090997481,336612651,USD,true,2025-10-18T16:09:50+00:00
2251,1239,State,State Farm Insurance,PNC Bank,065532026,169345564867,USD,true,2023-05-19T12:34:43+00:00
2252,1240,Comcast,Comcast Xfinity,JPMorgan Chase,072386629,545229970128,USD,true,2019-09-15T15:20:32+00:00
2253,1240,PSEG,PSEG,Bank of America,055883863,192762337,USD,true,2023-01-20T04:16:10+00:00
2254,1240,City,City Water Dept,PNC Bank,099508984,982352680,USD,true,2026-06-13T01:24:23+00:00
2255,1241,Duke,Duke Energy,Citibank,040193877,94662859834,USD,true,2026-01-03T17:05:17+00:00
2256,1241,,Discover,JPMorgan Chase,002336079,726397365823,USD,true,2025-07-20T13:31:49+00:00
2257,1242,PSEG,PSEG,PNC Bank,075473073,4242295778,USD,true,2022-05-02T04:23:17+00:00
2258,1242,Progressive,Progressive,PNC Bank,059122419,39942515114,USD,true,2020-03-16T00:36:00+00:00
2259,1242,Chase,Chase Card Services,Wells Fargo,004300059,179352012377,USD,true,2008-12-06T03:29:10+00:00
2260,1243,Chase,Chase Card Services,Citibank,085489525,8622035040,USD,true,2023-07-06T16:47:52+00:00
2261,1244,Equity,Equity Residential,Wells Fargo,004922265,717720912596,USD,true,2022-10-14T01:51:25+00:00
2262,1244,,PSEG,Wells Fargo,051882374,9379397510,USD,true,2024-08-11T14:20:34+00:00
2263,1245,,GEICO,Citibank,078380627,394661952613,USD,true,2017-11-14T23:52:25+00:00
2264,1245,Chase,Chase Card Services,Wells Fargo,025318379,890462706132,USD,true,2022-08-31T16:59:17+00:00
2265,1246,Duke,Duke Energy,Wells Fargo,020400715,848615997,USD,true,2018-04-27T01:19:50+00:00
2266,1247,,Discover,Bank of America,037066324,9287105260,USD,true,2025-11-24T23:12:09+00:00
2267,1247,Navient,Navient,PNC Bank,061047265,8534133277,USD,true,2017-10-15T01:59:35+00:00
2268,1247,,Progressive,Wells Fargo,005662774,14875439981,USD,true,2021-02-08T04:29:00+00:00
2269,1248,Equity,Equity Residential,Bank of America,046633664,309530796,USD,true,2026-05-12T20:48:20+00:00
2270,1249,,Progressive,Citibank,093215413,649185988,USD,true,2016-08-22T23:05:34+00:00
2271,1249,,Con Edison,Wells Fargo,006999488,706049083153,USD,true,2022-03-30T06:16:55+00:00
2272,1249,,Discover,Wells Fargo,030793761,976855016,USD,true,2022-09-11T03:08:32+00:00
2273,1249,Navient,Navient,Wells Fargo,019669997,8706290638,USD,true,2016-04-13T17:48:26+00:00
2274,1250,Navient,Navient,PNC Bank,074736401,475806431,USD,true,2021-04-25T21:33:54+00:00
2275,1251,,Progressive,Bank of America,080903236,7433701573,USD,true,2024-10-02T00:25:05+00:00
2276,1251,Navient,Navient,Wells Fargo,026264068,249452164,USD,true,2022-11-09T20:01:27+00:00
2277,1252,Progressive,Progressive,JPMorgan Chase,050192278,004377047,USD,true,2026-06-04T17:17:57+00:00
2278,1252,,Duke Energy,JPMorgan Chase,043762681,95715929526,USD,true,2026-01-21T14:40:21+00:00
2279,1253,,Chase Card Services,Citibank,090300087,494452241439,USD,true,2024-07-11T09:35:26+00:00
2280,1253,State,State Farm Insurance,Citibank,054055619,788459212,USD,true,2025-01-22T12:55:25+00:00
2281,1253,Navient,Navient,PNC Bank,033941887,464311019683,USD,true,2026-03-09T01:29:53+00:00
2282,1253,City,City Water Dept,JPMorgan Chase,080914235,74322330872,USD,true,2026-07-16T11:18:52+00:00
2283,1254,Comcast,Comcast Xfinity,Bank of America,047214502,61747965338,USD,true,2022-05-26T16:57:29+00:00
2284,1255,,Equity Residential,Citibank,080882836,103661369,USD,true,2021-09-29T06:54:34+00:00
2285,1255,City,City Water Dept,PNC Bank,082878378,9958378093,USD,true,2021-04-27T10:12:10+00:00
2286,1256,,State Farm Insurance,Wells Fargo,019342206,5094601762,USD,true,2017-08-07T03:52:12+00:00
2287,1256,,Greystar Property Mgmt,Citibank,077657028,4300292321,USD,true,2020-09-19T03:30:03+00:00
2288,1256,,Equity Residential,JPMorgan Chase,045338550,09499357277,USD,true,2023-01-10T14:02:36+00:00
2289,1256,,GEICO,Citibank,063471694,603042607,USD,true,2017-10-31T06:14:48+00:00
2290,1257,,PSEG,Bank of America,035938413,63954250927,USD,true,2025-12-18T03:35:22+00:00
2291,1257,,City Water Dept,JPMorgan Chase,043106399,7081850680,USD,true,2026-07-29T22:58:00+00:00
2292,1258,GEICO,GEICO,JPMorgan Chase,020815155,7325548180,USD,true,2023-07-19T02:52:01+00:00
2293,1258,,Discover,PNC Bank,093769768,78651851916,USD,true,2020-05-18T17:45:21+00:00
2294,1258,,Progressive,Bank of America,016294051,339867748,USD,true,2026-07-13T14:34:12+00:00
2295,1258,PSEG,PSEG,Citibank,087560138,64016162502,USD,true,2015-02-12T17:34:13+00:00
2296,1260,Con,Con Edison,JPMorgan Chase,017486104,930047175,USD,true,2013-06-13T00:13:42+00:00
2297,1260,,Equity Residential,PNC Bank,058061157,038584684,USD,true,2022-01-16T05:10:25+00:00
2298,1261,,Greystar Property Mgmt,Citibank,038110055,3511065667,USD,true,2026-02-27T22:33:44+00:00
2299,1261,,GEICO,Citibank,059877957,885309620,USD,true,2026-03-21T04:30:47+00:00
2300,1262,,Greystar Property Mgmt,PNC Bank,097227088,4205260483,USD,true,2026-03-19T16:46:27+00:00
2301,1262,Navient,Navient,PNC Bank,080618142,936312588,USD,true,2026-03-17T00:43:35+00:00
2302,1263,,Discover,Wells Fargo,068331667,359097259244,USD,true,2023-02-16T19:04:53+00:00
2303,1263,,Equity Residential,PNC Bank,042709680,9689222731,USD,true,2023-01-26T01:41:18+00:00
2304,1263,,Greystar Property Mgmt,Citibank,027915663,293493190613,USD,true,2022-12-07T05:53:23+00:00
2305,1263,,Duke Energy,Wells Fargo,083636507,45261822863,USD,true,2023-12-30T01:45:57+00:00
2306,1267,,Discover,Citibank,078435487,76263946917,USD,true,2022-05-03T08:06:14+00:00
2307,1268,,Chase Card Services,Bank of America,090994044,72707211622,USD,true,2022-01-01T23:50:21+00:00
2308,1269,Progressive,Progressive,Wells Fargo,087883336,740193786703,USD,true,2025-01-10T06:29:58+00:00
2309,1269,,State Farm Insurance,JPMorgan Chase,022656113,27406159471,USD,true,2024-08-11T18:08:24+00:00
2310,1270,,AT&T,JPMorgan Chase,085877536,469774114,USD,true,2023-05-21T05:50:09+00:00
2311,1270,,Progressive,JPMorgan Chase,037481532,37550423796,USD,true,2026-07-23T13:36:06+00:00
2312,1270,,Navient,JPMorgan Chase,099598945,900930121750,USD,true,2025-04-13T16:35:30+00:00
2313,1272,,AT&T,JPMorgan Chase,025210222,420149755736,USD,true,2024-05-12T13:44:00+00:00
2314,1272,,Progressive,JPMorgan Chase,050388981,483870384741,USD,true,2025-02-04T15:01:24+00:00
2315,1273,,Duke Energy,Wells Fargo,034735093,861307473,USD,true,2019-08-19T22:08:11+00:00
2316,1273,,AT&T,PNC Bank,070240534,315469536,USD,true,2025-07-09T06:05:26+00:00
2317,1273,Chase,Chase Card Services,Wells Fargo,041237638,52936556958,USD,true,2016-01-19T22:08:18+00:00
2318,1273,,Sallie Mae,Citibank,094246203,973275825,USD,true,2020-08-28T22:43:38+00:00
2319,1274,Con,Con Edison,Citibank,014341634,350188360,USD,true,2014-05-12T04:24:24+00:00
2320,1274,,AT&T,JPMorgan Chase,050535733,696872747,USD,true,2017-06-20T11:57:17+00:00
2321,1277,Sallie,Sallie Mae,Bank of America,058487613,12979432558,USD,true,2024-12-31T10:18:51+00:00
2322,1280,,Progressive,Bank of America,084404925,60344838717,USD,true,2026-04-02T15:31:15+00:00
2323,1282,,Discover,PNC Bank,060279932,5164131711,USD,true,2021-10-28T04:45:44+00:00
2324,1282,,Chase Card Services,JPMorgan Chase,018551466,32914636213,USD,true,2021-09-27T11:32:40+00:00
2325,1282,,GEICO,JPMorgan Chase,005578263,297598796193,USD,true,2021-04-01T08:23:35+00:00
2326,1285,AT&T,AT&T,PNC Bank,015621494,757499256037,USD,true,2016-04-11T02:01:40+00:00
2327,1285,,Discover,Bank of America,051420859,967398526,USD,true,2019-11-15T19:11:22+00:00
2328,1285,,GEICO,JPMorgan Chase,064314693,80365844843,USD,true,2021-12-27T21:11:19+00:00
2329,1285,,City Water Dept,Wells Fargo,058859800,71236098581,USD,true,2026-08-30T02:19:13+00:00
2330,1287,GEICO,GEICO,PNC Bank,033349324,29060809196,USD,true,2019-04-17T06:43:00+00:00
2331,1287,Greystar,Greystar Property Mgmt,JPMorgan Chase,049546380,2213611998,USD,true,2025-08-23T20:38:03+00:00
2332,1288,,Greystar Property Mgmt,Bank of America,000414991,907786039,USD,true,2017-07-19T18:39:18+00:00
2333,1288,Duke,Duke Energy,Wells Fargo,098337617,367915083,USD,true,2021-09-09T19:37:13+00:00
2334,1288,AT&T,AT&T,Wells Fargo,021431072,53957748755,USD,true,2022-09-01T02:50:33+00:00
2335,1289,Comcast,Comcast Xfinity,Citibank,085825983,23772149020,USD,true,2021-12-19T23:15:09+00:00
2336,1289,,AT&T,Bank of America,038288964,1242165511,USD,true,2019-11-10T09:48:23+00:00
2337,1290,Chase,Chase Card Services,Wells Fargo,062800958,674042443134,USD,true,2021-12-09T19:39:47+00:00
2338,1290,Equity,Equity Residential,Wells Fargo,079551317,2100082074,USD,true,2019-03-07T05:35:15+00:00
2339,1291,,Discover,Bank of America,040776216,765174789475,USD,true,2020-02-24T10:21:54+00:00
2340,1291,,Sallie Mae,JPMorgan Chase,019773528,2528913513,USD,true,2011-06-06T03:50:31+00:00
2341,1293,PSEG,PSEG,PNC Bank,030055167,412733346,USD,true,2022-06-25T13:07:17+00:00
2342,1293,Sallie,Sallie Mae,JPMorgan Chase,088036993,292906557107,USD,true,2022-08-26T02:12:57+00:00
2343,1293,,Greystar Property Mgmt,PNC Bank,069154931,174896840526,USD,true,2020-03-16T19:51:13+00:00
2344,1295,,Con Edison,Bank of America,040055298,503109651,USD,true,2026-04-30T14:26:37+00:00
2345,1295,,Equity Residential,Citibank,072572833,694976524034,USD,true,2024-07-11T07:37:48+00:00
2346,1297,,Navient,Bank of America,073758367,8372052511,USD,true,2019-05-27T04:23:42+00:00
2347,1297,City,City Water Dept,JPMorgan Chase,082809101,572418779,USD,true,2018-01-25T21:03:04+00:00
2348,1299,,PSEG,Bank of America,046411978,713448351,USD,true,2025-01-13T15:56:23+00:00
2349,1299,GEICO,GEICO,PNC Bank,083472090,002822405164,USD,true,2025-01-03T13:12:21+00:00
2350,1299,,Con Edison,Wells Fargo,097642037,7225407955,USD,true,2025-10-30T08:34:43+00:00
2351,1299,,Duke Energy,JPMorgan Chase,071756876,877991394115,USD,true,2026-08-13T14:24:07+00:00
2352,1301,Greystar,Greystar Property Mgmt,Citibank,082421228,975059913153,USD,true,2022-11-28T09:56:11+00:00
2353,1301,Progressive,Progressive,Citibank,097929443,8333774725,USD,true,2020-07-20T03:50:54+00:00
2354,1301,,Discover,Bank of America,061481631,7113454480,USD,true,2018-04-01T02:30:14+00:00
2355,1303,,Navient,Bank of America,073010484,765705356325,USD,true,2025-03-18T19:25:12+00:00
2356,1304,,Discover,JPMorgan Chase,025118718,650183754007,USD,true,2022-11-08T19:53:13+00:00
2357,1305,Sallie,Sallie Mae,Wells Fargo,043313030,69189159581,USD,true,2018-05-26T21:06:07+00:00
2358,1305,,Duke Energy,Citibank,029789588,7959704526,USD,true,2012-03-13T20:05:32+00:00
2359,1306,,Navient,Citibank,007505808,15283311609,USD,true,2016-04-06T09:47:53+00:00
2360,1306,Progressive,Progressive,Citibank,009162850,000074654,USD,true,2025-10-14T07:07:08+00:00
2361,1307,Greystar,Greystar Property Mgmt,Wells Fargo,068327501,096575096,USD,true,2025-08-06T01:20:39+00:00
2362,1307,,Equity Residential,Citibank,091685642,24367569509,USD,true,2025-12-18T06:46:32+00:00
2363,1307,,AT&T,Wells Fargo,060162178,3623735919,USD,true,2025-07-23T10:59:29+00:00
2364,1308,Greystar,Greystar Property Mgmt,Wells Fargo,002660833,866284670802,USD,true,2026-04-27T02:07:07+00:00
2365,1309,Con,Con Edison,PNC Bank,099967624,2625772651,USD,true,2019-08-17T21:13:48+00:00
2366,1310,Con,Con Edison,JPMorgan Chase,016597504,034458191,USD,true,2025-09-06T17:43:17+00:00
2367,1310,State,State Farm Insurance,PNC Bank,053187596,602959465,USD,true,2026-04-29T05:59:45+00:00
2368,1311,,Discover,Wells Fargo,066023354,075576150625,USD,true,2025-01-10T23:37:23+00:00
2369,1311,,Greystar Property Mgmt,PNC Bank,056588286,90045888299,USD,true,2020-01-18T16:33:41+00:00
2370,1311,,Duke Energy,PNC Bank,017626248,01957702440,USD,true,2024-12-01T23:24:43+00:00
2371,1312,,Chase Card Services,Citibank,047299675,2374106276,USD,true,2023-10-20T13:02:38+00:00
2372,1312,,Greystar Property Mgmt,PNC Bank,090460091,354677513991,USD,true,2012-02-02T01:43:34+00:00
2373,1313,Discover,Discover,Bank of America,005030851,00969178020,USD,true,2018-11-08T12:16:04+00:00
2374,1314,PSEG,PSEG,Wells Fargo,017884757,079331676415,USD,true,2023-04-01T22:18:22+00:00
2375,1315,,AT&T,Wells Fargo,070930664,6845770929,USD,true,2025-07-21T06:24:11+00:00
2376,1315,,Duke Energy,JPMorgan Chase,016295695,2734472932,USD,true,2022-09-30T06:01:07+00:00
2377,1316,Navient,Navient,Citibank,066084558,5432054670,USD,true,2025-04-26T12:32:30+00:00
2378,1316,,Chase Card Services,Bank of America,038706883,2985764403,USD,true,2020-03-25T22:39:54+00:00
2379,1318,,Duke Energy,Wells Fargo,015639663,0936317425,USD,true,2025-01-30T23:39:56+00:00
2380,1318,,Discover,JPMorgan Chase,007129363,673271459011,USD,true,2023-10-11T00:23:23+00:00
2381,1318,,AT&T,Wells Fargo,049247699,30979007392,USD,true,2023-04-16T09:42:29+00:00
2382,1318,,Greystar Property Mgmt,Citibank,089792274,008741726,USD,true,2023-03-10T14:49:35+00:00
2383,1319,,Duke Energy,Bank of America,019406990,0525979454,USD,true,2026-06-02T05:41:22+00:00
2384,1320,,Discover,PNC Bank,037466784,631204897687,USD,true,2026-06-02T21:32:25+00:00
2385,1320,Chase,Chase Card Services,Wells Fargo,054733906,378441161130,USD,true,2017-09-01T03:56:02+00:00
2386,1321,Duke,Duke Energy,Wells Fargo,067512183,94384970246,USD,true,2026-02-14T02:04:49+00:00
2387,1322,GEICO,GEICO,Bank of America,001353450,2949759300,USD,true,2022-04-21T21:20:11+00:00
2388,1322,,State Farm Insurance,JPMorgan Chase,036380299,27761002604,USD,true,2022-01-21T12:20:26+00:00
2389,1323,Sallie,Sallie Mae,JPMorgan Chase,097694464,565371087,USD,true,2026-07-12T09:28:29+00:00
2390,1323,,City Water Dept,PNC Bank,042443553,85716945288,USD,true,2026-02-16T04:20:13+00:00
2391,1323,State,State Farm Insurance,JPMorgan Chase,021085395,316611110,USD,true,2026-07-02T08:33:28+00:00
2392,1324,State,State Farm Insurance,Wells Fargo,038225865,506801391511,USD,true,2013-10-19T23:38:30+00:00
2393,1324,AT&T,AT&T,Bank of America,010175840,626397024,USD,true,2026-04-06T10:40:28+00:00
2394,1324,,Duke Energy,Bank of America,058758854,7692718544,USD,true,2017-12-22T19:09:14+00:00
2395,1324,,Discover,JPMorgan Chase,000192716,16484141771,USD,true,2018-02-25T06:58:18+00:00
2396,1325,,Equity Residential,Wells Fargo,073852929,605610974291,USD,true,2018-07-11T14:22:15+00:00
2397,1325,,Comcast Xfinity,Citibank,092364500,612588106699,USD,true,2013-07-28T14:50:06+00:00
2398,1326,,Con Edison,JPMorgan Chase,017006284,219772945089,USD,true,2016-04-19T19:29:56+00:00
2399,1326,,Comcast Xfinity,PNC Bank,036989882,352927313,USD,true,2018-12-13T14:17:09+00:00
2400,1327,GEICO,GEICO,Bank of America,035988979,342858101914,USD,true,2024-02-20T15:12:56+00:00
2401,1327,Navient,Navient,Citibank,077962891,3804308328,USD,true,2021-03-16T09:17:18+00:00
2402,1328,PSEG,PSEG,JPMorgan Chase,064214831,639517563022,USD,true,2016-09-05T13:32:57+00:00
2403,1328,,Duke Energy,Wells Fargo,024394711,728629514,USD,true,2020-12-06T00:03:22+00:00
2404,1328,Sallie,Sallie Mae,PNC Bank,014108366,289881167,USD,true,2018-04-19T05:29:22+00:00
2405,1328,GEICO,GEICO,PNC Bank,000796848,153694450701,USD,true,2023-03-19T12:06:03+00:00
2406,1329,City,City Water Dept,PNC Bank,045610928,551461983,USD,true,2026-01-09T18:08:57+00:00
2407,1329,PSEG,PSEG,PNC Bank,089006081,5534083597,USD,true,2024-05-28T17:10:03+00:00
2408,1329,,Comcast Xfinity,Wells Fargo,075079358,68481345972,USD,true,2025-05-18T09:44:45+00:00
2409,1329,,Chase Card Services,JPMorgan Chase,065234395,925449317,USD,true,2026-01-08T04:31:46+00:00
2410,1330,GEICO,GEICO,Citibank,050831265,230976069,USD,true,2022-01-24T23:23:59+00:00
2411,1331,GEICO,GEICO,Wells Fargo,024279194,25155828155,USD,true,2021-03-17T14:57:08+00:00
2412,1332,,Discover,PNC Bank,057206281,073862152,USD,true,2025-01-23T20:52:05+00:00
2413,1333,,Con Edison,JPMorgan Chase,047285126,99401146714,USD,true,2022-06-26T07:12:00+00:00
2414,1333,Duke,Duke Energy,Citibank,043425606,152969978193,USD,true,2026-07-18T04:01:45+00:00
2415,1334,AT&T,AT&T,JPMorgan Chase,032731000,187940184688,USD,true,2019-02-03T05:00:42+00:00
2416,1334,,Sallie Mae,Bank of America,035364881,8763205268,USD,true,2016-06-05T22:00:28+00:00
2417,1335,Progressive,Progressive,PNC Bank,059267913,30995649756,USD,true,2024-07-27T20:56:20+00:00
2418,1336,City,City Water Dept,JPMorgan Chase,071175154,2822041581,USD,true,2025-10-26T17:13:30+00:00
2419,1336,Con,Con Edison,Wells Fargo,075609184,9476631285,USD,true,2026-02-21T06:49:20+00:00
2420,1336,Sallie,Sallie Mae,JPMorgan Chase,006243821,2968253266,USD,true,2024-11-05T22:16:33+00:00
2421,1337,GEICO,GEICO,Citibank,054904845,448353454071,USD,true,2023-11-13T15:59:32+00:00
2422,1338,Chase,Chase Card Services,Wells Fargo,032094114,762320908780,USD,true,2013-03-25T01:25:02+00:00
2423,1338,,Progressive,Wells Fargo,075881579,997605200461,USD,true,2024-03-05T03:38:09+00:00
2424,1338,,City Water Dept,Bank of America,077668581,42551893131,USD,true,2017-06-05T18:40:54+00:00
2425,1341,Equity,Equity Residential,Citibank,084178338,70661154023,USD,true,2022-05-28T01:43:05+00:00
2426,1342,Progressive,Progressive,Wells Fargo,018381480,5470912848,USD,true,2019-12-24T04:16:22+00:00
2427,1342,,Con Edison,JPMorgan Chase,078775816,28113743771,USD,true,2021-08-05T18:05:19+00:00
2428,1342,,Comcast Xfinity,PNC Bank,054110591,26772912636,USD,true,2013-11-04T23:47:09+00:00
2429,1343,,City Water Dept,PNC Bank,023527672,4123978329,USD,true,2012-12-02T08:47:33+00:00
2430,1343,,Sallie Mae,Bank of America,087600927,75594672677,USD,true,2015-08-04T03:04:31+00:00
2431,1344,Equity,Equity Residential,JPMorgan Chase,008570748,780772954,USD,true,2015-02-19T09:43:49+00:00
2432,1344,Greystar,Greystar Property Mgmt,Citibank,052418907,658418174342,USD,true,2020-01-31T19:04:03+00:00
2433,1344,,Sallie Mae,Wells Fargo,039445322,428719605288,USD,true,2023-05-29T23:37:45+00:00
2434,1344,Progressive,Progressive,Bank of America,025191106,61703653402,USD,true,2018-02-04T07:36:45+00:00
2435,1346,,AT&T,Citibank,074217957,5252218282,USD,true,2025-08-14T18:24:31+00:00
2436,1346,,Navient,Wells Fargo,000368281,879513436503,USD,true,2025-09-25T04:19:38+00:00
2437,1346,,Progressive,Citibank,076917682,7238561325,USD,true,2026-03-07T20:21:16+00:00
2438,1346,City,City Water Dept,JPMorgan Chase,001410895,816219718,USD,true,2026-03-15T19:38:47+00:00
2439,1347,Navient,Navient,JPMorgan Chase,093838293,8274333307,USD,true,2011-12-24T08:45:58+00:00
2440,1347,,State Farm Insurance,JPMorgan Chase,000520475,77216931028,USD,true,2015-03-17T21:35:57+00:00
2441,1347,Sallie,Sallie Mae,JPMorgan Chase,057386436,14908363178,USD,true,2024-06-28T00:07:51+00:00
2442,1348,Duke,Duke Energy,Citibank,023132882,6392781525,USD,true,2025-02-05T00:27:48+00:00
2443,1348,,Chase Card Services,Citibank,067925785,7491599390,USD,true,2017-09-07T15:25:28+00:00
2444,1349,,Navient,Wells Fargo,052060109,649354693636,USD,true,2015-09-15T16:40:51+00:00
2445,1349,,Progressive,Bank of America,019790838,7316084034,USD,true,2013-02-24T14:08:20+00:00
2446,1349,,Comcast Xfinity,Citibank,059988655,644499583405,USD,true,2017-05-25T00:44:34+00:00
2447,1350,,City Water Dept,Wells Fargo,097790206,9233468427,USD,true,2015-11-27T05:32:15+00:00
2448,1350,Duke,Duke Energy,PNC Bank,020695709,11116540745,USD,true,2015-02-20T19:32:52+00:00
2449,1351,,Chase Card Services,Wells Fargo,063816379,632566198,USD,true,2015-10-20T09:23:42+00:00
2450,1351,,Duke Energy,Bank of America,084798126,076658945,USD,true,2020-11-02T12:03:23+00:00
2451,1351,,Equity Residential,Bank of America,062174810,969270566697,USD,true,2025-12-12T22:05:50+00:00
2452,1352,,City Water Dept,Bank of America,012764680,519177779,USD,true,2010-09-25T08:01:10+00:00
2453,1352,Duke,Duke Energy,Wells Fargo,060781419,357239725,USD,true,2016-03-05T17:55:24+00:00
2454,1352,Equity,Equity Residential,Citibank,087970729,4768793838,USD,true,2025-05-06T09:08:07+00:00
2455,1353,,PSEG,Citibank,010773113,496066093494,USD,true,2016-06-11T20:37:43+00:00
2456,1353,Duke,Duke Energy,Citibank,000147923,733577633316,USD,true,2010-04-23T10:55:52+00:00
2457,1354,,City Water Dept,Citibank,014190365,716029395533,USD,true,2024-04-07T23:43:24+00:00
2458,1354,,GEICO,PNC Bank,025173136,650450905,USD,true,2022-11-17T22:41:55+00:00
2459,1355,PSEG,PSEG,PNC Bank,006892968,461915121,USD,true,2022-05-11T23:52:06+00:00
2460,1355,Navient,Navient,PNC Bank,000087208,029973316699,USD,true,2024-08-03T09:38:59+00:00
2461,1356,Comcast,Comcast Xfinity,Bank of America,084605415,849589483,USD,true,2016-06-26T21:58:51+00:00
2462,1360,,AT&T,PNC Bank,052690239,555451260307,USD,true,2017-04-30T21:30:38+00:00
2463,1360,Con,Con Edison,JPMorgan Chase,006593092,18434429421,USD,true,2020-07-18T05:47:38+00:00
2464,1360,,PSEG,Citibank,053338535,27586559185,USD,true,2021-08-12T04:46:10+00:00
2465,1361,Duke,Duke Energy,Wells Fargo,087743602,011389547883,USD,true,2020-07-09T19:49:03+00:00
2466,1361,,AT&T,JPMorgan Chase,065456496,75776572493,USD,true,2023-07-13T04:52:48+00:00
2467,1361,,Discover,Citibank,095679971,1410386712,USD,true,2020-11-09T00:57:11+00:00
2468,1363,Chase,Chase Card Services,Wells Fargo,057234860,61447381471,USD,true,2022-11-09T10:49:52+00:00
2469,1364,,City Water Dept,JPMorgan Chase,072594947,3239890857,USD,true,2018-03-25T19:57:44+00:00
2470,1364,,Duke Energy,JPMorgan Chase,025748222,821868228312,USD,true,2023-06-04T11:43:56+00:00
2471,1364,,Discover,Wells Fargo,042901584,381539346,USD,true,2022-10-27T22:22:21+00:00
2472,1366,,Navient,JPMorgan Chase,061831946,7577851311,USD,true,2024-04-28T00:23:54+00:00
2473,1367,Equity,Equity Residential,Wells Fargo,039840411,19771680064,USD,true,2018-10-23T23:56:58+00:00
2474,1367,,Comcast Xfinity,Bank of America,021201240,0550601656,USD,true,2015-07-20T04:28:44+00:00
2475,1367,,Chase Card Services,PNC Bank,012705843,155488983,USD,true,2016-05-23T10:40:50+00:00
2476,1367,,GEICO,Wells Fargo,099324566,984050469443,USD,true,2022-08-11T15:55:09+00:00
2477,1368,,Chase Card Services,PNC Bank,057356611,689566708,USD,true,2020-04-13T21:17:14+00:00
2478,1368,,City Water Dept,PNC Bank,028823054,04636058865,USD,true,2019-02-25T12:41:13+00:00
2479,1368,,PSEG,PNC Bank,062767088,152115073,USD,true,2016-09-13T16:26:29+00:00
2480,1369,,Chase Card Services,Wells Fargo,024974506,452658029,USD,true,2025-07-01T03:54:19+00:00
2481,1370,AT&T,AT&T,Wells Fargo,003326851,758497044403,USD,true,2022-05-08T21:41:06+00:00
2482,1370,,State Farm Insurance,Bank of America,052958972,745708533018,USD,true,2023-09-23T17:36:14+00:00
2483,1372,Sallie,Sallie Mae,PNC Bank,028595868,899598472300,USD,true,2019-02-20T12:53:48+00:00
2484,1372,,Greystar Property Mgmt,Wells Fargo,098676861,910274406,USD,true,2025-01-30T13:32:21+00:00
2485,1374,,Sallie Mae,PNC Bank,050333752,145313714,USD,true,2022-04-08T06:22:25+00:00
2486,1375,,Chase Card Services,Wells Fargo,042684024,786812649,USD,true,2016-09-10T23:25:20+00:00
2487,1375,,Comcast Xfinity,Wells Fargo,006603174,523427773379,USD,true,2013-03-31T15:55:03+00:00
2488,1376,,State Farm Insurance,Wells Fargo,022325122,8545952189,USD,true,2022-07-01T16:50:40+00:00
2489,1377,,Navient,JPMorgan Chase,027210721,319959496909,USD,true,2025-11-29T20:35:06+00:00
2490,1377,,Sallie Mae,PNC Bank,030022900,997949900,USD,true,2016-09-14T20:51:00+00:00
2491,1377,,Greystar Property Mgmt,PNC Bank,007493094,3443363234,USD,true,2017-08-08T23:07:49+00:00
2492,1378,,Equity Residential,Bank of America,058117083,132815718,USD,true,2021-08-27T14:13:03+00:00
2493,1378,Progressive,Progressive,Bank of America,061096343,2851612699,USD,true,2012-04-02T06:59:41+00:00
2494,1379,Navient,Navient,JPMorgan Chase,089732772,696337953406,USD,true,2014-09-08T17:11:43+00:00
2495,1379,Sallie,Sallie Mae,Citibank,068164841,817315852,USD,true,2021-10-08T11:25:23+00:00
2496,1380,,GEICO,JPMorgan Chase,052087590,391029121,USD,true,2026-05-23T11:01:14+00:00
2497,1380,,Discover,JPMorgan Chase,037950479,729109596567,USD,true,2019-12-25T09:50:30+00:00
2498,1381,,Progressive,Wells Fargo,002395752,4621624483,USD,true,2024-08-07T07:35:16+00:00
2499,1381,,Greystar Property Mgmt,JPMorgan Chase,059040448,48023396941,USD,true,2024-12-13T17:43:54+00:00
2500,1381,,AT&T,Citibank,030057877,776149971651,USD,true,2026-06-12T18:19:45+00:00
2501,1382,,Equity Residential,PNC Bank,063115559,309468004004,USD,true,2026-05-07T14:59:42+00:00
2502,1383,State,State Farm Insurance,Wells Fargo,024812004,786550344,USD,true,2022-03-13T22:12:37+00:00
2503,1383,Greystar,Greystar Property Mgmt,Wells Fargo,053655160,655625155777,USD,true,2024-08-25T22:59:10+00:00
2504,1383,,Chase Card Services,JPMorgan Chase,062685409,5848981420,USD,true,2024-09-27T02:09:32+00:00
2505,1383,,City Water Dept,Bank of America,046511801,772504598,USD,true,2022-07-22T11:28:42+00:00
2506,1384,PSEG,PSEG,Citibank,073591145,60003627130,USD,true,2025-04-10T22:50:14+00:00
2507,1384,Con,Con Edison,Bank of America,083741403,6211265090,USD,true,2025-06-05T10:20:46+00:00
2508,1385,,PSEG,Bank of America,057460701,917277172,USD,true,2023-12-22T11:39:40+00:00
2509,1385,,Chase Card Services,Citibank,042819254,7940608913,USD,true,2025-03-11T08:52:37+00:00
2510,1385,Con,Con Edison,Bank of America,018373410,3278521700,USD,true,2025-05-03T13:21:56+00:00
2511,1385,,City Water Dept,Citibank,096387454,7107474237,USD,true,2023-07-25T21:52:41+00:00
2512,1387,,Duke Energy,Wells Fargo,079676673,273266320,USD,true,2025-09-16T22:35:51+00:00
2513,1387,,GEICO,PNC Bank,027734753,841262276,USD,true,2025-12-06T22:55:03+00:00
2514,1388,,Navient,Citibank,017106563,748450071,USD,true,2021-11-13T12:16:54+00:00
2515,1388,,Sallie Mae,Citibank,035768075,489110236808,USD,true,2016-11-23T11:33:16+00:00
2516,1388,,GEICO,PNC Bank,068629972,6157435624,USD,true,2017-09-02T05:12:59+00:00
2517,1388,AT&T,AT&T,JPMorgan Chase,019005213,0450674582,USD,true,2022-07-02T17:48:26+00:00
2518,1389,Equity,Equity Residential,Bank of America,074294574,29275820241,USD,true,2016-08-12T23:56:40+00:00
2519,1389,State,State Farm Insurance,JPMorgan Chase,000635246,482737105,USD,true,2018-07-09T13:20:28+00:00
2520,1389,PSEG,PSEG,Bank of America,028374752,176941702165,USD,true,2012-01-06T17:59:36+00:00
2521,1391,,Progressive,Wells Fargo,054734552,2853369341,USD,true,2018-11-27T01:38:38+00:00
2522,1391,City,City Water Dept,Wells Fargo,084706631,4984851638,USD,true,2025-03-07T13:33:33+00:00
2523,1392,,AT&T,Citibank,004070798,36952424113,USD,true,2020-03-05T13:14:33+00:00
2524,1392,,Sallie Mae,PNC Bank,016152995,8362506765,USD,true,2022-12-05T20:58:27+00:00
2525,1392,,Greystar Property Mgmt,Citibank,050334690,481835267800,USD,true,2024-04-29T18:49:13+00:00
2526,1392,,Navient,Wells Fargo,020602904,158829037494,USD,true,2025-08-24T11:35:33+00:00
2527,1393,,PSEG,Bank of America,000821511,2725253467,USD,true,2020-01-13T21:43:15+00:00
2528,1393,Chase,Chase Card Services,Citibank,033845590,058292417644,USD,true,2020-12-01T00:48:02+00:00
2529,1394,,Equity Residential,PNC Bank,024455915,035886315,USD,true,2026-03-09T10:19:13+00:00
2530,1394,Progressive,Progressive,Wells Fargo,006266634,82611722178,USD,true,2026-08-25T22:05:07+00:00
2531,1394,Navient,Navient,JPMorgan Chase,063113013,126032206387,USD,true,2022-02-25T00:58:55+00:00
2532,1395,,State Farm Insurance,Wells Fargo,037205646,7592319610,USD,true,2022-08-14T12:33:28+00:00
2533,1395,,Chase Card Services,JPMorgan Chase,076801235,559260511373,USD,true,2012-09-01T10:03:57+00:00
2534,1395,,GEICO,Citibank,017701571,72827210492,USD,true,2020-02-25T01:53:17+00:00
2535,1395,,Progressive,Bank of America,008986156,951717718164,USD,true,2017-03-06T14:40:33+00:00
2536,1396,State,State Farm Insurance,Wells Fargo,035889119,75802744688,USD,true,2024-08-17T16:23:39+00:00
2537,1396,AT&T,AT&T,Wells Fargo,020590787,32999434965,USD,true,2025-02-17T04:00:28+00:00
2538,1398,,City Water Dept,Citibank,015823722,713271477,USD,true,2009-04-24T09:52:55+00:00
2539,1398,,Navient,JPMorgan Chase,087710377,516996193,USD,true,2015-03-04T00:16:31+00:00
2540,1398,PSEG,PSEG,Bank of America,080783645,961281785975,USD,true,2026-08-11T17:25:09+00:00
2541,1400,,State Farm Insurance,JPMorgan Chase,043480920,91864565425,USD,true,2017-08-31T21:42:32+00:00
2542,1400,Discover,Discover,Wells Fargo,026820215,863099065762,USD,true,2022-10-12T06:46:55+00:00
2543,1401,Navient,Navient,PNC Bank,024314769,6709659758,USD,true,2022-11-16T14:48:28+00:00
2544,1401,Greystar,Greystar Property Mgmt,Citibank,035867721,9730964491,USD,true,2026-09-05T03:48:20+00:00
2545,1402,,Progressive,PNC Bank,071496188,540546911,USD,true,2026-07-03T01:01:30+00:00
2546,1402,Equity,Equity Residential,Bank of America,088323754,448405865575,USD,true,2023-03-26T09:40:01+00:00
2547,1402,,Greystar Property Mgmt,Bank of America,032725873,9579204522,USD,true,2024-05-27T08:47:11+00:00
2548,1403,,Navient,Citibank,027794871,598944266,USD,true,2015-04-02T01:48:21+00:00
2549,1403,,State Farm Insurance,PNC Bank,042521453,41394896882,USD,true,2015-08-30T14:03:07+00:00
2550,1403,,Equity Residential,Bank of America,094361063,375873863825,USD,true,2017-06-24T19:20:43+00:00
2551,1404,Sallie,Sallie Mae,Bank of America,082619682,7489757312,USD,true,2025-05-08T06:29:01+00:00
2552,1404,Discover,Discover,Bank of America,033843770,4949068492,USD,true,2025-06-20T18:57:04+00:00
2553,1406,,Con Edison,PNC Bank,010159768,39337285357,USD,true,2021-08-25T14:33:19+00:00
2554,1406,Duke,Duke Energy,PNC Bank,068825587,7990577930,USD,true,2021-03-26T07:36:54+00:00
2555,1406,,PSEG,Bank of America,076029591,2750201610,USD,true,2021-05-17T21:08:19+00:00
2556,1407,Comcast,Comcast Xfinity,Citibank,069071598,541289566,USD,true,2026-06-09T14:10:53+00:00
2557,1408,Navient,Navient,Citibank,076720223,65996701624,USD,true,2021-11-21T16:13:02+00:00
2558,1411,Equity,Equity Residential,Citibank,037605027,446933668,USD,true,2023-06-03T01:30:46+00:00
2559,1411,Discover,Discover,PNC Bank,079457544,3604063725,USD,true,2022-06-02T00:24:53+00:00
2560,1411,,Progressive,PNC Bank,041125535,612318263,USD,true,2018-02-16T19:05:14+00:00
2561,1412,,City Water Dept,Bank of America,066835286,36078433448,USD,true,2016-08-19T11:33:20+00:00
2562,1412,GEICO,GEICO,Wells Fargo,081568708,5865471176,USD,true,2023-07-26T20:58:21+00:00
2563,1412,,Navient,JPMorgan Chase,097371305,4951042089,USD,true,2021-07-24T17:37:47+00:00
2564,1413,,Chase Card Services,Wells Fargo,062928705,8185835139,USD,true,2017-09-05T18:22:18+00:00
2565,1413,GEICO,GEICO,PNC Bank,074151770,8279972382,USD,true,2020-08-21T05:06:50+00:00
2566,1415,Greystar,Greystar Property Mgmt,Bank of America,019837693,4633525443,USD,true,2021-10-02T14:56:32+00:00
2567,1415,,Progressive,Bank of America,009268472,307483249,USD,true,2013-07-23T18:37:03+00:00
2568,1416,,Duke Energy,Wells Fargo,079327386,97023565993,USD,true,2025-07-26T18:25:41+00:00
2569,1417,Sallie,Sallie Mae,JPMorgan Chase,075951926,445561328541,USD,true,2025-12-20T13:40:02+00:00
2570,1419,,AT&T,PNC Bank,039841602,62012750547,USD,true,2016-05-26T01:30:21+00:00
2571,1419,,Progressive,Wells Fargo,080387434,395706804404,USD,true,2012-06-25T20:50:56+00:00
2572,1419,,GEICO,Citibank,069131911,1502521914,USD,true,2017-10-15T01:57:26+00:00
2573,1420,,City Water Dept,PNC Bank,074214737,1969457054,USD,true,2020-01-15T04:26:29+00:00
2574,1420,,Chase Card Services,PNC Bank,073653053,692342666619,USD,true,2022-12-06T14:35:26+00:00
2575,1420,,Duke Energy,Citibank,052802469,125856614699,USD,true,2022-09-14T18:48:52+00:00
2576,1421,,Comcast Xfinity,Citibank,044423597,536796540,USD,true,2019-10-09T11:24:11+00:00
2577,1421,,Navient,PNC Bank,085155565,5200846888,USD,true,2011-10-22T17:01:19+00:00
2578,1423,Con,Con Edison,Bank of America,086713809,808238340,USD,true,2022-05-24T20:38:16+00:00
2579,1423,,Discover,Bank of America,088761246,43303198376,USD,true,2021-11-25T09:07:24+00:00
2580,1423,Progressive,Progressive,Bank of America,017435818,577845538199,USD,true,2025-12-16T11:56:51+00:00
2581,1423,,Duke Energy,Citibank,045769114,157962350138,USD,true,2021-09-08T15:09:46+00:00
2582,1425,,Greystar Property Mgmt,Bank of America,003906860,24592847313,USD,true,2012-02-23T02:41:52+00:00
2583,1425,,Comcast Xfinity,PNC Bank,044614070,867267075501,USD,true,2013-09-25T16:45:01+00:00
2584,1425,Equity,Equity Residential,Bank of America,005411045,9039460572,USD,true,2022-05-09T07:54:57+00:00
2585,1426,,GEICO,Wells Fargo,094001256,43865507509,USD,true,2020-10-19T09:33:53+00:00
2586,1427,,State Farm Insurance,JPMorgan Chase,077432645,7994375300,USD,true,2022-12-02T10:38:29+00:00
2587,1427,Greystar,Greystar Property Mgmt,Citibank,055672742,62412530496,USD,true,2026-02-22T04:40:02+00:00
2588,1427,,GEICO,Citibank,060212757,7431000288,USD,true,2025-08-16T11:52:39+00:00
2589,1427,Duke,Duke Energy,Citibank,035409298,7537613324,USD,true,2024-11-22T00:23:43+00:00
2590,1428,,State Farm Insurance,Wells Fargo,087668171,00740774634,USD,true,2023-02-11T00:48:09+00:00
2591,1428,,Con Edison,Bank of America,071666255,078622830763,USD,true,2025-10-26T23:17:39+00:00
2592,1432,,Con Edison,PNC Bank,075121769,16588954201,USD,true,2011-03-03T09:47:16+00:00
2593,1433,Chase,Chase Card Services,Bank of America,016608049,39557120100,USD,true,2020-08-27T09:23:17+00:00
2594,1434,Chase,Chase Card Services,JPMorgan Chase,017483314,906961895493,USD,true,2026-08-22T13:03:55+00:00
2595,1434,,Con Edison,PNC Bank,018110659,686215355,USD,true,2026-04-13T02:48:11+00:00
2596,1435,,GEICO,JPMorgan Chase,025529069,936133614391,USD,true,2016-11-12T16:33:21+00:00
2597,1435,AT&T,AT&T,Wells Fargo,037295411,608420410,USD,true,2018-02-25T08:36:38+00:00
2598,1436,City,City Water Dept,Bank of America,079425981,65417856148,USD,true,2026-02-09T01:47:02+00:00
2599,1437,,AT&T,Citibank,055866922,913859204385,USD,true,2023-01-06T09:00:36+00:00
2600,1438,Discover,Discover,JPMorgan Chase,030960730,285917653,USD,true,2014-12-25T20:10:31+00:00
2601,1438,,PSEG,Bank of America,029395300,3210698800,USD,true,2013-08-02T02:34:39+00:00
2602,1438,Progressive,Progressive,Wells Fargo,009017153,03597778106,USD,true,2020-03-25T07:53:42+00:00
2603,1439,,Discover,PNC Bank,004266764,171934002,USD,true,2026-04-14T13:03:58+00:00
2604,1439,,GEICO,PNC Bank,092342539,224483876164,USD,true,2026-05-01T09:01:05+00:00
2605,1439,,Duke Energy,Bank of America,057015886,99259308727,USD,true,2026-06-05T13:14:44+00:00
2606,1439,,Comcast Xfinity,Bank of America,046142248,77461310097,USD,true,2026-09-12T23:57:53+00:00
2607,1440,,Chase Card Services,PNC Bank,076507752,502821910513,USD,true,2022-04-19T10:56:29+00:00
2608,1440,,Greystar Property Mgmt,Citibank,027948450,177240876,USD,true,2025-08-08T20:57:56+00:00
2609,1440,,GEICO,Wells Fargo,076618058,635769206245,USD,true,2021-10-26T16:38:13+00:00
2610,1440,Discover,Discover,Wells Fargo,080975311,42652765215,USD,true,2023-03-03T02:42:11+00:00
2611,1441,,Navient,Wells Fargo,010968361,788127644316,USD,true,2025-07-30T12:24:39+00:00
2612,1441,PSEG,PSEG,PNC Bank,053261390,0566656008,USD,true,2025-11-20T03:35:23+00:00
2613,1441,Chase,Chase Card Services,Bank of America,061052928,02743871793,USD,true,2026-04-07T23:06:36+00:00
2614,1441,City,City Water Dept,Wells Fargo,071512511,050971749,USD,true,2024-11-21T07:29:32+00:00
2615,1443,,Greystar Property Mgmt,Bank of America,019707320,0498228359,USD,true,2012-12-07T07:36:39+00:00
2616,1445,,Sallie Mae,Citibank,049972949,9040835698,USD,true,2023-12-07T22:02:08+00:00
2617,1446,,Progressive,Bank of America,017207716,8820275348,USD,true,2026-04-27T00:59:38+00:00
2618,1446,,Duke Energy,Citibank,072660489,686016910,USD,true,2026-06-12T11:10:44+00:00
2619,1446,,Navient,Citibank,033099598,937816969,USD,true,2026-08-31T08:55:57+00:00
2620,1446,,Greystar Property Mgmt,Wells Fargo,078820217,044641263544,USD,true,2026-03-10T17:54:22+00:00
2621,1447,,Duke Energy,JPMorgan Chase,036194061,307592170,USD,true,2022-09-22T13:19:45+00:00
2622,1448,Progressive,Progressive,Bank of America,098865865,32646662820,USD,true,2026-04-22T10:28:18+00:00
2623,1448,AT&T,AT&T,Wells Fargo,046052980,9639292125,USD,true,2025-01-19T08:42:30+00:00
2624,1448,,Comcast Xfinity,Bank of America,033117965,545605569037,USD,true,2024-09-15T22:50:13+00:00
2625,1448,Navient,Navient,JPMorgan Chase,031480078,346768285,USD,true,2024-08-31T14:21:17+00:00
2626,1449,Greystar,Greystar Property Mgmt,PNC Bank,091565971,318676335225,USD,true,2024-03-04T14:51:21+00:00
2627,1449,,Sallie Mae,JPMorgan Chase,004699688,72797833447,USD,true,2023-10-24T05:49:25+00:00
2628,1450,Progressive,Progressive,Bank of America,057299309,657692172,USD,true,2023-12-26T22:56:24+00:00
2629,1450,State,State Farm Insurance,Bank of America,056750349,362857078524,USD,true,2023-04-04T01:14:08+00:00
2630,1450,,Sallie Mae,Citibank,033805394,56113025915,USD,true,2019-03-21T20:57:51+00:00
2631,1451,AT&T,AT&T,JPMorgan Chase,054201219,695673507873,USD,true,2020-06-29T12:42:59+00:00
2632,1451,,Comcast Xfinity,Bank of America,090378979,288782283219,USD,true,2020-01-08T03:25:41+00:00
2633,1452,Con,Con Edison,Wells Fargo,076662946,174228302456,USD,true,2020-02-04T22:34:48+00:00
2634,1453,,Equity Residential,JPMorgan Chase,032733627,69158544097,USD,true,2025-03-30T13:38:14+00:00
2635,1453,,Discover,Wells Fargo,079491166,204634975,USD,true,2026-05-29T14:18:26+00:00
2636,1454,,Con Edison,PNC Bank,000711257,5120499564,USD,true,2026-07-18T16:13:15+00:00
2637,1456,Duke,Duke Energy,Citibank,000507026,02252433827,USD,true,2025-10-24T17:18:30+00:00
2638,1456,,Comcast Xfinity,Bank of America,020724188,6339123894,USD,true,2023-05-04T00:38:21+00:00
2639,1457,Comcast,Comcast Xfinity,Bank of America,089150212,9158059601,USD,true,2024-06-23T19:30:31+00:00
2640,1458,,Navient,Wells Fargo,059357692,43856180617,USD,true,2013-06-14T17:45:43+00:00
2641,1458,,City Water Dept,Bank of America,033072063,709754122303,USD,true,2017-08-19T19:16:43+00:00
2642,1460,,Duke Energy,JPMorgan Chase,094607630,45955872011,USD,true,2026-08-25T00:28:29+00:00
2643,1461,Comcast,Comcast Xfinity,Wells Fargo,030524404,7646892628,USD,true,2016-07-16T03:30:27+00:00
2644,1461,Navient,Navient,Citibank,001556467,1475584598,USD,true,2021-10-20T17:03:36+00:00
2645,1461,,GEICO,Wells Fargo,039782904,864985009367,USD,true,2013-11-22T18:10:17+00:00
2646,1462,,Greystar Property Mgmt,Bank of America,013061611,52366436289,USD,true,2009-08-25T19:58:38+00:00
2647,1463,,Equity Residential,Wells Fargo,048402347,033324275461,USD,true,2024-04-30T00:22:08+00:00
2648,1464,,Con Edison,PNC Bank,025795336,517086544530,USD,true,2017-03-06T07:56:29+00:00
2649,1464,Discover,Discover,Citibank,042215664,979750121,USD,true,2023-02-09T07:01:52+00:00
2650,1465,Progressive,Progressive,PNC Bank,013915984,731500904,USD,true,2023-10-07T07:14:17+00:00
2651,1466,Comcast,Comcast Xfinity,Citibank,042557252,158927125972,USD,true,2019-02-25T22:41:05+00:00
2652,1466,,Sallie Mae,PNC Bank,068041002,175216050,USD,true,2022-06-19T09:05:24+00:00
2653,1466,Greystar,Greystar Property Mgmt,Wells Fargo,055160032,522825862,USD,true,2026-02-05T03:05:14+00:00
2654,1466,,PSEG,PNC Bank,089006721,156628717,USD,true,2024-11-14T01:21:13+00:00
2655,1467,City,City Water Dept,PNC Bank,002993976,913944857815,USD,true,2023-07-19T12:53:30+00:00
2656,1467,,PSEG,Bank of America,077472398,9269611679,USD,true,2024-01-06T19:41:02+00:00
2657,1467,Chase,Chase Card Services,JPMorgan Chase,001892921,6673939264,USD,true,2026-07-02T10:39:58+00:00
2658,1467,Equity,Equity Residential,Citibank,098590239,6794851433,USD,true,2022-06-28T14:41:03+00:00
2659,1468,,Chase Card Services,JPMorgan Chase,055233005,136190657337,USD,true,2024-06-09T01:14:04+00:00
2660,1468,GEICO,GEICO,Wells Fargo,003755023,838937825184,USD,true,2018-06-17T02:15:42+00:00
2661,1469,PSEG,PSEG,Bank of America,014064836,8268160666,USD,true,2022-01-16T08:29:38+00:00
2662,1469,,Comcast Xfinity,PNC Bank,025983927,5824148310,USD,true,2021-12-18T16:27:57+00:00
2663,1470,,GEICO,PNC Bank,031295316,49645539738,USD,true,2015-10-30T23:19:05+00:00
2664,1470,Navient,Navient,JPMorgan Chase,046059713,67539474794,USD,true,2015-08-13T00:53:05+00:00
2665,1471,,Con Edison,Bank of America,059934235,4593141396,USD,true,2009-09-12T23:48:29+00:00
2666,1471,,Chase Card Services,PNC Bank,029166181,1389723196,USD,true,2012-07-21T16:57:58+00:00
2667,1472,PSEG,PSEG,Wells Fargo,001881932,974011409,USD,true,2025-12-04T07:36:24+00:00
2668,1473,,Navient,PNC Bank,030306061,6032779048,USD,true,2020-09-16T01:01:59+00:00
2669,1473,Equity,Equity Residential,Bank of America,099895135,037677792,USD,true,2020-09-19T16:55:06+00:00
2670,1474,,Con Edison,JPMorgan Chase,001750389,528931650,USD,true,2022-11-08T23:17:17+00:00
2671,1474,AT&T,AT&T,PNC Bank,065375872,084519613137,USD,true,2024-03-20T20:49:05+00:00
2672,1474,Equity,Equity Residential,JPMorgan Chase,025902652,35881856107,USD,true,2019-05-23T04:02:07+00:00
2673,1476,,Con Edison,PNC Bank,089531859,5984829463,USD,true,2025-10-06T03:04:41+00:00
2674,1476,,Discover,JPMorgan Chase,075495575,517574159,USD,true,2024-07-10T16:28:28+00:00
2675,1477,,Navient,PNC Bank,009119997,21629806148,USD,true,2018-03-03T23:41:14+00:00
2676,1477,Comcast,Comcast Xfinity,Citibank,098012857,30341737091,USD,true,2025-07-18T09:52:55+00:00
2677,1478,Chase,Chase Card Services,PNC Bank,023635831,73455646774,USD,true,2026-05-28T17:55:14+00:00
2678,1478,,Duke Energy,Bank of America,092231398,15103793849,USD,true,2025-04-11T07:39:35+00:00
2679,1479,AT&T,AT&T,Bank of America,021373321,831785699892,USD,true,2017-03-01T10:53:35+00:00
2680,1479,Con,Con Edison,Bank of America,058701548,584127365474,USD,true,2018-01-27T02:01:21+00:00
2681,1479,Discover,Discover,Bank of America,096578161,8205436205,USD,true,2017-06-17T13:21:17+00:00
2682,1479,,PSEG,PNC Bank,088019019,3863006512,USD,true,2023-11-02T05:37:57+00:00
2683,1480,,Con Edison,JPMorgan Chase,047853721,492851117109,USD,true,2023-09-21T07:02:27+00:00
2684,1481,Comcast,Comcast Xfinity,PNC Bank,012361639,40661761821,USD,true,2023-11-30T00:16:53+00:00
2685,1482,,AT&T,Wells Fargo,045990499,8395454163,USD,true,2016-12-27T16:59:08+00:00
2686,1482,,Comcast Xfinity,Wells Fargo,023247645,8945581789,USD,true,2018-10-31T10:31:47+00:00
2687,1482,,Con Edison,JPMorgan Chase,063976321,875238019656,USD,true,2017-03-17T08:25:00+00:00
2688,1482,,City Water Dept,Wells Fargo,011557024,141662585398,USD,true,2017-11-09T03:24:09+00:00
2689,1483,State,State Farm Insurance,Wells Fargo,079456872,80775332115,USD,true,2023-09-13T23:04:08+00:00
2690,1484,,Navient,Wells Fargo,071440339,08392135928,USD,true,2012-05-20T02:36:01+00:00
2691,1486,Progressive,Progressive,PNC Bank,071566310,160897095719,USD,true,2021-05-02T06:20:04+00:00
2692,1486,,Discover,Bank of America,029574700,8005146424,USD,true,2014-09-28T23:44:40+00:00
2693,1487,,Con Edison,JPMorgan Chase,006005804,100015314,USD,true,2015-03-26T17:51:17+00:00
2694,1488,Progressive,Progressive,JPMorgan Chase,083410397,2829291693,USD,true,2021-12-17T03:59:53+00:00
2695,1489,,Progressive,JPMorgan Chase,057576022,428230324,USD,true,2024-10-05T07:24:06+00:00
2696,1489,,Con Edison,Bank of America,076422637,393120897337,USD,true,2022-09-27T12:35:16+00:00
2697,1489,Chase,Chase Card Services,PNC Bank,078051727,560519576112,USD,true,2021-09-24T00:38:36+00:00
2698,1490,AT&T,AT&T,Bank of America,093295596,729170353,USD,true,2026-04-06T20:51:41+00:00
2699,1490,Greystar,Greystar Property Mgmt,JPMorgan Chase,098151680,9976682498,USD,true,2026-09-16T09:00:55+00:00
2700,1492,,Navient,Wells Fargo,050337147,4713168752,USD,true,2011-12-14T00:06:42+00:00
2701,1492,AT&T,AT&T,Citibank,086652431,42328815722,USD,true,2026-09-05T07:04:06+00:00
2702,1492,Sallie,Sallie Mae,PNC Bank,026341783,784860954,USD,true,2009-03-08T21:53:18+00:00
2703,1493,Equity,Equity Residential,PNC Bank,044975555,30759277580,USD,true,2021-06-13T02:39:42+00:00
2704,1493,Progressive,Progressive,Citibank,091819151,82144511404,USD,true,2015-04-24T13:16:44+00:00
2705,1495,,GEICO,PNC Bank,083573829,7571628468,USD,true,2023-02-28T09:50:02+00:00
2706,1495,,Navient,PNC Bank,091555827,292500552767,USD,true,2014-05-04T15:28:34+00:00
2707,1497,,Progressive,Citibank,001769393,1504898592,USD,true,2021-07-18T14:10:58+00:00
2708,1498,,Equity Residential,JPMorgan Chase,039499652,756570642922,USD,true,2023-05-03T13:41:47+00:00
2709,1499,,Sallie Mae,PNC Bank,001223374,366604894906,USD,true,2026-05-17T20:49:31+00:00
2710,1499,,Duke Energy,Bank of America,080480512,06633090193,USD,true,2023-04-08T20:21:44+00:00
2711,1499,Chase,Chase Card Services,PNC Bank,033818050,825681315083,USD,true,2025-12-10T22:24:24+00:00
2712,1500,,Equity Residential,Wells Fargo,063347956,9672401665,USD,true,2023-04-13T18:11:16+00:00
2713,1500,,Greystar Property Mgmt,Wells Fargo,064337609,747344804,USD,true,2024-07-02T17:09:34+00:00
2714,1500,Progressive,Progressive,Citibank,098772956,52548780216,USD,true,2025-02-04T16:19:00+00:00
2715,1501,,State Farm Insurance,PNC Bank,044007806,944750233090,USD,true,2020-05-27T22:05:53+00:00
2716,1501,AT&T,AT&T,PNC Bank,085760395,6884197364,USD,true,2014-09-06T14:56:39+00:00
2717,1501,,Navient,PNC Bank,076722971,732058157,USD,true,2014-01-17T05:20:29+00:00
2718,1501,Comcast,Comcast Xfinity,JPMorgan Chase,008503713,632449244,USD,true,2011-07-01T08:50:52+00:00
2719,1502,,GEICO,Citibank,038249937,7042689337,USD,true,2025-11-12T11:16:41+00:00
2720,1503,Sallie,Sallie Mae,Wells Fargo,089134502,12720937016,USD,true,2017-09-15T19:00:41+00:00
2721,1503,,Equity Residential,JPMorgan Chase,048301090,274179251,USD,true,2019-01-30T21:25:08+00:00
2722,1504,State,State Farm Insurance,Bank of America,030695753,094866900,USD,true,2021-11-01T09:16:47+00:00
2723,1505,,AT&T,Wells Fargo,021312718,18388521587,USD,true,2023-08-02T12:37:07+00:00
2724,1505,,Sallie Mae,JPMorgan Chase,024573038,51744401654,USD,true,2025-11-08T11:28:10+00:00
2725,1506,,GEICO,Citibank,090923914,2000526647,USD,true,2024-08-14T22:53:54+00:00
2726,1506,,City Water Dept,Citibank,062970504,45856920308,USD,true,2024-04-19T19:17:15+00:00
2727,1507,,Duke Energy,Wells Fargo,082490486,72587826675,USD,true,2014-08-29T22:26:09+00:00
2728,1507,City,City Water Dept,Citibank,023255475,474909794059,USD,true,2013-11-23T06:02:54+00:00
2729,1507,,Progressive,Bank of America,014782518,999138674716,USD,true,2025-01-26T00:35:43+00:00
2730,1507,,Con Edison,PNC Bank,053808595,041955736971,USD,true,2018-10-22T00:18:05+00:00
2731,1508,,Sallie Mae,Bank of America,080186078,13852047722,USD,true,2023-02-13T16:11:26+00:00
2732,1508,,Equity Residential,JPMorgan Chase,097579622,24558399856,USD,true,2023-01-17T04:24:48+00:00
2733,1509,AT&T,AT&T,PNC Bank,041913399,2642686042,USD,true,2021-08-31T14:57:27+00:00
2734,1509,,State Farm Insurance,Bank of America,039899142,348095451,USD,true,2023-01-05T10:18:39+00:00
2735,1511,,State Farm Insurance,Wells Fargo,056584385,841055408,USD,true,2020-11-17T11:02:53+00:00
2736,1511,,Progressive,PNC Bank,076745991,902702456225,USD,true,2016-01-22T14:30:14+00:00
2737,1513,,Duke Energy,PNC Bank,092634971,155134518076,USD,true,2024-12-12T12:55:08+00:00
2738,1513,,Equity Residential,JPMorgan Chase,017796806,002522266,USD,true,2025-11-09T07:10:24+00:00
2739,1514,,State Farm Insurance,PNC Bank,049798649,92465964560,USD,true,2017-04-28T12:02:44+00:00
2740,1514,Sallie,Sallie Mae,JPMorgan Chase,001558154,5600790669,USD,true,2025-09-05T02:36:54+00:00
2741,1515,City,City Water Dept,PNC Bank,096957821,95133491685,USD,true,2019-12-21T13:09:10+00:00
2742,1518,Duke,Duke Energy,Citibank,038828082,214168858,USD,true,2016-08-01T02:31:43+00:00
2743,1518,City,City Water Dept,JPMorgan Chase,083763671,235317213,USD,true,2021-07-11T09:20:50+00:00
2744,1518,,Chase Card Services,Bank of America,011077013,391013424846,USD,true,2019-09-22T00:49:03+00:00
2745,1519,Navient,Navient,Wells Fargo,002382454,2236869005,USD,true,2011-12-20T18:38:37+00:00
2746,1519,,Sallie Mae,PNC Bank,055537948,8969930568,USD,true,2025-05-16T00:56:05+00:00
2747,1519,,GEICO,Bank of America,082168088,146581016782,USD,true,2017-01-25T21:29:23+00:00
2748,1519,Con,Con Edison,Bank of America,022973730,6743665122,USD,true,2012-02-23T18:26:00+00:00
2749,1520,,Con Edison,Citibank,050668449,573444213671,USD,true,2025-08-31T21:17:55+00:00
2750,1522,City,City Water Dept,JPMorgan Chase,070183663,660968390,USD,true,2026-08-25T06:18:31+00:00
2751,1523,GEICO,GEICO,PNC Bank,014706888,390320374,USD,true,2018-08-21T05:34:18+00:00
2752,1523,AT&T,AT&T,Citibank,035394829,4667872297,USD,true,2017-12-24T08:59:00+00:00
2753,1523,Comcast,Comcast Xfinity,Citibank,074183522,543958709981,USD,true,2021-10-20T11:03:47+00:00
2754,1524,Con,Con Edison,Wells Fargo,009297128,8094551723,USD,true,2018-01-26T04:28:36+00:00
2755,1524,City,City Water Dept,JPMorgan Chase,053709444,525328487398,USD,true,2015-04-23T13:19:21+00:00
2756,1524,PSEG,PSEG,PNC Bank,047438240,525070597928,USD,true,2026-04-14T22:10:15+00:00
2757,1525,Comcast,Comcast Xfinity,Bank of America,081221557,27361195691,USD,true,2026-01-20T04:06:14+00:00
2758,1525,Equity,Equity Residential,JPMorgan Chase,059591845,08527045849,USD,true,2023-07-17T10:27:24+00:00
2759,1525,,Greystar Property Mgmt,Bank of America,028636044,304758389,USD,true,2025-12-23T13:10:46+00:00
2760,1525,,Con Edison,Citibank,090486620,717786038,USD,true,2020-07-07T19:35:31+00:00
2761,1526,,Discover,Citibank,017654234,7779376146,USD,true,2024-12-18T09:56:53+00:00
2762,1526,AT&T,AT&T,PNC Bank,082335043,242483518,USD,true,2025-08-13T12:25:43+00:00
2763,1526,Progressive,Progressive,Wells Fargo,015994442,952934976585,USD,true,2025-05-12T18:21:31+00:00
2764,1526,Con,Con Edison,JPMorgan Chase,001413401,061826656807,USD,true,2025-05-04T13:08:52+00:00
2765,1527,,Con Edison,Citibank,051062853,747595043252,USD,true,2023-07-09T06:52:43+00:00
2766,1528,,Comcast Xfinity,Citibank,060233522,362306753,USD,true,2026-06-20T20:02:19+00:00
2767,1529,,AT&T,Bank of America,054620333,19016669695,USD,true,2026-06-16T01:58:00+00:00
2768,1529,,GEICO,JPMorgan Chase,076497914,02510563254,USD,true,2026-08-27T05:31:33+00:00
2769,1529,,Duke Energy,JPMorgan Chase,029325940,551310845732,USD,true,2026-09-02T00:19:05+00:00
2770,1530,,Discover,Citibank,096251083,66121209676,USD,true,2019-12-26T20:22:00+00:00
2771,1530,,Comcast Xfinity,Citibank,032304997,4089797747,USD,true,2017-09-27T14:04:18+00:00
2772,1530,AT&T,AT&T,Citibank,070961315,6818326699,USD,true,2025-10-15T05:16:25+00:00
2773,1531,,Greystar Property Mgmt,Wells Fargo,055649970,02386537221,USD,true,2021-02-05T07:57:39+00:00
2774,1531,,State Farm Insurance,PNC Bank,084586390,454298658,USD,true,2020-12-19T08:36:58+00:00
2775,1532,,Progressive,Wells Fargo,066768797,74965576558,USD,true,2016-12-27T23:56:36+00:00
2776,1533,,City Water Dept,PNC Bank,015196135,24385350054,USD,true,2022-08-04T14:33:25+00:00
2777,1533,,Navient,PNC Bank,049634177,4609766302,USD,true,2025-09-19T23:28:50+00:00
2778,1534,,Progressive,PNC Bank,050358662,19410147832,USD,true,2019-10-15T20:37:18+00:00
2779,1534,,Chase Card Services,PNC Bank,028811823,63436393658,USD,true,2021-12-27T17:12:09+00:00
2780,1538,,City Water Dept,Bank of America,098043730,67918110015,USD,true,2021-08-20T19:18:22+00:00
2781,1538,GEICO,GEICO,Citibank,084884773,9629690685,USD,true,2022-06-01T21:54:45+00:00
2782,1539,,Equity Residential,Citibank,087861815,546329325884,USD,true,2021-11-27T14:17:35+00:00
2783,1539,AT&T,AT&T,PNC Bank,076079981,3745974683,USD,true,2015-12-24T10:56:10+00:00
2784,1539,,Sallie Mae,JPMorgan Chase,033682852,010052474,USD,true,2025-09-13T12:23:14+00:00
2785,1540,,Duke Energy,Wells Fargo,014189119,782384062193,USD,true,2019-12-26T01:04:40+00:00
2786,1540,Navient,Navient,Bank of America,035961717,5363984925,USD,true,2020-04-18T10:44:52+00:00
2787,1540,Progressive,Progressive,PNC Bank,022104076,8432067004,USD,true,2021-08-31T13:00:19+00:00
2788,1540,,Chase Card Services,Bank of America,000529700,778587533,USD,true,2025-04-14T05:32:16+00:00
2789,1543,,Greystar Property Mgmt,Wells Fargo,046770477,9809836892,USD,true,2023-11-18T12:05:26+00:00
2790,1543,,Comcast Xfinity,JPMorgan Chase,009730473,6474580335,USD,true,2023-05-21T03:31:40+00:00
2791,1544,,AT&T,Citibank,057373275,47461200320,USD,true,2012-11-17T17:07:36+00:00
2792,1544,PSEG,PSEG,Bank of America,094467891,500288033454,USD,true,2020-12-05T21:53:15+00:00
2793,1544,,Navient,Citibank,091642564,73601358363,USD,true,2017-12-20T14:21:51+00:00
2794,1545,,Greystar Property Mgmt,JPMorgan Chase,006041507,024135056,USD,true,2019-04-05T07:51:35+00:00
2795,1545,Duke,Duke Energy,Bank of America,091191367,081262730,USD,true,2016-12-29T03:49:05+00:00
2796,1545,,Chase Card Services,Bank of America,016673828,253055528405,USD,true,2019-10-04T19:40:20+00:00
2797,1546,,PSEG,Wells Fargo,084047379,317603648,USD,true,2009-07-25T17:25:41+00:00
2798,1546,Con,Con Edison,JPMorgan Chase,011180303,58023923560,USD,true,2020-03-11T01:41:23+00:00
2799,1546,Duke,Duke Energy,Citibank,035682554,9189853992,USD,true,2016-05-24T04:02:13+00:00
2800,1547,GEICO,GEICO,PNC Bank,033771645,375137210139,USD,true,2017-11-23T07:30:30+00:00
2801,1547,PSEG,PSEG,Citibank,053848648,202908429134,USD,true,2016-10-29T02:28:44+00:00
2802,1547,,City Water Dept,Wells Fargo,082504062,584436008,USD,true,2024-10-30T04:24:23+00:00
2803,1547,Duke,Duke Energy,Wells Fargo,023733318,002578174249,USD,true,2024-08-24T01:42:02+00:00
2804,1548,Equity,Equity Residential,JPMorgan Chase,063233639,4952234993,USD,true,2020-01-07T12:01:23+00:00
2805,1548,GEICO,GEICO,Citibank,067285861,9572529426,USD,true,2020-03-13T03:03:33+00:00
2806,1549,Navient,Navient,Bank of America,069248189,2110315970,USD,true,2015-10-20T08:14:22+00:00
2807,1549,,GEICO,Bank of America,088203789,208163125,USD,true,2023-10-01T22:08:27+00:00
2808,1549,City,City Water Dept,Citibank,090828106,8563663007,USD,true,2019-06-24T19:42:36+00:00
2809,1550,,GEICO,JPMorgan Chase,082734926,111202715074,USD,true,2024-06-05T20:31:36+00:00
2810,1550,Navient,Navient,JPMorgan Chase,032813085,807272473,USD,true,2025-12-17T16:17:40+00:00
2811,1550,State,State Farm Insurance,JPMorgan Chase,095231679,61269178663,USD,true,2025-11-29T13:41:58+00:00
2812,1550,,Con Edison,Bank of America,037521242,324919349,USD,true,2025-12-22T08:17:51+00:00
2813,1551,Greystar,Greystar Property Mgmt,Citibank,078497801,8623878504,USD,true,2022-03-27T09:10:54+00:00
2814,1551,,City Water Dept,Wells Fargo,078078306,962639784166,USD,true,2019-05-25T02:54:59+00:00
2815,1551,Equity,Equity Residential,Wells Fargo,009088390,411981625034,USD,true,2026-07-30T06:32:04+00:00
2816,1551,Discover,Discover,Bank of America,083914911,437040842,USD,true,2023-09-23T15:18:31+00:00
2817,1552,,Progressive,JPMorgan Chase,067804049,102296193,USD,true,2022-02-22T01:50:36+00:00
2818,1552,Discover,Discover,Wells Fargo,097314477,360965278298,USD,true,2019-11-02T01:22:57+00:00
2819,1552,,Duke Energy,PNC Bank,051080760,536448163,USD,true,2023-09-30T03:48:17+00:00
2820,1553,,Navient,Bank of America,093593188,551211479,USD,true,2025-01-01T23:25:33+00:00
2821,1553,,Progressive,JPMorgan Chase,097233755,754228152,USD,true,2026-07-30T16:15:51+00:00
2822,1553,City,City Water Dept,PNC Bank,088868319,983335929,USD,true,2025-04-16T19:41:37+00:00
2823,1553,,Comcast Xfinity,JPMorgan Chase,097933740,3376903866,USD,true,2025-01-11T22:32:06+00:00
2824,1554,Con,Con Edison,Wells Fargo,004954288,64043178020,USD,true,2025-12-16T13:08:33+00:00
2825,1554,Chase,Chase Card Services,Bank of America,093848980,794609567372,USD,true,2024-11-26T11:48:50+00:00
2826,1555,,Progressive,JPMorgan Chase,075351256,430831640940,USD,true,2021-09-25T21:05:44+00:00
2827,1556,,Discover,JPMorgan Chase,087481499,13593456415,USD,true,2022-04-29T09:47:28+00:00
2828,1557,,Progressive,Bank of America,011437940,5733201134,USD,true,2014-05-27T09:16:50+00:00
2829,1557,PSEG,PSEG,Wells Fargo,037757167,578723359876,USD,true,2022-11-02T20:45:35+00:00
2830,1557,Navient,Navient,Bank of America,043070618,170273146,USD,true,2015-03-31T11:03:26+00:00
2831,1557,,GEICO,PNC Bank,057549214,8265539794,USD,true,2024-10-23T19:18:46+00:00
2832,1558,,Sallie Mae,Bank of America,061921312,75301612351,USD,true,2025-02-12T04:41:37+00:00
2833,1558,Chase,Chase Card Services,Bank of America,007508607,45888612839,USD,true,2021-04-25T09:57:35+00:00
2834,1558,Progressive,Progressive,Wells Fargo,089185819,2483488490,USD,true,2022-10-26T23:19:08+00:00
2835,1558,Duke,Duke Energy,Citibank,030503595,96508505844,USD,true,2016-11-07T01:30:13+00:00
2836,1560,,Equity Residential,PNC Bank,095854899,681178074,USD,true,2025-09-02T04:00:59+00:00
2837,1560,,Greystar Property Mgmt,JPMorgan Chase,071646668,6301068382,USD,true,2020-04-11T14:28:21+00:00
2838,1561,Duke,Duke Energy,PNC Bank,012545691,388545701425,USD,true,2025-03-26T07:20:32+00:00
2839,1562,Con,Con Edison,Bank of America,054923017,35555975788,USD,true,2020-07-21T08:16:30+00:00
2840,1562,,PSEG,Wells Fargo,068447208,7949706621,USD,true,2013-10-23T04:22:21+00:00
2841,1563,,Sallie Mae,Citibank,056922159,45784860254,USD,true,2024-11-17T00:23:20+00:00
2842,1563,Con,Con Edison,Bank of America,002901680,52991942278,USD,true,2024-04-22T03:12:34+00:00
2843,1565,Duke,Duke Energy,Wells Fargo,078230172,375314618107,USD,true,2025-08-03T03:25:10+00:00
2844,1566,,Navient,PNC Bank,077783420,6036546183,USD,true,2022-07-06T15:10:48+00:00
2845,1566,AT&T,AT&T,Bank of America,063766730,563951662,USD,true,2018-08-17T09:40:19+00:00
2846,1568,Comcast,Comcast Xfinity,PNC Bank,066235152,06460333871,USD,true,2023-01-31T22:02:43+00:00
2847,1569,,Navient,PNC Bank,054516508,7778162337,USD,true,2025-01-10T17:31:26+00:00
2848,1569,,PSEG,JPMorgan Chase,047525625,859634382072,USD,true,2022-10-26T17:24:19+00:00
2849,1569,City,City Water Dept,JPMorgan Chase,075652276,225699238,USD,true,2026-04-21T03:21:55+00:00
2850,1571,,Chase Card Services,Bank of America,094287784,59001252607,USD,true,2026-03-15T05:37:08+00:00
2851,1571,,Con Edison,Bank of America,092620671,71020119349,USD,true,2023-01-27T18:08:58+00:00
2852,1571,,Comcast Xfinity,Bank of America,016069293,8517526387,USD,true,2026-07-26T16:49:34+00:00
2853,1571,,Progressive,Bank of America,060737061,852865778,USD,true,2026-01-06T23:36:57+00:00
2854,1572,State,State Farm Insurance,PNC Bank,013861290,9910880698,USD,true,2025-10-12T15:08:01+00:00
2855,1573,Navient,Navient,Wells Fargo,064022351,1340107301,USD,true,2021-04-02T07:37:57+00:00
2856,1573,,Comcast Xfinity,Wells Fargo,099896119,256586547117,USD,true,2013-06-05T14:10:08+00:00
2857,1573,Progressive,Progressive,Citibank,039526687,050657071,USD,true,2010-07-14T18:18:38+00:00
2858,1573,AT&T,AT&T,PNC Bank,026122811,505577950,USD,true,2023-05-22T18:50:27+00:00
2859,1574,,Sallie Mae,Bank of America,017239075,0274744181,USD,true,2023-07-26T23:33:40+00:00
2860,1574,PSEG,PSEG,Wells Fargo,064241624,19285951469,USD,true,2025-04-26T14:09:51+00:00
2861,1575,,Progressive,PNC Bank,080303210,13830322467,USD,true,2026-04-20T11:52:00+00:00
2862,1576,Con,Con Edison,Bank of America,078815199,117806945,USD,true,2023-05-30T15:50:43+00:00
2863,1576,AT&T,AT&T,PNC Bank,059688125,4834610434,USD,true,2024-09-29T08:57:08+00:00
2864,1577,,Navient,Bank of America,041967832,326186986,USD,true,2024-12-05T01:03:19+00:00
2865,1577,,Sallie Mae,JPMorgan Chase,052510403,30682812682,USD,true,2023-11-18T01:32:33+00:00
2866,1578,Duke,Duke Energy,Citibank,089441714,8546439438,USD,true,2021-11-27T15:24:49+00:00
2867,1579,Navient,Navient,Wells Fargo,052207317,1964880165,USD,true,2026-01-04T05:19:52+00:00
2868,1579,,State Farm Insurance,JPMorgan Chase,098437705,622303133,USD,true,2024-03-22T01:25:56+00:00
2869,1579,Chase,Chase Card Services,Citibank,030881111,2887347106,USD,true,2021-12-24T11:53:05+00:00
2870,1580,Chase,Chase Card Services,Bank of America,045934004,0936096536,USD,true,2026-02-08T14:42:55+00:00
2871,1580,,State Farm Insurance,Wells Fargo,033422839,018495077860,USD,true,2022-09-02T06:24:49+00:00
2872,1581,,AT&T,Bank of America,024896917,484454027,USD,true,2026-06-30T14:00:04+00:00
2873,1582,,Sallie Mae,Wells Fargo,040798104,192492103971,USD,true,2017-10-23T19:03:49+00:00
2874,1582,,Greystar Property Mgmt,PNC Bank,007556339,387180158,USD,true,2020-06-08T05:13:28+00:00
2875,1583,,Duke Energy,Wells Fargo,021197484,20208307743,USD,true,2020-01-30T10:59:37+00:00
2876,1583,,State Farm Insurance,Citibank,018175759,3089839917,USD,true,2017-08-16T19:20:17+00:00
2877,1584,Con,Con Edison,PNC Bank,053776311,428758658,USD,true,2022-12-17T10:07:53+00:00
2878,1584,,Chase Card Services,JPMorgan Chase,030922619,2133410249,USD,true,2016-12-01T06:26:45+00:00
2879,1584,,Greystar Property Mgmt,JPMorgan Chase,055651608,732612127667,USD,true,2024-02-08T07:40:30+00:00
2880,1585,Greystar,Greystar Property Mgmt,Wells Fargo,074239047,41230785318,USD,true,2022-05-13T13:07:54+00:00
2881,1586,Equity,Equity Residential,Citibank,053855600,996465496273,USD,true,2021-11-08T14:07:41+00:00
2882,1586,PSEG,PSEG,JPMorgan Chase,018721238,370974466,USD,true,2022-03-07T03:07:11+00:00
2883,1586,,State Farm Insurance,Citibank,026951548,581373448,USD,true,2024-09-12T05:45:35+00:00
2884,1587,,Equity Residential,Citibank,056385624,150573380,USD,true,2026-07-14T20:25:39+00:00
2885,1587,,AT&T,Bank of America,071558360,77844315995,USD,true,2020-08-10T12:54:51+00:00
2886,1588,,AT&T,JPMorgan Chase,089574807,1036210365,USD,true,2025-06-27T11:04:50+00:00
2887,1588,,Discover,Bank of America,007058354,764931104,USD,true,2014-07-10T14:07:10+00:00
2888,1588,,City Water Dept,Wells Fargo,021457929,84499397126,USD,true,2015-07-29T16:38:30+00:00
2889,1589,,GEICO,PNC Bank,078816528,473583327,USD,true,2024-03-28T06:21:07+00:00
2890,1589,,PSEG,PNC Bank,044877105,228183421,USD,true,2025-03-22T20:53:20+00:00
2891,1589,,Navient,Bank of America,033375182,793230720218,USD,true,2026-01-26T01:22:23+00:00
2892,1589,Equity,Equity Residential,Citibank,010718982,4249731821,USD,true,2023-10-19T03:51:57+00:00
2893,1590,,Greystar Property Mgmt,Wells Fargo,021427884,17327358618,USD,true,2017-10-14T16:33:03+00:00
2894,1592,Con,Con Edison,JPMorgan Chase,019667995,80294328395,USD,true,2025-09-19T18:35:41+00:00
2895,1594,State,State Farm Insurance,PNC Bank,006350262,457948832505,USD,true,2025-03-07T14:19:46+00:00
2896,1594,,GEICO,PNC Bank,020838526,555344902,USD,true,2025-01-13T11:27:09+00:00
2897,1594,,Progressive,PNC Bank,084096423,392778320,USD,true,2026-06-30T18:47:31+00:00
2898,1594,Duke,Duke Energy,Bank of America,034271568,852301668003,USD,true,2025-11-16T00:59:36+00:00
2899,1596,,Navient,JPMorgan Chase,065168252,631449734,USD,true,2017-08-31T11:32:02+00:00
2900,1596,,AT&T,Bank of America,016138270,871873108,USD,true,2015-06-25T21:11:47+00:00
2901,1596,,Duke Energy,Citibank,083968285,6986792067,USD,true,2021-12-05T02:52:47+00:00
2902,1597,,GEICO,JPMorgan Chase,009749529,10109672914,USD,true,2022-05-08T20:53:35+00:00
2903,1597,PSEG,PSEG,Wells Fargo,028636425,38717647250,USD,true,2021-03-17T02:07:18+00:00
2904,1598,PSEG,PSEG,JPMorgan Chase,022723086,4051080872,USD,true,2023-03-09T19:24:23+00:00
2905,1598,,Progressive,PNC Bank,025935558,446466457000,USD,true,2015-04-06T04:13:12+00:00
2906,1599,,Navient,JPMorgan Chase,052057727,8477736782,USD,true,2022-09-19T21:54:20+00:00
2907,1600,PSEG,PSEG,JPMorgan Chase,089406040,154910359621,USD,true,2012-12-22T01:29:02+00:00
2908,1600,,Comcast Xfinity,PNC Bank,055039951,24183944270,USD,true,2010-01-26T17:31:41+00:00
2909,1601,Duke,Duke Energy,Citibank,080214717,85990953841,USD,true,2025-09-12T01:55:59+00:00
2910,1603,State,State Farm Insurance,JPMorgan Chase,096716519,0803682155,USD,true,2021-02-10T16:56:49+00:00
2911,1604,,State Farm Insurance,Bank of America,033767270,989169500039,USD,true,2025-04-25T21:57:24+00:00
2912,1605,Progressive,Progressive,Bank of America,030323240,359429572294,USD,true,2024-12-15T12:21:11+00:00
2913,1606,,Progressive,JPMorgan Chase,005748890,6633336485,USD,true,2022-07-14T14:39:25+00:00
2914,1606,Con,Con Edison,PNC Bank,080389404,859309264256,USD,true,2024-11-22T10:00:38+00:00
2915,1607,Sallie,Sallie Mae,PNC Bank,009145877,349514761804,USD,true,2020-11-24T20:49:49+00:00
2916,1607,Chase,Chase Card Services,PNC Bank,018784091,022895141040,USD,true,2024-06-03T00:34:25+00:00
2917,1607,Equity,Equity Residential,JPMorgan Chase,048620214,063717692672,USD,true,2026-06-20T21:54:47+00:00
2918,1608,,Greystar Property Mgmt,PNC Bank,013638626,699195780,USD,true,2021-11-04T05:44:22+00:00
2919,1609,Sallie,Sallie Mae,Wells Fargo,018347669,74077811107,USD,true,2026-07-04T19:17:48+00:00
2920,1610,Equity,Equity Residential,Bank of America,026322543,945035292,USD,true,2025-11-16T09:36:52+00:00
2921,1611,,Progressive,JPMorgan Chase,025873528,089037481685,USD,true,2026-08-18T19:28:21+00:00
2922,1611,,AT&T,Bank of America,043085764,64939179297,USD,true,2026-08-04T04:08:03+00:00
2923,1612,,GEICO,Citibank,063745376,932719672,USD,true,2026-08-03T19:01:06+00:00
2924,1612,,Sallie Mae,PNC Bank,062977752,046669999451,USD,true,2026-07-19T23:06:35+00:00
2925,1613,Greystar,Greystar Property Mgmt,Wells Fargo,075509356,60033089729,USD,true,2015-11-30T04:27:15+00:00
2926,1614,Discover,Discover,PNC Bank,009372871,650388315,USD,true,2024-06-10T21:14:21+00:00
2927,1614,,Navient,Citibank,052328387,493525404023,USD,true,2022-04-26T22:38:15+00:00
2928,1614,Comcast,Comcast Xfinity,Citibank,067216676,35104125054,USD,true,2018-10-11T07:36:21+00:00
2929,1615,City,City Water Dept,Bank of America,035677292,98547234302,USD,true,2025-03-03T05:52:33+00:00
2930,1615,AT&T,AT&T,PNC Bank,014032094,576610906967,USD,true,2024-08-14T18:10:36+00:00
2931,1616,Equity,Equity Residential,Bank of America,011364191,5562841672,USD,true,2021-06-18T17:26:29+00:00
2932,1616,GEICO,GEICO,PNC Bank,017627471,82194752029,USD,true,2025-03-23T03:26:57+00:00
2933,1616,Greystar,Greystar Property Mgmt,JPMorgan Chase,010018115,9678272388,USD,true,2018-03-15T19:19:20+00:00
2934,1616,Comcast,Comcast Xfinity,Bank of America,029113468,935168520,USD,true,2023-03-30T03:50:30+00:00
2935,1617,,PSEG,JPMorgan Chase,005645361,28122631154,USD,true,2025-12-24T21:54:32+00:00
2936,1617,,Equity Residential,Bank of America,097303955,5296417134,USD,true,2022-01-14T04:48:49+00:00
2937,1618,,Progressive,Citibank,017608323,5313381234,USD,true,2024-05-07T21:56:50+00:00
2938,1618,Discover,Discover,Wells Fargo,031521390,40891262514,USD,true,2023-05-18T23:32:51+00:00
2939,1619,,State Farm Insurance,Bank of America,003301196,171827021,USD,true,2026-08-14T11:46:12+00:00
2940,1620,,Con Edison,PNC Bank,025840012,09258939950,USD,true,2025-03-02T00:58:01+00:00
2941,1620,Comcast,Comcast Xfinity,JPMorgan Chase,050038272,874260775484,USD,true,2024-04-24T11:51:25+00:00
2942,1621,,Navient,JPMorgan Chase,087281459,385830918,USD,true,2020-07-05T20:28:14+00:00
2943,1621,,Discover,Bank of America,021897223,87369212292,USD,true,2020-07-05T13:23:31+00:00
2944,1622,,Progressive,Bank of America,089240714,016639299,USD,true,2023-05-03T06:34:54+00:00
2945,1622,GEICO,GEICO,Bank of America,054823206,32498263855,USD,true,2022-09-15T00:18:13+00:00
2946,1622,Sallie,Sallie Mae,PNC Bank,038191173,675254675,USD,true,2023-11-18T06:33:29+00:00
2947,1623,,City Water Dept,JPMorgan Chase,046425489,647759510,USD,true,2024-08-27T23:53:56+00:00
2948,1623,Comcast,Comcast Xfinity,Bank of America,027769923,8079071202,USD,true,2025-09-25T06:13:46+00:00
2949,1624,Equity,Equity Residential,PNC Bank,015093046,800126661792,USD,true,2023-01-03T13:15:19+00:00
2950,1624,,AT&T,Wells Fargo,079760819,71211492766,USD,true,2014-10-25T07:46:30+00:00
2951,1625,,Equity Residential,Bank of America,048786464,943261810229,USD,true,2024-12-23T00:49:19+00:00
2952,1625,GEICO,GEICO,PNC Bank,039847327,6156838106,USD,true,2026-01-16T10:42:00+00:00
2953,1626,,City Water Dept,PNC Bank,067854660,1557158489,USD,true,2020-02-13T19:45:45+00:00
2954,1626,,Navient,JPMorgan Chase,033499761,49145464563,USD,true,2017-08-11T04:57:33+00:00
2955,1627,Comcast,Comcast Xfinity,Wells Fargo,092854211,27087886946,USD,true,2024-01-21T13:24:14+00:00
2956,1627,,Sallie Mae,Wells Fargo,058622418,899088756746,USD,true,2024-10-10T12:37:14+00:00
2957,1627,AT&T,AT&T,Citibank,039159909,166423432,USD,true,2023-04-20T12:39:42+00:00
2958,1627,GEICO,GEICO,JPMorgan Chase,009678594,824889114803,USD,true,2023-12-05T18:37:37+00:00
2959,1628,,State Farm Insurance,PNC Bank,001645438,673161424170,USD,true,2025-07-25T20:37:53+00:00
2960,1629,Duke,Duke Energy,Wells Fargo,001373246,233805468367,USD,true,2014-07-14T06:01:51+00:00
2961,1629,State,State Farm Insurance,Wells Fargo,048465080,528558643,USD,true,2020-01-22T21:06:21+00:00
2962,1629,Greystar,Greystar Property Mgmt,Bank of America,082644778,7760356416,USD,true,2022-08-22T01:04:18+00:00
2963,1630,Chase,Chase Card Services,Wells Fargo,065712636,86045859760,USD,true,2014-10-25T20:56:15+00:00
2964,1631,,PSEG,Bank of America,073538952,65025687349,USD,true,2020-08-06T20:02:31+00:00
2965,1631,Duke,Duke Energy,Wells Fargo,093779733,20981377468,USD,true,2015-01-08T14:25:59+00:00
2966,1631,,AT&T,JPMorgan Chase,094508475,916218972,USD,true,2017-05-03T11:05:44+00:00
2967,1633,PSEG,PSEG,Citibank,081962955,106195614,USD,true,2022-04-27T18:12:03+00:00
2968,1633,,Navient,Wells Fargo,018945037,04243388150,USD,true,2022-07-30T21:40:51+00:00
2969,1634,,Greystar Property Mgmt,Wells Fargo,082277873,205011140,USD,true,2026-08-19T03:48:33+00:00
2970,1635,,Con Edison,PNC Bank,053368918,50744201788,USD,true,2014-05-13T07:18:59+00:00
2971,1635,Chase,Chase Card Services,Wells Fargo,027038769,5202147076,USD,true,2024-04-27T01:01:03+00:00
2972,1636,,Navient,JPMorgan Chase,097911598,030355320,USD,true,2012-10-17T22:36:36+00:00
2973,1636,,Discover,PNC Bank,088891377,9325726870,USD,true,2019-09-16T11:34:29+00:00
2974,1636,,Con Edison,PNC Bank,001583622,0463806202,USD,true,2025-08-09T17:57:03+00:00
2975,1637,,Duke Energy,PNC Bank,075110546,973416567,USD,true,2024-02-29T02:08:30+00:00
2976,1637,,City Water Dept,JPMorgan Chase,000288935,603749233,USD,true,2026-06-15T23:56:07+00:00
2977,1637,Progressive,Progressive,Bank of America,083184359,276117623,USD,true,2025-04-14T10:57:06+00:00
2978,1639,,PSEG,JPMorgan Chase,040826380,864521972143,USD,true,2012-02-03T19:16:10+00:00
2979,1640,AT&T,AT&T,Citibank,057243349,91100455310,USD,true,2024-03-20T14:02:16+00:00
2980,1640,Equity,Equity Residential,PNC Bank,086992349,273481077,USD,true,2025-04-07T10:14:57+00:00
2981,1640,,PSEG,Citibank,025965225,92445051949,USD,true,2024-05-30T17:38:53+00:00
2982,1641,,GEICO,Citibank,000025367,657449328554,USD,true,2022-03-10T08:28:45+00:00
2983,1642,,PSEG,JPMorgan Chase,056979247,4681192437,USD,true,2026-07-29T09:25:23+00:00
2984,1642,Comcast,Comcast Xfinity,JPMorgan Chase,006935707,290369522057,USD,true,2026-09-02T15:29:05+00:00
2985,1643,,Progressive,Wells Fargo,067327530,097579019182,USD,true,2018-06-15T08:08:25+00:00
2986,1643,,Duke Energy,PNC Bank,013401208,776834987,USD,true,2026-05-15T19:05:38+00:00
2987,1644,,Chase Card Services,PNC Bank,025378227,596358730,USD,true,2021-07-16T13:56:29+00:00
2988,1644,,Duke Energy,JPMorgan Chase,011606920,20572630328,USD,true,2024-08-26T19:20:14+00:00
2989,1645,City,City Water Dept,JPMorgan Chase,023111753,953233172,USD,true,2025-10-28T17:20:06+00:00
2990,1646,,Sallie Mae,PNC Bank,055644813,78200715271,USD,true,2025-08-16T23:46:12+00:00
2991,1646,,Con Edison,Bank of America,015938758,78107125910,USD,true,2024-03-20T07:41:09+00:00
2992,1647,,Sallie Mae,Citibank,021395902,749263515748,USD,true,2026-05-01T12:57:20+00:00
2993,1647,,AT&T,Bank of America,056366784,861905217487,USD,true,2025-12-11T23:50:16+00:00
2994,1647,,Greystar Property Mgmt,JPMorgan Chase,061520932,2171226453,USD,true,2026-07-14T01:43:32+00:00
2995,1648,,Duke Energy,Citibank,093502917,76628054040,USD,true,2023-06-17T02:16:31+00:00
2996,1649,GEICO,GEICO,PNC Bank,067515157,090957623,USD,true,2024-01-23T21:28:23+00:00
2997,1649,,Con Edison,JPMorgan Chase,021094712,2822567308,USD,true,2023-11-01T14:00:48+00:00
2998,1650,PSEG,PSEG,JPMorgan Chase,040967210,81069708099,USD,true,2016-03-24T01:35:18+00:00
2999,1650,,Chase Card Services,Bank of America,008134772,352901562993,USD,true,2025-01-11T17:07:12+00:00
3000,1650,,Duke Energy,JPMorgan Chase,080091505,517989123,USD,true,2026-03-09T04:59:19+00:00
3001,1650,,City Water Dept,Bank of America,000305608,84844930874,USD,true,2020-07-01T12:59:27+00:00
3002,1651,AT&T,AT&T,PNC Bank,050620673,35309809442,USD,true,2014-07-19T12:37:26+00:00
3003,1654,,Con Edison,Citibank,061531301,309847783,USD,true,2025-04-27T08:53:18+00:00
3004,1655,,State Farm Insurance,Bank of America,080188848,831867032568,USD,true,2025-04-17T14:49:17+00:00
3005,1655,AT&T,AT&T,JPMorgan Chase,037499496,2755342722,USD,true,2016-08-09T02:36:16+00:00
3006,1655,Discover,Discover,Bank of America,058900225,1829057681,USD,true,2026-04-29T11:30:45+00:00
3007,1657,Con,Con Edison,Wells Fargo,061901736,789498582178,USD,true,2023-05-26T01:53:40+00:00
3008,1657,,Comcast Xfinity,Wells Fargo,010517944,22056704276,USD,true,2009-04-21T09:11:13+00:00
3009,1659,,Progressive,PNC Bank,088392907,2803088004,USD,true,2026-07-21T19:58:41+00:00
3010,1659,,Comcast Xfinity,JPMorgan Chase,042293924,885341189,USD,true,2026-02-15T00:48:36+00:00
3011,1659,Duke,Duke Energy,Bank of America,082734154,70061908580,USD,true,2024-02-18T04:50:04+00:00
3012,1660,Greystar,Greystar Property Mgmt,Wells Fargo,026032448,705219476983,USD,true,2015-04-27T16:31:00+00:00
3013,1661,Sallie,Sallie Mae,Wells Fargo,032821170,5749903604,USD,true,2018-04-19T13:58:59+00:00
3014,1661,,Duke Energy,Bank of America,026324135,7749739678,USD,true,2022-09-08T14:46:02+00:00
3015,1662,Greystar,Greystar Property Mgmt,Wells Fargo,011598191,1915535339,USD,true,2026-08-22T04:10:30+00:00
3016,1662,Con,Con Edison,Citibank,044444964,28047170343,USD,true,2026-05-27T18:21:36+00:00
3017,1663,Comcast,Comcast Xfinity,JPMorgan Chase,090378530,8297822918,USD,true,2025-10-04T12:18:12+00:00
3018,1665,Discover,Discover,Wells Fargo,091359434,74643648057,USD,true,2021-08-17T01:37:55+00:00
3019,1666,Equity,Equity Residential,Bank of America,093599052,1171381648,USD,true,2021-09-03T01:18:48+00:00
3020,1666,GEICO,GEICO,Citibank,042483881,6597953033,USD,true,2025-03-19T18:50:54+00:00
3021,1667,Chase,Chase Card Services,Wells Fargo,037147157,496213891,USD,true,2025-10-21T01:10:10+00:00
3022,1667,Greystar,Greystar Property Mgmt,Bank of America,069746143,48536792890,USD,true,2022-09-22T09:52:27+00:00
3023,1669,GEICO,GEICO,Citibank,089111473,093545418863,USD,true,2019-12-20T07:30:13+00:00
3024,1669,PSEG,PSEG,PNC Bank,033957473,21477076088,USD,true,2025-06-16T13:17:40+00:00
3025,1670,Navient,Navient,Wells Fargo,016168819,48316641373,USD,true,2024-04-05T07:15:38+00:00
3026,1670,,State Farm Insurance,Citibank,005223937,520726234,USD,true,2026-08-25T23:02:23+00:00
3027,1671,Con,Con Edison,Wells Fargo,011239493,9539251163,USD,true,2022-06-10T21:49:52+00:00
3028,1672,,Progressive,Wells Fargo,088805857,851920327,USD,true,2023-09-20T00:53:44+00:00
3029,1673,,Equity Residential,JPMorgan Chase,087233840,17354451722,USD,true,2017-03-06T14:17:39+00:00
3030,1673,Con,Con Edison,Wells Fargo,001155616,9456782759,USD,true,2019-06-17T17:27:51+00:00
3031,1673,,Progressive,Bank of America,086068931,007387223740,USD,true,2020-03-16T07:38:08+00:00
3032,1674,,Equity Residential,Citibank,028048248,20015675395,USD,true,2026-05-24T21:42:57+00:00
3033,1674,Con,Con Edison,Wells Fargo,075152190,5954547081,USD,true,2026-07-29T12:23:29+00:00
3034,1675,,Comcast Xfinity,PNC Bank,060628787,86556717343,USD,true,2024-12-21T19:09:17+00:00
3035,1676,,GEICO,JPMorgan Chase,012200734,937815067678,USD,true,2023-03-03T06:47:17+00:00
3036,1676,,Equity Residential,Bank of America,057184400,9265644330,USD,true,2022-06-05T19:31:42+00:00
3037,1676,AT&T,AT&T,PNC Bank,072696306,79460521021,USD,true,2022-11-19T07:09:46+00:00
3038,1676,Con,Con Edison,PNC Bank,078479001,88987673981,USD,true,2024-04-28T05:13:06+00:00
3039,1677,Navient,Navient,Bank of America,077814961,66169618759,USD,true,2022-09-17T22:31:56+00:00
3040,1677,Equity,Equity Residential,PNC Bank,049435338,1366381087,USD,true,2016-06-23T09:38:13+00:00
3041,1677,,GEICO,JPMorgan Chase,043499854,815217600,USD,true,2014-01-20T01:02:06+00:00
3042,1678,Con,Con Edison,Wells Fargo,092698306,056402392891,USD,true,2021-03-21T08:43:43+00:00
3043,1678,GEICO,GEICO,Wells Fargo,091496762,4765538312,USD,true,2020-08-01T21:22:11+00:00
3044,1678,City,City Water Dept,JPMorgan Chase,025484691,523136281415,USD,true,2023-09-11T12:23:11+00:00
3045,1679,Chase,Chase Card Services,JPMorgan Chase,093163880,0989917611,USD,true,2019-01-14T16:21:45+00:00
3046,1679,,Con Edison,PNC Bank,059862584,308695963350,USD,true,2019-08-11T17:50:54+00:00
3047,1680,City,City Water Dept,Bank of America,049154639,61890258257,USD,true,2022-04-20T07:32:39+00:00
3048,1681,,GEICO,Wells Fargo,021286323,971980850,USD,true,2024-01-26T09:18:36+00:00
3049,1681,Discover,Discover,Bank of America,042358651,762490636,USD,true,2023-05-02T01:03:01+00:00
3050,1682,AT&T,AT&T,Citibank,059093006,2819062338,USD,true,2023-09-26T16:39:11+00:00
3051,1683,,Chase Card Services,JPMorgan Chase,038386960,1749406558,USD,true,2025-09-28T05:25:33+00:00
3052,1683,,Progressive,PNC Bank,032475391,738720903740,USD,true,2025-10-13T08:15:40+00:00
3053,1686,,Comcast Xfinity,Wells Fargo,014436233,564146524868,USD,true,2026-09-20T09:21:28+00:00
3054,1686,Equity,Equity Residential,Bank of America,046913804,47538467886,USD,true,2011-12-04T20:59:48+00:00
3055,1686,,Sallie Mae,JPMorgan Chase,074466433,550097283584,USD,true,2025-06-22T23:05:13+00:00
3056,1688,Duke,Duke Energy,Wells Fargo,065536177,338224944,USD,true,2022-01-31T07:00:46+00:00
3057,1688,Sallie,Sallie Mae,Citibank,035252153,805402167591,USD,true,2021-01-05T04:09:58+00:00
3058,1689,Greystar,Greystar Property Mgmt,Bank of America,029747437,485315808088,USD,true,2026-06-15T18:11:55+00:00
3059,1691,Discover,Discover,Bank of America,085154934,769025189,USD,true,2024-03-14T07:26:31+00:00
3060,1691,,Progressive,PNC Bank,091069730,85692258776,USD,true,2025-03-09T20:09:35+00:00
3061,1693,Duke,Duke Energy,JPMorgan Chase,085860141,91502829071,USD,true,2019-02-16T21:51:57+00:00
3062,1693,Chase,Chase Card Services,Bank of America,021161075,352319769448,USD,true,2023-11-18T19:12:07+00:00
3063,1693,PSEG,PSEG,Bank of America,091978751,55155106760,USD,true,2020-02-07T05:43:33+00:00
3064,1694,,Duke Energy,PNC Bank,069123912,737607764677,USD,true,2025-05-11T03:10:20+00:00
3065,1694,Comcast,Comcast Xfinity,Citibank,074072446,8802708768,USD,true,2025-11-07T22:11:27+00:00
3066,1695,,Progressive,Wells Fargo,071839913,0433031761,USD,true,2013-09-05T15:32:07+00:00
3067,1695,AT&T,AT&T,Bank of America,002283845,9838523438,USD,true,2017-09-27T03:34:15+00:00
3068,1697,Greystar,Greystar Property Mgmt,Citibank,056299685,863461453,USD,true,2022-09-19T09:51:37+00:00
3069,1697,,Con Edison,JPMorgan Chase,002345770,477424506971,USD,true,2026-03-01T16:38:06+00:00
3070,1697,AT&T,AT&T,Bank of America,071912374,3187110548,USD,true,2021-08-19T11:09:07+00:00
3071,1699,Con,Con Edison,Citibank,031229779,881589809633,USD,true,2026-05-08T14:52:40+00:00
3072,1699,,Greystar Property Mgmt,Citibank,089999590,5383531134,USD,true,2025-12-28T10:12:40+00:00
3073,1699,State,State Farm Insurance,PNC Bank,007610989,43932873063,USD,true,2026-08-11T18:14:20+00:00
3074,1701,Greystar,Greystar Property Mgmt,JPMorgan Chase,043533022,05686164450,USD,true,2016-12-02T22:19:52+00:00
3075,1702,,Navient,Bank of America,081162752,972808140,USD,true,2022-09-05T19:49:55+00:00
3076,1702,,Progressive,Citibank,033441864,0748636724,USD,true,2018-02-09T04:25:03+00:00
3077,1702,,GEICO,Citibank,003532221,523035120,USD,true,2021-12-17T01:12:36+00:00
3078,1703,Navient,Navient,Bank of America,037452415,2003949044,USD,true,2026-06-30T05:17:01+00:00
3079,1705,City,City Water Dept,Bank of America,057557224,2997712855,USD,true,2020-07-01T01:23:05+00:00
3080,1705,,Discover,Wells Fargo,070072356,31875163670,USD,true,2022-10-09T01:42:45+00:00
3081,1705,,GEICO,Citibank,083946946,4994971771,USD,true,2015-01-02T22:59:54+00:00
3082,1705,Progressive,Progressive,Citibank,004205339,34356135716,USD,true,2022-08-31T04:38:47+00:00
3083,1706,Comcast,Comcast Xfinity,Citibank,006290087,85197463502,USD,true,2012-07-30T00:33:42+00:00
3084,1706,,Navient,Bank of America,062196601,77850050244,USD,true,2015-08-29T03:52:44+00:00
3085,1706,,Discover,Bank of America,029979586,253021466,USD,true,2020-05-18T15:07:04+00:00
3086,1706,,Chase Card Services,Citibank,083034785,655648159,USD,true,2011-10-01T03:30:41+00:00
3087,1707,,Equity Residential,Wells Fargo,063503149,1098335140,USD,true,2024-09-17T00:13:24+00:00
3088,1707,,Comcast Xfinity,PNC Bank,013050464,7274293111,USD,true,2025-12-18T07:30:47+00:00
3089,1708,,City Water Dept,Wells Fargo,001683787,0800314684,USD,true,2025-03-29T19:00:54+00:00
3090,1708,,PSEG,Wells Fargo,062509399,567592431142,USD,true,2019-02-28T03:51:09+00:00
3091,1708,,Duke Energy,Citibank,011956378,62650861610,USD,true,2021-09-09T14:27:48+00:00
3092,1709,,GEICO,Citibank,029378197,798005226539,USD,true,2023-10-27T11:55:10+00:00
3093,1709,,City Water Dept,JPMorgan Chase,074624998,9523803671,USD,true,2025-08-10T01:53:01+00:00
3094,1709,Progressive,Progressive,Bank of America,046757814,489363617,USD,true,2024-06-26T20:36:49+00:00
3095,1710,,Con Edison,Wells Fargo,022773222,80967240890,USD,true,2025-11-06T04:38:51+00:00
3096,1711,,State Farm Insurance,Citibank,052078190,11533035693,USD,true,2014-07-12T02:42:38+00:00
3097,1712,,Navient,Wells Fargo,015472493,264092762,USD,true,2025-12-15T11:25:17+00:00
3098,1713,,Comcast Xfinity,Citibank,087763954,39821963525,USD,true,2024-07-23T02:06:32+00:00
3099,1714,,Discover,Wells Fargo,072033755,141007124210,USD,true,2014-09-11T23:46:17+00:00
3100,1715,PSEG,PSEG,Wells Fargo,015044797,665703588,USD,true,2024-03-14T13:09:48+00:00
3101,1715,,City Water Dept,Bank of America,095225126,85046502208,USD,true,2024-02-12T20:05:30+00:00
3102,1715,Chase,Chase Card Services,Bank of America,076431306,610753635319,USD,true,2025-07-05T01:55:01+00:00
3103,1716,,Duke Energy,PNC Bank,009565346,29875642476,USD,true,2026-03-13T22:12:50+00:00
3104,1717,Chase,Chase Card Services,PNC Bank,033879558,229877842,USD,true,2022-12-21T23:41:53+00:00
3105,1718,,Comcast Xfinity,JPMorgan Chase,025331840,5242260908,USD,true,2020-09-16T13:06:57+00:00
3106,1718,,Duke Energy,PNC Bank,046501276,272598296529,USD,true,2019-04-08T12:28:49+00:00
3107,1720,,PSEG,Bank of America,042321767,572254972,USD,true,2022-06-10T03:44:26+00:00
3108,1721,,Sallie Mae,Wells Fargo,060778560,25564577606,USD,true,2026-02-24T09:19:42+00:00
3109,1721,,City Water Dept,Citibank,054182979,4240350044,USD,true,2021-11-18T05:46:46+00:00
3110,1721,Con,Con Edison,JPMorgan Chase,052566947,587041949,USD,true,2019-03-13T13:54:04+00:00
3111,1722,,City Water Dept,JPMorgan Chase,085531224,766447728,USD,true,2022-05-01T05:22:38+00:00
3112,1722,GEICO,GEICO,JPMorgan Chase,094155757,791181578,USD,true,2014-05-14T22:57:54+00:00
3113,1723,Equity,Equity Residential,PNC Bank,009502687,5973697475,USD,true,2019-01-24T12:14:49+00:00
3114,1723,,City Water Dept,Bank of America,049652985,8880898427,USD,true,2015-11-21T02:58:24+00:00
3115,1723,,GEICO,Bank of America,030002598,967272929,USD,true,2017-10-10T05:06:44+00:00
3116,1724,AT&T,AT&T,Wells Fargo,011037045,046404579,USD,true,2024-06-08T16:14:29+00:00
3117,1724,Sallie,Sallie Mae,PNC Bank,093807079,17851414061,USD,true,2026-06-09T02:34:45+00:00
3118,1724,,Chase Card Services,JPMorgan Chase,071425486,7273725247,USD,true,2025-11-07T03:00:58+00:00
3119,1725,,City Water Dept,Citibank,038069731,8451519958,USD,true,2022-05-09T04:50:44+00:00
3120,1725,,State Farm Insurance,Citibank,030637447,256136847,USD,true,2021-11-09T17:05:46+00:00
3121,1725,,Equity Residential,JPMorgan Chase,071553904,490223381,USD,true,2020-06-13T08:40:45+00:00
3122,1726,,Comcast Xfinity,Citibank,062199472,737421473,USD,true,2023-11-04T13:19:29+00:00
3123,1726,AT&T,AT&T,Citibank,003463197,2718339570,USD,true,2022-10-23T17:23:19+00:00
3124,1726,,Equity Residential,JPMorgan Chase,059397134,232746560051,USD,true,2025-03-20T14:20:29+00:00
3125,1728,State,State Farm Insurance,PNC Bank,031456772,510322975106,USD,true,2024-04-02T21:54:40+00:00
3126,1728,,Progressive,Bank of America,025580233,60772059111,USD,true,2023-04-13T09:44:53+00:00
3127,1728,,AT&T,Bank of America,042547799,600271520906,USD,true,2026-01-03T15:37:48+00:00
3128,1729,,Navient,Citibank,093955174,903568469340,USD,true,2025-03-17T10:05:58+00:00
3129,1729,,Comcast Xfinity,Citibank,012779980,537503014,USD,true,2024-05-23T22:26:30+00:00
3130,1730,AT&T,AT&T,Wells Fargo,030139705,076357028617,USD,true,2019-05-07T10:39:34+00:00
3131,1731,,PSEG,Bank of America,093169889,678970907011,USD,true,2025-05-07T02:58:28+00:00
3132,1731,,Sallie Mae,JPMorgan Chase,057776606,6061457380,USD,true,2023-11-24T10:41:30+00:00
3133,1731,,Con Edison,JPMorgan Chase,069538172,5009426638,USD,true,2024-05-04T14:55:26+00:00
3134,1731,,AT&T,Bank of America,045316990,50823019651,USD,true,2024-12-15T05:55:45+00:00
3135,1732,,PSEG,Bank of America,062078295,38673952841,USD,true,2022-04-06T17:01:16+00:00
3136,1732,,Navient,PNC Bank,059968636,940918642,USD,true,2013-04-30T08:12:26+00:00
3137,1732,,Sallie Mae,Wells Fargo,075376172,508314872,USD,true,2024-06-16T13:46:46+00:00
3138,1733,,Sallie Mae,Bank of America,043155869,77524998103,USD,true,2020-09-21T19:23:31+00:00
3139,1733,Greystar,Greystar Property Mgmt,Citibank,039633259,097256726,USD,true,2019-12-31T20:42:46+00:00
3140,1734,,Chase Card Services,PNC Bank,082607163,92074512878,USD,true,2026-04-20T11:20:18+00:00
3141,1735,,Comcast Xfinity,PNC Bank,062633655,6566639229,USD,true,2024-04-11T02:05:13+00:00
3142,1735,,Duke Energy,JPMorgan Chase,016587613,193599724,USD,true,2022-05-01T06:52:22+00:00
3143,1735,Sallie,Sallie Mae,Bank of America,082194360,815338130,USD,true,2025-01-06T00:55:16+00:00
3144,1735,Equity,Equity Residential,Citibank,009568860,657189372,USD,true,2024-05-09T12:59:59+00:00
3145,1736,,GEICO,Bank of America,020900018,651082840816,USD,true,2026-03-30T09:20:32+00:00
3146,1738,AT&T,AT&T,PNC Bank,098286078,506423945940,USD,true,2023-07-06T13:16:18+00:00
3147,1738,PSEG,PSEG,PNC Bank,060916199,655578896792,USD,true,2013-03-08T20:47:46+00:00
3148,1739,,Greystar Property Mgmt,JPMorgan Chase,077256921,671872046,USD,true,2024-06-27T03:25:34+00:00
3149,1739,Navient,Navient,Citibank,059496906,396406301656,USD,true,2023-08-07T07:14:20+00:00
3150,1742,,Duke Energy,PNC Bank,038546920,209664087713,USD,true,2020-03-28T13:31:13+00:00
3151,1743,Equity,Equity Residential,JPMorgan Chase,052513377,32094226262,USD,true,2026-05-31T17:05:26+00:00
3152,1745,,Comcast Xfinity,Bank of America,097682748,42472215522,USD,true,2026-09-14T12:43:43+00:00
3153,1746,AT&T,AT&T,Citibank,035916419,95439216742,USD,true,2026-01-31T18:22:08+00:00
3154,1748,Comcast,Comcast Xfinity,JPMorgan Chase,048485741,893128284783,USD,true,2021-10-22T09:43:37+00:00
3155,1748,,Navient,Citibank,000733242,837194417,USD,true,2017-07-08T01:42:09+00:00
3156,1750,,Comcast Xfinity,Citibank,008023567,1173065052,USD,true,2021-06-22T06:08:14+00:00
3157,1750,,Discover,Bank of America,031031738,03328361481,USD,true,2015-12-31T15:34:17+00:00
3158,1751,Progressive,Progressive,Bank of America,079265909,43824235238,USD,true,2011-09-14T18:53:14+00:00
3159,1751,,Chase Card Services,Citibank,049109814,0495723634,USD,true,2018-04-23T12:48:36+00:00
3160,1752,Navient,Navient,Citibank,070957021,887228629854,USD,true,2022-12-28T13:59:40+00:00
3161,1753,,Navient,JPMorgan Chase,026563354,311280854707,USD,true,2012-10-05T00:21:39+00:00
3162,1753,Greystar,Greystar Property Mgmt,Bank of America,052016901,98513058158,USD,true,2015-07-04T19:18:51+00:00
3163,1754,Duke,Duke Energy,Bank of America,049716184,368203966,USD,true,2026-01-28T13:06:27+00:00
3164,1754,,City Water Dept,Bank of America,034531639,219125588228,USD,true,2019-05-12T21:36:33+00:00
3165,1755,,City Water Dept,PNC Bank,097455437,5068267692,USD,true,2024-11-27T12:11:14+00:00
3166,1756,Progressive,Progressive,Citibank,051784860,254808314970,USD,true,2012-02-25T11:20:52+00:00
3167,1756,Chase,Chase Card Services,PNC Bank,091538822,238288927,USD,true,2021-08-02T01:12:47+00:00
3168,1757,PSEG,PSEG,PNC Bank,001012557,371957881600,USD,true,2016-10-06T01:12:38+00:00
3169,1758,,Navient,Wells Fargo,002400716,69032890231,USD,true,2017-05-01T16:35:36+00:00
3170,1759,AT&T,AT&T,Bank of America,070027412,695852460,USD,true,2018-05-15T13:41:58+00:00
3171,1759,,Sallie Mae,Citibank,044808511,180785865,USD,true,2021-02-12T14:43:25+00:00
3172,1760,Greystar,Greystar Property Mgmt,Wells Fargo,021597188,9613729977,USD,true,2025-05-29T09:55:46+00:00
3173,1760,Discover,Discover,Wells Fargo,004010683,365035672443,USD,true,2026-06-19T20:11:38+00:00
3174,1760,Equity,Equity Residential,PNC Bank,012701041,80458667299,USD,true,2019-02-26T07:38:28+00:00
3175,1760,,Duke Energy,JPMorgan Chase,042977573,825414349,USD,true,2016-11-22T19:52:31+00:00
3176,1762,Navient,Navient,PNC Bank,098752148,721802153472,USD,true,2021-12-13T20:06:05+00:00
3177,1763,,Chase Card Services,Bank of America,051921312,386503346,USD,true,2023-04-26T04:23:01+00:00
3178,1763,Discover,Discover,JPMorgan Chase,036363990,660493342,USD,true,2013-10-20T10:38:52+00:00
3179,1764,Con,Con Edison,PNC Bank,058591192,35098420619,USD,true,2010-03-24T14:52:31+00:00
3180,1766,,Chase Card Services,Citibank,071298200,049700400393,USD,true,2023-01-23T15:19:36+00:00
3181,1767,,GEICO,Bank of America,065654163,81440615577,USD,true,2020-11-15T07:26:52+00:00
3182,1767,Con,Con Edison,JPMorgan Chase,053801576,185219810,USD,true,2023-02-26T03:23:09+00:00
3183,1767,,Progressive,PNC Bank,039068756,24527656465,USD,true,2021-02-28T19:20:01+00:00
3184,1768,,Chase Card Services,PNC Bank,031400742,862051461053,USD,true,2025-02-21T16:57:07+00:00
3185,1768,Sallie,Sallie Mae,Bank of America,027654965,327935108063,USD,true,2022-09-30T16:24:56+00:00
3186,1768,City,City Water Dept,Bank of America,027218526,380036361882,USD,true,2026-01-15T19:48:52+00:00
3187,1768,Discover,Discover,PNC Bank,007305397,7762726038,USD,true,2015-02-16T18:55:00+00:00
3188,1769,,Progressive,Wells Fargo,007384249,321735186173,USD,true,2022-01-31T12:37:27+00:00
3189,1770,,Progressive,Citibank,046131633,948280073,USD,true,2016-01-01T00:41:59+00:00
3190,1771,Equity,Equity Residential,PNC Bank,080884875,38288758795,USD,true,2026-05-14T05:48:57+00:00
3191,1771,GEICO,GEICO,Bank of America,059110722,003717537,USD,true,2024-01-08T20:07:03+00:00
3192,1771,,Progressive,Citibank,097589616,69104384624,USD,true,2016-08-14T04:53:10+00:00
3193,1773,Duke,Duke Energy,Bank of America,099217795,1298522597,USD,true,2017-07-25T03:58:07+00:00
3194,1773,PSEG,PSEG,Bank of America,045499367,4577678741,USD,true,2014-03-25T19:40:55+00:00
3195,1774,,Greystar Property Mgmt,Bank of America,043079736,8991876671,USD,true,2018-12-27T02:01:24+00:00
3196,1774,Comcast,Comcast Xfinity,PNC Bank,011549472,028155928369,USD,true,2013-10-15T19:35:56+00:00
3197,1775,Navient,Navient,Citibank,044852902,0804431622,USD,true,2018-10-29T14:21:12+00:00
3198,1775,,Equity Residential,Bank of America,035678022,8907234597,USD,true,2021-01-10T09:48:49+00:00
3199,1775,,State Farm Insurance,Wells Fargo,038683301,71494502703,USD,true,2024-08-10T09:38:44+00:00
3200,1775,Comcast,Comcast Xfinity,PNC Bank,014274042,000510461,USD,true,2021-08-04T11:00:20+00:00
3201,1776,,City Water Dept,Wells Fargo,024481718,67321678323,USD,true,2023-07-06T04:40:26+00:00
3202,1777,Sallie,Sallie Mae,PNC Bank,037381003,577718956,USD,true,2023-09-18T14:29:45+00:00
3203,1778,,Comcast Xfinity,Wells Fargo,040736657,5942995781,USD,true,2021-04-23T16:32:43+00:00
3204,1778,,Greystar Property Mgmt,Bank of America,011874623,6701420291,USD,true,2022-12-14T23:57:49+00:00
3205,1779,Duke,Duke Energy,PNC Bank,060622404,07319397948,USD,true,2020-08-17T04:02:57+00:00
3206,1779,Greystar,Greystar Property Mgmt,JPMorgan Chase,097918768,267486937,USD,true,2012-11-26T16:52:25+00:00
3207,1779,,PSEG,Citibank,091503281,622496171,USD,true,2020-12-20T05:17:42+00:00
3208,1780,,Sallie Mae,JPMorgan Chase,039895775,4027192723,USD,true,2022-12-25T03:21:55+00:00
3209,1782,,City Water Dept,Bank of America,091055582,9438808591,USD,true,2020-04-13T22:37:28+00:00
3210,1782,,Duke Energy,Wells Fargo,049236708,511121695,USD,true,2020-08-03T01:54:37+00:00
3211,1782,Sallie,Sallie Mae,Bank of America,010058426,40515256654,USD,true,2025-07-28T18:37:54+00:00
3212,1782,,AT&T,Wells Fargo,008097973,6626279339,USD,true,2018-11-26T14:27:05+00:00
3213,1783,,Comcast Xfinity,Wells Fargo,025953679,767031086,USD,true,2010-06-06T06:30:35+00:00
3214,1784,,Greystar Property Mgmt,Wells Fargo,010948689,17586264820,USD,true,2023-08-02T19:30:49+00:00
3215,1784,,Chase Card Services,Citibank,000228083,20457773221,USD,true,2025-08-21T01:26:48+00:00
3216,1785,Equity,Equity Residential,PNC Bank,016788415,579279344324,USD,true,2017-03-21T21:23:50+00:00
3217,1785,,Duke Energy,Citibank,034500092,5689138080,USD,true,2023-10-25T00:01:11+00:00
3218,1785,,Con Edison,Bank of America,078929569,72036788701,USD,true,2024-02-05T00:10:47+00:00
3219,1786,,GEICO,Bank of America,035507283,40452269933,USD,true,2025-04-14T05:19:22+00:00
3220,1789,,Chase Card Services,Wells Fargo,041891907,902254466,USD,true,2026-03-29T08:02:10+00:00
3221,1789,Navient,Navient,Bank of America,086693240,855645689,USD,true,2020-02-08T18:37:04+00:00
3222,1791,,Navient,Wells Fargo,042599308,690823453,USD,true,2023-05-20T17:26:36+00:00
3223,1791,,PSEG,Wells Fargo,021917489,882394742677,USD,true,2018-05-30T13:44:47+00:00
3224,1792,Progressive,Progressive,Citibank,017686738,2077423964,USD,true,2026-05-15T05:13:52+00:00
3225,1792,,PSEG,PNC Bank,023784166,300566937965,USD,true,2023-01-26T10:05:25+00:00
3226,1792,,Chase Card Services,Wells Fargo,038922423,148585218,USD,true,2023-11-01T02:23:37+00:00
3227,1793,,Comcast Xfinity,Bank of America,064644065,02822303244,USD,true,2025-05-02T07:52:00+00:00
3228,1793,,Equity Residential,Bank of America,032084648,241565945207,USD,true,2017-02-10T18:31:37+00:00
3229,1793,,PSEG,Wells Fargo,013801234,0764470072,USD,true,2017-08-06T20:15:40+00:00
3230,1793,,Discover,Bank of America,039119496,492673973002,USD,true,2018-09-24T01:54:31+00:00
3231,1794,Navient,Navient,JPMorgan Chase,098691917,61253286512,USD,true,2025-05-18T16:35:39+00:00
3232,1794,,Discover,Bank of America,038690135,90198738752,USD,true,2021-06-14T16:03:31+00:00
3233,1794,,Comcast Xfinity,PNC Bank,043490873,845613558,USD,true,2018-09-11T06:14:18+00:00
3234,1794,,Sallie Mae,JPMorgan Chase,001280439,270646943,USD,true,2019-02-27T10:44:23+00:00
3235,1795,Sallie,Sallie Mae,Bank of America,003919603,3024721450,USD,true,2024-03-04T18:10:45+00:00
3236,1795,,Comcast Xfinity,PNC Bank,014065002,177473732782,USD,true,2018-07-10T17:55:09+00:00
3237,1798,,AT&T,JPMorgan Chase,032697969,33036835105,USD,true,2025-01-12T02:49:23+00:00
3238,1799,PSEG,PSEG,JPMorgan Chase,005481050,4824697418,USD,true,2026-09-10T18:43:48+00:00
3239,1799,,Progressive,JPMorgan Chase,017810697,880761032,USD,true,2025-08-04T18:36:20+00:00
3240,1800,Con,Con Edison,PNC Bank,093534720,5427145646,USD,true,2023-10-16T13:02:32+00:00
3241,1800,AT&T,AT&T,JPMorgan Chase,081472487,777743723,USD,true,2021-08-04T11:27:32+00:00
3242,1800,,Comcast Xfinity,Bank of America,093728777,98857408671,USD,true,2009-05-03T05:05:35+00:00
3243,1801,,Navient,PNC Bank,037091005,4955985313,USD,true,2025-12-19T00:16:06+00:00
3244,1801,,Discover,JPMorgan Chase,012629684,06240039701,USD,true,2022-04-23T23:02:23+00:00
3245,1803,Greystar,Greystar Property Mgmt,JPMorgan Chase,027927548,288472763,USD,true,2024-06-18T13:26:51+00:00
3246,1804,GEICO,GEICO,Citibank,017370455,7883540587,USD,true,2026-04-05T18:54:06+00:00
3247,1804,Chase,Chase Card Services,PNC Bank,090350457,065510709,USD,true,2026-08-10T15:36:09+00:00
3248,1805,Chase,Chase Card Services,JPMorgan Chase,010938533,214077649778,USD,true,2023-11-06T07:04:33+00:00
3249,1805,Navient,Navient,PNC Bank,095360259,674865598540,USD,true,2017-10-05T03:08:08+00:00
3250,1805,Discover,Discover,JPMorgan Chase,049607141,102038745,USD,true,2016-11-28T20:42:40+00:00
3251,1805,Progressive,Progressive,Bank of America,093085036,46119695398,USD,true,2022-04-11T03:57:17+00:00
3252,1807,Greystar,Greystar Property Mgmt,Bank of America,053470894,72007730834,USD,true,2024-12-25T09:27:30+00:00
3253,1807,GEICO,GEICO,Citibank,006845020,712852961,USD,true,2026-01-03T16:46:28+00:00
3254,1807,,Progressive,JPMorgan Chase,044058204,57876929428,USD,true,2025-09-21T23:46:11+00:00
3255,1808,,Duke Energy,PNC Bank,082034129,69505825363,USD,true,2012-02-16T00:28:48+00:00
3256,1808,,Equity Residential,Wells Fargo,006779837,2187499607,USD,true,2023-10-31T21:44:30+00:00
3257,1808,,Sallie Mae,JPMorgan Chase,016830274,7384492486,USD,true,2014-06-29T11:06:27+00:00
3258,1809,,Chase Card Services,Bank of America,034953241,30588749748,USD,true,2019-02-14T20:48:18+00:00
3259,1809,,Equity Residential,JPMorgan Chase,039644828,486707960,USD,true,2015-03-21T10:46:51+00:00
3260,1810,,AT&T,Bank of America,022270195,843288674,USD,true,2020-11-30T18:34:21+00:00
3261,1812,,AT&T,Citibank,081036345,560273238,USD,true,2026-05-26T17:40:00+00:00
3262,1812,,PSEG,Wells Fargo,085156186,8250652598,USD,true,2026-09-07T15:43:31+00:00
3263,1812,,Sallie Mae,Bank of America,028792419,227468313289,USD,true,2025-09-09T15:45:39+00:00
3264,1813,,Discover,Wells Fargo,040381558,95726540560,USD,true,2021-12-24T15:26:19+00:00
3265,1813,,AT&T,Bank of America,021557875,436160413,USD,true,2024-10-13T10:26:16+00:00
3266,1813,Equity,Equity Residential,PNC Bank,025550138,81642100007,USD,true,2017-03-25T10:39:07+00:00
3267,1813,State,State Farm Insurance,JPMorgan Chase,018666959,484025183382,USD,true,2023-06-22T06:51:01+00:00
3268,1814,,Comcast Xfinity,JPMorgan Chase,037183480,98164823426,USD,true,2023-04-03T20:40:42+00:00
3269,1814,,Greystar Property Mgmt,JPMorgan Chase,017638684,102901593,USD,true,2011-10-12T08:19:38+00:00
3270,1814,Discover,Discover,PNC Bank,086066613,269441391269,USD,true,2016-09-14T15:15:30+00:00
3271,1815,,State Farm Insurance,PNC Bank,008164811,24492951154,USD,true,2017-01-17T16:36:45+00:00
3272,1815,Equity,Equity Residential,Citibank,043944871,53506896591,USD,true,2018-05-15T14:04:45+00:00
3273,1816,,AT&T,Wells Fargo,065175607,455398621,USD,true,2021-10-13T05:47:57+00:00
3274,1816,,Chase Card Services,JPMorgan Chase,043346109,793184154,USD,true,2013-09-17T19:41:42+00:00
3275,1817,Con,Con Edison,Citibank,029515015,9994846524,USD,true,2022-09-14T17:39:13+00:00
3276,1817,Progressive,Progressive,Bank of America,028134537,372622937042,USD,true,2025-12-08T00:45:28+00:00
3277,1818,,Sallie Mae,JPMorgan Chase,013917234,193945627,USD,true,2014-07-08T14:07:19+00:00
3278,1818,,State Farm Insurance,Citibank,021481332,437098263,USD,true,2018-06-07T03:42:30+00:00
3279,1818,,Greystar Property Mgmt,Citibank,092495261,011431023,USD,true,2024-01-19T01:31:51+00:00
3280,1818,,Progressive,Bank of America,003029737,497914557517,USD,true,2018-06-30T04:14:53+00:00
3281,1819,,AT&T,PNC Bank,087950163,04144017326,USD,true,2019-10-09T04:47:57+00:00
3282,1819,Greystar,Greystar Property Mgmt,PNC Bank,021203930,553082018136,USD,true,2024-06-26T13:28:37+00:00
3283,1820,,Duke Energy,Bank of America,021007993,480870798,USD,true,2019-09-12T19:11:23+00:00
3284,1820,Comcast,Comcast Xfinity,Bank of America,092237686,900462032,USD,true,2025-03-14T06:40:42+00:00
3285,1820,,PSEG,PNC Bank,069633512,006478552,USD,true,2022-12-22T14:04:38+00:00
3286,1821,,Sallie Mae,Bank of America,007729719,688620750644,USD,true,2026-03-26T16:27:08+00:00
3287,1822,Duke,Duke Energy,Citibank,069661462,740600862388,USD,true,2009-09-19T21:19:41+00:00
3288,1822,Progressive,Progressive,PNC Bank,098074680,179414919525,USD,true,2013-01-01T04:03:53+00:00
3289,1822,,Navient,Wells Fargo,071544003,8291557385,USD,true,2011-04-12T07:40:46+00:00
3290,1823,,Navient,JPMorgan Chase,055173728,883227721789,USD,true,2022-01-04T17:18:56+00:00
3291,1823,AT&T,AT&T,Wells Fargo,076779646,465940870,USD,true,2022-08-09T01:52:20+00:00
3292,1824,,Discover,PNC Bank,080813312,762004720,USD,true,2021-05-02T21:07:51+00:00
3293,1825,AT&T,AT&T,PNC Bank,039798848,93796967560,USD,true,2023-12-13T07:59:22+00:00
3294,1825,,Chase Card Services,Citibank,015351353,5447689072,USD,true,2022-09-29T03:18:33+00:00
3295,1825,Navient,Navient,Citibank,006461395,165953079535,USD,true,2023-06-30T04:50:58+00:00
3296,1826,GEICO,GEICO,JPMorgan Chase,026609730,506993132213,USD,true,2022-03-12T00:42:51+00:00
3297,1826,,Discover,JPMorgan Chase,064409900,4398247119,USD,true,2019-08-03T02:04:34+00:00
3298,1827,,Sallie Mae,Citibank,024859235,940282698472,USD,true,2023-10-29T06:41:50+00:00
3299,1827,AT&T,AT&T,PNC Bank,081168171,865873781,USD,true,2024-05-14T09:03:42+00:00
3300,1828,Chase,Chase Card Services,Citibank,048325652,79628454465,USD,true,2026-08-06T21:28:08+00:00
3301,1829,,Sallie Mae,Citibank,095477557,086261404,USD,true,2019-03-28T22:22:04+00:00
3302,1829,,Comcast Xfinity,Wells Fargo,048502152,4503089233,USD,true,2020-07-10T00:20:43+00:00
3303,1830,,Sallie Mae,PNC Bank,019710513,086033157482,USD,true,2017-06-25T07:11:28+00:00
3304,1830,State,State Farm Insurance,Citibank,080105546,447171474265,USD,true,2020-02-20T07:53:28+00:00
3305,1830,,GEICO,JPMorgan Chase,060800914,9372564813,USD,true,2014-01-14T08:59:04+00:00
3306,1831,,AT&T,PNC Bank,069760251,460410127777,USD,true,2015-09-30T22:11:29+00:00
3307,1831,,Greystar Property Mgmt,JPMorgan Chase,029637161,299697247,USD,true,2014-10-20T05:21:16+00:00
3308,1832,City,City Water Dept,Citibank,035184070,7267118460,USD,true,2021-03-13T02:40:56+00:00
3309,1832,,State Farm Insurance,PNC Bank,057635742,9016268886,USD,true,2019-06-10T17:00:22+00:00
3310,1832,Discover,Discover,Wells Fargo,059691238,94301721448,USD,true,2016-08-25T03:01:59+00:00
3311,1835,,State Farm Insurance,Bank of America,066083702,4304151680,USD,true,2025-11-08T20:29:32+00:00
3312,1835,City,City Water Dept,Citibank,048629897,986110766,USD,true,2022-08-03T06:50:14+00:00
3313,1835,AT&T,AT&T,PNC Bank,033016110,994461456172,USD,true,2022-06-20T15:12:57+00:00
3314,1836,GEICO,GEICO,Bank of America,021968108,188936684773,USD,true,2019-08-15T00:08:24+00:00
3315,1837,Duke,Duke Energy,Wells Fargo,096001229,28129980375,USD,true,2016-07-08T17:19:15+00:00
3316,1838,,Con Edison,Wells Fargo,071603122,363813984949,USD,true,2021-08-13T07:12:01+00:00
3317,1839,,Equity Residential,Wells Fargo,094913821,488327129,USD,true,2026-03-08T13:36:55+00:00
3318,1840,,Comcast Xfinity,PNC Bank,058661401,067961588324,USD,true,2026-09-01T10:27:41+00:00
3319,1840,,State Farm Insurance,Citibank,039980883,5147276302,USD,true,2026-04-13T16:03:55+00:00
3320,1841,,Progressive,Bank of America,098583797,9654799426,USD,true,2023-11-03T12:42:11+00:00
3321,1841,,Duke Energy,Wells Fargo,024800167,879674552957,USD,true,2023-04-22T02:03:14+00:00
3322,1841,,Chase Card Services,PNC Bank,011527235,724294204085,USD,true,2022-02-05T14:25:44+00:00
3323,1841,,AT&T,Citibank,039761356,87825423427,USD,true,2022-05-27T15:27:18+00:00
3324,1842,State,State Farm Insurance,Wells Fargo,062826507,953650153,USD,true,2023-04-14T08:22:30+00:00
3325,1842,Comcast,Comcast Xfinity,Citibank,017901944,148838109562,USD,true,2023-07-30T09:08:31+00:00
3326,1842,Discover,Discover,JPMorgan Chase,031107451,21576530767,USD,true,2023-06-17T00:51:09+00:00
3327,1843,City,City Water Dept,PNC Bank,099878551,933292627993,USD,true,2022-09-22T12:01:55+00:00
3328,1843,Sallie,Sallie Mae,Bank of America,065513792,76750241851,USD,true,2014-08-18T01:16:52+00:00
3329,1844,City,City Water Dept,PNC Bank,092880267,00532657459,USD,true,2018-08-06T12:49:19+00:00
3330,1844,PSEG,PSEG,Citibank,016945499,162343217,USD,true,2018-10-09T13:45:30+00:00
3331,1845,Equity,Equity Residential,Citibank,074296554,568748680345,USD,true,2024-07-12T10:30:25+00:00
3332,1846,Equity,Equity Residential,Wells Fargo,008457330,6776996339,USD,true,2012-06-17T16:34:27+00:00
3333,1846,,Sallie Mae,Bank of America,049520792,26015723398,USD,true,2019-12-20T18:30:46+00:00
3334,1846,,Discover,JPMorgan Chase,001340117,512016461,USD,true,2013-02-03T12:17:26+00:00
3335,1848,Navient,Navient,Citibank,034477157,06407415454,USD,true,2012-12-28T10:53:14+00:00
3336,1848,Discover,Discover,JPMorgan Chase,079525109,1710122524,USD,true,2024-11-11T01:33:30+00:00
3337,1849,Greystar,Greystar Property Mgmt,JPMorgan Chase,013601455,69276400634,USD,true,2025-08-29T12:28:09+00:00
3338,1849,,Comcast Xfinity,PNC Bank,005095764,1065350796,USD,true,2023-08-28T22:46:57+00:00
3339,1849,,AT&T,JPMorgan Chase,009367308,33364249592,USD,true,2024-09-24T19:24:39+00:00
3340,1849,,Discover,Wells Fargo,038358069,0493523447,USD,true,2018-10-05T21:02:56+00:00
3341,1850,,Sallie Mae,JPMorgan Chase,078403172,552936921,USD,true,2024-02-15T14:28:17+00:00
3342,1850,,Con Edison,JPMorgan Chase,089840500,434507559,USD,true,2020-07-18T06:42:03+00:00
3343,1850,GEICO,GEICO,Bank of America,002448434,457168509,USD,true,2020-03-14T04:10:57+00:00
3344,1852,Comcast,Comcast Xfinity,Wells Fargo,049399404,967934457,USD,true,2023-10-30T20:40:46+00:00
3345,1852,Greystar,Greystar Property Mgmt,JPMorgan Chase,035884879,507386425945,USD,true,2024-05-06T12:36:17+00:00
3346,1852,GEICO,GEICO,Citibank,048946502,356696171733,USD,true,2026-05-01T07:39:51+00:00
3347,1852,,Progressive,PNC Bank,067674743,2254335774,USD,true,2024-05-31T04:30:45+00:00
3348,1853,Sallie,Sallie Mae,Bank of America,053976866,489219091413,USD,true,2025-10-25T23:25:51+00:00
3349,1853,,GEICO,JPMorgan Chase,058365793,909160561,USD,true,2025-01-24T04:18:46+00:00
3350,1853,,Greystar Property Mgmt,JPMorgan Chase,094579519,07915809358,USD,true,2026-07-07T05:09:43+00:00
3351,1854,,Chase Card Services,PNC Bank,053816126,7792157759,USD,true,2019-07-14T07:53:36+00:00
3352,1854,,PSEG,Bank of America,081084880,789870852,USD,true,2015-09-15T00:37:03+00:00
3353,1855,Chase,Chase Card Services,JPMorgan Chase,089637468,4169162545,USD,true,2020-08-22T13:53:22+00:00
3354,1856,Duke,Duke Energy,Bank of America,043606832,7198375520,USD,true,2026-06-23T05:49:59+00:00
3355,1858,Duke,Duke Energy,Wells Fargo,068436511,69107372559,USD,true,2021-12-13T23:05:00+00:00
3356,1858,Chase,Chase Card Services,PNC Bank,022397352,187111665687,USD,true,2023-01-12T12:32:28+00:00
3357,1858,Sallie,Sallie Mae,Wells Fargo,004030683,0421820576,USD,true,2020-03-24T23:48:04+00:00
3358,1858,,Equity Residential,Wells Fargo,000795005,842668323,USD,true,2017-07-17T04:06:46+00:00
3359,1859,GEICO,GEICO,PNC Bank,026008789,981074636,USD,true,2024-01-16T00:14:20+00:00
3360,1859,Progressive,Progressive,JPMorgan Chase,032444998,908433576,USD,true,2024-03-19T08:22:05+00:00
3361,1860,,Sallie Mae,Citibank,032309437,1866621444,USD,true,2018-10-06T05:25:21+00:00
3362,1860,,Discover,Citibank,091244968,264962599639,USD,true,2018-06-24T05:05:06+00:00
3363,1860,Comcast,Comcast Xfinity,Wells Fargo,075762785,653785119,USD,true,2022-04-04T05:13:31+00:00
3364,1860,,Equity Residential,Wells Fargo,055886020,30229759612,USD,true,2021-04-03T09:43:11+00:00
3365,1861,,Equity Residential,PNC Bank,098753019,2635356104,USD,true,2012-04-05T20:10:22+00:00
3366,1862,Chase,Chase Card Services,PNC Bank,051378601,147423862,USD,true,2022-03-24T20:11:38+00:00
3367,1863,,Sallie Mae,Wells Fargo,049918134,180102054754,USD,true,2024-11-09T18:34:44+00:00
3368,1864,Progressive,Progressive,PNC Bank,025306303,0856655684,USD,true,2016-04-25T19:55:12+00:00
3369,1864,City,City Water Dept,Wells Fargo,020778156,50894136819,USD,true,2016-06-30T14:53:21+00:00
3370,1865,Greystar,Greystar Property Mgmt,Wells Fargo,003811512,94333909724,USD,true,2023-12-03T05:45:42+00:00
3371,1865,,Chase Card Services,JPMorgan Chase,028179666,770044406,USD,true,2023-09-06T02:33:12+00:00
3372,1866,,AT&T,Bank of America,018585952,300224666,USD,true,2023-12-10T11:17:55+00:00
3373,1867,,Chase Card Services,Bank of America,076936533,45945914362,USD,true,2020-02-25T21:43:56+00:00
3374,1867,,City Water Dept,Citibank,041764597,606504843,USD,true,2025-10-28T22:44:35+00:00
3375,1868,,Greystar Property Mgmt,Citibank,008386913,2695614282,USD,true,2023-06-03T22:22:29+00:00
3376,1868,,Chase Card Services,Wells Fargo,076885322,9038611540,USD,true,2025-08-22T11:54:01+00:00
3377,1869,,State Farm Insurance,Bank of America,062956547,52652916089,USD,true,2025-03-13T15:57:30+00:00
3378,1870,,Con Edison,Citibank,079023476,6709001917,USD,true,2019-04-19T02:52:56+00:00
3379,1870,,City Water Dept,Wells Fargo,098412903,6157036708,USD,true,2014-06-08T04:45:12+00:00
3380,1871,Sallie,Sallie Mae,JPMorgan Chase,024236384,29347971898,USD,true,2020-01-12T07:22:27+00:00
3381,1872,,PSEG,Wells Fargo,061042556,86883404266,USD,true,2023-04-14T05:51:47+00:00
3382,1872,,Equity Residential,JPMorgan Chase,057733372,0691538423,USD,true,2022-09-17T17:23:55+00:00
3383,1873,,AT&T,Wells Fargo,086269853,1958565710,USD,true,2008-11-23T22:25:28+00:00
3384,1873,,Comcast Xfinity,Wells Fargo,035493632,54957888732,USD,true,2010-03-21T00:06:12+00:00
3385,1873,,Navient,Wells Fargo,060789999,63445503424,USD,true,2014-12-26T16:02:32+00:00
3386,1874,Duke,Duke Energy,Bank of America,089829418,132285535,USD,true,2012-10-31T14:08:55+00:00
3387,1875,Greystar,Greystar Property Mgmt,Citibank,098461954,69727091247,USD,true,2025-12-13T16:14:52+00:00
3388,1875,,Comcast Xfinity,Citibank,051344082,8307037239,USD,true,2026-04-02T17:07:35+00:00
3389,1875,AT&T,AT&T,JPMorgan Chase,098159739,19534856173,USD,true,2026-05-26T00:21:08+00:00
3390,1875,,Con Edison,Wells Fargo,078996429,1605488236,USD,true,2025-11-07T14:44:34+00:00
3391,1876,,AT&T,Bank of America,002299830,276018662,USD,true,2024-05-02T15:02:14+00:00
3392,1876,,Sallie Mae,PNC Bank,000297936,489466010,USD,true,2023-06-22T22:17:35+00:00
3393,1876,,Discover,JPMorgan Chase,095317282,53988905793,USD,true,2020-03-30T10:30:38+00:00
3394,1877,Greystar,Greystar Property Mgmt,Wells Fargo,003362201,8898028775,USD,true,2021-07-29T15:42:23+00:00
3395,1878,Greystar,Greystar Property Mgmt,JPMorgan Chase,040470651,7136743386,USD,true,2026-02-11T17:41:51+00:00
3396,1878,,Chase Card Services,PNC Bank,075912068,349904726835,USD,true,2025-06-18T02:35:34+00:00
3397,1878,,Progressive,Citibank,071507635,7149976581,USD,true,2025-07-24T14:12:03+00:00
3398,1879,City,City Water Dept,PNC Bank,021307197,78370519642,USD,true,2025-04-15T04:38:27+00:00
3399,1880,PSEG,PSEG,Wells Fargo,021117285,603675904,USD,true,2022-04-03T22:27:50+00:00
3400,1880,AT&T,AT&T,PNC Bank,014714660,24344120328,USD,true,2026-03-02T17:28:06+00:00
3401,1883,State,State Farm Insurance,PNC Bank,086284044,0129582023,USD,true,2025-12-16T13:02:59+00:00
3402,1883,,Navient,JPMorgan Chase,081755159,915797480726,USD,true,2021-06-29T18:42:25+00:00
3403,1883,,Progressive,Bank of America,011779664,404977414648,USD,true,2026-08-19T09:10:54+00:00
3404,1883,Equity,Equity Residential,JPMorgan Chase,099515714,66299991565,USD,true,2021-06-19T22:33:36+00:00
3405,1884,State,State Farm Insurance,Wells Fargo,095756140,679261488,USD,true,2022-08-11T03:21:28+00:00
3406,1884,Con,Con Edison,Wells Fargo,008518827,7000361212,USD,true,2024-04-17T04:12:35+00:00
3407,1886,,City Water Dept,Bank of America,059819686,705111628872,USD,true,2024-11-27T22:49:56+00:00
3408,1886,,Comcast Xfinity,Bank of America,080951900,0204911957,USD,true,2023-10-03T20:18:38+00:00
3409,1887,,GEICO,JPMorgan Chase,071369685,493231201,USD,true,2025-04-02T10:48:33+00:00
3410,1888,,Equity Residential,Wells Fargo,007477484,7842130971,USD,true,2026-05-20T04:04:49+00:00
3411,1888,City,City Water Dept,Citibank,021639764,989162334,USD,true,2026-06-29T17:34:42+00:00
3412,1889,Chase,Chase Card Services,PNC Bank,041825530,463310312336,USD,true,2017-10-12T18:10:44+00:00
3413,1889,,PSEG,Bank of America,035878479,7259089020,USD,true,2022-03-19T15:36:22+00:00
3414,1889,,Con Edison,Wells Fargo,017080897,3376011504,USD,true,2016-07-06T01:01:56+00:00
3415,1889,,Progressive,JPMorgan Chase,016910984,26821211443,USD,true,2017-12-15T06:12:04+00:00
3416,1890,Sallie,Sallie Mae,JPMorgan Chase,004218804,035443732625,USD,true,2024-02-23T13:38:12+00:00
3417,1890,,Chase Card Services,Citibank,028670487,826613966335,USD,true,2025-01-30T19:49:26+00:00
3418,1891,,Greystar Property Mgmt,Bank of America,063534489,1343504146,USD,true,2020-11-20T23:55:44+00:00
3419,1891,,AT&T,Citibank,075271287,68725355413,USD,true,2020-04-01T10:59:27+00:00
3420,1891,Duke,Duke Energy,JPMorgan Chase,093573098,063580355506,USD,true,2020-10-04T04:22:37+00:00
3421,1892,,Sallie Mae,PNC Bank,088611911,201160944,USD,true,2022-07-29T05:01:15+00:00
3422,1892,,Equity Residential,Wells Fargo,096387375,37051132634,USD,true,2023-07-25T19:42:27+00:00
3423,1892,,AT&T,JPMorgan Chase,059790512,449494263597,USD,true,2023-04-02T05:30:37+00:00
3424,1893,,Progressive,Bank of America,019492774,759515913,USD,true,2012-08-24T23:42:11+00:00
3425,1893,,Chase Card Services,PNC Bank,020599857,372151809,USD,true,2026-02-26T02:58:21+00:00
3426,1893,,Greystar Property Mgmt,Citibank,086459049,1114319980,USD,true,2021-06-01T09:28:29+00:00
3427,1894,,State Farm Insurance,PNC Bank,098467984,091620231340,USD,true,2011-11-11T22:49:13+00:00
3428,1894,,Comcast Xfinity,JPMorgan Chase,024940097,1309254212,USD,true,2022-07-15T18:32:43+00:00
3429,1894,,Navient,Wells Fargo,003279805,378917485623,USD,true,2022-11-28T12:15:53+00:00
3430,1895,,GEICO,Wells Fargo,041983518,312000843437,USD,true,2024-02-07T10:08:08+00:00
3431,1895,State,State Farm Insurance,JPMorgan Chase,097475713,46182418002,USD,true,2019-10-28T15:18:13+00:00
3432,1896,,Greystar Property Mgmt,Wells Fargo,082423501,232772555,USD,true,2025-04-09T19:12:12+00:00
3433,1898,,Con Edison,Wells Fargo,012637653,8274069435,USD,true,2026-06-24T06:46:10+00:00
3434,1898,,Discover,Wells Fargo,079536240,794958081944,USD,true,2020-03-08T17:02:08+00:00
3435,1899,Discover,Discover,Citibank,075765018,80847387098,USD,true,2016-01-08T20:37:07+00:00
3436,1900,,Comcast Xfinity,Citibank,048358414,284098194444,USD,true,2026-03-17T01:41:37+00:00
3437,1900,Navient,Navient,PNC Bank,072229648,88830139350,USD,true,2024-06-12T23:58:56+00:00
3438,1901,Discover,Discover,JPMorgan Chase,032753507,820214096,USD,true,2025-02-12T11:43:50+00:00
3439,1903,,Equity Residential,PNC Bank,058456457,51038073702,USD,true,2026-07-11T06:33:45+00:00
3440,1903,,Sallie Mae,Bank of America,047279480,59567676873,USD,true,2026-01-26T22:23:23+00:00
3441,1903,Comcast,Comcast Xfinity,Wells Fargo,022447886,446967308,USD,true,2023-06-15T15:27:02+00:00
3442,1904,,Discover,Wells Fargo,020313063,43427223556,USD,true,2022-11-30T12:05:17+00:00
3443,1904,Sallie,Sallie Mae,Citibank,046051080,453765539275,USD,true,2020-12-26T01:28:44+00:00
3444,1906,Duke,Duke Energy,Bank of America,037515464,380373328,USD,true,2024-03-08T14:36:53+00:00
3445,1906,City,City Water Dept,Wells Fargo,080033275,421800908,USD,true,2026-05-08T17:27:45+00:00
3446,1906,,AT&T,Bank of America,004351698,52277898800,USD,true,2023-03-30T16:55:40+00:00
3447,1906,Con,Con Edison,Citibank,085909931,22383069553,USD,true,2023-07-21T09:06:31+00:00
3448,1907,,Equity Residential,PNC Bank,017149767,690304112263,USD,true,2022-06-19T19:19:16+00:00
3449,1907,,Chase Card Services,Wells Fargo,062296672,3848762137,USD,true,2023-04-30T23:05:17+00:00
3450,1907,,Comcast Xfinity,JPMorgan Chase,087274092,326111327855,USD,true,2022-04-11T09:57:12+00:00
3451,1907,,Con Edison,PNC Bank,029123692,27895682734,USD,true,2026-03-26T16:58:28+00:00
3452,1908,,Navient,Citibank,058692987,5311180177,USD,true,2011-08-22T08:16:44+00:00
3453,1908,AT&T,AT&T,Citibank,088541054,451610093178,USD,true,2009-01-11T23:05:14+00:00
3454,1909,Progressive,Progressive,Bank of America,052789207,490574448880,USD,true,2024-04-28T11:47:16+00:00
3455,1909,,Chase Card Services,Wells Fargo,098029324,0517629278,USD,true,2026-02-19T13:37:49+00:00
3456,1909,AT&T,AT&T,PNC Bank,030448806,3654588023,USD,true,2018-12-06T06:54:48+00:00
3457,1909,,Sallie Mae,Bank of America,060525784,8767602731,USD,true,2015-11-13T13:03:55+00:00
3458,1910,,City Water Dept,Citibank,099164444,7244203502,USD,true,2021-01-18T23:30:20+00:00
3459,1910,,Duke Energy,Wells Fargo,019311748,2370400930,USD,true,2016-11-10T00:40:18+00:00
3460,1911,Duke,Duke Energy,Citibank,026487039,406216129114,USD,true,2013-02-24T01:46:54+00:00
3461,1912,,Comcast Xfinity,Citibank,019220880,698792234,USD,true,2022-07-30T18:42:35+00:00
3462,1913,,State Farm Insurance,PNC Bank,089071816,916851932303,USD,true,2016-06-03T13:09:32+00:00
3463,1913,,AT&T,JPMorgan Chase,074724783,388687388888,USD,true,2014-12-19T11:33:15+00:00
3464,1914,Progressive,Progressive,Bank of America,032647777,7684398029,USD,true,2018-01-31T22:52:49+00:00
3465,1915,Equity,Equity Residential,PNC Bank,049283035,749566085,USD,true,2026-08-28T22:35:55+00:00
3466,1916,PSEG,PSEG,PNC Bank,060670092,10930210785,USD,true,2021-02-04T15:09:08+00:00
3467,1917,,Navient,PNC Bank,085078632,296463820276,USD,true,2023-09-21T05:04:56+00:00
3468,1917,,Comcast Xfinity,Bank of America,029143652,035301131833,USD,true,2025-02-05T18:49:24+00:00
3469,1918,Chase,Chase Card Services,Bank of America,090933241,0507735548,USD,true,2016-03-23T19:31:21+00:00
3470,1919,Navient,Navient,JPMorgan Chase,083970273,120370034,USD,true,2023-06-23T23:54:06+00:00
3471,1919,Discover,Discover,PNC Bank,022392635,754836417733,USD,true,2022-08-28T16:09:22+00:00
3472,1920,GEICO,GEICO,Wells Fargo,042010130,68904714472,USD,true,2020-11-17T02:17:34+00:00
3473,1920,,Equity Residential,JPMorgan Chase,079032855,34051211272,USD,true,2021-06-21T09:03:37+00:00
3474,1921,,Duke Energy,JPMorgan Chase,058969806,668773574,USD,true,2023-12-23T13:29:53+00:00
3475,1921,,State Farm Insurance,Wells Fargo,053154255,61925361076,USD,true,2022-12-01T10:57:18+00:00
3476,1922,Greystar,Greystar Property Mgmt,Citibank,033731404,8040884454,USD,true,2025-11-12T18:45:59+00:00
3477,1922,Navient,Navient,JPMorgan Chase,020391900,897682427,USD,true,2026-07-12T16:36:23+00:00
3478,1922,,Chase Card Services,Citibank,036332496,331886119139,USD,true,2026-05-09T12:28:01+00:00
3479,1923,,City Water Dept,Wells Fargo,011848550,9444027154,USD,true,2022-08-16T21:46:23+00:00
3480,1924,Chase,Chase Card Services,Bank of America,080980568,1519231443,USD,true,2025-03-09T17:49:23+00:00
3481,1925,Navient,Navient,PNC Bank,067263173,32744971945,USD,true,2026-05-10T18:37:51+00:00
3482,1925,,Sallie Mae,PNC Bank,062987638,626631586,USD,true,2025-04-16T08:30:58+00:00
3483,1925,,Duke Energy,Bank of America,044595074,5151536010,USD,true,2025-04-06T18:28:50+00:00
3484,1926,,AT&T,JPMorgan Chase,041840660,9544505189,USD,true,2026-05-17T05:45:12+00:00
3485,1926,,Chase Card Services,JPMorgan Chase,065913275,8452303906,USD,true,2026-02-02T18:31:56+00:00
3486,1927,Progressive,Progressive,Citibank,080264906,604965066,USD,true,2017-03-26T04:29:52+00:00
3487,1927,Equity,Equity Residential,Wells Fargo,096198104,168233472,USD,true,2023-02-07T11:09:13+00:00
3488,1927,,Con Edison,JPMorgan Chase,004226532,165815322291,USD,true,2026-01-25T02:53:38+00:00
3489,1929,Progressive,Progressive,PNC Bank,053254391,9581945293,USD,true,2024-12-18T22:13:48+00:00
3490,1929,,State Farm Insurance,PNC Bank,026148232,63108089097,USD,true,2017-01-11T07:56:19+00:00
3491,1930,,Equity Residential,Bank of America,011604119,42515019201,USD,true,2016-01-06T12:40:38+00:00
3492,1930,,Navient,Bank of America,018316615,690700397,USD,true,2018-02-17T08:43:28+00:00
3493,1930,,PSEG,Citibank,085511695,512286111,USD,true,2017-09-04T22:32:58+00:00
3494,1930,,GEICO,Citibank,024565805,880022200688,USD,true,2012-05-27T00:22:51+00:00
3495,1931,,Greystar Property Mgmt,Bank of America,074951929,624377630478,USD,true,2013-03-26T10:21:23+00:00
3496,1932,Greystar,Greystar Property Mgmt,Bank of America,055940473,47418618913,USD,true,2015-08-12T18:38:53+00:00
3497,1932,,City Water Dept,PNC Bank,044711843,650318618,USD,true,2018-03-06T03:56:27+00:00
3498,1932,,Sallie Mae,Wells Fargo,023666462,22866557577,USD,true,2010-03-24T05:17:28+00:00
3499,1932,,State Farm Insurance,JPMorgan Chase,027919029,99040570325,USD,true,2017-09-18T13:09:40+00:00
3500,1933,,Equity Residential,Wells Fargo,094259902,81304007763,USD,true,2012-10-20T14:07:44+00:00
3501,1934,,PSEG,Bank of America,065731683,396315140554,USD,true,2017-12-27T21:09:48+00:00
3502,1934,AT&T,AT&T,Bank of America,099287592,3372005396,USD,true,2023-08-14T21:14:21+00:00
3503,1935,,Navient,Wells Fargo,039388062,235395872,USD,true,2015-05-24T10:50:31+00:00
3504,1935,City,City Water Dept,JPMorgan Chase,050066297,9453286445,USD,true,2023-11-19T21:51:18+00:00
3505,1936,,Navient,PNC Bank,092582234,73278451181,USD,true,2025-12-08T16:16:42+00:00
3506,1936,,Sallie Mae,Bank of America,035411791,40977270737,USD,true,2026-07-07T09:17:39+00:00
3507,1936,,PSEG,Bank of America,056150133,25299794681,USD,true,2026-04-23T07:38:35+00:00
3508,1937,Con,Con Edison,PNC Bank,062121512,147482684769,USD,true,2022-11-10T15:14:54+00:00
3509,1937,Navient,Navient,Bank of America,085552204,96813038931,USD,true,2025-09-17T01:20:08+00:00
3510,1937,,Discover,JPMorgan Chase,046831281,20470917511,USD,true,2022-09-24T22:24:00+00:00
3511,1940,Con,Con Edison,JPMorgan Chase,024456582,680453361229,USD,true,2022-05-22T12:46:44+00:00
3512,1940,,Greystar Property Mgmt,PNC Bank,021723541,14312136297,USD,true,2023-01-22T17:00:07+00:00
3513,1941,,Duke Energy,PNC Bank,091578507,28124496379,USD,true,2024-12-31T13:02:20+00:00
3514,1941,,GEICO,Citibank,078142770,66304546155,USD,true,2025-01-22T16:05:10+00:00
3515,1942,,PSEG,Bank of America,006799006,6732192603,USD,true,2023-08-08T19:02:02+00:00
3516,1943,,AT&T,Bank of America,060363590,5971247483,USD,true,2017-04-19T08:51:33+00:00
3517,1943,,Equity Residential,Bank of America,046361966,2086390258,USD,true,2026-05-14T11:01:06+00:00
3518,1943,Discover,Discover,JPMorgan Chase,006187160,974727952077,USD,true,2022-09-21T23:46:11+00:00
3519,1943,City,City Water Dept,PNC Bank,037688594,245341330,USD,true,2025-04-01T13:02:18+00:00
3520,1944,,Equity Residential,PNC Bank,094426872,9572690684,USD,true,2025-08-14T22:44:49+00:00
3521,1944,,Duke Energy,Citibank,097914858,413745882,USD,true,2026-09-09T07:04:29+00:00
3522,1946,Greystar,Greystar Property Mgmt,Bank of America,008595110,2264801822,USD,true,2025-10-13T11:02:32+00:00
3523,1947,,Greystar Property Mgmt,Bank of America,062433335,428925648,USD,true,2017-09-22T20:52:33+00:00
3524,1947,,Discover,Wells Fargo,017324367,87194923494,USD,true,2025-04-24T05:19:58+00:00
3525,1947,,City Water Dept,Citibank,082609917,4256454917,USD,true,2022-11-04T15:38:16+00:00
3526,1947,,Progressive,PNC Bank,077509228,433002638795,USD,true,2019-02-25T18:27:53+00:00
3527,1949,,Con Edison,Wells Fargo,065297786,570511019456,USD,true,2024-10-16T18:43:50+00:00
3528,1949,,Progressive,Citibank,021339434,775094294,USD,true,2026-08-18T23:39:42+00:00
3529,1950,,Con Edison,Bank of America,029425213,970530490,USD,true,2023-06-04T02:50:53+00:00
3530,1950,,Chase Card Services,PNC Bank,015359441,722517138657,USD,true,2024-02-19T03:52:21+00:00
3531,1951,,Greystar Property Mgmt,JPMorgan Chase,027485769,75482856026,USD,true,2025-09-29T04:40:14+00:00
3532,1952,,PSEG,Wells Fargo,028676014,406968627,USD,true,2022-03-21T14:27:35+00:00
3533,1952,,Sallie Mae,PNC Bank,050621501,20551143719,USD,true,2023-09-11T03:21:28+00:00
3534,1953,City,City Water Dept,Wells Fargo,092948241,254497450824,USD,true,2025-12-08T03:39:26+00:00
3535,1953,,Chase Card Services,Citibank,095607232,1247879367,USD,true,2026-02-16T14:55:42+00:00
3536,1953,,GEICO,Citibank,066026022,948250147,USD,true,2025-10-27T04:26:29+00:00
3537,1953,Navient,Navient,Citibank,081392338,209370571635,USD,true,2024-03-13T19:56:41+00:00
3538,1954,Duke,Duke Energy,Citibank,069686694,52704052393,USD,true,2026-01-25T09:00:06+00:00
3539,1954,,City Water Dept,Wells Fargo,026536540,745563416642,USD,true,2026-08-25T08:04:03+00:00
3540,1954,Discover,Discover,PNC Bank,020312800,008530046,USD,true,2023-03-08T12:25:40+00:00
3541,1956,Equity,Equity Residential,JPMorgan Chase,082776290,17974386962,USD,true,2025-08-24T15:11:33+00:00
3542,1956,Progressive,Progressive,JPMorgan Chase,042482203,175984751084,USD,true,2025-12-10T17:36:13+00:00
3543,1957,Discover,Discover,Citibank,062583109,170142343183,USD,true,2025-01-10T02:01:19+00:00
3544,1957,,AT&T,Citibank,070344735,677625288162,USD,true,2017-11-09T16:40:52+00:00
3545,1959,,Equity Residential,Wells Fargo,010378745,24839970438,USD,true,2017-09-18T05:58:17+00:00
3546,1960,Navient,Navient,PNC Bank,059406390,284906251958,USD,true,2024-10-21T19:06:37+00:00
3547,1960,,Chase Card Services,Citibank,047666654,544130085604,USD,true,2026-09-21T19:05:44+00:00
3548,1961,City,City Water Dept,JPMorgan Chase,054477826,37411357967,USD,true,2020-01-15T17:12:00+00:00
3549,1961,,AT&T,JPMorgan Chase,036373997,93559544603,USD,true,2024-02-23T12:33:57+00:00
3550,1961,Sallie,Sallie Mae,Bank of America,020443046,330536922002,USD,true,2025-10-26T05:31:27+00:00
3551,1962,,Navient,JPMorgan Chase,058221526,7010815586,USD,true,2019-05-24T17:36:23+00:00
3552,1962,,Sallie Mae,JPMorgan Chase,061401473,404261034192,USD,true,2020-08-24T14:19:09+00:00
3553,1963,,Navient,Wells Fargo,085051033,8133685131,USD,true,2026-01-14T16:06:45+00:00
3554,1963,,Discover,JPMorgan Chase,084295629,8991164260,USD,true,2026-09-02T01:57:37+00:00
3555,1963,Equity,Equity Residential,Wells Fargo,062517769,9989708369,USD,true,2024-09-28T20:10:44+00:00
3556,1964,,State Farm Insurance,Bank of America,060426446,60898874762,USD,true,2017-08-23T09:32:31+00:00
3557,1964,Con,Con Edison,PNC Bank,077425401,613843002,USD,true,2025-11-12T12:24:52+00:00
3558,1964,Comcast,Comcast Xfinity,PNC Bank,073117871,900910602825,USD,true,2019-01-11T00:50:46+00:00
3559,1965,Equity,Equity Residential,PNC Bank,014036481,91785595377,USD,true,2023-07-23T07:42:47+00:00
3560,1965,Chase,Chase Card Services,PNC Bank,004315213,0012907913,USD,true,2020-11-18T19:40:44+00:00
3561,1965,,Duke Energy,Wells Fargo,094500767,318828246173,USD,true,2026-03-04T23:13:31+00:00
3562,1965,,AT&T,Wells Fargo,049094094,54170299736,USD,true,2026-02-16T07:31:08+00:00
3563,1966,City,City Water Dept,Wells Fargo,092674897,378112218503,USD,true,2020-06-11T07:51:05+00:00
3564,1967,,Chase Card Services,Citibank,050452851,35820975186,USD,true,2024-09-29T23:16:20+00:00
3565,1968,Chase,Chase Card Services,JPMorgan Chase,041902102,325364625,USD,true,2018-01-16T12:27:46+00:00
3566,1969,,Con Edison,JPMorgan Chase,012124788,7657417815,USD,true,2026-07-18T20:49:08+00:00
3567,1970,Navient,Navient,PNC Bank,018857577,662089759,USD,true,2011-07-03T16:33:18+00:00
3568,1970,,AT&T,JPMorgan Chase,086476120,087783209636,USD,true,2020-12-07T15:54:40+00:00
3569,1970,,Equity Residential,Bank of America,007438761,81082580174,USD,true,2018-07-19T07:28:47+00:00
3570,1971,,Navient,JPMorgan Chase,058190321,974085967,USD,true,2025-09-15T22:07:13+00:00
3571,1971,,Equity Residential,Wells Fargo,026212884,159881196589,USD,true,2023-10-25T07:25:22+00:00
3572,1972,,State Farm Insurance,Wells Fargo,045623126,189145886,USD,true,2025-07-27T01:38:26+00:00
3573,1972,,Duke Energy,JPMorgan Chase,084239329,2207413067,USD,true,2025-10-18T16:50:01+00:00
3574,1972,,City Water Dept,Citibank,001321584,146346393,USD,true,2024-09-25T10:27:07+00:00
3575,1972,,Comcast Xfinity,Citibank,002532166,718663294,USD,true,2024-08-02T23:29:15+00:00
3576,1973,City,City Water Dept,Citibank,046287810,32709481025,USD,true,2026-06-11T22:28:48+00:00
3577,1974,Comcast,Comcast Xfinity,Citibank,091949157,168887821269,USD,true,2022-02-10T04:20:03+00:00
3578,1974,,Equity Residential,PNC Bank,070463796,5388209640,USD,true,2019-10-28T05:20:39+00:00
3579,1976,Discover,Discover,Bank of America,022163724,107078067670,USD,true,2018-02-27T07:02:41+00:00
3580,1976,Sallie,Sallie Mae,Wells Fargo,014703971,06930513430,USD,true,2024-05-11T12:48:43+00:00
3581,1976,City,City Water Dept,Citibank,078279912,333463306138,USD,true,2021-02-23T15:52:50+00:00
3582,1976,Progressive,Progressive,JPMorgan Chase,033427098,80774854192,USD,true,2025-02-14T12:09:08+00:00
3583,1977,,GEICO,Citibank,032818154,103878688,USD,true,2017-08-10T04:38:49+00:00
3584,1977,,Duke Energy,Citibank,081410158,063194266895,USD,true,2020-05-19T12:53:06+00:00
3585,1977,,Progressive,PNC Bank,057864941,5019799725,USD,true,2018-12-09T11:28:40+00:00
3586,1977,,Sallie Mae,JPMorgan Chase,071099741,789557163703,USD,true,2018-04-14T02:13:40+00:00
3587,1978,,Equity Residential,Citibank,092766566,423987644,USD,true,2025-07-01T01:15:46+00:00
3588,1979,,Sallie Mae,Bank of America,085224610,07842490932,USD,true,2025-08-02T07:01:56+00:00
3589,1979,,AT&T,JPMorgan Chase,077879706,782549584,USD,true,2026-07-22T19:32:33+00:00
3590,1979,,Duke Energy,Bank of America,032532509,338586014996,USD,true,2026-04-09T00:59:03+00:00
3591,1979,Con,Con Edison,JPMorgan Chase,037508711,871364319,USD,true,2026-01-12T06:51:39+00:00
3592,1980,,AT&T,JPMorgan Chase,042909981,15270524794,USD,true,2020-07-06T07:08:50+00:00
3593,1980,Con,Con Edison,Wells Fargo,037165525,442509100959,USD,true,2025-12-06T23:21:17+00:00
3594,1983,,Discover,PNC Bank,067311361,495366001,USD,true,2024-08-13T16:29:50+00:00
3595,1984,,Chase Card Services,Citibank,048268646,54060736095,USD,true,2023-06-01T01:05:20+00:00
3596,1984,,Sallie Mae,PNC Bank,067813696,399147893,USD,true,2010-07-22T07:24:57+00:00
3597,1984,Discover,Discover,Bank of America,080155442,2281991809,USD,true,2018-10-26T09:38:35+00:00
3598,1986,,Sallie Mae,JPMorgan Chase,049153893,918020162291,USD,true,2019-03-24T10:40:53+00:00
3599,1989,Equity,Equity Residential,JPMorgan Chase,089389122,0030398965,USD,true,2022-02-27T20:44:59+00:00
3600,1990,AT&T,AT&T,Wells Fargo,032865399,31241148889,USD,true,2021-12-01T03:17:19+00:00
3601,1990,,Discover,JPMorgan Chase,098899333,1386434908,USD,true,2017-06-05T08:01:48+00:00
3602,1991,,Comcast Xfinity,PNC Bank,033149855,571518713708,USD,true,2024-03-18T12:49:22+00:00
3603,1991,Duke,Duke Energy,JPMorgan Chase,088869920,027505336073,USD,true,2024-05-12T09:21:54+00:00
3604,1992,,GEICO,Bank of America,026298662,99659808547,USD,true,2022-07-23T03:38:08+00:00
3605,1992,,Chase Card Services,PNC Bank,026624560,78022116916,USD,true,2021-11-24T22:47:08+00:00
3606,1993,,Comcast Xfinity,JPMorgan Chase,069410752,88433738322,USD,true,2025-05-16T16:06:19+00:00
3607,1993,,Duke Energy,PNC Bank,002003789,741384828073,USD,true,2024-09-28T22:14:21+00:00
3608,1994,,Navient,Bank of America,064511436,9867665184,USD,true,2026-07-16T13:55:01+00:00
3609,1994,,Discover,JPMorgan Chase,048552201,620477266178,USD,true,2026-01-19T03:37:32+00:00
3610,1994,,Greystar Property Mgmt,Citibank,064085807,57715757895,USD,true,2026-05-14T15:34:14+00:00
3611,1995,Sallie,Sallie Mae,Wells Fargo,041187402,60193635223,USD,true,2026-06-04T09:46:46+00:00
3612,1996,,PSEG,Citibank,052551382,7266645735,USD,true,2022-11-11T22:30:20+00:00
3613,1996,,City Water Dept,Wells Fargo,084530192,13633167947,USD,true,2011-07-13T17:55:33+00:00
3614,1997,,Con Edison,Wells Fargo,070768363,668465192221,USD,true,2026-07-17T16:41:57+00:00
3615,1999,,Greystar Property Mgmt,Bank of America,057482865,28993582811,USD,true,2019-06-29T12:04:15+00:00
3616,2000,Comcast,Comcast Xfinity,Citibank,087292346,8517118743,USD,true,2025-05-11T08:48:07+00:00
3617,2002,Comcast,Comcast Xfinity,Wells Fargo,064420863,516795708010,USD,true,2019-08-15T12:24:30+00:00
3618,2002,,Progressive,Bank of America,059625901,064715054410,USD,true,2023-07-25T22:41:32+00:00
3619,2002,GEICO,GEICO,JPMorgan Chase,079035429,17716558760,USD,true,2017-07-15T03:19:47+00:00
3620,2002,Con,Con Edison,PNC Bank,048626428,1142259412,USD,true,2022-01-31T20:23:03+00:00
3621,2004,,Equity Residential,Citibank,030473462,0367654534,USD,true,2024-10-09T03:07:53+00:00
3622,2004,,Discover,Citibank,028002714,46657588110,USD,true,2023-11-28T11:46:00+00:00
3623,2004,,Greystar Property Mgmt,JPMorgan Chase,037192445,263801706567,USD,true,2021-08-31T01:33:10+00:00
3624,2005,,Con Edison,Citibank,011168709,360621917677,USD,true,2024-08-29T13:45:14+00:00
3625,2006,Greystar,Greystar Property Mgmt,PNC Bank,080053133,4494416228,USD,true,2024-10-29T09:26:18+00:00
3626,2007,Discover,Discover,Citibank,081659609,5437704550,USD,true,2026-01-05T22:30:46+00:00
3627,2007,Comcast,Comcast Xfinity,Wells Fargo,096423265,853488758,USD,true,2021-04-25T00:22:06+00:00
3628,2007,,Progressive,PNC Bank,053415247,816041884838,USD,true,2025-01-29T16:45:31+00:00
3629,2007,,Navient,JPMorgan Chase,020617602,53350822124,USD,true,2020-02-05T16:12:47+00:00
3630,2008,,PSEG,Bank of America,052965448,420567062,USD,true,2025-12-22T18:28:43+00:00
3631,2009,Con,Con Edison,JPMorgan Chase,046514675,3885686791,USD,true,2021-08-02T13:25:13+00:00
3632,2009,Navient,Navient,Citibank,048635624,30042351206,USD,true,2024-03-17T15:03:59+00:00
3633,2010,,Discover,Wells Fargo,027495789,202791134,USD,true,2026-05-14T19:19:27+00:00
3634,2010,,State Farm Insurance,Bank of America,026313624,0828605497,USD,true,2010-07-04T17:53:55+00:00
3635,2011,,Duke Energy,PNC Bank,022277726,63482776404,USD,true,2021-05-06T20:00:38+00:00
3636,2011,,State Farm Insurance,Citibank,096959578,146384830975,USD,true,2014-05-30T10:35:05+00:00
3637,2012,Progressive,Progressive,JPMorgan Chase,078063173,89783563924,USD,true,2026-08-24T19:03:05+00:00
3638,2012,,Chase Card Services,Wells Fargo,029138745,116560890510,USD,true,2026-07-03T12:04:46+00:00
3639,2013,Duke,Duke Energy,Citibank,049131269,761297543620,USD,true,2020-11-20T05:21:00+00:00
3640,2014,,Navient,PNC Bank,036356545,2249050960,USD,true,2024-07-10T07:55:17+00:00
3641,2015,Con,Con Edison,Citibank,002651210,230801969,USD,true,2022-09-21T11:53:30+00:00
3642,2015,,Duke Energy,Bank of America,088136659,228379692,USD,true,2021-05-23T01:52:42+00:00
3643,2015,Discover,Discover,Wells Fargo,070297110,687296033,USD,true,2021-02-05T10:03:47+00:00
3644,2015,,Comcast Xfinity,JPMorgan Chase,028746211,727140168013,USD,true,2022-06-29T12:03:53+00:00
3645,2017,,Sallie Mae,JPMorgan Chase,080767015,671007095,USD,true,2022-12-25T23:50:45+00:00
3646,2019,,State Farm Insurance,Wells Fargo,043828594,412270957873,USD,true,2026-01-19T21:10:17+00:00
3647,2019,,Greystar Property Mgmt,Wells Fargo,046555432,41515794389,USD,true,2026-03-31T09:03:49+00:00
3648,2019,PSEG,PSEG,JPMorgan Chase,038646520,487039542,USD,true,2026-08-25T16:51:44+00:00
3649,2020,PSEG,PSEG,Bank of America,038221722,18396098783,USD,true,2011-11-05T17:46:11+00:00
3650,2020,Navient,Navient,Bank of America,068334856,000483505,USD,true,2010-07-14T23:42:33+00:00
3651,2020,,Sallie Mae,Wells Fargo,059364576,0291095820,USD,true,2017-04-25T04:18:05+00:00
3652,2020,,Con Edison,Wells Fargo,030620020,573291256,USD,true,2022-05-05T01:47:52+00:00
3653,2021,,State Farm Insurance,PNC Bank,029860585,603281709429,USD,true,2018-03-14T10:51:59+00:00
3654,2021,Con,Con Edison,Citibank,091694495,9516499035,USD,true,2026-04-22T13:50:06+00:00
3655,2022,,Con Edison,Citibank,072884400,6191788374,USD,true,2021-04-09T04:25:48+00:00
3656,2023,Con,Con Edison,Bank of America,097550643,648657834655,USD,true,2023-05-05T00:02:25+00:00
3657,2023,Equity,Equity Residential,Wells Fargo,028710439,45002045961,USD,true,2024-05-18T00:08:52+00:00
3658,2024,,Greystar Property Mgmt,Bank of America,051760285,962435172,USD,true,2017-01-11T19:11:40+00:00
3659,2024,,Navient,PNC Bank,094672213,56065555390,USD,true,2026-08-09T07:36:00+00:00
3660,2025,Navient,Navient,Wells Fargo,064815967,654638967832,USD,true,2023-10-11T03:56:19+00:00
3661,2026,Con,Con Edison,Wells Fargo,038409352,3635267279,USD,true,2025-10-28T23:08:52+00:00
3662,2026,,AT&T,Bank of America,065895461,58730889513,USD,true,2018-01-16T02:02:34+00:00
3663,2026,,PSEG,JPMorgan Chase,072748674,1562334740,USD,true,2020-07-13T08:03:45+00:00
3664,2026,,Duke Energy,Citibank,096120245,65726712061,USD,true,2022-12-01T17:31:11+00:00
3665,2027,,State Farm Insurance,Wells Fargo,054005753,28319878438,USD,true,2024-10-29T18:30:35+00:00
3666,2028,,PSEG,JPMorgan Chase,023301359,97449371317,USD,true,2025-02-08T11:05:42+00:00
3667,2028,Progressive,Progressive,Bank of America,072718459,23102367819,USD,true,2023-03-28T23:23:32+00:00
3668,2029,,Progressive,PNC Bank,037158093,40572188260,USD,true,2024-06-01T06:02:38+00:00
3669,2029,Navient,Navient,Citibank,032724873,55349591366,USD,true,2017-12-10T17:36:38+00:00
3670,2030,,Duke Energy,Citibank,095319003,567827311201,USD,true,2015-10-03T15:15:41+00:00
3671,2031,,GEICO,Wells Fargo,050538678,46001980165,USD,true,2026-09-05T08:21:43+00:00
3672,2031,Discover,Discover,JPMorgan Chase,007468073,48829678200,USD,true,2025-11-08T06:10:22+00:00
3673,2031,,Sallie Mae,JPMorgan Chase,099382567,769598058,USD,true,2026-01-01T01:35:47+00:00
3674,2032,,Progressive,Citibank,054656494,290947539242,USD,true,2026-08-09T17:56:41+00:00
3675,2034,,Equity Residential,Bank of America,037778555,459769398642,USD,true,2018-01-07T23:11:33+00:00
3676,2035,,GEICO,Citibank,052188108,242836130944,USD,true,2018-05-18T00:50:22+00:00
3677,2035,AT&T,AT&T,PNC Bank,004617362,377397570,USD,true,2021-10-16T20:36:16+00:00
3678,2035,,Discover,JPMorgan Chase,040305064,276600178,USD,true,2017-08-28T04:11:31+00:00
3679,2035,Navient,Navient,PNC Bank,089766513,240934221371,USD,true,2025-07-08T12:49:24+00:00
3680,2036,Discover,Discover,PNC Bank,048528171,212050833025,USD,true,2023-09-14T15:25:05+00:00
3681,2036,,Greystar Property Mgmt,JPMorgan Chase,048635579,30744116648,USD,true,2024-09-05T02:04:49+00:00
3682,2036,City,City Water Dept,JPMorgan Chase,004897560,881109622733,USD,true,2025-05-29T19:50:02+00:00
3683,2036,,Con Edison,JPMorgan Chase,063473719,1451929496,USD,true,2025-10-17T07:45:20+00:00
3684,2037,,Equity Residential,JPMorgan Chase,021378366,907457092,USD,true,2025-10-17T14:17:30+00:00
3685,2037,Chase,Chase Card Services,Citibank,066206327,4634157517,USD,true,2021-11-27T05:11:45+00:00
3686,2037,,GEICO,Citibank,076923305,672714077,USD,true,2026-07-28T16:45:41+00:00
3687,2039,,Chase Card Services,Citibank,024684088,494551675304,USD,true,2009-03-18T06:10:00+00:00
3688,2040,,Greystar Property Mgmt,PNC Bank,043928546,2865383818,USD,true,2016-12-27T13:25:23+00:00
3689,2040,,Comcast Xfinity,JPMorgan Chase,027954756,617693988,USD,true,2015-07-21T18:13:30+00:00
3690,2041,GEICO,GEICO,Wells Fargo,005878103,319836369028,USD,true,2020-06-08T00:54:22+00:00
3691,2042,,AT&T,PNC Bank,004845838,3957693749,USD,true,2025-09-27T16:44:13+00:00
3692,2043,,GEICO,Citibank,059603998,74769209634,USD,true,2011-12-19T14:53:06+00:00
3693,2043,,City Water Dept,Citibank,074272019,153610103,USD,true,2023-04-24T22:49:22+00:00
3694,2043,,Comcast Xfinity,Citibank,095628672,71549128656,USD,true,2014-07-28T11:00:52+00:00
3695,2044,,Comcast Xfinity,PNC Bank,073853317,3772263039,USD,true,2016-02-12T10:24:37+00:00
3696,2044,,City Water Dept,JPMorgan Chase,034073731,583852406,USD,true,2021-11-24T06:42:05+00:00
3697,2045,Progressive,Progressive,Citibank,024514808,682552486235,USD,true,2019-05-24T05:23:15+00:00
3698,2045,,City Water Dept,JPMorgan Chase,093908536,571400964,USD,true,2025-11-12T00:03:39+00:00
3699,2045,,GEICO,PNC Bank,074341712,377325135,USD,true,2026-03-15T23:42:16+00:00
3700,2046,Con,Con Edison,PNC Bank,058646565,779387625,USD,true,2026-01-23T19:54:19+00:00
3701,2046,,City Water Dept,Bank of America,007061376,842762908237,USD,true,2020-12-07T07:00:28+00:00
3702,2050,,Chase Card Services,JPMorgan Chase,023599670,753436394291,USD,true,2024-08-11T09:45:28+00:00
3703,2050,Duke,Duke Energy,Bank of America,006699006,9260053490,USD,true,2024-04-03T02:00:53+00:00
3704,2050,,City Water Dept,PNC Bank,060209479,231166271,USD,true,2025-05-04T15:52:31+00:00
3705,2051,AT&T,AT&T,Citibank,060991826,1294616321,USD,true,2026-02-05T15:28:12+00:00
3706,2052,,Discover,Bank of America,074050501,285877484615,USD,true,2016-07-21T09:41:20+00:00
3707,2054,Sallie,Sallie Mae,PNC Bank,099734021,8923038922,USD,true,2021-11-13T12:36:25+00:00
3708,2054,State,State Farm Insurance,Citibank,073213872,493065592125,USD,true,2021-08-27T06:50:16+00:00
3709,2054,Navient,Navient,Bank of America,012674825,178438371764,USD,true,2021-02-28T18:20:00+00:00
3710,2055,,GEICO,Citibank,071405678,197354110052,USD,true,2022-01-04T11:51:09+00:00
3711,2055,,Duke Energy,Wells Fargo,043675471,985162583,USD,true,2025-01-20T00:08:12+00:00
3712,2056,GEICO,GEICO,Citibank,011747000,2655230901,USD,true,2018-11-20T09:59:06+00:00
3713,2056,,City Water Dept,Bank of America,047737799,881557160071,USD,true,2020-03-14T03:42:23+00:00
3714,2056,,Chase Card Services,JPMorgan Chase,047956472,079117057599,USD,true,2023-11-29T16:23:56+00:00
3715,2057,,Equity Residential,Citibank,018066383,90250963917,USD,true,2026-05-03T06:47:57+00:00
3716,2058,,PSEG,Wells Fargo,055528271,2566239052,USD,true,2025-11-08T14:48:18+00:00
3717,2059,,Greystar Property Mgmt,Citibank,032863024,7961511520,USD,true,2021-07-17T13:25:45+00:00
3718,2059,,Progressive,Bank of America,075806654,425319305,USD,true,2018-04-18T18:25:30+00:00
3719,2059,,Con Edison,PNC Bank,084085040,173587645,USD,true,2010-05-26T17:05:37+00:00
3720,2060,,GEICO,Wells Fargo,094852594,1445809397,USD,true,2025-05-24T07:14:57+00:00
3721,2061,,Greystar Property Mgmt,Citibank,058530753,035855102,USD,true,2010-11-15T19:14:09+00:00
3722,2061,GEICO,GEICO,PNC Bank,088983725,757325234297,USD,true,2016-10-27T13:19:36+00:00
3723,2061,AT&T,AT&T,Citibank,081755048,61231031900,USD,true,2013-06-11T06:26:38+00:00
3724,2062,,Duke Energy,Wells Fargo,006483305,785501043,USD,true,2025-09-16T14:10:07+00:00
3725,2062,Sallie,Sallie Mae,PNC Bank,058818444,933301952,USD,true,2023-08-28T17:43:19+00:00
3726,2062,Chase,Chase Card Services,JPMorgan Chase,050836629,573364582,USD,true,2023-08-22T01:28:24+00:00
3727,2066,,Discover,Bank of America,018786573,834409383,USD,true,2022-04-09T15:00:04+00:00
3728,2066,,State Farm Insurance,Wells Fargo,052230072,123899881,USD,true,2020-02-05T23:13:50+00:00
3729,2066,Sallie,Sallie Mae,Citibank,039468887,595690479281,USD,true,2015-04-01T19:23:37+00:00
3730,2068,,State Farm Insurance,Citibank,025200911,08454354128,USD,true,2026-09-15T02:50:49+00:00
3731,2068,Sallie,Sallie Mae,Wells Fargo,095076699,41160506199,USD,true,2026-03-20T11:58:19+00:00
3732,2068,,City Water Dept,Bank of America,014184794,619861443017,USD,true,2026-09-10T12:20:20+00:00
3733,2069,Sallie,Sallie Mae,Citibank,076269739,2292993012,USD,true,2024-04-17T14:49:01+00:00
3734,2069,,Navient,Bank of America,039704294,74539616113,USD,true,2023-08-17T17:43:10+00:00
3735,2070,Navient,Navient,Wells Fargo,064100803,299997247908,USD,true,2019-05-12T09:12:40+00:00
3736,2071,,PSEG,Citibank,091116220,381511130383,USD,true,2018-06-02T03:49:34+00:00
3737,2071,,Duke Energy,PNC Bank,003084734,2166431644,USD,true,2014-07-20T17:25:07+00:00
3738,2071,,Progressive,Bank of America,082127888,541413754537,USD,true,2021-03-11T12:13:54+00:00
3739,2071,,State Farm Insurance,PNC Bank,000372275,553734024904,USD,true,2014-12-27T09:57:25+00:00
3740,2072,Comcast,Comcast Xfinity,Citibank,018222138,06039621021,USD,true,2016-06-03T08:50:01+00:00
3741,2073,,Con Edison,JPMorgan Chase,090001411,80537205967,USD,true,2019-07-15T15:07:20+00:00
3742,2073,AT&T,AT&T,Citibank,019220532,30152899086,USD,true,2020-07-05T08:01:13+00:00
3743,2074,Equity,Equity Residential,Citibank,078437355,4602335338,USD,true,2026-07-30T15:20:16+00:00
3744,2075,Con,Con Edison,PNC Bank,038742140,3674865874,USD,true,2019-05-14T10:42:22+00:00
3745,2075,,Chase Card Services,Citibank,085746250,799976109,USD,true,2017-03-04T06:16:04+00:00
3746,2075,Discover,Discover,JPMorgan Chase,004897889,303478309,USD,true,2021-05-04T03:59:11+00:00
3747,2076,,PSEG,PNC Bank,011218140,377291632300,USD,true,2017-02-08T12:03:09+00:00
3748,2076,,Sallie Mae,Citibank,003188900,7812528760,USD,true,2024-12-14T23:31:56+00:00
3749,2077,,Duke Energy,Wells Fargo,084722322,9333826536,USD,true,2025-10-31T10:28:26+00:00
3750,2077,,Con Edison,PNC Bank,032633872,5237666143,USD,true,2022-09-19T02:04:55+00:00
3751,2078,,Equity Residential,JPMorgan Chase,002670818,406412165257,USD,true,2025-12-06T07:46:33+00:00
3752,2078,Greystar,Greystar Property Mgmt,JPMorgan Chase,084081074,2096056688,USD,true,2024-09-17T17:09:49+00:00
3753,2079,,Sallie Mae,PNC Bank,078252413,85236998923,USD,true,2026-07-11T18:59:00+00:00
3754,2079,,Progressive,Citibank,083820366,85379190465,USD,true,2026-09-18T20:31:59+00:00
3755,2080,,Equity Residential,Bank of America,084348837,035509574,USD,true,2016-02-18T07:17:42+00:00
3756,2080,Duke,Duke Energy,JPMorgan Chase,085593205,1031644282,USD,true,2021-07-28T23:03:39+00:00
3757,2080,Sallie,Sallie Mae,Wells Fargo,083104762,9363930928,USD,true,2017-12-12T02:39:55+00:00
3758,2081,Navient,Navient,Citibank,041165659,98880540981,USD,true,2022-07-02T09:50:26+00:00
3759,2082,Chase,Chase Card Services,Citibank,013830215,605179817413,USD,true,2024-10-05T08:17:03+00:00
3760,2082,GEICO,GEICO,Bank of America,056531145,47770803345,USD,true,2026-02-07T11:06:20+00:00
3761,2083,Progressive,Progressive,Wells Fargo,094198137,461322662868,USD,true,2016-04-22T12:35:58+00:00
3762,2083,AT&T,AT&T,JPMorgan Chase,050955577,141308888350,USD,true,2025-08-30T11:09:03+00:00
3763,2083,,GEICO,Wells Fargo,006583475,566910847,USD,true,2016-02-24T05:07:42+00:00
3764,2083,,State Farm Insurance,Wells Fargo,011717368,0299254048,USD,true,2020-12-05T05:01:38+00:00
3765,2085,AT&T,AT&T,Wells Fargo,002053413,96104483970,USD,true,2019-10-16T19:39:52+00:00
3766,2085,Comcast,Comcast Xfinity,Wells Fargo,019322706,933420601,USD,true,2025-08-18T18:59:53+00:00
3767,2085,Equity,Equity Residential,Citibank,020902059,834281464122,USD,true,2024-01-17T05:57:23+00:00
3768,2085,,Chase Card Services,Citibank,010631630,754259931,USD,true,2023-07-26T23:27:34+00:00
3769,2087,,City Water Dept,Bank of America,070845124,51991444693,USD,true,2022-05-18T15:59:15+00:00
3770,2087,,Duke Energy,Bank of America,085360620,662258001521,USD,true,2026-03-06T05:12:26+00:00
3771,2087,GEICO,GEICO,Citibank,081254542,9961404841,USD,true,2024-11-26T22:07:48+00:00
3772,2087,,Navient,Wells Fargo,053003379,692944950695,USD,true,2023-03-02T19:14:11+00:00
3773,2088,AT&T,AT&T,Wells Fargo,088799726,242393978,USD,true,2026-09-07T18:34:09+00:00
3774,2088,State,State Farm Insurance,Bank of America,002300397,951407888681,USD,true,2023-06-12T21:39:57+00:00
3775,2090,,Con Edison,PNC Bank,041088868,8723904427,USD,true,2024-01-12T02:52:06+00:00
3776,2090,,Navient,JPMorgan Chase,097218362,7371385825,USD,true,2023-01-28T18:52:58+00:00
3777,2091,Equity,Equity Residential,PNC Bank,076105883,2136441294,USD,true,2025-03-24T21:11:59+00:00
3778,2091,,City Water Dept,JPMorgan Chase,048872881,961141150271,USD,true,2025-01-21T13:56:45+00:00
3779,2094,,Duke Energy,Wells Fargo,014845168,14400153911,USD,true,2024-10-29T16:56:00+00:00
3780,2094,Discover,Discover,JPMorgan Chase,071330011,299292638,USD,true,2025-10-08T18:35:10+00:00
3781,2094,,Sallie Mae,JPMorgan Chase,080173497,3827383765,USD,true,2025-03-18T07:36:51+00:00
3782,2095,,AT&T,PNC Bank,052242959,259069365,USD,true,2022-10-28T02:48:13+00:00
3783,2096,,Discover,Bank of America,026777536,2092266914,USD,true,2025-12-03T17:36:15+00:00
3784,2096,,AT&T,PNC Bank,019927189,058927683,USD,true,2023-04-08T14:01:29+00:00
3785,2097,,Duke Energy,Wells Fargo,048849907,842242026,USD,true,2017-01-04T13:42:02+00:00
3786,2097,,GEICO,Bank of America,094755206,660985580128,USD,true,2015-06-06T11:16:37+00:00
3787,2098,,Progressive,Wells Fargo,092139589,248459254,USD,true,2011-04-25T08:02:46+00:00
3788,2099,,AT&T,Wells Fargo,068872267,8626186652,USD,true,2021-09-23T11:34:46+00:00
3789,2099,,State Farm Insurance,Bank of America,010305415,774004732951,USD,true,2026-03-13T13:04:57+00:00
3790,2099,Discover,Discover,JPMorgan Chase,038887567,531182938733,USD,true,2013-02-08T07:19:18+00:00
3791,2100,State,State Farm Insurance,Citibank,080683015,819742453,USD,true,2015-05-25T21:12:48+00:00
3792,2100,,Discover,Citibank,075929391,406128386008,USD,true,2023-07-24T18:06:23+00:00
3793,2101,,Sallie Mae,Wells Fargo,062975961,709678949049,USD,true,2023-03-10T09:38:50+00:00
3794,2101,Duke,Duke Energy,Bank of America,040684912,289053878,USD,true,2011-03-20T23:54:29+00:00
3795,2102,Chase,Chase Card Services,Bank of America,007921316,457314902478,USD,true,2024-05-26T08:52:21+00:00
3796,2102,,Progressive,Wells Fargo,027556461,79055588506,USD,true,2024-10-28T13:24:14+00:00
3797,2103,,Progressive,Bank of America,050013654,57837531071,USD,true,2020-11-24T07:08:18+00:00
3798,2103,,City Water Dept,Bank of America,051252082,751027266192,USD,true,2021-05-29T23:29:05+00:00
3799,2104,City,City Water Dept,JPMorgan Chase,022831081,7201183154,USD,true,2025-04-10T08:22:00+00:00
3800,2104,Sallie,Sallie Mae,Wells Fargo,012065328,8846989934,USD,true,2023-02-25T02:46:55+00:00
3801,2104,,Con Edison,PNC Bank,020888421,054795379653,USD,true,2024-04-22T22:23:33+00:00
3802,2105,PSEG,PSEG,Wells Fargo,091449517,074247157719,USD,true,2020-10-25T22:54:05+00:00
3803,2105,,GEICO,Bank of America,014651206,387252865,USD,true,2019-07-14T09:59:54+00:00
3804,2106,Discover,Discover,Wells Fargo,035418860,16166282520,USD,true,2024-08-08T03:45:44+00:00
3805,2106,,Progressive,Citibank,077139654,548874481,USD,true,2017-07-27T05:33:17+00:00
3806,2107,Greystar,Greystar Property Mgmt,PNC Bank,065432819,96840273863,USD,true,2023-06-24T06:46:04+00:00
3807,2107,,City Water Dept,JPMorgan Chase,081491126,551799487493,USD,true,2016-02-25T15:06:35+00:00
3808,2107,,State Farm Insurance,PNC Bank,057560581,20219951279,USD,true,2019-10-15T13:23:42+00:00
3809,2107,,Sallie Mae,Wells Fargo,023750587,54114313542,USD,true,2025-01-28T20:07:41+00:00
3810,2108,State,State Farm Insurance,Bank of America,076450716,414932587,USD,true,2015-08-12T05:34:37+00:00
3811,2108,Progressive,Progressive,PNC Bank,026655690,48042492995,USD,true,2022-06-11T01:06:32+00:00
3812,2108,,Sallie Mae,PNC Bank,020038172,805901582785,USD,true,2024-08-03T16:55:11+00:00
3813,2108,,Duke Energy,JPMorgan Chase,049926453,225604251061,USD,true,2012-03-10T06:46:23+00:00
3814,2109,,Comcast Xfinity,PNC Bank,004125088,560383847,USD,true,2025-08-21T18:36:17+00:00
3815,2110,Duke,Duke Energy,JPMorgan Chase,059431001,302550228684,USD,true,2026-07-12T19:53:15+00:00
3816,2110,,Con Edison,Citibank,047058032,587072900,USD,true,2025-09-12T16:47:09+00:00
3817,2110,GEICO,GEICO,Wells Fargo,087985831,505191504,USD,true,2025-04-15T12:20:16+00:00
3818,2114,,Discover,Wells Fargo,095913097,629234974913,USD,true,2026-07-16T06:35:40+00:00
3819,2114,Navient,Navient,PNC Bank,057294966,26001057732,USD,true,2026-09-06T20:31:36+00:00
3820,2114,,Equity Residential,Bank of America,076425662,2421626280,USD,true,2026-07-13T22:23:22+00:00
3821,2114,,PSEG,JPMorgan Chase,097897967,38194860651,USD,true,2026-08-24T22:03:37+00:00
3822,2115,,Chase Card Services,Bank of America,024475591,9852008591,USD,true,2023-09-22T18:06:28+00:00
3823,2115,,Duke Energy,Citibank,020939511,5927450416,USD,true,2021-05-02T00:32:46+00:00
3824,2117,,Discover,PNC Bank,073132918,135907018,USD,true,2015-11-17T08:17:10+00:00
3825,2118,,State Farm Insurance,PNC Bank,060831832,86812499832,USD,true,2025-12-07T13:29:23+00:00
3826,2119,,City Water Dept,Bank of America,062272683,159995670,USD,true,2012-02-16T17:32:35+00:00
3827,2120,,Comcast Xfinity,Citibank,024823463,19401996302,USD,true,2019-03-06T03:37:24+00:00
3828,2121,,State Farm Insurance,Wells Fargo,088158349,657683094,USD,true,2018-05-14T19:52:02+00:00
3829,2121,,Duke Energy,JPMorgan Chase,077751501,848552236151,USD,true,2008-12-14T14:40:01+00:00
3830,2122,,Navient,PNC Bank,040979283,3937334595,USD,true,2025-05-09T12:46:38+00:00
3831,2122,Sallie,Sallie Mae,JPMorgan Chase,067829521,233771062,USD,true,2025-11-09T13:29:30+00:00
3832,2122,,Greystar Property Mgmt,Wells Fargo,087955061,732077883967,USD,true,2024-10-29T06:30:54+00:00
3833,2124,,Navient,PNC Bank,075978422,500944049,USD,true,2011-09-30T11:15:06+00:00
3834,2124,,Chase Card Services,Wells Fargo,019049163,878058346,USD,true,2021-12-31T05:48:38+00:00
3835,2124,Comcast,Comcast Xfinity,Bank of America,092990431,604551045,USD,true,2009-06-22T16:42:28+00:00
3836,2125,Equity,Equity Residential,Wells Fargo,099998724,8025129601,USD,true,2019-08-22T08:05:49+00:00
3837,2126,,Comcast Xfinity,PNC Bank,032467686,069247998584,USD,true,2026-04-29T21:41:37+00:00
3838,2126,Progressive,Progressive,PNC Bank,006402138,7439550071,USD,true,2026-01-29T14:38:36+00:00
3839,2126,,City Water Dept,JPMorgan Chase,057967123,816104601978,USD,true,2025-08-06T11:25:16+00:00
3840,2126,GEICO,GEICO,Bank of America,013491515,664462271689,USD,true,2025-04-03T03:29:26+00:00
3841,2127,GEICO,GEICO,Wells Fargo,022930684,220148424,USD,true,2023-07-29T03:17:38+00:00
3842,2127,,AT&T,Bank of America,013951755,147607718,USD,true,2025-10-17T15:46:54+00:00
3843,2129,Sallie,Sallie Mae,JPMorgan Chase,013906722,882670407766,USD,true,2021-01-08T10:38:43+00:00
3844,2129,,Duke Energy,Wells Fargo,087228933,52259100679,USD,true,2024-10-25T16:24:47+00:00
3845,2129,GEICO,GEICO,JPMorgan Chase,048934033,2668204052,USD,true,2018-06-06T14:01:48+00:00
3846,2129,,Comcast Xfinity,JPMorgan Chase,098261679,590328868,USD,true,2024-04-11T15:02:18+00:00
3847,2130,Navient,Navient,JPMorgan Chase,033347603,96563236779,USD,true,2025-03-28T12:30:09+00:00
3848,2130,GEICO,GEICO,Wells Fargo,081701910,644093830764,USD,true,2025-08-16T20:52:53+00:00
3849,2130,,Chase Card Services,PNC Bank,004369696,952134798,USD,true,2021-11-25T21:48:44+00:00
3850,2131,Equity,Equity Residential,Bank of America,086759680,043804114,USD,true,2012-07-24T12:55:59+00:00
3851,2131,Sallie,Sallie Mae,PNC Bank,079459944,50767448514,USD,true,2020-03-02T07:37:43+00:00
3852,2132,City,City Water Dept,Citibank,004501333,897904845791,USD,true,2023-09-28T08:36:16+00:00
3853,2132,,Chase Card Services,JPMorgan Chase,066705031,5335430883,USD,true,2023-06-20T23:50:33+00:00
3854,2133,State,State Farm Insurance,Citibank,064149289,355826360,USD,true,2025-03-05T08:26:35+00:00
3855,2133,GEICO,GEICO,Wells Fargo,071373264,03197172128,USD,true,2023-06-23T04:31:29+00:00
3856,2134,,Comcast Xfinity,Wells Fargo,031906379,996617215001,USD,true,2014-04-01T16:53:17+00:00
3857,2134,Progressive,Progressive,Wells Fargo,084211779,4988372524,USD,true,2019-11-01T01:17:35+00:00
3858,2135,Duke,Duke Energy,PNC Bank,038572905,308253820,USD,true,2017-10-16T20:22:27+00:00
3859,2135,City,City Water Dept,Bank of America,023858162,023159430,USD,true,2021-12-08T08:45:08+00:00
3860,2135,,Sallie Mae,PNC Bank,091949688,35791292358,USD,true,2024-06-22T22:55:27+00:00
3861,2136,Navient,Navient,Bank of America,052931251,67072197049,USD,true,2024-06-08T16:54:21+00:00
3862,2136,,Equity Residential,PNC Bank,054041098,442462236959,USD,true,2017-04-14T09:20:21+00:00
3863,2137,,Con Edison,Wells Fargo,048171233,060406968,USD,true,2020-11-02T12:54:16+00:00
3864,2137,State,State Farm Insurance,JPMorgan Chase,050026069,63736169774,USD,true,2026-08-19T19:27:17+00:00
3865,2137,PSEG,PSEG,Citibank,084922869,479056290,USD,true,2023-03-16T04:42:34+00:00
3866,2139,City,City Water Dept,Bank of America,036799643,266246341,USD,true,2013-02-01T02:57:24+00:00
3867,2139,Comcast,Comcast Xfinity,JPMorgan Chase,046346472,34740172297,USD,true,2023-11-02T00:28:52+00:00
3868,2140,Con,Con Edison,PNC Bank,044240971,0580222113,USD,true,2024-04-11T17:50:01+00:00
3869,2141,,Con Edison,Wells Fargo,032885902,464320331,USD,true,2022-09-01T06:20:21+00:00
3870,2141,,Discover,JPMorgan Chase,088966673,2292469839,USD,true,2016-10-19T17:40:53+00:00
3871,2141,,Sallie Mae,Bank of America,083491087,721139851,USD,true,2017-08-29T13:42:00+00:00
3872,2141,Comcast,Comcast Xfinity,Wells Fargo,054970898,98501199122,USD,true,2016-01-30T09:19:53+00:00
3873,2142,State,State Farm Insurance,Bank of America,066661615,193427569,USD,true,2021-11-05T06:29:22+00:00
3874,2142,,PSEG,JPMorgan Chase,090889030,240577205,USD,true,2019-05-31T23:46:17+00:00
3875,2142,Discover,Discover,Wells Fargo,077803053,032593456250,USD,true,2020-08-27T18:00:57+00:00
3876,2142,,Sallie Mae,Wells Fargo,038085117,67332132894,USD,true,2022-12-04T18:47:14+00:00
3877,2143,,State Farm Insurance,Bank of America,094363854,942418381,USD,true,2026-05-09T02:44:15+00:00
3878,2143,,Progressive,PNC Bank,043847402,96019663183,USD,true,2026-01-22T07:14:46+00:00
3879,2144,Navient,Navient,Bank of America,064746212,982871994091,USD,true,2026-07-18T17:50:51+00:00
3880,2144,Con,Con Edison,Bank of America,006156135,43258803232,USD,true,2026-07-03T00:13:21+00:00
3881,2144,,Comcast Xfinity,Citibank,050652203,189281115676,USD,true,2026-09-04T17:04:13+00:00
3882,2144,Sallie,Sallie Mae,Wells Fargo,068309928,5799727262,USD,true,2026-09-13T07:19:51+00:00
3883,2145,,State Farm Insurance,Wells Fargo,032195383,08920433824,USD,true,2024-09-15T07:44:26+00:00
3884,2145,,Con Edison,Bank of America,076989746,1396439771,USD,true,2023-12-17T13:02:53+00:00
3885,2145,Sallie,Sallie Mae,PNC Bank,070031195,404150381,USD,true,2025-06-25T21:22:43+00:00
3886,2146,PSEG,PSEG,Wells Fargo,025116407,48961893498,USD,true,2025-11-05T05:48:08+00:00
3887,2146,Discover,Discover,JPMorgan Chase,018453521,360573611,USD,true,2026-08-10T04:51:50+00:00
3888,2147,,State Farm Insurance,Citibank,081910470,63588426187,USD,true,2022-04-03T22:12:41+00:00
3889,2147,Duke,Duke Energy,PNC Bank,075246744,674084965,USD,true,2018-12-07T18:18:30+00:00
3890,2148,Chase,Chase Card Services,JPMorgan Chase,086475809,02659684901,USD,true,2019-12-12T23:22:51+00:00
3891,2148,,State Farm Insurance,Citibank,000558232,8516385261,USD,true,2025-08-18T21:40:52+00:00
3892,2148,Con,Con Edison,Bank of America,093705669,195008115428,USD,true,2024-03-14T05:19:54+00:00
3893,2148,,Discover,PNC Bank,053906568,5905671685,USD,true,2023-05-06T04:10:31+00:00
3894,2149,,Con Edison,Bank of America,004149285,761046416,USD,true,2024-11-02T21:27:37+00:00
3895,2149,PSEG,PSEG,Wells Fargo,039529403,55447209810,USD,true,2024-06-12T14:30:22+00:00
3896,2149,,Sallie Mae,JPMorgan Chase,023975262,523065434,USD,true,2026-06-15T22:11:26+00:00
3897,2150,Discover,Discover,Citibank,011119685,38761343739,USD,true,2023-05-28T07:03:25+00:00
3898,2151,,Greystar Property Mgmt,Wells Fargo,066635901,667998317,USD,true,2023-03-16T00:57:43+00:00
3899,2151,,Sallie Mae,PNC Bank,013544080,199655534644,USD,true,2020-07-17T03:39:06+00:00
3900,2152,,Con Edison,Citibank,073238279,22395895218,USD,true,2019-08-16T17:09:18+00:00
3901,2152,Comcast,Comcast Xfinity,Wells Fargo,026377576,399113394822,USD,true,2017-05-16T07:32:00+00:00
3902,2152,,State Farm Insurance,Citibank,044843013,2560001720,USD,true,2013-10-21T19:07:47+00:00
3903,2153,,Duke Energy,Wells Fargo,016867974,227658521808,USD,true,2026-07-31T07:42:36+00:00
3904,2154,Greystar,Greystar Property Mgmt,PNC Bank,032489862,826349496,USD,true,2022-04-16T08:57:05+00:00
3905,2154,Duke,Duke Energy,Bank of America,076189930,016367865274,USD,true,2026-04-26T00:27:26+00:00
3906,2154,AT&T,AT&T,Bank of America,042780634,5889836125,USD,true,2023-11-11T12:58:53+00:00
3907,2154,Con,Con Edison,Bank of America,069746623,82894934467,USD,true,2024-08-11T22:43:43+00:00
3908,2155,,Navient,JPMorgan Chase,001564075,940966801,USD,true,2023-03-09T09:13:33+00:00
3909,2155,,City Water Dept,PNC Bank,012808204,18038472832,USD,true,2015-04-29T22:29:41+00:00
3910,2155,,State Farm Insurance,Wells Fargo,084534395,8604667507,USD,true,2020-12-25T02:37:01+00:00
3911,2156,,AT&T,JPMorgan Chase,099227655,99831618916,USD,true,2026-05-05T00:50:15+00:00
3912,2156,,Sallie Mae,PNC Bank,015995190,5988873884,USD,true,2026-07-22T14:52:01+00:00
3913,2157,,AT&T,PNC Bank,052955058,528859084,USD,true,2014-03-27T14:14:34+00:00
3914,2158,,Comcast Xfinity,Wells Fargo,054778582,018386664,USD,true,2023-08-26T06:58:28+00:00
3915,2160,,Greystar Property Mgmt,Bank of America,059811865,761287305,USD,true,2026-06-27T06:11:25+00:00
3916,2160,Chase,Chase Card Services,Bank of America,071640802,903701150491,USD,true,2026-07-06T00:56:23+00:00
3917,2161,,Chase Card Services,JPMorgan Chase,025425820,20346013701,USD,true,2026-07-24T21:24:16+00:00
3918,2161,,Equity Residential,PNC Bank,055515273,6373692303,USD,true,2026-04-14T23:05:43+00:00
3919,2162,,Sallie Mae,PNC Bank,086494525,30999496014,USD,true,2025-12-18T01:32:59+00:00
3920,2162,,AT&T,JPMorgan Chase,096737507,169537905,USD,true,2025-06-20T13:13:16+00:00
3921,2163,,Greystar Property Mgmt,PNC Bank,007075900,6578143200,USD,true,2009-01-02T07:35:16+00:00
3922,2163,,City Water Dept,Bank of America,030361452,828292928822,USD,true,2022-08-31T22:01:21+00:00
3923,2164,Equity,Equity Residential,Citibank,047871026,139024155641,USD,true,2025-11-13T13:23:01+00:00
3924,2164,,Comcast Xfinity,Wells Fargo,018465688,575980470859,USD,true,2022-10-19T16:08:36+00:00
3925,2166,Chase,Chase Card Services,Bank of America,013940507,71118641064,USD,true,2026-04-17T18:43:31+00:00
3926,2167,Discover,Discover,JPMorgan Chase,059098631,340294748,USD,true,2015-07-08T12:04:44+00:00
3927,2167,AT&T,AT&T,Citibank,030875678,75076766369,USD,true,2025-12-28T13:24:12+00:00
3928,2167,,Comcast Xfinity,PNC Bank,060224591,1102586150,USD,true,2015-12-30T20:26:39+00:00
3929,2168,Comcast,Comcast Xfinity,PNC Bank,015353429,95016111680,USD,true,2026-07-26T04:28:24+00:00
3930,2168,,Duke Energy,Citibank,060181463,76615842213,USD,true,2026-07-23T09:00:12+00:00
3931,2169,Progressive,Progressive,Wells Fargo,022126003,832545773,USD,true,2010-06-11T19:40:54+00:00
3932,2169,Discover,Discover,PNC Bank,046693130,550979711,USD,true,2017-11-14T04:25:10+00:00
3933,2169,,Comcast Xfinity,PNC Bank,034016285,84957790678,USD,true,2011-01-01T04:06:32+00:00
3934,2170,,City Water Dept,JPMorgan Chase,019327036,869222183,USD,true,2021-05-27T08:10:26+00:00
3935,2172,,Equity Residential,Wells Fargo,007168572,100902582014,USD,true,2020-02-02T04:53:36+00:00
3936,2174,,Con Edison,Wells Fargo,083171764,02487632541,USD,true,2022-08-31T07:24:08+00:00
3937,2175,Chase,Chase Card Services,JPMorgan Chase,057203222,6254297087,USD,true,2026-06-24T02:13:11+00:00
3938,2175,,Con Edison,JPMorgan Chase,047238057,108643794475,USD,true,2026-06-22T09:53:51+00:00
3939,2176,Comcast,Comcast Xfinity,PNC Bank,033981713,310197558,USD,true,2025-04-16T18:37:48+00:00
3940,2176,,Navient,PNC Bank,073605458,828442886,USD,true,2024-07-30T21:45:10+00:00
3941,2177,,State Farm Insurance,PNC Bank,063437918,681423516,USD,true,2025-12-09T12:24:33+00:00
3942,2178,,Greystar Property Mgmt,JPMorgan Chase,019354285,9300721798,USD,true,2021-05-11T10:26:12+00:00
3943,2179,,Chase Card Services,Citibank,063767200,8302443516,USD,true,2025-08-15T00:47:55+00:00
3944,2179,City,City Water Dept,Bank of America,087596811,735805553,USD,true,2019-03-10T02:40:44+00:00
3945,2179,,Duke Energy,Wells Fargo,054441224,906043520881,USD,true,2016-02-10T02:31:35+00:00
3946,2180,,Sallie Mae,Wells Fargo,092463060,8996170614,USD,true,2020-03-14T10:11:06+00:00
3947,2180,State,State Farm Insurance,JPMorgan Chase,064284841,137676984979,USD,true,2021-05-22T19:32:20+00:00
3948,2180,Comcast,Comcast Xfinity,Bank of America,004447607,166659841,USD,true,2024-07-23T12:18:58+00:00
3949,2181,City,City Water Dept,Bank of America,098114830,8740685488,USD,true,2017-11-15T23:22:15+00:00
3950,2181,,Con Edison,Citibank,078160070,8173019238,USD,true,2022-05-17T02:11:42+00:00
3951,2181,,Equity Residential,Citibank,039730682,094803037,USD,true,2023-09-14T09:45:29+00:00
3952,2184,,Discover,Wells Fargo,017455121,4963557139,USD,true,2024-09-30T05:28:44+00:00
3953,2184,,Greystar Property Mgmt,Citibank,059211329,508968001995,USD,true,2025-12-20T13:51:59+00:00
3954,2184,,PSEG,Bank of America,085262843,37132544311,USD,true,2025-09-21T06:47:23+00:00
3955,2185,,Equity Residential,PNC Bank,021322371,419427831,USD,true,2026-04-02T05:02:53+00:00
3956,2185,Duke,Duke Energy,Wells Fargo,086984151,8839803662,USD,true,2023-12-14T00:10:35+00:00
3957,2186,Sallie,Sallie Mae,Citibank,046273944,003546384234,USD,true,2016-03-07T11:53:54+00:00
3958,2186,,Con Edison,Bank of America,043303378,430866798500,USD,true,2020-08-21T13:47:48+00:00
3959,2187,Chase,Chase Card Services,PNC Bank,077454518,1414233602,USD,true,2015-09-06T21:23:23+00:00
3960,2187,,Navient,Citibank,012814937,938096342098,USD,true,2020-03-03T15:22:03+00:00
3961,2187,,Equity Residential,Wells Fargo,084075913,699281701,USD,true,2015-11-16T16:48:09+00:00
3962,2187,,City Water Dept,PNC Bank,099473182,7830965056,USD,true,2014-07-12T12:43:32+00:00
3963,2188,Duke,Duke Energy,Wells Fargo,045492146,515898306195,USD,true,2008-09-06T13:46:45+00:00
3964,2188,,State Farm Insurance,Citibank,088850420,746092323727,USD,true,2025-05-07T22:16:57+00:00
3965,2190,,PSEG,JPMorgan Chase,032881262,151212397,USD,true,2019-09-28T17:02:31+00:00
3966,2190,,Con Edison,PNC Bank,049821985,837756935,USD,true,2025-12-09T10:52:23+00:00
3967,2190,,Navient,Bank of America,001677102,768007974774,USD,true,2025-05-29T17:34:42+00:00
3968,2191,Progressive,Progressive,Bank of America,075823058,1505716194,USD,true,2024-09-24T04:16:02+00:00
3969,2192,,Sallie Mae,PNC Bank,035412131,00220580311,USD,true,2025-01-10T06:48:27+00:00
3970,2193,,Progressive,Wells Fargo,060000723,745802971,USD,true,2026-07-23T21:25:44+00:00
3971,2193,GEICO,GEICO,Bank of America,014071001,5676136227,USD,true,2025-11-23T11:09:31+00:00
3972,2194,,Discover,Bank of America,006672834,159080911,USD,true,2015-04-06T01:15:14+00:00
3973,2194,,Greystar Property Mgmt,Citibank,020167113,35097424966,USD,true,2025-02-10T09:03:47+00:00
3974,2195,,Chase Card Services,Bank of America,099782139,532152690082,USD,true,2011-01-22T12:35:21+00:00
3975,2196,Equity,Equity Residential,Bank of America,028195940,1275459376,USD,true,2022-03-28T12:23:15+00:00
3976,2196,,Duke Energy,Bank of America,075407994,7411136761,USD,true,2024-07-12T22:17:51+00:00
3977,2197,,AT&T,Citibank,048969085,15233289564,USD,true,2025-08-15T19:50:38+00:00
3978,2197,,Discover,Citibank,044765634,264159700,USD,true,2021-07-01T21:20:05+00:00
3979,2197,Comcast,Comcast Xfinity,Bank of America,069387954,7139051633,USD,true,2017-10-09T10:35:27+00:00
3980,2199,,Equity Residential,PNC Bank,059812829,697710880,USD,true,2019-03-13T05:38:56+00:00
3981,2199,,PSEG,Wells Fargo,007022237,5835620421,USD,true,2025-06-29T13:47:05+00:00
3982,2199,,Sallie Mae,JPMorgan Chase,003981653,4998077865,USD,true,2022-10-26T12:40:08+00:00
3983,2200,,Equity Residential,Wells Fargo,039354231,4137738795,USD,true,2023-03-05T11:06:05+00:00
3984,2201,PSEG,PSEG,Wells Fargo,025656098,195837314719,USD,true,2021-07-19T21:54:42+00:00
3985,2201,,Comcast Xfinity,Citibank,011281766,266972333639,USD,true,2024-02-21T20:40:16+00:00
3986,2201,,Duke Energy,Citibank,020384774,39706254281,USD,true,2017-09-25T01:23:51+00:00
3987,2202,,PSEG,Wells Fargo,050974176,700395325,USD,true,2025-01-16T18:59:54+00:00
3988,2202,Greystar,Greystar Property Mgmt,Wells Fargo,027408423,618633366685,USD,true,2010-04-26T03:40:53+00:00
3989,2202,GEICO,GEICO,Citibank,056115776,8625533670,USD,true,2012-08-07T17:27:20+00:00
3990,2203,PSEG,PSEG,PNC Bank,092812960,85759886755,USD,true,2008-07-11T11:03:00+00:00
3991,2203,,State Farm Insurance,Wells Fargo,070170365,73108099478,USD,true,2019-11-24T21:02:01+00:00
3992,2204,,Navient,PNC Bank,073223541,613421281,USD,true,2020-08-11T15:12:50+00:00
3993,2204,,Greystar Property Mgmt,Citibank,004042686,3772567249,USD,true,2024-12-24T09:02:13+00:00
3994,2204,,Comcast Xfinity,Bank of America,029285517,5075612047,USD,true,2016-03-25T21:53:40+00:00
3995,2204,Con,Con Edison,Bank of America,068664953,8901377696,USD,true,2015-01-14T12:12:20+00:00
3996,2205,,Navient,PNC Bank,040499328,892624601234,USD,true,2026-04-21T19:03:16+00:00
3997,2207,Discover,Discover,PNC Bank,000991501,282662181,USD,true,2023-07-17T14:49:52+00:00
3998,2207,PSEG,PSEG,PNC Bank,044348255,64997103430,USD,true,2023-10-24T06:27:06+00:00
3999,2208,,Sallie Mae,Citibank,060852921,39985291166,USD,true,2026-05-20T01:16:08+00:00
4000,2209,Chase,Chase Card Services,PNC Bank,079271950,91412968083,USD,true,2021-06-24T04:37:41+00:00
4001,2209,,Con Edison,Wells Fargo,042441011,1544833202,USD,true,2014-10-20T21:37:53+00:00
4002,2209,,Discover,Wells Fargo,004770713,067903985377,USD,true,2024-06-08T13:44:33+00:00
4003,2210,Greystar,Greystar Property Mgmt,Citibank,098321373,0603621884,USD,true,2024-02-23T15:48:47+00:00
4004,2210,,Progressive,Wells Fargo,079805299,229549573356,USD,true,2022-07-11T12:57:48+00:00
4005,2210,AT&T,AT&T,Wells Fargo,023932456,3663872211,USD,true,2026-08-10T05:49:41+00:00
4006,2211,Duke,Duke Energy,Citibank,074098302,758331844564,USD,true,2017-04-01T15:28:56+00:00
4007,2211,,Progressive,PNC Bank,060590956,22538706309,USD,true,2015-08-24T05:51:15+00:00
4008,2212,,Discover,Wells Fargo,038089571,56702270394,USD,true,2024-08-18T15:58:55+00:00
4009,2212,Greystar,Greystar Property Mgmt,Bank of America,059643646,607893542,USD,true,2024-08-28T00:44:39+00:00
4010,2212,,GEICO,JPMorgan Chase,058120828,13291376087,USD,true,2024-06-15T13:05:04+00:00
4011,2213,,GEICO,JPMorgan Chase,009850195,686434808,USD,true,2022-07-26T07:22:06+00:00
4012,2213,State,State Farm Insurance,Citibank,090831055,101511061,USD,true,2019-11-13T16:14:02+00:00
4013,2214,City,City Water Dept,Wells Fargo,000819762,6049191321,USD,true,2009-07-11T17:37:24+00:00
4014,2214,State,State Farm Insurance,Bank of America,054543359,573122142,USD,true,2015-10-30T20:56:38+00:00
4015,2216,State,State Farm Insurance,JPMorgan Chase,022514086,818029785,USD,true,2025-06-12T05:48:42+00:00
4016,2216,,Greystar Property Mgmt,PNC Bank,074215926,01756476425,USD,true,2026-05-09T12:54:08+00:00
4017,2218,Discover,Discover,PNC Bank,050716508,105867058,USD,true,2008-10-02T21:54:50+00:00
4018,2218,,Progressive,Bank of America,009418563,1701866506,USD,true,2012-12-10T15:49:00+00:00
4019,2219,,Con Edison,Citibank,073690145,5359164321,USD,true,2016-04-04T13:37:55+00:00
4020,2219,State,State Farm Insurance,Wells Fargo,019863088,562924236,USD,true,2019-05-25T18:54:17+00:00
4021,2220,Greystar,Greystar Property Mgmt,Bank of America,088261529,334301201,USD,true,2015-01-27T06:19:53+00:00
4022,2220,,AT&T,Wells Fargo,028450813,77285920925,USD,true,2018-05-08T12:40:56+00:00
4023,2220,Comcast,Comcast Xfinity,JPMorgan Chase,027424539,36280115467,USD,true,2015-06-10T14:15:32+00:00
4024,2221,AT&T,AT&T,JPMorgan Chase,074337754,6149220182,USD,true,2016-01-12T17:31:26+00:00
4025,2221,,Comcast Xfinity,JPMorgan Chase,090046820,909160739,USD,true,2023-10-30T03:34:48+00:00
4026,2222,Discover,Discover,JPMorgan Chase,074807629,092882403073,USD,true,2026-03-10T20:52:44+00:00
4027,2222,Sallie,Sallie Mae,JPMorgan Chase,038873166,776210581,USD,true,2022-12-21T16:10:26+00:00
4028,2223,,PSEG,Wells Fargo,068707071,21635206848,USD,true,2023-06-13T22:12:45+00:00
4029,2223,,City Water Dept,Bank of America,077863400,188492127,USD,true,2025-01-07T16:52:24+00:00
4030,2223,,State Farm Insurance,PNC Bank,053233983,543760114,USD,true,2020-09-14T21:02:56+00:00
4031,2225,,Duke Energy,Bank of America,009712719,083026558241,USD,true,2022-05-18T17:13:21+00:00
4032,2225,Con,Con Edison,Wells Fargo,040880861,277094933,USD,true,2015-09-13T03:02:29+00:00
4033,2226,Comcast,Comcast Xfinity,Bank of America,006153118,247443430261,USD,true,2025-06-26T07:50:18+00:00
4034,2227,PSEG,PSEG,Wells Fargo,042185146,44191478735,USD,true,2020-09-29T19:58:25+00:00
4035,2227,,Sallie Mae,PNC Bank,030422820,448725029,USD,true,2016-02-16T03:49:07+00:00
4036,2227,Comcast,Comcast Xfinity,JPMorgan Chase,046246610,080761560383,USD,true,2021-01-14T09:03:32+00:00
4037,2228,Navient,Navient,JPMorgan Chase,041450439,6030307459,USD,true,2026-03-23T04:23:27+00:00
4038,2228,,Discover,Wells Fargo,078003773,643171505292,USD,true,2021-10-17T16:15:40+00:00
4039,2229,,Con Edison,Wells Fargo,085054729,60971087841,USD,true,2022-04-04T11:03:22+00:00
4040,2229,State,State Farm Insurance,Wells Fargo,047706267,15811232236,USD,true,2025-01-26T20:14:13+00:00
4041,2229,Duke,Duke Energy,Wells Fargo,044549771,823012353952,USD,true,2010-05-27T04:57:00+00:00
4042,2230,,Discover,Wells Fargo,049214957,148275064,USD,true,2024-05-16T00:04:13+00:00
4043,2230,,PSEG,Wells Fargo,010886436,04967298942,USD,true,2020-04-19T16:18:53+00:00
4044,2231,PSEG,PSEG,Citibank,020022551,9194627944,USD,true,2025-10-03T14:56:55+00:00
4045,2231,,Navient,Citibank,044685176,54959666743,USD,true,2016-04-30T17:52:09+00:00
4046,2231,,Greystar Property Mgmt,Citibank,034338976,60981297752,USD,true,2015-11-07T15:13:28+00:00
4047,2232,,Sallie Mae,Bank of America,017526667,858592658,USD,true,2026-03-03T12:06:28+00:00
4048,2232,,GEICO,PNC Bank,072181729,160276641,USD,true,2025-10-07T05:56:52+00:00
4049,2233,,Navient,JPMorgan Chase,000585263,8389507110,USD,true,2020-08-19T20:15:57+00:00
4050,2233,Equity,Equity Residential,PNC Bank,099837954,3378756247,USD,true,2023-12-11T03:08:32+00:00
4051,2233,,GEICO,JPMorgan Chase,094588308,842417419,USD,true,2018-11-28T16:22:33+00:00
4052,2234,,Navient,Citibank,009936377,613338198007,USD,true,2025-05-13T00:53:06+00:00
4053,2235,,GEICO,JPMorgan Chase,078515606,0877709204,USD,true,2024-03-05T19:18:17+00:00
4054,2236,,Progressive,JPMorgan Chase,096092444,011282828,USD,true,2017-03-15T22:22:24+00:00
4055,2236,,AT&T,PNC Bank,054253289,3567569452,USD,true,2022-06-11T10:44:40+00:00
4056,2236,,PSEG,Wells Fargo,010805429,7704596751,USD,true,2025-04-15T17:41:21+00:00
4057,2237,,Con Edison,PNC Bank,060045956,2710500265,USD,true,2024-12-28T07:25:15+00:00
4058,2237,City,City Water Dept,PNC Bank,094926778,626968269,USD,true,2023-12-26T21:02:15+00:00
4059,2238,Sallie,Sallie Mae,Bank of America,097668349,55579358520,USD,true,2026-05-05T17:46:13+00:00
4060,2239,Equity,Equity Residential,JPMorgan Chase,035592480,903400744000,USD,true,2025-07-14T20:23:58+00:00
4061,2239,Comcast,Comcast Xfinity,Bank of America,067286549,79095649319,USD,true,2026-07-09T02:18:16+00:00
4062,2240,,City Water Dept,PNC Bank,004494056,50010343931,USD,true,2025-02-20T21:18:12+00:00
4063,2241,GEICO,GEICO,Bank of America,041598103,413447468332,USD,true,2024-07-26T10:16:09+00:00
4064,2241,Chase,Chase Card Services,PNC Bank,098877654,42785513342,USD,true,2024-03-26T13:24:00+00:00
4065,2244,,PSEG,Citibank,038531149,10063828181,USD,true,2025-01-27T04:05:57+00:00
4066,2247,Duke,Duke Energy,Citibank,093635860,126681678044,USD,true,2026-09-03T05:02:05+00:00
4067,2247,,Sallie Mae,Wells Fargo,063407146,101497489,USD,true,2026-07-06T17:03:07+00:00
4068,2247,City,City Water Dept,JPMorgan Chase,016976051,3539090861,USD,true,2025-05-12T10:04:30+00:00
4069,2247,,Comcast Xfinity,PNC Bank,066933499,884368875636,USD,true,2026-01-23T07:48:46+00:00
4070,2248,Chase,Chase Card Services,JPMorgan Chase,097649392,996978821,USD,true,2016-08-18T10:34:41+00:00
4071,2248,PSEG,PSEG,Wells Fargo,043910387,90054472037,USD,true,2022-01-23T20:02:43+00:00
4072,2248,,Progressive,Citibank,049742228,28929905828,USD,true,2018-08-02T03:51:37+00:00
4073,2248,,Sallie Mae,Wells Fargo,042839035,34662387291,USD,true,2013-01-12T16:06:22+00:00
4074,2250,Sallie,Sallie Mae,JPMorgan Chase,005003823,776313374,USD,true,2025-07-31T12:17:12+00:00
4075,2250,,Discover,PNC Bank,095698699,7200605172,USD,true,2017-10-07T13:44:34+00:00
4076,2250,,Progressive,PNC Bank,078042923,351443438,USD,true,2018-11-13T12:36:41+00:00
4077,2250,Chase,Chase Card Services,PNC Bank,027076042,836230973,USD,true,2025-12-23T04:26:59+00:00
4078,2251,Con,Con Edison,JPMorgan Chase,097854327,69024591150,USD,true,2024-02-09T02:45:59+00:00
4079,2253,GEICO,GEICO,Citibank,033554785,188256254025,USD,true,2026-02-28T07:03:51+00:00
4080,2255,,AT&T,Bank of America,048834862,8127807559,USD,true,2017-02-07T07:14:04+00:00
4081,2255,,Sallie Mae,Wells Fargo,099716304,821503150,USD,true,2026-08-12T01:32:43+00:00
4082,2255,City,City Water Dept,Bank of America,099524891,4522667696,USD,true,2017-06-25T12:01:19+00:00
4083,2256,,Sallie Mae,PNC Bank,060958987,550268707,USD,true,2025-02-21T14:39:41+00:00
4084,2257,Chase,Chase Card Services,JPMorgan Chase,062012592,581071282,USD,true,2013-03-08T04:11:54+00:00
4085,2257,,GEICO,Citibank,061136423,121976091595,USD,true,2020-01-10T17:02:14+00:00
4086,2258,,City Water Dept,Citibank,031277576,794531803199,USD,true,2024-09-24T04:24:34+00:00
4087,2258,,PSEG,Wells Fargo,021202955,39528064388,USD,true,2022-08-15T15:05:00+00:00
4088,2258,,State Farm Insurance,Wells Fargo,056459460,730105611785,USD,true,2024-05-06T00:32:15+00:00
4089,2259,,Greystar Property Mgmt,Citibank,029664367,9118886360,USD,true,2016-04-05T13:03:25+00:00
4090,2259,,Sallie Mae,Bank of America,029806296,672119289,USD,true,2023-09-06T06:09:15+00:00
4091,2260,,Con Edison,Citibank,052774743,84964311350,USD,true,2023-03-31T05:36:53+00:00
4092,2261,,Duke Energy,Wells Fargo,011747337,73912747895,USD,true,2022-07-11T06:45:23+00:00
4093,2261,Greystar,Greystar Property Mgmt,Wells Fargo,069313206,3625237882,USD,true,2021-06-19T09:35:54+00:00
4094,2261,,PSEG,Citibank,010239722,999188069,USD,true,2023-01-02T19:12:11+00:00
4095,2262,Navient,Navient,Bank of America,058913175,750383264,USD,true,2020-04-23T23:35:48+00:00
4096,2263,PSEG,PSEG,Citibank,067041839,490066696626,USD,true,2025-11-26T13:20:54+00:00
4097,2263,,Navient,Bank of America,072064267,02239414791,USD,true,2025-05-31T19:32:21+00:00
4098,2265,Greystar,Greystar Property Mgmt,Bank of America,013267307,087827447383,USD,true,2025-09-01T12:38:34+00:00
4099,2265,Navient,Navient,PNC Bank,013901605,1058187306,USD,true,2024-09-06T02:21:16+00:00
4100,2266,Greystar,Greystar Property Mgmt,JPMorgan Chase,027213043,5221451030,USD,true,2026-02-19T10:17:54+00:00
4101,2267,,State Farm Insurance,PNC Bank,012799967,51532547001,USD,true,2024-08-05T20:03:02+00:00
4102,2267,City,City Water Dept,PNC Bank,058981620,971467982219,USD,true,2024-11-20T02:57:58+00:00
4103,2268,,Duke Energy,Wells Fargo,044976328,28010215925,USD,true,2021-09-25T13:42:50+00:00
4104,2268,,Discover,Wells Fargo,036072065,7371778351,USD,true,2025-01-11T20:34:10+00:00
4105,2270,,GEICO,JPMorgan Chase,008895831,7112846751,USD,true,2019-03-30T07:33:41+00:00
4106,2270,Equity,Equity Residential,PNC Bank,085256710,296524505,USD,true,2024-06-25T16:12:15+00:00
4107,2271,,Comcast Xfinity,Bank of America,090779573,5351126556,USD,true,2026-08-16T09:25:07+00:00
4108,2271,City,City Water Dept,Wells Fargo,003035762,9249574257,USD,true,2026-08-09T09:12:51+00:00
4109,2271,Progressive,Progressive,Wells Fargo,082101686,34181398796,USD,true,2026-09-02T01:10:04+00:00
4110,2271,,Equity Residential,Bank of America,044017852,78112972176,USD,true,2026-08-21T04:08:51+00:00
4111,2272,Duke,Duke Energy,Wells Fargo,020892569,6496328959,USD,true,2015-09-15T13:27:17+00:00
4112,2272,,PSEG,PNC Bank,082780992,558861449296,USD,true,2012-09-29T18:18:00+00:00
4113,2273,Sallie,Sallie Mae,JPMorgan Chase,052155464,1937931106,USD,true,2020-07-21T03:18:24+00:00
4114,2273,,Discover,Wells Fargo,000946149,423659908,USD,true,2021-10-02T19:32:49+00:00
4115,2274,,GEICO,Wells Fargo,077724353,6427550751,USD,true,2024-04-03T16:05:29+00:00
4116,2274,Con,Con Edison,Citibank,068539683,274950551250,USD,true,2025-10-27T23:54:47+00:00
4117,2274,,Discover,Citibank,092776865,9100029624,USD,true,2025-09-08T09:05:05+00:00
4118,2275,,Navient,Wells Fargo,008736491,711863142,USD,true,2023-02-23T14:49:32+00:00
4119,2275,GEICO,GEICO,Wells Fargo,004259896,4970081018,USD,true,2023-05-05T23:13:40+00:00
4120,2276,,Discover,Citibank,031992507,78366796622,USD,true,2012-04-26T04:09:43+00:00
4121,2276,,Greystar Property Mgmt,Bank of America,029297159,02932657374,USD,true,2026-05-10T16:21:35+00:00
4122,2276,,Navient,Bank of America,069120665,9440174598,USD,true,2013-07-22T17:05:04+00:00
4123,2277,GEICO,GEICO,JPMorgan Chase,024012434,896021298,USD,true,2024-01-06T17:38:53+00:00
4124,2277,,AT&T,Wells Fargo,080934753,83946155642,USD,true,2024-01-27T06:41:51+00:00
4125,2278,,Discover,Citibank,022856302,8818651888,USD,true,2017-01-23T14:54:19+00:00
4126,2278,State,State Farm Insurance,Citibank,077509821,9226444277,USD,true,2023-05-09T19:29:52+00:00
4127,2278,,Sallie Mae,Wells Fargo,002822807,4596100923,USD,true,2026-04-09T10:39:21+00:00
4128,2279,,Chase Card Services,Citibank,067272816,210864442545,USD,true,2024-01-02T01:09:01+00:00
4129,2280,,Chase Card Services,Citibank,054363130,9590012350,USD,true,2026-09-07T08:17:20+00:00
4130,2280,,Comcast Xfinity,Bank of America,019962658,128793764349,USD,true,2020-10-02T02:00:35+00:00
4131,2280,City,City Water Dept,JPMorgan Chase,081959664,591009313,USD,true,2020-05-24T00:51:38+00:00
4132,2281,,Chase Card Services,Citibank,090951255,286202122,USD,true,2023-05-06T09:39:22+00:00
4133,2281,,Progressive,Wells Fargo,090708560,1353172395,USD,true,2021-03-28T16:03:12+00:00
4134,2282,,PSEG,Wells Fargo,070164403,725288286025,USD,true,2019-01-16T03:51:59+00:00
4135,2283,,Comcast Xfinity,PNC Bank,035778142,60308394789,USD,true,2019-07-20T16:33:39+00:00
4136,2283,,Discover,Wells Fargo,027377419,076310085417,USD,true,2020-08-06T03:08:21+00:00
4137,2284,,Con Edison,Wells Fargo,068691986,459459752,USD,true,2024-05-07T09:32:34+00:00
4138,2284,Chase,Chase Card Services,Bank of America,097715013,727173006,USD,true,2025-07-27T19:08:31+00:00
4139,2284,Comcast,Comcast Xfinity,Citibank,038939518,493998753723,USD,true,2020-07-30T15:23:12+00:00
4140,2284,State,State Farm Insurance,Citibank,016367047,600454277719,USD,true,2016-09-20T06:15:55+00:00
4141,2285,Comcast,Comcast Xfinity,Bank of America,008107229,94443877305,USD,true,2026-02-13T01:22:09+00:00
4142,2285,Progressive,Progressive,Wells Fargo,058206690,456739711,USD,true,2025-10-27T21:15:06+00:00
4143,2286,,Sallie Mae,PNC Bank,061203642,8762477627,USD,true,2019-05-18T23:27:08+00:00
4144,2286,PSEG,PSEG,JPMorgan Chase,004581639,4280534544,USD,true,2021-09-02T23:16:45+00:00
4145,2288,,PSEG,Wells Fargo,026021076,122014540674,USD,true,2018-08-15T14:03:37+00:00
4146,2289,,Discover,Citibank,052706910,57127441716,USD,true,2024-10-02T02:21:32+00:00
4147,2289,Sallie,Sallie Mae,Bank of America,064836959,5509525121,USD,true,2025-01-15T11:37:01+00:00
4148,2290,,Sallie Mae,Wells Fargo,030189744,341132500969,USD,true,2021-03-25T13:44:27+00:00
4149,2290,AT&T,AT&T,Citibank,031597203,79431327288,USD,true,2026-08-05T02:55:15+00:00
4150,2292,,Progressive,JPMorgan Chase,007642523,209497533,USD,true,2017-12-01T15:08:59+00:00
4151,2292,,State Farm Insurance,JPMorgan Chase,037505640,75773706811,USD,true,2018-12-15T17:20:55+00:00
4152,2292,Comcast,Comcast Xfinity,JPMorgan Chase,057332114,695831286874,USD,true,2023-08-19T17:42:54+00:00
4153,2293,Sallie,Sallie Mae,Citibank,014795726,5571592093,USD,true,2026-05-27T21:41:49+00:00
4154,2293,Duke,Duke Energy,JPMorgan Chase,033241627,137638810113,USD,true,2025-10-20T17:25:04+00:00
4155,2294,Equity,Equity Residential,Bank of America,058271364,8915719962,USD,true,2024-06-07T18:33:15+00:00
4156,2294,,Discover,Bank of America,013770850,266495839,USD,true,2025-01-13T04:59:33+00:00
4157,2295,Greystar,Greystar Property Mgmt,Wells Fargo,086371107,40514836786,USD,true,2016-06-17T17:22:55+00:00
4158,2296,Sallie,Sallie Mae,Wells Fargo,070017666,1913241504,USD,true,2023-06-25T12:30:25+00:00
4159,2296,,Chase Card Services,JPMorgan Chase,090613951,716201970019,USD,true,2021-12-14T21:36:58+00:00
4160,2297,City,City Water Dept,Bank of America,020568573,37933872429,USD,true,2016-04-09T01:16:07+00:00
4161,2298,AT&T,AT&T,Bank of America,010201824,34677696957,USD,true,2021-08-30T07:16:09+00:00
4162,2298,,Duke Energy,Bank of America,078858216,512364589948,USD,true,2020-11-22T07:14:20+00:00
4163,2298,,Con Edison,Citibank,059506622,08000036399,USD,true,2026-07-24T00:32:51+00:00
4164,2300,Sallie,Sallie Mae,Citibank,011656892,128981915,USD,true,2020-12-19T04:45:34+00:00
4165,2300,Greystar,Greystar Property Mgmt,Citibank,008033028,577774336097,USD,true,2022-08-15T01:11:40+00:00
4166,2301,Sallie,Sallie Mae,PNC Bank,011715257,880434758,USD,true,2020-07-27T20:36:54+00:00
4167,2301,,City Water Dept,Wells Fargo,012811339,65199161298,USD,true,2018-04-27T13:36:27+00:00
4168,2301,Chase,Chase Card Services,Bank of America,077019539,1714248307,USD,true,2022-08-07T18:43:49+00:00
4169,2301,,AT&T,PNC Bank,091508570,593009559274,USD,true,2025-10-31T22:09:31+00:00
4170,2303,PSEG,PSEG,Wells Fargo,092684278,87466666770,USD,true,2018-06-16T10:29:18+00:00
4171,2304,,Progressive,Wells Fargo,015407954,317828002,USD,true,2024-11-11T13:58:34+00:00
4172,2304,City,City Water Dept,JPMorgan Chase,098655400,74052723532,USD,true,2025-10-02T17:16:51+00:00
4173,2304,Equity,Equity Residential,Wells Fargo,093918535,41211398616,USD,true,2022-09-08T22:51:26+00:00
4174,2305,,Equity Residential,Bank of America,041938297,53061576014,USD,true,2023-04-12T08:14:09+00:00
4175,2305,,Duke Energy,Wells Fargo,065088497,559070268492,USD,true,2026-01-29T06:06:15+00:00
4176,2306,,Progressive,PNC Bank,055034529,8509027931,USD,true,2021-11-13T18:32:51+00:00
4177,2306,,Greystar Property Mgmt,PNC Bank,018979805,97749846397,USD,true,2024-03-19T18:22:50+00:00
4178,2306,AT&T,AT&T,Citibank,059488210,4088890324,USD,true,2024-10-25T02:38:33+00:00
4179,2306,,Duke Energy,Wells Fargo,096793834,5766800785,USD,true,2019-11-12T09:45:16+00:00
4180,2307,,Con Edison,Citibank,074745069,9891054552,USD,true,2017-06-23T09:22:43+00:00
4181,2309,City,City Water Dept,PNC Bank,088592052,5705812113,USD,true,2010-06-28T07:53:37+00:00
4182,2309,,Con Edison,Bank of America,074794137,731450116,USD,true,2010-06-02T09:57:14+00:00
4183,2309,,Comcast Xfinity,Wells Fargo,022126015,471844611861,USD,true,2016-06-28T03:30:25+00:00
4184,2310,,Greystar Property Mgmt,Citibank,095594094,959876073,USD,true,2022-06-27T08:28:43+00:00
4185,2311,,Navient,Wells Fargo,082634011,6984657836,USD,true,2024-02-24T23:39:15+00:00
4186,2311,,Equity Residential,Wells Fargo,068821631,099242155,USD,true,2022-06-07T10:21:25+00:00
4187,2311,,Progressive,Bank of America,054886793,891165275432,USD,true,2025-03-14T18:46:13+00:00
4188,2311,PSEG,PSEG,JPMorgan Chase,073738283,710297229,USD,true,2024-02-22T15:54:09+00:00
4189,2312,GEICO,GEICO,Bank of America,013153098,943969212,USD,true,2021-12-11T17:49:22+00:00
4190,2313,Sallie,Sallie Mae,Wells Fargo,039303512,843916380823,USD,true,2021-06-22T17:15:34+00:00
4191,2313,,Navient,Wells Fargo,011232301,098141698781,USD,true,2024-11-03T07:08:59+00:00
4192,2314,Discover,Discover,PNC Bank,084556729,896730876922,USD,true,2023-08-17T16:53:31+00:00
4193,2314,,Greystar Property Mgmt,Citibank,079806769,286112292192,USD,true,2023-07-23T14:04:08+00:00
4194,2315,,Equity Residential,Wells Fargo,069455156,688001757,USD,true,2022-11-18T01:38:38+00:00
4195,2316,Discover,Discover,PNC Bank,068096277,57527903291,USD,true,2023-01-05T06:22:38+00:00
4196,2316,Chase,Chase Card Services,Citibank,099169807,70138560158,USD,true,2025-02-28T16:08:24+00:00
4197,2317,,Equity Residential,JPMorgan Chase,069764296,095902305,USD,true,2025-04-07T13:01:55+00:00
4198,2317,,Comcast Xfinity,JPMorgan Chase,073165750,4335470534,USD,true,2026-05-19T02:58:01+00:00
4199,2317,,GEICO,JPMorgan Chase,075088387,624964213079,USD,true,2025-12-31T02:32:04+00:00
4200,2319,,PSEG,JPMorgan Chase,052818512,3795868770,USD,true,2026-06-16T21:18:56+00:00
4201,2319,Con,Con Edison,JPMorgan Chase,056599384,095470439,USD,true,2026-06-04T08:52:48+00:00
4202,2320,,Navient,PNC Bank,069229951,269322803051,USD,true,2024-03-06T16:50:05+00:00
4203,2320,,State Farm Insurance,Wells Fargo,033915319,75441654711,USD,true,2016-12-23T15:59:08+00:00
4204,2320,City,City Water Dept,Citibank,054023150,65447727180,USD,true,2017-01-14T09:37:05+00:00
4205,2322,,PSEG,Bank of America,055229069,037492829,USD,true,2024-08-30T13:55:26+00:00
4206,2322,,Navient,Bank of America,069303769,36048368214,USD,true,2026-04-18T13:00:30+00:00
4207,2322,,Con Edison,JPMorgan Chase,000364017,600742193222,USD,true,2025-11-18T10:38:18+00:00
4208,2324,City,City Water Dept,Bank of America,011417544,623418775162,USD,true,2026-06-29T02:09:13+00:00
4209,2324,Chase,Chase Card Services,Bank of America,076735454,440972804,USD,true,2024-08-08T23:02:41+00:00
4210,2324,,Comcast Xfinity,JPMorgan Chase,041537109,07647588343,USD,true,2021-10-03T23:30:13+00:00
4211,2325,,Con Edison,PNC Bank,051754417,6190406420,USD,true,2025-11-17T02:19:49+00:00
4212,2325,,Equity Residential,Citibank,090000127,24764337183,USD,true,2025-02-04T18:11:46+00:00
4213,2326,Greystar,Greystar Property Mgmt,PNC Bank,019068081,755731378,USD,true,2026-03-22T18:31:11+00:00
4214,2326,Equity,Equity Residential,JPMorgan Chase,056243638,04781423459,USD,true,2023-10-18T07:24:43+00:00
4215,2327,AT&T,AT&T,JPMorgan Chase,013075624,90936918291,USD,true,2015-04-17T03:33:31+00:00
4216,2327,Equity,Equity Residential,Bank of America,054697975,5826453427,USD,true,2013-07-18T10:24:40+00:00
4217,2327,GEICO,GEICO,Wells Fargo,036935551,212509088593,USD,true,2016-09-28T19:13:28+00:00
4218,2331,,Comcast Xfinity,Bank of America,073259696,84533190489,USD,true,2025-09-09T22:34:17+00:00
4219,2332,,Sallie Mae,Bank of America,091741984,280261626848,USD,true,2022-11-04T10:48:10+00:00
4220,2332,,GEICO,Wells Fargo,084805497,95875314097,USD,true,2011-03-28T15:46:25+00:00
4221,2332,,PSEG,PNC Bank,066630961,82561100426,USD,true,2021-01-01T22:41:58+00:00
4222,2333,,GEICO,Citibank,024601996,769284295495,USD,true,2019-07-24T21:30:48+00:00
4223,2333,Duke,Duke Energy,JPMorgan Chase,063500378,348521556083,USD,true,2020-10-09T01:29:49+00:00
4224,2334,,State Farm Insurance,Bank of America,022984840,661447070530,USD,true,2025-06-06T01:44:17+00:00
4225,2334,,Duke Energy,Bank of America,048652472,904552577,USD,true,2023-11-29T07:28:26+00:00
4226,2335,Greystar,Greystar Property Mgmt,JPMorgan Chase,040794957,54012567103,USD,true,2022-09-07T21:02:26+00:00
4227,2336,,Chase Card Services,PNC Bank,098778792,03099010793,USD,true,2019-08-26T18:18:21+00:00
4228,2336,PSEG,PSEG,Citibank,005186274,73406985331,USD,true,2021-12-28T16:53:15+00:00
4229,2338,Sallie,Sallie Mae,Bank of America,001546719,331090377822,USD,true,2018-12-11T08:27:52+00:00
4230,2338,Con,Con Edison,PNC Bank,073081365,643680259323,USD,true,2020-12-08T19:06:59+00:00
4231,2339,,Comcast Xfinity,JPMorgan Chase,049920195,950309380,USD,true,2025-04-09T11:34:34+00:00
4232,2339,PSEG,PSEG,PNC Bank,030758296,46181437146,USD,true,2018-10-18T06:37:12+00:00
4233,2339,City,City Water Dept,Wells Fargo,087634226,4941192951,USD,true,2023-12-10T06:25:12+00:00
4234,2340,,Equity Residential,JPMorgan Chase,009377278,632485784,USD,true,2013-09-11T23:23:29+00:00
4235,2340,AT&T,AT&T,PNC Bank,043237998,944021814491,USD,true,2018-08-13T21:10:24+00:00
4236,2340,,PSEG,Bank of America,078812119,3921101847,USD,true,2022-02-02T22:33:45+00:00
4237,2341,,Con Edison,JPMorgan Chase,096169353,149193955,USD,true,2019-10-11T03:02:05+00:00
4238,2342,PSEG,PSEG,Bank of America,031896111,20489079907,USD,true,2026-06-01T10:34:06+00:00
4239,2342,,AT&T,Wells Fargo,009706326,3266749007,USD,true,2026-03-30T00:34:56+00:00
4240,2344,Greystar,Greystar Property Mgmt,PNC Bank,038427033,339179865,USD,true,2026-03-13T14:18:48+00:00
4241,2344,City,City Water Dept,Wells Fargo,032958643,4229518770,USD,true,2025-11-10T09:43:38+00:00
4242,2345,,Navient,PNC Bank,081537606,482965284713,USD,true,2014-05-02T13:36:02+00:00
4243,2345,,Duke Energy,Wells Fargo,033163254,040993067380,USD,true,2012-05-31T03:36:12+00:00
4244,2346,Duke,Duke Energy,Bank of America,097453232,145639708818,USD,true,2025-07-22T23:52:25+00:00
4245,2346,Chase,Chase Card Services,Wells Fargo,032169938,729819441,USD,true,2024-02-01T08:17:49+00:00
4246,2346,PSEG,PSEG,Wells Fargo,005995049,353208762,USD,true,2025-08-16T23:51:25+00:00
4247,2347,,Discover,Wells Fargo,006317921,261247077235,USD,true,2017-11-16T18:02:57+00:00
4248,2347,Equity,Equity Residential,PNC Bank,070554717,4335978043,USD,true,2021-02-08T21:22:34+00:00
4249,2348,,Equity Residential,Citibank,024478700,79489605674,USD,true,2018-06-08T06:05:04+00:00
4250,2348,,Comcast Xfinity,PNC Bank,062990835,3344806446,USD,true,2020-02-02T00:08:43+00:00
4251,2350,Chase,Chase Card Services,Citibank,088386624,916498772,USD,true,2020-03-03T20:47:02+00:00
4252,2350,Comcast,Comcast Xfinity,Citibank,022836453,203231832265,USD,true,2025-01-02T15:26:18+00:00
4253,2350,Navient,Navient,JPMorgan Chase,041456910,742205561137,USD,true,2019-05-03T00:29:18+00:00
4254,2350,Con,Con Edison,JPMorgan Chase,091379936,172623822914,USD,true,2022-04-25T16:09:36+00:00
4255,2351,Equity,Equity Residential,Citibank,075686340,2172337347,USD,true,2023-12-26T03:24:50+00:00
4256,2351,,PSEG,Citibank,054553879,0781575330,USD,true,2020-01-02T02:31:12+00:00
4257,2352,Greystar,Greystar Property Mgmt,Wells Fargo,011559673,442832024,USD,true,2026-08-03T13:34:40+00:00
4258,2352,,PSEG,Bank of America,074211537,853107407,USD,true,2026-01-10T06:28:11+00:00
4259,2352,,Sallie Mae,Bank of America,044341394,547218387395,USD,true,2026-07-17T00:44:57+00:00
4260,2353,,Con Edison,JPMorgan Chase,082349543,9356818991,USD,true,2012-06-14T08:15:14+00:00
4261,2354,Comcast,Comcast Xfinity,JPMorgan Chase,019222887,421264357284,USD,true,2023-01-09T17:03:19+00:00
4262,2354,,Duke Energy,Wells Fargo,005260991,6995776763,USD,true,2014-08-28T20:43:30+00:00
4263,2354,,Con Edison,PNC Bank,041908651,52761852807,USD,true,2012-10-19T20:37:48+00:00
4264,2355,Duke,Duke Energy,PNC Bank,000014616,185195926,USD,true,2018-07-11T11:09:25+00:00
4265,2356,City,City Water Dept,JPMorgan Chase,047435226,7623710035,USD,true,2024-04-01T21:01:40+00:00
4266,2356,,Con Edison,Wells Fargo,093840662,199140933917,USD,true,2019-02-23T15:28:35+00:00
4267,2356,,PSEG,PNC Bank,002609585,74782225135,USD,true,2020-02-21T08:03:23+00:00
4268,2356,GEICO,GEICO,PNC Bank,000787336,54825177398,USD,true,2024-05-28T23:23:38+00:00
4269,2357,,Sallie Mae,JPMorgan Chase,073363669,557488712674,USD,true,2023-10-22T09:34:39+00:00
4270,2358,,GEICO,PNC Bank,061397619,081548656924,USD,true,2025-10-19T07:31:23+00:00
4271,2358,Duke,Duke Energy,PNC Bank,019838359,95194039230,USD,true,2017-08-07T04:08:02+00:00
4272,2360,,Con Edison,Bank of America,036214917,976727285000,USD,true,2024-02-28T23:20:35+00:00
4273,2361,,State Farm Insurance,Bank of America,062627019,245857255478,USD,true,2026-04-27T23:19:03+00:00
4274,2362,Greystar,Greystar Property Mgmt,PNC Bank,083820395,1643452029,USD,true,2024-07-25T12:20:01+00:00
4275,2363,,Progressive,Citibank,004872448,67771598689,USD,true,2015-05-11T17:01:29+00:00
4276,2364,,Con Edison,Citibank,080947377,612770529736,USD,true,2026-05-29T08:56:11+00:00
4277,2364,Discover,Discover,JPMorgan Chase,023940367,8386423015,USD,true,2025-07-06T22:18:15+00:00
4278,2365,,State Farm Insurance,PNC Bank,093925214,7585102070,USD,true,2024-06-05T05:05:26+00:00
4279,2365,,Greystar Property Mgmt,Bank of America,032673755,587989498,USD,true,2014-04-08T07:25:32+00:00
4280,2365,,Sallie Mae,PNC Bank,076798886,949780075,USD,true,2023-05-04T10:24:00+00:00
4281,2367,,Progressive,Wells Fargo,043007950,721163017324,USD,true,2015-11-30T13:55:40+00:00
4282,2367,,AT&T,JPMorgan Chase,020043353,647071354631,USD,true,2018-02-27T18:22:54+00:00
4283,2368,,Discover,Bank of America,022179889,362724315,USD,true,2026-04-17T20:08:16+00:00
4284,2369,,Sallie Mae,Citibank,038150450,54844763509,USD,true,2026-07-24T10:09:31+00:00
4285,2369,,Navient,PNC Bank,052755104,3880347465,USD,true,2026-06-24T18:31:11+00:00
4286,2371,,Comcast Xfinity,Bank of America,093172825,887595895,USD,true,2024-03-17T04:28:16+00:00
4287,2373,,City Water Dept,Citibank,041238947,3682604836,USD,true,2013-04-19T18:04:17+00:00
4288,2373,,Sallie Mae,Bank of America,024707286,66604142752,USD,true,2023-03-04T22:51:26+00:00
4289,2374,,GEICO,Citibank,027711396,284979787,USD,true,2015-09-13T12:42:41+00:00
4290,2374,Equity,Equity Residential,Wells Fargo,044612688,9155883305,USD,true,2024-01-25T09:37:11+00:00
4291,2374,Sallie,Sallie Mae,PNC Bank,009036926,05899136038,USD,true,2025-07-10T04:15:01+00:00
4292,2375,,Progressive,Bank of America,081617676,942200457,USD,true,2024-01-27T12:38:46+00:00
4293,2376,,Chase Card Services,Citibank,040442029,4607461303,USD,true,2019-11-15T11:11:39+00:00
4294,2378,,Chase Card Services,Bank of America,075252918,404437749,USD,true,2024-05-27T21:55:51+00:00
4295,2380,Greystar,Greystar Property Mgmt,Wells Fargo,016947344,8930880944,USD,true,2026-03-25T01:44:35+00:00
4296,2381,,Greystar Property Mgmt,PNC Bank,008341041,929626891,USD,true,2024-06-09T21:46:12+00:00
4297,2381,,PSEG,Wells Fargo,011918563,775140623,USD,true,2024-04-11T02:12:45+00:00
4298,2382,Con,Con Edison,JPMorgan Chase,025679896,6184195258,USD,true,2012-07-08T02:32:53+00:00
4299,2383,PSEG,PSEG,PNC Bank,081127259,767859976,USD,true,2016-05-12T12:42:09+00:00
4300,2383,,Chase Card Services,Bank of America,028944120,3590678756,USD,true,2025-12-09T02:35:45+00:00
4301,2384,,Progressive,Bank of America,038823928,146468429760,USD,true,2013-11-30T01:43:31+00:00
4302,2384,,GEICO,PNC Bank,006505783,291319300,USD,true,2010-12-26T04:15:18+00:00
4303,2386,,Equity Residential,PNC Bank,091329719,7363165409,USD,true,2026-06-28T04:21:03+00:00
4304,2386,,State Farm Insurance,Bank of America,087231828,357151069742,USD,true,2024-12-01T07:42:20+00:00
4305,2387,,Discover,Bank of America,034998921,35266662560,USD,true,2022-08-27T04:58:57+00:00
4306,2387,Equity,Equity Residential,PNC Bank,053678695,73614587518,USD,true,2020-12-28T06:10:07+00:00
4307,2387,,Con Edison,JPMorgan Chase,043749198,157903915882,USD,true,2017-07-20T02:10:37+00:00
4308,2387,,Chase Card Services,PNC Bank,071143158,131014057476,USD,true,2025-07-23T20:12:04+00:00
4309,2388,Con,Con Edison,Wells Fargo,029240950,51910372032,USD,true,2025-08-07T16:27:25+00:00
4310,2388,Comcast,Comcast Xfinity,JPMorgan Chase,030899237,6816398624,USD,true,2025-06-25T04:49:04+00:00
4311,2389,,Equity Residential,Citibank,093239019,988712564089,USD,true,2024-10-07T21:19:18+00:00
4312,2389,Comcast,Comcast Xfinity,PNC Bank,008021480,27797573963,USD,true,2024-07-16T14:43:20+00:00
4313,2389,,Discover,Citibank,079159596,4236192575,USD,true,2025-12-01T20:56:11+00:00
4314,2390,Greystar,Greystar Property Mgmt,Citibank,001402157,016757747,USD,true,2026-07-29T00:43:27+00:00
4315,2390,,City Water Dept,JPMorgan Chase,001981931,266473813765,USD,true,2025-11-11T02:46:22+00:00
4316,2390,State,State Farm Insurance,JPMorgan Chase,049104876,832923377024,USD,true,2025-11-06T10:15:09+00:00
4317,2391,,PSEG,Wells Fargo,041948608,81144878902,USD,true,2024-08-01T16:13:48+00:00
4318,2391,Con,Con Edison,Bank of America,090176987,3079127041,USD,true,2018-05-28T05:07:17+00:00
4319,2392,Navient,Navient,JPMorgan Chase,013111892,816133907,USD,true,2014-05-09T06:07:52+00:00
4320,2393,,Greystar Property Mgmt,JPMorgan Chase,057049143,59486681973,USD,true,2026-09-04T03:37:32+00:00
4321,2393,,Duke Energy,PNC Bank,076740630,701408680771,USD,true,2026-06-07T12:50:53+00:00
4322,2394,Greystar,Greystar Property Mgmt,Wells Fargo,028591195,584695979,USD,true,2019-03-18T18:38:59+00:00
4323,2394,,Sallie Mae,PNC Bank,094114238,633071461801,USD,true,2022-01-22T16:05:52+00:00
4324,2394,,Equity Residential,Wells Fargo,035645461,29860442918,USD,true,2020-05-12T14:37:17+00:00
4325,2395,,Sallie Mae,Bank of America,049911082,318539158,USD,true,2026-08-19T20:53:14+00:00
4326,2396,,Greystar Property Mgmt,Bank of America,057301396,257611606814,USD,true,2012-12-15T08:24:35+00:00
4327,2396,,Con Edison,Wells Fargo,074284960,85836889325,USD,true,2019-10-24T22:05:44+00:00
4328,2396,,State Farm Insurance,Citibank,021795961,93671665811,USD,true,2018-11-11T05:48:01+00:00
4329,2396,Navient,Navient,Citibank,022932258,01917705561,USD,true,2015-08-28T07:30:08+00:00
4330,2398,,Equity Residential,JPMorgan Chase,029232026,636617853,USD,true,2012-12-13T12:37:49+00:00
4331,2398,City,City Water Dept,Bank of America,059305606,2367974997,USD,true,2016-04-29T01:34:57+00:00
4332,2400,,AT&T,Bank of America,082333275,49412966477,USD,true,2024-02-02T23:27:41+00:00
4333,2401,,Equity Residential,Citibank,019858296,937962644556,USD,true,2014-03-21T01:50:51+00:00
4334,2401,,AT&T,Citibank,004447343,20567955281,USD,true,2018-07-08T13:28:46+00:00
4335,2401,,Chase Card Services,Wells Fargo,001144323,282043724,USD,true,2022-05-27T00:24:45+00:00
4336,2401,,Duke Energy,Bank of America,064987476,2137247626,USD,true,2013-03-02T23:41:11+00:00
4337,2403,,State Farm Insurance,JPMorgan Chase,080679947,423113240942,USD,true,2022-12-08T00:53:05+00:00
4338,2403,,Equity Residential,Citibank,015051806,74631916661,USD,true,2021-09-15T05:31:44+00:00
4339,2405,Comcast,Comcast Xfinity,Wells Fargo,028776897,21190066705,USD,true,2020-02-20T12:00:04+00:00
4340,2405,,Greystar Property Mgmt,Bank of America,088564938,0942889330,USD,true,2017-08-17T00:07:02+00:00
4341,2405,,City Water Dept,JPMorgan Chase,058756381,866161864408,USD,true,2014-08-12T10:52:14+00:00
4342,2405,,Equity Residential,Wells Fargo,029980578,25221597965,USD,true,2013-09-29T05:14:11+00:00
4343,2406,,Navient,Citibank,034645814,5705802626,USD,true,2022-08-02T16:43:46+00:00
4344,2406,Duke,Duke Energy,Wells Fargo,058494874,6931709884,USD,true,2020-02-19T16:08:08+00:00
4345,2406,,PSEG,Wells Fargo,045323481,733504664048,USD,true,2022-12-03T04:35:15+00:00
4346,2407,Equity,Equity Residential,PNC Bank,098699030,852670709,USD,true,2014-08-27T16:30:15+00:00
4347,2407,Duke,Duke Energy,PNC Bank,018577146,1102541837,USD,true,2018-11-03T22:24:59+00:00
4348,2407,Sallie,Sallie Mae,JPMorgan Chase,074386976,51838098350,USD,true,2019-09-17T10:43:31+00:00
4349,2408,,GEICO,Wells Fargo,077445811,835985250,USD,true,2025-10-08T06:08:55+00:00
4350,2408,,Con Edison,JPMorgan Chase,005573463,08317750546,USD,true,2021-08-19T22:26:51+00:00
4351,2408,City,City Water Dept,JPMorgan Chase,086800307,337633035663,USD,true,2014-10-18T08:58:47+00:00
4352,2409,,Equity Residential,Citibank,097410236,504343216,USD,true,2019-04-02T02:06:26+00:00
4353,2410,,Progressive,JPMorgan Chase,055297351,43323477655,USD,true,2022-05-28T16:42:12+00:00
4354,2410,,Comcast Xfinity,PNC Bank,035274604,530443376,USD,true,2024-12-19T09:26:07+00:00
4355,2410,City,City Water Dept,Bank of America,019755400,82678573502,USD,true,2025-10-22T07:18:12+00:00
4356,2411,,State Farm Insurance,Citibank,099045587,726186204076,USD,true,2014-04-01T10:18:38+00:00
4357,2411,Progressive,Progressive,Wells Fargo,094723213,02529070626,USD,true,2022-10-29T19:42:11+00:00
4358,2412,,Sallie Mae,Bank of America,056827417,611175313,USD,true,2024-01-07T00:03:08+00:00
4359,2412,,Con Edison,Wells Fargo,030207067,01724556278,USD,true,2024-11-29T03:42:40+00:00
4360,2412,Greystar,Greystar Property Mgmt,JPMorgan Chase,048697731,847789018,USD,true,2026-03-18T04:08:35+00:00
4361,2412,,Navient,PNC Bank,051317752,23991582697,USD,true,2023-11-15T14:33:54+00:00
4362,2413,Progressive,Progressive,PNC Bank,023465000,403022764,USD,true,2021-10-17T00:52:44+00:00
4363,2414,,Sallie Mae,Citibank,016504497,324340611,USD,true,2011-12-10T04:24:16+00:00
4364,2414,,Equity Residential,PNC Bank,025865267,741665901,USD,true,2026-08-23T01:29:44+00:00
4365,2415,City,City Water Dept,JPMorgan Chase,061133466,8569459806,USD,true,2026-05-03T16:36:39+00:00
4366,2415,Greystar,Greystar Property Mgmt,Citibank,017632646,883304251504,USD,true,2026-07-20T09:48:24+00:00
4367,2415,,Equity Residential,JPMorgan Chase,070859880,01298173410,USD,true,2026-07-29T10:29:09+00:00
4368,2416,,Sallie Mae,Bank of America,005659684,27247314245,USD,true,2024-02-23T17:53:28+00:00
4369,2417,PSEG,PSEG,Bank of America,098300928,767814656,USD,true,2020-02-20T20:10:49+00:00
4370,2417,,Greystar Property Mgmt,JPMorgan Chase,022759125,44332315448,USD,true,2025-10-31T01:55:44+00:00
4371,2417,,Progressive,Citibank,044826897,404878127,USD,true,2022-12-19T23:38:51+00:00
4372,2417,,Navient,JPMorgan Chase,062527119,169519884240,USD,true,2024-12-18T02:16:09+00:00
4373,2418,,Navient,Wells Fargo,078180413,12083940228,USD,true,2025-02-16T03:32:55+00:00
4374,2418,Comcast,Comcast Xfinity,Citibank,052566785,31316448908,USD,true,2025-09-27T01:47:55+00:00
4375,2418,,AT&T,Wells Fargo,039587732,55036044580,USD,true,2026-03-04T04:35:43+00:00
4376,2418,,Equity Residential,JPMorgan Chase,047417914,540082921,USD,true,2025-02-09T06:41:53+00:00
4377,2419,,AT&T,Bank of America,054577680,467420550988,USD,true,2020-04-06T19:08:01+00:00
4378,2420,Con,Con Edison,Bank of America,022018603,86873154959,USD,true,2008-11-03T09:05:29+00:00
4379,2420,Equity,Equity Residential,Bank of America,032840892,939409117,USD,true,2011-03-07T05:44:02+00:00
4380,2420,,GEICO,Bank of America,065245169,096933016212,USD,true,2014-09-18T13:22:17+00:00
4381,2421,State,State Farm Insurance,JPMorgan Chase,053930735,452536624805,USD,true,2021-07-30T20:42:49+00:00
4382,2424,Navient,Navient,Wells Fargo,003595601,56353060041,USD,true,2023-11-12T21:26:43+00:00
4383,2424,Comcast,Comcast Xfinity,PNC Bank,006649508,84910217651,USD,true,2025-04-01T23:19:43+00:00
4384,2424,,State Farm Insurance,Citibank,080659497,540291575,USD,true,2023-01-12T00:49:15+00:00
4385,2425,,City Water Dept,Bank of America,034702053,497495476,USD,true,2024-06-29T17:58:26+00:00
4386,2426,Comcast,Comcast Xfinity,Wells Fargo,076580531,9818557438,USD,true,2026-08-11T18:02:28+00:00
4387,2427,,Comcast Xfinity,Wells Fargo,082734427,4313987198,USD,true,2009-01-18T06:02:54+00:00
4388,2427,,Duke Energy,PNC Bank,086998071,416752266,USD,true,2013-04-29T18:50:53+00:00
4389,2428,,Greystar Property Mgmt,Bank of America,026759646,3499335402,USD,true,2017-09-18T03:38:44+00:00
4390,2429,,Navient,JPMorgan Chase,008546465,75138534396,USD,true,2021-08-23T06:20:14+00:00
4391,2430,,Navient,Citibank,004900797,176734352909,USD,true,2017-02-04T01:16:52+00:00
4392,2430,,Comcast Xfinity,Wells Fargo,081458078,8690163583,USD,true,2024-05-11T21:21:41+00:00
4393,2431,Greystar,Greystar Property Mgmt,Wells Fargo,054937450,96767425549,USD,true,2021-07-16T02:15:12+00:00
4394,2431,,City Water Dept,PNC Bank,016155855,82721810175,USD,true,2019-01-29T23:05:37+00:00
4395,2432,,Equity Residential,Wells Fargo,060992528,5010905150,USD,true,2024-09-15T22:43:46+00:00
4396,2433,Discover,Discover,PNC Bank,072720070,450645425946,USD,true,2020-02-16T10:04:28+00:00
4397,2433,,Duke Energy,PNC Bank,054986639,844691401270,USD,true,2022-10-20T23:13:59+00:00
4398,2433,GEICO,GEICO,Wells Fargo,022826766,2600229040,USD,true,2023-03-16T04:47:17+00:00
4399,2433,,Equity Residential,PNC Bank,022241951,8664326543,USD,true,2026-06-13T14:47:33+00:00
4400,2434,,State Farm Insurance,Citibank,088603295,507836867307,USD,true,2026-04-09T16:12:21+00:00
4401,2434,PSEG,PSEG,Wells Fargo,025876301,974273500,USD,true,2026-05-26T09:55:30+00:00
4402,2435,Equity,Equity Residential,Citibank,034250997,187751220003,USD,true,2024-01-01T10:53:40+00:00
4403,2435,AT&T,AT&T,Bank of America,039240179,845385353926,USD,true,2018-11-06T13:37:21+00:00
4404,2435,,PSEG,Citibank,092852062,512140009,USD,true,2017-04-26T12:39:37+00:00
4405,2436,,Greystar Property Mgmt,Citibank,073065105,23761908917,USD,true,2022-04-30T07:49:02+00:00
4406,2436,,AT&T,Wells Fargo,075868699,323812210,USD,true,2016-05-21T15:39:35+00:00
4407,2437,Progressive,Progressive,Bank of America,018854276,79697164219,USD,true,2024-12-13T19:15:23+00:00
4408,2437,,Sallie Mae,Bank of America,016983240,002681063,USD,true,2026-03-10T01:15:23+00:00
4409,2437,Navient,Navient,JPMorgan Chase,044101219,125787872502,USD,true,2025-11-15T12:07:00+00:00
4410,2437,Con,Con Edison,PNC Bank,061289348,926101381,USD,true,2025-02-24T11:40:00+00:00
4411,2438,City,City Water Dept,Wells Fargo,054813502,7725198249,USD,true,2023-10-08T16:57:24+00:00
4412,2438,Sallie,Sallie Mae,Citibank,000816899,021720277160,USD,true,2023-11-03T16:16:28+00:00
4413,2438,,Progressive,Citibank,078791690,6474395828,USD,true,2024-12-25T17:52:55+00:00
4414,2439,PSEG,PSEG,Citibank,055179282,700816347973,USD,true,2023-06-12T23:13:34+00:00
4415,2439,Progressive,Progressive,Bank of America,005785603,7851573622,USD,true,2019-03-07T07:57:08+00:00
4416,2440,Progressive,Progressive,Citibank,083443482,451294769871,USD,true,2025-09-25T20:49:07+00:00
4417,2440,Comcast,Comcast Xfinity,JPMorgan Chase,025943701,361524782680,USD,true,2024-01-05T09:00:29+00:00
4418,2442,Chase,Chase Card Services,Citibank,000988006,665197755659,USD,true,2024-07-03T01:05:51+00:00
4419,2442,Con,Con Edison,JPMorgan Chase,031700326,531380902299,USD,true,2020-02-22T23:50:21+00:00
4420,2442,,Greystar Property Mgmt,Citibank,003953340,80785119545,USD,true,2021-07-15T14:00:18+00:00
4421,2443,,Navient,Wells Fargo,012447879,27994356622,USD,true,2025-05-06T18:07:12+00:00
4422,2443,Comcast,Comcast Xfinity,Bank of America,070082882,738772459537,USD,true,2017-11-22T22:37:09+00:00
4423,2444,GEICO,GEICO,Citibank,090861058,033925318601,USD,true,2025-10-23T15:17:34+00:00
4424,2444,,Equity Residential,Citibank,021049865,08122478780,USD,true,2023-06-15T14:02:56+00:00
4425,2444,Greystar,Greystar Property Mgmt,Wells Fargo,090274131,56763990735,USD,true,2022-07-07T23:47:40+00:00
4426,2445,,Duke Energy,PNC Bank,068505763,302353492320,USD,true,2013-12-29T23:13:28+00:00
4427,2445,,Equity Residential,Bank of America,005967694,291584454791,USD,true,2009-10-26T10:16:29+00:00
4428,2445,Discover,Discover,Wells Fargo,030653064,4310589065,USD,true,2023-07-20T11:03:49+00:00
4429,2445,,State Farm Insurance,Bank of America,068956142,038912860,USD,true,2017-10-07T00:23:34+00:00
4430,2447,,Greystar Property Mgmt,JPMorgan Chase,077593789,072067361681,USD,true,2025-10-16T00:05:39+00:00
4431,2447,,Discover,PNC Bank,068403533,2763970314,USD,true,2024-06-04T12:54:11+00:00
4432,2448,,Con Edison,PNC Bank,042130393,28940121681,USD,true,2009-10-23T10:22:35+00:00
4433,2448,,City Water Dept,PNC Bank,033184333,905878008557,USD,true,2013-12-06T08:59:12+00:00
4434,2449,GEICO,GEICO,PNC Bank,065255441,626342240,USD,true,2019-02-04T03:44:56+00:00
4435,2449,,Duke Energy,Bank of America,037927530,4245139328,USD,true,2024-04-07T05:43:41+00:00
4436,2449,,Con Edison,Bank of America,008672650,253238588,USD,true,2020-06-07T22:12:20+00:00
4437,2450,,Duke Energy,PNC Bank,020060771,2233097886,USD,true,2019-12-22T23:29:18+00:00
4438,2451,,Comcast Xfinity,Wells Fargo,027818438,316911383107,USD,true,2016-05-23T07:03:10+00:00
4439,2451,,Discover,JPMorgan Chase,055429557,572399214,USD,true,2022-05-23T16:17:17+00:00
4440,2451,,Chase Card Services,PNC Bank,040200799,528861415,USD,true,2020-02-10T04:11:31+00:00
4441,2451,,Sallie Mae,Wells Fargo,026443609,51144509427,USD,true,2016-09-24T21:56:10+00:00
4442,2452,,Discover,Bank of America,048094405,259346071466,USD,true,2020-09-28T05:54:04+00:00
4443,2453,,State Farm Insurance,Citibank,070217421,504813394,USD,true,2018-04-14T16:57:07+00:00
4444,2453,,City Water Dept,Bank of America,063530507,56964251411,USD,true,2020-05-19T21:46:00+00:00
4445,2454,,Greystar Property Mgmt,JPMorgan Chase,075132556,51807317154,USD,true,2024-11-12T09:07:56+00:00
4446,2454,,GEICO,PNC Bank,030904616,18558728807,USD,true,2023-12-21T21:21:20+00:00
4447,2455,Progressive,Progressive,Wells Fargo,075418702,018065266189,USD,true,2013-07-09T14:49:34+00:00
4448,2457,City,City Water Dept,JPMorgan Chase,001667150,5614164574,USD,true,2017-05-21T10:18:13+00:00
4449,2458,,Progressive,JPMorgan Chase,025717267,134896446139,USD,true,2015-06-24T10:42:43+00:00
4450,2459,Discover,Discover,Bank of America,007643305,713815672,USD,true,2021-03-20T08:33:32+00:00
4451,2459,Progressive,Progressive,Citibank,035619257,1297067217,USD,true,2017-06-28T08:49:29+00:00
4452,2459,,Comcast Xfinity,Citibank,007637310,766655208832,USD,true,2025-12-25T11:00:25+00:00
4453,2460,City,City Water Dept,Wells Fargo,033616453,805992653,USD,true,2025-08-19T20:02:10+00:00
4454,2460,GEICO,GEICO,PNC Bank,005362321,19903404491,USD,true,2021-03-07T04:30:24+00:00
4455,2460,Equity,Equity Residential,Citibank,047541405,64026265660,USD,true,2019-03-01T10:58:36+00:00
4456,2461,,Discover,Bank of America,030750482,8004310526,USD,true,2018-06-28T05:47:52+00:00
4457,2461,Progressive,Progressive,JPMorgan Chase,087069149,1811219081,USD,true,2025-06-09T16:39:59+00:00
4458,2462,,Progressive,Wells Fargo,025346942,858071369153,USD,true,2019-05-26T23:08:01+00:00
4459,2463,Progressive,Progressive,PNC Bank,086872875,21156739577,USD,true,2026-01-26T12:18:20+00:00
4460,2463,,GEICO,Bank of America,081223120,58255689534,USD,true,2025-09-15T12:00:07+00:00
4461,2464,City,City Water Dept,Wells Fargo,081417228,035644249738,USD,true,2017-09-10T18:30:00+00:00
4462,2464,,Comcast Xfinity,Citibank,063151012,4935008892,USD,true,2025-03-12T18:04:38+00:00
4463,2464,,Duke Energy,Wells Fargo,057850637,15360308733,USD,true,2010-01-31T00:19:47+00:00
4464,2465,,Equity Residential,Bank of America,063350814,469655408146,USD,true,2015-04-12T22:26:39+00:00
4465,2466,,Navient,JPMorgan Chase,063321702,131927805,USD,true,2018-02-11T10:48:15+00:00
4466,2467,,Con Edison,Wells Fargo,008858937,76567107113,USD,true,2023-07-06T22:12:37+00:00
4467,2468,,Navient,PNC Bank,093451747,79398918767,USD,true,2026-01-23T23:48:27+00:00
4468,2469,,City Water Dept,Bank of America,001062720,764348936,USD,true,2021-03-24T17:20:51+00:00
4469,2470,Equity,Equity Residential,PNC Bank,032314557,22860385974,USD,true,2020-12-10T14:48:25+00:00
4470,2470,,Greystar Property Mgmt,Citibank,096242851,4006866184,USD,true,2023-12-18T08:24:14+00:00
4471,2471,Duke,Duke Energy,Citibank,086349382,958524783918,USD,true,2022-10-16T05:17:52+00:00
4472,2471,Equity,Equity Residential,Wells Fargo,081392792,1970746324,USD,true,2022-10-30T07:51:51+00:00
4473,2471,Greystar,Greystar Property Mgmt,Bank of America,068797313,876825119817,USD,true,2024-06-10T12:57:33+00:00
4474,2472,,PSEG,PNC Bank,063048440,40684565730,USD,true,2014-05-03T06:41:35+00:00
4475,2472,Discover,Discover,Citibank,057857422,755072726,USD,true,2020-10-29T13:22:59+00:00
4476,2472,,AT&T,JPMorgan Chase,045484373,6890372424,USD,true,2022-05-25T05:17:30+00:00
4477,2472,,Duke Energy,Wells Fargo,079715598,364067441876,USD,true,2025-09-14T03:39:24+00:00
4478,2473,AT&T,AT&T,Wells Fargo,074077029,82968988529,USD,true,2021-01-06T08:26:33+00:00
4479,2475,Progressive,Progressive,Wells Fargo,010475693,597829381,USD,true,2025-04-08T00:55:24+00:00
4480,2476,,Con Edison,Citibank,099242808,0335563224,USD,true,2016-10-24T19:51:12+00:00
4481,2476,,Sallie Mae,JPMorgan Chase,003516322,463048913,USD,true,2010-12-16T03:55:51+00:00
4482,2476,,City Water Dept,Bank of America,040724428,889467750409,USD,true,2017-06-07T05:46:21+00:00
4483,2477,,Sallie Mae,PNC Bank,092794530,187326253,USD,true,2025-10-28T17:59:11+00:00
4484,2477,,Progressive,Wells Fargo,092134296,880387408,USD,true,2026-04-02T17:58:27+00:00
4485,2477,Con,Con Edison,Wells Fargo,061825948,9493900526,USD,true,2026-02-06T05:46:47+00:00
4486,2477,Greystar,Greystar Property Mgmt,PNC Bank,069030952,018744607,USD,true,2025-03-13T03:39:59+00:00
4487,2479,,Chase Card Services,Citibank,068899916,61846964592,USD,true,2022-10-12T12:57:52+00:00
4488,2479,Comcast,Comcast Xfinity,PNC Bank,091628110,16834474630,USD,true,2020-11-26T21:59:35+00:00
4489,2480,City,City Water Dept,Citibank,013158555,653111448335,USD,true,2024-08-23T01:06:30+00:00
4490,2482,City,City Water Dept,PNC Bank,004438634,847649229469,USD,true,2020-06-26T19:57:36+00:00
4491,2482,Con,Con Edison,Wells Fargo,092510852,2009932953,USD,true,2021-12-23T04:04:39+00:00
4492,2483,Equity,Equity Residential,Wells Fargo,096829135,68098794926,USD,true,2025-05-09T17:18:55+00:00
4493,2483,Duke,Duke Energy,PNC Bank,086743577,617550451985,USD,true,2024-08-20T09:21:03+00:00
4494,2484,,Chase Card Services,Wells Fargo,013827752,425280381,USD,true,2025-12-16T08:43:53+00:00
4495,2484,,Progressive,JPMorgan Chase,089859282,77110955101,USD,true,2025-05-14T19:45:24+00:00
4496,2485,,Progressive,PNC Bank,045335884,09942610524,USD,true,2020-08-19T08:09:22+00:00
4497,2485,,PSEG,Citibank,034252133,812581840128,USD,true,2026-09-01T07:05:09+00:00
4498,2486,,City Water Dept,PNC Bank,008761167,76664891266,USD,true,2018-01-03T19:07:31+00:00
4499,2486,,Navient,Bank of America,021458140,95325853338,USD,true,2011-01-08T03:34:21+00:00
4500,2487,,City Water Dept,Citibank,092181650,460293144,USD,true,2026-01-14T07:51:03+00:00
4501,2487,,Comcast Xfinity,PNC Bank,024957748,059520351247,USD,true,2025-04-16T18:18:27+00:00
4502,2487,,Duke Energy,Wells Fargo,020938311,7036002332,USD,true,2020-01-05T12:40:53+00:00
4503,2487,,Sallie Mae,PNC Bank,039026293,81307321446,USD,true,2026-08-05T13:01:45+00:00
4504,2488,,Navient,Bank of America,070476527,359239489,USD,true,2016-01-05T12:17:32+00:00
4505,2488,,Comcast Xfinity,PNC Bank,020306671,496845285966,USD,true,2014-02-06T00:18:15+00:00
4506,2491,,Navient,JPMorgan Chase,029600132,75483016383,USD,true,2026-01-31T05:39:17+00:00
4507,2491,,Sallie Mae,Bank of America,086219225,55675224675,USD,true,2025-09-05T14:45:05+00:00
4508,2491,Con,Con Edison,Bank of America,093996550,981533180890,USD,true,2025-05-13T13:50:44+00:00
4509,2491,Chase,Chase Card Services,Wells Fargo,063074931,408114075,USD,true,2025-08-09T02:12:10+00:00
4510,2492,State,State Farm Insurance,JPMorgan Chase,063947564,838945973841,USD,true,2020-04-15T15:24:42+00:00
4511,2492,Sallie,Sallie Mae,PNC Bank,049005631,561965263,USD,true,2026-04-06T07:21:27+00:00
4512,2492,,Greystar Property Mgmt,Bank of America,030911022,786579873409,USD,true,2019-02-01T05:18:52+00:00
4513,2493,,City Water Dept,Citibank,060808561,034376736,USD,true,2023-08-07T10:19:58+00:00
4514,2493,,AT&T,PNC Bank,081671792,43171514043,USD,true,2025-04-02T12:53:43+00:00
4515,2493,State,State Farm Insurance,Bank of America,003897641,3859373676,USD,true,2024-06-14T07:24:44+00:00
4516,2494,,Progressive,Wells Fargo,020872685,440124482489,USD,true,2012-12-04T06:42:44+00:00
4517,2494,,Discover,Citibank,061703576,6570207865,USD,true,2025-09-20T18:16:49+00:00
4518,2495,Equity,Equity Residential,Citibank,055013963,65100856960,USD,true,2020-12-26T23:29:02+00:00
4519,2495,,Comcast Xfinity,Wells Fargo,080661381,775504688968,USD,true,2024-11-17T17:30:20+00:00
4520,2497,,Comcast Xfinity,JPMorgan Chase,076736586,358769481008,USD,true,2018-08-21T21:29:16+00:00
4521,2497,,Sallie Mae,Wells Fargo,010356910,773392317204,USD,true,2021-09-10T13:51:53+00:00
4522,2498,,Greystar Property Mgmt,JPMorgan Chase,040339378,46823831983,USD,true,2025-03-09T08:49:22+00:00
4523,2499,Equity,Equity Residential,Wells Fargo,040473923,687540958,USD,true,2022-02-06T07:46:28+00:00
4524,2499,GEICO,GEICO,Wells Fargo,096617924,3353760906,USD,true,2024-07-17T23:44:09+00:00
4525,2499,,PSEG,Wells Fargo,027530284,8350433226,USD,true,2022-12-29T03:51:22+00:00
4526,2499,,Progressive,Citibank,000779665,6679597502,USD,true,2025-05-02T22:14:31+00:00
4527,2500,,Chase Card Services,PNC Bank,054915772,236099506250,USD,true,2025-03-04T06:43:57+00:00
4528,2501,,Duke Energy,JPMorgan Chase,012934167,042634307237,USD,true,2026-09-02T01:48:29+00:00
4529,2502,,Discover,Wells Fargo,042742478,476683571953,USD,true,2022-03-05T19:01:00+00:00
4530,2502,,Chase Card Services,Bank of America,014245511,9831275193,USD,true,2020-10-03T22:13:36+00:00
4531,2503,,Con Edison,PNC Bank,084584350,38185448713,USD,true,2024-06-13T04:55:14+00:00
4532,2503,,Navient,Bank of America,040468333,18763551428,USD,true,2024-02-24T05:02:40+00:00
4533,2504,,Equity Residential,Wells Fargo,041577579,23237800644,USD,true,2025-01-21T12:59:22+00:00
4534,2504,,Navient,Bank of America,000872829,727029439809,USD,true,2023-09-19T14:08:54+00:00
4535,2505,,Progressive,JPMorgan Chase,019394419,190425602418,USD,true,2017-07-01T06:18:21+00:00
4536,2505,,Discover,Wells Fargo,027155642,929380534435,USD,true,2024-10-28T23:22:53+00:00
4537,2505,,Navient,JPMorgan Chase,027120121,58813830785,USD,true,2017-07-21T08:12:13+00:00
4538,2507,,PSEG,Wells Fargo,029056556,0406551803,USD,true,2020-10-31T15:32:45+00:00
4539,2507,Equity,Equity Residential,Citibank,036313161,51949336592,USD,true,2024-10-12T15:30:55+00:00
4540,2507,,Con Edison,Bank of America,003618548,978645505678,USD,true,2018-03-31T04:04:37+00:00
4541,2508,Duke,Duke Energy,PNC Bank,044913625,5773375218,USD,true,2017-02-06T05:13:32+00:00
4542,2508,,AT&T,Citibank,031926287,1833567417,USD,true,2016-07-31T05:09:52+00:00
4543,2509,AT&T,AT&T,Bank of America,002901754,308395130,USD,true,2019-12-02T17:08:16+00:00
4544,2510,,Sallie Mae,Bank of America,052708008,70163472905,USD,true,2026-03-14T15:36:30+00:00
4545,2510,GEICO,GEICO,Wells Fargo,031551820,252964354273,USD,true,2025-04-27T23:27:38+00:00
4546,2511,,City Water Dept,PNC Bank,055676570,319262067251,USD,true,2022-01-10T01:29:57+00:00
4547,2512,,GEICO,PNC Bank,072641886,5625771250,USD,true,2023-04-25T13:52:06+00:00
4548,2512,City,City Water Dept,Wells Fargo,059509679,7133355354,USD,true,2026-02-21T01:16:54+00:00
4549,2512,,Navient,Wells Fargo,031719533,47246318418,USD,true,2017-08-09T22:11:23+00:00
4550,2512,Comcast,Comcast Xfinity,JPMorgan Chase,005487130,350757313005,USD,true,2014-01-12T12:35:38+00:00
4551,2513,State,State Farm Insurance,JPMorgan Chase,010397347,090245937,USD,true,2013-02-11T07:44:05+00:00
4552,2513,,AT&T,Bank of America,049037072,85221023428,USD,true,2010-12-29T09:16:09+00:00
4553,2514,,Equity Residential,Citibank,055190534,086866047689,USD,true,2023-01-02T17:33:03+00:00
4554,2514,,GEICO,Citibank,036629747,8821694608,USD,true,2022-02-07T08:24:36+00:00
4555,2514,,City Water Dept,Bank of America,080980465,379995393,USD,true,2019-12-12T07:03:07+00:00
4556,2515,Greystar,Greystar Property Mgmt,Citibank,039465858,04204063660,USD,true,2025-03-29T18:18:39+00:00
4557,2515,,AT&T,Citibank,071278132,703605446,USD,true,2026-04-15T18:10:03+00:00
4558,2516,,Comcast Xfinity,Bank of America,035663385,560653692319,USD,true,2024-09-16T01:12:00+00:00
4559,2516,AT&T,AT&T,Wells Fargo,013108023,05814564561,USD,true,2019-01-23T15:24:35+00:00
4560,2517,State,State Farm Insurance,PNC Bank,056707451,078622870,USD,true,2015-11-27T21:10:59+00:00
4561,2518,,Greystar Property Mgmt,JPMorgan Chase,011555270,0937789926,USD,true,2018-08-24T22:26:03+00:00
4562,2518,,Discover,Wells Fargo,023354973,06002045267,USD,true,2026-04-10T01:07:48+00:00
4563,2519,,Progressive,Wells Fargo,081834367,9978010834,USD,true,2025-12-27T07:18:40+00:00
4564,2519,,Con Edison,JPMorgan Chase,047267656,369954779949,USD,true,2017-01-19T04:36:00+00:00
4565,2519,Comcast,Comcast Xfinity,JPMorgan Chase,006165346,624971068,USD,true,2025-05-21T04:56:34+00:00
4566,2519,,Navient,JPMorgan Chase,086597948,2270157665,USD,true,2016-09-19T09:30:23+00:00
4567,2521,Progressive,Progressive,Citibank,066109323,5354730480,USD,true,2026-08-17T17:05:23+00:00
4568,2522,,Greystar Property Mgmt,JPMorgan Chase,031673855,711044311,USD,true,2023-02-13T10:07:42+00:00
4569,2522,,State Farm Insurance,Citibank,012480577,11854366864,USD,true,2024-08-09T16:41:57+00:00
4570,2523,Progressive,Progressive,Citibank,064389813,23820264430,USD,true,2011-08-30T14:15:11+00:00
4571,2523,PSEG,PSEG,PNC Bank,080477322,9056144754,USD,true,2011-12-04T19:08:12+00:00
4572,2523,GEICO,GEICO,PNC Bank,008897219,4747629122,USD,true,2025-04-03T15:00:24+00:00
4573,2523,Discover,Discover,Bank of America,078183017,1690160554,USD,true,2026-06-15T05:28:01+00:00
4574,2524,AT&T,AT&T,PNC Bank,057571007,38036467086,USD,true,2021-12-05T19:35:03+00:00
4575,2525,Progressive,Progressive,Wells Fargo,041231865,5243746100,USD,true,2025-05-03T00:37:22+00:00
4576,2526,,GEICO,Citibank,094409047,41016883058,USD,true,2018-05-05T15:31:59+00:00
4577,2527,,Comcast Xfinity,Citibank,058589948,14159462839,USD,true,2018-02-13T18:57:42+00:00
4578,2527,,Greystar Property Mgmt,Bank of America,090437267,305152442,USD,true,2020-10-23T23:46:59+00:00
4579,2528,,Greystar Property Mgmt,Wells Fargo,064399520,81145430806,USD,true,2017-11-30T06:34:22+00:00
4580,2529,PSEG,PSEG,Wells Fargo,012998854,659658165,USD,true,2026-05-16T06:13:44+00:00
4581,2529,,Discover,Wells Fargo,001450192,62321697949,USD,true,2026-09-06T16:08:13+00:00
4582,2529,Duke,Duke Energy,Citibank,036768617,31250864382,USD,true,2026-08-10T07:03:52+00:00
4583,2530,Chase,Chase Card Services,Citibank,008526432,56201796244,USD,true,2018-05-22T04:21:53+00:00
4584,2530,,GEICO,Citibank,014767544,531968728981,USD,true,2020-05-26T13:29:44+00:00
4585,2532,,Greystar Property Mgmt,Bank of America,082864300,063293425,USD,true,2021-06-24T05:34:11+00:00
4586,2532,Navient,Navient,Citibank,081367523,124101002026,USD,true,2023-07-10T18:17:12+00:00
4587,2533,Discover,Discover,Wells Fargo,053078805,731610270379,USD,true,2023-05-05T00:42:41+00:00
4588,2533,Chase,Chase Card Services,JPMorgan Chase,035371280,009207792535,USD,true,2014-04-16T13:32:37+00:00
4589,2533,,Equity Residential,Wells Fargo,065091036,68808825951,USD,true,2019-02-16T02:39:12+00:00
4590,2534,PSEG,PSEG,JPMorgan Chase,061832305,040032206237,USD,true,2017-02-03T05:47:54+00:00
4591,2534,,City Water Dept,PNC Bank,024086890,076647542839,USD,true,2026-04-19T20:40:34+00:00
4592,2535,,Equity Residential,PNC Bank,082310220,4258392785,USD,true,2016-10-12T22:17:40+00:00
4593,2535,Greystar,Greystar Property Mgmt,Citibank,074991093,718461099,USD,true,2021-08-14T10:31:03+00:00
4594,2535,AT&T,AT&T,Wells Fargo,041234225,55483251422,USD,true,2026-09-18T15:18:42+00:00
4595,2536,Comcast,Comcast Xfinity,Citibank,097474526,6147568223,USD,true,2026-02-21T12:30:45+00:00
4596,2536,,Duke Energy,Wells Fargo,096805162,1848386509,USD,true,2026-08-14T09:32:15+00:00
4597,2536,,City Water Dept,Citibank,098163183,059564718,USD,true,2026-01-30T23:28:31+00:00
4598,2536,Sallie,Sallie Mae,PNC Bank,057344046,010971800,USD,true,2026-07-09T07:50:08+00:00
4599,2538,,Equity Residential,Wells Fargo,025809668,844978879,USD,true,2024-09-19T14:01:39+00:00
4600,2539,,Progressive,Wells Fargo,095814043,589317269,USD,true,2020-04-06T03:13:20+00:00
4601,2539,,GEICO,Wells Fargo,035201198,55305617459,USD,true,2021-04-21T23:29:47+00:00
4602,2540,GEICO,GEICO,JPMorgan Chase,094342764,948160959,USD,true,2019-12-16T05:02:59+00:00
4603,2540,,Navient,Citibank,008393276,89111969753,USD,true,2024-02-19T06:10:46+00:00
4604,2541,Equity,Equity Residential,Wells Fargo,004303922,85721576938,USD,true,2026-09-05T11:29:11+00:00
4605,2541,,State Farm Insurance,Wells Fargo,053121705,355782017,USD,true,2026-09-11T02:28:25+00:00
4606,2542,,Discover,Wells Fargo,040559438,06449550797,USD,true,2026-04-13T03:36:01+00:00
4607,2543,,Sallie Mae,Bank of America,031933655,41828858070,USD,true,2021-07-13T22:02:02+00:00
4608,2543,,Con Edison,JPMorgan Chase,082670702,6198724261,USD,true,2022-08-15T07:45:08+00:00
4609,2543,,Duke Energy,Citibank,061557285,117924807887,USD,true,2020-03-11T20:03:18+00:00
4610,2544,AT&T,AT&T,Bank of America,093808249,641318513217,USD,true,2026-08-19T20:04:58+00:00
4611,2545,Greystar,Greystar Property Mgmt,Wells Fargo,067342075,854812273,USD,true,2018-06-30T17:15:47+00:00
4612,2545,,PSEG,JPMorgan Chase,089408062,2996953820,USD,true,2016-10-03T02:45:46+00:00
4613,2546,,Navient,JPMorgan Chase,078058280,889041133,USD,true,2021-05-19T16:45:37+00:00
4614,2547,,City Water Dept,Bank of America,062535010,074880349033,USD,true,2026-03-20T20:24:07+00:00
4615,2548,Sallie,Sallie Mae,JPMorgan Chase,017705201,286872585,USD,true,2024-08-29T05:06:31+00:00
4616,2549,GEICO,GEICO,PNC Bank,044285251,02376424985,USD,true,2026-05-28T21:30:16+00:00
4617,2550,,Discover,JPMorgan Chase,034134181,80917189428,USD,true,2024-02-01T22:36:54+00:00
4618,2550,,AT&T,JPMorgan Chase,033752648,7091777906,USD,true,2025-05-28T03:55:09+00:00
4619,2550,,Equity Residential,Bank of America,079753115,013613231082,USD,true,2026-08-20T13:19:48+00:00
4620,2551,,State Farm Insurance,PNC Bank,040290732,806601032,USD,true,2019-10-13T03:32:11+00:00
4621,2552,GEICO,GEICO,PNC Bank,001734693,04450852731,USD,true,2026-06-07T07:44:05+00:00
4622,2552,,Navient,JPMorgan Chase,075160769,6949696143,USD,true,2025-07-24T12:29:51+00:00
4623,2553,,Comcast Xfinity,JPMorgan Chase,092223737,179764376,USD,true,2023-10-16T16:13:33+00:00
4624,2554,,City Water Dept,PNC Bank,061034638,466135803,USD,true,2026-03-01T17:47:27+00:00
4625,2554,Chase,Chase Card Services,PNC Bank,079753394,170386167817,USD,true,2026-08-10T09:34:04+00:00
4626,2554,Navient,Navient,PNC Bank,066471578,14993129581,USD,true,2026-03-26T09:41:38+00:00
4627,2555,Progressive,Progressive,JPMorgan Chase,029292314,109265479027,USD,true,2021-05-21T16:07:30+00:00
4628,2555,Discover,Discover,Bank of America,067823478,630412335,USD,true,2022-05-31T10:12:22+00:00
4629,2556,Con,Con Edison,PNC Bank,070823221,635748976,USD,true,2025-02-26T01:31:34+00:00
4630,2557,State,State Farm Insurance,Bank of America,058288595,63046227768,USD,true,2026-01-26T17:55:25+00:00
4631,2557,GEICO,GEICO,PNC Bank,041326029,55266110855,USD,true,2025-02-14T19:01:56+00:00
4632,2558,Navient,Navient,Citibank,030637039,25866606463,USD,true,2019-10-09T01:55:42+00:00
4633,2558,Equity,Equity Residential,JPMorgan Chase,003551036,689916201,USD,true,2021-06-04T01:26:49+00:00
4634,2558,Duke,Duke Energy,JPMorgan Chase,029253059,736109019,USD,true,2021-01-06T15:08:55+00:00
4635,2559,,State Farm Insurance,JPMorgan Chase,000318699,549561403895,USD,true,2023-05-19T11:36:45+00:00
4636,2559,,Navient,Bank of America,015104900,346385349,USD,true,2021-11-30T03:59:52+00:00
4637,2559,,Greystar Property Mgmt,Bank of America,074849246,364300823716,USD,true,2019-05-16T21:06:06+00:00
4638,2559,,Duke Energy,PNC Bank,065527412,3650371952,USD,true,2025-06-24T21:03:21+00:00
4639,2561,Navient,Navient,JPMorgan Chase,089422044,8047060587,USD,true,2022-01-03T17:08:59+00:00
4640,2561,Discover,Discover,Wells Fargo,034875415,3308507097,USD,true,2022-11-26T14:17:32+00:00
4641,2561,Sallie,Sallie Mae,Citibank,092809071,889990422716,USD,true,2015-09-16T00:36:19+00:00
4642,2562,,Greystar Property Mgmt,JPMorgan Chase,040751600,051792966,USD,true,2016-01-26T20:24:25+00:00
4643,2562,,AT&T,PNC Bank,068622189,846530578641,USD,true,2016-07-30T04:04:40+00:00
4644,2562,,Progressive,PNC Bank,097011830,418276216,USD,true,2015-10-20T01:25:12+00:00
4645,2562,,State Farm Insurance,Citibank,076459112,0971333143,USD,true,2017-02-16T11:06:32+00:00
4646,2563,,City Water Dept,JPMorgan Chase,007967951,4810243912,USD,true,2026-01-06T06:08:35+00:00
4647,2563,PSEG,PSEG,Bank of America,016562978,9942565298,USD,true,2023-02-17T15:35:49+00:00
4648,2564,,Sallie Mae,Citibank,060054173,7804303252,USD,true,2011-09-25T13:45:18+00:00
4649,2564,,Con Edison,Wells Fargo,035839023,408881523,USD,true,2016-10-30T14:09:24+00:00
4650,2564,Greystar,Greystar Property Mgmt,Wells Fargo,093909028,3380755635,USD,true,2012-02-02T16:52:25+00:00
4651,2565,Chase,Chase Card Services,Wells Fargo,009925391,33521111715,USD,true,2026-01-19T01:43:42+00:00
4652,2565,City,City Water Dept,Citibank,062632225,98339683191,USD,true,2022-06-03T19:50:46+00:00
4653,2566,,Sallie Mae,Bank of America,059872467,2424067835,USD,true,2023-04-30T23:03:19+00:00
4654,2566,,Duke Energy,Citibank,084718225,72631414493,USD,true,2018-09-06T08:04:54+00:00
4655,2567,State,State Farm Insurance,PNC Bank,089759740,46827201254,USD,true,2021-01-04T01:14:01+00:00
4656,2567,,Navient,Bank of America,021692442,8819291775,USD,true,2020-11-28T21:38:34+00:00
4657,2567,Con,Con Edison,Citibank,044579440,9401672239,USD,true,2024-11-26T14:45:53+00:00
4658,2567,Comcast,Comcast Xfinity,Citibank,023801622,795924089,USD,true,2020-05-26T00:12:58+00:00
4659,2568,Equity,Equity Residential,JPMorgan Chase,075738850,131146634,USD,true,2026-01-28T05:42:54+00:00
4660,2570,,Chase Card Services,Bank of America,045508597,4522888507,USD,true,2025-04-09T03:05:15+00:00
4661,2571,Progressive,Progressive,JPMorgan Chase,053123429,8260450071,USD,true,2020-02-04T14:38:59+00:00
4662,2573,AT&T,AT&T,JPMorgan Chase,085921901,62116974319,USD,true,2013-06-06T16:55:07+00:00
4663,2574,,Discover,Citibank,020515837,18861542060,USD,true,2019-05-21T13:33:23+00:00
4664,2574,,Greystar Property Mgmt,Wells Fargo,066788076,292323799,USD,true,2018-09-28T07:38:27+00:00
4665,2575,,AT&T,Bank of America,048011248,871556380151,USD,true,2017-03-11T23:17:55+00:00
4666,2577,Equity,Equity Residential,Citibank,066731684,211941928183,USD,true,2025-10-31T01:56:03+00:00
4667,2578,Chase,Chase Card Services,Wells Fargo,099600446,9721107257,USD,true,2023-06-30T14:58:12+00:00
4668,2578,GEICO,GEICO,Citibank,006210459,363952468765,USD,true,2020-02-24T16:13:08+00:00
4669,2580,,PSEG,PNC Bank,045307070,44993251616,USD,true,2023-02-25T03:53:05+00:00
4670,2580,,Equity Residential,PNC Bank,042660308,4149500931,USD,true,2026-08-11T14:16:07+00:00
4671,2580,,Greystar Property Mgmt,Wells Fargo,076846797,7274403925,USD,true,2015-12-31T08:56:26+00:00
4672,2582,,PSEG,Citibank,033688757,8054580264,USD,true,2026-05-05T15:36:58+00:00
4673,2582,Chase,Chase Card Services,Bank of America,034825312,0419069265,USD,true,2025-09-28T15:54:09+00:00
4674,2582,Greystar,Greystar Property Mgmt,Bank of America,049787911,228931845,USD,true,2026-03-05T23:34:32+00:00
4675,2582,City,City Water Dept,JPMorgan Chase,093194632,30065144871,USD,true,2026-05-26T20:35:54+00:00
4676,2585,,Con Edison,Citibank,087941062,7462108036,USD,true,2016-05-07T02:46:28+00:00
4677,2585,,Chase Card Services,Bank of America,074587813,5579577831,USD,true,2018-08-04T07:42:01+00:00
4678,2586,,Progressive,Bank of America,016041876,5527925908,USD,true,2024-03-16T08:11:52+00:00
4679,2587,Duke,Duke Energy,Bank of America,096790043,788201443479,USD,true,2023-07-21T05:25:48+00:00
4680,2588,Progressive,Progressive,Bank of America,046319080,3517486462,USD,true,2016-03-05T06:02:44+00:00
4681,2588,,PSEG,PNC Bank,067334851,35332616702,USD,true,2008-12-21T03:06:03+00:00
4682,2589,City,City Water Dept,JPMorgan Chase,011301056,13021732551,USD,true,2012-02-16T07:52:13+00:00
4683,2589,State,State Farm Insurance,PNC Bank,049239364,749681010,USD,true,2025-08-15T22:12:53+00:00
4684,2589,PSEG,PSEG,JPMorgan Chase,069605060,122558445197,USD,true,2022-12-06T06:00:07+00:00
4685,2589,Comcast,Comcast Xfinity,PNC Bank,024959036,843537855,USD,true,2016-01-02T00:02:34+00:00
4686,2590,,Chase Card Services,PNC Bank,091729742,07068650001,USD,true,2026-09-05T17:33:10+00:00
4687,2590,,City Water Dept,PNC Bank,071754995,7939065452,USD,true,2025-03-03T16:23:36+00:00
4688,2591,,AT&T,PNC Bank,060782409,1198888429,USD,true,2014-03-07T18:12:57+00:00
4689,2591,Progressive,Progressive,Bank of America,056017318,9283406213,USD,true,2023-04-20T13:21:27+00:00
4690,2593,City,City Water Dept,Bank of America,021042167,340492630,USD,true,2022-12-14T09:57:35+00:00
4691,2593,Chase,Chase Card Services,Citibank,074774645,06623898436,USD,true,2019-04-10T06:36:14+00:00
4692,2594,,City Water Dept,JPMorgan Chase,039625593,38576846354,USD,true,2017-05-27T21:55:04+00:00
4693,2594,Chase,Chase Card Services,Wells Fargo,052385797,18683628206,USD,true,2026-01-10T18:31:13+00:00
4694,2594,,Equity Residential,Wells Fargo,017207209,3570463441,USD,true,2024-02-14T17:41:11+00:00
4695,2595,Con,Con Edison,Bank of America,033741301,645654934417,USD,true,2024-06-17T20:38:35+00:00
4696,2595,,PSEG,PNC Bank,031561122,2352122048,USD,true,2023-12-11T15:03:38+00:00
4697,2595,,Navient,Citibank,060424929,2454779174,USD,true,2024-12-14T23:03:57+00:00
4698,2596,Navient,Navient,JPMorgan Chase,084127439,3823498861,USD,true,2022-08-18T21:43:36+00:00
4699,2596,Discover,Discover,JPMorgan Chase,079492261,845729977105,USD,true,2020-12-19T08:37:35+00:00
4700,2596,AT&T,AT&T,PNC Bank,040045698,281679846,USD,true,2020-07-07T19:15:31+00:00
4701,2598,,Navient,Bank of America,036652250,5131332260,USD,true,2026-03-24T17:45:47+00:00
4702,2598,,PSEG,Wells Fargo,043248941,836335970971,USD,true,2020-06-03T20:53:34+00:00
4703,2598,,Equity Residential,JPMorgan Chase,069825077,33761387465,USD,true,2013-01-24T14:05:30+00:00
4704,2599,,Equity Residential,JPMorgan Chase,094456811,64206452297,USD,true,2025-07-27T19:36:38+00:00
4705,2600,,Duke Energy,PNC Bank,012542390,7986384798,USD,true,2013-02-09T19:41:34+00:00
4706,2601,GEICO,GEICO,JPMorgan Chase,056849189,505739397,USD,true,2021-11-05T04:04:28+00:00
4707,2601,,Discover,JPMorgan Chase,061307063,5592526704,USD,true,2021-04-18T20:28:23+00:00
4708,2601,,State Farm Insurance,PNC Bank,094388046,61641727203,USD,true,2020-08-16T18:52:57+00:00
4709,2602,,GEICO,JPMorgan Chase,007930944,302997169,USD,true,2026-03-14T17:52:51+00:00
4710,2603,,Con Edison,PNC Bank,093042098,9329794455,USD,true,2018-01-14T08:41:21+00:00
4711,2604,Navient,Navient,Citibank,087014815,6415647066,USD,true,2025-10-14T04:41:40+00:00
4712,2604,Con,Con Edison,Citibank,032516676,682802869,USD,true,2025-07-10T18:17:00+00:00
4713,2604,,Equity Residential,JPMorgan Chase,052368531,828175221222,USD,true,2026-09-05T01:54:27+00:00
4714,2605,Equity,Equity Residential,Citibank,008640460,2851012152,USD,true,2024-10-11T21:00:39+00:00
4715,2605,AT&T,AT&T,Wells Fargo,022034064,139588257,USD,true,2023-04-26T08:38:00+00:00
4716,2606,Sallie,Sallie Mae,Wells Fargo,012898631,040519947876,USD,true,2026-01-30T23:54:04+00:00
4717,2606,,Comcast Xfinity,Wells Fargo,042495904,9869933379,USD,true,2021-02-01T20:35:38+00:00
4718,2606,,Con Edison,JPMorgan Chase,005678491,3720925815,USD,true,2014-01-05T05:03:04+00:00
4719,2606,GEICO,GEICO,Citibank,063582040,8501747052,USD,true,2015-07-23T10:59:35+00:00
4720,2607,,Equity Residential,Citibank,016362180,810237478,USD,true,2026-04-16T19:26:47+00:00
4721,2608,,Equity Residential,Wells Fargo,086024168,6980527728,USD,true,2025-02-09T15:21:18+00:00
4722,2608,,Discover,PNC Bank,005209481,85233987949,USD,true,2016-02-01T08:33:42+00:00
4723,2608,Con,Con Edison,Wells Fargo,006692881,9543055534,USD,true,2020-06-02T16:53:16+00:00
4724,2609,,Con Edison,Bank of America,006754697,86823180142,USD,true,2016-04-05T23:02:00+00:00
4725,2609,,Progressive,PNC Bank,016102673,086440172,USD,true,2019-03-23T00:02:38+00:00
4726,2609,,AT&T,Wells Fargo,089422541,4225008643,USD,true,2016-10-25T21:54:43+00:00
4727,2611,Discover,Discover,JPMorgan Chase,058282374,12064256566,USD,true,2015-04-26T01:06:45+00:00
4728,2611,Navient,Navient,PNC Bank,038278213,23038649146,USD,true,2025-03-25T21:17:04+00:00
4729,2612,Progressive,Progressive,Bank of America,050939526,003244689035,USD,true,2026-03-24T07:45:43+00:00
4730,2612,Con,Con Edison,Bank of America,061884495,418029632,USD,true,2021-05-13T21:17:55+00:00
4731,2612,,Greystar Property Mgmt,JPMorgan Chase,004056358,621837947,USD,true,2025-04-03T02:04:34+00:00
4732,2612,,City Water Dept,Wells Fargo,009004384,622006581972,USD,true,2025-03-18T00:18:23+00:00
4733,2614,,State Farm Insurance,Wells Fargo,059607283,226909669,USD,true,2017-06-18T03:54:49+00:00
4734,2614,,Con Edison,Citibank,052181049,8728989937,USD,true,2024-10-03T07:35:50+00:00
4735,2614,,City Water Dept,Wells Fargo,073857949,35586395635,USD,true,2025-03-09T18:49:30+00:00
4736,2614,,Chase Card Services,PNC Bank,017060165,528592940815,USD,true,2022-10-19T19:31:47+00:00
4737,2615,,Comcast Xfinity,Bank of America,078051409,749886081118,USD,true,2024-01-11T00:07:54+00:00
4738,2615,,City Water Dept,Bank of America,041592490,691709201,USD,true,2025-03-27T22:29:02+00:00
4739,2615,State,State Farm Insurance,PNC Bank,077638239,35074087492,USD,true,2019-04-27T13:48:48+00:00
4740,2615,,Equity Residential,PNC Bank,034931068,747868903262,USD,true,2026-04-13T06:31:14+00:00
4741,2616,,PSEG,JPMorgan Chase,086042360,251269783468,USD,true,2019-07-31T11:01:15+00:00
4742,2616,Navient,Navient,Citibank,050178112,0266594813,USD,true,2020-07-20T01:58:34+00:00
4743,2618,,Comcast Xfinity,PNC Bank,097773827,4608144968,USD,true,2025-02-21T16:06:16+00:00
4744,2620,,Progressive,Bank of America,019916517,294201025,USD,true,2025-12-09T06:29:54+00:00
4745,2621,Chase,Chase Card Services,Wells Fargo,045221117,245438297799,USD,true,2015-04-20T23:36:33+00:00
4746,2621,Comcast,Comcast Xfinity,Wells Fargo,011596718,2123256209,USD,true,2024-12-21T06:19:51+00:00
4747,2621,,Greystar Property Mgmt,Citibank,086970084,72046306827,USD,true,2015-01-31T03:08:34+00:00
4748,2622,,Navient,Citibank,027323412,133237732991,USD,true,2023-11-03T16:52:43+00:00
4749,2622,,State Farm Insurance,JPMorgan Chase,055871871,24338790960,USD,true,2024-07-10T19:18:00+00:00
4750,2622,,Equity Residential,Citibank,052891881,700361913,USD,true,2015-04-23T19:48:21+00:00
4751,2623,PSEG,PSEG,JPMorgan Chase,053057844,06201015245,USD,true,2019-04-13T17:30:06+00:00
4752,2625,,Discover,Citibank,053352471,4567441639,USD,true,2012-04-25T13:16:03+00:00
4753,2627,Equity,Equity Residential,PNC Bank,009250022,4714223576,USD,true,2024-04-21T12:02:59+00:00
4754,2628,,Chase Card Services,Citibank,099490683,06192873734,USD,true,2019-12-02T15:35:10+00:00
4755,2628,,City Water Dept,Citibank,016945323,1275380692,USD,true,2018-07-25T02:12:31+00:00
4756,2628,,Con Edison,Wells Fargo,098151852,6345546604,USD,true,2015-01-10T18:29:30+00:00
4757,2629,Comcast,Comcast Xfinity,PNC Bank,019472910,408707965206,USD,true,2020-09-28T15:57:46+00:00
4758,2629,Navient,Navient,Citibank,017550475,6396318622,USD,true,2018-03-30T11:37:44+00:00
4759,2630,GEICO,GEICO,JPMorgan Chase,045963789,2066672551,USD,true,2023-07-17T03:46:01+00:00
4760,2630,,AT&T,JPMorgan Chase,092119214,000840305,USD,true,2025-03-06T18:03:57+00:00
4761,2631,,Greystar Property Mgmt,Wells Fargo,014661898,0845553178,USD,true,2018-04-11T13:45:36+00:00
4762,2631,Duke,Duke Energy,PNC Bank,091745533,24198704795,USD,true,2019-09-26T07:42:14+00:00
4763,2631,,PSEG,PNC Bank,004631930,15049345065,USD,true,2024-10-23T07:18:13+00:00
4764,2633,,Comcast Xfinity,PNC Bank,002482844,386650286457,USD,true,2021-03-08T16:12:12+00:00
4765,2633,Con,Con Edison,JPMorgan Chase,003665316,707319979935,USD,true,2018-07-20T03:07:17+00:00
4766,2633,City,City Water Dept,Wells Fargo,005700695,353320383,USD,true,2019-07-11T10:51:45+00:00
4767,2634,,Comcast Xfinity,Bank of America,060608229,50295065867,USD,true,2022-12-20T22:26:24+00:00
4768,2634,,Chase Card Services,PNC Bank,078389854,08425847341,USD,true,2023-06-04T23:34:39+00:00
4769,2634,,Discover,Wells Fargo,083892806,078064370343,USD,true,2019-06-11T21:59:02+00:00
4770,2634,City,City Water Dept,Bank of America,028651526,422220351240,USD,true,2019-10-02T14:04:23+00:00
4771,2635,,Chase Card Services,JPMorgan Chase,015414463,627340840,USD,true,2014-08-18T17:49:26+00:00
4772,2635,Progressive,Progressive,JPMorgan Chase,022250537,955630944511,USD,true,2013-06-21T08:08:44+00:00
4773,2635,,Equity Residential,Wells Fargo,041086187,9023686644,USD,true,2012-02-08T17:28:25+00:00
4774,2635,,GEICO,Bank of America,060681988,936512968607,USD,true,2015-03-20T10:03:46+00:00
4775,2636,,AT&T,Bank of America,037375099,0025303482,USD,true,2023-05-13T19:12:06+00:00
4776,2636,,Sallie Mae,PNC Bank,083107610,457632040749,USD,true,2023-04-02T18:06:06+00:00
4777,2636,,PSEG,JPMorgan Chase,003942298,785543864,USD,true,2024-01-12T14:31:33+00:00
4778,2637,,Sallie Mae,Wells Fargo,079546225,5739626367,USD,true,2022-06-26T07:20:03+00:00
4779,2638,,Navient,Bank of America,056559079,06674871337,USD,true,2008-08-29T09:06:07+00:00
4780,2638,,City Water Dept,Bank of America,055584988,4549871136,USD,true,2019-12-05T19:17:05+00:00
4781,2639,,Sallie Mae,PNC Bank,075255186,1815427946,USD,true,2021-10-27T15:20:53+00:00
4782,2639,Equity,Equity Residential,PNC Bank,030846276,279950377120,USD,true,2015-06-08T21:30:52+00:00
4783,2640,Equity,Equity Residential,PNC Bank,022839169,51033140595,USD,true,2025-11-03T23:09:14+00:00
4784,2640,Navient,Navient,JPMorgan Chase,031571454,91511501980,USD,true,2024-03-05T11:40:31+00:00
4785,2640,,Progressive,PNC Bank,097976591,5588691237,USD,true,2025-07-05T10:40:52+00:00
4786,2642,,AT&T,Citibank,009218929,7114189189,USD,true,2024-01-01T16:21:26+00:00
4787,2642,,Greystar Property Mgmt,Wells Fargo,055262835,336725306110,USD,true,2016-06-05T13:43:14+00:00
4788,2642,,Chase Card Services,JPMorgan Chase,002471072,97111367388,USD,true,2025-05-07T11:15:06+00:00
4789,2642,,Duke Energy,Citibank,036037175,45259511165,USD,true,2019-01-04T17:01:29+00:00
4790,2643,,City Water Dept,Wells Fargo,099061125,46704359979,USD,true,2016-03-18T00:42:43+00:00
4791,2643,,Duke Energy,JPMorgan Chase,072305090,872312155,USD,true,2025-06-19T18:33:21+00:00
4792,2643,,Discover,Wells Fargo,041486447,3976044654,USD,true,2020-12-27T11:30:32+00:00
4793,2644,,City Water Dept,JPMorgan Chase,014806387,773687855,USD,true,2025-11-29T16:23:07+00:00
4794,2644,,Navient,JPMorgan Chase,015968112,30792898583,USD,true,2014-05-02T02:00:10+00:00
4795,2644,AT&T,AT&T,Citibank,042457465,309671120,USD,true,2012-06-05T08:34:25+00:00
4796,2645,,Comcast Xfinity,Citibank,086659251,4071742842,USD,true,2025-02-07T22:36:42+00:00
4797,2646,,Chase Card Services,Citibank,081544312,680328773,USD,true,2025-11-09T19:03:15+00:00
4798,2646,,Greystar Property Mgmt,PNC Bank,014031263,667435005,USD,true,2020-04-22T11:26:51+00:00
4799,2646,,AT&T,JPMorgan Chase,060096666,99134344789,USD,true,2025-07-30T18:50:14+00:00
4800,2646,,PSEG,PNC Bank,045378188,71646067789,USD,true,2020-06-22T16:42:23+00:00
4801,2647,,Discover,Bank of America,088899290,05978461320,USD,true,2017-04-11T01:18:42+00:00
4802,2647,,City Water Dept,Wells Fargo,011623167,88100847879,USD,true,2018-03-07T04:04:44+00:00
4803,2648,,Discover,PNC Bank,061268301,40679742500,USD,true,2022-12-01T15:40:52+00:00
4804,2648,Progressive,Progressive,JPMorgan Chase,019304900,324584117920,USD,true,2025-09-25T04:45:08+00:00
4805,2649,State,State Farm Insurance,Citibank,069451951,56745754894,USD,true,2024-09-03T16:04:03+00:00
4806,2650,Sallie,Sallie Mae,PNC Bank,070507931,93999963748,USD,true,2026-09-04T13:25:09+00:00
4807,2650,,Duke Energy,JPMorgan Chase,044892132,065604748,USD,true,2026-03-14T20:53:37+00:00
4808,2650,,PSEG,Bank of America,028140135,1303152261,USD,true,2026-09-17T06:35:28+00:00
4809,2651,,AT&T,Wells Fargo,028277281,666343752299,USD,true,2018-01-09T08:32:34+00:00
4810,2652,,Sallie Mae,Citibank,099399162,8969992104,USD,true,2025-07-02T06:45:52+00:00
4811,2652,,Progressive,Citibank,038238867,639814107,USD,true,2013-12-28T14:06:23+00:00
4812,2653,Progressive,Progressive,Wells Fargo,004584428,185384548901,USD,true,2022-03-09T18:07:20+00:00
4813,2653,,GEICO,Citibank,054840665,41256017986,USD,true,2021-06-03T18:27:46+00:00
4814,2655,Chase,Chase Card Services,PNC Bank,000289506,49223338895,USD,true,2024-06-21T20:57:30+00:00
4815,2655,PSEG,PSEG,Bank of America,052411007,5496412875,USD,true,2021-02-21T15:57:09+00:00
4816,2656,,Greystar Property Mgmt,Wells Fargo,002580759,456250242,USD,true,2011-12-23T04:48:05+00:00
4817,2656,,Chase Card Services,Wells Fargo,009265311,950442530768,USD,true,2023-01-25T05:01:39+00:00
4818,2657,,Discover,Citibank,063112954,3870869872,USD,true,2022-09-05T03:54:40+00:00
4819,2657,State,State Farm Insurance,Wells Fargo,036256926,041204275,USD,true,2022-11-05T19:45:04+00:00
4820,2658,,Con Edison,Wells Fargo,030514601,2127700968,USD,true,2023-01-21T19:27:01+00:00
4821,2658,Greystar,Greystar Property Mgmt,Bank of America,047710603,644126741013,USD,true,2022-06-15T11:50:50+00:00
4822,2658,Comcast,Comcast Xfinity,PNC Bank,023879035,44388645780,USD,true,2020-09-08T21:23:21+00:00
4823,2658,,PSEG,JPMorgan Chase,011142593,36980729786,USD,true,2022-02-13T07:35:42+00:00
4824,2659,,Progressive,JPMorgan Chase,020666724,044206031,USD,true,2020-10-28T09:29:25+00:00
4825,2659,State,State Farm Insurance,Bank of America,056449222,68481618250,USD,true,2021-07-19T14:48:28+00:00
4826,2659,,GEICO,Bank of America,018122986,391116249795,USD,true,2025-03-05T05:49:09+00:00
4827,2659,,Con Edison,Wells Fargo,024304306,38080512163,USD,true,2018-05-12T18:08:33+00:00
4828,2660,,Navient,Bank of America,053342719,68713199619,USD,true,2017-07-29T21:56:01+00:00
4829,2660,,State Farm Insurance,Bank of America,050235418,143607330,USD,true,2021-04-02T05:45:10+00:00
4830,2660,Comcast,Comcast Xfinity,JPMorgan Chase,005606625,716095092,USD,true,2025-08-15T05:09:45+00:00
4831,2662,Duke,Duke Energy,Wells Fargo,020882794,3400703713,USD,true,2025-05-07T04:17:15+00:00
4832,2662,,Chase Card Services,Wells Fargo,069670182,3166460423,USD,true,2024-03-23T16:11:28+00:00
4833,2663,,Con Edison,Wells Fargo,061192741,119866494,USD,true,2025-04-01T04:52:33+00:00
4834,2665,,Equity Residential,Bank of America,099434085,418349907,USD,true,2026-01-17T10:02:19+00:00
4835,2665,City,City Water Dept,Citibank,049026340,0963283351,USD,true,2026-09-21T20:00:24+00:00
4836,2666,,AT&T,Wells Fargo,049974647,21829497222,USD,true,2025-08-27T13:40:30+00:00
4837,2666,,Greystar Property Mgmt,JPMorgan Chase,034937550,343360032,USD,true,2024-07-01T21:47:45+00:00
4838,2667,,GEICO,JPMorgan Chase,038223432,5240964646,USD,true,2024-05-08T20:19:41+00:00
4839,2668,,Progressive,Wells Fargo,079146957,425717572,USD,true,2018-11-13T14:30:31+00:00
4840,2668,,Navient,Wells Fargo,060056308,706802240951,USD,true,2015-12-06T20:33:39+00:00
4841,2668,,Chase Card Services,Bank of America,020587609,219283519,USD,true,2015-12-31T09:42:03+00:00
4842,2669,,Duke Energy,Wells Fargo,088383438,7497906924,USD,true,2019-06-22T22:24:21+00:00
4843,2669,Discover,Discover,JPMorgan Chase,082230819,538648004,USD,true,2019-07-15T23:17:47+00:00
4844,2671,,GEICO,JPMorgan Chase,084028139,401824969597,USD,true,2024-06-29T09:21:10+00:00
4845,2671,Discover,Discover,Bank of America,084711023,59568264400,USD,true,2026-08-12T18:03:19+00:00
4846,2672,Duke,Duke Energy,Wells Fargo,033110589,284546871,USD,true,2023-12-08T03:03:21+00:00
4847,2672,,Greystar Property Mgmt,PNC Bank,043984914,746372715483,USD,true,2023-08-26T04:14:11+00:00
4848,2672,,Navient,JPMorgan Chase,075383561,919637434,USD,true,2025-12-18T09:37:31+00:00
4849,2673,,Duke Energy,Citibank,014288494,8432856349,USD,true,2026-05-02T03:44:22+00:00
4850,2673,AT&T,AT&T,Citibank,072685276,9167390665,USD,true,2025-08-15T02:11:29+00:00
4851,2673,Greystar,Greystar Property Mgmt,Bank of America,000849661,600449536238,USD,true,2022-01-24T09:15:08+00:00
4852,2674,Navient,Navient,PNC Bank,070748017,679955530893,USD,true,2018-12-20T09:32:57+00:00
4853,2675,Progressive,Progressive,JPMorgan Chase,038040779,28056319373,USD,true,2021-06-09T18:40:46+00:00
4854,2675,,Equity Residential,Citibank,095556960,483995848300,USD,true,2014-01-24T07:18:53+00:00
4855,2675,,AT&T,Wells Fargo,040370997,68818518715,USD,true,2014-04-15T01:02:52+00:00
4856,2676,Greystar,Greystar Property Mgmt,PNC Bank,034674275,3628227800,USD,true,2018-06-28T14:36:40+00:00
4857,2676,,Discover,Wells Fargo,097731869,155297035,USD,true,2019-08-20T07:31:36+00:00
4858,2676,Equity,Equity Residential,PNC Bank,025471213,89127261290,USD,true,2019-03-16T00:47:52+00:00
4859,2677,Comcast,Comcast Xfinity,Citibank,062128004,24967818630,USD,true,2016-03-10T14:42:52+00:00
4860,2677,Navient,Navient,Wells Fargo,038276901,674883261452,USD,true,2026-06-18T17:32:13+00:00
4861,2678,Sallie,Sallie Mae,JPMorgan Chase,018919733,8603363765,USD,true,2025-09-22T12:38:36+00:00
4862,2680,Greystar,Greystar Property Mgmt,Wells Fargo,062330499,480044944,USD,true,2023-10-14T01:57:34+00:00
4863,2681,Duke,Duke Energy,PNC Bank,043121546,293696816,USD,true,2024-09-19T16:19:53+00:00
4864,2681,,Sallie Mae,PNC Bank,075492713,781383465575,USD,true,2026-07-06T19:51:35+00:00
4865,2681,Con,Con Edison,Bank of America,024275864,3435098756,USD,true,2026-01-11T11:18:45+00:00
4866,2682,,City Water Dept,Bank of America,086623337,5255975182,USD,true,2019-03-24T03:19:11+00:00
4867,2683,PSEG,PSEG,PNC Bank,019972495,095960280867,USD,true,2025-12-29T13:49:18+00:00
4868,2683,,GEICO,Wells Fargo,040015758,0422447548,USD,true,2026-04-12T08:01:31+00:00
4869,2683,,Discover,Citibank,095274671,40042414297,USD,true,2026-08-09T05:06:11+00:00
4870,2685,,Equity Residential,Bank of America,070241158,632408510,USD,true,2025-01-23T10:49:07+00:00
4871,2685,,Progressive,Bank of America,090471564,732898286843,USD,true,2022-03-18T16:39:44+00:00
4872,2685,,AT&T,PNC Bank,094608823,919439486,USD,true,2024-01-20T03:30:25+00:00
4873,2686,City,City Water Dept,Citibank,008758977,250308503539,USD,true,2021-12-04T04:47:24+00:00
4874,2686,,Greystar Property Mgmt,PNC Bank,041410474,96102539741,USD,true,2022-03-10T06:00:28+00:00
4875,2688,,AT&T,Wells Fargo,054485201,68500210892,USD,true,2025-02-15T00:55:53+00:00
4876,2689,,Greystar Property Mgmt,Bank of America,049507629,2358749361,USD,true,2023-10-07T11:59:44+00:00
4877,2689,,Comcast Xfinity,Bank of America,055142253,13528496055,USD,true,2025-06-04T15:24:06+00:00
4878,2690,Progressive,Progressive,Bank of America,078291619,17876926296,USD,true,2026-05-30T17:20:44+00:00
4879,2690,,Duke Energy,Bank of America,087416713,848625929247,USD,true,2026-06-29T08:51:05+00:00
4880,2691,,City Water Dept,Bank of America,024200698,910893459787,USD,true,2025-08-10T09:32:15+00:00
4881,2691,Sallie,Sallie Mae,Wells Fargo,086225860,560860940361,USD,true,2025-05-01T21:01:04+00:00
4882,2692,,City Water Dept,Citibank,005126727,3781038065,USD,true,2024-06-25T09:26:26+00:00
4883,2693,,Progressive,Wells Fargo,073371359,052947648313,USD,true,2026-09-03T06:31:44+00:00
4884,2693,,Greystar Property Mgmt,Bank of America,006607505,547096195,USD,true,2026-09-04T05:06:43+00:00
4885,2695,Con,Con Edison,PNC Bank,082497521,987000990,USD,true,2018-07-04T03:45:29+00:00
4886,2696,,PSEG,PNC Bank,052328760,83146492651,USD,true,2025-11-07T00:32:59+00:00
4887,2696,,Progressive,Citibank,042208079,3977684776,USD,true,2024-03-22T19:41:01+00:00
4888,2697,,Con Edison,JPMorgan Chase,010003074,91256840321,USD,true,2026-04-25T01:49:06+00:00
4889,2697,State,State Farm Insurance,Wells Fargo,092135925,185346466301,USD,true,2026-03-13T08:39:47+00:00
4890,2700,,Equity Residential,Citibank,041340470,940454650,USD,true,2014-07-21T16:37:38+00:00
4891,2701,,State Farm Insurance,Citibank,076188189,9571723366,USD,true,2014-12-09T20:54:28+00:00
4892,2701,,Progressive,PNC Bank,014398918,78578501514,USD,true,2018-07-02T11:29:36+00:00
4893,2701,,Duke Energy,Wells Fargo,002960270,5548973576,USD,true,2026-07-18T14:59:01+00:00
4894,2701,,Equity Residential,Wells Fargo,099193823,81590473741,USD,true,2015-05-09T11:53:11+00:00
4895,2702,,Lawrence and Sons,Citibank,IFZV08YJ,NV688608889888854646,GBP,true,2024-10-21T16:20:32+00:00
4896,2702,,"Perez, Sanchez and Bishop",HSBC,TEQZ74YG,WC484210588554617008,USD,true,2023-10-29T11:27:42+00:00
4897,2703,Progressive,Progressive,PNC Bank,094049317,000622959,USD,true,2024-02-16T16:43:56+00:00
4898,2703,,Con Edison,PNC Bank,048894461,10303706327,USD,true,2019-04-25T18:14:56+00:00
4899,2703,Sallie,Sallie Mae,Citibank,061507396,26854035735,USD,true,2021-02-25T12:41:21+00:00
4900,2703,,PSEG,Bank of America,087922817,650863130,USD,true,2025-01-30T13:02:03+00:00
4901,2704,Chase,Chase Card Services,Bank of America,007633369,1187577932,USD,true,2025-11-13T04:17:45+00:00
4902,2704,Discover,Discover,PNC Bank,016816462,2654659897,USD,true,2019-12-09T05:28:57+00:00
4903,2704,,Mendez Inc,HDFC Bank,LPXP26IM,NF329886690566827505,EUR,true,2024-05-13T01:07:31+00:00
4904,2704,,Miller-Wallace,Deutsche Bank,CXMA42NT,ZX53672651097988038,EUR,true,2020-06-24T15:47:05+00:00
4905,2704,,Hancock Inc,Citibank,EQVT32KJ,FD475384333416025185,INR,true,2025-04-08T16:27:21+00:00
4906,2705,,Navient,Citibank,059279120,268618647192,USD,true,2026-07-13T04:25:02+00:00
4907,2705,,State Farm Insurance,JPMorgan Chase,038928483,725515556,USD,true,2026-07-02T23:16:55+00:00
4908,2705,,Martin and Sons,HDFC Bank,WJCK95PE,YQ6772605814460292,CAD,true,2026-09-11T17:06:33+00:00
4909,2705,,Stephenson Inc,Deutsche Bank,SGIL40BC,IZ344132464208616733,EUR,true,2026-08-24T10:23:27+00:00
4910,2705,,Lawrence-Kim,HDFC Bank,ZPDV53DX,HC793763201559976059,INR,true,2026-07-20T17:20:57+00:00
4911,2706,,Duke Energy,PNC Bank,032543203,59456700786,USD,true,2017-09-29T16:29:27+00:00
4912,2706,,Comcast Xfinity,PNC Bank,021162211,115151873,USD,true,2016-04-11T09:30:23+00:00
4913,2706,,Equity Residential,Wells Fargo,024382128,5001893171,USD,true,2024-11-30T17:05:22+00:00
4914,2707,,Sallie Mae,PNC Bank,071112082,588556379,USD,true,2026-03-09T19:44:49+00:00
4915,2707,,AT&T,JPMorgan Chase,065162325,4056104331,USD,true,2022-10-05T00:06:02+00:00
4916,2707,Comcast,Comcast Xfinity,PNC Bank,074343128,8700236988,USD,true,2025-09-04T14:53:58+00:00
4917,2708,GEICO,GEICO,Bank of America,092692032,621329670867,USD,true,2017-07-09T04:58:46+00:00
4918,2708,,Discover,Bank of America,036190094,064387480841,USD,true,2015-07-24T20:50:16+00:00
4919,2709,AT&T,AT&T,Bank of America,053784166,635897733772,USD,true,2023-03-27T23:54:39+00:00
4920,2711,,Greystar Property Mgmt,Citibank,044273184,20213175985,USD,true,2025-10-26T10:47:34+00:00
4921,2711,,PSEG,PNC Bank,031643493,057432859,USD,true,2017-05-13T05:55:46+00:00
4922,2711,,Navient,Wells Fargo,061421873,879446969619,USD,true,2019-09-12T10:11:55+00:00
4923,2712,,Comcast Xfinity,Bank of America,057025794,368652748744,USD,true,2025-06-02T16:02:39+00:00
4924,2712,Equity,Equity Residential,Citibank,094152147,81590479006,USD,true,2026-07-08T23:13:58+00:00
4925,2713,Con,Con Edison,Bank of America,042063598,386767096,USD,true,2025-10-21T12:51:56+00:00
4926,2713,State,State Farm Insurance,JPMorgan Chase,086299874,676250585029,USD,true,2025-03-31T04:38:29+00:00
4927,2713,,Taylor PLC,Barclays,PLLV97XQ,TH95620866141294,EUR,true,2024-09-29T22:58:02+00:00
4928,2713,,Sellers LLC,Citibank,IFQC20ZZ,BI787522733529485094,EUR,true,2023-06-02T22:40:23+00:00
4929,2713,,Larson Group,Barclays,JVEJ20IR,YZ209932021737188629,USD,true,2026-08-11T12:00:27+00:00
4930,2714,,Wheeler Inc,BBVA Mexico,QZFB51BV,DQ978469239112180511,CAD,false,2021-05-17T08:20:06+00:00
4931,2715,,Sallie Mae,PNC Bank,045991371,627733996315,USD,true,2022-07-13T18:23:26+00:00
4932,2715,,Chase Card Services,Wells Fargo,077291390,3544819442,USD,true,2021-10-07T08:27:30+00:00
4933,2715,State,State Farm Insurance,Bank of America,095120295,83412274633,USD,true,2020-12-31T16:15:17+00:00
4934,2716,AT&T,AT&T,JPMorgan Chase,056027234,8411129253,USD,true,2022-09-12T17:47:43+00:00
4935,2716,,Progressive,Wells Fargo,002135588,2548047981,USD,true,2026-08-15T01:21:02+00:00
4936,2716,,"Kim, Lee and Brown",Deutsche Bank,UQGN23UR,VB959247420240470258,INR,false,2018-10-06T20:55:49+00:00
4937,2716,,Jones Ltd,RBC,NUNV16ZQ,DW98829029777576117,USD,true,2021-08-08T18:06:58+00:00
4938,2717,Sallie,Sallie Mae,JPMorgan Chase,091432417,0127816521,USD,true,2011-07-15T00:41:05+00:00
4939,2717,PSEG,PSEG,Bank of America,059228891,113179781,USD,true,2017-04-12T16:58:33+00:00
4940,2717,,"Miller, Holland and Allen",RBC,ZTOW60CG,OE916171318767354547,CAD,true,2017-12-12T13:14:24+00:00
4941,2717,,Lee Ltd,HSBC,CVST99NS,CE789213380670832,INR,true,2022-12-28T17:54:55+00:00
4942,2717,,Johnson PLC,Deutsche Bank,HDTW17JY,MM320057902582368639,USD,true,2012-09-24T20:50:12+00:00
4943,2718,,PSEG,Citibank,037460764,7325108071,USD,true,2019-03-01T02:10:14+00:00
4944,2718,,Equity Residential,Bank of America,068534264,5225583632,USD,true,2023-08-31T13:22:16+00:00
4945,2719,City,City Water Dept,PNC Bank,034856180,8029445260,USD,true,2011-01-11T18:53:11+00:00
4946,2719,Duke,Duke Energy,Bank of America,038161725,2823247174,USD,true,2018-08-27T01:59:08+00:00
4947,2719,,Flynn LLC,BBVA Mexico,DNRG98ZD,OI260076617241522077,USD,false,2011-08-13T08:03:12+00:00
4948,2720,,Progressive,JPMorgan Chase,087961185,18810834013,USD,true,2025-04-01T11:49:58+00:00
4949,2720,,Con Edison,JPMorgan Chase,083461059,00133475589,USD,true,2026-02-28T20:45:32+00:00
4950,2720,,Comcast Xfinity,PNC Bank,058095683,29517169219,USD,true,2025-05-19T08:45:16+00:00
4951,2721,,Comcast Xfinity,PNC Bank,028134165,6053410619,USD,true,2020-02-07T01:55:05+00:00
4952,2721,,Greystar Property Mgmt,Bank of America,021879755,372424649465,USD,true,2018-05-04T19:16:27+00:00
4953,2721,Discover,Discover,Citibank,007020742,573829183,USD,true,2020-04-07T17:01:34+00:00
4954,2721,,City Water Dept,PNC Bank,082708365,06312991769,USD,true,2026-02-24T16:14:32+00:00
4955,2721,,"Riley, Hampton and Maynard",BBVA Mexico,EVFO42WH,NP391496127445041398,MXN,true,2013-07-10T20:57:56+00:00
4956,2722,Sallie,Sallie Mae,Bank of America,015905746,70253143699,USD,true,2024-06-22T00:38:54+00:00
4957,2722,,Navient,JPMorgan Chase,027367867,305871051,USD,true,2021-09-26T10:47:46+00:00
4958,2722,Comcast,Comcast Xfinity,JPMorgan Chase,019333236,187197407,USD,true,2022-07-27T03:39:40+00:00
4959,2722,Greystar,Greystar Property Mgmt,PNC Bank,078733576,40024712978,USD,true,2024-09-26T11:30:04+00:00
4960,2722,,Christian-Scott,RBC,EOES75ZC,OK12583518001262,MXN,true,2022-02-05T04:53:29+00:00
4961,2723,,AT&T,PNC Bank,005125347,452889230508,USD,true,2016-07-22T02:05:43+00:00
4962,2723,,Progressive,Bank of America,007353682,493578536822,USD,true,2016-04-05T02:07:29+00:00
4963,2724,,GEICO,Bank of America,031295016,944182475198,USD,true,2024-05-24T18:01:59+00:00
4964,2724,,Progressive,Wells Fargo,037599612,303225802256,USD,true,2023-07-04T18:34:37+00:00
4965,2724,Comcast,Comcast Xfinity,Wells Fargo,052439606,0512710576,USD,true,2025-09-01T22:14:01+00:00
4966,2724,,Clark-Mcknight,HSBC,LRTO12CY,ZK557829305455427667,GBP,true,2025-09-09T01:40:52+00:00
4967,2724,,"Simmons, Pearson and Ortega",HSBC,SLLG16OZ,UM145800623828664631,GBP,true,2026-05-05T12:38:35+00:00
4968,2725,,Navient,Citibank,045962484,63391308916,USD,true,2020-05-22T13:35:59+00:00
4969,2725,,Duke Energy,PNC Bank,054855657,403816530,USD,true,2025-03-08T07:27:34+00:00
4970,2725,Comcast,Comcast Xfinity,Wells Fargo,009933528,654920463,USD,true,2020-07-26T09:27:51+00:00
4971,2725,,Hernandez Ltd,Deutsche Bank,VJCF74FR,OZ12184503610823404,INR,true,2020-08-03T21:17:50+00:00
4972,2726,,GEICO,Citibank,038613674,5786736546,USD,true,2025-10-10T00:43:44+00:00
4973,2726,,Sallie Mae,Bank of America,071213893,830299439,USD,true,2021-05-24T07:44:01+00:00
4974,2726,Greystar,Greystar Property Mgmt,Citibank,033539826,977508397998,USD,true,2016-12-27T08:20:04+00:00
4975,2726,Discover,Discover,PNC Bank,007445852,81966183506,USD,true,2024-06-20T01:18:50+00:00
4976,2727,,Chase Card Services,PNC Bank,025817198,9997290799,USD,true,2021-05-02T23:45:28+00:00
4977,2727,,Equity Residential,PNC Bank,042944101,556091209,USD,true,2023-06-26T21:09:40+00:00
4978,2728,,Perez and Sons,BBVA Mexico,NVZK10TV,OH812258978993332095,USD,true,2017-01-24T08:19:11+00:00
4979,2729,Discover,Discover,JPMorgan Chase,070947648,74862869879,USD,true,2024-03-13T00:14:54+00:00
4980,2729,,"Little, Bryan and Romero",HDFC Bank,PJKQ62JW,WB936218823762532103,INR,true,2024-06-09T06:12:10+00:00
4981,2729,,"Norris, Mahoney and George",HSBC,KREJ65DX,BG007262098618206944,MXN,true,2026-07-30T08:20:23+00:00
4982,2729,,Hall Ltd,RBC,ZJQC55FW,FU833526727814906323,GBP,true,2025-03-16T06:48:25+00:00
4983,2730,,Carrillo PLC,Citibank,BVNJ82HN,CT275938520372310725,GBP,true,2023-04-16T02:59:21+00:00
4984,2731,,Con Edison,PNC Bank,070021880,8480434702,USD,true,2013-05-29T23:48:55+00:00
4985,2731,,Chase Card Services,JPMorgan Chase,024478365,238285002533,USD,true,2018-09-06T19:28:25+00:00
4986,2731,,Higgins and Sons,Citibank,BGYD31RN,QN772041605084279956,MXN,true,2023-09-07T02:54:43+00:00
4987,2731,,"Copeland, Patel and Stewart",HSBC,PKIM75GB,LG59688364333072,USD,false,2011-02-01T12:05:33+00:00
4988,2732,GEICO,GEICO,Bank of America,065719594,29007717732,USD,true,2026-05-07T16:12:05+00:00
4989,2732,,Smith Inc,HSBC,IYUC38VL,RZ413321308121373459,USD,true,2025-08-30T12:08:05+00:00
4990,2732,,"Taylor, Flores and Rodriguez",HDFC Bank,QRFD13EN,YC682656733209512929,INR,true,2025-09-11T23:39:25+00:00
4991,2733,City,City Water Dept,Bank of America,043284093,5905960137,USD,true,2025-05-15T17:46:25+00:00
4992,2734,,Sallie Mae,PNC Bank,009247819,02578842380,USD,true,2023-11-30T10:52:28+00:00
4993,2734,,Equity Residential,Citibank,082457273,69908273422,USD,true,2023-12-12T07:33:56+00:00
4994,2734,,City Water Dept,Wells Fargo,099546041,9942151238,USD,true,2023-09-26T01:28:14+00:00
4995,2734,,"Ayala, Griffith and Austin",RBC,IWIL61KV,JT154070140111422861,EUR,true,2024-11-24T10:11:04+00:00
4996,2734,,"Campbell, Wong and Morton",Deutsche Bank,YUBP90ER,YF936074161941797,GBP,false,2024-11-17T18:01:39+00:00
4997,2734,,Norris LLC,HSBC,UBAN51FA,TI549215562426974966,GBP,true,2025-08-07T04:05:01+00:00
4998,2735,,Duke Energy,Citibank,016031142,788344591,USD,true,2026-05-03T11:55:34+00:00
4999,2736,Chase,Chase Card Services,JPMorgan Chase,085285179,19526338442,USD,true,2024-02-06T04:12:16+00:00
5000,2736,Comcast,Comcast Xfinity,JPMorgan Chase,087616156,019415152,USD,true,2024-12-01T00:42:48+00:00
5001,2736,,City Water Dept,Bank of America,035070894,7047391295,USD,true,2026-02-06T22:44:19+00:00
5002,2736,,Sallie Mae,PNC Bank,003438820,1707505163,USD,true,2024-06-02T17:46:55+00:00
5003,2736,,"Roach, Ochoa and Long",Deutsche Bank,CZCR55DF,YG400564945160377228,MXN,true,2026-06-05T07:41:19+00:00
5004,2736,,Davis Group,Citibank,VGNG04IX,ZW048920070624942,USD,true,2026-08-24T12:44:21+00:00
5005,2737,,Sallie Mae,PNC Bank,098733181,590884636,USD,true,2026-09-12T02:37:25+00:00
5006,2737,,Discover,Citibank,045597866,283519762046,USD,true,2026-09-10T23:56:50+00:00
5007,2737,,City Water Dept,JPMorgan Chase,072619079,2213829255,USD,true,2026-08-23T15:59:53+00:00
5008,2737,,"Smith, Huber and Odonnell",HDFC Bank,TBQX06QK,KJ498611944700298996,INR,true,2026-06-21T14:02:27+00:00
5009,2737,,Taylor-Oliver,Citibank,AKMS21ZL,II4956875662320572,GBP,true,2026-05-16T08:27:42+00:00
5010,2737,,"Hamilton, Beard and Mason",HSBC,LADZ76PP,MW010213810250402,MXN,true,2026-09-10T05:16:10+00:00
5011,2738,,Sallie Mae,PNC Bank,033665330,6725958187,USD,true,2011-12-09T13:25:33+00:00
5012,2738,,Navient,PNC Bank,072772712,16057255428,USD,true,2019-04-15T03:33:22+00:00
5013,2738,Equity,Equity Residential,PNC Bank,057344118,203142217322,USD,true,2024-10-16T17:43:01+00:00
5014,2738,,Nguyen-Brown,Barclays,YVHG82BC,VV94993143148025125,GBP,true,2018-08-12T14:56:10+00:00
5015,2738,,Thompson Ltd,RBC,ELMK63NH,QB37452453571670,USD,true,2024-12-09T17:11:52+00:00
5016,2738,,Merritt LLC,BBVA Mexico,AGSB57SC,QE002631420332430235,USD,true,2015-11-25T20:51:47+00:00
5017,2739,,Con Edison,PNC Bank,069720691,3649232051,USD,true,2025-12-17T10:43:41+00:00
5018,2739,,Keith-Hall,RBC,CUBC68XX,NJ748374058491422902,USD,true,2026-01-28T05:52:54+00:00
5019,2740,PSEG,PSEG,PNC Bank,058375223,76690998941,USD,true,2020-03-07T09:34:58+00:00
5020,2740,,Chase Card Services,JPMorgan Chase,022112598,21064317178,USD,true,2015-04-05T06:42:42+00:00
5021,2740,,Long-Cox,HDFC Bank,WZAD00GT,NH441871487715959680,GBP,true,2024-10-04T15:44:47+00:00
5022,2741,,Duke Energy,JPMorgan Chase,064486791,709559879,USD,true,2019-02-28T00:51:12+00:00
5023,2741,,Ellis LLC,RBC,BANY68IR,AF823759273118091717,INR,true,2020-11-21T20:36:57+00:00
5024,2741,,Wilson-Mullins,BBVA Mexico,UZMV16SN,IG243981662371756816,CAD,true,2016-08-14T20:32:54+00:00
5025,2742,Navient,Navient,Wells Fargo,037924902,99750232847,USD,true,2021-10-03T04:44:02+00:00
5026,2742,,Duke Energy,Citibank,034933587,55113550512,USD,true,2023-10-07T00:03:42+00:00
5027,2742,,Sallie Mae,Wells Fargo,080661089,511133929418,USD,true,2021-03-15T14:28:36+00:00
5028,2742,,Equity Residential,Citibank,065720504,200852414920,USD,true,2025-10-26T00:09:21+00:00
5029,2745,City,City Water Dept,Wells Fargo,040675909,617040188159,USD,true,2026-04-24T01:39:40+00:00
5030,2746,,PSEG,Wells Fargo,042150245,8756545213,USD,true,2023-02-11T23:43:43+00:00
5031,2746,Con,Con Edison,PNC Bank,069727585,032039690,USD,true,2020-12-03T21:31:02+00:00
5032,2747,Progressive,Progressive,PNC Bank,059116903,250008013857,USD,true,2024-08-27T06:31:49+00:00
5033,2748,,Brown-Johnson,Citibank,ZONX66TL,CB160177737529026,GBP,true,2019-10-31T10:03:29+00:00
5034,2748,,Hughes-Butler,Deutsche Bank,QDRD17FU,HF581737374354971,CAD,true,2025-05-19T01:56:57+00:00
5035,2748,,Shea-Yoder,Barclays,QFTC84DB,XV05712980667346906,CAD,false,2024-09-01T03:36:04+00:00
5036,2749,GEICO,GEICO,Citibank,089758265,477550587,USD,true,2022-10-10T23:39:24+00:00
5037,2749,,Sallie Mae,Citibank,012318818,52471562643,USD,true,2020-12-21T16:56:33+00:00
5038,2749,,"Robinson, Parker and Rodriguez",BBVA Mexico,FIBA71SM,QJ7625221139273162,EUR,true,2023-03-28T21:51:10+00:00
5039,2749,,Rodriguez-Johnson,Barclays,GIDL58LG,GV510318637559241861,USD,true,2023-02-04T03:03:25+00:00
5040,2749,,Henson-Lang,HDFC Bank,LDGA48UY,JN448393788122349206,MXN,true,2022-12-11T09:21:49+00:00
5041,2750,,Con Edison,Wells Fargo,046549167,0115354658,USD,true,2013-08-19T17:08:26+00:00
5042,2750,,GEICO,JPMorgan Chase,096912442,3732019444,USD,true,2025-01-20T22:43:50+00:00
5043,2750,,Campbell LLC,HSBC,BNXI61NS,VI667705892684886827,EUR,true,2017-12-17T20:29:50+00:00
5044,2750,,"Lewis, Olsen and Davis",Deutsche Bank,CWYX53YY,PQ588713182222329635,USD,true,2015-10-23T12:14:37+00:00
5045,2750,,May-Martin,HDFC Bank,CHQS65AP,BU587037674124103164,USD,true,2014-04-15T00:44:03+00:00
5046,2751,,Equity Residential,PNC Bank,009109637,129439063630,USD,true,2024-05-04T09:01:14+00:00
5047,2751,,Chase Card Services,Bank of America,066406664,5369397001,USD,true,2022-07-13T11:10:01+00:00
5048,2752,,Progressive,PNC Bank,093599930,761622406936,USD,true,2016-12-07T16:48:09+00:00
5049,2752,AT&T,AT&T,PNC Bank,046578838,9654084031,USD,true,2024-07-27T11:16:02+00:00
5050,2752,,"Morales, Carrillo and Ponce",Barclays,HBSW30EJ,GZ218109513976686527,USD,true,2022-10-11T02:31:06+00:00
5051,2753,Navient,Navient,Citibank,013176425,04403805973,USD,true,2026-08-28T02:50:32+00:00
5052,2753,Discover,Discover,Wells Fargo,011581583,56285858507,USD,true,2026-07-07T23:26:46+00:00
5053,2754,,Duke Energy,Bank of America,009872847,8896035889,USD,true,2026-07-24T02:00:32+00:00
5054,2754,,AT&T,Wells Fargo,037624908,10008440591,USD,true,2026-03-22T06:58:02+00:00
5055,2754,Comcast,Comcast Xfinity,PNC Bank,072186062,480752489001,USD,true,2026-04-10T10:34:04+00:00
5056,2754,,Parker Ltd,RBC,TATT92AR,HL43045474243286452,INR,true,2026-06-21T08:50:21+00:00
5057,2754,,Larson and Sons,Deutsche Bank,NLYM32TI,NR734225414510927556,INR,true,2026-08-28T20:10:55+00:00
5058,2755,,Chase Card Services,Wells Fargo,076402604,88692032196,USD,true,2018-06-08T13:21:45+00:00
5059,2755,,"Bailey, Duncan and Sanchez",HSBC,ZPPT72JS,HK735080465202545715,INR,true,2023-10-19T06:57:57+00:00
5060,2756,,Con Edison,Citibank,098371212,073906200,USD,true,2026-05-01T06:53:55+00:00
5061,2756,Equity,Equity Residential,PNC Bank,010464716,599837735471,USD,true,2026-01-05T08:55:35+00:00
5062,2756,,"Beck, Juarez and Mcknight",HSBC,GJBX21VT,XK109044360505258289,INR,true,2025-07-31T01:09:44+00:00
5063,2756,,Maldonado-Morrison,HSBC,MNGK02ZM,DE405083122330465,EUR,true,2025-12-03T13:01:44+00:00
5064,2756,,Williams-Hernandez,Citibank,KBFF55LJ,ZK290872954866329297,USD,true,2026-01-16T22:14:10+00:00
5065,2757,,Comcast Xfinity,Wells Fargo,015981249,01582133074,USD,true,2022-06-19T23:53:17+00:00
5066,2757,,Equity Residential,JPMorgan Chase,083784998,7296961925,USD,true,2025-03-16T01:16:02+00:00
5067,2757,,Reed LLC,RBC,YGHV23LV,WC998418733750205738,GBP,true,2020-07-21T08:37:17+00:00
5068,2758,,Navient,Bank of America,069522687,436155368,USD,true,2021-11-12T01:37:49+00:00
5069,2758,,Clark-Knight,Citibank,UWYI45WW,LP500908605808891585,CAD,true,2023-06-18T12:23:55+00:00
5070,2758,,Johnson-Garrett,HSBC,LOTA16IL,NH020828410316378278,INR,true,2019-11-25T18:15:24+00:00
5071,2759,Progressive,Progressive,PNC Bank,015111867,69497702387,USD,true,2019-09-26T15:41:25+00:00
5072,2760,,Navient,PNC Bank,091341129,37050587527,USD,true,2025-08-28T01:06:23+00:00
5073,2760,Comcast,Comcast Xfinity,Wells Fargo,088176084,492637147805,USD,true,2022-03-25T04:04:19+00:00
5074,2760,,Chase Card Services,JPMorgan Chase,002469565,514021858670,USD,true,2016-08-04T09:31:19+00:00
5075,2760,,"Cooper, Smith and Wheeler",BBVA Mexico,ZQMC99AG,TT124738083884987745,USD,true,2020-07-08T07:53:34+00:00
5076,2760,,Williams Group,HDFC Bank,TSAO40WF,EZ962815974499732,USD,true,2021-10-01T22:18:45+00:00
5077,2761,,Chase Card Services,JPMorgan Chase,018947638,944945353,USD,true,2020-02-11T19:19:06+00:00
5078,2761,Comcast,Comcast Xfinity,PNC Bank,060431744,466997760933,USD,true,2023-07-31T08:20:00+00:00
5079,2761,,Durham Ltd,HSBC,XZAE44WR,WT0639576425499641,INR,true,2021-03-23T18:08:17+00:00
5080,2761,,Burgess-Banks,Citibank,LIFS10LQ,AE84660636308560544,EUR,true,2026-06-01T07:04:26+00:00
5081,2761,,"Blair, Weber and Hodges",Deutsche Bank,VNGF87GU,SW916972321154896047,GBP,true,2023-12-06T00:17:00+00:00
5082,2762,Greystar,Greystar Property Mgmt,Citibank,089109309,5033230494,USD,true,2026-03-07T16:24:05+00:00
5083,2762,,Curtis PLC,BBVA Mexico,QIMW72VK,ZA502915559139052741,EUR,true,2020-01-18T08:28:21+00:00
5084,2762,,Juarez Group,Deutsche Bank,OOBW84YB,MF739813910866286817,GBP,true,2019-10-28T23:56:32+00:00
5085,2764,Discover,Discover,JPMorgan Chase,085054489,51262148937,USD,true,2021-08-28T18:55:37+00:00
5086,2764,,City Water Dept,PNC Bank,080993137,8422938268,USD,true,2025-07-01T15:07:57+00:00
5087,2764,GEICO,GEICO,PNC Bank,008174374,14817159560,USD,true,2016-10-13T02:45:43+00:00
5088,2764,Sallie,Sallie Mae,Wells Fargo,099604560,91669582863,USD,true,2018-12-28T21:40:00+00:00
5089,2765,,Chase Card Services,Wells Fargo,022960214,724555970556,USD,true,2019-03-21T09:44:50+00:00
5090,2765,GEICO,GEICO,PNC Bank,004473175,072054415,USD,true,2012-11-27T01:23:46+00:00
5091,2765,Discover,Discover,PNC Bank,055188993,088701284777,USD,true,2025-02-14T22:37:04+00:00
5092,2765,Con,Con Edison,Wells Fargo,017892745,113513908,USD,true,2013-03-23T22:24:35+00:00
5093,2765,,"Navarro, Bailey and Smith",HSBC,HDDQ71NP,AV802130384221502756,USD,true,2012-01-17T20:14:04+00:00
5094,2765,,Collins LLC,HDFC Bank,IEVM40YL,CD922180434620259803,MXN,true,2015-12-19T02:47:15+00:00
5095,2766,,Chase Card Services,PNC Bank,099636730,2594766253,USD,true,2018-09-10T13:05:38+00:00
5096,2766,Greystar,Greystar Property Mgmt,JPMorgan Chase,062120125,086493362,USD,true,2015-10-01T05:43:33+00:00
5097,2766,,Equity Residential,Wells Fargo,097208504,5657044643,USD,true,2022-04-21T16:52:06+00:00
5098,2766,Sallie,Sallie Mae,Bank of America,076066692,729496398,USD,true,2014-10-16T19:47:13+00:00
5099,2766,,"Dawson, Edwards and Lopez",Citibank,FXQE65SH,IG44078209018886802,USD,true,2011-09-03T16:05:15+00:00
5100,2767,,"Erickson, Page and Miller",Barclays,NNCJ35MK,AB0372688361085517,MXN,true,2015-04-19T04:36:40+00:00
5101,2768,City,City Water Dept,Bank of America,003740063,441187830,USD,true,2019-06-14T08:27:08+00:00
5102,2768,Progressive,Progressive,Wells Fargo,071880519,23304543483,USD,true,2020-10-11T07:20:57+00:00
5103,2768,,"Marquez, Alexander and Lee",BBVA Mexico,SXGJ95KW,QH406344128256624612,CAD,true,2024-10-13T17:34:56+00:00
5104,2769,,Navient,PNC Bank,077762346,589651926876,USD,true,2026-07-11T16:00:31+00:00
5105,2770,,GEICO,Citibank,025407329,50021736093,USD,true,2017-06-25T17:20:54+00:00
5106,2770,Con,Con Edison,JPMorgan Chase,073142515,452692791,USD,true,2025-01-25T11:32:29+00:00
5107,2770,,Mann-Smith,HDFC Bank,VOAN26TF,UX908473024860129895,EUR,true,2023-11-20T11:16:43+00:00
5108,2770,,Johnson LLC,RBC,BLYO67NE,GP364413539315896754,MXN,true,2025-10-25T23:12:31+00:00
5109,2771,,Comcast Xfinity,Citibank,024122051,71480909731,USD,true,2026-05-10T00:38:12+00:00
5110,2771,,Con Edison,PNC Bank,094896732,8790129343,USD,true,2023-11-26T11:56:46+00:00
5111,2771,,Equity Residential,PNC Bank,090626842,8905130908,USD,true,2025-08-02T17:14:57+00:00
5112,2771,AT&T,AT&T,PNC Bank,039987127,099676984,USD,true,2013-07-05T02:06:32+00:00
5113,2771,,Torres-Davila,Citibank,NRXN68JC,AF77317785976769,CAD,true,2017-02-09T16:40:22+00:00
5114,2772,,PSEG,Citibank,003284314,920836536,USD,true,2015-11-05T07:50:02+00:00
5115,2772,,GEICO,Citibank,021998805,994368029080,USD,true,2025-10-17T03:53:43+00:00
5116,2773,GEICO,GEICO,JPMorgan Chase,050918874,608974380189,USD,true,2009-10-14T16:02:51+00:00
5117,2774,PSEG,PSEG,PNC Bank,001441664,355585706,USD,true,2022-12-12T20:48:05+00:00
5118,2775,,PSEG,Citibank,031992424,385153734,USD,true,2026-06-05T20:43:17+00:00
5119,2775,,City Water Dept,Wells Fargo,068381029,939067943,USD,true,2026-08-11T21:08:32+00:00
5120,2776,,Navient,Bank of America,092849179,02541220553,USD,true,2023-01-10T12:19:05+00:00
5121,2776,AT&T,AT&T,PNC Bank,017738063,129563908,USD,true,2023-05-18T14:23:36+00:00
5122,2777,Duke,Duke Energy,JPMorgan Chase,039699197,435161205541,USD,true,2022-04-28T21:38:42+00:00
5123,2777,,Navient,Citibank,022168699,362422666822,USD,true,2019-02-27T02:33:37+00:00
5124,2777,,City Water Dept,Bank of America,019236104,62957393795,USD,true,2023-07-27T11:28:33+00:00
5125,2777,GEICO,GEICO,JPMorgan Chase,088134480,4475137139,USD,true,2026-07-26T03:36:39+00:00
5126,2778,PSEG,PSEG,Wells Fargo,037259533,77318022806,USD,true,2020-12-02T22:29:04+00:00
5127,2778,,GEICO,PNC Bank,066500455,934207968,USD,true,2019-08-26T16:16:38+00:00
5128,2778,,Con Edison,JPMorgan Chase,013495841,786315354376,USD,true,2022-12-15T22:06:42+00:00
5129,2779,,Equity Residential,Citibank,055854787,632275586314,USD,true,2019-04-15T06:09:43+00:00
5130,2779,,PSEG,Wells Fargo,082346482,1141297354,USD,true,2022-07-30T01:38:29+00:00
5131,2779,,Chase Card Services,Bank of America,031006561,2120350966,USD,true,2018-12-22T05:49:29+00:00
5132,2779,,"Jones, Krause and Rose",HSBC,JNMI70LW,MQ477931319771437062,USD,true,2018-05-01T06:13:58+00:00
5133,2779,,Hall-Clark,HDFC Bank,ADYF18LA,BX282369741019506606,INR,true,2025-08-16T08:41:10+00:00
5134,2779,,"Cooper, Hale and Mathews",Barclays,IQHR21YZ,NH844129393023159378,INR,false,2019-04-16T00:19:37+00:00
5135,2780,,AT&T,Wells Fargo,038220650,685576740437,USD,true,2026-01-19T01:41:42+00:00
5136,2781,,PSEG,JPMorgan Chase,020768036,1913830562,USD,true,2023-08-31T13:44:57+00:00
5137,2781,AT&T,AT&T,Wells Fargo,029631969,24631975103,USD,true,2026-06-04T21:13:36+00:00
5138,2781,,Proctor-Elliott,RBC,DVGN41RQ,PZ128942924168230942,USD,true,2021-02-12T04:30:41+00:00
5139,2781,,"Cohen, Glenn and Perez",HSBC,YMSN47XH,WQ978784441215971878,USD,true,2024-12-20T13:23:58+00:00
5140,2781,,"Avery, Freeman and Gomez",BBVA Mexico,QYCB55HG,QW333194021530662660,MXN,true,2026-05-01T14:20:19+00:00
5141,2783,,Discover,JPMorgan Chase,069244298,3561658341,USD,true,2023-06-14T08:40:47+00:00
5142,2783,,Greystar Property Mgmt,PNC Bank,050089725,366941272848,USD,true,2023-09-20T04:51:48+00:00
5143,2783,,Comcast Xfinity,JPMorgan Chase,071710689,516508648,USD,true,2025-11-25T02:32:01+00:00
5144,2784,,Chase Card Services,Wells Fargo,006618928,8321075360,USD,true,2012-08-11T07:20:03+00:00
5145,2784,,Comcast Xfinity,Citibank,030539420,0483692637,USD,true,2025-01-09T08:51:14+00:00
5146,2784,,Sallie Mae,PNC Bank,000007567,096012657147,USD,true,2014-03-02T19:55:22+00:00
5147,2786,,Howard Inc,HSBC,YORL11IM,XQ1218181528042194,INR,true,2022-01-06T08:55:50+00:00
5148,2787,,Comcast Xfinity,PNC Bank,047472267,16613714795,USD,true,2017-06-16T09:53:19+00:00
5149,2787,,Discover,Bank of America,061594368,093223586,USD,true,2015-09-20T14:28:06+00:00
5150,2787,,Navient,PNC Bank,043694996,91087198805,USD,true,2026-05-30T21:42:52+00:00
5151,2788,,State Farm Insurance,Wells Fargo,041222143,3387004078,USD,true,2024-04-17T09:54:06+00:00
5152,2788,,City Water Dept,JPMorgan Chase,000060613,807095000,USD,true,2021-03-06T05:06:35+00:00
5153,2789,,GEICO,Bank of America,067158556,182207707,USD,true,2017-02-06T20:40:47+00:00
5154,2789,,Chase Card Services,PNC Bank,097800012,09956592852,USD,true,2015-09-24T01:43:30+00:00
5155,2790,,Equity Residential,Citibank,010656903,86402297904,USD,true,2020-03-17T09:03:57+00:00
5156,2790,Chase,Chase Card Services,JPMorgan Chase,021485346,442875098,USD,true,2020-10-01T13:48:05+00:00
5157,2791,AT&T,AT&T,JPMorgan Chase,068342466,913534936,USD,true,2021-09-13T23:34:06+00:00
5158,2791,GEICO,GEICO,Wells Fargo,086028304,9667126170,USD,true,2020-12-21T11:03:52+00:00
5159,2792,,City Water Dept,Citibank,098898332,988613394,USD,true,2021-02-09T03:53:45+00:00
5160,2793,,City Water Dept,Citibank,000324302,942405989,USD,true,2022-06-23T16:36:17+00:00
5161,2794,,AT&T,Wells Fargo,040399004,4313567215,USD,true,2023-07-14T12:05:27+00:00
5162,2794,,Sallie Mae,Citibank,094724895,275838345633,USD,true,2025-03-01T14:18:12+00:00
5163,2795,,Ruiz LLC,BBVA Mexico,DWLH16WX,PX946790179769576822,EUR,true,2025-04-02T20:22:48+00:00
5164,2795,,Woods Ltd,HDFC Bank,LGNG73EM,JP314992628383719082,INR,true,2024-12-24T16:54:48+00:00
5165,2795,,"Smith, Hendrix and Hernandez",Barclays,BMRQ58AK,WX083971252542161217,EUR,true,2024-10-30T13:24:53+00:00
5166,2796,Sallie,Sallie Mae,JPMorgan Chase,068043336,468040813,USD,true,2024-08-12T06:28:49+00:00
5167,2796,Navient,Navient,Wells Fargo,065490642,404843436,USD,true,2025-12-18T05:56:15+00:00
5168,2797,,Chase Card Services,Wells Fargo,027610056,3737758709,USD,true,2016-02-11T07:16:34+00:00
5169,2797,,PSEG,PNC Bank,033183119,069283814036,USD,true,2017-01-21T11:06:20+00:00
5170,2798,Progressive,Progressive,JPMorgan Chase,090555554,443829840935,USD,true,2026-02-11T13:09:59+00:00
5171,2798,Sallie,Sallie Mae,PNC Bank,006041184,34986821069,USD,true,2025-12-04T00:54:50+00:00
5172,2799,Duke,Duke Energy,PNC Bank,085278774,128691298632,USD,true,2020-07-21T02:14:19+00:00
5173,2799,,Progressive,Wells Fargo,041737844,033421443659,USD,true,2022-07-04T19:23:51+00:00
5174,2802,,Navient,PNC Bank,033496944,293837565,USD,true,2020-05-01T17:50:35+00:00
5175,2802,Greystar,Greystar Property Mgmt,JPMorgan Chase,064269144,4682621245,USD,true,2019-01-17T09:12:25+00:00
5176,2803,,Progressive,Wells Fargo,096042428,456259956901,USD,true,2023-07-03T14:11:15+00:00
5177,2803,,Navient,Citibank,057209230,465413436,USD,true,2024-07-27T23:07:48+00:00
5178,2803,Chase,Chase Card Services,JPMorgan Chase,084429887,9242385597,USD,true,2024-02-27T16:45:18+00:00
5179,2803,,Anderson-Barnett,HDFC Bank,BLRQ64TZ,IG042653702964742982,USD,true,2023-11-23T20:58:57+00:00
5180,2804,Con,Con Edison,PNC Bank,063223414,692174570,USD,true,2023-07-02T01:47:40+00:00
5181,2804,Progressive,Progressive,Bank of America,053104897,865416323,USD,true,2024-09-04T05:27:34+00:00
5182,2804,,Chase Card Services,JPMorgan Chase,099998632,59263728964,USD,true,2025-02-17T17:21:39+00:00
5183,2804,,City Water Dept,Wells Fargo,058186627,550664242,USD,true,2023-07-21T00:56:13+00:00
5184,2804,,"Shaw, Rowe and Schaefer",Deutsche Bank,ZGPM08RR,DK430205966243816508,USD,true,2025-12-28T14:47:25+00:00
5185,2804,,"Mills, Walter and Hicks",HSBC,YGQB63ZW,PM954810236522353583,USD,true,2024-01-23T16:05:19+00:00
5186,2804,,Brock Inc,HDFC Bank,MTFI57YB,KQ207682363398198054,MXN,true,2026-01-24T17:35:03+00:00
5187,2805,,Sallie Mae,JPMorgan Chase,048888209,90057842088,USD,true,2023-12-22T17:09:14+00:00
5188,2805,,Navient,Bank of America,085775896,0774060793,USD,true,2022-11-17T22:11:22+00:00
5189,2806,,Duke Energy,Bank of America,087965585,54009149721,USD,true,2021-11-18T15:57:31+00:00
5190,2806,,Chung-Davis,Citibank,TDKK19WV,BF701935426709599042,MXN,true,2020-12-31T21:56:21+00:00
5191,2807,,Duke Energy,PNC Bank,006646054,8772941540,USD,true,2020-10-29T19:56:55+00:00
5192,2807,,"Haynes, Owens and Sanders",RBC,KCHM47GH,JN922840535739168545,CAD,true,2023-08-05T19:12:02+00:00
5193,2807,,Williams-Johnson,Barclays,TKXG35QW,JL992168202522378,INR,true,2024-01-05T04:54:06+00:00
5194,2807,,Maldonado Inc,BBVA Mexico,DAIE83QA,WO731558669441378778,USD,true,2018-01-19T05:42:35+00:00
5195,2808,Comcast,Comcast Xfinity,Citibank,034301412,274303215107,USD,true,2021-11-05T07:56:41+00:00
5196,2808,,Equity Residential,JPMorgan Chase,062117233,88293753602,USD,true,2022-01-06T14:03:00+00:00
5197,2809,Sallie,Sallie Mae,Bank of America,098787684,09257918670,USD,true,2026-07-28T02:50:44+00:00
5198,2809,Chase,Chase Card Services,Bank of America,020916630,0409705982,USD,true,2026-02-24T19:50:59+00:00
5199,2809,,State Farm Insurance,JPMorgan Chase,040027958,533729362723,USD,true,2026-04-18T07:35:26+00:00
5200,2809,Comcast,Comcast Xfinity,PNC Bank,026647368,33106919890,USD,true,2025-12-29T22:03:01+00:00
5201,2810,,Duke Energy,Wells Fargo,089763791,413569813,USD,true,2014-05-27T06:09:46+00:00
5202,2810,City,City Water Dept,JPMorgan Chase,020431304,3570063204,USD,true,2013-07-28T22:07:17+00:00
5203,2810,,State Farm Insurance,JPMorgan Chase,091152442,230864695,USD,true,2012-10-09T21:55:32+00:00
5204,2810,,GEICO,Wells Fargo,047092999,6434171244,USD,true,2019-07-26T08:08:30+00:00
5205,2810,,Martin-Lewis,Deutsche Bank,BDMG12SB,RU646868307654656465,CAD,true,2014-11-23T07:34:43+00:00
5206,2810,,Peters Ltd,Deutsche Bank,YTSV99GP,KA698947376660196034,MXN,true,2014-04-10T06:46:20+00:00
5207,2810,,Graves Group,Deutsche Bank,TVOW30GU,KO793853718875139255,MXN,true,2019-11-02T05:45:03+00:00
5208,2812,,Sallie Mae,JPMorgan Chase,051057387,695269517,USD,true,2023-04-26T04:33:59+00:00
5209,2812,,Comcast Xfinity,Citibank,080307623,581933611,USD,true,2025-01-04T10:49:50+00:00
5210,2813,,"Baker, Wright and Thomas",Citibank,LFMR09NZ,LO348265078636649401,EUR,true,2024-02-12T08:22:13+00:00
5211,2813,,Porter-Scott,Barclays,PUVI77LM,WK782266094673523950,MXN,true,2018-09-05T15:21:46+00:00
5212,2813,,Adkins-Watts,BBVA Mexico,LWPH93RU,YU365600078327125672,INR,true,2023-08-01T21:00:49+00:00
5213,2815,City,City Water Dept,Bank of America,068185310,183274553916,USD,true,2017-10-09T23:43:16+00:00
5214,2815,,PSEG,PNC Bank,041311648,59711749118,USD,true,2017-02-01T12:23:56+00:00
5215,2815,GEICO,GEICO,Citibank,045128814,613359939194,USD,true,2017-02-01T20:59:14+00:00
5216,2815,Chase,Chase Card Services,Bank of America,087212182,5919130313,USD,true,2021-01-09T06:54:18+00:00
5217,2815,,"Bishop, Espinoza and Thompson",HDFC Bank,IWMR57RA,VF7907275759262751,MXN,true,2022-03-07T23:45:37+00:00
5218,2816,,Equity Residential,Wells Fargo,033599041,4948630370,USD,true,2024-05-16T13:08:23+00:00
5219,2816,Comcast,Comcast Xfinity,PNC Bank,096472957,77739078975,USD,true,2026-08-06T06:27:28+00:00
5220,2816,,Progressive,JPMorgan Chase,085681199,7516792945,USD,true,2025-04-06T22:06:08+00:00
5221,2816,Sallie,Sallie Mae,Citibank,071665799,4955910552,USD,true,2025-11-27T14:01:15+00:00
5222,2816,,"Andrews, Marshall and Morrison",HDFC Bank,CZIV09CO,FO397079417586973224,MXN,false,2024-05-20T00:55:14+00:00
5223,2816,,"Clark, Watkins and Pope",RBC,PUHR42KK,YZ056491931059273116,GBP,true,2026-01-09T11:40:08+00:00
5224,2817,,Discover,Wells Fargo,081595137,307726890944,USD,true,2018-11-09T02:53:57+00:00
5225,2817,,Greystar Property Mgmt,Bank of America,075398053,285776552,USD,true,2026-01-09T09:37:06+00:00
5226,2818,,GEICO,Citibank,041192681,86831467620,USD,true,2016-11-06T03:18:34+00:00
5227,2818,,Brady-Smith,Deutsche Bank,AWFY57AV,AY395484643162944782,USD,true,2014-02-13T00:19:49+00:00
5228,2819,,Comcast Xfinity,JPMorgan Chase,025177683,675189236,USD,true,2021-08-03T04:56:04+00:00
5229,2819,,Con Edison,JPMorgan Chase,029922900,073033779541,USD,true,2024-10-31T19:40:55+00:00
5230,2819,,GEICO,Wells Fargo,092564555,146785750,USD,true,2025-10-16T07:22:27+00:00
5231,2820,Sallie,Sallie Mae,JPMorgan Chase,048609174,400930215,USD,true,2018-12-12T04:24:53+00:00
5232,2820,,Duke Energy,Wells Fargo,015965836,530109065533,USD,true,2017-09-05T06:52:06+00:00
5233,2820,,Miller Ltd,RBC,IWWB46GQ,BN42347185740753,USD,true,2017-02-08T08:54:31+00:00
5234,2821,,Greystar Property Mgmt,JPMorgan Chase,050600925,739206097,USD,true,2020-03-29T00:37:26+00:00
5235,2821,Navient,Navient,JPMorgan Chase,057877462,215424264,USD,true,2013-02-26T22:05:18+00:00
5236,2821,,Comcast Xfinity,Citibank,044519391,954157783,USD,true,2026-05-05T23:24:47+00:00
5237,2821,,Roberts and Sons,RBC,AWTU86OQ,JL170310728108845392,CAD,true,2023-01-20T07:16:14+00:00
5238,2822,Greystar,Greystar Property Mgmt,Citibank,089935216,442429100246,USD,true,2019-08-01T02:36:28+00:00
5239,2824,,Equity Residential,Citibank,018956889,044235042,USD,true,2024-09-04T20:03:45+00:00
5240,2824,AT&T,AT&T,Bank of America,088705732,465475922,USD,true,2023-09-18T18:06:05+00:00
5241,2824,,Comcast Xfinity,Wells Fargo,091341221,3012127066,USD,true,2020-10-08T22:46:30+00:00
5242,2824,,PSEG,PNC Bank,053291323,241361021461,USD,true,2019-12-12T19:14:34+00:00
5243,2825,,Sallie Mae,Citibank,032880529,116398872217,USD,true,2024-04-04T21:44:13+00:00
5244,2826,Equity,Equity Residential,JPMorgan Chase,048713151,161420052,USD,true,2015-04-14T12:49:09+00:00
5245,2826,,Krause Inc,HDFC Bank,GYWD93FX,JZ589704778560043087,INR,true,2016-01-14T11:07:36+00:00
5246,2826,,French and Sons,BBVA Mexico,BSXU06VG,XZ749918930714118520,INR,true,2023-12-29T20:53:26+00:00
5247,2826,,Phelps-Howard,Deutsche Bank,VCES70IQ,PJ690520191313789240,MXN,true,2015-06-26T15:32:30+00:00
5248,2827,,Greystar Property Mgmt,PNC Bank,077612825,208289664180,USD,true,2026-04-25T07:29:53+00:00
5249,2827,,"Williams, Coleman and Thomas",Barclays,ZJAH77GX,PX035969244868658430,MXN,true,2024-11-05T08:24:25+00:00
5250,2827,,Hernandez-Ramos,Barclays,ZQLR98QF,VY353726479204900143,MXN,true,2016-09-04T08:08:29+00:00
5251,2828,State,State Farm Insurance,Wells Fargo,004235159,787331487742,USD,true,2012-05-25T21:27:36+00:00
5252,2828,PSEG,PSEG,PNC Bank,086581293,838146893641,USD,true,2020-11-04T08:18:28+00:00
5253,2828,,Sallie Mae,Bank of America,058618169,263613270,USD,true,2016-12-19T00:14:43+00:00
5254,2828,,Strong PLC,HSBC,QUFM92IU,GX358527183278564380,MXN,true,2020-08-24T15:34:45+00:00
5255,2828,,"Stokes, Richmond and Bradshaw",Deutsche Bank,IIXT28IS,VM8630292965641874,CAD,true,2023-12-02T06:16:14+00:00
5256,2828,,Flores-Barry,BBVA Mexico,LVBG48FM,KY455381139207620395,GBP,true,2018-12-18T06:50:05+00:00
5257,2829,Chase,Chase Card Services,Citibank,018965070,4742284866,USD,true,2016-05-01T09:23:20+00:00
5258,2829,City,City Water Dept,Bank of America,046174435,8633371413,USD,true,2018-08-09T04:26:36+00:00
5259,2829,Con,Con Edison,Bank of America,085364520,55036535654,USD,true,2016-03-01T02:34:33+00:00
5260,2829,Greystar,Greystar Property Mgmt,JPMorgan Chase,075433443,335493418,USD,true,2019-05-12T04:29:15+00:00
5261,2829,,Walker-Reed,BBVA Mexico,SQOX49RF,AS837440263447038669,MXN,true,2024-06-03T12:59:30+00:00
5262,2829,,"Evans, Stephens and Meza",BBVA Mexico,PGIJ08DS,HX297404000666376911,GBP,true,2022-11-23T13:18:56+00:00
5263,2829,,"Sanders, Brown and Aguirre",BBVA Mexico,USSP94KU,IC475758099814299755,USD,true,2017-07-21T08:49:28+00:00
5264,2830,,Comcast Xfinity,Citibank,075375797,4612635425,USD,true,2025-11-04T22:13:21+00:00
5265,2830,,AT&T,Wells Fargo,020644832,10742751446,USD,true,2022-10-03T13:03:37+00:00
5266,2830,State,State Farm Insurance,Citibank,094918045,501934150721,USD,true,2009-09-17T22:19:49+00:00
5267,2830,,"Johnson, Mendez and Larsen",Citibank,JNKT05NX,IZ879445288731265473,INR,true,2017-06-27T03:42:43+00:00
5268,2830,,Holland PLC,Barclays,OBAM21AE,VH873288573646776302,USD,true,2023-03-05T09:59:35+00:00
5269,2830,,Webb-Strong,Deutsche Bank,RCIQ90GS,GN456366610112467,CAD,true,2011-07-18T22:12:18+00:00
5270,2831,Comcast,Comcast Xfinity,PNC Bank,029036347,6066406060,USD,true,2021-05-21T07:52:51+00:00
5271,2831,Greystar,Greystar Property Mgmt,Bank of America,032876006,5042423399,USD,true,2021-01-21T11:16:45+00:00
5272,2831,,Progressive,Bank of America,035340918,40874439544,USD,true,2018-09-26T00:57:01+00:00
5273,2831,,"Carlson, Young and Martin",RBC,WFHQ25DC,IY149120979648461512,USD,true,2016-07-14T01:44:32+00:00
5274,2831,,Blankenship Inc,HSBC,HDJL88MJ,ME005800572754668573,INR,true,2022-05-18T13:34:13+00:00
5275,2833,PSEG,PSEG,Citibank,044180810,679687713,USD,true,2018-03-01T14:31:48+00:00
5276,2834,,AT&T,Bank of America,071112567,68868665756,USD,true,2024-03-01T17:42:36+00:00
5277,2834,,Equity Residential,Wells Fargo,036997702,024917278814,USD,true,2013-02-22T11:46:37+00:00
5278,2835,,AT&T,Citibank,010348326,087208670449,USD,true,2024-01-18T19:02:07+00:00
5279,2835,,City Water Dept,Wells Fargo,013242376,346358721,USD,true,2024-09-25T04:27:33+00:00
5280,2835,,"Francis, French and Barnett",Barclays,LNSQ07EV,KW765679609010517736,MXN,true,2023-05-20T09:30:29+00:00
5281,2835,,Beck-Pitts,Citibank,EHYC25CB,IY689007351212916063,EUR,true,2026-03-28T20:33:38+00:00
5282,2835,,"Oneal, Gregory and Brown",Citibank,WLDR70CM,WL205692151066843555,MXN,true,2025-06-20T12:58:34+00:00
5283,2836,,Con Edison,PNC Bank,059456351,8953265913,USD,true,2019-02-17T14:20:25+00:00
5284,2836,Discover,Discover,PNC Bank,088652245,926904666294,USD,true,2014-02-11T06:21:44+00:00
5285,2837,,Sallie Mae,Wells Fargo,010983317,021614927,USD,true,2010-07-16T00:18:17+00:00
5286,2837,Duke,Duke Energy,Bank of America,015354106,845563604257,USD,true,2012-03-15T07:12:46+00:00
5287,2838,,"Brown, Wheeler and Wade",HDFC Bank,TWTQ30JQ,RC144878479438757252,CAD,false,2026-05-23T20:41:33+00:00
5288,2838,,Allen-Hughes,HDFC Bank,VACC40RV,SE397475896101412146,INR,false,2021-10-29T18:28:27+00:00
5289,2838,,"Jackson, Bell and Stuart",Citibank,CEHF34KC,RZ344634468696072099,MXN,true,2018-09-28T16:17:55+00:00
5290,2839,,AT&T,Bank of America,094307484,8178147362,USD,true,2013-03-20T18:32:03+00:00
5291,2839,GEICO,GEICO,PNC Bank,067741411,309044402,USD,true,2025-08-17T21:01:33+00:00
5292,2839,,State Farm Insurance,Bank of America,080705176,4004043705,USD,true,2025-11-11T08:21:50+00:00
5293,2840,,Duke Energy,Citibank,013600232,55732956671,USD,true,2026-05-02T17:52:22+00:00
5294,2840,,Comcast Xfinity,Bank of America,088344418,63041818675,USD,true,2026-05-23T23:17:49+00:00
5295,2840,,"Marshall, Warner and Silva",HDFC Bank,VTEP47AY,MN377639412942083506,MXN,true,2026-01-28T15:01:14+00:00
5296,2841,,PSEG,Citibank,034085186,756111094740,USD,true,2019-09-04T00:07:04+00:00
5297,2841,,Navient,Wells Fargo,095505918,597800491,USD,true,2023-03-20T14:23:05+00:00
5298,2841,,Comcast Xfinity,Citibank,020974937,558172506674,USD,true,2024-04-24T07:25:15+00:00
5299,2842,,State Farm Insurance,PNC Bank,017011883,8263086893,USD,true,2023-06-20T23:01:32+00:00
5300,2842,Greystar,Greystar Property Mgmt,Citibank,034037732,98961055838,USD,true,2022-08-04T22:34:37+00:00
5301,2842,,Con Edison,Bank of America,002084133,71262595068,USD,true,2019-11-01T17:53:07+00:00
5302,2842,Navient,Navient,JPMorgan Chase,088082725,034920609,USD,true,2026-02-05T02:16:15+00:00
5303,2842,,Miller PLC,Citibank,IDOK85NI,VL146430072215373531,GBP,true,2025-06-13T19:43:53+00:00
5304,2843,,State Farm Insurance,Bank of America,094606974,1546124103,USD,true,2015-08-03T20:57:15+00:00
5305,2843,,Sallie Mae,PNC Bank,047280999,902073712849,USD,true,2011-03-26T14:02:16+00:00
5306,2843,,Gibson Inc,Deutsche Bank,MHMW76PO,UZ683942918060449825,USD,true,2025-04-09T07:55:32+00:00
5307,2843,,"Kelly, Long and Gibbs",BBVA Mexico,QQVN52GN,GZ840174063387710104,MXN,true,2019-06-17T01:31:14+00:00
5308,2845,Discover,Discover,JPMorgan Chase,032157241,392795070769,USD,true,2019-11-14T15:35:24+00:00
5309,2845,Chase,Chase Card Services,Bank of America,068515077,959610453,USD,true,2021-11-12T17:51:19+00:00
5310,2845,GEICO,GEICO,JPMorgan Chase,041065444,366777006,USD,true,2025-09-09T22:12:52+00:00
5311,2845,,Comcast Xfinity,Citibank,017093838,994515035,USD,true,2022-07-13T17:27:05+00:00
5312,2845,,Hunt PLC,Citibank,LDJJ62XQ,WS646743548038041635,EUR,false,2016-04-07T17:01:43+00:00
5313,2846,,Odonnell-Baker,Barclays,LIUB42RD,YP271778424964034765,EUR,true,2025-12-12T06:10:42+00:00
5314,2846,,"Carson, Davis and Fowler",Deutsche Bank,POOW16AB,VC3809385029492099,USD,true,2023-09-22T06:31:53+00:00
5315,2847,Greystar,Greystar Property Mgmt,JPMorgan Chase,053707010,646514124456,USD,true,2026-03-10T00:08:40+00:00
5316,2847,Con,Con Edison,JPMorgan Chase,080828043,73400353932,USD,true,2026-06-07T22:11:16+00:00
5317,2848,,Duke Energy,Bank of America,010080452,273622852,USD,true,2015-11-11T21:07:52+00:00
5318,2848,,Discover,JPMorgan Chase,059249083,894787299148,USD,true,2015-09-03T23:39:25+00:00
5319,2848,,Sallie Mae,PNC Bank,045385228,47048190517,USD,true,2019-10-15T00:17:37+00:00
5320,2849,,City Water Dept,Bank of America,069487789,8893994498,USD,true,2018-03-25T07:39:25+00:00
5321,2849,Navient,Navient,Wells Fargo,041444249,17942166197,USD,true,2021-08-01T17:42:12+00:00
5322,2849,,"Jones, Maxwell and Diaz",HDFC Bank,QAIL10PK,FI248198909163821002,USD,true,2018-05-18T18:10:42+00:00
5323,2849,,Mccoy-Hall,BBVA Mexico,GCSG77VR,VT71579669956972070,USD,true,2023-12-11T10:31:38+00:00
5324,2849,,Peters PLC,HSBC,MRGX55SU,NI728296530065711688,EUR,true,2025-03-17T09:39:20+00:00
5325,2850,,Duke Energy,JPMorgan Chase,021655871,594738708826,USD,true,2022-06-30T11:36:42+00:00
5326,2850,Comcast,Comcast Xfinity,PNC Bank,019257103,595901180,USD,true,2025-05-25T18:06:34+00:00
5327,2850,,Garcia-Bowman,HSBC,EQOC05LN,KV172966118717988078,USD,true,2022-05-27T17:24:44+00:00
5328,2850,,Love Group,Citibank,SVSE15UC,QE630992650410519175,INR,true,2022-07-26T20:57:23+00:00
5329,2850,,Davis Group,Deutsche Bank,TIRN16KX,PB676845708408708119,GBP,true,2026-03-31T02:32:52+00:00
5330,2851,Comcast,Comcast Xfinity,Bank of America,090688985,8828460594,USD,true,2018-10-14T23:18:08+00:00
5331,2851,,Navient,JPMorgan Chase,005813156,0969798680,USD,true,2020-12-24T09:40:16+00:00
5332,2852,,AT&T,PNC Bank,076526155,200548345822,USD,true,2025-08-03T04:08:22+00:00
5333,2852,,Greystar Property Mgmt,Citibank,059772960,7428427711,USD,true,2025-05-09T16:02:26+00:00
5334,2852,Chase,Chase Card Services,JPMorgan Chase,065827303,85745528261,USD,true,2026-05-29T15:43:19+00:00
5335,2852,,"Barnett, Bean and Burton",HSBC,OLOS08QL,IB897232462053854671,EUR,true,2025-09-11T19:29:56+00:00
5336,2852,,"Bowers, Taylor and Miller",RBC,IJEU22HY,XD765654172937086091,USD,true,2026-01-13T21:45:46+00:00
5337,2853,AT&T,AT&T,Wells Fargo,072521468,059977753,USD,true,2024-08-09T12:14:50+00:00
5338,2853,,GEICO,PNC Bank,039982952,820388664,USD,true,2021-03-29T22:28:41+00:00
5339,2853,State,State Farm Insurance,Bank of America,027606297,035251916248,USD,true,2025-09-29T14:35:14+00:00
5340,2855,,Equity Residential,Citibank,049904738,010721886016,USD,true,2021-11-01T01:27:20+00:00
5341,2855,,GEICO,Wells Fargo,000345608,628846664,USD,true,2026-05-12T12:17:37+00:00
5342,2855,Con,Con Edison,PNC Bank,052572530,8000854988,USD,true,2026-03-19T00:10:07+00:00
5343,2856,,"Ryan, Garrett and Martinez",Deutsche Bank,KZBJ58LQ,RL318718701428047593,USD,true,2020-01-30T10:03:05+00:00
5344,2858,PSEG,PSEG,JPMorgan Chase,033310408,757597052,USD,true,2025-08-17T15:38:40+00:00
5345,2858,,Greystar Property Mgmt,JPMorgan Chase,046262874,186332819,USD,true,2026-09-12T10:54:06+00:00
5346,2858,Equity,Equity Residential,PNC Bank,005332501,1580674074,USD,true,2024-06-14T18:15:41+00:00
5347,2858,,Hawkins-Taylor,HDFC Bank,FCHC40XQ,KZ500689489467247051,MXN,true,2025-10-13T18:34:03+00:00
5348,2858,,Thompson Group,Barclays,SKZR46RH,KM704081782420603267,INR,false,2024-09-22T22:44:39+00:00
5349,2858,,"Higgins, Salazar and Ruiz",RBC,QKSE06WE,XH28635392424259397,EUR,true,2026-03-07T15:51:51+00:00
5350,2859,,City Water Dept,Bank of America,098093922,5070898603,USD,true,2023-11-07T23:39:35+00:00
5351,2859,Navient,Navient,JPMorgan Chase,005801334,737073341,USD,true,2020-06-07T14:33:08+00:00
5352,2859,PSEG,PSEG,JPMorgan Chase,062885748,137734805,USD,true,2024-07-13T00:58:02+00:00
5353,2860,GEICO,GEICO,Bank of America,085438311,41472941035,USD,true,2025-07-11T13:04:48+00:00
5354,2860,,Duke Energy,JPMorgan Chase,018555491,052813729468,USD,true,2022-07-28T05:58:42+00:00
5355,2860,,State Farm Insurance,Citibank,011653546,81199288282,USD,true,2021-06-01T23:16:44+00:00
5356,2860,,Rodriguez PLC,RBC,MINA26XR,VJ540409370847440,INR,false,2025-06-29T21:40:36+00:00
5357,2861,PSEG,PSEG,Wells Fargo,051351308,667631083786,USD,true,2019-03-10T19:14:59+00:00
5358,2861,,"Green, Martinez and Santiago",HDFC Bank,PDCQ99RR,RK393052515634501085,MXN,true,2016-02-24T02:48:01+00:00
5359,2862,,Chase Card Services,Citibank,001428490,889788860,USD,true,2020-06-20T09:59:00+00:00
5360,2862,,GEICO,JPMorgan Chase,006774836,479278220759,USD,true,2021-08-01T14:59:30+00:00
5361,2863,,Progressive,Bank of America,007277555,617010281,USD,true,2025-10-30T13:52:58+00:00
5362,2863,,Discover,Bank of America,066177541,875172431,USD,true,2026-02-03T22:08:56+00:00
5363,2863,Con,Con Edison,Citibank,080218183,477840306,USD,true,2026-01-22T22:08:32+00:00
5364,2863,,PSEG,Citibank,034398842,7764387261,USD,true,2025-09-12T11:12:33+00:00
5365,2863,,Nguyen PLC,HSBC,OFBQ66NQ,XO000083555237403283,CAD,true,2025-06-03T12:29:57+00:00
5366,2863,,Young Group,HSBC,CGTN90TC,GM20009745724374681,EUR,true,2026-05-18T09:31:09+00:00
5367,2863,,"Davidson, Marshall and Herman",Citibank,PFAB09ZW,QO16078539033231602,EUR,false,2025-05-07T13:32:47+00:00
5368,2864,,City Water Dept,Wells Fargo,089990335,549597961,USD,true,2019-12-30T15:10:36+00:00
5369,2864,,Con Edison,Bank of America,009701138,09163403277,USD,true,2020-11-29T10:56:35+00:00
5370,2864,,PSEG,PNC Bank,097474692,72552201340,USD,true,2014-12-23T04:54:18+00:00
5371,2865,,State Farm Insurance,Bank of America,083446723,783501709845,USD,true,2023-04-19T06:52:23+00:00
5372,2865,Comcast,Comcast Xfinity,JPMorgan Chase,089300951,65336716265,USD,true,2025-10-05T04:28:11+00:00
5373,2865,,"Yang, Hamilton and Mcbride",RBC,GATU73WN,TJ541988020452071587,GBP,true,2023-08-02T06:59:33+00:00
5374,2865,,Hancock Ltd,RBC,NVJP53KR,XU632862798072419478,GBP,true,2025-11-30T02:19:59+00:00
5375,2867,Con,Con Edison,PNC Bank,042574972,589032548,USD,true,2024-02-11T16:29:53+00:00
5376,2867,,"Powers, Cox and Ortega",HSBC,AFGY58JX,NZ187888175128572794,MXN,true,2023-01-09T18:37:43+00:00
5377,2867,,Freeman-Howell,Citibank,ZJUF01KL,BX380969524421452026,USD,true,2018-09-10T04:29:08+00:00
5378,2867,,Wallace PLC,HSBC,LGJN65JN,GT283913503049184544,GBP,true,2016-05-13T06:09:52+00:00
5379,2870,,Chase Card Services,Wells Fargo,023538100,1865997429,USD,true,2022-07-23T15:37:13+00:00
5380,2870,Greystar,Greystar Property Mgmt,Bank of America,023993398,236032483632,USD,true,2026-06-13T22:37:42+00:00
5381,2870,,Tucker-Mosley,RBC,DJDI33BY,HS917498753699754546,GBP,true,2023-01-04T19:54:43+00:00
5382,2871,,City Water Dept,Citibank,035187028,804167456072,USD,true,2009-04-20T18:05:43+00:00
5383,2871,Con,Con Edison,JPMorgan Chase,081102297,5845906509,USD,true,2020-04-09T10:50:54+00:00
5384,2871,Navient,Navient,Citibank,004578693,21832347001,USD,true,2011-01-25T14:02:30+00:00
5385,2871,GEICO,GEICO,Citibank,064425938,54482314747,USD,true,2018-07-15T21:58:47+00:00
5386,2871,,Lewis Inc,HDFC Bank,YZZV14AQ,KG571351096189701412,GBP,true,2013-11-22T03:58:37+00:00
5387,2871,,"Flowers, Butler and Waters",Deutsche Bank,CYNW67BW,GU688356954729257911,MXN,true,2020-08-27T16:08:52+00:00
5388,2871,,Nelson-Carson,Barclays,ODKO33HC,LC173656995886260270,INR,true,2009-06-14T14:53:49+00:00
5389,2872,,GEICO,Bank of America,086322773,18041934660,USD,true,2025-10-21T22:22:34+00:00
5390,2872,Equity,Equity Residential,Citibank,063790496,614200409,USD,true,2026-07-09T09:39:26+00:00
5391,2873,State,State Farm Insurance,JPMorgan Chase,041493802,973045187376,USD,true,2014-07-08T20:44:42+00:00
5392,2873,,Con Edison,Bank of America,031597090,4822240146,USD,true,2024-08-19T02:52:01+00:00
5393,2873,,Greystar Property Mgmt,Wells Fargo,040248378,0789972035,USD,true,2016-12-08T02:23:42+00:00
5394,2874,,Chase Card Services,PNC Bank,050468076,5025930294,USD,true,2018-07-29T16:15:25+00:00
5395,2874,,Greystar Property Mgmt,PNC Bank,012553904,4306919069,USD,true,2022-05-27T03:28:52+00:00
5396,2874,,Johnson PLC,RBC,RGHO90CN,NE688343960591397324,INR,true,2015-03-16T02:24:50+00:00
5397,2876,,State Farm Insurance,JPMorgan Chase,005295432,842207582924,USD,true,2024-03-30T12:18:04+00:00
5398,2876,AT&T,AT&T,Bank of America,011970651,35123917455,USD,true,2026-07-13T07:20:28+00:00
5399,2878,PSEG,PSEG,JPMorgan Chase,021825544,104224704940,USD,true,2022-10-28T10:19:17+00:00
5400,2878,,Greystar Property Mgmt,Bank of America,035383080,23857975777,USD,true,2019-06-12T04:35:28+00:00
5401,2878,Equity,Equity Residential,Bank of America,059599234,06958445694,USD,true,2022-07-04T10:57:16+00:00
5402,2878,,"Fitzpatrick, Gates and Clarke",HSBC,JSWP16MC,SZ480364056159613842,USD,true,2020-02-24T10:53:20+00:00
5403,2878,,Vasquez PLC,Barclays,KUAC49WT,OV387509827232962528,USD,true,2018-02-14T04:45:38+00:00
5404,2879,,Con Edison,JPMorgan Chase,089413075,794371134949,USD,true,2022-03-06T03:54:52+00:00
5405,2879,Duke,Duke Energy,PNC Bank,033518423,27850064478,USD,true,2022-05-19T20:40:11+00:00
5406,2879,,"Anderson, Hebert and Richardson",RBC,OSJK65PA,XL92908480023955,USD,true,2023-01-21T10:09:46+00:00
5407,2879,,Daniel PLC,Barclays,LHMF95GS,SL729985374095764437,GBP,true,2025-04-06T22:17:40+00:00
5408,2880,,"Santana, Collier and Sandoval",RBC,CVEJ06IJ,QB578626218167898590,GBP,true,2026-04-13T23:12:37+00:00
5409,2880,,Jones and Sons,Citibank,LLLB28AA,LU763825448659448675,USD,false,2019-04-19T13:32:03+00:00
5410,2880,,Parks-Jones,HSBC,LTRE50GC,PA357573634593605514,EUR,true,2025-04-16T07:51:44+00:00
5411,2881,,GEICO,Citibank,080033902,238340885595,USD,true,2022-09-28T21:18:52+00:00
5412,2881,Con,Con Edison,Citibank,049490601,442149135,USD,true,2021-09-01T09:38:29+00:00
5413,2881,,City Water Dept,JPMorgan Chase,066613464,756351041712,USD,true,2020-08-30T18:52:38+00:00
5414,2881,,Navient,Bank of America,001411636,653092954,USD,true,2026-01-06T17:37:12+00:00
5415,2883,,Comcast Xfinity,Citibank,093404134,85245932984,USD,true,2022-11-13T16:45:37+00:00
5416,2884,,Sallie Mae,Bank of America,035388253,463100305,USD,true,2016-12-14T01:51:50+00:00
5417,2884,,Navient,Wells Fargo,070767483,56849968029,USD,true,2017-08-06T21:45:44+00:00
5418,2884,,Duke Energy,Bank of America,056238951,05216792771,USD,true,2022-03-17T23:25:11+00:00
5419,2884,,Peters Inc,Citibank,EWHK24UC,FU191157036142156844,CAD,true,2022-10-05T06:15:48+00:00
5420,2884,,Silva Group,RBC,SJDS97OV,HT596280978766726677,MXN,true,2024-05-20T06:01:19+00:00
5421,2885,Progressive,Progressive,JPMorgan Chase,045316730,308610120950,USD,true,2020-02-21T17:45:29+00:00
5422,2885,,State Farm Insurance,PNC Bank,048688586,675390567550,USD,true,2018-12-22T21:59:35+00:00
5423,2886,,City Water Dept,JPMorgan Chase,021320682,2173361503,USD,true,2026-02-04T00:20:59+00:00
5424,2886,,Discover,PNC Bank,006099771,22044250503,USD,true,2024-07-06T00:36:10+00:00
5425,2886,State,State Farm Insurance,PNC Bank,042305954,24455805805,USD,true,2024-01-18T21:56:49+00:00
5426,2886,Comcast,Comcast Xfinity,PNC Bank,034911915,602150750,USD,true,2025-05-16T09:15:13+00:00
5427,2886,,Giles-Swanson,Barclays,ZJZP00IO,XP020529094484697525,CAD,true,2024-05-24T17:54:15+00:00
5428,2886,,Williams-Blevins,RBC,GTHY23MZ,WA285049077650363760,GBP,true,2023-10-09T15:11:15+00:00
5429,2887,,AT&T,Citibank,083687576,676279027,USD,true,2020-07-25T08:12:46+00:00
5430,2887,,"Obrien, Freeman and Martin",RBC,IEJI72TV,BB658320323450385545,CAD,false,2021-06-19T10:48:26+00:00
5431,2888,,Duke Energy,Citibank,026214186,76283917715,USD,true,2024-08-10T14:50:53+00:00
5432,2888,,GEICO,PNC Bank,085846852,737571782402,USD,true,2019-11-02T09:37:14+00:00
5433,2888,,Greystar Property Mgmt,Bank of America,026140411,846094852,USD,true,2023-05-07T23:51:52+00:00
5434,2889,,Cox Inc,RBC,VISO14KW,IM516928842871585779,MXN,true,2025-10-08T10:49:17+00:00
5435,2890,,Con Edison,PNC Bank,029650903,92830737184,USD,true,2009-11-20T15:55:59+00:00
5436,2890,GEICO,GEICO,JPMorgan Chase,070722531,075158485,USD,true,2020-02-20T17:14:54+00:00
5437,2890,,Chase Card Services,Citibank,070532039,43578009041,USD,true,2012-12-27T08:34:49+00:00
5438,2890,,Equity Residential,PNC Bank,054245597,81380967383,USD,true,2025-11-11T07:14:42+00:00
5439,2890,,"Mccann, Hansen and Burns",RBC,CEMJ78YY,XZ522098819579880370,EUR,true,2015-01-18T13:30:43+00:00
5440,2891,,AT&T,Wells Fargo,009645582,99962928373,USD,true,2017-09-12T19:54:19+00:00
5441,2891,,Equity Residential,JPMorgan Chase,097966629,713915835,USD,true,2022-10-13T20:30:15+00:00
5442,2892,,Progressive,Bank of America,069384093,5374557284,USD,true,2026-05-31T18:49:21+00:00
5443,2892,AT&T,AT&T,PNC Bank,015208378,599827464,USD,true,2026-07-10T20:20:59+00:00
5444,2892,Duke,Duke Energy,Citibank,075553007,82529718259,USD,true,2017-02-15T03:36:42+00:00
5445,2892,,Bonilla-Daniels,RBC,GUTM43JH,WS830758978114180606,CAD,true,2023-12-20T22:50:33+00:00
5446,2893,,Greystar Property Mgmt,PNC Bank,026505506,024458788,USD,true,2024-09-01T09:12:35+00:00
5447,2893,,Comcast Xfinity,JPMorgan Chase,024783561,825516481,USD,true,2022-04-22T07:38:46+00:00
5448,2894,Chase,Chase Card Services,Wells Fargo,067772602,74595626351,USD,true,2022-12-28T06:00:11+00:00
5449,2894,Comcast,Comcast Xfinity,PNC Bank,060910773,72664473952,USD,true,2023-12-06T11:06:33+00:00
5450,2894,,City Water Dept,Citibank,062777979,95439506946,USD,true,2023-09-07T07:48:33+00:00
5451,2894,GEICO,GEICO,JPMorgan Chase,000498748,587240720,USD,true,2023-08-28T17:53:46+00:00
5452,2896,Con,Con Edison,Wells Fargo,053404359,826074693347,USD,true,2020-06-06T09:59:41+00:00
5453,2896,,Greystar Property Mgmt,Citibank,006528080,465574381,USD,true,2026-05-28T00:49:56+00:00
5454,2897,Greystar,Greystar Property Mgmt,Bank of America,078421977,633464468,USD,true,2023-01-08T22:11:55+00:00
5455,2897,,GEICO,JPMorgan Chase,012884560,7345340476,USD,true,2018-10-22T05:23:37+00:00
5456,2897,,Jacobson Ltd,Barclays,IFKA46TY,YI980445068125018790,INR,true,2015-05-16T18:49:25+00:00
5457,2897,,Estrada-Rodgers,RBC,KWLV84YI,JI058551343393134819,GBP,true,2015-01-24T06:12:44+00:00
5458,2897,,"Saunders, Kramer and Ellis",RBC,XKVU41UP,YF952550754263364519,MXN,false,2018-07-15T21:32:12+00:00
5459,2898,,Discover,Citibank,064990576,088174613878,USD,true,2026-04-09T16:25:52+00:00
5460,2899,,State Farm Insurance,Wells Fargo,092823555,996874850094,USD,true,2026-05-02T12:03:54+00:00
5461,2899,,Greystar Property Mgmt,Wells Fargo,090600002,976865325,USD,true,2026-01-07T19:42:49+00:00
5462,2899,,Navient,Bank of America,097503984,224932773,USD,true,2025-12-26T05:31:04+00:00
5463,2900,,Duke Energy,JPMorgan Chase,015729290,413912554342,USD,true,2020-02-14T01:14:12+00:00
5464,2900,,Greystar Property Mgmt,Wells Fargo,090800914,853945032745,USD,true,2021-08-19T03:08:21+00:00
5465,2900,,Equity Residential,Citibank,033883394,9342998619,USD,true,2022-09-19T19:26:35+00:00
5466,2900,,State Farm Insurance,PNC Bank,061060090,09600545672,USD,true,2017-07-25T15:44:25+00:00
5467,2900,,"Hughes, Navarro and Mcdaniel",Barclays,ZHPT83BQ,SN52042452807147,EUR,true,2014-01-16T17:03:47+00:00
5468,2901,,Sallie Mae,Bank of America,040762191,18596463350,USD,true,2019-02-04T06:05:18+00:00
5469,2901,City,City Water Dept,PNC Bank,007847991,164145138,USD,true,2024-01-27T16:29:24+00:00
5470,2901,,State Farm Insurance,JPMorgan Chase,042321793,98002125553,USD,true,2020-04-28T22:10:31+00:00
5471,2901,,Navient,PNC Bank,071952163,8872090353,USD,true,2019-07-07T14:02:56+00:00
5472,2902,,Duke Energy,Wells Fargo,079818992,967235402950,USD,true,2026-06-17T15:44:35+00:00
5473,2902,City,City Water Dept,Wells Fargo,007777691,2902592375,USD,true,2025-05-10T14:49:58+00:00
5474,2903,,AT&T,Wells Fargo,041190413,342387142,USD,true,2022-10-02T23:59:37+00:00
5475,2903,,Clark-Barajas,Citibank,LXBK91HM,GZ98852000599006,USD,true,2024-09-26T01:17:04+00:00
5476,2904,,PSEG,Bank of America,024203006,7488258109,USD,true,2024-01-18T03:54:42+00:00
5477,2904,,Chase Card Services,Citibank,089829481,0143528324,USD,true,2023-10-16T10:39:32+00:00
5478,2904,,"Romero, Rivera and Mccormick",Deutsche Bank,MREK76MC,DG668587844981619488,CAD,true,2022-09-02T19:02:03+00:00
5479,2904,,Ortiz and Sons,Barclays,WQZK93FH,LK970776515165297525,EUR,true,2021-01-02T21:28:35+00:00
5480,2905,,PSEG,PNC Bank,035734467,11817451928,USD,true,2025-05-07T05:23:29+00:00
5481,2905,,State Farm Insurance,Citibank,075723329,189442233544,USD,true,2024-11-17T17:57:43+00:00
5482,2905,City,City Water Dept,Wells Fargo,083253803,15419708126,USD,true,2024-05-18T19:24:55+00:00
5483,2905,Con,Con Edison,JPMorgan Chase,020452749,299685509,USD,true,2025-08-30T14:50:17+00:00
5484,2906,,Sallie Mae,PNC Bank,046090923,0096786187,USD,true,2016-04-01T22:14:50+00:00
5485,2906,,PSEG,PNC Bank,052440724,2554316087,USD,true,2022-06-09T06:12:07+00:00
5486,2906,,Progressive,PNC Bank,029721147,49770550641,USD,true,2017-09-05T23:24:13+00:00
5487,2906,,"Hernandez, Reid and Brown",HDFC Bank,ZZZU06CD,RZ793293609559306909,GBP,true,2020-05-20T02:52:28+00:00
5488,2906,,Parker PLC,Citibank,WUGU02DE,GT566039648922516996,CAD,true,2017-07-26T16:57:15+00:00
5489,2906,,Hill-Frost,BBVA Mexico,QTCH16IL,FT578956327606049798,GBP,true,2014-03-29T22:48:50+00:00
5490,2907,State,State Farm Insurance,Bank of America,071200708,921424350,USD,true,2010-09-16T01:27:01+00:00
5491,2907,AT&T,AT&T,Wells Fargo,000397844,351920567345,USD,true,2024-08-29T19:17:36+00:00
5492,2907,,Discover,Bank of America,036624927,55691976739,USD,true,2019-11-26T09:06:51+00:00
5493,2907,,PSEG,Bank of America,094859662,1339345875,USD,true,2013-08-19T21:47:13+00:00
5494,2908,,Discover,PNC Bank,054856412,14464662914,USD,true,2022-12-20T03:42:30+00:00
5495,2908,Con,Con Edison,Bank of America,078789089,837977181,USD,true,2023-02-11T16:44:09+00:00
5496,2908,,Turner Ltd,HSBC,GFFT61ZU,PH905994774516835173,GBP,false,2024-08-04T15:53:09+00:00
5497,2908,,Alexander Ltd,Citibank,QNZU20TQ,PB016832302157361835,USD,true,2025-07-23T20:44:15+00:00
5498,2909,Con,Con Edison,PNC Bank,038778572,972708042483,USD,true,2020-07-13T22:13:30+00:00
5499,2910,PSEG,PSEG,Bank of America,091215783,014713262730,USD,true,2017-09-18T02:27:05+00:00
5500,2911,,Chase Card Services,Citibank,010943482,995150838,USD,true,2020-09-20T02:26:03+00:00
5501,2911,,"Pierce, Anderson and Johnson",HDFC Bank,RFJD90YD,ZA662311690216656287,USD,true,2023-05-21T21:33:40+00:00
5502,2911,,Poole PLC,HDFC Bank,XVOJ98AB,PT74097821247535,MXN,true,2021-06-12T14:35:39+00:00
5503,2912,,GEICO,Wells Fargo,099901984,7755212156,USD,true,2019-11-04T20:23:12+00:00
5504,2913,,Navient,JPMorgan Chase,033994304,2635891414,USD,true,2018-11-30T14:39:20+00:00
5505,2913,,City Water Dept,PNC Bank,007593517,5094059029,USD,true,2025-07-24T13:02:44+00:00
5506,2913,,Con Edison,Wells Fargo,001714944,9393871669,USD,true,2015-07-02T06:43:40+00:00
5507,2915,,City Water Dept,Wells Fargo,086286050,5107001715,USD,true,2023-09-02T18:43:07+00:00
5508,2915,,State Farm Insurance,Wells Fargo,027688927,679081729,USD,true,2023-02-10T08:57:55+00:00
5509,2915,,GEICO,Wells Fargo,007100056,7920392481,USD,true,2025-06-28T12:41:18+00:00
5510,2915,,Discover,Bank of America,055578295,22173113512,USD,true,2025-03-02T10:46:13+00:00
5511,2916,,Chase Card Services,PNC Bank,040252741,8158824219,USD,true,2024-05-29T10:21:20+00:00
5512,2917,,Duke Energy,PNC Bank,018991409,019646293882,USD,true,2014-04-21T23:16:25+00:00
5513,2917,,GEICO,PNC Bank,038702812,938922578,USD,true,2017-08-17T08:11:21+00:00
5514,2917,,Clark and Sons,BBVA Mexico,TBRG16CB,XW046621009877347897,USD,false,2017-10-07T05:52:28+00:00
5515,2917,,Wallace-Park,HDFC Bank,REFB53UG,HF817521607608404387,INR,true,2021-05-17T13:39:46+00:00
5516,2919,,Equity Residential,Citibank,006428457,904935037989,USD,true,2023-02-12T22:10:48+00:00
5517,2919,,"Christian, Mclean and Fields",Barclays,PTWT59CT,CK228311207458026105,MXN,true,2020-11-02T11:55:01+00:00
5518,2919,,Moore-Harris,HSBC,UTMX75HW,NJ961291218753413261,USD,true,2022-04-17T15:22:20+00:00
5519,2919,,"Blackburn, Flores and Terry",RBC,CWDT82CD,CX79419661256751,MXN,true,2018-10-06T10:20:37+00:00
5520,2920,,Myers PLC,Barclays,FBUU66YN,PG215033047382818362,CAD,true,2020-06-12T03:39:25+00:00
5521,2920,,Turner-French,HSBC,JUSN95EG,IK993916109490238537,USD,true,2020-11-04T11:03:23+00:00
5522,2922,,Sallie Mae,Bank of America,097177471,795605166916,USD,true,2025-12-07T07:30:06+00:00
5523,2922,State,State Farm Insurance,Citibank,010560640,201624411,USD,true,2022-02-27T06:27:46+00:00
5524,2923,,PSEG,Citibank,019428785,385378436310,USD,true,2025-02-16T07:07:43+00:00
5525,2924,AT&T,AT&T,JPMorgan Chase,000557013,072219643,USD,true,2026-08-15T11:25:01+00:00
5526,2924,,PSEG,JPMorgan Chase,035529462,263806509,USD,true,2026-09-04T19:24:57+00:00
5527,2924,,Chase Card Services,Bank of America,051237709,70551767262,USD,true,2026-09-19T14:21:09+00:00
5528,2925,Progressive,Progressive,PNC Bank,086309665,194784146994,USD,true,2017-07-01T02:14:23+00:00
5529,2925,,State Farm Insurance,PNC Bank,087327294,018925117992,USD,true,2019-12-08T02:11:51+00:00
5530,2925,,AT&T,JPMorgan Chase,007175750,51511914651,USD,true,2019-06-02T03:01:31+00:00
5531,2926,,Navient,PNC Bank,012633936,476648076245,USD,true,2016-01-21T16:23:36+00:00
5532,2926,Chase,Chase Card Services,Citibank,084438509,875509418,USD,true,2013-10-07T13:33:15+00:00
5533,2927,,Progressive,Bank of America,015092759,908535704,USD,true,2016-02-07T19:49:39+00:00
5534,2927,AT&T,AT&T,Citibank,050281442,996052337,USD,true,2010-06-03T17:23:35+00:00
5535,2927,,Zhang and Sons,HDFC Bank,JNMO97BX,XI908832897512999366,INR,true,2024-07-19T00:44:54+00:00
5536,2927,,Mathews LLC,Citibank,WKQL99SP,WY380058206010044387,EUR,true,2024-08-22T09:59:28+00:00
5537,2927,,Lynch LLC,Citibank,TGLX27EJ,VT472019044042426306,MXN,true,2015-12-21T08:48:55+00:00
5538,2928,,PSEG,JPMorgan Chase,068944081,409234914,USD,true,2025-11-02T11:26:32+00:00
5539,2928,Sallie,Sallie Mae,Wells Fargo,037358487,6846355758,USD,true,2023-11-28T18:49:13+00:00
5540,2928,,City Water Dept,JPMorgan Chase,051703252,966034598786,USD,true,2025-12-11T02:19:11+00:00
5541,2928,,Davis-Chavez,RBC,PEFJ42LU,KD317307142902891176,EUR,false,2026-01-02T18:37:40+00:00
5542,2928,,Dixon Group,HSBC,MOQN33IH,CE73936204847633,USD,true,2023-07-30T14:07:56+00:00
5543,2928,,Oneill-Proctor,Citibank,XREK38CH,RW926714038780863158,INR,true,2023-11-02T23:37:51+00:00
5544,2930,,Sallie Mae,JPMorgan Chase,024817420,6593822880,USD,true,2021-01-12T08:39:17+00:00
5545,2930,,Navient,PNC Bank,038690869,107842632,USD,true,2025-12-07T16:50:11+00:00
5546,2931,Greystar,Greystar Property Mgmt,PNC Bank,014994035,175735266,USD,true,2024-12-26T17:30:54+00:00
5547,2931,,Chase Card Services,Citibank,008324675,288578402,USD,true,2025-01-10T10:49:46+00:00
5548,2931,,Con Edison,Citibank,023796274,492538967498,USD,true,2025-08-04T19:38:14+00:00
5549,2931,Progressive,Progressive,Wells Fargo,076368711,5997267389,USD,true,2025-12-02T13:59:58+00:00
5550,2933,Progressive,Progressive,Citibank,099683182,397926275080,USD,true,2021-08-04T07:36:46+00:00
5551,2933,,Discover,Citibank,009390404,6546313579,USD,true,2020-11-17T21:44:11+00:00
5552,2933,,City Water Dept,Bank of America,044388733,28322433068,USD,true,2024-04-08T05:06:41+00:00
5553,2934,Equity,Equity Residential,PNC Bank,081805271,673080159,USD,true,2019-04-08T05:38:30+00:00
5554,2934,Sallie,Sallie Mae,Citibank,038439203,193808770,USD,true,2025-04-17T17:21:20+00:00
5555,2934,,State Farm Insurance,Citibank,061365248,0920681748,USD,true,2025-10-18T04:32:51+00:00
5556,2934,,Martinez-Parker,RBC,HYXB17FJ,PW75772642167756823,INR,false,2019-05-22T20:55:33+00:00
5557,2934,,"Hammond, Molina and Blair",Deutsche Bank,SAVE94XQ,ZH249394991517062965,INR,true,2017-05-26T16:49:58+00:00
5558,2935,,PSEG,JPMorgan Chase,089250385,139340545,USD,true,2026-07-31T16:51:08+00:00
5559,2935,Progressive,Progressive,Citibank,088498023,623531431,USD,true,2025-02-25T04:20:52+00:00
5560,2935,Con,Con Edison,Citibank,036049982,057485991,USD,true,2026-06-18T05:21:37+00:00
5561,2936,,Con Edison,Wells Fargo,009498585,418882355,USD,true,2024-11-13T14:27:40+00:00
5562,2936,State,State Farm Insurance,Bank of America,049733270,143635478,USD,true,2021-06-22T07:10:31+00:00
5563,2936,GEICO,GEICO,PNC Bank,076150649,757357270182,USD,true,2026-02-13T19:38:03+00:00
5564,2936,Comcast,Comcast Xfinity,JPMorgan Chase,018723605,2088269873,USD,true,2021-09-02T04:15:51+00:00
5565,2937,,Con Edison,PNC Bank,069490449,687927477,USD,true,2019-08-20T05:14:18+00:00
5566,2937,,PSEG,Citibank,052214711,60845230296,USD,true,2019-12-26T11:59:52+00:00
5567,2938,,Sallie Mae,PNC Bank,018823797,226803677100,USD,true,2012-04-12T14:54:06+00:00
5568,2938,,Comcast Xfinity,PNC Bank,000555490,573134602,USD,true,2025-07-10T10:50:04+00:00
5569,2938,,PSEG,Wells Fargo,078681029,1707646927,USD,true,2013-12-24T22:23:31+00:00
5570,2938,Discover,Discover,Bank of America,023300216,178673232,USD,true,2016-09-11T02:38:59+00:00
5571,2939,Duke,Duke Energy,Bank of America,000757157,156971421,USD,true,2017-01-17T07:58:24+00:00
5572,2940,AT&T,AT&T,Wells Fargo,072330721,473389202,USD,true,2020-09-24T02:23:31+00:00
5573,2940,Navient,Navient,PNC Bank,020584645,0844180709,USD,true,2019-07-01T14:54:57+00:00
5574,2940,,Equity Residential,Bank of America,099183518,27123268212,USD,true,2018-09-19T00:59:53+00:00
5575,2940,,Riley Ltd,HDFC Bank,CYCL12JL,XH009068218376231546,INR,true,2018-09-07T11:22:44+00:00
5576,2940,,"Meyer, Murray and Newman",RBC,GNJN46MW,VR679901397503399661,MXN,true,2014-10-12T04:36:31+00:00
5577,2940,,"Kerr, Guerra and Friedman",RBC,PKQC03GB,YQ315692546477392435,MXN,true,2024-12-13T03:28:03+00:00
5578,2941,,Greystar Property Mgmt,JPMorgan Chase,094930927,527983023487,USD,true,2025-12-05T15:28:55+00:00
5579,2941,,GEICO,Wells Fargo,068598147,00219318954,USD,true,2023-12-13T01:52:24+00:00
5580,2941,,Con Edison,Bank of America,015646866,34902588169,USD,true,2024-04-08T22:14:16+00:00
5581,2942,AT&T,AT&T,Citibank,023672406,1429192088,USD,true,2026-01-15T04:57:25+00:00
5582,2943,GEICO,GEICO,Wells Fargo,023793547,8659984338,USD,true,2025-08-18T13:46:07+00:00
5583,2943,,Greystar Property Mgmt,JPMorgan Chase,068358226,0143824473,USD,true,2015-08-29T03:57:48+00:00
5584,2943,,Duke Energy,Bank of America,005618569,239900826630,USD,true,2020-01-11T11:04:41+00:00
5585,2943,,State Farm Insurance,Wells Fargo,088633240,852629827,USD,true,2018-08-26T23:00:38+00:00
5586,2943,,"Avila, Jordan and Hammond",Deutsche Bank,NIHP47EI,TN612246493757663,MXN,true,2023-12-18T22:51:56+00:00
5587,2943,,"Lee, Joyce and Martin",Deutsche Bank,WBZN81TS,PA813241427027598275,USD,true,2012-11-29T15:04:48+00:00
5588,2943,,Foley Group,BBVA Mexico,KCUN91LG,UT8798238690160603,CAD,true,2026-07-05T13:13:18+00:00
5589,2944,,Progressive,PNC Bank,061719856,0921156319,USD,true,2013-03-07T22:48:03+00:00
5590,2945,,Chase Card Services,Citibank,072189858,553955233,USD,true,2025-03-08T17:38:24+00:00
5591,2946,,GEICO,PNC Bank,076351716,915117422,USD,true,2017-05-28T02:26:14+00:00
5592,2946,City,City Water Dept,Bank of America,087028249,591246518493,USD,true,2018-06-24T16:16:50+00:00
5593,2946,,Alvarado Inc,Barclays,VSVE67KX,UN812095973389667645,EUR,true,2024-04-28T17:07:17+00:00
5594,2946,,Greer-Jones,BBVA Mexico,TOEA76MR,XT51946519463333724,MXN,true,2016-12-13T12:20:53+00:00
5595,2948,,Con Edison,Citibank,033226211,29101106964,USD,true,2017-03-31T04:48:48+00:00
5596,2948,,Discover,Wells Fargo,077458239,668821947,USD,true,2020-04-16T21:00:12+00:00
5597,2948,,Reyes LLC,Barclays,ZIAR22FS,MG59563007746152136,MXN,true,2016-12-27T22:04:11+00:00
5598,2949,,GEICO,JPMorgan Chase,047165836,82993524062,USD,true,2019-03-17T00:38:34+00:00
5599,2949,,City Water Dept,PNC Bank,041336142,341416930847,USD,true,2023-11-04T11:31:11+00:00
5600,2949,Con,Con Edison,Wells Fargo,009498740,98949229312,USD,true,2025-09-24T16:30:22+00:00
5601,2950,,Sallie Mae,Wells Fargo,097342160,7676328650,USD,true,2020-05-17T08:21:56+00:00
5602,2950,,"Blankenship, Rivera and Wagner",Citibank,KJGC32GW,AP633875930673248,CAD,false,2024-12-29T10:30:35+00:00
5603,2950,,"Johnston, Chambers and Gonzalez",Deutsche Bank,YBAZ02BJ,ME499576412537261052,USD,true,2025-02-02T09:08:50+00:00
5604,2951,City,City Water Dept,Wells Fargo,026004240,672479291789,USD,true,2015-12-01T18:57:50+00:00
5605,2951,,Greystar Property Mgmt,Citibank,025843771,773096928,USD,true,2020-07-05T23:21:08+00:00
5606,2951,,Brown-Campbell,HSBC,IMWF25EZ,BC25972118955792,INR,true,2026-05-22T09:42:58+00:00
5607,2951,,"Martinez, Bruce and Smith",HDFC Bank,XBUX27VY,IB465496538426608078,CAD,true,2020-12-21T23:13:42+00:00
5608,2952,,Greystar Property Mgmt,JPMorgan Chase,096225220,216460595,USD,true,2018-09-07T20:41:07+00:00
5609,2952,,City Water Dept,PNC Bank,013809412,47961399847,USD,true,2009-07-25T05:09:18+00:00
5610,2953,,AT&T,Citibank,077805459,527853649333,USD,true,2025-09-22T10:14:23+00:00
5611,2953,,Progressive,Bank of America,080303432,8085351071,USD,true,2021-02-08T06:48:15+00:00
5612,2953,Navient,Navient,Wells Fargo,095675390,5615529827,USD,true,2020-12-10T10:50:37+00:00
5613,2954,,Comcast Xfinity,Citibank,098471473,844500845321,USD,true,2025-03-01T17:41:44+00:00
5614,2954,,Greystar Property Mgmt,JPMorgan Chase,073860432,345426993,USD,true,2026-03-10T12:36:38+00:00
5615,2954,Progressive,Progressive,PNC Bank,025352384,57463569024,USD,true,2024-08-06T16:23:36+00:00
5616,2954,,Moss and Sons,BBVA Mexico,CCLD75GN,CK146999449395154732,EUR,true,2026-02-03T11:25:12+00:00
5617,2954,,Thomas PLC,Citibank,BNFD05ZN,DP594675987514930448,EUR,true,2024-07-05T14:45:28+00:00
5618,2956,Discover,Discover,JPMorgan Chase,045780102,117536750,USD,true,2025-01-17T13:35:50+00:00
5619,2956,Navient,Navient,PNC Bank,067761918,827792060,USD,true,2022-08-20T01:48:47+00:00
5620,2956,,Progressive,Citibank,049735705,1359582593,USD,true,2026-04-29T19:43:46+00:00
5621,2956,,Summers Inc,Barclays,PFXM09SD,GS785535038176106320,USD,true,2020-02-18T08:07:29+00:00
5622,2956,,"Hudson, Montgomery and Reyes",HSBC,GUFT06CQ,FN6569342886960936,USD,true,2024-09-10T15:51:18+00:00
5623,2957,Progressive,Progressive,JPMorgan Chase,063561158,258903305975,USD,true,2025-09-21T12:27:17+00:00
5624,2957,,AT&T,PNC Bank,084778738,999819110745,USD,true,2026-01-04T18:57:42+00:00
5625,2957,,Con Edison,JPMorgan Chase,010677379,0250625632,USD,true,2025-02-03T13:03:11+00:00
5626,2957,,Chase Card Services,Wells Fargo,002862004,41607780765,USD,true,2025-08-17T03:38:10+00:00
5627,2957,,"Vasquez, Wilson and Phillips",HSBC,SEJP42KV,OF791260157367847293,USD,true,2026-03-02T18:43:32+00:00
5628,2957,,Medina-Fisher,HDFC Bank,MFLP27PR,WN49361920366613,CAD,false,2024-04-24T00:59:56+00:00
5629,2958,,Progressive,JPMorgan Chase,063655080,5959945806,USD,true,2024-11-19T00:22:53+00:00
5630,2958,,Sallie Mae,Citibank,055129742,007172577228,USD,true,2022-06-08T23:54:42+00:00
5631,2959,Equity,Equity Residential,Bank of America,080122211,718276448,USD,true,2019-11-09T18:34:38+00:00
5632,2959,,Greystar Property Mgmt,Wells Fargo,015712342,72098964247,USD,true,2016-05-14T23:37:51+00:00
5633,2960,,Equity Residential,Bank of America,065541241,2928195177,USD,true,2024-03-22T18:03:46+00:00
5634,2960,,State Farm Insurance,JPMorgan Chase,021805770,565918144,USD,true,2016-09-30T20:14:20+00:00
5635,2960,AT&T,AT&T,Bank of America,089275855,641496534,USD,true,2016-04-07T18:55:19+00:00
5636,2961,,"Patterson, Pittman and Stanley",HSBC,RJSP32HO,RM833588463919345863,MXN,false,2019-06-21T10:27:13+00:00
5637,2962,,AT&T,Bank of America,094034724,607204622,USD,true,2025-01-24T05:36:05+00:00
5638,2962,Duke,Duke Energy,PNC Bank,017347126,711450057270,USD,true,2019-08-21T16:00:44+00:00
5639,2963,,"Hood, Norman and Scott",Citibank,UBML24XE,XJ752543325545783781,USD,true,2022-03-21T09:09:57+00:00
5640,2964,,Con Edison,Wells Fargo,010988742,401351798799,USD,true,2025-08-05T09:50:54+00:00
5641,2964,,Greystar Property Mgmt,JPMorgan Chase,073645502,4014659987,USD,true,2023-01-17T16:52:23+00:00
5642,2964,,Discover,PNC Bank,046468655,221579000173,USD,true,2018-02-22T22:18:48+00:00
5643,2964,GEICO,GEICO,Bank of America,013127101,617211942111,USD,true,2018-09-08T13:52:59+00:00
5644,2965,,Duke Energy,JPMorgan Chase,071469666,65840926673,USD,true,2025-07-16T18:18:42+00:00
5645,2966,,Navient,PNC Bank,012979272,852132213512,USD,true,2010-06-07T02:12:26+00:00
5646,2966,,GEICO,Bank of America,042622775,142037252989,USD,true,2018-04-11T00:32:40+00:00
5647,2966,,Davenport and Sons,RBC,LYPZ37AT,GS74847072075466,INR,true,2010-07-05T19:17:02+00:00
5648,2966,,Curry-Terry,HDFC Bank,JTWA57CX,IR288736929704635980,USD,true,2014-10-06T01:08:35+00:00
5649,2967,,Discover,Citibank,094960187,73908205834,USD,true,2024-08-27T02:17:48+00:00
5650,2967,,Equity Residential,Bank of America,091295991,436300184,USD,true,2024-06-30T03:16:18+00:00
5651,2967,,Comcast Xfinity,Wells Fargo,003393901,013368706060,USD,true,2025-05-22T23:34:49+00:00
5652,2968,Discover,Discover,Wells Fargo,079777655,81088453791,USD,true,2026-09-21T08:49:08+00:00
5653,2968,PSEG,PSEG,PNC Bank,080867457,30560500524,USD,true,2025-11-28T13:26:31+00:00
5654,2968,City,City Water Dept,Citibank,035740337,468945275,USD,true,2026-01-22T08:27:50+00:00
5655,2969,,"Thompson, Reynolds and Moore",Deutsche Bank,QLSV46UA,CB067011864473073407,GBP,true,2020-07-27T09:40:28+00:00
5656,2970,,Chase Card Services,Wells Fargo,063275921,34688326941,USD,true,2024-07-24T23:20:30+00:00
5657,2970,,Discover,PNC Bank,025428128,578992023136,USD,true,2026-09-08T07:24:38+00:00
5658,2971,,Equity Residential,Citibank,099886233,252812382788,USD,true,2023-07-11T08:21:10+00:00
5659,2971,,AT&T,JPMorgan Chase,080472520,09266542039,USD,true,2022-09-12T10:48:47+00:00
5660,2971,,Kennedy-Zimmerman,RBC,WCGK63LS,JM251752145639440784,MXN,true,2020-08-20T08:53:49+00:00
5661,2971,,"Brandt, Clark and Roth",Deutsche Bank,ALNY34KA,ZG600376378968459985,USD,true,2021-04-28T02:44:06+00:00
5662,2972,State,State Farm Insurance,PNC Bank,033450127,093190765634,USD,true,2014-02-08T13:21:11+00:00
5663,2972,,Equity Residential,Wells Fargo,038679628,9090352779,USD,true,2026-04-29T23:24:58+00:00
5664,2972,City,City Water Dept,JPMorgan Chase,061624116,662218661703,USD,true,2019-12-12T03:25:36+00:00
5665,2972,,Mullen-Martin,HDFC Bank,XTOZ68VS,BW978758857334139631,GBP,false,2014-11-01T04:10:55+00:00
5666,2972,,Lopez-Lee,HDFC Bank,LVCW91XL,QS427477589784925151,INR,true,2012-05-05T09:44:58+00:00
5667,2972,,"Kennedy, Gilmore and Edwards",HSBC,DEGF61SJ,VD74864718421885,USD,false,2016-12-04T07:03:35+00:00
5668,2973,,Progressive,Wells Fargo,070446087,092671397028,USD,true,2022-09-05T16:52:46+00:00
5669,2973,Sallie,Sallie Mae,Citibank,043221132,715540588174,USD,true,2009-12-19T04:53:12+00:00
5670,2974,,GEICO,Bank of America,042544924,2488593880,USD,true,2024-05-12T21:07:35+00:00
5671,2974,,Chase Card Services,Bank of America,060463114,11892886587,USD,true,2020-11-06T19:59:40+00:00
5672,2974,Sallie,Sallie Mae,Wells Fargo,011012982,501329797701,USD,true,2019-02-23T21:04:24+00:00
5673,2975,Navient,Navient,Bank of America,099425492,734055995,USD,true,2016-10-20T21:04:40+00:00
5674,2975,Con,Con Edison,Wells Fargo,083415840,210090905543,USD,true,2021-02-22T02:18:32+00:00
5675,2975,,Duke Energy,Bank of America,087175157,112251274,USD,true,2026-05-07T10:09:39+00:00
5676,2975,,PSEG,JPMorgan Chase,028016925,007551665338,USD,true,2023-05-02T11:41:42+00:00
5677,2976,,Duke Energy,JPMorgan Chase,093440267,295743746,USD,true,2017-07-11T06:07:07+00:00
5678,2976,State,State Farm Insurance,Wells Fargo,069751088,5445573494,USD,true,2017-07-09T02:22:55+00:00
5679,2977,Con,Con Edison,Bank of America,063517965,315033918,USD,true,2023-08-26T21:49:04+00:00
5680,2977,,Austin-Gillespie,Deutsche Bank,EUWZ26KN,SP411277816917714706,INR,true,2025-03-02T04:51:33+00:00
5681,2978,,Equity Residential,JPMorgan Chase,040120391,4201691631,USD,true,2026-05-25T05:55:47+00:00
5682,2978,State,State Farm Insurance,Wells Fargo,097206220,757377802,USD,true,2026-07-27T01:27:07+00:00
5683,2979,,PSEG,Citibank,097948272,331015833,USD,true,2026-02-10T11:02:28+00:00
5684,2979,,GEICO,Wells Fargo,091034003,556075791,USD,true,2023-09-08T08:31:31+00:00
5685,2979,,"Gross, Harding and Jennings",HSBC,EGRB93RN,FE600463208178250582,GBP,true,2026-03-11T18:57:17+00:00
5686,2979,,"Brown, Jones and Nguyen",RBC,IGWO69NM,GR072950277257875602,GBP,true,2025-05-28T21:24:32+00:00
5687,2979,,"Watson, Harris and Freeman",HSBC,GWNX69WL,YC157032711908294129,MXN,true,2025-02-23T04:47:28+00:00
5688,2980,,Duke Energy,Bank of America,051600217,01945481537,USD,true,2014-12-01T03:55:15+00:00
5689,2980,,GEICO,Citibank,019310024,950344256643,USD,true,2025-10-15T22:49:01+00:00
5690,2980,AT&T,AT&T,Citibank,080442943,649120567043,USD,true,2015-01-15T05:47:51+00:00
5691,2981,,Navient,Bank of America,066414693,3380971883,USD,true,2016-03-16T14:53:56+00:00
5692,2981,PSEG,PSEG,JPMorgan Chase,045440986,64910394185,USD,true,2024-08-23T12:42:44+00:00
5693,2981,,GEICO,JPMorgan Chase,093541002,698583797290,USD,true,2021-02-21T18:33:07+00:00
5694,2981,,"Morales, Harris and Jackson",BBVA Mexico,PVBZ25GX,AQ351361780363107815,GBP,true,2019-02-22T07:18:22+00:00
5695,2981,,Eaton-Craig,RBC,DZDN39HQ,OS834358731794735933,EUR,true,2021-11-28T00:01:42+00:00
5696,2983,,AT&T,JPMorgan Chase,076497486,2890325768,USD,true,2018-05-14T13:26:52+00:00
5697,2983,,"Mcdonald, Warren and Olson",BBVA Mexico,UWAP97AK,ST224939158508346220,MXN,true,2017-06-01T15:08:02+00:00
5698,2984,,AT&T,JPMorgan Chase,017997443,829515503977,USD,true,2024-01-13T05:08:54+00:00
5699,2984,,GEICO,JPMorgan Chase,092696815,102016089031,USD,true,2015-11-27T07:51:09+00:00
5700,2984,Chase,Chase Card Services,PNC Bank,036702656,1716020077,USD,true,2024-04-28T14:49:17+00:00
5701,2985,,AT&T,PNC Bank,051846535,2360326297,USD,true,2025-04-10T06:31:52+00:00
5702,2985,Duke,Duke Energy,Wells Fargo,085783929,03435811424,USD,true,2025-07-15T20:10:33+00:00
5703,2985,,"Hunt, Cruz and Morton",HDFC Bank,UDSW31HG,PN684913306343874612,GBP,true,2025-04-29T19:53:26+00:00
5704,2985,,Rivera-Moore,Deutsche Bank,UTFZ80LX,JK705545566749986313,USD,true,2025-01-25T20:39:56+00:00
5705,2985,,Foley-Mcgrath,Barclays,BIOF07OO,ZX103599605863949201,INR,true,2025-05-30T12:27:38+00:00
5706,2986,Con,Con Edison,Citibank,093981746,254572859521,USD,true,2020-11-29T22:26:28+00:00
5707,2986,City,City Water Dept,PNC Bank,066359971,0358780538,USD,true,2021-01-04T09:14:04+00:00
5708,2986,,Clayton-Smith,HDFC Bank,IGRG42PO,LH77026611798076,MXN,true,2009-01-11T01:41:13+00:00
5709,2986,,Stokes and Sons,Deutsche Bank,GMAZ60EO,GL933639835219103271,INR,true,2014-02-01T03:55:55+00:00
5710,2987,Greystar,Greystar Property Mgmt,Bank of America,068634710,640599121,USD,true,2024-03-20T13:01:51+00:00
5711,2987,,Sallie Mae,JPMorgan Chase,080685661,0430850876,USD,true,2023-12-30T05:55:35+00:00
5712,2987,,PSEG,Citibank,080165538,74180333372,USD,true,2026-01-30T02:54:45+00:00
5713,2988,Duke,Duke Energy,Bank of America,037802603,992348154874,USD,true,2021-02-01T03:26:51+00:00
5714,2988,,AT&T,PNC Bank,039037941,261601529,USD,true,2021-04-02T02:15:26+00:00
5715,2988,City,City Water Dept,JPMorgan Chase,050996121,2534385497,USD,true,2021-09-04T15:10:37+00:00
5716,2988,,Hill and Sons,RBC,XSTQ53XY,FV518672266645762025,GBP,true,2022-12-15T06:41:50+00:00
5717,2988,,"Walsh, Jackson and Fitzpatrick",BBVA Mexico,AIXB94RG,FV086142646562156176,MXN,true,2023-03-23T00:30:33+00:00
5718,2989,,Equity Residential,JPMorgan Chase,024472645,881370444,USD,true,2025-12-30T10:42:26+00:00
5719,2989,Chase,Chase Card Services,Citibank,046655964,98225001384,USD,true,2024-09-15T23:43:07+00:00
5720,2990,,Discover,PNC Bank,054441155,47732902204,USD,true,2024-05-31T22:41:06+00:00
5721,2990,,Sallie Mae,Citibank,092737072,038183790,USD,true,2023-02-08T09:30:28+00:00
5722,2993,,Navient,JPMorgan Chase,003544541,820249272240,USD,true,2021-01-12T14:51:15+00:00
5723,2993,,Discover,PNC Bank,005918681,4002764688,USD,true,2022-11-19T12:17:44+00:00
5724,2994,,Sallie Mae,JPMorgan Chase,015888785,849129343,USD,true,2025-06-08T14:30:34+00:00
5725,2994,,Chase Card Services,Bank of America,007276560,2179709030,USD,true,2024-12-21T23:21:19+00:00
5726,2994,Navient,Navient,Citibank,011411787,951769300707,USD,true,2026-01-24T17:29:58+00:00
5727,2994,,Sharp-Murphy,Deutsche Bank,CIQU12LS,WL995921146312932314,GBP,true,2026-07-26T09:02:02+00:00
5728,2994,,"Richards, Gordon and Lane",Citibank,MVJG85NU,FN148164974475251,GBP,true,2024-06-22T05:42:20+00:00
5729,2994,,Carlson-Allen,Barclays,JAJB47QS,SB036429423591725764,MXN,true,2026-04-07T22:01:25+00:00
5730,2995,,Sallie Mae,Wells Fargo,065984368,499219405,USD,true,2016-11-11T19:57:30+00:00
5731,2995,AT&T,AT&T,JPMorgan Chase,091065643,0657470910,USD,true,2019-09-09T23:41:28+00:00
5732,2995,Navient,Navient,Wells Fargo,022032731,908089990,USD,true,2025-06-17T04:59:40+00:00
5733,2997,Greystar,Greystar Property Mgmt,JPMorgan Chase,054033591,81125154047,USD,true,2015-03-17T02:43:41+00:00
5734,2997,,Duke Energy,JPMorgan Chase,074686254,0101118058,USD,true,2016-01-31T07:02:52+00:00
5735,2997,Equity,Equity Residential,PNC Bank,048474363,091540876,USD,true,2019-03-18T01:10:48+00:00
5736,2998,,Con Edison,Citibank,034974705,5332012214,USD,true,2025-11-26T14:28:40+00:00
5737,2998,,Jones Group,HDFC Bank,KSWP02HL,IM817283761605208673,EUR,true,2023-12-30T05:11:36+00:00
5738,2998,,"Patel, Martinez and Mcmahon",Barclays,WHRP78CB,AN116469567081507208,INR,false,2023-09-19T21:56:47+00:00
5739,2998,,Mayer LLC,Barclays,BBAW71ZP,ZR605696727620313438,CAD,true,2022-09-04T10:53:36+00:00
5740,2999,Progressive,Progressive,Citibank,030448106,783784409153,USD,true,2025-11-06T12:01:44+00:00
5741,2999,,Bowers-Smith,Barclays,IUWA00YY,YT047804717143321204,USD,true,2011-05-20T00:54:20+00:00
5742,3000,,Equity Residential,JPMorgan Chase,054626637,3069342598,USD,true,2022-02-23T08:00:18+00:00
5743,3000,,Navient,Bank of America,049803509,229222737202,USD,true,2020-06-22T03:05:03+00:00
5744,3000,Discover,Discover,Wells Fargo,003276074,360557642,USD,true,2024-11-07T05:00:59+00:00
5745,3000,,GEICO,JPMorgan Chase,007092175,5860249255,USD,true,2021-09-05T07:55:57+00:00
5746,3000,,"Middleton, Sandoval and Williams",HSBC,PEKP04MY,IN149781961115259941,INR,true,2025-04-26T15:08:24+00:00
5747,3000,,"Galvan, Martinez and Williamson",BBVA Mexico,XDIW91EX,XI54248133964365648,USD,true,2024-07-04T22:47:38+00:00
5748,3000,,Hicks-White,HDFC Bank,XIQG82HY,MD424773506473782,CAD,true,2020-10-13T14:23:02+00:00
