image_id,product_id,variant_id,url,alt_text,position
1,1,,https://cdn.shopnorth.example/p/1/1.jpg,Seaside Skin Ultra Self-Cleaning Litter Box - view 1,0
2,1,,https://cdn.shopnorth.example/p/1/2.jpg,Seaside Skin Ultra Self-Cleaning Litter Box - view 2,1
3,1,,https://cdn.shopnorth.example/p/1/3.jpg,Seaside Skin Ultra Self-Cleaning Litter Box - view 3,2
4,1,,https://cdn.shopnorth.example/p/1/4.jpg,Seaside Skin Ultra Self-Cleaning Litter Box - view 4,3
5,2,,https://cdn.shopnorth.example/p/2/1.jpg,Rove Premium Over-Door Rack - view 1,0
6,3,,https://cdn.shopnorth.example/p/3/1.jpg,Ironbark Pro Tinted Moisturizer - view 1,0
7,3,,https://cdn.shopnorth.example/p/3/2.jpg,Ironbark Pro Tinted Moisturizer - view 2,1
8,3,,https://cdn.shopnorth.example/p/3/3.jpg,Ironbark Pro Tinted Moisturizer - view 3,2
9,4,,https://cdn.shopnorth.example/p/4/1.jpg,Wren & Co. Pro Leave-In Conditioner - view 1,0
10,4,,https://cdn.shopnorth.example/p/4/2.jpg,Wren & Co. Pro Leave-In Conditioner - view 2,1
11,4,,https://cdn.shopnorth.example/p/4/3.jpg,Wren & Co. Pro Leave-In Conditioner - view 3,2
12,4,,https://cdn.shopnorth.example/p/4/4.jpg,Wren & Co. Pro Leave-In Conditioner - view 4,3
13,4,,https://cdn.shopnorth.example/p/4/5.jpg,Wren & Co. Pro Leave-In Conditioner - view 5,4
14,5,,https://cdn.shopnorth.example/p/5/1.jpg,Northwind Classic Brow Pencil - view 1,0
15,5,,https://cdn.shopnorth.example/p/5/2.jpg,Northwind Classic Brow Pencil - view 2,1
16,5,,https://cdn.shopnorth.example/p/5/3.jpg,Northwind Classic Brow Pencil - view 3,2
17,6,,https://cdn.shopnorth.example/p/6/1.jpg,Veloce Premium Slim Fit Jeans - view 1,0
18,6,,https://cdn.shopnorth.example/p/6/2.jpg,Veloce Premium Slim Fit Jeans - view 2,1
19,6,,https://cdn.shopnorth.example/p/6/3.jpg,Veloce Premium Slim Fit Jeans - view 3,2
20,6,,https://cdn.shopnorth.example/p/6/4.jpg,Veloce Premium Slim Fit Jeans - view 4,3
21,6,6,https://cdn.shopnorth.example/p/6/olive.jpg,Veloce Premium Slim Fit Jeans in Olive,11
22,6,11,https://cdn.shopnorth.example/p/6/sky-blue.jpg,Veloce Premium Slim Fit Jeans in Sky Blue,12
23,6,16,https://cdn.shopnorth.example/p/6/navy.jpg,Veloce Premium Slim Fit Jeans in Navy,13
24,7,,https://cdn.shopnorth.example/p/7/1.jpg,Rove Compact Foam Roller - view 1,0
25,7,,https://cdn.shopnorth.example/p/7/2.jpg,Rove Compact Foam Roller - view 2,1
26,7,,https://cdn.shopnorth.example/p/7/3.jpg,Rove Compact Foam Roller - view 3,2
27,7,,https://cdn.shopnorth.example/p/7/4.jpg,Rove Compact Foam Roller - view 4,3
28,8,,https://cdn.shopnorth.example/p/8/1.jpg,Arcadia Signature Flip Flop - view 1,0
29,8,,https://cdn.shopnorth.example/p/8/2.jpg,Arcadia Signature Flip Flop - view 2,1
30,8,22,https://cdn.shopnorth.example/p/8/forest-green.jpg,Arcadia Signature Flip Flop in Forest Green,11
31,8,29,https://cdn.shopnorth.example/p/8/white.jpg,Arcadia Signature Flip Flop in White,12
32,9,,https://cdn.shopnorth.example/p/9/1.jpg,Luxe Botanica Ultra Straight Leg Jeans - view 1,0
33,9,,https://cdn.shopnorth.example/p/9/2.jpg,Luxe Botanica Ultra Straight Leg Jeans - view 2,1
34,9,,https://cdn.shopnorth.example/p/9/3.jpg,Luxe Botanica Ultra Straight Leg Jeans - view 3,2
35,9,,https://cdn.shopnorth.example/p/9/4.jpg,Luxe Botanica Ultra Straight Leg Jeans - view 4,3
36,9,36,https://cdn.shopnorth.example/p/9/black.jpg,Luxe Botanica Ultra Straight Leg Jeans in Black,11
37,9,42,https://cdn.shopnorth.example/p/9/navy.jpg,Luxe Botanica Ultra Straight Leg Jeans in Navy,12
38,10,,https://cdn.shopnorth.example/p/10/1.jpg,Cobalt Audio Everyday Joggers - view 1,0
39,10,,https://cdn.shopnorth.example/p/10/2.jpg,Cobalt Audio Everyday Joggers - view 2,1
40,10,,https://cdn.shopnorth.example/p/10/3.jpg,Cobalt Audio Everyday Joggers - view 3,2
41,10,,https://cdn.shopnorth.example/p/10/4.jpg,Cobalt Audio Everyday Joggers - view 4,3
42,10,,https://cdn.shopnorth.example/p/10/5.jpg,Cobalt Audio Everyday Joggers - view 5,4
43,10,48,https://cdn.shopnorth.example/p/10/blush.jpg,Cobalt Audio Everyday Joggers in Blush,11
44,10,53,https://cdn.shopnorth.example/p/10/white.jpg,Cobalt Audio Everyday Joggers in White,12
45,10,58,https://cdn.shopnorth.example/p/10/burgundy.jpg,Cobalt Audio Everyday Joggers in Burgundy,13
46,11,,https://cdn.shopnorth.example/p/11/1.jpg,Marlowe Classic Hydrating Moisturizer - view 1,0
47,11,,https://cdn.shopnorth.example/p/11/2.jpg,Marlowe Classic Hydrating Moisturizer - view 2,1
48,11,,https://cdn.shopnorth.example/p/11/3.jpg,Marlowe Classic Hydrating Moisturizer - view 3,2
49,11,,https://cdn.shopnorth.example/p/11/4.jpg,Marlowe Classic Hydrating Moisturizer - view 4,3
50,12,,https://cdn.shopnorth.example/p/12/1.jpg,Cobalt Audio Signature Leather Low-Top - view 1,0
51,12,,https://cdn.shopnorth.example/p/12/2.jpg,Cobalt Audio Signature Leather Low-Top - view 2,1
52,12,64,https://cdn.shopnorth.example/p/12/blush.jpg,Cobalt Audio Signature Leather Low-Top in Blush,11
53,13,,https://cdn.shopnorth.example/p/13/1.jpg,Ironbark Max Kettlebell - view 1,0
54,13,,https://cdn.shopnorth.example/p/13/2.jpg,Ironbark Max Kettlebell - view 2,1
55,13,,https://cdn.shopnorth.example/p/13/3.jpg,Ironbark Max Kettlebell - view 3,2
56,14,,https://cdn.shopnorth.example/p/14/1.jpg,Cinder Studio Hydrating Moisturizer - view 1,0
57,14,,https://cdn.shopnorth.example/p/14/2.jpg,Cinder Studio Hydrating Moisturizer - view 2,1
58,14,,https://cdn.shopnorth.example/p/14/3.jpg,Cinder Studio Hydrating Moisturizer - view 3,2
59,15,,https://cdn.shopnorth.example/p/15/1.jpg,Kestrel Heritage Wireless Earbuds - view 1,0
60,15,,https://cdn.shopnorth.example/p/15/2.jpg,Kestrel Heritage Wireless Earbuds - view 2,1
61,15,73,https://cdn.shopnorth.example/p/15/navy.jpg,Kestrel Heritage Wireless Earbuds in Navy,11
62,15,74,https://cdn.shopnorth.example/p/15/sand.jpg,Kestrel Heritage Wireless Earbuds in Sand,12
63,15,75,https://cdn.shopnorth.example/p/15/charcoal.jpg,Kestrel Heritage Wireless Earbuds in Charcoal,13
64,15,76,https://cdn.shopnorth.example/p/15/sky-blue.jpg,Kestrel Heritage Wireless Earbuds in Sky Blue,14
65,16,,https://cdn.shopnorth.example/p/16/1.jpg,Pulse Fitness Essential Over-Ear Headphones - view 1,0
66,16,,https://cdn.shopnorth.example/p/16/2.jpg,Pulse Fitness Essential Over-Ear Headphones - view 2,1
67,16,,https://cdn.shopnorth.example/p/16/3.jpg,Pulse Fitness Essential Over-Ear Headphones - view 3,2
68,16,,https://cdn.shopnorth.example/p/16/4.jpg,Pulse Fitness Essential Over-Ear Headphones - view 4,3
69,16,77,https://cdn.shopnorth.example/p/16/blush.jpg,Pulse Fitness Essential Over-Ear Headphones in Blush,11
70,16,78,https://cdn.shopnorth.example/p/16/white.jpg,Pulse Fitness Essential Over-Ear Headphones in White,12
71,16,79,https://cdn.shopnorth.example/p/16/olive.jpg,Pulse Fitness Essential Over-Ear Headphones in Olive,13
72,16,80,https://cdn.shopnorth.example/p/16/sand.jpg,Pulse Fitness Essential Over-Ear Headphones in Sand,14
73,17,,https://cdn.shopnorth.example/p/17/1.jpg,Mosaic Kids Signature Espresso Machine - view 1,0
74,17,,https://cdn.shopnorth.example/p/17/2.jpg,Mosaic Kids Signature Espresso Machine - view 2,1
75,17,,https://cdn.shopnorth.example/p/17/3.jpg,Mosaic Kids Signature Espresso Machine - view 3,2
76,17,,https://cdn.shopnorth.example/p/17/4.jpg,Mosaic Kids Signature Espresso Machine - view 4,3
77,18,,https://cdn.shopnorth.example/p/18/1.jpg,Ember & Oak Premium Wireless Earbuds - view 1,0
78,18,,https://cdn.shopnorth.example/p/18/2.jpg,Ember & Oak Premium Wireless Earbuds - view 2,1
79,18,,https://cdn.shopnorth.example/p/18/3.jpg,Ember & Oak Premium Wireless Earbuds - view 3,2
80,18,82,https://cdn.shopnorth.example/p/18/blush.jpg,Ember & Oak Premium Wireless Earbuds in Blush,11
81,18,83,https://cdn.shopnorth.example/p/18/sand.jpg,Ember & Oak Premium Wireless Earbuds in Sand,12
82,19,,https://cdn.shopnorth.example/p/19/1.jpg,Lumora Premium Gentle Cleanser - view 1,0
83,20,,https://cdn.shopnorth.example/p/20/1.jpg,Kestrel Compact Eau de Toilette 100ml - view 1,0
84,21,,https://cdn.shopnorth.example/p/21/1.jpg,Saltwater Max Chelsea Boot - view 1,0
85,21,86,https://cdn.shopnorth.example/p/21/white.jpg,Saltwater Max Chelsea Boot in White,11
86,22,,https://cdn.shopnorth.example/p/22/1.jpg,Luxe Botanica Compact Scented Candle - view 1,0
87,22,,https://cdn.shopnorth.example/p/22/2.jpg,Luxe Botanica Compact Scented Candle - view 2,1
88,23,,https://cdn.shopnorth.example/p/23/1.jpg,Brightfield Max Denim Jacket - view 1,0
89,23,,https://cdn.shopnorth.example/p/23/2.jpg,Brightfield Max Denim Jacket - view 2,1
90,23,,https://cdn.shopnorth.example/p/23/3.jpg,Brightfield Max Denim Jacket - view 3,2
91,23,94,https://cdn.shopnorth.example/p/23/blush.jpg,Brightfield Max Denim Jacket in Blush,11
92,23,100,https://cdn.shopnorth.example/p/23/charcoal.jpg,Brightfield Max Denim Jacket in Charcoal,12
93,24,,https://cdn.shopnorth.example/p/24/1.jpg,Ember & Oak Classic Gentle Cleanser - view 1,0
94,24,,https://cdn.shopnorth.example/p/24/2.jpg,Ember & Oak Classic Gentle Cleanser - view 2,1
95,24,,https://cdn.shopnorth.example/p/24/3.jpg,Ember & Oak Classic Gentle Cleanser - view 3,2
96,24,,https://cdn.shopnorth.example/p/24/4.jpg,Ember & Oak Classic Gentle Cleanser - view 4,3
97,24,,https://cdn.shopnorth.example/p/24/5.jpg,Ember & Oak Classic Gentle Cleanser - view 5,4
98,25,,https://cdn.shopnorth.example/p/25/1.jpg,Marlowe Eco Road Running Shoe - view 1,0
99,25,,https://cdn.shopnorth.example/p/25/2.jpg,Marlowe Eco Road Running Shoe - view 2,1
100,25,,https://cdn.shopnorth.example/p/25/3.jpg,Marlowe Eco Road Running Shoe - view 3,2
101,25,106,https://cdn.shopnorth.example/p/25/sand.jpg,Marlowe Eco Road Running Shoe in Sand,11
102,25,113,https://cdn.shopnorth.example/p/25/forest-green.jpg,Marlowe Eco Road Running Shoe in Forest Green,12
103,26,,https://cdn.shopnorth.example/p/26/1.jpg,Pulse Fitness Essential Memory Foam Pillow - view 1,0
104,26,,https://cdn.shopnorth.example/p/26/2.jpg,Pulse Fitness Essential Memory Foam Pillow - view 2,1
105,27,,https://cdn.shopnorth.example/p/27/1.jpg,Arcadia Studio Video Doorbell - view 1,0
106,27,,https://cdn.shopnorth.example/p/27/2.jpg,Arcadia Studio Video Doorbell - view 2,1
107,27,124,https://cdn.shopnorth.example/p/27/charcoal.jpg,Arcadia Studio Video Doorbell in Charcoal,11
108,27,125,https://cdn.shopnorth.example/p/27/forest-green.jpg,Arcadia Studio Video Doorbell in Forest Green,12
109,27,126,https://cdn.shopnorth.example/p/27/heather-gray.jpg,Arcadia Studio Video Doorbell in Heather Gray,13
110,27,127,https://cdn.shopnorth.example/p/27/blush.jpg,Arcadia Studio Video Doorbell in Blush,14
111,28,,https://cdn.shopnorth.example/p/28/1.jpg,Cinder Signature Wall Mirror - view 1,0
112,28,,https://cdn.shopnorth.example/p/28/2.jpg,Cinder Signature Wall Mirror - view 2,1
113,29,,https://cdn.shopnorth.example/p/29/1.jpg,Ironbark Max Electric Kettle - view 1,0
114,29,,https://cdn.shopnorth.example/p/29/2.jpg,Ironbark Max Electric Kettle - view 2,1
115,30,,https://cdn.shopnorth.example/p/30/1.jpg,Fernway Compact LED Bike Light Set - view 1,0
116,30,,https://cdn.shopnorth.example/p/30/2.jpg,Fernway Compact LED Bike Light Set - view 2,1
117,30,,https://cdn.shopnorth.example/p/30/3.jpg,Fernway Compact LED Bike Light Set - view 3,2
118,31,,https://cdn.shopnorth.example/p/31/1.jpg,Marlowe Heritage Hiking Boot - view 1,0
119,31,131,https://cdn.shopnorth.example/p/31/black.jpg,Marlowe Heritage Hiking Boot in Black,11
120,32,,https://cdn.shopnorth.example/p/32/1.jpg,Brightfield Max Denim Jacket - view 1,0
121,32,,https://cdn.shopnorth.example/p/32/2.jpg,Brightfield Max Denim Jacket - view 2,1
122,32,138,https://cdn.shopnorth.example/p/32/olive.jpg,Brightfield Max Denim Jacket in Olive,11
123,32,143,https://cdn.shopnorth.example/p/32/sky-blue.jpg,Brightfield Max Denim Jacket in Sky Blue,12
124,33,,https://cdn.shopnorth.example/p/33/1.jpg,Arcadia Lightweight 2-Person Tent - view 1,0
125,33,,https://cdn.shopnorth.example/p/33/2.jpg,Arcadia Lightweight 2-Person Tent - view 2,1
126,34,,https://cdn.shopnorth.example/p/34/1.jpg,Marlowe Premium Wide Leg Trousers - view 1,0
127,34,,https://cdn.shopnorth.example/p/34/2.jpg,Marlowe Premium Wide Leg Trousers - view 2,1
128,34,,https://cdn.shopnorth.example/p/34/3.jpg,Marlowe Premium Wide Leg Trousers - view 3,2
129,34,,https://cdn.shopnorth.example/p/34/4.jpg,Marlowe Premium Wide Leg Trousers - view 4,3
130,34,,https://cdn.shopnorth.example/p/34/5.jpg,Marlowe Premium Wide Leg Trousers - view 5,4
131,34,149,https://cdn.shopnorth.example/p/34/charcoal.jpg,Marlowe Premium Wide Leg Trousers in Charcoal,11
132,34,155,https://cdn.shopnorth.example/p/34/black.jpg,Marlowe Premium Wide Leg Trousers in Black,12
133,35,,https://cdn.shopnorth.example/p/35/1.jpg,Ironbark Pro Yoga Mat - view 1,0
134,35,,https://cdn.shopnorth.example/p/35/2.jpg,Ironbark Pro Yoga Mat - view 2,1
135,35,,https://cdn.shopnorth.example/p/35/3.jpg,Ironbark Pro Yoga Mat - view 3,2
136,35,,https://cdn.shopnorth.example/p/35/4.jpg,Ironbark Pro Yoga Mat - view 4,3
137,35,,https://cdn.shopnorth.example/p/35/5.jpg,Ironbark Pro Yoga Mat - view 5,4
138,36,,https://cdn.shopnorth.example/p/36/1.jpg,Brightfield Essential Stainless Steel Cookware Set - view 1,0
139,36,162,https://cdn.shopnorth.example/p/36/olive.jpg,Brightfield Essential Stainless Steel Cookware Set in Olive,11
140,36,163,https://cdn.shopnorth.example/p/36/charcoal.jpg,Brightfield Essential Stainless Steel Cookware Set in Charcoal,12
141,36,164,https://cdn.shopnorth.example/p/36/white.jpg,Brightfield Essential Stainless Steel Cookware Set in White,13
142,36,165,https://cdn.shopnorth.example/p/36/black.jpg,Brightfield Essential Stainless Steel Cookware Set in Black,14
143,37,,https://cdn.shopnorth.example/p/37/1.jpg,Pulse Fitness Ultra Area Rug - view 1,0
144,37,,https://cdn.shopnorth.example/p/37/2.jpg,Pulse Fitness Ultra Area Rug - view 2,1
145,37,,https://cdn.shopnorth.example/p/37/3.jpg,Pulse Fitness Ultra Area Rug - view 3,2
146,38,,https://cdn.shopnorth.example/p/38/1.jpg,Summit Supply Essential Screen Protector 2-Pack - view 1,0
147,38,167,https://cdn.shopnorth.example/p/38/heather-gray.jpg,Summit Supply Essential Screen Protector 2-Pack in Heather Gray,11
148,38,168,https://cdn.shopnorth.example/p/38/sky-blue.jpg,Summit Supply Essential Screen Protector 2-Pack in Sky Blue,12
149,39,,https://cdn.shopnorth.example/p/39/1.jpg,Lumora Heritage Crew Neck T-Shirt - view 1,0
150,39,,https://cdn.shopnorth.example/p/39/2.jpg,Lumora Heritage Crew Neck T-Shirt - view 2,1
151,39,,https://cdn.shopnorth.example/p/39/3.jpg,Lumora Heritage Crew Neck T-Shirt - view 3,2
152,39,,https://cdn.shopnorth.example/p/39/4.jpg,Lumora Heritage Crew Neck T-Shirt - view 4,3
153,39,169,https://cdn.shopnorth.example/p/39/forest-green.jpg,Lumora Heritage Crew Neck T-Shirt in Forest Green,11
154,39,175,https://cdn.shopnorth.example/p/39/sky-blue.jpg,Lumora Heritage Crew Neck T-Shirt in Sky Blue,12
155,39,180,https://cdn.shopnorth.example/p/39/charcoal.jpg,Lumora Heritage Crew Neck T-Shirt in Charcoal,13
156,39,186,https://cdn.shopnorth.example/p/39/olive.jpg,Lumora Heritage Crew Neck T-Shirt in Olive,14
157,40,,https://cdn.shopnorth.example/p/40/1.jpg,Voltix Heritage Trail Running Shoe - view 1,0
158,40,,https://cdn.shopnorth.example/p/40/2.jpg,Voltix Heritage Trail Running Shoe - view 2,1
159,40,192,https://cdn.shopnorth.example/p/40/white.jpg,Voltix Heritage Trail Running Shoe in White,11
160,40,199,https://cdn.shopnorth.example/p/40/heather-gray.jpg,Voltix Heritage Trail Running Shoe in Heather Gray,12
161,41,,https://cdn.shopnorth.example/p/41/1.jpg,Cobalt Audio Essential Electric Kettle - view 1,0
162,42,,https://cdn.shopnorth.example/p/42/1.jpg,Alder & Pine Pro Smart Bulb 4-Pack - view 1,0
163,43,,https://cdn.shopnorth.example/p/43/1.jpg,Saltwater Studio Orthopedic Dog Bed - view 1,0
164,43,,https://cdn.shopnorth.example/p/43/2.jpg,Saltwater Studio Orthopedic Dog Bed - view 2,1
165,43,,https://cdn.shopnorth.example/p/43/3.jpg,Saltwater Studio Orthopedic Dog Bed - view 3,2
166,43,,https://cdn.shopnorth.example/p/43/4.jpg,Saltwater Studio Orthopedic Dog Bed - view 4,3
167,44,,https://cdn.shopnorth.example/p/44/1.jpg,Luxe Botanica Signature Electric Kettle - view 1,0
168,45,,https://cdn.shopnorth.example/p/45/1.jpg,Everkind Heritage Hybrid Bike - view 1,0
169,46,,https://cdn.shopnorth.example/p/46/1.jpg,Quill Premium Vitamin C Serum - view 1,0
170,46,,https://cdn.shopnorth.example/p/46/2.jpg,Quill Premium Vitamin C Serum - view 2,1
171,46,,https://cdn.shopnorth.example/p/46/3.jpg,Quill Premium Vitamin C Serum - view 3,2
172,46,,https://cdn.shopnorth.example/p/46/4.jpg,Quill Premium Vitamin C Serum - view 4,3
173,46,,https://cdn.shopnorth.example/p/46/5.jpg,Quill Premium Vitamin C Serum - view 5,4
174,47,,https://cdn.shopnorth.example/p/47/1.jpg,Apex Motion Ultra Wide Leg Trousers - view 1,0
175,47,,https://cdn.shopnorth.example/p/47/2.jpg,Apex Motion Ultra Wide Leg Trousers - view 2,1
176,47,212,https://cdn.shopnorth.example/p/47/burgundy.jpg,Apex Motion Ultra Wide Leg Trousers in Burgundy,11
177,47,218,https://cdn.shopnorth.example/p/47/forest-green.jpg,Apex Motion Ultra Wide Leg Trousers in Forest Green,12
178,47,224,https://cdn.shopnorth.example/p/47/blush.jpg,Apex Motion Ultra Wide Leg Trousers in Blush,13
179,48,,https://cdn.shopnorth.example/p/48/1.jpg,Glowbar Studio 2-Person Tent - view 1,0
180,49,,https://cdn.shopnorth.example/p/49/1.jpg,"Quill Ultra 15.6"" Laptop - view 1",0
181,49,,https://cdn.shopnorth.example/p/49/2.jpg,"Quill Ultra 15.6"" Laptop - view 2",1
182,49,231,https://cdn.shopnorth.example/p/49/silver.jpg,"Quill Ultra 15.6"" Laptop in Silver",11
183,49,232,https://cdn.shopnorth.example/p/49/space-gray.jpg,"Quill Ultra 15.6"" Laptop in Space Gray",12
184,50,,https://cdn.shopnorth.example/p/50/1.jpg,Cobalt Audio Eco 2-Person Tent - view 1,0
185,50,,https://cdn.shopnorth.example/p/50/2.jpg,Cobalt Audio Eco 2-Person Tent - view 2,1
186,50,,https://cdn.shopnorth.example/p/50/3.jpg,Cobalt Audio Eco 2-Person Tent - view 3,2
187,51,,https://cdn.shopnorth.example/p/51/1.jpg,Saltwater Compact Hair Oil - view 1,0
188,51,,https://cdn.shopnorth.example/p/51/2.jpg,Saltwater Compact Hair Oil - view 2,1
189,51,,https://cdn.shopnorth.example/p/51/3.jpg,Saltwater Compact Hair Oil - view 3,2
190,51,,https://cdn.shopnorth.example/p/51/4.jpg,Saltwater Compact Hair Oil - view 4,3
191,51,,https://cdn.shopnorth.example/p/51/5.jpg,Saltwater Compact Hair Oil - view 5,4
192,52,,https://cdn.shopnorth.example/p/52/1.jpg,Saltwater Heritage Drawer Organizer - view 1,0
193,53,,https://cdn.shopnorth.example/p/53/1.jpg,Urban Nomad Everyday Eau de Parfum 50ml - view 1,0
194,53,,https://cdn.shopnorth.example/p/53/2.jpg,Urban Nomad Everyday Eau de Parfum 50ml - view 2,1
195,53,,https://cdn.shopnorth.example/p/53/3.jpg,Urban Nomad Everyday Eau de Parfum 50ml - view 3,2
196,53,,https://cdn.shopnorth.example/p/53/4.jpg,Urban Nomad Everyday Eau de Parfum 50ml - view 4,3
197,53,,https://cdn.shopnorth.example/p/53/5.jpg,Urban Nomad Everyday Eau de Parfum 50ml - view 5,4
198,54,,https://cdn.shopnorth.example/p/54/1.jpg,Halcyon Home Essential Magnetic Tiles - view 1,0
199,54,,https://cdn.shopnorth.example/p/54/2.jpg,Halcyon Home Essential Magnetic Tiles - view 2,1
200,54,,https://cdn.shopnorth.example/p/54/3.jpg,Halcyon Home Essential Magnetic Tiles - view 3,2
201,55,,https://cdn.shopnorth.example/p/55/1.jpg,"Birchwood Pro 14"" Ultrabook - view 1",0
202,55,,https://cdn.shopnorth.example/p/55/2.jpg,"Birchwood Pro 14"" Ultrabook - view 2",1
203,55,,https://cdn.shopnorth.example/p/55/3.jpg,"Birchwood Pro 14"" Ultrabook - view 3",2
204,55,241,https://cdn.shopnorth.example/p/55/silver.jpg,"Birchwood Pro 14"" Ultrabook in Silver",11
205,55,243,https://cdn.shopnorth.example/p/55/space-gray.jpg,"Birchwood Pro 14"" Ultrabook in Space Gray",12
206,56,,https://cdn.shopnorth.example/p/56/1.jpg,Pulse Fitness Compact Over-Door Rack - view 1,0
207,57,,https://cdn.shopnorth.example/p/57/1.jpg,Marlowe Pro Tinted Moisturizer - view 1,0
208,57,,https://cdn.shopnorth.example/p/57/2.jpg,Marlowe Pro Tinted Moisturizer - view 2,1
209,57,,https://cdn.shopnorth.example/p/57/3.jpg,Marlowe Pro Tinted Moisturizer - view 3,2
210,58,,https://cdn.shopnorth.example/p/58/1.jpg,Veloce Max 2-in-1 Convertible Laptop - view 1,0
211,58,,https://cdn.shopnorth.example/p/58/2.jpg,Veloce Max 2-in-1 Convertible Laptop - view 2,1
212,58,248,https://cdn.shopnorth.example/p/58/silver.jpg,Veloce Max 2-in-1 Convertible Laptop in Silver,11
213,58,249,https://cdn.shopnorth.example/p/58/space-gray.jpg,Veloce Max 2-in-1 Convertible Laptop in Space Gray,12
214,59,,https://cdn.shopnorth.example/p/59/1.jpg,Kestrel Premium USB-C Charging Cable - view 1,0
215,59,,https://cdn.shopnorth.example/p/59/2.jpg,Kestrel Premium USB-C Charging Cable - view 2,1
216,59,,https://cdn.shopnorth.example/p/59/3.jpg,Kestrel Premium USB-C Charging Cable - view 3,2
217,59,,https://cdn.shopnorth.example/p/59/4.jpg,Kestrel Premium USB-C Charging Cable - view 4,3
218,59,,https://cdn.shopnorth.example/p/59/5.jpg,Kestrel Premium USB-C Charging Cable - view 5,4
219,59,253,https://cdn.shopnorth.example/p/59/navy.jpg,Kestrel Premium USB-C Charging Cable in Navy,11
220,59,254,https://cdn.shopnorth.example/p/59/blush.jpg,Kestrel Premium USB-C Charging Cable in Blush,12
221,60,,https://cdn.shopnorth.example/p/60/1.jpg,Pulse Fitness Studio Indoor Security Camera - view 1,0
222,60,,https://cdn.shopnorth.example/p/60/2.jpg,Pulse Fitness Studio Indoor Security Camera - view 2,1
223,60,,https://cdn.shopnorth.example/p/60/3.jpg,Pulse Fitness Studio Indoor Security Camera - view 3,2
224,60,,https://cdn.shopnorth.example/p/60/4.jpg,Pulse Fitness Studio Indoor Security Camera - view 4,3
225,60,,https://cdn.shopnorth.example/p/60/5.jpg,Pulse Fitness Studio Indoor Security Camera - view 5,4
226,60,255,https://cdn.shopnorth.example/p/60/olive.jpg,Pulse Fitness Studio Indoor Security Camera in Olive,11
227,60,256,https://cdn.shopnorth.example/p/60/black.jpg,Pulse Fitness Studio Indoor Security Camera in Black,12
228,60,257,https://cdn.shopnorth.example/p/60/forest-green.jpg,Pulse Fitness Studio Indoor Security Camera in Forest Green,13
229,60,258,https://cdn.shopnorth.example/p/60/burgundy.jpg,Pulse Fitness Studio Indoor Security Camera in Burgundy,14
230,61,,https://cdn.shopnorth.example/p/61/1.jpg,Trailhead Pro Oxford Shirt - view 1,0
231,61,,https://cdn.shopnorth.example/p/61/2.jpg,Trailhead Pro Oxford Shirt - view 2,1
232,61,,https://cdn.shopnorth.example/p/61/3.jpg,Trailhead Pro Oxford Shirt - view 3,2
233,61,,https://cdn.shopnorth.example/p/61/4.jpg,Trailhead Pro Oxford Shirt - view 4,3
234,61,,https://cdn.shopnorth.example/p/61/5.jpg,Trailhead Pro Oxford Shirt - view 5,4
235,61,259,https://cdn.shopnorth.example/p/61/blush.jpg,Trailhead Pro Oxford Shirt in Blush,11
236,61,264,https://cdn.shopnorth.example/p/61/sky-blue.jpg,Trailhead Pro Oxford Shirt in Sky Blue,12
237,61,270,https://cdn.shopnorth.example/p/61/white.jpg,Trailhead Pro Oxford Shirt in White,13
238,62,,https://cdn.shopnorth.example/p/62/1.jpg,Luxe Botanica Everyday Chelsea Boot - view 1,0
239,62,275,https://cdn.shopnorth.example/p/62/sand.jpg,Luxe Botanica Everyday Chelsea Boot in Sand,11
240,62,282,https://cdn.shopnorth.example/p/62/burgundy.jpg,Luxe Botanica Everyday Chelsea Boot in Burgundy,12
241,63,,https://cdn.shopnorth.example/p/63/1.jpg,Voltix Eco Sport Earbuds - view 1,0
242,63,,https://cdn.shopnorth.example/p/63/2.jpg,Voltix Eco Sport Earbuds - view 2,1
243,63,289,https://cdn.shopnorth.example/p/63/charcoal.jpg,Voltix Eco Sport Earbuds in Charcoal,11
244,63,290,https://cdn.shopnorth.example/p/63/blush.jpg,Voltix Eco Sport Earbuds in Blush,12
245,63,291,https://cdn.shopnorth.example/p/63/navy.jpg,Voltix Eco Sport Earbuds in Navy,13
246,64,,https://cdn.shopnorth.example/p/64/1.jpg,Summit Supply Heritage Retractable Leash - view 1,0
247,64,,https://cdn.shopnorth.example/p/64/2.jpg,Summit Supply Heritage Retractable Leash - view 2,1
248,65,,https://cdn.shopnorth.example/p/65/1.jpg,Summit Supply Studio Chew Toy - view 1,0
249,65,,https://cdn.shopnorth.example/p/65/2.jpg,Summit Supply Studio Chew Toy - view 2,1
250,66,,https://cdn.shopnorth.example/p/66/1.jpg,Northwind Signature Resistance Band Set - view 1,0
251,66,,https://cdn.shopnorth.example/p/66/2.jpg,Northwind Signature Resistance Band Set - view 2,1
252,66,,https://cdn.shopnorth.example/p/66/3.jpg,Northwind Signature Resistance Band Set - view 3,2
253,66,,https://cdn.shopnorth.example/p/66/4.jpg,Northwind Signature Resistance Band Set - view 4,3
254,67,,https://cdn.shopnorth.example/p/67/1.jpg,"Alder & Pine Eco 15.6"" Laptop - view 1",0
255,67,,https://cdn.shopnorth.example/p/67/2.jpg,"Alder & Pine Eco 15.6"" Laptop - view 2",1
256,67,295,https://cdn.shopnorth.example/p/67/space-gray.jpg,"Alder & Pine Eco 15.6"" Laptop in Space Gray",11
257,67,296,https://cdn.shopnorth.example/p/67/silver.jpg,"Alder & Pine Eco 15.6"" Laptop in Silver",12
258,68,,https://cdn.shopnorth.example/p/68/1.jpg,Ember & Oak Premium Orthopedic Dog Bed - view 1,0
259,68,,https://cdn.shopnorth.example/p/68/2.jpg,Ember & Oak Premium Orthopedic Dog Bed - view 2,1
260,68,,https://cdn.shopnorth.example/p/68/3.jpg,Ember & Oak Premium Orthopedic Dog Bed - view 3,2
261,69,,https://cdn.shopnorth.example/p/69/1.jpg,Voltix Everyday Waterproof Winter Boot - view 1,0
262,69,,https://cdn.shopnorth.example/p/69/2.jpg,Voltix Everyday Waterproof Winter Boot - view 2,1
263,69,300,https://cdn.shopnorth.example/p/69/olive.jpg,Voltix Everyday Waterproof Winter Boot in Olive,11
264,69,307,https://cdn.shopnorth.example/p/69/burgundy.jpg,Voltix Everyday Waterproof Winter Boot in Burgundy,12
265,70,,https://cdn.shopnorth.example/p/70/1.jpg,Seaside Skin Compact Fleece Jacket - view 1,0
266,70,,https://cdn.shopnorth.example/p/70/2.jpg,Seaside Skin Compact Fleece Jacket - view 2,1
267,70,314,https://cdn.shopnorth.example/p/70/navy.jpg,Seaside Skin Compact Fleece Jacket in Navy,11
268,70,320,https://cdn.shopnorth.example/p/70/forest-green.jpg,Seaside Skin Compact Fleece Jacket in Forest Green,12
269,71,,https://cdn.shopnorth.example/p/71/1.jpg,Birchwood Classic Sport Earbuds - view 1,0
270,71,,https://cdn.shopnorth.example/p/71/2.jpg,Birchwood Classic Sport Earbuds - view 2,1
271,71,,https://cdn.shopnorth.example/p/71/3.jpg,Birchwood Classic Sport Earbuds - view 3,2
272,71,,https://cdn.shopnorth.example/p/71/4.jpg,Birchwood Classic Sport Earbuds - view 4,3
273,71,,https://cdn.shopnorth.example/p/71/5.jpg,Birchwood Classic Sport Earbuds - view 5,4
274,71,326,https://cdn.shopnorth.example/p/71/burgundy.jpg,Birchwood Classic Sport Earbuds in Burgundy,11
275,71,327,https://cdn.shopnorth.example/p/71/navy.jpg,Birchwood Classic Sport Earbuds in Navy,12
276,71,328,https://cdn.shopnorth.example/p/71/sand.jpg,Birchwood Classic Sport Earbuds in Sand,13
277,72,,https://cdn.shopnorth.example/p/72/1.jpg,Fernway Everyday 2-in-1 Convertible Laptop - view 1,0
278,72,,https://cdn.shopnorth.example/p/72/2.jpg,Fernway Everyday 2-in-1 Convertible Laptop - view 2,1
279,72,,https://cdn.shopnorth.example/p/72/3.jpg,Fernway Everyday 2-in-1 Convertible Laptop - view 3,2
280,72,,https://cdn.shopnorth.example/p/72/4.jpg,Fernway Everyday 2-in-1 Convertible Laptop - view 4,3
281,72,,https://cdn.shopnorth.example/p/72/5.jpg,Fernway Everyday 2-in-1 Convertible Laptop - view 5,4
282,72,329,https://cdn.shopnorth.example/p/72/space-gray.jpg,Fernway Everyday 2-in-1 Convertible Laptop in Space Gray,11
283,72,330,https://cdn.shopnorth.example/p/72/silver.jpg,Fernway Everyday 2-in-1 Convertible Laptop in Silver,12
284,73,,https://cdn.shopnorth.example/p/73/1.jpg,Apex Motion Everyday Video Doorbell - view 1,0
285,73,,https://cdn.shopnorth.example/p/73/2.jpg,Apex Motion Everyday Video Doorbell - view 2,1
286,73,,https://cdn.shopnorth.example/p/73/3.jpg,Apex Motion Everyday Video Doorbell - view 3,2
287,73,,https://cdn.shopnorth.example/p/73/4.jpg,Apex Motion Everyday Video Doorbell - view 4,3
288,73,,https://cdn.shopnorth.example/p/73/5.jpg,Apex Motion Everyday Video Doorbell - view 5,4
289,73,334,https://cdn.shopnorth.example/p/73/white.jpg,Apex Motion Everyday Video Doorbell in White,11
290,73,335,https://cdn.shopnorth.example/p/73/heather-gray.jpg,Apex Motion Everyday Video Doorbell in Heather Gray,12
291,73,336,https://cdn.shopnorth.example/p/73/olive.jpg,Apex Motion Everyday Video Doorbell in Olive,13
292,74,,https://cdn.shopnorth.example/p/74/1.jpg,Ironbark Ultra Tumbler 20oz - view 1,0
293,74,,https://cdn.shopnorth.example/p/74/2.jpg,Ironbark Ultra Tumbler 20oz - view 2,1
294,74,,https://cdn.shopnorth.example/p/74/3.jpg,Ironbark Ultra Tumbler 20oz - view 3,2
295,74,,https://cdn.shopnorth.example/p/74/4.jpg,Ironbark Ultra Tumbler 20oz - view 4,3
296,74,337,https://cdn.shopnorth.example/p/74/forest-green.jpg,Ironbark Ultra Tumbler 20oz in Forest Green,11
297,74,338,https://cdn.shopnorth.example/p/74/blush.jpg,Ironbark Ultra Tumbler 20oz in Blush,12
298,74,339,https://cdn.shopnorth.example/p/74/charcoal.jpg,Ironbark Ultra Tumbler 20oz in Charcoal,13
299,74,340,https://cdn.shopnorth.example/p/74/heather-gray.jpg,Ironbark Ultra Tumbler 20oz in Heather Gray,14
300,75,,https://cdn.shopnorth.example/p/75/1.jpg,Solstice Essential Cast Iron Dutch Oven - view 1,0
301,75,,https://cdn.shopnorth.example/p/75/2.jpg,Solstice Essential Cast Iron Dutch Oven - view 2,1
302,75,,https://cdn.shopnorth.example/p/75/3.jpg,Solstice Essential Cast Iron Dutch Oven - view 3,2
303,75,341,https://cdn.shopnorth.example/p/75/white.jpg,Solstice Essential Cast Iron Dutch Oven in White,11
304,75,342,https://cdn.shopnorth.example/p/75/blush.jpg,Solstice Essential Cast Iron Dutch Oven in Blush,12
305,76,,https://cdn.shopnorth.example/p/76/1.jpg,Trailhead Compact Yoga Mat - view 1,0
306,76,,https://cdn.shopnorth.example/p/76/2.jpg,Trailhead Compact Yoga Mat - view 2,1
307,76,,https://cdn.shopnorth.example/p/76/3.jpg,Trailhead Compact Yoga Mat - view 3,2
308,76,,https://cdn.shopnorth.example/p/76/4.jpg,Trailhead Compact Yoga Mat - view 4,3
309,77,,https://cdn.shopnorth.example/p/77/1.jpg,Everkind Classic Lip Tint - view 1,0
310,77,,https://cdn.shopnorth.example/p/77/2.jpg,Everkind Classic Lip Tint - view 2,1
311,77,,https://cdn.shopnorth.example/p/77/3.jpg,Everkind Classic Lip Tint - view 3,2
312,77,,https://cdn.shopnorth.example/p/77/4.jpg,Everkind Classic Lip Tint - view 4,3
313,78,,https://cdn.shopnorth.example/p/78/1.jpg,Brightfield Max Flannel Shirt - view 1,0
314,78,,https://cdn.shopnorth.example/p/78/2.jpg,Brightfield Max Flannel Shirt - view 2,1
315,78,,https://cdn.shopnorth.example/p/78/3.jpg,Brightfield Max Flannel Shirt - view 3,2
316,78,,https://cdn.shopnorth.example/p/78/4.jpg,Brightfield Max Flannel Shirt - view 4,3
317,78,,https://cdn.shopnorth.example/p/78/5.jpg,Brightfield Max Flannel Shirt - view 5,4
318,78,345,https://cdn.shopnorth.example/p/78/charcoal.jpg,Brightfield Max Flannel Shirt in Charcoal,11
319,78,351,https://cdn.shopnorth.example/p/78/heather-gray.jpg,Brightfield Max Flannel Shirt in Heather Gray,12
320,79,,https://cdn.shopnorth.example/p/79/1.jpg,Urban Nomad Essential Retinol Night Cream - view 1,0
321,79,,https://cdn.shopnorth.example/p/79/2.jpg,Urban Nomad Essential Retinol Night Cream - view 2,1
322,79,,https://cdn.shopnorth.example/p/79/3.jpg,Urban Nomad Essential Retinol Night Cream - view 3,2
323,79,,https://cdn.shopnorth.example/p/79/4.jpg,Urban Nomad Essential Retinol Night Cream - view 4,3
324,80,,https://cdn.shopnorth.example/p/80/1.jpg,Fable Toys Signature Wireless Charger - view 1,0
325,80,,https://cdn.shopnorth.example/p/80/2.jpg,Fable Toys Signature Wireless Charger - view 2,1
326,80,,https://cdn.shopnorth.example/p/80/3.jpg,Fable Toys Signature Wireless Charger - view 3,2
327,80,,https://cdn.shopnorth.example/p/80/4.jpg,Fable Toys Signature Wireless Charger - view 4,3
328,81,,https://cdn.shopnorth.example/p/81/1.jpg,Veloce Compact Gentle Cleanser - view 1,0
329,81,,https://cdn.shopnorth.example/p/81/2.jpg,Veloce Compact Gentle Cleanser - view 2,1
330,81,,https://cdn.shopnorth.example/p/81/3.jpg,Veloce Compact Gentle Cleanser - view 3,2
331,81,,https://cdn.shopnorth.example/p/81/4.jpg,Veloce Compact Gentle Cleanser - view 4,3
332,82,,https://cdn.shopnorth.example/p/82/1.jpg,Veloce Essential Stainless Steel Cookware Set - view 1,0
333,82,,https://cdn.shopnorth.example/p/82/2.jpg,Veloce Essential Stainless Steel Cookware Set - view 2,1
334,82,,https://cdn.shopnorth.example/p/82/3.jpg,Veloce Essential Stainless Steel Cookware Set - view 3,2
335,82,,https://cdn.shopnorth.example/p/82/4.jpg,Veloce Essential Stainless Steel Cookware Set - view 4,3
336,82,,https://cdn.shopnorth.example/p/82/5.jpg,Veloce Essential Stainless Steel Cookware Set - view 5,4
337,82,359,https://cdn.shopnorth.example/p/82/white.jpg,Veloce Essential Stainless Steel Cookware Set in White,11
338,82,360,https://cdn.shopnorth.example/p/82/black.jpg,Veloce Essential Stainless Steel Cookware Set in Black,12
339,82,361,https://cdn.shopnorth.example/p/82/sand.jpg,Veloce Essential Stainless Steel Cookware Set in Sand,13
340,83,,https://cdn.shopnorth.example/p/83/1.jpg,Kinfolk Kitchen Everyday Puffer Jacket - view 1,0
341,83,362,https://cdn.shopnorth.example/p/83/black.jpg,Kinfolk Kitchen Everyday Puffer Jacket in Black,11
342,83,367,https://cdn.shopnorth.example/p/83/white.jpg,Kinfolk Kitchen Everyday Puffer Jacket in White,12
343,83,372,https://cdn.shopnorth.example/p/83/charcoal.jpg,Kinfolk Kitchen Everyday Puffer Jacket in Charcoal,13
344,83,378,https://cdn.shopnorth.example/p/83/forest-green.jpg,Kinfolk Kitchen Everyday Puffer Jacket in Forest Green,14
345,84,,https://cdn.shopnorth.example/p/84/1.jpg,Luxe Botanica Heritage Espresso Machine - view 1,0
346,84,,https://cdn.shopnorth.example/p/84/2.jpg,Luxe Botanica Heritage Espresso Machine - view 2,1
347,84,,https://cdn.shopnorth.example/p/84/3.jpg,Luxe Botanica Heritage Espresso Machine - view 3,2
348,84,,https://cdn.shopnorth.example/p/84/4.jpg,Luxe Botanica Heritage Espresso Machine - view 4,3
349,84,,https://cdn.shopnorth.example/p/84/5.jpg,Luxe Botanica Heritage Espresso Machine - view 5,4
350,85,,https://cdn.shopnorth.example/p/85/1.jpg,Arcadia Premium Hybrid Bike - view 1,0
351,85,,https://cdn.shopnorth.example/p/85/2.jpg,Arcadia Premium Hybrid Bike - view 2,1
352,85,,https://cdn.shopnorth.example/p/85/3.jpg,Arcadia Premium Hybrid Bike - view 3,2
353,85,,https://cdn.shopnorth.example/p/85/4.jpg,Arcadia Premium Hybrid Bike - view 4,3
354,85,,https://cdn.shopnorth.example/p/85/5.jpg,Arcadia Premium Hybrid Bike - view 5,4
355,86,,https://cdn.shopnorth.example/p/86/1.jpg,PawPal Studio 3D Wooden Puzzle - view 1,0
356,87,,https://cdn.shopnorth.example/p/87/1.jpg,Cobalt Audio Lightweight Chef's Knife - view 1,0
357,87,,https://cdn.shopnorth.example/p/87/2.jpg,Cobalt Audio Lightweight Chef's Knife - view 2,1
358,87,,https://cdn.shopnorth.example/p/87/3.jpg,Cobalt Audio Lightweight Chef's Knife - view 3,2
359,87,,https://cdn.shopnorth.example/p/87/4.jpg,Cobalt Audio Lightweight Chef's Knife - view 4,3
360,88,,https://cdn.shopnorth.example/p/88/1.jpg,Kinfolk Kitchen Ultra Flannel Shirt - view 1,0
361,88,,https://cdn.shopnorth.example/p/88/2.jpg,Kinfolk Kitchen Ultra Flannel Shirt - view 2,1
362,88,388,https://cdn.shopnorth.example/p/88/navy.jpg,Kinfolk Kitchen Ultra Flannel Shirt in Navy,11
363,88,393,https://cdn.shopnorth.example/p/88/forest-green.jpg,Kinfolk Kitchen Ultra Flannel Shirt in Forest Green,12
364,89,,https://cdn.shopnorth.example/p/89/1.jpg,Alder & Pine Heritage Wireless Charger - view 1,0
365,89,,https://cdn.shopnorth.example/p/89/2.jpg,Alder & Pine Heritage Wireless Charger - view 2,1
366,90,,https://cdn.shopnorth.example/p/90/1.jpg,Luxe Botanica Everyday 2-Person Tent - view 1,0
367,90,,https://cdn.shopnorth.example/p/90/2.jpg,Luxe Botanica Everyday 2-Person Tent - view 2,1
368,90,,https://cdn.shopnorth.example/p/90/3.jpg,Luxe Botanica Everyday 2-Person Tent - view 3,2
369,91,,https://cdn.shopnorth.example/p/91/1.jpg,Quill Lightweight Ribbed Tank - view 1,0
370,91,,https://cdn.shopnorth.example/p/91/2.jpg,Quill Lightweight Ribbed Tank - view 2,1
371,91,401,https://cdn.shopnorth.example/p/91/white.jpg,Quill Lightweight Ribbed Tank in White,11
372,91,406,https://cdn.shopnorth.example/p/91/charcoal.jpg,Quill Lightweight Ribbed Tank in Charcoal,12
373,92,,https://cdn.shopnorth.example/p/92/1.jpg,Seaside Skin Pro MagSafe Phone Case - view 1,0
374,92,,https://cdn.shopnorth.example/p/92/2.jpg,Seaside Skin Pro MagSafe Phone Case - view 2,1
375,92,,https://cdn.shopnorth.example/p/92/3.jpg,Seaside Skin Pro MagSafe Phone Case - view 3,2
376,92,411,https://cdn.shopnorth.example/p/92/forest-green.jpg,Seaside Skin Pro MagSafe Phone Case in Forest Green,11
377,92,412,https://cdn.shopnorth.example/p/92/navy.jpg,Seaside Skin Pro MagSafe Phone Case in Navy,12
378,92,413,https://cdn.shopnorth.example/p/92/white.jpg,Seaside Skin Pro MagSafe Phone Case in White,13
379,92,414,https://cdn.shopnorth.example/p/92/sky-blue.jpg,Seaside Skin Pro MagSafe Phone Case in Sky Blue,14
380,93,,https://cdn.shopnorth.example/p/93/1.jpg,Arcadia Premium Video Doorbell - view 1,0
381,93,,https://cdn.shopnorth.example/p/93/2.jpg,Arcadia Premium Video Doorbell - view 2,1
382,93,,https://cdn.shopnorth.example/p/93/3.jpg,Arcadia Premium Video Doorbell - view 3,2
383,94,,https://cdn.shopnorth.example/p/94/1.jpg,PawPal Classic Over-Door Rack - view 1,0
384,95,,https://cdn.shopnorth.example/p/95/1.jpg,Halcyon Home Lightweight Eau de Parfum 50ml - view 1,0
385,95,,https://cdn.shopnorth.example/p/95/2.jpg,Halcyon Home Lightweight Eau de Parfum 50ml - view 2,1
386,95,,https://cdn.shopnorth.example/p/95/3.jpg,Halcyon Home Lightweight Eau de Parfum 50ml - view 3,2
387,95,,https://cdn.shopnorth.example/p/95/4.jpg,Halcyon Home Lightweight Eau de Parfum 50ml - view 4,3
388,96,,https://cdn.shopnorth.example/p/96/1.jpg,"Nimbus Tech Compact 15.6"" Laptop - view 1",0
389,96,,https://cdn.shopnorth.example/p/96/2.jpg,"Nimbus Tech Compact 15.6"" Laptop - view 2",1
390,96,,https://cdn.shopnorth.example/p/96/3.jpg,"Nimbus Tech Compact 15.6"" Laptop - view 3",2
391,96,,https://cdn.shopnorth.example/p/96/4.jpg,"Nimbus Tech Compact 15.6"" Laptop - view 4",3
392,96,,https://cdn.shopnorth.example/p/96/5.jpg,"Nimbus Tech Compact 15.6"" Laptop - view 5",4
393,96,418,https://cdn.shopnorth.example/p/96/space-gray.jpg,"Nimbus Tech Compact 15.6"" Laptop in Space Gray",11
394,96,420,https://cdn.shopnorth.example/p/96/silver.jpg,"Nimbus Tech Compact 15.6"" Laptop in Silver",12
395,97,,https://cdn.shopnorth.example/p/97/1.jpg,Tidewater Classic Indoor Security Camera - view 1,0
396,97,,https://cdn.shopnorth.example/p/97/2.jpg,Tidewater Classic Indoor Security Camera - view 2,1
397,97,,https://cdn.shopnorth.example/p/97/3.jpg,Tidewater Classic Indoor Security Camera - view 3,2
398,97,,https://cdn.shopnorth.example/p/97/4.jpg,Tidewater Classic Indoor Security Camera - view 4,3
399,97,,https://cdn.shopnorth.example/p/97/5.jpg,Tidewater Classic Indoor Security Camera - view 5,4
400,98,,https://cdn.shopnorth.example/p/98/1.jpg,Fable Toys Signature Over-Door Rack - view 1,0
401,98,,https://cdn.shopnorth.example/p/98/2.jpg,Fable Toys Signature Over-Door Rack - view 2,1
402,98,,https://cdn.shopnorth.example/p/98/3.jpg,Fable Toys Signature Over-Door Rack - view 3,2
403,98,,https://cdn.shopnorth.example/p/98/4.jpg,Fable Toys Signature Over-Door Rack - view 4,3
404,98,,https://cdn.shopnorth.example/p/98/5.jpg,Fable Toys Signature Over-Door Rack - view 5,4
405,99,,https://cdn.shopnorth.example/p/99/1.jpg,Urban Nomad Eco Party Card Game - view 1,0
406,100,,https://cdn.shopnorth.example/p/100/1.jpg,Luxe Botanica Everyday Crew Neck T-Shirt - view 1,0
407,100,,https://cdn.shopnorth.example/p/100/2.jpg,Luxe Botanica Everyday Crew Neck T-Shirt - view 2,1
408,100,,https://cdn.shopnorth.example/p/100/3.jpg,Luxe Botanica Everyday Crew Neck T-Shirt - view 3,2
409,100,,https://cdn.shopnorth.example/p/100/4.jpg,Luxe Botanica Everyday Crew Neck T-Shirt - view 4,3
410,100,425,https://cdn.shopnorth.example/p/100/sand.jpg,Luxe Botanica Everyday Crew Neck T-Shirt in Sand,11
411,100,431,https://cdn.shopnorth.example/p/100/white.jpg,Luxe Botanica Everyday Crew Neck T-Shirt in White,12
412,100,437,https://cdn.shopnorth.example/p/100/black.jpg,Luxe Botanica Everyday Crew Neck T-Shirt in Black,13
413,100,443,https://cdn.shopnorth.example/p/100/navy.jpg,Luxe Botanica Everyday Crew Neck T-Shirt in Navy,14
414,101,,https://cdn.shopnorth.example/p/101/1.jpg,Luxe Botanica Everyday Screen Protector 2-Pack - view 1,0
415,101,,https://cdn.shopnorth.example/p/101/2.jpg,Luxe Botanica Everyday Screen Protector 2-Pack - view 2,1
416,101,,https://cdn.shopnorth.example/p/101/3.jpg,Luxe Botanica Everyday Screen Protector 2-Pack - view 3,2
417,101,,https://cdn.shopnorth.example/p/101/4.jpg,Luxe Botanica Everyday Screen Protector 2-Pack - view 4,3
418,102,,https://cdn.shopnorth.example/p/102/1.jpg,Brightfield Pro Mirrorless Camera - view 1,0
419,102,,https://cdn.shopnorth.example/p/102/2.jpg,Brightfield Pro Mirrorless Camera - view 2,1
420,102,450,https://cdn.shopnorth.example/p/102/burgundy.jpg,Brightfield Pro Mirrorless Camera in Burgundy,11
421,102,451,https://cdn.shopnorth.example/p/102/olive.jpg,Brightfield Pro Mirrorless Camera in Olive,12
422,102,452,https://cdn.shopnorth.example/p/102/heather-gray.jpg,Brightfield Pro Mirrorless Camera in Heather Gray,13
423,103,,https://cdn.shopnorth.example/p/103/1.jpg,Halcyon Home Ultra Hybrid Bike - view 1,0
424,103,,https://cdn.shopnorth.example/p/103/2.jpg,Halcyon Home Ultra Hybrid Bike - view 2,1
425,104,,https://cdn.shopnorth.example/p/104/1.jpg,Tidewater Max Cushioned Running Shoe - view 1,0
426,104,,https://cdn.shopnorth.example/p/104/2.jpg,Tidewater Max Cushioned Running Shoe - view 2,1
427,104,454,https://cdn.shopnorth.example/p/104/navy.jpg,Tidewater Max Cushioned Running Shoe in Navy,11
428,104,461,https://cdn.shopnorth.example/p/104/burgundy.jpg,Tidewater Max Cushioned Running Shoe in Burgundy,12
429,105,,https://cdn.shopnorth.example/p/105/1.jpg,Quill Eco V-Neck Tee - view 1,0
430,105,468,https://cdn.shopnorth.example/p/105/sand.jpg,Quill Eco V-Neck Tee in Sand,11
431,106,,https://cdn.shopnorth.example/p/106/1.jpg,Alder & Pine Ultra Retractable Leash - view 1,0
432,106,,https://cdn.shopnorth.example/p/106/2.jpg,Alder & Pine Ultra Retractable Leash - view 2,1
433,106,,https://cdn.shopnorth.example/p/106/3.jpg,Alder & Pine Ultra Retractable Leash - view 3,2
434,107,,https://cdn.shopnorth.example/p/107/1.jpg,Ironbark Compact Kettlebell - view 1,0
435,107,,https://cdn.shopnorth.example/p/107/2.jpg,Ironbark Compact Kettlebell - view 2,1
436,108,,https://cdn.shopnorth.example/p/108/1.jpg,Summit Supply Classic Oxford Shirt - view 1,0
437,108,,https://cdn.shopnorth.example/p/108/2.jpg,Summit Supply Classic Oxford Shirt - view 2,1
438,108,,https://cdn.shopnorth.example/p/108/3.jpg,Summit Supply Classic Oxford Shirt - view 3,2
439,108,475,https://cdn.shopnorth.example/p/108/burgundy.jpg,Summit Supply Classic Oxford Shirt in Burgundy,11
440,108,480,https://cdn.shopnorth.example/p/108/forest-green.jpg,Summit Supply Classic Oxford Shirt in Forest Green,12
441,108,485,https://cdn.shopnorth.example/p/108/navy.jpg,Summit Supply Classic Oxford Shirt in Navy,13
442,109,,https://cdn.shopnorth.example/p/109/1.jpg,Glowbar Lightweight Waterproof Winter Boot - view 1,0
443,109,491,https://cdn.shopnorth.example/p/109/white.jpg,Glowbar Lightweight Waterproof Winter Boot in White,11
444,110,,https://cdn.shopnorth.example/p/110/1.jpg,Rove Classic Sleeping Bag - view 1,0
445,110,,https://cdn.shopnorth.example/p/110/2.jpg,Rove Classic Sleeping Bag - view 2,1
446,110,,https://cdn.shopnorth.example/p/110/3.jpg,Rove Classic Sleeping Bag - view 3,2
447,110,,https://cdn.shopnorth.example/p/110/4.jpg,Rove Classic Sleeping Bag - view 4,3
448,110,,https://cdn.shopnorth.example/p/110/5.jpg,Rove Classic Sleeping Bag - view 5,4
449,111,,https://cdn.shopnorth.example/p/111/1.jpg,Brightfield Classic Yoga Mat - view 1,0
450,111,,https://cdn.shopnorth.example/p/111/2.jpg,Brightfield Classic Yoga Mat - view 2,1
451,112,,https://cdn.shopnorth.example/p/112/1.jpg,Stratus Max Repair Shampoo - view 1,0
452,112,,https://cdn.shopnorth.example/p/112/2.jpg,Stratus Max Repair Shampoo - view 2,1
453,112,,https://cdn.shopnorth.example/p/112/3.jpg,Stratus Max Repair Shampoo - view 3,2
454,112,,https://cdn.shopnorth.example/p/112/4.jpg,Stratus Max Repair Shampoo - view 4,3
455,113,,https://cdn.shopnorth.example/p/113/1.jpg,Arcadia Ultra Chew Toy - view 1,0
456,113,,https://cdn.shopnorth.example/p/113/2.jpg,Arcadia Ultra Chew Toy - view 2,1
457,114,,https://cdn.shopnorth.example/p/114/1.jpg,Quill Heritage Mirrorless Camera - view 1,0
458,114,,https://cdn.shopnorth.example/p/114/2.jpg,Quill Heritage Mirrorless Camera - view 2,1
459,114,502,https://cdn.shopnorth.example/p/114/navy.jpg,Quill Heritage Mirrorless Camera in Navy,11
460,114,503,https://cdn.shopnorth.example/p/114/black.jpg,Quill Heritage Mirrorless Camera in Black,12
461,114,504,https://cdn.shopnorth.example/p/114/white.jpg,Quill Heritage Mirrorless Camera in White,13
462,114,505,https://cdn.shopnorth.example/p/114/burgundy.jpg,Quill Heritage Mirrorless Camera in Burgundy,14
463,115,,https://cdn.shopnorth.example/p/115/1.jpg,Summit Supply Max Training Shorts - view 1,0
464,115,506,https://cdn.shopnorth.example/p/115/olive.jpg,Summit Supply Max Training Shorts in Olive,11
465,116,,https://cdn.shopnorth.example/p/116/1.jpg,Cobalt Audio Classic Vitamin C Serum - view 1,0
466,117,,https://cdn.shopnorth.example/p/117/1.jpg,Harbor Goods Essential Chew Toy - view 1,0
467,117,,https://cdn.shopnorth.example/p/117/2.jpg,Harbor Goods Essential Chew Toy - view 2,1
468,117,,https://cdn.shopnorth.example/p/117/3.jpg,Harbor Goods Essential Chew Toy - view 3,2
469,118,,https://cdn.shopnorth.example/p/118/1.jpg,Veloce Everyday Sport Earbuds - view 1,0
470,118,,https://cdn.shopnorth.example/p/118/2.jpg,Veloce Everyday Sport Earbuds - view 2,1
471,118,514,https://cdn.shopnorth.example/p/118/blush.jpg,Veloce Everyday Sport Earbuds in Blush,11
472,118,515,https://cdn.shopnorth.example/p/118/sand.jpg,Veloce Everyday Sport Earbuds in Sand,12
473,118,516,https://cdn.shopnorth.example/p/118/heather-gray.jpg,Veloce Everyday Sport Earbuds in Heather Gray,13
474,119,,https://cdn.shopnorth.example/p/119/1.jpg,Tidewater Classic Camping Lantern - view 1,0
475,119,,https://cdn.shopnorth.example/p/119/2.jpg,Tidewater Classic Camping Lantern - view 2,1
476,119,,https://cdn.shopnorth.example/p/119/3.jpg,Tidewater Classic Camping Lantern - view 3,2
477,120,,https://cdn.shopnorth.example/p/120/1.jpg,Trailhead Max Chef's Knife - view 1,0
478,120,,https://cdn.shopnorth.example/p/120/2.jpg,Trailhead Max Chef's Knife - view 2,1
479,120,,https://cdn.shopnorth.example/p/120/3.jpg,Trailhead Max Chef's Knife - view 3,2
480,120,,https://cdn.shopnorth.example/p/120/4.jpg,Trailhead Max Chef's Knife - view 4,3
481,120,,https://cdn.shopnorth.example/p/120/5.jpg,Trailhead Max Chef's Knife - view 5,4
482,120,518,https://cdn.shopnorth.example/p/120/sand.jpg,Trailhead Max Chef's Knife in Sand,11
483,120,519,https://cdn.shopnorth.example/p/120/sky-blue.jpg,Trailhead Max Chef's Knife in Sky Blue,12
484,120,520,https://cdn.shopnorth.example/p/120/blush.jpg,Trailhead Max Chef's Knife in Blush,13
485,121,,https://cdn.shopnorth.example/p/121/1.jpg,Juniper Lane Studio Tumbler 20oz - view 1,0
486,121,,https://cdn.shopnorth.example/p/121/2.jpg,Juniper Lane Studio Tumbler 20oz - view 2,1
487,121,521,https://cdn.shopnorth.example/p/121/navy.jpg,Juniper Lane Studio Tumbler 20oz in Navy,11
488,121,522,https://cdn.shopnorth.example/p/121/blush.jpg,Juniper Lane Studio Tumbler 20oz in Blush,12
489,122,,https://cdn.shopnorth.example/p/122/1.jpg,Rove Essential Backyard Swing - view 1,0
490,122,,https://cdn.shopnorth.example/p/122/2.jpg,Rove Essential Backyard Swing - view 2,1
491,122,,https://cdn.shopnorth.example/p/122/3.jpg,Rove Essential Backyard Swing - view 3,2
492,122,,https://cdn.shopnorth.example/p/122/4.jpg,Rove Essential Backyard Swing - view 4,3
493,122,,https://cdn.shopnorth.example/p/122/5.jpg,Rove Essential Backyard Swing - view 5,4
494,123,,https://cdn.shopnorth.example/p/123/1.jpg,Glowbar Signature Sport Sandal - view 1,0
495,123,,https://cdn.shopnorth.example/p/123/2.jpg,Glowbar Signature Sport Sandal - view 2,1
496,123,524,https://cdn.shopnorth.example/p/123/charcoal.jpg,Glowbar Signature Sport Sandal in Charcoal,11
497,123,531,https://cdn.shopnorth.example/p/123/sky-blue.jpg,Glowbar Signature Sport Sandal in Sky Blue,12
498,124,,https://cdn.shopnorth.example/p/124/1.jpg,Arcadia Signature Resistance Band Set - view 1,0
499,124,,https://cdn.shopnorth.example/p/124/2.jpg,Arcadia Signature Resistance Band Set - view 2,1
500,124,,https://cdn.shopnorth.example/p/124/3.jpg,Arcadia Signature Resistance Band Set - view 3,2
501,124,,https://cdn.shopnorth.example/p/124/4.jpg,Arcadia Signature Resistance Band Set - view 4,3
502,125,,https://cdn.shopnorth.example/p/125/1.jpg,Birchwood Max Slip-On Sneaker - view 1,0
503,125,,https://cdn.shopnorth.example/p/125/2.jpg,Birchwood Max Slip-On Sneaker - view 2,1
504,125,,https://cdn.shopnorth.example/p/125/3.jpg,Birchwood Max Slip-On Sneaker - view 3,2
505,125,539,https://cdn.shopnorth.example/p/125/heather-gray.jpg,Birchwood Max Slip-On Sneaker in Heather Gray,11
506,125,546,https://cdn.shopnorth.example/p/125/sky-blue.jpg,Birchwood Max Slip-On Sneaker in Sky Blue,12
507,126,,https://cdn.shopnorth.example/p/126/1.jpg,Birchwood Studio Dry Shampoo - view 1,0
508,126,,https://cdn.shopnorth.example/p/126/2.jpg,Birchwood Studio Dry Shampoo - view 2,1
509,127,,https://cdn.shopnorth.example/p/127/1.jpg,Fernway Essential Sport Earbuds - view 1,0
510,127,,https://cdn.shopnorth.example/p/127/2.jpg,Fernway Essential Sport Earbuds - view 2,1
511,127,,https://cdn.shopnorth.example/p/127/3.jpg,Fernway Essential Sport Earbuds - view 3,2
512,128,,https://cdn.shopnorth.example/p/128/1.jpg,Fable Toys Studio Espresso Machine - view 1,0
513,128,,https://cdn.shopnorth.example/p/128/2.jpg,Fable Toys Studio Espresso Machine - view 2,1
514,128,,https://cdn.shopnorth.example/p/128/3.jpg,Fable Toys Studio Espresso Machine - view 3,2
515,128,,https://cdn.shopnorth.example/p/128/4.jpg,Fable Toys Studio Espresso Machine - view 4,3
516,129,,https://cdn.shopnorth.example/p/129/1.jpg,Fable Toys Max Dry Shampoo - view 1,0
517,129,,https://cdn.shopnorth.example/p/129/2.jpg,Fable Toys Max Dry Shampoo - view 2,1
518,129,,https://cdn.shopnorth.example/p/129/3.jpg,Fable Toys Max Dry Shampoo - view 3,2
519,129,,https://cdn.shopnorth.example/p/129/4.jpg,Fable Toys Max Dry Shampoo - view 4,3
520,130,,https://cdn.shopnorth.example/p/130/1.jpg,Northwind Classic Vitamin C Serum - view 1,0
521,130,,https://cdn.shopnorth.example/p/130/2.jpg,Northwind Classic Vitamin C Serum - view 2,1
522,130,,https://cdn.shopnorth.example/p/130/3.jpg,Northwind Classic Vitamin C Serum - view 3,2
523,130,,https://cdn.shopnorth.example/p/130/4.jpg,Northwind Classic Vitamin C Serum - view 4,3
524,131,,https://cdn.shopnorth.example/p/131/1.jpg,Saltwater Essential Bike Lock - view 1,0
525,131,,https://cdn.shopnorth.example/p/131/2.jpg,Saltwater Essential Bike Lock - view 2,1
526,132,,https://cdn.shopnorth.example/p/132/1.jpg,Kestrel Ultra Puffer Jacket - view 1,0
527,132,,https://cdn.shopnorth.example/p/132/2.jpg,Kestrel Ultra Puffer Jacket - view 2,1
528,132,,https://cdn.shopnorth.example/p/132/3.jpg,Kestrel Ultra Puffer Jacket - view 3,2
529,132,,https://cdn.shopnorth.example/p/132/4.jpg,Kestrel Ultra Puffer Jacket - view 4,3
530,132,,https://cdn.shopnorth.example/p/132/5.jpg,Kestrel Ultra Puffer Jacket - view 5,4
531,132,559,https://cdn.shopnorth.example/p/132/charcoal.jpg,Kestrel Ultra Puffer Jacket in Charcoal,11
532,133,,https://cdn.shopnorth.example/p/133/1.jpg,Solstice Compact Body Mist - view 1,0
533,133,,https://cdn.shopnorth.example/p/133/2.jpg,Solstice Compact Body Mist - view 2,1
534,133,,https://cdn.shopnorth.example/p/133/3.jpg,Solstice Compact Body Mist - view 3,2
535,133,,https://cdn.shopnorth.example/p/133/4.jpg,Solstice Compact Body Mist - view 4,3
536,134,,https://cdn.shopnorth.example/p/134/1.jpg,Pulse Fitness Pro Performance Polo - view 1,0
537,134,565,https://cdn.shopnorth.example/p/134/white.jpg,Pulse Fitness Pro Performance Polo in White,11
538,134,570,https://cdn.shopnorth.example/p/134/black.jpg,Pulse Fitness Pro Performance Polo in Black,12
539,134,575,https://cdn.shopnorth.example/p/134/olive.jpg,Pulse Fitness Pro Performance Polo in Olive,13
540,135,,https://cdn.shopnorth.example/p/135/1.jpg,Marlowe Compact Retractable Leash - view 1,0
541,135,,https://cdn.shopnorth.example/p/135/2.jpg,Marlowe Compact Retractable Leash - view 2,1
542,135,,https://cdn.shopnorth.example/p/135/3.jpg,Marlowe Compact Retractable Leash - view 3,2
543,135,,https://cdn.shopnorth.example/p/135/4.jpg,Marlowe Compact Retractable Leash - view 4,3
544,136,,https://cdn.shopnorth.example/p/136/1.jpg,Voltix Heritage Toaster Oven - view 1,0
545,136,,https://cdn.shopnorth.example/p/136/2.jpg,Voltix Heritage Toaster Oven - view 2,1
546,137,,https://cdn.shopnorth.example/p/137/1.jpg,Kinfolk Kitchen Essential Retinol Night Cream - view 1,0
547,137,,https://cdn.shopnorth.example/p/137/2.jpg,Kinfolk Kitchen Essential Retinol Night Cream - view 2,1
548,137,,https://cdn.shopnorth.example/p/137/3.jpg,Kinfolk Kitchen Essential Retinol Night Cream - view 3,2
549,138,,https://cdn.shopnorth.example/p/138/1.jpg,Apex Motion Premium Chew Toy - view 1,0
550,139,,https://cdn.shopnorth.example/p/139/1.jpg,Alder & Pine Eco Slim Fit Jeans - view 1,0
551,139,584,https://cdn.shopnorth.example/p/139/sand.jpg,Alder & Pine Eco Slim Fit Jeans in Sand,11
552,139,589,https://cdn.shopnorth.example/p/139/forest-green.jpg,Alder & Pine Eco Slim Fit Jeans in Forest Green,12
553,140,,https://cdn.shopnorth.example/p/140/1.jpg,Wren & Co. Pro Eau de Parfum 50ml - view 1,0
554,140,,https://cdn.shopnorth.example/p/140/2.jpg,Wren & Co. Pro Eau de Parfum 50ml - view 2,1
555,141,,https://cdn.shopnorth.example/p/141/1.jpg,Fable Toys Pro Camping Lantern - view 1,0
556,142,,https://cdn.shopnorth.example/p/142/1.jpg,Fernway Essential Dry Shampoo - view 1,0
557,142,,https://cdn.shopnorth.example/p/142/2.jpg,Fernway Essential Dry Shampoo - view 2,1
558,142,,https://cdn.shopnorth.example/p/142/3.jpg,Fernway Essential Dry Shampoo - view 3,2
559,143,,https://cdn.shopnorth.example/p/143/1.jpg,Urban Nomad Heritage Action Camera - view 1,0
560,143,,https://cdn.shopnorth.example/p/143/2.jpg,Urban Nomad Heritage Action Camera - view 2,1
561,143,598,https://cdn.shopnorth.example/p/143/heather-gray.jpg,Urban Nomad Heritage Action Camera in Heather Gray,11
562,143,599,https://cdn.shopnorth.example/p/143/navy.jpg,Urban Nomad Heritage Action Camera in Navy,12
563,143,600,https://cdn.shopnorth.example/p/143/burgundy.jpg,Urban Nomad Heritage Action Camera in Burgundy,13
564,143,601,https://cdn.shopnorth.example/p/143/olive.jpg,Urban Nomad Heritage Action Camera in Olive,14
565,144,,https://cdn.shopnorth.example/p/144/1.jpg,Oakridge Lightweight Mineral Sunscreen SPF 50 - view 1,0
566,144,,https://cdn.shopnorth.example/p/144/2.jpg,Oakridge Lightweight Mineral Sunscreen SPF 50 - view 2,1
567,144,,https://cdn.shopnorth.example/p/144/3.jpg,Oakridge Lightweight Mineral Sunscreen SPF 50 - view 3,2
568,144,,https://cdn.shopnorth.example/p/144/4.jpg,Oakridge Lightweight Mineral Sunscreen SPF 50 - view 4,3
569,144,,https://cdn.shopnorth.example/p/144/5.jpg,Oakridge Lightweight Mineral Sunscreen SPF 50 - view 5,4
570,145,,https://cdn.shopnorth.example/p/145/1.jpg,PawPal Everyday Retinol Night Cream - view 1,0
571,146,,https://cdn.shopnorth.example/p/146/1.jpg,Quill Lightweight Screen Protector 2-Pack - view 1,0
572,146,,https://cdn.shopnorth.example/p/146/2.jpg,Quill Lightweight Screen Protector 2-Pack - view 2,1
573,147,,https://cdn.shopnorth.example/p/147/1.jpg,Tidewater Heritage Crew Neck T-Shirt - view 1,0
574,147,605,https://cdn.shopnorth.example/p/147/forest-green.jpg,Tidewater Heritage Crew Neck T-Shirt in Forest Green,11
575,148,,https://cdn.shopnorth.example/p/148/1.jpg,Oakridge Everyday Training Shorts - view 1,0
576,148,610,https://cdn.shopnorth.example/p/148/burgundy.jpg,Oakridge Everyday Training Shorts in Burgundy,11
577,148,615,https://cdn.shopnorth.example/p/148/charcoal.jpg,Oakridge Everyday Training Shorts in Charcoal,12
578,149,,https://cdn.shopnorth.example/p/149/1.jpg,Seaside Skin Compact Wall Mirror - view 1,0
579,150,,https://cdn.shopnorth.example/p/150/1.jpg,Apex Motion Essential Power Bank 10000mAh - view 1,0
580,150,,https://cdn.shopnorth.example/p/150/2.jpg,Apex Motion Essential Power Bank 10000mAh - view 2,1
581,150,621,https://cdn.shopnorth.example/p/150/burgundy.jpg,Apex Motion Essential Power Bank 10000mAh in Burgundy,11
582,150,622,https://cdn.shopnorth.example/p/150/olive.jpg,Apex Motion Essential Power Bank 10000mAh in Olive,12
583,151,,https://cdn.shopnorth.example/p/151/1.jpg,Pulse Fitness Lightweight Lip Tint - view 1,0
584,151,,https://cdn.shopnorth.example/p/151/2.jpg,Pulse Fitness Lightweight Lip Tint - view 2,1
585,151,,https://cdn.shopnorth.example/p/151/3.jpg,Pulse Fitness Lightweight Lip Tint - view 3,2
586,152,,https://cdn.shopnorth.example/p/152/1.jpg,Arcadia Max USB-C Charging Cable - view 1,0
587,152,,https://cdn.shopnorth.example/p/152/2.jpg,Arcadia Max USB-C Charging Cable - view 2,1
588,152,,https://cdn.shopnorth.example/p/152/3.jpg,Arcadia Max USB-C Charging Cable - view 3,2
589,152,624,https://cdn.shopnorth.example/p/152/burgundy.jpg,Arcadia Max USB-C Charging Cable in Burgundy,11
590,152,625,https://cdn.shopnorth.example/p/152/forest-green.jpg,Arcadia Max USB-C Charging Cable in Forest Green,12
591,152,626,https://cdn.shopnorth.example/p/152/white.jpg,Arcadia Max USB-C Charging Cable in White,13
592,153,,https://cdn.shopnorth.example/p/153/1.jpg,Ember & Oak Everyday Stackable Bins - view 1,0
593,153,,https://cdn.shopnorth.example/p/153/2.jpg,Ember & Oak Everyday Stackable Bins - view 2,1
594,153,,https://cdn.shopnorth.example/p/153/3.jpg,Ember & Oak Everyday Stackable Bins - view 3,2
595,153,,https://cdn.shopnorth.example/p/153/4.jpg,Ember & Oak Everyday Stackable Bins - view 4,3
596,153,,https://cdn.shopnorth.example/p/153/5.jpg,Ember & Oak Everyday Stackable Bins - view 5,4
597,154,,https://cdn.shopnorth.example/p/154/1.jpg,"Kinfolk Kitchen Eco 11"" Tablet - view 1",0
598,154,,https://cdn.shopnorth.example/p/154/2.jpg,"Kinfolk Kitchen Eco 11"" Tablet - view 2",1
599,154,,https://cdn.shopnorth.example/p/154/3.jpg,"Kinfolk Kitchen Eco 11"" Tablet - view 3",2
600,154,628,https://cdn.shopnorth.example/p/154/space-gray.jpg,"Kinfolk Kitchen Eco 11"" Tablet in Space Gray",11
601,154,629,https://cdn.shopnorth.example/p/154/silver.jpg,"Kinfolk Kitchen Eco 11"" Tablet in Silver",12
602,155,,https://cdn.shopnorth.example/p/155/1.jpg,Halcyon Home Essential Gentle Cleanser - view 1,0
603,155,,https://cdn.shopnorth.example/p/155/2.jpg,Halcyon Home Essential Gentle Cleanser - view 2,1
604,155,,https://cdn.shopnorth.example/p/155/3.jpg,Halcyon Home Essential Gentle Cleanser - view 3,2
605,156,,https://cdn.shopnorth.example/p/156/1.jpg,Alder & Pine Premium Sleeping Bag - view 1,0
606,157,,https://cdn.shopnorth.example/p/157/1.jpg,Juniper Lane Everyday Over-Door Rack - view 1,0
607,157,,https://cdn.shopnorth.example/p/157/2.jpg,Juniper Lane Everyday Over-Door Rack - view 2,1
608,157,,https://cdn.shopnorth.example/p/157/3.jpg,Juniper Lane Everyday Over-Door Rack - view 3,2
609,157,,https://cdn.shopnorth.example/p/157/4.jpg,Juniper Lane Everyday Over-Door Rack - view 4,3
610,158,,https://cdn.shopnorth.example/p/158/1.jpg,Halcyon Home Essential Sport Earbuds - view 1,0
611,158,,https://cdn.shopnorth.example/p/158/2.jpg,Halcyon Home Essential Sport Earbuds - view 2,1
612,158,,https://cdn.shopnorth.example/p/158/3.jpg,Halcyon Home Essential Sport Earbuds - view 3,2
613,158,635,https://cdn.shopnorth.example/p/158/black.jpg,Halcyon Home Essential Sport Earbuds in Black,11
614,158,636,https://cdn.shopnorth.example/p/158/forest-green.jpg,Halcyon Home Essential Sport Earbuds in Forest Green,12
615,158,637,https://cdn.shopnorth.example/p/158/burgundy.jpg,Halcyon Home Essential Sport Earbuds in Burgundy,13
616,159,,https://cdn.shopnorth.example/p/159/1.jpg,Harbor Goods Pro Performance Polo - view 1,0
617,159,,https://cdn.shopnorth.example/p/159/2.jpg,Harbor Goods Pro Performance Polo - view 2,1
618,159,,https://cdn.shopnorth.example/p/159/3.jpg,Harbor Goods Pro Performance Polo - view 3,2
619,159,638,https://cdn.shopnorth.example/p/159/olive.jpg,Harbor Goods Pro Performance Polo in Olive,11
620,159,643,https://cdn.shopnorth.example/p/159/forest-green.jpg,Harbor Goods Pro Performance Polo in Forest Green,12
621,159,649,https://cdn.shopnorth.example/p/159/sky-blue.jpg,Harbor Goods Pro Performance Polo in Sky Blue,13
622,159,655,https://cdn.shopnorth.example/p/159/sand.jpg,Harbor Goods Pro Performance Polo in Sand,14
623,160,,https://cdn.shopnorth.example/p/160/1.jpg,Northwind Ultra Water Blaster - view 1,0
624,161,,https://cdn.shopnorth.example/p/161/1.jpg,Wren & Co. Eco Stainless Steel Cookware Set - view 1,0
625,161,,https://cdn.shopnorth.example/p/161/2.jpg,Wren & Co. Eco Stainless Steel Cookware Set - view 2,1
626,161,,https://cdn.shopnorth.example/p/161/3.jpg,Wren & Co. Eco Stainless Steel Cookware Set - view 3,2
627,161,,https://cdn.shopnorth.example/p/161/4.jpg,Wren & Co. Eco Stainless Steel Cookware Set - view 4,3
628,161,,https://cdn.shopnorth.example/p/161/5.jpg,Wren & Co. Eco Stainless Steel Cookware Set - view 5,4
629,162,,https://cdn.shopnorth.example/p/162/1.jpg,Voltix Everyday Strategy Board Game - view 1,0
630,162,,https://cdn.shopnorth.example/p/162/2.jpg,Voltix Everyday Strategy Board Game - view 2,1
631,162,,https://cdn.shopnorth.example/p/162/3.jpg,Voltix Everyday Strategy Board Game - view 3,2
632,162,,https://cdn.shopnorth.example/p/162/4.jpg,Voltix Everyday Strategy Board Game - view 4,3
633,162,,https://cdn.shopnorth.example/p/162/5.jpg,Voltix Everyday Strategy Board Game - view 5,4
634,163,,https://cdn.shopnorth.example/p/163/1.jpg,Veloce Ultra Air Fryer - view 1,0
635,163,,https://cdn.shopnorth.example/p/163/2.jpg,Veloce Ultra Air Fryer - view 2,1
636,163,,https://cdn.shopnorth.example/p/163/3.jpg,Veloce Ultra Air Fryer - view 3,2
637,164,,https://cdn.shopnorth.example/p/164/1.jpg,Fable Toys Signature Cushioned Running Shoe - view 1,0
638,164,,https://cdn.shopnorth.example/p/164/2.jpg,Fable Toys Signature Cushioned Running Shoe - view 2,1
639,164,664,https://cdn.shopnorth.example/p/164/black.jpg,Fable Toys Signature Cushioned Running Shoe in Black,11
640,165,,https://cdn.shopnorth.example/p/165/1.jpg,Luxe Botanica Premium Down Alternative Comforter - view 1,0
641,165,,https://cdn.shopnorth.example/p/165/2.jpg,Luxe Botanica Premium Down Alternative Comforter - view 2,1
642,165,,https://cdn.shopnorth.example/p/165/3.jpg,Luxe Botanica Premium Down Alternative Comforter - view 3,2
643,165,,https://cdn.shopnorth.example/p/165/4.jpg,Luxe Botanica Premium Down Alternative Comforter - view 4,3
644,165,,https://cdn.shopnorth.example/p/165/5.jpg,Luxe Botanica Premium Down Alternative Comforter - view 5,4
645,166,,https://cdn.shopnorth.example/p/166/1.jpg,Mosaic Kids Ultra Chelsea Boot - view 1,0
646,166,,https://cdn.shopnorth.example/p/166/2.jpg,Mosaic Kids Ultra Chelsea Boot - view 2,1
647,166,675,https://cdn.shopnorth.example/p/166/navy.jpg,Mosaic Kids Ultra Chelsea Boot in Navy,11
648,166,682,https://cdn.shopnorth.example/p/166/forest-green.jpg,Mosaic Kids Ultra Chelsea Boot in Forest Green,12
649,167,,https://cdn.shopnorth.example/p/167/1.jpg,Alder & Pine Everyday Sports Bra - view 1,0
650,167,,https://cdn.shopnorth.example/p/167/2.jpg,Alder & Pine Everyday Sports Bra - view 2,1
651,167,,https://cdn.shopnorth.example/p/167/3.jpg,Alder & Pine Everyday Sports Bra - view 3,2
652,167,689,https://cdn.shopnorth.example/p/167/navy.jpg,Alder & Pine Everyday Sports Bra in Navy,11
653,168,,https://cdn.shopnorth.example/p/168/1.jpg,Northwind Signature 1000-Piece Puzzle - view 1,0
654,168,,https://cdn.shopnorth.example/p/168/2.jpg,Northwind Signature 1000-Piece Puzzle - view 2,1
655,168,,https://cdn.shopnorth.example/p/168/3.jpg,Northwind Signature 1000-Piece Puzzle - view 3,2
656,168,,https://cdn.shopnorth.example/p/168/4.jpg,Northwind Signature 1000-Piece Puzzle - view 4,3
657,168,,https://cdn.shopnorth.example/p/168/5.jpg,Northwind Signature 1000-Piece Puzzle - view 5,4
658,169,,https://cdn.shopnorth.example/p/169/1.jpg,Veloce Ultra Dry Shampoo - view 1,0
659,169,,https://cdn.shopnorth.example/p/169/2.jpg,Veloce Ultra Dry Shampoo - view 2,1
660,169,,https://cdn.shopnorth.example/p/169/3.jpg,Veloce Ultra Dry Shampoo - view 3,2
661,169,,https://cdn.shopnorth.example/p/169/4.jpg,Veloce Ultra Dry Shampoo - view 4,3
662,170,,https://cdn.shopnorth.example/p/170/1.jpg,Cobalt Audio Compact Espresso Machine - view 1,0
663,170,,https://cdn.shopnorth.example/p/170/2.jpg,Cobalt Audio Compact Espresso Machine - view 2,1
664,171,,https://cdn.shopnorth.example/p/171/1.jpg,Everkind Lightweight Cast Iron Dutch Oven - view 1,0
665,171,,https://cdn.shopnorth.example/p/171/2.jpg,Everkind Lightweight Cast Iron Dutch Oven - view 2,1
666,171,,https://cdn.shopnorth.example/p/171/3.jpg,Everkind Lightweight Cast Iron Dutch Oven - view 3,2
667,171,,https://cdn.shopnorth.example/p/171/4.jpg,Everkind Lightweight Cast Iron Dutch Oven - view 4,3
668,171,,https://cdn.shopnorth.example/p/171/5.jpg,Everkind Lightweight Cast Iron Dutch Oven - view 5,4
669,171,698,https://cdn.shopnorth.example/p/171/olive.jpg,Everkind Lightweight Cast Iron Dutch Oven in Olive,11
670,171,699,https://cdn.shopnorth.example/p/171/navy.jpg,Everkind Lightweight Cast Iron Dutch Oven in Navy,12
671,171,700,https://cdn.shopnorth.example/p/171/charcoal.jpg,Everkind Lightweight Cast Iron Dutch Oven in Charcoal,13
672,171,701,https://cdn.shopnorth.example/p/171/black.jpg,Everkind Lightweight Cast Iron Dutch Oven in Black,14
673,172,,https://cdn.shopnorth.example/p/172/1.jpg,Halcyon Home Classic Power Bank 10000mAh - view 1,0
674,172,,https://cdn.shopnorth.example/p/172/2.jpg,Halcyon Home Classic Power Bank 10000mAh - view 2,1
675,173,,https://cdn.shopnorth.example/p/173/1.jpg,Summit Supply Signature Wireless Earbuds - view 1,0
676,173,,https://cdn.shopnorth.example/p/173/2.jpg,Summit Supply Signature Wireless Earbuds - view 2,1
677,173,,https://cdn.shopnorth.example/p/173/3.jpg,Summit Supply Signature Wireless Earbuds - view 3,2
678,173,,https://cdn.shopnorth.example/p/173/4.jpg,Summit Supply Signature Wireless Earbuds - view 4,3
679,173,703,https://cdn.shopnorth.example/p/173/sand.jpg,Summit Supply Signature Wireless Earbuds in Sand,11
680,173,704,https://cdn.shopnorth.example/p/173/sky-blue.jpg,Summit Supply Signature Wireless Earbuds in Sky Blue,12
681,173,705,https://cdn.shopnorth.example/p/173/forest-green.jpg,Summit Supply Signature Wireless Earbuds in Forest Green,13
682,173,706,https://cdn.shopnorth.example/p/173/navy.jpg,Summit Supply Signature Wireless Earbuds in Navy,14
683,174,,https://cdn.shopnorth.example/p/174/1.jpg,Ember & Oak Classic Feather Wand Toy - view 1,0
684,174,,https://cdn.shopnorth.example/p/174/2.jpg,Ember & Oak Classic Feather Wand Toy - view 2,1
685,174,,https://cdn.shopnorth.example/p/174/3.jpg,Ember & Oak Classic Feather Wand Toy - view 3,2
686,174,,https://cdn.shopnorth.example/p/174/4.jpg,Ember & Oak Classic Feather Wand Toy - view 4,3
687,174,,https://cdn.shopnorth.example/p/174/5.jpg,Ember & Oak Classic Feather Wand Toy - view 5,4
688,175,,https://cdn.shopnorth.example/p/175/1.jpg,Urban Nomad Everyday Family Trivia Game - view 1,0
689,175,,https://cdn.shopnorth.example/p/175/2.jpg,Urban Nomad Everyday Family Trivia Game - view 2,1
690,175,,https://cdn.shopnorth.example/p/175/3.jpg,Urban Nomad Everyday Family Trivia Game - view 3,2
691,176,,https://cdn.shopnorth.example/p/176/1.jpg,Trailhead Studio Hybrid Bike - view 1,0
692,176,,https://cdn.shopnorth.example/p/176/2.jpg,Trailhead Studio Hybrid Bike - view 2,1
693,176,,https://cdn.shopnorth.example/p/176/3.jpg,Trailhead Studio Hybrid Bike - view 3,2
694,176,,https://cdn.shopnorth.example/p/176/4.jpg,Trailhead Studio Hybrid Bike - view 4,3
695,176,,https://cdn.shopnorth.example/p/176/5.jpg,Trailhead Studio Hybrid Bike - view 5,4
696,177,,https://cdn.shopnorth.example/p/177/1.jpg,Nimbus Tech Compact Folding Camp Chair - view 1,0
697,177,,https://cdn.shopnorth.example/p/177/2.jpg,Nimbus Tech Compact Folding Camp Chair - view 2,1
698,178,,https://cdn.shopnorth.example/p/178/1.jpg,Quill Pro Straight Leg Jeans - view 1,0
699,178,,https://cdn.shopnorth.example/p/178/2.jpg,Quill Pro Straight Leg Jeans - view 2,1
700,178,,https://cdn.shopnorth.example/p/178/3.jpg,Quill Pro Straight Leg Jeans - view 3,2
701,178,,https://cdn.shopnorth.example/p/178/4.jpg,Quill Pro Straight Leg Jeans - view 4,3
702,178,711,https://cdn.shopnorth.example/p/178/sky-blue.jpg,Quill Pro Straight Leg Jeans in Sky Blue,11
703,178,716,https://cdn.shopnorth.example/p/178/heather-gray.jpg,Quill Pro Straight Leg Jeans in Heather Gray,12
704,178,721,https://cdn.shopnorth.example/p/178/navy.jpg,Quill Pro Straight Leg Jeans in Navy,13
705,179,,https://cdn.shopnorth.example/p/179/1.jpg,"Trailhead Pro 14"" Ultrabook - view 1",0
706,179,,https://cdn.shopnorth.example/p/179/2.jpg,"Trailhead Pro 14"" Ultrabook - view 2",1
707,179,,https://cdn.shopnorth.example/p/179/3.jpg,"Trailhead Pro 14"" Ultrabook - view 3",2
708,179,,https://cdn.shopnorth.example/p/179/4.jpg,"Trailhead Pro 14"" Ultrabook - view 4",3
709,179,,https://cdn.shopnorth.example/p/179/5.jpg,"Trailhead Pro 14"" Ultrabook - view 5",4
710,179,726,https://cdn.shopnorth.example/p/179/space-gray.jpg,"Trailhead Pro 14"" Ultrabook in Space Gray",11
711,179,727,https://cdn.shopnorth.example/p/179/silver.jpg,"Trailhead Pro 14"" Ultrabook in Silver",12
712,180,,https://cdn.shopnorth.example/p/180/1.jpg,Oakridge Studio Drawer Organizer - view 1,0
713,180,,https://cdn.shopnorth.example/p/180/2.jpg,Oakridge Studio Drawer Organizer - view 2,1
714,180,,https://cdn.shopnorth.example/p/180/3.jpg,Oakridge Studio Drawer Organizer - view 3,2
715,180,,https://cdn.shopnorth.example/p/180/4.jpg,Oakridge Studio Drawer Organizer - view 4,3
716,181,,https://cdn.shopnorth.example/p/181/1.jpg,Cobalt Audio Classic Foam Roller - view 1,0
717,181,,https://cdn.shopnorth.example/p/181/2.jpg,Cobalt Audio Classic Foam Roller - view 2,1
718,181,,https://cdn.shopnorth.example/p/181/3.jpg,Cobalt Audio Classic Foam Roller - view 3,2
719,182,,https://cdn.shopnorth.example/p/182/1.jpg,Oakridge Compact Hiking Boot - view 1,0
720,182,,https://cdn.shopnorth.example/p/182/2.jpg,Oakridge Compact Hiking Boot - view 2,1
721,182,,https://cdn.shopnorth.example/p/182/3.jpg,Oakridge Compact Hiking Boot - view 3,2
722,182,,https://cdn.shopnorth.example/p/182/4.jpg,Oakridge Compact Hiking Boot - view 4,3
723,182,733,https://cdn.shopnorth.example/p/182/forest-green.jpg,Oakridge Compact Hiking Boot in Forest Green,11
724,182,740,https://cdn.shopnorth.example/p/182/sky-blue.jpg,Oakridge Compact Hiking Boot in Sky Blue,12
725,183,,https://cdn.shopnorth.example/p/183/1.jpg,Kestrel Ultra Chef's Knife - view 1,0
726,183,,https://cdn.shopnorth.example/p/183/2.jpg,Kestrel Ultra Chef's Knife - view 2,1
727,183,,https://cdn.shopnorth.example/p/183/3.jpg,Kestrel Ultra Chef's Knife - view 3,2
728,183,,https://cdn.shopnorth.example/p/183/4.jpg,Kestrel Ultra Chef's Knife - view 4,3
729,183,,https://cdn.shopnorth.example/p/183/5.jpg,Kestrel Ultra Chef's Knife - view 5,4
730,183,747,https://cdn.shopnorth.example/p/183/blush.jpg,Kestrel Ultra Chef's Knife in Blush,11
731,183,748,https://cdn.shopnorth.example/p/183/sky-blue.jpg,Kestrel Ultra Chef's Knife in Sky Blue,12
732,184,,https://cdn.shopnorth.example/p/184/1.jpg,Solstice Max Over-Ear Headphones - view 1,0
733,184,,https://cdn.shopnorth.example/p/184/2.jpg,Solstice Max Over-Ear Headphones - view 2,1
734,184,,https://cdn.shopnorth.example/p/184/3.jpg,Solstice Max Over-Ear Headphones - view 3,2
735,184,,https://cdn.shopnorth.example/p/184/4.jpg,Solstice Max Over-Ear Headphones - view 4,3
736,184,,https://cdn.shopnorth.example/p/184/5.jpg,Solstice Max Over-Ear Headphones - view 5,4
737,185,,https://cdn.shopnorth.example/p/185/1.jpg,Veloce Compact Gentle Cleanser - view 1,0
738,185,,https://cdn.shopnorth.example/p/185/2.jpg,Veloce Compact Gentle Cleanser - view 2,1
739,185,,https://cdn.shopnorth.example/p/185/3.jpg,Veloce Compact Gentle Cleanser - view 3,2
740,185,,https://cdn.shopnorth.example/p/185/4.jpg,Veloce Compact Gentle Cleanser - view 4,3
741,185,,https://cdn.shopnorth.example/p/185/5.jpg,Veloce Compact Gentle Cleanser - view 5,4
742,186,,https://cdn.shopnorth.example/p/186/1.jpg,Kinfolk Kitchen Everyday Quarter-Zip Pullover - view 1,0
743,186,,https://cdn.shopnorth.example/p/186/2.jpg,Kinfolk Kitchen Everyday Quarter-Zip Pullover - view 2,1
744,186,751,https://cdn.shopnorth.example/p/186/forest-green.jpg,Kinfolk Kitchen Everyday Quarter-Zip Pullover in Forest Green,11
745,186,757,https://cdn.shopnorth.example/p/186/navy.jpg,Kinfolk Kitchen Everyday Quarter-Zip Pullover in Navy,12
746,187,,https://cdn.shopnorth.example/p/187/1.jpg,Trailhead Premium Oversized Hoodie - view 1,0
747,187,,https://cdn.shopnorth.example/p/187/2.jpg,Trailhead Premium Oversized Hoodie - view 2,1
748,187,762,https://cdn.shopnorth.example/p/187/olive.jpg,Trailhead Premium Oversized Hoodie in Olive,11
749,188,,https://cdn.shopnorth.example/p/188/1.jpg,Fernway Classic Building Block Set - view 1,0
750,188,,https://cdn.shopnorth.example/p/188/2.jpg,Fernway Classic Building Block Set - view 2,1
751,188,,https://cdn.shopnorth.example/p/188/3.jpg,Fernway Classic Building Block Set - view 3,2
752,188,,https://cdn.shopnorth.example/p/188/4.jpg,Fernway Classic Building Block Set - view 4,3
753,189,,https://cdn.shopnorth.example/p/189/1.jpg,Luxe Botanica Heritage Action Camera - view 1,0
754,189,,https://cdn.shopnorth.example/p/189/2.jpg,Luxe Botanica Heritage Action Camera - view 2,1
755,189,,https://cdn.shopnorth.example/p/189/3.jpg,Luxe Botanica Heritage Action Camera - view 3,2
756,189,,https://cdn.shopnorth.example/p/189/4.jpg,Luxe Botanica Heritage Action Camera - view 4,3
757,189,,https://cdn.shopnorth.example/p/189/5.jpg,Luxe Botanica Heritage Action Camera - view 5,4
758,190,,https://cdn.shopnorth.example/p/190/1.jpg,Kestrel Max Vacuum Storage Bags - view 1,0
759,191,,https://cdn.shopnorth.example/p/191/1.jpg,Rove Ultra Party Card Game - view 1,0
760,191,,https://cdn.shopnorth.example/p/191/2.jpg,Rove Ultra Party Card Game - view 2,1
761,192,,https://cdn.shopnorth.example/p/192/1.jpg,Arcadia Eco Hybrid Bike - view 1,0
762,192,,https://cdn.shopnorth.example/p/192/2.jpg,Arcadia Eco Hybrid Bike - view 2,1
763,192,,https://cdn.shopnorth.example/p/192/3.jpg,Arcadia Eco Hybrid Bike - view 3,2
764,192,,https://cdn.shopnorth.example/p/192/4.jpg,Arcadia Eco Hybrid Bike - view 4,3
765,192,,https://cdn.shopnorth.example/p/192/5.jpg,Arcadia Eco Hybrid Bike - view 5,4
766,193,,https://cdn.shopnorth.example/p/193/1.jpg,PawPal Essential Denim Jacket - view 1,0
767,193,,https://cdn.shopnorth.example/p/193/2.jpg,PawPal Essential Denim Jacket - view 2,1
768,193,,https://cdn.shopnorth.example/p/193/3.jpg,PawPal Essential Denim Jacket - view 3,2
769,193,,https://cdn.shopnorth.example/p/193/4.jpg,PawPal Essential Denim Jacket - view 4,3
770,193,772,https://cdn.shopnorth.example/p/193/olive.jpg,PawPal Essential Denim Jacket in Olive,11
771,193,777,https://cdn.shopnorth.example/p/193/heather-gray.jpg,PawPal Essential Denim Jacket in Heather Gray,12
772,193,782,https://cdn.shopnorth.example/p/193/black.jpg,PawPal Essential Denim Jacket in Black,13
773,193,788,https://cdn.shopnorth.example/p/193/charcoal.jpg,PawPal Essential Denim Jacket in Charcoal,14
774,194,,https://cdn.shopnorth.example/p/194/1.jpg,Quill Essential Joggers - view 1,0
775,194,794,https://cdn.shopnorth.example/p/194/blush.jpg,Quill Essential Joggers in Blush,11
776,194,800,https://cdn.shopnorth.example/p/194/sky-blue.jpg,Quill Essential Joggers in Sky Blue,12
777,194,806,https://cdn.shopnorth.example/p/194/black.jpg,Quill Essential Joggers in Black,13
778,194,812,https://cdn.shopnorth.example/p/194/heather-gray.jpg,Quill Essential Joggers in Heather Gray,14
779,195,,https://cdn.shopnorth.example/p/195/1.jpg,Trailhead Premium Linen Blouse - view 1,0
780,195,,https://cdn.shopnorth.example/p/195/2.jpg,Trailhead Premium Linen Blouse - view 2,1
781,195,,https://cdn.shopnorth.example/p/195/3.jpg,Trailhead Premium Linen Blouse - view 3,2
782,195,818,https://cdn.shopnorth.example/p/195/blush.jpg,Trailhead Premium Linen Blouse in Blush,11
783,196,,https://cdn.shopnorth.example/p/196/1.jpg,Pulse Fitness Lightweight Chino Pants - view 1,0
784,196,,https://cdn.shopnorth.example/p/196/2.jpg,Pulse Fitness Lightweight Chino Pants - view 2,1
785,196,,https://cdn.shopnorth.example/p/196/3.jpg,Pulse Fitness Lightweight Chino Pants - view 3,2
786,196,824,https://cdn.shopnorth.example/p/196/charcoal.jpg,Pulse Fitness Lightweight Chino Pants in Charcoal,11
787,196,829,https://cdn.shopnorth.example/p/196/sky-blue.jpg,Pulse Fitness Lightweight Chino Pants in Sky Blue,12
788,197,,https://cdn.shopnorth.example/p/197/1.jpg,Fernway Essential Mascara - view 1,0
789,197,,https://cdn.shopnorth.example/p/197/2.jpg,Fernway Essential Mascara - view 2,1
790,197,,https://cdn.shopnorth.example/p/197/3.jpg,Fernway Essential Mascara - view 3,2
791,197,,https://cdn.shopnorth.example/p/197/4.jpg,Fernway Essential Mascara - view 4,3
792,198,,https://cdn.shopnorth.example/p/198/1.jpg,Luxe Botanica Max Yoga Mat - view 1,0
793,199,,https://cdn.shopnorth.example/p/199/1.jpg,Solstice Lightweight Chew Toy - view 1,0
794,199,,https://cdn.shopnorth.example/p/199/2.jpg,Solstice Lightweight Chew Toy - view 2,1
795,200,,https://cdn.shopnorth.example/p/200/1.jpg,Northwind Max Kettlebell - view 1,0
796,201,,https://cdn.shopnorth.example/p/201/1.jpg,Stratus Max Slide Sandal - view 1,0
797,201,838,https://cdn.shopnorth.example/p/201/charcoal.jpg,Stratus Max Slide Sandal in Charcoal,11
798,201,845,https://cdn.shopnorth.example/p/201/forest-green.jpg,Stratus Max Slide Sandal in Forest Green,12
799,202,,https://cdn.shopnorth.example/p/202/1.jpg,Halcyon Home Signature Foam Roller - view 1,0
800,202,,https://cdn.shopnorth.example/p/202/2.jpg,Halcyon Home Signature Foam Roller - view 2,1
801,202,,https://cdn.shopnorth.example/p/202/3.jpg,Halcyon Home Signature Foam Roller - view 3,2
802,203,,https://cdn.shopnorth.example/p/203/1.jpg,Everkind Compact Hair Oil - view 1,0
803,204,,https://cdn.shopnorth.example/p/204/1.jpg,Luxe Botanica Eco Sport Sandal - view 1,0
804,204,,https://cdn.shopnorth.example/p/204/2.jpg,Luxe Botanica Eco Sport Sandal - view 2,1
805,204,,https://cdn.shopnorth.example/p/204/3.jpg,Luxe Botanica Eco Sport Sandal - view 3,2
806,204,,https://cdn.shopnorth.example/p/204/4.jpg,Luxe Botanica Eco Sport Sandal - view 4,3
807,204,854,https://cdn.shopnorth.example/p/204/navy.jpg,Luxe Botanica Eco Sport Sandal in Navy,11
808,204,861,https://cdn.shopnorth.example/p/204/black.jpg,Luxe Botanica Eco Sport Sandal in Black,12
809,205,,https://cdn.shopnorth.example/p/205/1.jpg,Kinfolk Kitchen Compact Leave-In Conditioner - view 1,0
810,205,,https://cdn.shopnorth.example/p/205/2.jpg,Kinfolk Kitchen Compact Leave-In Conditioner - view 2,1
811,205,,https://cdn.shopnorth.example/p/205/3.jpg,Kinfolk Kitchen Compact Leave-In Conditioner - view 3,2
812,205,,https://cdn.shopnorth.example/p/205/4.jpg,Kinfolk Kitchen Compact Leave-In Conditioner - view 4,3
813,205,,https://cdn.shopnorth.example/p/205/5.jpg,Kinfolk Kitchen Compact Leave-In Conditioner - view 5,4
814,206,,https://cdn.shopnorth.example/p/206/1.jpg,Juniper Lane Lightweight Chef's Knife - view 1,0
815,206,,https://cdn.shopnorth.example/p/206/2.jpg,Juniper Lane Lightweight Chef's Knife - view 2,1
816,206,,https://cdn.shopnorth.example/p/206/3.jpg,Juniper Lane Lightweight Chef's Knife - view 3,2
817,206,869,https://cdn.shopnorth.example/p/206/burgundy.jpg,Juniper Lane Lightweight Chef's Knife in Burgundy,11
818,206,870,https://cdn.shopnorth.example/p/206/white.jpg,Juniper Lane Lightweight Chef's Knife in White,12
819,206,871,https://cdn.shopnorth.example/p/206/forest-green.jpg,Juniper Lane Lightweight Chef's Knife in Forest Green,13
820,207,,https://cdn.shopnorth.example/p/207/1.jpg,"Harbor Goods Eco 14"" Ultrabook - view 1",0
821,207,,https://cdn.shopnorth.example/p/207/2.jpg,"Harbor Goods Eco 14"" Ultrabook - view 2",1
822,207,,https://cdn.shopnorth.example/p/207/3.jpg,"Harbor Goods Eco 14"" Ultrabook - view 3",2
823,207,872,https://cdn.shopnorth.example/p/207/space-gray.jpg,"Harbor Goods Eco 14"" Ultrabook in Space Gray",11
824,207,874,https://cdn.shopnorth.example/p/207/silver.jpg,"Harbor Goods Eco 14"" Ultrabook in Silver",12
825,208,,https://cdn.shopnorth.example/p/208/1.jpg,Pulse Fitness Essential Leave-In Conditioner - view 1,0
826,208,,https://cdn.shopnorth.example/p/208/2.jpg,Pulse Fitness Essential Leave-In Conditioner - view 2,1
827,209,,https://cdn.shopnorth.example/p/209/1.jpg,Marlowe Premium Slip-On Sneaker - view 1,0
828,209,,https://cdn.shopnorth.example/p/209/2.jpg,Marlowe Premium Slip-On Sneaker - view 2,1
829,209,,https://cdn.shopnorth.example/p/209/3.jpg,Marlowe Premium Slip-On Sneaker - view 3,2
830,209,,https://cdn.shopnorth.example/p/209/4.jpg,Marlowe Premium Slip-On Sneaker - view 4,3
831,209,877,https://cdn.shopnorth.example/p/209/navy.jpg,Marlowe Premium Slip-On Sneaker in Navy,11
832,209,884,https://cdn.shopnorth.example/p/209/white.jpg,Marlowe Premium Slip-On Sneaker in White,12
833,210,,https://cdn.shopnorth.example/p/210/1.jpg,Quill Essential Flip Flop - view 1,0
834,210,891,https://cdn.shopnorth.example/p/210/black.jpg,Quill Essential Flip Flop in Black,11
835,211,,https://cdn.shopnorth.example/p/211/1.jpg,Juniper Lane Ultra Backyard Swing - view 1,0
836,211,,https://cdn.shopnorth.example/p/211/2.jpg,Juniper Lane Ultra Backyard Swing - view 2,1
837,211,,https://cdn.shopnorth.example/p/211/3.jpg,Juniper Lane Ultra Backyard Swing - view 3,2
838,211,,https://cdn.shopnorth.example/p/211/4.jpg,Juniper Lane Ultra Backyard Swing - view 4,3
839,211,,https://cdn.shopnorth.example/p/211/5.jpg,Juniper Lane Ultra Backyard Swing - view 5,4
840,212,,https://cdn.shopnorth.example/p/212/1.jpg,Everkind Lightweight Wireless Charger - view 1,0
841,212,,https://cdn.shopnorth.example/p/212/2.jpg,Everkind Lightweight Wireless Charger - view 2,1
842,212,,https://cdn.shopnorth.example/p/212/3.jpg,Everkind Lightweight Wireless Charger - view 3,2
843,212,,https://cdn.shopnorth.example/p/212/4.jpg,Everkind Lightweight Wireless Charger - view 4,3
844,213,,https://cdn.shopnorth.example/p/213/1.jpg,Glowbar Premium USB-C Charging Cable - view 1,0
845,213,900,https://cdn.shopnorth.example/p/213/navy.jpg,Glowbar Premium USB-C Charging Cable in Navy,11
846,213,901,https://cdn.shopnorth.example/p/213/blush.jpg,Glowbar Premium USB-C Charging Cable in Blush,12
847,213,902,https://cdn.shopnorth.example/p/213/heather-gray.jpg,Glowbar Premium USB-C Charging Cable in Heather Gray,13
848,213,903,https://cdn.shopnorth.example/p/213/forest-green.jpg,Glowbar Premium USB-C Charging Cable in Forest Green,14
849,214,,https://cdn.shopnorth.example/p/214/1.jpg,Northwind Max Feather Wand Toy - view 1,0
850,215,,https://cdn.shopnorth.example/p/215/1.jpg,Everkind Max Puffer Jacket - view 1,0
851,215,,https://cdn.shopnorth.example/p/215/2.jpg,Everkind Max Puffer Jacket - view 2,1
852,215,,https://cdn.shopnorth.example/p/215/3.jpg,Everkind Max Puffer Jacket - view 3,2
853,215,905,https://cdn.shopnorth.example/p/215/burgundy.jpg,Everkind Max Puffer Jacket in Burgundy,11
854,216,,https://cdn.shopnorth.example/p/216/1.jpg,Northwind Classic Road Running Shoe - view 1,0
855,216,,https://cdn.shopnorth.example/p/216/2.jpg,Northwind Classic Road Running Shoe - view 2,1
856,216,,https://cdn.shopnorth.example/p/216/3.jpg,Northwind Classic Road Running Shoe - view 3,2
857,216,911,https://cdn.shopnorth.example/p/216/forest-green.jpg,Northwind Classic Road Running Shoe in Forest Green,11
858,217,,https://cdn.shopnorth.example/p/217/1.jpg,Ember & Oak Eco Feather Wand Toy - view 1,0
859,217,,https://cdn.shopnorth.example/p/217/2.jpg,Ember & Oak Eco Feather Wand Toy - view 2,1
860,217,,https://cdn.shopnorth.example/p/217/3.jpg,Ember & Oak Eco Feather Wand Toy - view 3,2
861,217,,https://cdn.shopnorth.example/p/217/4.jpg,Ember & Oak Eco Feather Wand Toy - view 4,3
862,217,,https://cdn.shopnorth.example/p/217/5.jpg,Ember & Oak Eco Feather Wand Toy - view 5,4
863,218,,https://cdn.shopnorth.example/p/218/1.jpg,Fernway Max Retinol Night Cream - view 1,0
864,219,,https://cdn.shopnorth.example/p/219/1.jpg,Ember & Oak Premium Oversized Hoodie - view 1,0
865,219,,https://cdn.shopnorth.example/p/219/2.jpg,Ember & Oak Premium Oversized Hoodie - view 2,1
866,219,,https://cdn.shopnorth.example/p/219/3.jpg,Ember & Oak Premium Oversized Hoodie - view 3,2
867,219,920,https://cdn.shopnorth.example/p/219/heather-gray.jpg,Ember & Oak Premium Oversized Hoodie in Heather Gray,11
868,219,926,https://cdn.shopnorth.example/p/219/forest-green.jpg,Ember & Oak Premium Oversized Hoodie in Forest Green,12
869,220,,https://cdn.shopnorth.example/p/220/1.jpg,Fernway Ultra Repair Shampoo - view 1,0
870,221,,https://cdn.shopnorth.example/p/221/1.jpg,Voltix Signature Bike Helmet - view 1,0
871,221,,https://cdn.shopnorth.example/p/221/2.jpg,Voltix Signature Bike Helmet - view 2,1
872,221,,https://cdn.shopnorth.example/p/221/3.jpg,Voltix Signature Bike Helmet - view 3,2
873,222,,https://cdn.shopnorth.example/p/222/1.jpg,Kestrel Max Vacuum Storage Bags - view 1,0
874,223,,https://cdn.shopnorth.example/p/223/1.jpg,Brightfield Signature Cropped Sweater - view 1,0
875,223,,https://cdn.shopnorth.example/p/223/2.jpg,Brightfield Signature Cropped Sweater - view 2,1
876,223,,https://cdn.shopnorth.example/p/223/3.jpg,Brightfield Signature Cropped Sweater - view 3,2
877,223,,https://cdn.shopnorth.example/p/223/4.jpg,Brightfield Signature Cropped Sweater - view 4,3
878,223,,https://cdn.shopnorth.example/p/223/5.jpg,Brightfield Signature Cropped Sweater - view 5,4
879,223,935,https://cdn.shopnorth.example/p/223/white.jpg,Brightfield Signature Cropped Sweater in White,11
880,223,941,https://cdn.shopnorth.example/p/223/navy.jpg,Brightfield Signature Cropped Sweater in Navy,12
881,223,947,https://cdn.shopnorth.example/p/223/blush.jpg,Brightfield Signature Cropped Sweater in Blush,13
882,223,952,https://cdn.shopnorth.example/p/223/forest-green.jpg,Brightfield Signature Cropped Sweater in Forest Green,14
883,224,,https://cdn.shopnorth.example/p/224/1.jpg,Seaside Skin Heritage Espresso Machine - view 1,0
884,225,,https://cdn.shopnorth.example/p/225/1.jpg,"Juniper Lane Essential 14"" Ultrabook - view 1",0
885,225,,https://cdn.shopnorth.example/p/225/2.jpg,"Juniper Lane Essential 14"" Ultrabook - view 2",1
886,225,,https://cdn.shopnorth.example/p/225/3.jpg,"Juniper Lane Essential 14"" Ultrabook - view 3",2
887,225,,https://cdn.shopnorth.example/p/225/4.jpg,"Juniper Lane Essential 14"" Ultrabook - view 4",3
888,225,,https://cdn.shopnorth.example/p/225/5.jpg,"Juniper Lane Essential 14"" Ultrabook - view 5",4
889,225,958,https://cdn.shopnorth.example/p/225/silver.jpg,"Juniper Lane Essential 14"" Ultrabook in Silver",11
890,225,959,https://cdn.shopnorth.example/p/225/space-gray.jpg,"Juniper Lane Essential 14"" Ultrabook in Space Gray",12
891,226,,https://cdn.shopnorth.example/p/226/1.jpg,Luxe Botanica Pro Slim Fit Jeans - view 1,0
892,226,,https://cdn.shopnorth.example/p/226/2.jpg,Luxe Botanica Pro Slim Fit Jeans - view 2,1
893,226,,https://cdn.shopnorth.example/p/226/3.jpg,Luxe Botanica Pro Slim Fit Jeans - view 3,2
894,226,962,https://cdn.shopnorth.example/p/226/burgundy.jpg,Luxe Botanica Pro Slim Fit Jeans in Burgundy,11
895,226,968,https://cdn.shopnorth.example/p/226/sky-blue.jpg,Luxe Botanica Pro Slim Fit Jeans in Sky Blue,12
896,226,973,https://cdn.shopnorth.example/p/226/navy.jpg,Luxe Botanica Pro Slim Fit Jeans in Navy,13
897,226,979,https://cdn.shopnorth.example/p/226/olive.jpg,Luxe Botanica Pro Slim Fit Jeans in Olive,14
898,227,,https://cdn.shopnorth.example/p/227/1.jpg,Marlowe Heritage Slip-On Sneaker - view 1,0
899,227,,https://cdn.shopnorth.example/p/227/2.jpg,Marlowe Heritage Slip-On Sneaker - view 2,1
900,227,,https://cdn.shopnorth.example/p/227/3.jpg,Marlowe Heritage Slip-On Sneaker - view 3,2
901,227,,https://cdn.shopnorth.example/p/227/4.jpg,Marlowe Heritage Slip-On Sneaker - view 4,3
902,227,985,https://cdn.shopnorth.example/p/227/charcoal.jpg,Marlowe Heritage Slip-On Sneaker in Charcoal,11
903,227,992,https://cdn.shopnorth.example/p/227/heather-gray.jpg,Marlowe Heritage Slip-On Sneaker in Heather Gray,12
904,228,,https://cdn.shopnorth.example/p/228/1.jpg,Cinder Studio Hoodie - view 1,0
905,228,,https://cdn.shopnorth.example/p/228/2.jpg,Cinder Studio Hoodie - view 2,1
906,228,,https://cdn.shopnorth.example/p/228/3.jpg,Cinder Studio Hoodie - view 3,2
907,228,999,https://cdn.shopnorth.example/p/228/sky-blue.jpg,Cinder Studio Hoodie in Sky Blue,11
908,229,,https://cdn.shopnorth.example/p/229/1.jpg,Halcyon Home Classic Eau de Parfum 50ml - view 1,0
909,229,,https://cdn.shopnorth.example/p/229/2.jpg,Halcyon Home Classic Eau de Parfum 50ml - view 2,1
910,230,,https://cdn.shopnorth.example/p/230/1.jpg,Ember & Oak Eco Family Trivia Game - view 1,0
911,230,,https://cdn.shopnorth.example/p/230/2.jpg,Ember & Oak Eco Family Trivia Game - view 2,1
912,231,,https://cdn.shopnorth.example/p/231/1.jpg,Seaside Skin Pro Mascara - view 1,0
913,231,,https://cdn.shopnorth.example/p/231/2.jpg,Seaside Skin Pro Mascara - view 2,1
914,231,,https://cdn.shopnorth.example/p/231/3.jpg,Seaside Skin Pro Mascara - view 3,2
915,232,,https://cdn.shopnorth.example/p/232/1.jpg,Seaside Skin Classic Lip Tint - view 1,0
916,232,,https://cdn.shopnorth.example/p/232/2.jpg,Seaside Skin Classic Lip Tint - view 2,1
917,232,,https://cdn.shopnorth.example/p/232/3.jpg,Seaside Skin Classic Lip Tint - view 3,2
918,233,,https://cdn.shopnorth.example/p/233/1.jpg,Marlowe Everyday Espresso Machine - view 1,0
919,233,,https://cdn.shopnorth.example/p/233/2.jpg,Marlowe Everyday Espresso Machine - view 2,1
920,234,,https://cdn.shopnorth.example/p/234/1.jpg,Arcadia Heritage Hiking Boot - view 1,0
921,234,,https://cdn.shopnorth.example/p/234/2.jpg,Arcadia Heritage Hiking Boot - view 2,1
922,234,,https://cdn.shopnorth.example/p/234/3.jpg,Arcadia Heritage Hiking Boot - view 3,2
923,234,,https://cdn.shopnorth.example/p/234/4.jpg,Arcadia Heritage Hiking Boot - view 4,3
924,234,,https://cdn.shopnorth.example/p/234/5.jpg,Arcadia Heritage Hiking Boot - view 5,4
925,234,1009,https://cdn.shopnorth.example/p/234/forest-green.jpg,Arcadia Heritage Hiking Boot in Forest Green,11
926,234,1016,https://cdn.shopnorth.example/p/234/black.jpg,Arcadia Heritage Hiking Boot in Black,12
927,235,,https://cdn.shopnorth.example/p/235/1.jpg,Rove Ultra Instant Camera - view 1,0
928,235,,https://cdn.shopnorth.example/p/235/2.jpg,Rove Ultra Instant Camera - view 2,1
929,235,,https://cdn.shopnorth.example/p/235/3.jpg,Rove Ultra Instant Camera - view 3,2
930,235,,https://cdn.shopnorth.example/p/235/4.jpg,Rove Ultra Instant Camera - view 4,3
931,235,,https://cdn.shopnorth.example/p/235/5.jpg,Rove Ultra Instant Camera - view 5,4
932,235,1023,https://cdn.shopnorth.example/p/235/burgundy.jpg,Rove Ultra Instant Camera in Burgundy,11
933,235,1024,https://cdn.shopnorth.example/p/235/sky-blue.jpg,Rove Ultra Instant Camera in Sky Blue,12
934,235,1025,https://cdn.shopnorth.example/p/235/forest-green.jpg,Rove Ultra Instant Camera in Forest Green,13
935,235,1026,https://cdn.shopnorth.example/p/235/olive.jpg,Rove Ultra Instant Camera in Olive,14
936,236,,https://cdn.shopnorth.example/p/236/1.jpg,Seaside Skin Eco Denim Jacket - view 1,0
937,236,,https://cdn.shopnorth.example/p/236/2.jpg,Seaside Skin Eco Denim Jacket - view 2,1
938,236,1027,https://cdn.shopnorth.example/p/236/sky-blue.jpg,Seaside Skin Eco Denim Jacket in Sky Blue,11
939,236,1032,https://cdn.shopnorth.example/p/236/blush.jpg,Seaside Skin Eco Denim Jacket in Blush,12
940,237,,https://cdn.shopnorth.example/p/237/1.jpg,Summit Supply Studio Electric Kettle - view 1,0
941,237,,https://cdn.shopnorth.example/p/237/2.jpg,Summit Supply Studio Electric Kettle - view 2,1
942,238,,https://cdn.shopnorth.example/p/238/1.jpg,Wren & Co. Signature Espresso Machine - view 1,0
943,238,,https://cdn.shopnorth.example/p/238/2.jpg,Wren & Co. Signature Espresso Machine - view 2,1
944,238,,https://cdn.shopnorth.example/p/238/3.jpg,Wren & Co. Signature Espresso Machine - view 3,2
945,239,,https://cdn.shopnorth.example/p/239/1.jpg,Summit Supply Max Kettlebell - view 1,0
946,239,,https://cdn.shopnorth.example/p/239/2.jpg,Summit Supply Max Kettlebell - view 2,1
947,239,,https://cdn.shopnorth.example/p/239/3.jpg,Summit Supply Max Kettlebell - view 3,2
948,239,,https://cdn.shopnorth.example/p/239/4.jpg,Summit Supply Max Kettlebell - view 4,3
949,239,,https://cdn.shopnorth.example/p/239/5.jpg,Summit Supply Max Kettlebell - view 5,4
950,240,,https://cdn.shopnorth.example/p/240/1.jpg,Birchwood Heritage Fleece Jacket - view 1,0
951,240,,https://cdn.shopnorth.example/p/240/2.jpg,Birchwood Heritage Fleece Jacket - view 2,1
952,240,1040,https://cdn.shopnorth.example/p/240/white.jpg,Birchwood Heritage Fleece Jacket in White,11
953,240,1045,https://cdn.shopnorth.example/p/240/sand.jpg,Birchwood Heritage Fleece Jacket in Sand,12
954,240,1050,https://cdn.shopnorth.example/p/240/black.jpg,Birchwood Heritage Fleece Jacket in Black,13
955,241,,https://cdn.shopnorth.example/p/241/1.jpg,Mosaic Kids Essential Slide Sandal - view 1,0
956,241,,https://cdn.shopnorth.example/p/241/2.jpg,Mosaic Kids Essential Slide Sandal - view 2,1
957,241,,https://cdn.shopnorth.example/p/241/3.jpg,Mosaic Kids Essential Slide Sandal - view 3,2
958,241,1056,https://cdn.shopnorth.example/p/241/navy.jpg,Mosaic Kids Essential Slide Sandal in Navy,11
959,241,1063,https://cdn.shopnorth.example/p/241/charcoal.jpg,Mosaic Kids Essential Slide Sandal in Charcoal,12
960,242,,https://cdn.shopnorth.example/p/242/1.jpg,Veloce Essential Drawer Organizer - view 1,0
961,242,,https://cdn.shopnorth.example/p/242/2.jpg,Veloce Essential Drawer Organizer - view 2,1
962,242,,https://cdn.shopnorth.example/p/242/3.jpg,Veloce Essential Drawer Organizer - view 3,2
963,242,,https://cdn.shopnorth.example/p/242/4.jpg,Veloce Essential Drawer Organizer - view 4,3
964,243,,https://cdn.shopnorth.example/p/243/1.jpg,Fernway Essential Chino Pants - view 1,0
965,243,,https://cdn.shopnorth.example/p/243/2.jpg,Fernway Essential Chino Pants - view 2,1
966,243,,https://cdn.shopnorth.example/p/243/3.jpg,Fernway Essential Chino Pants - view 3,2
967,243,,https://cdn.shopnorth.example/p/243/4.jpg,Fernway Essential Chino Pants - view 4,3
968,243,,https://cdn.shopnorth.example/p/243/5.jpg,Fernway Essential Chino Pants - view 5,4
969,243,1071,https://cdn.shopnorth.example/p/243/charcoal.jpg,Fernway Essential Chino Pants in Charcoal,11
970,244,,https://cdn.shopnorth.example/p/244/1.jpg,Wren & Co. Eco Chef's Knife - view 1,0
971,244,,https://cdn.shopnorth.example/p/244/2.jpg,Wren & Co. Eco Chef's Knife - view 2,1
972,244,,https://cdn.shopnorth.example/p/244/3.jpg,Wren & Co. Eco Chef's Knife - view 3,2
973,244,,https://cdn.shopnorth.example/p/244/4.jpg,Wren & Co. Eco Chef's Knife - view 4,3
974,244,,https://cdn.shopnorth.example/p/244/5.jpg,Wren & Co. Eco Chef's Knife - view 5,4
975,244,1076,https://cdn.shopnorth.example/p/244/burgundy.jpg,Wren & Co. Eco Chef's Knife in Burgundy,11
976,244,1077,https://cdn.shopnorth.example/p/244/sand.jpg,Wren & Co. Eco Chef's Knife in Sand,12
977,244,1078,https://cdn.shopnorth.example/p/244/blush.jpg,Wren & Co. Eco Chef's Knife in Blush,13
978,244,1079,https://cdn.shopnorth.example/p/244/sky-blue.jpg,Wren & Co. Eco Chef's Knife in Sky Blue,14
979,245,,https://cdn.shopnorth.example/p/245/1.jpg,Brightfield Compact Flip Flop - view 1,0
980,245,,https://cdn.shopnorth.example/p/245/2.jpg,Brightfield Compact Flip Flop - view 2,1
981,245,,https://cdn.shopnorth.example/p/245/3.jpg,Brightfield Compact Flip Flop - view 3,2
982,245,,https://cdn.shopnorth.example/p/245/4.jpg,Brightfield Compact Flip Flop - view 4,3
983,245,1080,https://cdn.shopnorth.example/p/245/forest-green.jpg,Brightfield Compact Flip Flop in Forest Green,11
984,245,1087,https://cdn.shopnorth.example/p/245/sky-blue.jpg,Brightfield Compact Flip Flop in Sky Blue,12
985,246,,https://cdn.shopnorth.example/p/246/1.jpg,Kestrel Lightweight Memory Foam Pillow - view 1,0
986,246,,https://cdn.shopnorth.example/p/246/2.jpg,Kestrel Lightweight Memory Foam Pillow - view 2,1
987,246,,https://cdn.shopnorth.example/p/246/3.jpg,Kestrel Lightweight Memory Foam Pillow - view 3,2
988,247,,https://cdn.shopnorth.example/p/247/1.jpg,Kinfolk Kitchen Studio Kettlebell - view 1,0
989,247,,https://cdn.shopnorth.example/p/247/2.jpg,Kinfolk Kitchen Studio Kettlebell - view 2,1
990,247,,https://cdn.shopnorth.example/p/247/3.jpg,Kinfolk Kitchen Studio Kettlebell - view 3,2
991,248,,https://cdn.shopnorth.example/p/248/1.jpg,Stratus Essential Slim Fit Jeans - view 1,0
992,248,,https://cdn.shopnorth.example/p/248/2.jpg,Stratus Essential Slim Fit Jeans - view 2,1
993,248,,https://cdn.shopnorth.example/p/248/3.jpg,Stratus Essential Slim Fit Jeans - view 3,2
994,248,,https://cdn.shopnorth.example/p/248/4.jpg,Stratus Essential Slim Fit Jeans - view 4,3
995,248,,https://cdn.shopnorth.example/p/248/5.jpg,Stratus Essential Slim Fit Jeans - view 5,4
996,248,1099,https://cdn.shopnorth.example/p/248/forest-green.jpg,Stratus Essential Slim Fit Jeans in Forest Green,11
997,249,,https://cdn.shopnorth.example/p/249/1.jpg,Apex Motion Eco Hybrid Bike - view 1,0
998,249,,https://cdn.shopnorth.example/p/249/2.jpg,Apex Motion Eco Hybrid Bike - view 2,1
999,249,,https://cdn.shopnorth.example/p/249/3.jpg,Apex Motion Eco Hybrid Bike - view 3,2
1000,250,,https://cdn.shopnorth.example/p/250/1.jpg,Apex Motion Premium Fleece Jacket - view 1,0
1001,250,,https://cdn.shopnorth.example/p/250/2.jpg,Apex Motion Premium Fleece Jacket - view 2,1
1002,250,,https://cdn.shopnorth.example/p/250/3.jpg,Apex Motion Premium Fleece Jacket - view 3,2
1003,250,,https://cdn.shopnorth.example/p/250/4.jpg,Apex Motion Premium Fleece Jacket - view 4,3
1004,250,,https://cdn.shopnorth.example/p/250/5.jpg,Apex Motion Premium Fleece Jacket - view 5,4
1005,250,1105,https://cdn.shopnorth.example/p/250/blush.jpg,Apex Motion Premium Fleece Jacket in Blush,11
1006,250,1111,https://cdn.shopnorth.example/p/250/white.jpg,Apex Motion Premium Fleece Jacket in White,12
1007,251,,https://cdn.shopnorth.example/p/251/1.jpg,Trailhead Signature Insulated Water Bottle 32oz - view 1,0
1008,251,1117,https://cdn.shopnorth.example/p/251/blush.jpg,Trailhead Signature Insulated Water Bottle 32oz in Blush,11
1009,251,1118,https://cdn.shopnorth.example/p/251/heather-gray.jpg,Trailhead Signature Insulated Water Bottle 32oz in Heather Gray,12
1010,251,1119,https://cdn.shopnorth.example/p/251/charcoal.jpg,Trailhead Signature Insulated Water Bottle 32oz in Charcoal,13
1011,252,,https://cdn.shopnorth.example/p/252/1.jpg,Harbor Goods Ultra Noise Cancelling Headphones - view 1,0
1012,252,,https://cdn.shopnorth.example/p/252/2.jpg,Harbor Goods Ultra Noise Cancelling Headphones - view 2,1
1013,252,,https://cdn.shopnorth.example/p/252/3.jpg,Harbor Goods Ultra Noise Cancelling Headphones - view 3,2
1014,252,1120,https://cdn.shopnorth.example/p/252/heather-gray.jpg,Harbor Goods Ultra Noise Cancelling Headphones in Heather Gray,11
1015,252,1121,https://cdn.shopnorth.example/p/252/navy.jpg,Harbor Goods Ultra Noise Cancelling Headphones in Navy,12
1016,253,,https://cdn.shopnorth.example/p/253/1.jpg,Fable Toys Pro Ceramic Vase - view 1,0
1017,254,,https://cdn.shopnorth.example/p/254/1.jpg,Alder & Pine Everyday Area Rug - view 1,0
1018,254,,https://cdn.shopnorth.example/p/254/2.jpg,Alder & Pine Everyday Area Rug - view 2,1
1019,254,,https://cdn.shopnorth.example/p/254/3.jpg,Alder & Pine Everyday Area Rug - view 3,2
1020,254,,https://cdn.shopnorth.example/p/254/4.jpg,Alder & Pine Everyday Area Rug - view 4,3
1021,255,,https://cdn.shopnorth.example/p/255/1.jpg,Arcadia Ultra Cushioned Running Shoe - view 1,0
1022,255,,https://cdn.shopnorth.example/p/255/2.jpg,Arcadia Ultra Cushioned Running Shoe - view 2,1
1023,255,1124,https://cdn.shopnorth.example/p/255/sky-blue.jpg,Arcadia Ultra Cushioned Running Shoe in Sky Blue,11
1024,255,1131,https://cdn.shopnorth.example/p/255/heather-gray.jpg,Arcadia Ultra Cushioned Running Shoe in Heather Gray,12
1025,256,,https://cdn.shopnorth.example/p/256/1.jpg,Saltwater Lightweight Memory Foam Pillow - view 1,0
1026,256,,https://cdn.shopnorth.example/p/256/2.jpg,Saltwater Lightweight Memory Foam Pillow - view 2,1
1027,256,,https://cdn.shopnorth.example/p/256/3.jpg,Saltwater Lightweight Memory Foam Pillow - view 3,2
1028,256,,https://cdn.shopnorth.example/p/256/4.jpg,Saltwater Lightweight Memory Foam Pillow - view 4,3
1029,256,,https://cdn.shopnorth.example/p/256/5.jpg,Saltwater Lightweight Memory Foam Pillow - view 5,4
1030,257,,https://cdn.shopnorth.example/p/257/1.jpg,"Solstice Lightweight 15.6"" Laptop - view 1",0
1031,257,1142,https://cdn.shopnorth.example/p/257/silver.jpg,"Solstice Lightweight 15.6"" Laptop in Silver",11
1032,257,1144,https://cdn.shopnorth.example/p/257/space-gray.jpg,"Solstice Lightweight 15.6"" Laptop in Space Gray",12
1033,258,,https://cdn.shopnorth.example/p/258/1.jpg,Summit Supply Lightweight Rain Shell - view 1,0
1034,258,,https://cdn.shopnorth.example/p/258/2.jpg,Summit Supply Lightweight Rain Shell - view 2,1
1035,258,1146,https://cdn.shopnorth.example/p/258/sky-blue.jpg,Summit Supply Lightweight Rain Shell in Sky Blue,11
1036,258,1151,https://cdn.shopnorth.example/p/258/sand.jpg,Summit Supply Lightweight Rain Shell in Sand,12
1037,259,,https://cdn.shopnorth.example/p/259/1.jpg,Alder & Pine Everyday 2-Person Tent - view 1,0
1038,259,,https://cdn.shopnorth.example/p/259/2.jpg,Alder & Pine Everyday 2-Person Tent - view 2,1
1039,259,,https://cdn.shopnorth.example/p/259/3.jpg,Alder & Pine Everyday 2-Person Tent - view 3,2
1040,259,,https://cdn.shopnorth.example/p/259/4.jpg,Alder & Pine Everyday 2-Person Tent - view 4,3
1041,259,,https://cdn.shopnorth.example/p/259/5.jpg,Alder & Pine Everyday 2-Person Tent - view 5,4
1042,260,,https://cdn.shopnorth.example/p/260/1.jpg,Veloce Premium Adjustable Dumbbells - view 1,0
1043,261,,https://cdn.shopnorth.example/p/261/1.jpg,Quill Heritage Building Block Set - view 1,0
1044,261,,https://cdn.shopnorth.example/p/261/2.jpg,Quill Heritage Building Block Set - view 2,1
1045,261,,https://cdn.shopnorth.example/p/261/3.jpg,Quill Heritage Building Block Set - view 3,2
1046,261,,https://cdn.shopnorth.example/p/261/4.jpg,Quill Heritage Building Block Set - view 4,3
1047,262,,https://cdn.shopnorth.example/p/262/1.jpg,Marlowe Premium Video Doorbell - view 1,0
1048,262,,https://cdn.shopnorth.example/p/262/2.jpg,Marlowe Premium Video Doorbell - view 2,1
1049,262,,https://cdn.shopnorth.example/p/262/3.jpg,Marlowe Premium Video Doorbell - view 3,2
1050,262,,https://cdn.shopnorth.example/p/262/4.jpg,Marlowe Premium Video Doorbell - view 4,3
1051,262,,https://cdn.shopnorth.example/p/262/5.jpg,Marlowe Premium Video Doorbell - view 5,4
1052,262,1159,https://cdn.shopnorth.example/p/262/blush.jpg,Marlowe Premium Video Doorbell in Blush,11
1053,262,1160,https://cdn.shopnorth.example/p/262/burgundy.jpg,Marlowe Premium Video Doorbell in Burgundy,12
1054,262,1161,https://cdn.shopnorth.example/p/262/navy.jpg,Marlowe Premium Video Doorbell in Navy,13
1055,263,,https://cdn.shopnorth.example/p/263/1.jpg,Brightfield Premium Oversized Hoodie - view 1,0
1056,263,,https://cdn.shopnorth.example/p/263/2.jpg,Brightfield Premium Oversized Hoodie - view 2,1
1057,263,1162,https://cdn.shopnorth.example/p/263/charcoal.jpg,Brightfield Premium Oversized Hoodie in Charcoal,11
1058,263,1168,https://cdn.shopnorth.example/p/263/sky-blue.jpg,Brightfield Premium Oversized Hoodie in Sky Blue,12
1059,264,,https://cdn.shopnorth.example/p/264/1.jpg,Ember & Oak Premium Eau de Toilette 100ml - view 1,0
1060,264,,https://cdn.shopnorth.example/p/264/2.jpg,Ember & Oak Premium Eau de Toilette 100ml - view 2,1
1061,264,,https://cdn.shopnorth.example/p/264/3.jpg,Ember & Oak Premium Eau de Toilette 100ml - view 3,2
1062,264,,https://cdn.shopnorth.example/p/264/4.jpg,Ember & Oak Premium Eau de Toilette 100ml - view 4,3
1063,265,,https://cdn.shopnorth.example/p/265/1.jpg,Birchwood Everyday Slip-On Sneaker - view 1,0
1064,265,,https://cdn.shopnorth.example/p/265/2.jpg,Birchwood Everyday Slip-On Sneaker - view 2,1
1065,265,1175,https://cdn.shopnorth.example/p/265/white.jpg,Birchwood Everyday Slip-On Sneaker in White,11
1066,266,,https://cdn.shopnorth.example/p/266/1.jpg,PawPal Signature High-Waist Leggings - view 1,0
1067,266,,https://cdn.shopnorth.example/p/266/2.jpg,PawPal Signature High-Waist Leggings - view 2,1
1068,266,,https://cdn.shopnorth.example/p/266/3.jpg,PawPal Signature High-Waist Leggings - view 3,2
1069,266,1182,https://cdn.shopnorth.example/p/266/heather-gray.jpg,PawPal Signature High-Waist Leggings in Heather Gray,11
1070,266,1188,https://cdn.shopnorth.example/p/266/white.jpg,PawPal Signature High-Waist Leggings in White,12
1071,266,1194,https://cdn.shopnorth.example/p/266/charcoal.jpg,PawPal Signature High-Waist Leggings in Charcoal,13
1072,267,,https://cdn.shopnorth.example/p/267/1.jpg,Ember & Oak Essential Air Fryer - view 1,0
1073,267,,https://cdn.shopnorth.example/p/267/2.jpg,Ember & Oak Essential Air Fryer - view 2,1
1074,268,,https://cdn.shopnorth.example/p/268/1.jpg,Everkind Compact Hybrid Bike - view 1,0
1075,269,,https://cdn.shopnorth.example/p/269/1.jpg,Wren & Co. Signature Denim Jacket - view 1,0
1076,269,1202,https://cdn.shopnorth.example/p/269/charcoal.jpg,Wren & Co. Signature Denim Jacket in Charcoal,11
1077,269,1208,https://cdn.shopnorth.example/p/269/heather-gray.jpg,Wren & Co. Signature Denim Jacket in Heather Gray,12
1078,270,,https://cdn.shopnorth.example/p/270/1.jpg,Cobalt Audio Classic Hair Oil - view 1,0
1079,270,,https://cdn.shopnorth.example/p/270/2.jpg,Cobalt Audio Classic Hair Oil - view 2,1
1080,270,,https://cdn.shopnorth.example/p/270/3.jpg,Cobalt Audio Classic Hair Oil - view 3,2
1081,271,,https://cdn.shopnorth.example/p/271/1.jpg,Marlowe Premium Cotton Sheet Set - view 1,0
1082,271,,https://cdn.shopnorth.example/p/271/2.jpg,Marlowe Premium Cotton Sheet Set - view 2,1
1083,271,,https://cdn.shopnorth.example/p/271/3.jpg,Marlowe Premium Cotton Sheet Set - view 3,2
1084,272,,https://cdn.shopnorth.example/p/272/1.jpg,Wren & Co. Studio Foam Roller - view 1,0
1085,272,,https://cdn.shopnorth.example/p/272/2.jpg,Wren & Co. Studio Foam Roller - view 2,1
1086,272,,https://cdn.shopnorth.example/p/272/3.jpg,Wren & Co. Studio Foam Roller - view 3,2
1087,272,,https://cdn.shopnorth.example/p/272/4.jpg,Wren & Co. Studio Foam Roller - view 4,3
1088,273,,https://cdn.shopnorth.example/p/273/1.jpg,Veloce Premium Orthopedic Dog Bed - view 1,0
1089,273,,https://cdn.shopnorth.example/p/273/2.jpg,Veloce Premium Orthopedic Dog Bed - view 2,1
1090,273,,https://cdn.shopnorth.example/p/273/3.jpg,Veloce Premium Orthopedic Dog Bed - view 3,2
1091,273,,https://cdn.shopnorth.example/p/273/4.jpg,Veloce Premium Orthopedic Dog Bed - view 4,3
1092,273,,https://cdn.shopnorth.example/p/273/5.jpg,Veloce Premium Orthopedic Dog Bed - view 5,4
1093,274,,https://cdn.shopnorth.example/p/274/1.jpg,Trailhead Ultra Down Alternative Comforter - view 1,0
1094,275,,https://cdn.shopnorth.example/p/275/1.jpg,Wren & Co. Signature USB-C Charging Cable - view 1,0
1095,275,,https://cdn.shopnorth.example/p/275/2.jpg,Wren & Co. Signature USB-C Charging Cable - view 2,1
1096,275,,https://cdn.shopnorth.example/p/275/3.jpg,Wren & Co. Signature USB-C Charging Cable - view 3,2
1097,276,,https://cdn.shopnorth.example/p/276/1.jpg,Arcadia Studio Eau de Parfum 50ml - view 1,0
1098,276,,https://cdn.shopnorth.example/p/276/2.jpg,Arcadia Studio Eau de Parfum 50ml - view 2,1
1099,276,,https://cdn.shopnorth.example/p/276/3.jpg,Arcadia Studio Eau de Parfum 50ml - view 3,2
1100,276,,https://cdn.shopnorth.example/p/276/4.jpg,Arcadia Studio Eau de Parfum 50ml - view 4,3
1101,277,,https://cdn.shopnorth.example/p/277/1.jpg,Harbor Goods Signature Eau de Toilette 100ml - view 1,0
1102,277,,https://cdn.shopnorth.example/p/277/2.jpg,Harbor Goods Signature Eau de Toilette 100ml - view 2,1
1103,277,,https://cdn.shopnorth.example/p/277/3.jpg,Harbor Goods Signature Eau de Toilette 100ml - view 3,2
1104,277,,https://cdn.shopnorth.example/p/277/4.jpg,Harbor Goods Signature Eau de Toilette 100ml - view 4,3
1105,277,,https://cdn.shopnorth.example/p/277/5.jpg,Harbor Goods Signature Eau de Toilette 100ml - view 5,4
1106,278,,https://cdn.shopnorth.example/p/278/1.jpg,Summit Supply Compact V-Neck Tee - view 1,0
1107,278,,https://cdn.shopnorth.example/p/278/2.jpg,Summit Supply Compact V-Neck Tee - view 2,1
1108,278,,https://cdn.shopnorth.example/p/278/3.jpg,Summit Supply Compact V-Neck Tee - view 3,2
1109,278,,https://cdn.shopnorth.example/p/278/4.jpg,Summit Supply Compact V-Neck Tee - view 4,3
1110,278,1228,https://cdn.shopnorth.example/p/278/navy.jpg,Summit Supply Compact V-Neck Tee in Navy,11
1111,278,1234,https://cdn.shopnorth.example/p/278/black.jpg,Summit Supply Compact V-Neck Tee in Black,12
1112,278,1239,https://cdn.shopnorth.example/p/278/sand.jpg,Summit Supply Compact V-Neck Tee in Sand,13
1113,279,,https://cdn.shopnorth.example/p/279/1.jpg,Kestrel Compact Flip Flop - view 1,0
1114,279,,https://cdn.shopnorth.example/p/279/2.jpg,Kestrel Compact Flip Flop - view 2,1
1115,279,,https://cdn.shopnorth.example/p/279/3.jpg,Kestrel Compact Flip Flop - view 3,2
1116,279,,https://cdn.shopnorth.example/p/279/4.jpg,Kestrel Compact Flip Flop - view 4,3
1117,279,1245,https://cdn.shopnorth.example/p/279/sky-blue.jpg,Kestrel Compact Flip Flop in Sky Blue,11
1118,280,,https://cdn.shopnorth.example/p/280/1.jpg,Luxe Botanica Essential Bike Helmet - view 1,0
1119,280,,https://cdn.shopnorth.example/p/280/2.jpg,Luxe Botanica Essential Bike Helmet - view 2,1
1120,280,,https://cdn.shopnorth.example/p/280/3.jpg,Luxe Botanica Essential Bike Helmet - view 3,2
1121,280,,https://cdn.shopnorth.example/p/280/4.jpg,Luxe Botanica Essential Bike Helmet - view 4,3
1122,281,,https://cdn.shopnorth.example/p/281/1.jpg,Cinder Eco Slip-On Sneaker - view 1,0
1123,281,,https://cdn.shopnorth.example/p/281/2.jpg,Cinder Eco Slip-On Sneaker - view 2,1
1124,281,,https://cdn.shopnorth.example/p/281/3.jpg,Cinder Eco Slip-On Sneaker - view 3,2
1125,281,,https://cdn.shopnorth.example/p/281/4.jpg,Cinder Eco Slip-On Sneaker - view 4,3
1126,281,1253,https://cdn.shopnorth.example/p/281/forest-green.jpg,Cinder Eco Slip-On Sneaker in Forest Green,11
1127,282,,https://cdn.shopnorth.example/p/282/1.jpg,Stratus Everyday Scented Candle - view 1,0
1128,282,,https://cdn.shopnorth.example/p/282/2.jpg,Stratus Everyday Scented Candle - view 2,1
1129,283,,https://cdn.shopnorth.example/p/283/1.jpg,Fernway Everyday Slim Fit Jeans - view 1,0
1130,283,,https://cdn.shopnorth.example/p/283/2.jpg,Fernway Everyday Slim Fit Jeans - view 2,1
1131,283,,https://cdn.shopnorth.example/p/283/3.jpg,Fernway Everyday Slim Fit Jeans - view 3,2
1132,283,,https://cdn.shopnorth.example/p/283/4.jpg,Fernway Everyday Slim Fit Jeans - view 4,3
1133,283,1261,https://cdn.shopnorth.example/p/283/burgundy.jpg,Fernway Everyday Slim Fit Jeans in Burgundy,11
1134,283,1267,https://cdn.shopnorth.example/p/283/olive.jpg,Fernway Everyday Slim Fit Jeans in Olive,12
1135,284,,https://cdn.shopnorth.example/p/284/1.jpg,Quill Compact Rain Shell - view 1,0
1136,284,1273,https://cdn.shopnorth.example/p/284/white.jpg,Quill Compact Rain Shell in White,11
1137,284,1278,https://cdn.shopnorth.example/p/284/blush.jpg,Quill Compact Rain Shell in Blush,12
1138,284,1284,https://cdn.shopnorth.example/p/284/navy.jpg,Quill Compact Rain Shell in Navy,13
1139,284,1290,https://cdn.shopnorth.example/p/284/sky-blue.jpg,Quill Compact Rain Shell in Sky Blue,14
1140,285,,https://cdn.shopnorth.example/p/285/1.jpg,Fable Toys Classic Oversized Hoodie - view 1,0
1141,285,1295,https://cdn.shopnorth.example/p/285/charcoal.jpg,Fable Toys Classic Oversized Hoodie in Charcoal,11
1142,285,1301,https://cdn.shopnorth.example/p/285/navy.jpg,Fable Toys Classic Oversized Hoodie in Navy,12
1143,286,,https://cdn.shopnorth.example/p/286/1.jpg,Cobalt Audio Heritage Sleeping Bag - view 1,0
1144,286,,https://cdn.shopnorth.example/p/286/2.jpg,Cobalt Audio Heritage Sleeping Bag - view 2,1
1145,287,,https://cdn.shopnorth.example/p/287/1.jpg,Lumora Compact 2-Person Tent - view 1,0
1146,287,,https://cdn.shopnorth.example/p/287/2.jpg,Lumora Compact 2-Person Tent - view 2,1
1147,287,,https://cdn.shopnorth.example/p/287/3.jpg,Lumora Compact 2-Person Tent - view 3,2
1148,288,,https://cdn.shopnorth.example/p/288/1.jpg,Oakridge Max Chino Pants - view 1,0
1149,288,,https://cdn.shopnorth.example/p/288/2.jpg,Oakridge Max Chino Pants - view 2,1
1150,288,,https://cdn.shopnorth.example/p/288/3.jpg,Oakridge Max Chino Pants - view 3,2
1151,288,1309,https://cdn.shopnorth.example/p/288/charcoal.jpg,Oakridge Max Chino Pants in Charcoal,11
1152,289,,https://cdn.shopnorth.example/p/289/1.jpg,Mosaic Kids Everyday Adjustable Dumbbells - view 1,0
1153,289,,https://cdn.shopnorth.example/p/289/2.jpg,Mosaic Kids Everyday Adjustable Dumbbells - view 2,1
1154,289,,https://cdn.shopnorth.example/p/289/3.jpg,Mosaic Kids Everyday Adjustable Dumbbells - view 3,2
1155,289,,https://cdn.shopnorth.example/p/289/4.jpg,Mosaic Kids Everyday Adjustable Dumbbells - view 4,3
1156,289,,https://cdn.shopnorth.example/p/289/5.jpg,Mosaic Kids Everyday Adjustable Dumbbells - view 5,4
1157,290,,https://cdn.shopnorth.example/p/290/1.jpg,Pulse Fitness Classic Bike Lock - view 1,0
1158,290,,https://cdn.shopnorth.example/p/290/2.jpg,Pulse Fitness Classic Bike Lock - view 2,1
1159,290,,https://cdn.shopnorth.example/p/290/3.jpg,Pulse Fitness Classic Bike Lock - view 3,2
1160,291,,https://cdn.shopnorth.example/p/291/1.jpg,Halcyon Home Signature Leather Low-Top - view 1,0
1161,291,,https://cdn.shopnorth.example/p/291/2.jpg,Halcyon Home Signature Leather Low-Top - view 2,1
1162,291,,https://cdn.shopnorth.example/p/291/3.jpg,Halcyon Home Signature Leather Low-Top - view 3,2
1163,291,,https://cdn.shopnorth.example/p/291/4.jpg,Halcyon Home Signature Leather Low-Top - view 4,3
1164,291,1317,https://cdn.shopnorth.example/p/291/burgundy.jpg,Halcyon Home Signature Leather Low-Top in Burgundy,11
1165,292,,https://cdn.shopnorth.example/p/292/1.jpg,Northwind Premium Action Camera - view 1,0
1166,293,,https://cdn.shopnorth.example/p/293/1.jpg,Solstice Max Sports Bra - view 1,0
1167,293,,https://cdn.shopnorth.example/p/293/2.jpg,Solstice Max Sports Bra - view 2,1
1168,293,1325,https://cdn.shopnorth.example/p/293/olive.jpg,Solstice Max Sports Bra in Olive,11
1169,293,1330,https://cdn.shopnorth.example/p/293/charcoal.jpg,Solstice Max Sports Bra in Charcoal,12
1170,293,1336,https://cdn.shopnorth.example/p/293/heather-gray.jpg,Solstice Max Sports Bra in Heather Gray,13
1171,294,,https://cdn.shopnorth.example/p/294/1.jpg,Mosaic Kids Ultra Yoga Mat - view 1,0
1172,294,,https://cdn.shopnorth.example/p/294/2.jpg,Mosaic Kids Ultra Yoga Mat - view 2,1
1173,294,,https://cdn.shopnorth.example/p/294/3.jpg,Mosaic Kids Ultra Yoga Mat - view 3,2
1174,295,,https://cdn.shopnorth.example/p/295/1.jpg,Rove Everyday MagSafe Phone Case - view 1,0
1175,295,,https://cdn.shopnorth.example/p/295/2.jpg,Rove Everyday MagSafe Phone Case - view 2,1
1176,295,,https://cdn.shopnorth.example/p/295/3.jpg,Rove Everyday MagSafe Phone Case - view 3,2
1177,295,,https://cdn.shopnorth.example/p/295/4.jpg,Rove Everyday MagSafe Phone Case - view 4,3
1178,295,,https://cdn.shopnorth.example/p/295/5.jpg,Rove Everyday MagSafe Phone Case - view 5,4
1179,296,,https://cdn.shopnorth.example/p/296/1.jpg,Fernway Eco Folding Camp Chair - view 1,0
1180,296,,https://cdn.shopnorth.example/p/296/2.jpg,Fernway Eco Folding Camp Chair - view 2,1
1181,296,,https://cdn.shopnorth.example/p/296/3.jpg,Fernway Eco Folding Camp Chair - view 3,2
1182,296,,https://cdn.shopnorth.example/p/296/4.jpg,Fernway Eco Folding Camp Chair - view 4,3
1183,297,,https://cdn.shopnorth.example/p/297/1.jpg,Trailhead Heritage Stackable Bins - view 1,0
1184,298,,https://cdn.shopnorth.example/p/298/1.jpg,Tidewater Max Oversized Hoodie - view 1,0
1185,298,,https://cdn.shopnorth.example/p/298/2.jpg,Tidewater Max Oversized Hoodie - view 2,1
1186,298,,https://cdn.shopnorth.example/p/298/3.jpg,Tidewater Max Oversized Hoodie - view 3,2
1187,298,1346,https://cdn.shopnorth.example/p/298/blush.jpg,Tidewater Max Oversized Hoodie in Blush,11
1188,298,1351,https://cdn.shopnorth.example/p/298/burgundy.jpg,Tidewater Max Oversized Hoodie in Burgundy,12
1189,298,1356,https://cdn.shopnorth.example/p/298/sand.jpg,Tidewater Max Oversized Hoodie in Sand,13
1190,299,,https://cdn.shopnorth.example/p/299/1.jpg,Stratus Essential Foam Roller - view 1,0
1191,299,,https://cdn.shopnorth.example/p/299/2.jpg,Stratus Essential Foam Roller - view 2,1
1192,300,,https://cdn.shopnorth.example/p/300/1.jpg,Juniper Lane Ultra Hybrid Bike - view 1,0
1193,300,,https://cdn.shopnorth.example/p/300/2.jpg,Juniper Lane Ultra Hybrid Bike - view 2,1
1194,300,,https://cdn.shopnorth.example/p/300/3.jpg,Juniper Lane Ultra Hybrid Bike - view 3,2
1195,300,,https://cdn.shopnorth.example/p/300/4.jpg,Juniper Lane Ultra Hybrid Bike - view 4,3
1196,300,,https://cdn.shopnorth.example/p/300/5.jpg,Juniper Lane Ultra Hybrid Bike - view 5,4
1197,301,,https://cdn.shopnorth.example/p/301/1.jpg,Glowbar Eco Training Shorts - view 1,0
1198,301,,https://cdn.shopnorth.example/p/301/2.jpg,Glowbar Eco Training Shorts - view 2,1
1199,301,,https://cdn.shopnorth.example/p/301/3.jpg,Glowbar Eco Training Shorts - view 3,2
1200,301,,https://cdn.shopnorth.example/p/301/4.jpg,Glowbar Eco Training Shorts - view 4,3
1201,301,,https://cdn.shopnorth.example/p/301/5.jpg,Glowbar Eco Training Shorts - view 5,4
1202,301,1364,https://cdn.shopnorth.example/p/301/sky-blue.jpg,Glowbar Eco Training Shorts in Sky Blue,11
1203,302,,https://cdn.shopnorth.example/p/302/1.jpg,Wren & Co. Lightweight Chef's Knife - view 1,0
1204,302,,https://cdn.shopnorth.example/p/302/2.jpg,Wren & Co. Lightweight Chef's Knife - view 2,1
1205,302,,https://cdn.shopnorth.example/p/302/3.jpg,Wren & Co. Lightweight Chef's Knife - view 3,2
1206,302,,https://cdn.shopnorth.example/p/302/4.jpg,Wren & Co. Lightweight Chef's Knife - view 4,3
1207,302,,https://cdn.shopnorth.example/p/302/5.jpg,Wren & Co. Lightweight Chef's Knife - view 5,4
1208,303,,https://cdn.shopnorth.example/p/303/1.jpg,Northwind Max USB-C Charging Cable - view 1,0
1209,303,,https://cdn.shopnorth.example/p/303/2.jpg,Northwind Max USB-C Charging Cable - view 2,1
1210,303,,https://cdn.shopnorth.example/p/303/3.jpg,Northwind Max USB-C Charging Cable - view 3,2
1211,303,,https://cdn.shopnorth.example/p/303/4.jpg,Northwind Max USB-C Charging Cable - view 4,3
1212,303,1370,https://cdn.shopnorth.example/p/303/heather-gray.jpg,Northwind Max USB-C Charging Cable in Heather Gray,11
1213,303,1371,https://cdn.shopnorth.example/p/303/white.jpg,Northwind Max USB-C Charging Cable in White,12
1214,304,,https://cdn.shopnorth.example/p/304/1.jpg,Trailhead Compact Quarter-Zip Pullover - view 1,0
1215,304,1372,https://cdn.shopnorth.example/p/304/blush.jpg,Trailhead Compact Quarter-Zip Pullover in Blush,11
1216,304,1377,https://cdn.shopnorth.example/p/304/burgundy.jpg,Trailhead Compact Quarter-Zip Pullover in Burgundy,12
1217,304,1383,https://cdn.shopnorth.example/p/304/navy.jpg,Trailhead Compact Quarter-Zip Pullover in Navy,13
1218,305,,https://cdn.shopnorth.example/p/305/1.jpg,Urban Nomad Classic Chelsea Boot - view 1,0
1219,305,1388,https://cdn.shopnorth.example/p/305/forest-green.jpg,Urban Nomad Classic Chelsea Boot in Forest Green,11
1220,305,1395,https://cdn.shopnorth.example/p/305/navy.jpg,Urban Nomad Classic Chelsea Boot in Navy,12
1221,306,,https://cdn.shopnorth.example/p/306/1.jpg,Mosaic Kids Ultra Wireless Earbuds - view 1,0
1222,306,,https://cdn.shopnorth.example/p/306/2.jpg,Mosaic Kids Ultra Wireless Earbuds - view 2,1
1223,306,,https://cdn.shopnorth.example/p/306/3.jpg,Mosaic Kids Ultra Wireless Earbuds - view 3,2
1224,306,1402,https://cdn.shopnorth.example/p/306/burgundy.jpg,Mosaic Kids Ultra Wireless Earbuds in Burgundy,11
1225,306,1403,https://cdn.shopnorth.example/p/306/black.jpg,Mosaic Kids Ultra Wireless Earbuds in Black,12
1226,307,,https://cdn.shopnorth.example/p/307/1.jpg,Quill Essential Air Fryer - view 1,0
1227,307,,https://cdn.shopnorth.example/p/307/2.jpg,Quill Essential Air Fryer - view 2,1
1228,307,,https://cdn.shopnorth.example/p/307/3.jpg,Quill Essential Air Fryer - view 3,2
1229,307,,https://cdn.shopnorth.example/p/307/4.jpg,Quill Essential Air Fryer - view 4,3
1230,308,,https://cdn.shopnorth.example/p/308/1.jpg,Urban Nomad Everyday Wireless Charger - view 1,0
1231,308,,https://cdn.shopnorth.example/p/308/2.jpg,Urban Nomad Everyday Wireless Charger - view 2,1
1232,308,1405,https://cdn.shopnorth.example/p/308/heather-gray.jpg,Urban Nomad Everyday Wireless Charger in Heather Gray,11
1233,308,1406,https://cdn.shopnorth.example/p/308/forest-green.jpg,Urban Nomad Everyday Wireless Charger in Forest Green,12
1234,308,1407,https://cdn.shopnorth.example/p/308/blush.jpg,Urban Nomad Everyday Wireless Charger in Blush,13
1235,309,,https://cdn.shopnorth.example/p/309/1.jpg,Nimbus Tech Compact Waterproof Winter Boot - view 1,0
1236,309,,https://cdn.shopnorth.example/p/309/2.jpg,Nimbus Tech Compact Waterproof Winter Boot - view 2,1
1237,309,,https://cdn.shopnorth.example/p/309/3.jpg,Nimbus Tech Compact Waterproof Winter Boot - view 3,2
1238,309,,https://cdn.shopnorth.example/p/309/4.jpg,Nimbus Tech Compact Waterproof Winter Boot - view 4,3
1239,309,,https://cdn.shopnorth.example/p/309/5.jpg,Nimbus Tech Compact Waterproof Winter Boot - view 5,4
1240,309,1408,https://cdn.shopnorth.example/p/309/charcoal.jpg,Nimbus Tech Compact Waterproof Winter Boot in Charcoal,11
1241,309,1415,https://cdn.shopnorth.example/p/309/olive.jpg,Nimbus Tech Compact Waterproof Winter Boot in Olive,12
1242,310,,https://cdn.shopnorth.example/p/310/1.jpg,Solstice Signature Yoga Mat - view 1,0
1243,310,,https://cdn.shopnorth.example/p/310/2.jpg,Solstice Signature Yoga Mat - view 2,1
1244,310,,https://cdn.shopnorth.example/p/310/3.jpg,Solstice Signature Yoga Mat - view 3,2
1245,310,,https://cdn.shopnorth.example/p/310/4.jpg,Solstice Signature Yoga Mat - view 4,3
1246,310,,https://cdn.shopnorth.example/p/310/5.jpg,Solstice Signature Yoga Mat - view 5,4
1247,311,,https://cdn.shopnorth.example/p/311/1.jpg,Marlowe Eco Espresso Machine - view 1,0
1248,311,,https://cdn.shopnorth.example/p/311/2.jpg,Marlowe Eco Espresso Machine - view 2,1
1249,311,,https://cdn.shopnorth.example/p/311/3.jpg,Marlowe Eco Espresso Machine - view 3,2
1250,311,,https://cdn.shopnorth.example/p/311/4.jpg,Marlowe Eco Espresso Machine - view 4,3
1251,311,,https://cdn.shopnorth.example/p/311/5.jpg,Marlowe Eco Espresso Machine - view 5,4
1252,312,,https://cdn.shopnorth.example/p/312/1.jpg,Halcyon Home Classic Stackable Bins - view 1,0
1253,312,,https://cdn.shopnorth.example/p/312/2.jpg,Halcyon Home Classic Stackable Bins - view 2,1
1254,312,,https://cdn.shopnorth.example/p/312/3.jpg,Halcyon Home Classic Stackable Bins - view 3,2
1255,313,,https://cdn.shopnorth.example/p/313/1.jpg,Glowbar Ultra Espresso Machine - view 1,0
1256,313,,https://cdn.shopnorth.example/p/313/2.jpg,Glowbar Ultra Espresso Machine - view 2,1
1257,313,,https://cdn.shopnorth.example/p/313/3.jpg,Glowbar Ultra Espresso Machine - view 3,2
1258,313,,https://cdn.shopnorth.example/p/313/4.jpg,Glowbar Ultra Espresso Machine - view 4,3
1259,314,,https://cdn.shopnorth.example/p/314/1.jpg,Alder & Pine Pro Cast Iron Dutch Oven - view 1,0
1260,314,1426,https://cdn.shopnorth.example/p/314/navy.jpg,Alder & Pine Pro Cast Iron Dutch Oven in Navy,11
1261,314,1427,https://cdn.shopnorth.example/p/314/forest-green.jpg,Alder & Pine Pro Cast Iron Dutch Oven in Forest Green,12
1262,314,1428,https://cdn.shopnorth.example/p/314/sand.jpg,Alder & Pine Pro Cast Iron Dutch Oven in Sand,13
1263,314,1429,https://cdn.shopnorth.example/p/314/white.jpg,Alder & Pine Pro Cast Iron Dutch Oven in White,14
1264,315,,https://cdn.shopnorth.example/p/315/1.jpg,Harbor Goods Eco Over-Door Rack - view 1,0
1265,315,,https://cdn.shopnorth.example/p/315/2.jpg,Harbor Goods Eco Over-Door Rack - view 2,1
1266,315,,https://cdn.shopnorth.example/p/315/3.jpg,Harbor Goods Eco Over-Door Rack - view 3,2
1267,315,,https://cdn.shopnorth.example/p/315/4.jpg,Harbor Goods Eco Over-Door Rack - view 4,3
1268,315,,https://cdn.shopnorth.example/p/315/5.jpg,Harbor Goods Eco Over-Door Rack - view 5,4
1269,316,,https://cdn.shopnorth.example/p/316/1.jpg,Juniper Lane Heritage Training Shorts - view 1,0
1270,316,,https://cdn.shopnorth.example/p/316/2.jpg,Juniper Lane Heritage Training Shorts - view 2,1
1271,316,1431,https://cdn.shopnorth.example/p/316/charcoal.jpg,Juniper Lane Heritage Training Shorts in Charcoal,11
1272,317,,https://cdn.shopnorth.example/p/317/1.jpg,Urban Nomad Signature Electric Kettle - view 1,0
1273,317,,https://cdn.shopnorth.example/p/317/2.jpg,Urban Nomad Signature Electric Kettle - view 2,1
1274,317,,https://cdn.shopnorth.example/p/317/3.jpg,Urban Nomad Signature Electric Kettle - view 3,2
1275,318,,https://cdn.shopnorth.example/p/318/1.jpg,Kinfolk Kitchen Max Vitamin C Serum - view 1,0
1276,319,,https://cdn.shopnorth.example/p/319/1.jpg,Juniper Lane Heritage Wool Coat - view 1,0
1277,319,,https://cdn.shopnorth.example/p/319/2.jpg,Juniper Lane Heritage Wool Coat - view 2,1
1278,319,,https://cdn.shopnorth.example/p/319/3.jpg,Juniper Lane Heritage Wool Coat - view 3,2
1279,319,,https://cdn.shopnorth.example/p/319/4.jpg,Juniper Lane Heritage Wool Coat - view 4,3
1280,319,,https://cdn.shopnorth.example/p/319/5.jpg,Juniper Lane Heritage Wool Coat - view 5,4
1281,319,1439,https://cdn.shopnorth.example/p/319/forest-green.jpg,Juniper Lane Heritage Wool Coat in Forest Green,11
1282,319,1444,https://cdn.shopnorth.example/p/319/blush.jpg,Juniper Lane Heritage Wool Coat in Blush,12
1283,320,,https://cdn.shopnorth.example/p/320/1.jpg,Cinder Everyday Family Trivia Game - view 1,0
1284,320,,https://cdn.shopnorth.example/p/320/2.jpg,Cinder Everyday Family Trivia Game - view 2,1
1285,321,,https://cdn.shopnorth.example/p/321/1.jpg,Halcyon Home Premium Wireless Earbuds - view 1,0
1286,321,,https://cdn.shopnorth.example/p/321/2.jpg,Halcyon Home Premium Wireless Earbuds - view 2,1
1287,321,,https://cdn.shopnorth.example/p/321/3.jpg,Halcyon Home Premium Wireless Earbuds - view 3,2
1288,321,,https://cdn.shopnorth.example/p/321/4.jpg,Halcyon Home Premium Wireless Earbuds - view 4,3
1289,321,,https://cdn.shopnorth.example/p/321/5.jpg,Halcyon Home Premium Wireless Earbuds - view 5,4
1290,321,1451,https://cdn.shopnorth.example/p/321/sky-blue.jpg,Halcyon Home Premium Wireless Earbuds in Sky Blue,11
1291,321,1452,https://cdn.shopnorth.example/p/321/burgundy.jpg,Halcyon Home Premium Wireless Earbuds in Burgundy,12
1292,321,1453,https://cdn.shopnorth.example/p/321/forest-green.jpg,Halcyon Home Premium Wireless Earbuds in Forest Green,13
1293,322,,https://cdn.shopnorth.example/p/322/1.jpg,Fernway Premium LED Bike Light Set - view 1,0
1294,322,,https://cdn.shopnorth.example/p/322/2.jpg,Fernway Premium LED Bike Light Set - view 2,1
1295,322,,https://cdn.shopnorth.example/p/322/3.jpg,Fernway Premium LED Bike Light Set - view 3,2
1296,323,,https://cdn.shopnorth.example/p/323/1.jpg,Kinfolk Kitchen Ultra Wall Mirror - view 1,0
1297,323,,https://cdn.shopnorth.example/p/323/2.jpg,Kinfolk Kitchen Ultra Wall Mirror - view 2,1
1298,323,,https://cdn.shopnorth.example/p/323/3.jpg,Kinfolk Kitchen Ultra Wall Mirror - view 3,2
1299,323,,https://cdn.shopnorth.example/p/323/4.jpg,Kinfolk Kitchen Ultra Wall Mirror - view 4,3
1300,324,,https://cdn.shopnorth.example/p/324/1.jpg,Marlowe Ultra Oxford Shirt - view 1,0
1301,324,,https://cdn.shopnorth.example/p/324/2.jpg,Marlowe Ultra Oxford Shirt - view 2,1
1302,324,1456,https://cdn.shopnorth.example/p/324/charcoal.jpg,Marlowe Ultra Oxford Shirt in Charcoal,11
1303,324,1461,https://cdn.shopnorth.example/p/324/blush.jpg,Marlowe Ultra Oxford Shirt in Blush,12
1304,324,1466,https://cdn.shopnorth.example/p/324/white.jpg,Marlowe Ultra Oxford Shirt in White,13
1305,325,,https://cdn.shopnorth.example/p/325/1.jpg,Nimbus Tech Pro Self-Cleaning Litter Box - view 1,0
1306,325,,https://cdn.shopnorth.example/p/325/2.jpg,Nimbus Tech Pro Self-Cleaning Litter Box - view 2,1
1307,326,,https://cdn.shopnorth.example/p/326/1.jpg,Glowbar Signature Dry Shampoo - view 1,0
1308,326,,https://cdn.shopnorth.example/p/326/2.jpg,Glowbar Signature Dry Shampoo - view 2,1
1309,326,,https://cdn.shopnorth.example/p/326/3.jpg,Glowbar Signature Dry Shampoo - view 3,2
1310,326,,https://cdn.shopnorth.example/p/326/4.jpg,Glowbar Signature Dry Shampoo - view 4,3
1311,327,,https://cdn.shopnorth.example/p/327/1.jpg,Solstice Classic Retinol Night Cream - view 1,0
1312,327,,https://cdn.shopnorth.example/p/327/2.jpg,Solstice Classic Retinol Night Cream - view 2,1
1313,327,,https://cdn.shopnorth.example/p/327/3.jpg,Solstice Classic Retinol Night Cream - view 3,2
1314,327,,https://cdn.shopnorth.example/p/327/4.jpg,Solstice Classic Retinol Night Cream - view 4,3
1315,327,,https://cdn.shopnorth.example/p/327/5.jpg,Solstice Classic Retinol Night Cream - view 5,4
1316,328,,https://cdn.shopnorth.example/p/328/1.jpg,Veloce Premium Flip Flop - view 1,0
1317,328,,https://cdn.shopnorth.example/p/328/2.jpg,Veloce Premium Flip Flop - view 2,1
1318,328,,https://cdn.shopnorth.example/p/328/3.jpg,Veloce Premium Flip Flop - view 3,2
1319,328,,https://cdn.shopnorth.example/p/328/4.jpg,Veloce Premium Flip Flop - view 4,3
1320,328,,https://cdn.shopnorth.example/p/328/5.jpg,Veloce Premium Flip Flop - view 5,4
1321,328,1474,https://cdn.shopnorth.example/p/328/navy.jpg,Veloce Premium Flip Flop in Navy,11
1322,328,1481,https://cdn.shopnorth.example/p/328/heather-gray.jpg,Veloce Premium Flip Flop in Heather Gray,12
1323,329,,https://cdn.shopnorth.example/p/329/1.jpg,Brightfield Ultra Oxford Shirt - view 1,0
1324,329,,https://cdn.shopnorth.example/p/329/2.jpg,Brightfield Ultra Oxford Shirt - view 2,1
1325,329,,https://cdn.shopnorth.example/p/329/3.jpg,Brightfield Ultra Oxford Shirt - view 3,2
1326,329,,https://cdn.shopnorth.example/p/329/4.jpg,Brightfield Ultra Oxford Shirt - view 4,3
1327,329,,https://cdn.shopnorth.example/p/329/5.jpg,Brightfield Ultra Oxford Shirt - view 5,4
1328,329,1488,https://cdn.shopnorth.example/p/329/burgundy.jpg,Brightfield Ultra Oxford Shirt in Burgundy,11
1329,330,,https://cdn.shopnorth.example/p/330/1.jpg,Luxe Botanica Ultra Crew Neck T-Shirt - view 1,0
1330,330,,https://cdn.shopnorth.example/p/330/2.jpg,Luxe Botanica Ultra Crew Neck T-Shirt - view 2,1
1331,330,,https://cdn.shopnorth.example/p/330/3.jpg,Luxe Botanica Ultra Crew Neck T-Shirt - view 3,2
1332,330,,https://cdn.shopnorth.example/p/330/4.jpg,Luxe Botanica Ultra Crew Neck T-Shirt - view 4,3
1333,330,1494,https://cdn.shopnorth.example/p/330/sky-blue.jpg,Luxe Botanica Ultra Crew Neck T-Shirt in Sky Blue,11
1334,331,,https://cdn.shopnorth.example/p/331/1.jpg,Birchwood Ultra Sport Sandal - view 1,0
1335,331,,https://cdn.shopnorth.example/p/331/2.jpg,Birchwood Ultra Sport Sandal - view 2,1
1336,331,,https://cdn.shopnorth.example/p/331/3.jpg,Birchwood Ultra Sport Sandal - view 3,2
1337,331,,https://cdn.shopnorth.example/p/331/4.jpg,Birchwood Ultra Sport Sandal - view 4,3
1338,331,,https://cdn.shopnorth.example/p/331/5.jpg,Birchwood Ultra Sport Sandal - view 5,4
1339,331,1500,https://cdn.shopnorth.example/p/331/forest-green.jpg,Birchwood Ultra Sport Sandal in Forest Green,11
1340,331,1507,https://cdn.shopnorth.example/p/331/black.jpg,Birchwood Ultra Sport Sandal in Black,12
1341,332,,https://cdn.shopnorth.example/p/332/1.jpg,Summit Supply Compact Road Running Shoe - view 1,0
1342,332,,https://cdn.shopnorth.example/p/332/2.jpg,Summit Supply Compact Road Running Shoe - view 2,1
1343,332,1514,https://cdn.shopnorth.example/p/332/sky-blue.jpg,Summit Supply Compact Road Running Shoe in Sky Blue,11
1344,333,,https://cdn.shopnorth.example/p/333/1.jpg,Fable Toys Signature Vacuum Storage Bags - view 1,0
1345,333,,https://cdn.shopnorth.example/p/333/2.jpg,Fable Toys Signature Vacuum Storage Bags - view 2,1
1346,333,,https://cdn.shopnorth.example/p/333/3.jpg,Fable Toys Signature Vacuum Storage Bags - view 3,2
1347,333,,https://cdn.shopnorth.example/p/333/4.jpg,Fable Toys Signature Vacuum Storage Bags - view 4,3
1348,333,,https://cdn.shopnorth.example/p/333/5.jpg,Fable Toys Signature Vacuum Storage Bags - view 5,4
1349,334,,https://cdn.shopnorth.example/p/334/1.jpg,"Solstice Signature 15.6"" Laptop - view 1",0
1350,334,,https://cdn.shopnorth.example/p/334/2.jpg,"Solstice Signature 15.6"" Laptop - view 2",1
1351,334,1522,https://cdn.shopnorth.example/p/334/space-gray.jpg,"Solstice Signature 15.6"" Laptop in Space Gray",11
1352,334,1523,https://cdn.shopnorth.example/p/334/silver.jpg,"Solstice Signature 15.6"" Laptop in Silver",12
1353,335,,https://cdn.shopnorth.example/p/335/1.jpg,Quill Ultra Stackable Bins - view 1,0
1354,335,,https://cdn.shopnorth.example/p/335/2.jpg,Quill Ultra Stackable Bins - view 2,1
1355,335,,https://cdn.shopnorth.example/p/335/3.jpg,Quill Ultra Stackable Bins - view 3,2
1356,335,,https://cdn.shopnorth.example/p/335/4.jpg,Quill Ultra Stackable Bins - view 4,3
1357,335,,https://cdn.shopnorth.example/p/335/5.jpg,Quill Ultra Stackable Bins - view 5,4
1358,336,,https://cdn.shopnorth.example/p/336/1.jpg,Luxe Botanica Lightweight Crew Neck T-Shirt - view 1,0
1359,336,,https://cdn.shopnorth.example/p/336/2.jpg,Luxe Botanica Lightweight Crew Neck T-Shirt - view 2,1
1360,336,,https://cdn.shopnorth.example/p/336/3.jpg,Luxe Botanica Lightweight Crew Neck T-Shirt - view 3,2
1361,336,1528,https://cdn.shopnorth.example/p/336/blush.jpg,Luxe Botanica Lightweight Crew Neck T-Shirt in Blush,11
1362,337,,https://cdn.shopnorth.example/p/337/1.jpg,Nimbus Tech Essential Oxford Shirt - view 1,0
1363,337,,https://cdn.shopnorth.example/p/337/2.jpg,Nimbus Tech Essential Oxford Shirt - view 2,1
1364,337,,https://cdn.shopnorth.example/p/337/3.jpg,Nimbus Tech Essential Oxford Shirt - view 3,2
1365,337,,https://cdn.shopnorth.example/p/337/4.jpg,Nimbus Tech Essential Oxford Shirt - view 4,3
1366,337,,https://cdn.shopnorth.example/p/337/5.jpg,Nimbus Tech Essential Oxford Shirt - view 5,4
1367,337,1534,https://cdn.shopnorth.example/p/337/blush.jpg,Nimbus Tech Essential Oxford Shirt in Blush,11
1368,337,1540,https://cdn.shopnorth.example/p/337/forest-green.jpg,Nimbus Tech Essential Oxford Shirt in Forest Green,12
1369,337,1546,https://cdn.shopnorth.example/p/337/heather-gray.jpg,Nimbus Tech Essential Oxford Shirt in Heather Gray,13
1370,338,,https://cdn.shopnorth.example/p/338/1.jpg,Summit Supply Ultra Area Rug - view 1,0
1371,338,,https://cdn.shopnorth.example/p/338/2.jpg,Summit Supply Ultra Area Rug - view 2,1
1372,339,,https://cdn.shopnorth.example/p/339/1.jpg,Fernway Essential Dash Cam - view 1,0
1373,339,,https://cdn.shopnorth.example/p/339/2.jpg,Fernway Essential Dash Cam - view 2,1
1374,339,,https://cdn.shopnorth.example/p/339/3.jpg,Fernway Essential Dash Cam - view 3,2
1375,339,1552,https://cdn.shopnorth.example/p/339/navy.jpg,Fernway Essential Dash Cam in Navy,11
1376,339,1553,https://cdn.shopnorth.example/p/339/forest-green.jpg,Fernway Essential Dash Cam in Forest Green,12
1377,339,1554,https://cdn.shopnorth.example/p/339/black.jpg,Fernway Essential Dash Cam in Black,13
1378,340,,https://cdn.shopnorth.example/p/340/1.jpg,Everkind Compact Wool Coat - view 1,0
1379,340,,https://cdn.shopnorth.example/p/340/2.jpg,Everkind Compact Wool Coat - view 2,1
1380,340,,https://cdn.shopnorth.example/p/340/3.jpg,Everkind Compact Wool Coat - view 3,2
1381,340,,https://cdn.shopnorth.example/p/340/4.jpg,Everkind Compact Wool Coat - view 4,3
1382,340,,https://cdn.shopnorth.example/p/340/5.jpg,Everkind Compact Wool Coat - view 5,4
1383,340,1555,https://cdn.shopnorth.example/p/340/black.jpg,Everkind Compact Wool Coat in Black,11
1384,340,1561,https://cdn.shopnorth.example/p/340/olive.jpg,Everkind Compact Wool Coat in Olive,12
1385,340,1566,https://cdn.shopnorth.example/p/340/white.jpg,Everkind Compact Wool Coat in White,13
1386,341,,https://cdn.shopnorth.example/p/341/1.jpg,PawPal Premium Slim Fit Jeans - view 1,0
1387,341,,https://cdn.shopnorth.example/p/341/2.jpg,PawPal Premium Slim Fit Jeans - view 2,1
1388,341,1571,https://cdn.shopnorth.example/p/341/navy.jpg,PawPal Premium Slim Fit Jeans in Navy,11
1389,342,,https://cdn.shopnorth.example/p/342/1.jpg,Oakridge Max Cushioned Running Shoe - view 1,0
1390,342,,https://cdn.shopnorth.example/p/342/2.jpg,Oakridge Max Cushioned Running Shoe - view 2,1
1391,342,1577,https://cdn.shopnorth.example/p/342/sky-blue.jpg,Oakridge Max Cushioned Running Shoe in Sky Blue,11
1392,342,1584,https://cdn.shopnorth.example/p/342/navy.jpg,Oakridge Max Cushioned Running Shoe in Navy,12
1393,343,,https://cdn.shopnorth.example/p/343/1.jpg,Solstice Pro Adjustable Dumbbells - view 1,0
1394,343,,https://cdn.shopnorth.example/p/343/2.jpg,Solstice Pro Adjustable Dumbbells - view 2,1
1395,343,,https://cdn.shopnorth.example/p/343/3.jpg,Solstice Pro Adjustable Dumbbells - view 3,2
1396,343,,https://cdn.shopnorth.example/p/343/4.jpg,Solstice Pro Adjustable Dumbbells - view 4,3
1397,344,,https://cdn.shopnorth.example/p/344/1.jpg,Northwind Eco Slip-On Sneaker - view 1,0
1398,344,,https://cdn.shopnorth.example/p/344/2.jpg,Northwind Eco Slip-On Sneaker - view 2,1
1399,344,,https://cdn.shopnorth.example/p/344/3.jpg,Northwind Eco Slip-On Sneaker - view 3,2
1400,344,1592,https://cdn.shopnorth.example/p/344/blush.jpg,Northwind Eco Slip-On Sneaker in Blush,11
1401,345,,https://cdn.shopnorth.example/p/345/1.jpg,Fable Toys Premium Nonstick Skillet - view 1,0
1402,345,,https://cdn.shopnorth.example/p/345/2.jpg,Fable Toys Premium Nonstick Skillet - view 2,1
1403,345,1599,https://cdn.shopnorth.example/p/345/heather-gray.jpg,Fable Toys Premium Nonstick Skillet in Heather Gray,11
1404,345,1600,https://cdn.shopnorth.example/p/345/navy.jpg,Fable Toys Premium Nonstick Skillet in Navy,12
1405,345,1601,https://cdn.shopnorth.example/p/345/sky-blue.jpg,Fable Toys Premium Nonstick Skillet in Sky Blue,13
1406,345,1602,https://cdn.shopnorth.example/p/345/charcoal.jpg,Fable Toys Premium Nonstick Skillet in Charcoal,14
1407,346,,https://cdn.shopnorth.example/p/346/1.jpg,Everkind Max Wireless Charger - view 1,0
1408,346,,https://cdn.shopnorth.example/p/346/2.jpg,Everkind Max Wireless Charger - view 2,1
1409,346,,https://cdn.shopnorth.example/p/346/3.jpg,Everkind Max Wireless Charger - view 3,2
1410,347,,https://cdn.shopnorth.example/p/347/1.jpg,Marlowe Studio Denim Jacket - view 1,0
1411,347,,https://cdn.shopnorth.example/p/347/2.jpg,Marlowe Studio Denim Jacket - view 2,1
1412,347,,https://cdn.shopnorth.example/p/347/3.jpg,Marlowe Studio Denim Jacket - view 3,2
1413,347,1604,https://cdn.shopnorth.example/p/347/sky-blue.jpg,Marlowe Studio Denim Jacket in Sky Blue,11
1414,347,1609,https://cdn.shopnorth.example/p/347/black.jpg,Marlowe Studio Denim Jacket in Black,12
1415,347,1614,https://cdn.shopnorth.example/p/347/navy.jpg,Marlowe Studio Denim Jacket in Navy,13
1416,347,1619,https://cdn.shopnorth.example/p/347/heather-gray.jpg,Marlowe Studio Denim Jacket in Heather Gray,14
1417,348,,https://cdn.shopnorth.example/p/348/1.jpg,Glowbar Compact Noise Cancelling Headphones - view 1,0
1418,348,,https://cdn.shopnorth.example/p/348/2.jpg,Glowbar Compact Noise Cancelling Headphones - view 2,1
1419,348,,https://cdn.shopnorth.example/p/348/3.jpg,Glowbar Compact Noise Cancelling Headphones - view 3,2
1420,348,,https://cdn.shopnorth.example/p/348/4.jpg,Glowbar Compact Noise Cancelling Headphones - view 4,3
1421,348,1624,https://cdn.shopnorth.example/p/348/sand.jpg,Glowbar Compact Noise Cancelling Headphones in Sand,11
1422,348,1625,https://cdn.shopnorth.example/p/348/white.jpg,Glowbar Compact Noise Cancelling Headphones in White,12
1423,348,1626,https://cdn.shopnorth.example/p/348/forest-green.jpg,Glowbar Compact Noise Cancelling Headphones in Forest Green,13
1424,348,1627,https://cdn.shopnorth.example/p/348/black.jpg,Glowbar Compact Noise Cancelling Headphones in Black,14
1425,349,,https://cdn.shopnorth.example/p/349/1.jpg,Ember & Oak Ultra Nonstick Skillet - view 1,0
1426,350,,https://cdn.shopnorth.example/p/350/1.jpg,Nimbus Tech Signature Sport Sandal - view 1,0
1427,350,,https://cdn.shopnorth.example/p/350/2.jpg,Nimbus Tech Signature Sport Sandal - view 2,1
1428,350,,https://cdn.shopnorth.example/p/350/3.jpg,Nimbus Tech Signature Sport Sandal - view 3,2
1429,350,1629,https://cdn.shopnorth.example/p/350/sky-blue.jpg,Nimbus Tech Signature Sport Sandal in Sky Blue,11
1430,350,1636,https://cdn.shopnorth.example/p/350/white.jpg,Nimbus Tech Signature Sport Sandal in White,12
1431,351,,https://cdn.shopnorth.example/p/351/1.jpg,Quill Essential Over-Ear Headphones - view 1,0
1432,351,,https://cdn.shopnorth.example/p/351/2.jpg,Quill Essential Over-Ear Headphones - view 2,1
1433,351,,https://cdn.shopnorth.example/p/351/3.jpg,Quill Essential Over-Ear Headphones - view 3,2
1434,351,,https://cdn.shopnorth.example/p/351/4.jpg,Quill Essential Over-Ear Headphones - view 4,3
1435,352,,https://cdn.shopnorth.example/p/352/1.jpg,Seaside Skin Eco 2-in-1 Convertible Laptop - view 1,0
1436,352,,https://cdn.shopnorth.example/p/352/2.jpg,Seaside Skin Eco 2-in-1 Convertible Laptop - view 2,1
1437,352,1644,https://cdn.shopnorth.example/p/352/space-gray.jpg,Seaside Skin Eco 2-in-1 Convertible Laptop in Space Gray,11
1438,352,1645,https://cdn.shopnorth.example/p/352/silver.jpg,Seaside Skin Eco 2-in-1 Convertible Laptop in Silver,12
1439,353,,https://cdn.shopnorth.example/p/353/1.jpg,Summit Supply Everyday Lip Tint - view 1,0
1440,353,,https://cdn.shopnorth.example/p/353/2.jpg,Summit Supply Everyday Lip Tint - view 2,1
1441,353,,https://cdn.shopnorth.example/p/353/3.jpg,Summit Supply Everyday Lip Tint - view 3,2
1442,353,,https://cdn.shopnorth.example/p/353/4.jpg,Summit Supply Everyday Lip Tint - view 4,3
1443,354,,https://cdn.shopnorth.example/p/354/1.jpg,Solstice Essential Adjustable Dumbbells - view 1,0
1444,354,,https://cdn.shopnorth.example/p/354/2.jpg,Solstice Essential Adjustable Dumbbells - view 2,1
1445,354,,https://cdn.shopnorth.example/p/354/3.jpg,Solstice Essential Adjustable Dumbbells - view 3,2
1446,354,,https://cdn.shopnorth.example/p/354/4.jpg,Solstice Essential Adjustable Dumbbells - view 4,3
1447,354,,https://cdn.shopnorth.example/p/354/5.jpg,Solstice Essential Adjustable Dumbbells - view 5,4
1448,355,,https://cdn.shopnorth.example/p/355/1.jpg,Solstice Classic Throw Blanket - view 1,0
1449,355,,https://cdn.shopnorth.example/p/355/2.jpg,Solstice Classic Throw Blanket - view 2,1
1450,355,,https://cdn.shopnorth.example/p/355/3.jpg,Solstice Classic Throw Blanket - view 3,2
1451,356,,https://cdn.shopnorth.example/p/356/1.jpg,Apex Motion Ultra Mineral Sunscreen SPF 50 - view 1,0
1452,356,,https://cdn.shopnorth.example/p/356/2.jpg,Apex Motion Ultra Mineral Sunscreen SPF 50 - view 2,1
1453,356,,https://cdn.shopnorth.example/p/356/3.jpg,Apex Motion Ultra Mineral Sunscreen SPF 50 - view 3,2
1454,357,,https://cdn.shopnorth.example/p/357/1.jpg,Halcyon Home Lightweight High-Waist Leggings - view 1,0
1455,357,,https://cdn.shopnorth.example/p/357/2.jpg,Halcyon Home Lightweight High-Waist Leggings - view 2,1
1456,357,1653,https://cdn.shopnorth.example/p/357/blush.jpg,Halcyon Home Lightweight High-Waist Leggings in Blush,11
1457,357,1658,https://cdn.shopnorth.example/p/357/forest-green.jpg,Halcyon Home Lightweight High-Waist Leggings in Forest Green,12
1458,357,1664,https://cdn.shopnorth.example/p/357/heather-gray.jpg,Halcyon Home Lightweight High-Waist Leggings in Heather Gray,13
1459,357,1669,https://cdn.shopnorth.example/p/357/burgundy.jpg,Halcyon Home Lightweight High-Waist Leggings in Burgundy,14
1460,358,,https://cdn.shopnorth.example/p/358/1.jpg,Fernway Classic Chef's Knife - view 1,0
1461,358,,https://cdn.shopnorth.example/p/358/2.jpg,Fernway Classic Chef's Knife - view 2,1
1462,358,,https://cdn.shopnorth.example/p/358/3.jpg,Fernway Classic Chef's Knife - view 3,2
1463,358,,https://cdn.shopnorth.example/p/358/4.jpg,Fernway Classic Chef's Knife - view 4,3
1464,358,1675,https://cdn.shopnorth.example/p/358/sky-blue.jpg,Fernway Classic Chef's Knife in Sky Blue,11
1465,358,1676,https://cdn.shopnorth.example/p/358/navy.jpg,Fernway Classic Chef's Knife in Navy,12
1466,359,,https://cdn.shopnorth.example/p/359/1.jpg,Arcadia Classic V-Neck Tee - view 1,0
1467,359,,https://cdn.shopnorth.example/p/359/2.jpg,Arcadia Classic V-Neck Tee - view 2,1
1468,359,,https://cdn.shopnorth.example/p/359/3.jpg,Arcadia Classic V-Neck Tee - view 3,2
1469,359,,https://cdn.shopnorth.example/p/359/4.jpg,Arcadia Classic V-Neck Tee - view 4,3
1470,359,,https://cdn.shopnorth.example/p/359/5.jpg,Arcadia Classic V-Neck Tee - view 5,4
1471,359,1677,https://cdn.shopnorth.example/p/359/heather-gray.jpg,Arcadia Classic V-Neck Tee in Heather Gray,11
1472,360,,https://cdn.shopnorth.example/p/360/1.jpg,Harbor Goods Everyday Video Doorbell - view 1,0
1473,360,,https://cdn.shopnorth.example/p/360/2.jpg,Harbor Goods Everyday Video Doorbell - view 2,1
1474,360,,https://cdn.shopnorth.example/p/360/3.jpg,Harbor Goods Everyday Video Doorbell - view 3,2
1475,360,,https://cdn.shopnorth.example/p/360/4.jpg,Harbor Goods Everyday Video Doorbell - view 4,3
1476,360,,https://cdn.shopnorth.example/p/360/5.jpg,Harbor Goods Everyday Video Doorbell - view 5,4
1477,361,,https://cdn.shopnorth.example/p/361/1.jpg,Summit Supply Classic Cushioned Running Shoe - view 1,0
1478,361,,https://cdn.shopnorth.example/p/361/2.jpg,Summit Supply Classic Cushioned Running Shoe - view 2,1
1479,361,,https://cdn.shopnorth.example/p/361/3.jpg,Summit Supply Classic Cushioned Running Shoe - view 3,2
1480,361,1683,https://cdn.shopnorth.example/p/361/heather-gray.jpg,Summit Supply Classic Cushioned Running Shoe in Heather Gray,11
1481,361,1690,https://cdn.shopnorth.example/p/361/olive.jpg,Summit Supply Classic Cushioned Running Shoe in Olive,12
1482,362,,https://cdn.shopnorth.example/p/362/1.jpg,Everkind Lightweight Building Block Set - view 1,0
1483,362,,https://cdn.shopnorth.example/p/362/2.jpg,Everkind Lightweight Building Block Set - view 2,1
1484,363,,https://cdn.shopnorth.example/p/363/1.jpg,Fable Toys Lightweight Self-Cleaning Litter Box - view 1,0
1485,364,,https://cdn.shopnorth.example/p/364/1.jpg,Urban Nomad Lightweight Cat Tree - view 1,0
1486,364,,https://cdn.shopnorth.example/p/364/2.jpg,Urban Nomad Lightweight Cat Tree - view 2,1
1487,365,,https://cdn.shopnorth.example/p/365/1.jpg,Marlowe Max Leave-In Conditioner - view 1,0
1488,365,,https://cdn.shopnorth.example/p/365/2.jpg,Marlowe Max Leave-In Conditioner - view 2,1
1489,366,,https://cdn.shopnorth.example/p/366/1.jpg,Rove Pro Resistance Band Set - view 1,0
1490,366,,https://cdn.shopnorth.example/p/366/2.jpg,Rove Pro Resistance Band Set - view 2,1
1491,366,,https://cdn.shopnorth.example/p/366/3.jpg,Rove Pro Resistance Band Set - view 3,2
1492,366,,https://cdn.shopnorth.example/p/366/4.jpg,Rove Pro Resistance Band Set - view 4,3
1493,367,,https://cdn.shopnorth.example/p/367/1.jpg,Ironbark Heritage Brow Pencil - view 1,0
1494,367,,https://cdn.shopnorth.example/p/367/2.jpg,Ironbark Heritage Brow Pencil - view 2,1
1495,368,,https://cdn.shopnorth.example/p/368/1.jpg,"Ironbark Premium 11"" Tablet - view 1",0
1496,368,,https://cdn.shopnorth.example/p/368/2.jpg,"Ironbark Premium 11"" Tablet - view 2",1
1497,368,,https://cdn.shopnorth.example/p/368/3.jpg,"Ironbark Premium 11"" Tablet - view 3",2
1498,368,1703,https://cdn.shopnorth.example/p/368/space-gray.jpg,"Ironbark Premium 11"" Tablet in Space Gray",11
1499,368,1705,https://cdn.shopnorth.example/p/368/silver.jpg,"Ironbark Premium 11"" Tablet in Silver",12
1500,369,,https://cdn.shopnorth.example/p/369/1.jpg,Pulse Fitness Signature 3D Wooden Puzzle - view 1,0
1501,369,,https://cdn.shopnorth.example/p/369/2.jpg,Pulse Fitness Signature 3D Wooden Puzzle - view 2,1
1502,370,,https://cdn.shopnorth.example/p/370/1.jpg,Luxe Botanica Eco Fleece Jacket - view 1,0
1503,370,,https://cdn.shopnorth.example/p/370/2.jpg,Luxe Botanica Eco Fleece Jacket - view 2,1
1504,370,,https://cdn.shopnorth.example/p/370/3.jpg,Luxe Botanica Eco Fleece Jacket - view 3,2
1505,370,1707,https://cdn.shopnorth.example/p/370/black.jpg,Luxe Botanica Eco Fleece Jacket in Black,11
1506,371,,https://cdn.shopnorth.example/p/371/1.jpg,Summit Supply Classic Wireless Earbuds - view 1,0
1507,371,,https://cdn.shopnorth.example/p/371/2.jpg,Summit Supply Classic Wireless Earbuds - view 2,1
1508,372,,https://cdn.shopnorth.example/p/372/1.jpg,Oakridge Lightweight Trail Running Shoe - view 1,0
1509,372,1714,https://cdn.shopnorth.example/p/372/burgundy.jpg,Oakridge Lightweight Trail Running Shoe in Burgundy,11
1510,373,,https://cdn.shopnorth.example/p/373/1.jpg,Fernway Premium Retractable Leash - view 1,0
1511,373,,https://cdn.shopnorth.example/p/373/2.jpg,Fernway Premium Retractable Leash - view 2,1
1512,373,,https://cdn.shopnorth.example/p/373/3.jpg,Fernway Premium Retractable Leash - view 3,2
1513,373,,https://cdn.shopnorth.example/p/373/4.jpg,Fernway Premium Retractable Leash - view 4,3
1514,374,,https://cdn.shopnorth.example/p/374/1.jpg,Kinfolk Kitchen Everyday Over-Ear Headphones - view 1,0
1515,374,,https://cdn.shopnorth.example/p/374/2.jpg,Kinfolk Kitchen Everyday Over-Ear Headphones - view 2,1
1516,374,,https://cdn.shopnorth.example/p/374/3.jpg,Kinfolk Kitchen Everyday Over-Ear Headphones - view 3,2
1517,374,1722,https://cdn.shopnorth.example/p/374/blush.jpg,Kinfolk Kitchen Everyday Over-Ear Headphones in Blush,11
1518,374,1723,https://cdn.shopnorth.example/p/374/black.jpg,Kinfolk Kitchen Everyday Over-Ear Headphones in Black,12
1519,374,1724,https://cdn.shopnorth.example/p/374/sand.jpg,Kinfolk Kitchen Everyday Over-Ear Headphones in Sand,13
1520,374,1725,https://cdn.shopnorth.example/p/374/burgundy.jpg,Kinfolk Kitchen Everyday Over-Ear Headphones in Burgundy,14
1521,375,,https://cdn.shopnorth.example/p/375/1.jpg,Alder & Pine Heritage Dash Cam - view 1,0
1522,375,,https://cdn.shopnorth.example/p/375/2.jpg,Alder & Pine Heritage Dash Cam - view 2,1
1523,375,1726,https://cdn.shopnorth.example/p/375/charcoal.jpg,Alder & Pine Heritage Dash Cam in Charcoal,11
1524,375,1727,https://cdn.shopnorth.example/p/375/heather-gray.jpg,Alder & Pine Heritage Dash Cam in Heather Gray,12
1525,375,1728,https://cdn.shopnorth.example/p/375/sand.jpg,Alder & Pine Heritage Dash Cam in Sand,13
1526,376,,https://cdn.shopnorth.example/p/376/1.jpg,Fable Toys Compact Vitamin C Serum - view 1,0
1527,376,,https://cdn.shopnorth.example/p/376/2.jpg,Fable Toys Compact Vitamin C Serum - view 2,1
1528,377,,https://cdn.shopnorth.example/p/377/1.jpg,Ironbark Everyday Drawer Organizer - view 1,0
1529,377,,https://cdn.shopnorth.example/p/377/2.jpg,Ironbark Everyday Drawer Organizer - view 2,1
1530,378,,https://cdn.shopnorth.example/p/378/1.jpg,Seaside Skin Signature Insulated Water Bottle 32oz - view 1,0
1531,378,,https://cdn.shopnorth.example/p/378/2.jpg,Seaside Skin Signature Insulated Water Bottle 32oz - view 2,1
1532,378,1731,https://cdn.shopnorth.example/p/378/black.jpg,Seaside Skin Signature Insulated Water Bottle 32oz in Black,11
1533,378,1732,https://cdn.shopnorth.example/p/378/navy.jpg,Seaside Skin Signature Insulated Water Bottle 32oz in Navy,12
1534,378,1733,https://cdn.shopnorth.example/p/378/heather-gray.jpg,Seaside Skin Signature Insulated Water Bottle 32oz in Heather Gray,13
1535,378,1734,https://cdn.shopnorth.example/p/378/sand.jpg,Seaside Skin Signature Insulated Water Bottle 32oz in Sand,14
1536,379,,https://cdn.shopnorth.example/p/379/1.jpg,Fable Toys Everyday Slip-On Sneaker - view 1,0
1537,379,,https://cdn.shopnorth.example/p/379/2.jpg,Fable Toys Everyday Slip-On Sneaker - view 2,1
1538,379,,https://cdn.shopnorth.example/p/379/3.jpg,Fable Toys Everyday Slip-On Sneaker - view 3,2
1539,379,,https://cdn.shopnorth.example/p/379/4.jpg,Fable Toys Everyday Slip-On Sneaker - view 4,3
1540,379,1735,https://cdn.shopnorth.example/p/379/navy.jpg,Fable Toys Everyday Slip-On Sneaker in Navy,11
1541,380,,https://cdn.shopnorth.example/p/380/1.jpg,Trailhead Signature Slide Sandal - view 1,0
1542,380,,https://cdn.shopnorth.example/p/380/2.jpg,Trailhead Signature Slide Sandal - view 2,1
1543,380,1742,https://cdn.shopnorth.example/p/380/sand.jpg,Trailhead Signature Slide Sandal in Sand,11
1544,380,1749,https://cdn.shopnorth.example/p/380/heather-gray.jpg,Trailhead Signature Slide Sandal in Heather Gray,12
1545,381,,https://cdn.shopnorth.example/p/381/1.jpg,Luxe Botanica Classic Body Mist - view 1,0
1546,381,,https://cdn.shopnorth.example/p/381/2.jpg,Luxe Botanica Classic Body Mist - view 2,1
1547,381,,https://cdn.shopnorth.example/p/381/3.jpg,Luxe Botanica Classic Body Mist - view 3,2
1548,382,,https://cdn.shopnorth.example/p/382/1.jpg,Stratus Classic Espresso Machine - view 1,0
1549,382,,https://cdn.shopnorth.example/p/382/2.jpg,Stratus Classic Espresso Machine - view 2,1
1550,382,,https://cdn.shopnorth.example/p/382/3.jpg,Stratus Classic Espresso Machine - view 3,2
1551,383,,https://cdn.shopnorth.example/p/383/1.jpg,Kinfolk Kitchen Everyday Chino Pants - view 1,0
1552,383,,https://cdn.shopnorth.example/p/383/2.jpg,Kinfolk Kitchen Everyday Chino Pants - view 2,1
1553,383,,https://cdn.shopnorth.example/p/383/3.jpg,Kinfolk Kitchen Everyday Chino Pants - view 3,2
1554,383,,https://cdn.shopnorth.example/p/383/4.jpg,Kinfolk Kitchen Everyday Chino Pants - view 4,3
1555,383,,https://cdn.shopnorth.example/p/383/5.jpg,Kinfolk Kitchen Everyday Chino Pants - view 5,4
1556,383,1758,https://cdn.shopnorth.example/p/383/sand.jpg,Kinfolk Kitchen Everyday Chino Pants in Sand,11
1557,383,1764,https://cdn.shopnorth.example/p/383/sky-blue.jpg,Kinfolk Kitchen Everyday Chino Pants in Sky Blue,12
1558,383,1770,https://cdn.shopnorth.example/p/383/burgundy.jpg,Kinfolk Kitchen Everyday Chino Pants in Burgundy,13
1559,384,,https://cdn.shopnorth.example/p/384/1.jpg,Harbor Goods Classic Building Block Set - view 1,0
1560,384,,https://cdn.shopnorth.example/p/384/2.jpg,Harbor Goods Classic Building Block Set - view 2,1
1561,385,,https://cdn.shopnorth.example/p/385/1.jpg,Juniper Lane Premium Sports Bra - view 1,0
1562,385,,https://cdn.shopnorth.example/p/385/2.jpg,Juniper Lane Premium Sports Bra - view 2,1
1563,385,1777,https://cdn.shopnorth.example/p/385/white.jpg,Juniper Lane Premium Sports Bra in White,11
1564,385,1782,https://cdn.shopnorth.example/p/385/heather-gray.jpg,Juniper Lane Premium Sports Bra in Heather Gray,12
1565,385,1787,https://cdn.shopnorth.example/p/385/forest-green.jpg,Juniper Lane Premium Sports Bra in Forest Green,13
1566,385,1792,https://cdn.shopnorth.example/p/385/navy.jpg,Juniper Lane Premium Sports Bra in Navy,14
1567,386,,https://cdn.shopnorth.example/p/386/1.jpg,Luxe Botanica Essential Wireless Earbuds - view 1,0
1568,386,,https://cdn.shopnorth.example/p/386/2.jpg,Luxe Botanica Essential Wireless Earbuds - view 2,1
1569,386,,https://cdn.shopnorth.example/p/386/3.jpg,Luxe Botanica Essential Wireless Earbuds - view 3,2
1570,386,,https://cdn.shopnorth.example/p/386/4.jpg,Luxe Botanica Essential Wireless Earbuds - view 4,3
1571,386,,https://cdn.shopnorth.example/p/386/5.jpg,Luxe Botanica Essential Wireless Earbuds - view 5,4
1572,386,1797,https://cdn.shopnorth.example/p/386/sand.jpg,Luxe Botanica Essential Wireless Earbuds in Sand,11
1573,386,1798,https://cdn.shopnorth.example/p/386/olive.jpg,Luxe Botanica Essential Wireless Earbuds in Olive,12
1574,386,1799,https://cdn.shopnorth.example/p/386/white.jpg,Luxe Botanica Essential Wireless Earbuds in White,13
1575,386,1800,https://cdn.shopnorth.example/p/386/sky-blue.jpg,Luxe Botanica Essential Wireless Earbuds in Sky Blue,14
1576,387,,https://cdn.shopnorth.example/p/387/1.jpg,Everkind Ultra Linen Blouse - view 1,0
1577,387,,https://cdn.shopnorth.example/p/387/2.jpg,Everkind Ultra Linen Blouse - view 2,1
1578,387,,https://cdn.shopnorth.example/p/387/3.jpg,Everkind Ultra Linen Blouse - view 3,2
1579,387,,https://cdn.shopnorth.example/p/387/4.jpg,Everkind Ultra Linen Blouse - view 4,3
1580,387,1801,https://cdn.shopnorth.example/p/387/heather-gray.jpg,Everkind Ultra Linen Blouse in Heather Gray,11
1581,387,1806,https://cdn.shopnorth.example/p/387/navy.jpg,Everkind Ultra Linen Blouse in Navy,12
1582,387,1812,https://cdn.shopnorth.example/p/387/blush.jpg,Everkind Ultra Linen Blouse in Blush,13
1583,388,,https://cdn.shopnorth.example/p/388/1.jpg,Oakridge Classic Throw Blanket - view 1,0
1584,389,,https://cdn.shopnorth.example/p/389/1.jpg,Summit Supply Everyday Puffer Jacket - view 1,0
1585,389,,https://cdn.shopnorth.example/p/389/2.jpg,Summit Supply Everyday Puffer Jacket - view 2,1
1586,389,,https://cdn.shopnorth.example/p/389/3.jpg,Summit Supply Everyday Puffer Jacket - view 3,2
1587,389,,https://cdn.shopnorth.example/p/389/4.jpg,Summit Supply Everyday Puffer Jacket - view 4,3
1588,389,,https://cdn.shopnorth.example/p/389/5.jpg,Summit Supply Everyday Puffer Jacket - view 5,4
1589,389,1819,https://cdn.shopnorth.example/p/389/sand.jpg,Summit Supply Everyday Puffer Jacket in Sand,11
1590,390,,https://cdn.shopnorth.example/p/390/1.jpg,Glowbar Ultra Feather Wand Toy - view 1,0
1591,390,,https://cdn.shopnorth.example/p/390/2.jpg,Glowbar Ultra Feather Wand Toy - view 2,1
1592,390,,https://cdn.shopnorth.example/p/390/3.jpg,Glowbar Ultra Feather Wand Toy - view 3,2
1593,390,,https://cdn.shopnorth.example/p/390/4.jpg,Glowbar Ultra Feather Wand Toy - view 4,3
1594,391,,https://cdn.shopnorth.example/p/391/1.jpg,"Cobalt Audio Eco 14"" Ultrabook - view 1",0
1595,391,,https://cdn.shopnorth.example/p/391/2.jpg,"Cobalt Audio Eco 14"" Ultrabook - view 2",1
1596,391,1825,https://cdn.shopnorth.example/p/391/silver.jpg,"Cobalt Audio Eco 14"" Ultrabook in Silver",11
1597,391,1826,https://cdn.shopnorth.example/p/391/space-gray.jpg,"Cobalt Audio Eco 14"" Ultrabook in Space Gray",12
1598,392,,https://cdn.shopnorth.example/p/392/1.jpg,Stratus Premium Sheet Pan Set - view 1,0
1599,392,,https://cdn.shopnorth.example/p/392/2.jpg,Stratus Premium Sheet Pan Set - view 2,1
1600,392,,https://cdn.shopnorth.example/p/392/3.jpg,Stratus Premium Sheet Pan Set - view 3,2
1601,392,,https://cdn.shopnorth.example/p/392/4.jpg,Stratus Premium Sheet Pan Set - view 4,3
1602,392,,https://cdn.shopnorth.example/p/392/5.jpg,Stratus Premium Sheet Pan Set - view 5,4
1603,393,,https://cdn.shopnorth.example/p/393/1.jpg,Rove Compact Mascara - view 1,0
1604,393,,https://cdn.shopnorth.example/p/393/2.jpg,Rove Compact Mascara - view 2,1
1605,393,,https://cdn.shopnorth.example/p/393/3.jpg,Rove Compact Mascara - view 3,2
1606,393,,https://cdn.shopnorth.example/p/393/4.jpg,Rove Compact Mascara - view 4,3
1607,393,,https://cdn.shopnorth.example/p/393/5.jpg,Rove Compact Mascara - view 5,4
1608,394,,https://cdn.shopnorth.example/p/394/1.jpg,Cinder Lightweight Puffer Jacket - view 1,0
1609,394,,https://cdn.shopnorth.example/p/394/2.jpg,Cinder Lightweight Puffer Jacket - view 2,1
1610,394,,https://cdn.shopnorth.example/p/394/3.jpg,Cinder Lightweight Puffer Jacket - view 3,2
1611,394,1832,https://cdn.shopnorth.example/p/394/forest-green.jpg,Cinder Lightweight Puffer Jacket in Forest Green,11
1612,394,1838,https://cdn.shopnorth.example/p/394/white.jpg,Cinder Lightweight Puffer Jacket in White,12
1613,394,1844,https://cdn.shopnorth.example/p/394/black.jpg,Cinder Lightweight Puffer Jacket in Black,13
1614,394,1849,https://cdn.shopnorth.example/p/394/heather-gray.jpg,Cinder Lightweight Puffer Jacket in Heather Gray,14
1615,395,,https://cdn.shopnorth.example/p/395/1.jpg,Nimbus Tech Signature Chew Toy - view 1,0
1616,395,,https://cdn.shopnorth.example/p/395/2.jpg,Nimbus Tech Signature Chew Toy - view 2,1
1617,395,,https://cdn.shopnorth.example/p/395/3.jpg,Nimbus Tech Signature Chew Toy - view 3,2
1618,395,,https://cdn.shopnorth.example/p/395/4.jpg,Nimbus Tech Signature Chew Toy - view 4,3
1619,396,,https://cdn.shopnorth.example/p/396/1.jpg,Saltwater Classic Straight Leg Jeans - view 1,0
1620,396,,https://cdn.shopnorth.example/p/396/2.jpg,Saltwater Classic Straight Leg Jeans - view 2,1
1621,396,1856,https://cdn.shopnorth.example/p/396/black.jpg,Saltwater Classic Straight Leg Jeans in Black,11
1622,396,1862,https://cdn.shopnorth.example/p/396/sky-blue.jpg,Saltwater Classic Straight Leg Jeans in Sky Blue,12
1623,396,1867,https://cdn.shopnorth.example/p/396/charcoal.jpg,Saltwater Classic Straight Leg Jeans in Charcoal,13
1624,396,1873,https://cdn.shopnorth.example/p/396/sand.jpg,Saltwater Classic Straight Leg Jeans in Sand,14
1625,397,,https://cdn.shopnorth.example/p/397/1.jpg,Cobalt Audio Heritage Throw Blanket - view 1,0
1626,397,,https://cdn.shopnorth.example/p/397/2.jpg,Cobalt Audio Heritage Throw Blanket - view 2,1
1627,398,,https://cdn.shopnorth.example/p/398/1.jpg,Seaside Skin Everyday Stand Mixer - view 1,0
1628,399,,https://cdn.shopnorth.example/p/399/1.jpg,Brightfield Studio Hair Oil - view 1,0
1629,400,,https://cdn.shopnorth.example/p/400/1.jpg,Quill Ultra Building Block Set - view 1,0
1630,401,,https://cdn.shopnorth.example/p/401/1.jpg,Luxe Botanica Lightweight Nonstick Skillet - view 1,0
1631,401,,https://cdn.shopnorth.example/p/401/2.jpg,Luxe Botanica Lightweight Nonstick Skillet - view 2,1
1632,401,1883,https://cdn.shopnorth.example/p/401/sand.jpg,Luxe Botanica Lightweight Nonstick Skillet in Sand,11
1633,401,1884,https://cdn.shopnorth.example/p/401/charcoal.jpg,Luxe Botanica Lightweight Nonstick Skillet in Charcoal,12
1634,401,1885,https://cdn.shopnorth.example/p/401/sky-blue.jpg,Luxe Botanica Lightweight Nonstick Skillet in Sky Blue,13
1635,402,,https://cdn.shopnorth.example/p/402/1.jpg,Lumora Max Road Running Shoe - view 1,0
1636,402,1886,https://cdn.shopnorth.example/p/402/sand.jpg,Lumora Max Road Running Shoe in Sand,11
1637,402,1893,https://cdn.shopnorth.example/p/402/blush.jpg,Lumora Max Road Running Shoe in Blush,12
1638,403,,https://cdn.shopnorth.example/p/403/1.jpg,Urban Nomad Essential Smart Bulb 4-Pack - view 1,0
1639,403,,https://cdn.shopnorth.example/p/403/2.jpg,Urban Nomad Essential Smart Bulb 4-Pack - view 2,1
1640,403,,https://cdn.shopnorth.example/p/403/3.jpg,Urban Nomad Essential Smart Bulb 4-Pack - view 3,2
1641,403,,https://cdn.shopnorth.example/p/403/4.jpg,Urban Nomad Essential Smart Bulb 4-Pack - view 4,3
1642,403,,https://cdn.shopnorth.example/p/403/5.jpg,Urban Nomad Essential Smart Bulb 4-Pack - view 5,4
1643,403,1900,https://cdn.shopnorth.example/p/403/blush.jpg,Urban Nomad Essential Smart Bulb 4-Pack in Blush,11
1644,403,1901,https://cdn.shopnorth.example/p/403/black.jpg,Urban Nomad Essential Smart Bulb 4-Pack in Black,12
1645,403,1902,https://cdn.shopnorth.example/p/403/forest-green.jpg,Urban Nomad Essential Smart Bulb 4-Pack in Forest Green,13
1646,404,,https://cdn.shopnorth.example/p/404/1.jpg,Tidewater Max Magnetic Tiles - view 1,0
1647,405,,https://cdn.shopnorth.example/p/405/1.jpg,Northwind Studio Performance Polo - view 1,0
1648,405,,https://cdn.shopnorth.example/p/405/2.jpg,Northwind Studio Performance Polo - view 2,1
1649,405,,https://cdn.shopnorth.example/p/405/3.jpg,Northwind Studio Performance Polo - view 3,2
1650,405,,https://cdn.shopnorth.example/p/405/4.jpg,Northwind Studio Performance Polo - view 4,3
1651,405,1904,https://cdn.shopnorth.example/p/405/charcoal.jpg,Northwind Studio Performance Polo in Charcoal,11
1652,405,1909,https://cdn.shopnorth.example/p/405/navy.jpg,Northwind Studio Performance Polo in Navy,12
1653,406,,https://cdn.shopnorth.example/p/406/1.jpg,Juniper Lane Eco Cast Iron Dutch Oven - view 1,0
1654,406,1914,https://cdn.shopnorth.example/p/406/sky-blue.jpg,Juniper Lane Eco Cast Iron Dutch Oven in Sky Blue,11
1655,406,1915,https://cdn.shopnorth.example/p/406/forest-green.jpg,Juniper Lane Eco Cast Iron Dutch Oven in Forest Green,12
1656,406,1916,https://cdn.shopnorth.example/p/406/olive.jpg,Juniper Lane Eco Cast Iron Dutch Oven in Olive,13
1657,406,1917,https://cdn.shopnorth.example/p/406/sand.jpg,Juniper Lane Eco Cast Iron Dutch Oven in Sand,14
1658,407,,https://cdn.shopnorth.example/p/407/1.jpg,Kinfolk Kitchen Studio Cast Iron Dutch Oven - view 1,0
1659,407,,https://cdn.shopnorth.example/p/407/2.jpg,Kinfolk Kitchen Studio Cast Iron Dutch Oven - view 2,1
1660,407,,https://cdn.shopnorth.example/p/407/3.jpg,Kinfolk Kitchen Studio Cast Iron Dutch Oven - view 3,2
1661,407,,https://cdn.shopnorth.example/p/407/4.jpg,Kinfolk Kitchen Studio Cast Iron Dutch Oven - view 4,3
1662,407,,https://cdn.shopnorth.example/p/407/5.jpg,Kinfolk Kitchen Studio Cast Iron Dutch Oven - view 5,4
1663,408,,https://cdn.shopnorth.example/p/408/1.jpg,Stratus Studio Family Trivia Game - view 1,0
1664,408,,https://cdn.shopnorth.example/p/408/2.jpg,Stratus Studio Family Trivia Game - view 2,1
1665,408,,https://cdn.shopnorth.example/p/408/3.jpg,Stratus Studio Family Trivia Game - view 3,2
1666,408,,https://cdn.shopnorth.example/p/408/4.jpg,Stratus Studio Family Trivia Game - view 4,3
1667,408,,https://cdn.shopnorth.example/p/408/5.jpg,Stratus Studio Family Trivia Game - view 5,4
1668,409,,https://cdn.shopnorth.example/p/409/1.jpg,Wren & Co. Compact 2-Person Tent - view 1,0
1669,409,,https://cdn.shopnorth.example/p/409/2.jpg,Wren & Co. Compact 2-Person Tent - view 2,1
1670,409,,https://cdn.shopnorth.example/p/409/3.jpg,Wren & Co. Compact 2-Person Tent - view 3,2
1671,409,,https://cdn.shopnorth.example/p/409/4.jpg,Wren & Co. Compact 2-Person Tent - view 4,3
1672,409,,https://cdn.shopnorth.example/p/409/5.jpg,Wren & Co. Compact 2-Person Tent - view 5,4
1673,410,,https://cdn.shopnorth.example/p/410/1.jpg,Oakridge Premium Linen Blouse - view 1,0
1674,410,,https://cdn.shopnorth.example/p/410/2.jpg,Oakridge Premium Linen Blouse - view 2,1
1675,410,,https://cdn.shopnorth.example/p/410/3.jpg,Oakridge Premium Linen Blouse - view 3,2
1676,410,,https://cdn.shopnorth.example/p/410/4.jpg,Oakridge Premium Linen Blouse - view 4,3
1677,410,1921,https://cdn.shopnorth.example/p/410/white.jpg,Oakridge Premium Linen Blouse in White,11
1678,410,1927,https://cdn.shopnorth.example/p/410/burgundy.jpg,Oakridge Premium Linen Blouse in Burgundy,12
1679,410,1932,https://cdn.shopnorth.example/p/410/sky-blue.jpg,Oakridge Premium Linen Blouse in Sky Blue,13
1680,410,1937,https://cdn.shopnorth.example/p/410/sand.jpg,Oakridge Premium Linen Blouse in Sand,14
1681,411,,https://cdn.shopnorth.example/p/411/1.jpg,Fable Toys Everyday Wireless Charger - view 1,0
1682,411,,https://cdn.shopnorth.example/p/411/2.jpg,Fable Toys Everyday Wireless Charger - view 2,1
1683,411,,https://cdn.shopnorth.example/p/411/3.jpg,Fable Toys Everyday Wireless Charger - view 3,2
1684,411,1942,https://cdn.shopnorth.example/p/411/navy.jpg,Fable Toys Everyday Wireless Charger in Navy,11
1685,411,1943,https://cdn.shopnorth.example/p/411/sand.jpg,Fable Toys Everyday Wireless Charger in Sand,12
1686,411,1944,https://cdn.shopnorth.example/p/411/black.jpg,Fable Toys Everyday Wireless Charger in Black,13
1687,411,1945,https://cdn.shopnorth.example/p/411/blush.jpg,Fable Toys Everyday Wireless Charger in Blush,14
1688,412,,https://cdn.shopnorth.example/p/412/1.jpg,Urban Nomad Everyday Wool Coat - view 1,0
1689,412,,https://cdn.shopnorth.example/p/412/2.jpg,Urban Nomad Everyday Wool Coat - view 2,1
1690,412,,https://cdn.shopnorth.example/p/412/3.jpg,Urban Nomad Everyday Wool Coat - view 3,2
1691,412,,https://cdn.shopnorth.example/p/412/4.jpg,Urban Nomad Everyday Wool Coat - view 4,3
1692,412,,https://cdn.shopnorth.example/p/412/5.jpg,Urban Nomad Everyday Wool Coat - view 5,4
1693,412,1946,https://cdn.shopnorth.example/p/412/sand.jpg,Urban Nomad Everyday Wool Coat in Sand,11
1694,412,1952,https://cdn.shopnorth.example/p/412/sky-blue.jpg,Urban Nomad Everyday Wool Coat in Sky Blue,12
1695,412,1957,https://cdn.shopnorth.example/p/412/blush.jpg,Urban Nomad Everyday Wool Coat in Blush,13
1696,413,,https://cdn.shopnorth.example/p/413/1.jpg,Tidewater Signature Down Alternative Comforter - view 1,0
1697,414,,https://cdn.shopnorth.example/p/414/1.jpg,Apex Motion Heritage Mineral Sunscreen SPF 50 - view 1,0
1698,414,,https://cdn.shopnorth.example/p/414/2.jpg,Apex Motion Heritage Mineral Sunscreen SPF 50 - view 2,1
1699,414,,https://cdn.shopnorth.example/p/414/3.jpg,Apex Motion Heritage Mineral Sunscreen SPF 50 - view 3,2
1700,414,,https://cdn.shopnorth.example/p/414/4.jpg,Apex Motion Heritage Mineral Sunscreen SPF 50 - view 4,3
1701,415,,https://cdn.shopnorth.example/p/415/1.jpg,Marlowe Studio Water Blaster - view 1,0
1702,415,,https://cdn.shopnorth.example/p/415/2.jpg,Marlowe Studio Water Blaster - view 2,1
1703,416,,https://cdn.shopnorth.example/p/416/1.jpg,Harbor Goods Lightweight Cotton Sheet Set - view 1,0
1704,416,,https://cdn.shopnorth.example/p/416/2.jpg,Harbor Goods Lightweight Cotton Sheet Set - view 2,1
1705,416,,https://cdn.shopnorth.example/p/416/3.jpg,Harbor Goods Lightweight Cotton Sheet Set - view 3,2
1706,417,,https://cdn.shopnorth.example/p/417/1.jpg,Solstice Max Quarter-Zip Pullover - view 1,0
1707,417,1972,https://cdn.shopnorth.example/p/417/navy.jpg,Solstice Max Quarter-Zip Pullover in Navy,11
1708,417,1978,https://cdn.shopnorth.example/p/417/heather-gray.jpg,Solstice Max Quarter-Zip Pullover in Heather Gray,12
1709,417,1984,https://cdn.shopnorth.example/p/417/charcoal.jpg,Solstice Max Quarter-Zip Pullover in Charcoal,13
1710,418,,https://cdn.shopnorth.example/p/418/1.jpg,Arcadia Studio Adjustable Dumbbells - view 1,0
1711,418,,https://cdn.shopnorth.example/p/418/2.jpg,Arcadia Studio Adjustable Dumbbells - view 2,1
1712,419,,https://cdn.shopnorth.example/p/419/1.jpg,Lumora Ultra Down Alternative Comforter - view 1,0
1713,419,,https://cdn.shopnorth.example/p/419/2.jpg,Lumora Ultra Down Alternative Comforter - view 2,1
1714,420,,https://cdn.shopnorth.example/p/420/1.jpg,Birchwood Ultra Kids Scooter - view 1,0
1715,420,,https://cdn.shopnorth.example/p/420/2.jpg,Birchwood Ultra Kids Scooter - view 2,1
1716,420,,https://cdn.shopnorth.example/p/420/3.jpg,Birchwood Ultra Kids Scooter - view 3,2
1717,420,,https://cdn.shopnorth.example/p/420/4.jpg,Birchwood Ultra Kids Scooter - view 4,3
1718,421,,https://cdn.shopnorth.example/p/421/1.jpg,Nimbus Tech Max 2-in-1 Convertible Laptop - view 1,0
1719,421,,https://cdn.shopnorth.example/p/421/2.jpg,Nimbus Tech Max 2-in-1 Convertible Laptop - view 2,1
1720,421,,https://cdn.shopnorth.example/p/421/3.jpg,Nimbus Tech Max 2-in-1 Convertible Laptop - view 3,2
1721,421,,https://cdn.shopnorth.example/p/421/4.jpg,Nimbus Tech Max 2-in-1 Convertible Laptop - view 4,3
1722,421,,https://cdn.shopnorth.example/p/421/5.jpg,Nimbus Tech Max 2-in-1 Convertible Laptop - view 5,4
1723,421,1995,https://cdn.shopnorth.example/p/421/silver.jpg,Nimbus Tech Max 2-in-1 Convertible Laptop in Silver,11
1724,421,1996,https://cdn.shopnorth.example/p/421/space-gray.jpg,Nimbus Tech Max 2-in-1 Convertible Laptop in Space Gray,12
1725,422,,https://cdn.shopnorth.example/p/422/1.jpg,PawPal Max Tinted Moisturizer - view 1,0
1726,422,,https://cdn.shopnorth.example/p/422/2.jpg,PawPal Max Tinted Moisturizer - view 2,1
1727,423,,https://cdn.shopnorth.example/p/423/1.jpg,Mosaic Kids Studio Family Trivia Game - view 1,0
1728,423,,https://cdn.shopnorth.example/p/423/2.jpg,Mosaic Kids Studio Family Trivia Game - view 2,1
1729,423,,https://cdn.shopnorth.example/p/423/3.jpg,Mosaic Kids Studio Family Trivia Game - view 3,2
1730,424,,https://cdn.shopnorth.example/p/424/1.jpg,Fernway Pro Straight Leg Jeans - view 1,0
1731,424,2001,https://cdn.shopnorth.example/p/424/charcoal.jpg,Fernway Pro Straight Leg Jeans in Charcoal,11
1732,424,2007,https://cdn.shopnorth.example/p/424/olive.jpg,Fernway Pro Straight Leg Jeans in Olive,12
1733,424,2012,https://cdn.shopnorth.example/p/424/blush.jpg,Fernway Pro Straight Leg Jeans in Blush,13
1734,424,2017,https://cdn.shopnorth.example/p/424/burgundy.jpg,Fernway Pro Straight Leg Jeans in Burgundy,14
1735,425,,https://cdn.shopnorth.example/p/425/1.jpg,Brightfield Classic Flannel Shirt - view 1,0
1736,425,,https://cdn.shopnorth.example/p/425/2.jpg,Brightfield Classic Flannel Shirt - view 2,1
1737,425,,https://cdn.shopnorth.example/p/425/3.jpg,Brightfield Classic Flannel Shirt - view 3,2
1738,425,2022,https://cdn.shopnorth.example/p/425/heather-gray.jpg,Brightfield Classic Flannel Shirt in Heather Gray,11
1739,425,2028,https://cdn.shopnorth.example/p/425/blush.jpg,Brightfield Classic Flannel Shirt in Blush,12
1740,426,,https://cdn.shopnorth.example/p/426/1.jpg,Solstice Studio Wall Mirror - view 1,0
1741,426,,https://cdn.shopnorth.example/p/426/2.jpg,Solstice Studio Wall Mirror - view 2,1
1742,426,,https://cdn.shopnorth.example/p/426/3.jpg,Solstice Studio Wall Mirror - view 3,2
1743,426,,https://cdn.shopnorth.example/p/426/4.jpg,Solstice Studio Wall Mirror - view 4,3
1744,427,,https://cdn.shopnorth.example/p/427/1.jpg,Glowbar Everyday Kids Scooter - view 1,0
1745,428,,https://cdn.shopnorth.example/p/428/1.jpg,Glowbar Essential Performance Polo - view 1,0
1746,428,,https://cdn.shopnorth.example/p/428/2.jpg,Glowbar Essential Performance Polo - view 2,1
1747,428,,https://cdn.shopnorth.example/p/428/3.jpg,Glowbar Essential Performance Polo - view 3,2
1748,428,,https://cdn.shopnorth.example/p/428/4.jpg,Glowbar Essential Performance Polo - view 4,3
1749,428,,https://cdn.shopnorth.example/p/428/5.jpg,Glowbar Essential Performance Polo - view 5,4
1750,428,2036,https://cdn.shopnorth.example/p/428/heather-gray.jpg,Glowbar Essential Performance Polo in Heather Gray,11
1751,428,2042,https://cdn.shopnorth.example/p/428/navy.jpg,Glowbar Essential Performance Polo in Navy,12
1752,428,2047,https://cdn.shopnorth.example/p/428/olive.jpg,Glowbar Essential Performance Polo in Olive,13
1753,428,2052,https://cdn.shopnorth.example/p/428/charcoal.jpg,Glowbar Essential Performance Polo in Charcoal,14
1754,429,,https://cdn.shopnorth.example/p/429/1.jpg,Glowbar Pro Kettlebell - view 1,0
1755,429,,https://cdn.shopnorth.example/p/429/2.jpg,Glowbar Pro Kettlebell - view 2,1
1756,429,,https://cdn.shopnorth.example/p/429/3.jpg,Glowbar Pro Kettlebell - view 3,2
1757,430,,https://cdn.shopnorth.example/p/430/1.jpg,Urban Nomad Signature Waterproof Winter Boot - view 1,0
1758,430,,https://cdn.shopnorth.example/p/430/2.jpg,Urban Nomad Signature Waterproof Winter Boot - view 2,1
1759,430,,https://cdn.shopnorth.example/p/430/3.jpg,Urban Nomad Signature Waterproof Winter Boot - view 3,2
1760,430,,https://cdn.shopnorth.example/p/430/4.jpg,Urban Nomad Signature Waterproof Winter Boot - view 4,3
1761,430,,https://cdn.shopnorth.example/p/430/5.jpg,Urban Nomad Signature Waterproof Winter Boot - view 5,4
1762,430,2059,https://cdn.shopnorth.example/p/430/sand.jpg,Urban Nomad Signature Waterproof Winter Boot in Sand,11
1763,431,,https://cdn.shopnorth.example/p/431/1.jpg,Tidewater Classic Over-Door Rack - view 1,0
1764,431,,https://cdn.shopnorth.example/p/431/2.jpg,Tidewater Classic Over-Door Rack - view 2,1
1765,431,,https://cdn.shopnorth.example/p/431/3.jpg,Tidewater Classic Over-Door Rack - view 3,2
1766,432,,https://cdn.shopnorth.example/p/432/1.jpg,Oakridge Compact Retinol Night Cream - view 1,0
1767,432,,https://cdn.shopnorth.example/p/432/2.jpg,Oakridge Compact Retinol Night Cream - view 2,1
1768,432,,https://cdn.shopnorth.example/p/432/3.jpg,Oakridge Compact Retinol Night Cream - view 3,2
1769,432,,https://cdn.shopnorth.example/p/432/4.jpg,Oakridge Compact Retinol Night Cream - view 4,3
1770,432,,https://cdn.shopnorth.example/p/432/5.jpg,Oakridge Compact Retinol Night Cream - view 5,4
1771,433,,https://cdn.shopnorth.example/p/433/1.jpg,Northwind Everyday Straight Leg Jeans - view 1,0
1772,433,,https://cdn.shopnorth.example/p/433/2.jpg,Northwind Everyday Straight Leg Jeans - view 2,1
1773,433,2068,https://cdn.shopnorth.example/p/433/olive.jpg,Northwind Everyday Straight Leg Jeans in Olive,11
1774,434,,https://cdn.shopnorth.example/p/434/1.jpg,Nimbus Tech Eco Action Camera - view 1,0
1775,434,,https://cdn.shopnorth.example/p/434/2.jpg,Nimbus Tech Eco Action Camera - view 2,1
1776,434,,https://cdn.shopnorth.example/p/434/3.jpg,Nimbus Tech Eco Action Camera - view 3,2
1777,434,2074,https://cdn.shopnorth.example/p/434/white.jpg,Nimbus Tech Eco Action Camera in White,11
1778,434,2075,https://cdn.shopnorth.example/p/434/heather-gray.jpg,Nimbus Tech Eco Action Camera in Heather Gray,12
1779,434,2076,https://cdn.shopnorth.example/p/434/olive.jpg,Nimbus Tech Eco Action Camera in Olive,13
1780,435,,https://cdn.shopnorth.example/p/435/1.jpg,Rove Eco Folding Camp Chair - view 1,0
1781,435,,https://cdn.shopnorth.example/p/435/2.jpg,Rove Eco Folding Camp Chair - view 2,1
1782,435,,https://cdn.shopnorth.example/p/435/3.jpg,Rove Eco Folding Camp Chair - view 3,2
1783,436,,https://cdn.shopnorth.example/p/436/1.jpg,Oakridge Premium Trail Running Shoe - view 1,0
1784,436,,https://cdn.shopnorth.example/p/436/2.jpg,Oakridge Premium Trail Running Shoe - view 2,1
1785,436,2078,https://cdn.shopnorth.example/p/436/forest-green.jpg,Oakridge Premium Trail Running Shoe in Forest Green,11
1786,436,2085,https://cdn.shopnorth.example/p/436/sand.jpg,Oakridge Premium Trail Running Shoe in Sand,12
1787,437,,https://cdn.shopnorth.example/p/437/1.jpg,Urban Nomad Max Gentle Cleanser - view 1,0
1788,438,,https://cdn.shopnorth.example/p/438/1.jpg,Voltix Max Resistance Band Set - view 1,0
1789,438,,https://cdn.shopnorth.example/p/438/2.jpg,Voltix Max Resistance Band Set - view 2,1
1790,438,,https://cdn.shopnorth.example/p/438/3.jpg,Voltix Max Resistance Band Set - view 3,2
1791,438,,https://cdn.shopnorth.example/p/438/4.jpg,Voltix Max Resistance Band Set - view 4,3
1792,439,,https://cdn.shopnorth.example/p/439/1.jpg,Rove Everyday Kids Scooter - view 1,0
1793,439,,https://cdn.shopnorth.example/p/439/2.jpg,Rove Everyday Kids Scooter - view 2,1
1794,439,,https://cdn.shopnorth.example/p/439/3.jpg,Rove Everyday Kids Scooter - view 3,2
1795,440,,https://cdn.shopnorth.example/p/440/1.jpg,Luxe Botanica Pro Ceramic Vase - view 1,0
1796,441,,https://cdn.shopnorth.example/p/441/1.jpg,Pulse Fitness Lightweight 1000-Piece Puzzle - view 1,0
1797,441,,https://cdn.shopnorth.example/p/441/2.jpg,Pulse Fitness Lightweight 1000-Piece Puzzle - view 2,1
1798,442,,https://cdn.shopnorth.example/p/442/1.jpg,Wren & Co. Max Building Block Set - view 1,0
1799,442,,https://cdn.shopnorth.example/p/442/2.jpg,Wren & Co. Max Building Block Set - view 2,1
1800,442,,https://cdn.shopnorth.example/p/442/3.jpg,Wren & Co. Max Building Block Set - view 3,2
1801,442,,https://cdn.shopnorth.example/p/442/4.jpg,Wren & Co. Max Building Block Set - view 4,3
1802,443,,https://cdn.shopnorth.example/p/443/1.jpg,Ironbark Essential Denim Jacket - view 1,0
1803,443,,https://cdn.shopnorth.example/p/443/2.jpg,Ironbark Essential Denim Jacket - view 2,1
1804,443,,https://cdn.shopnorth.example/p/443/3.jpg,Ironbark Essential Denim Jacket - view 3,2
1805,443,,https://cdn.shopnorth.example/p/443/4.jpg,Ironbark Essential Denim Jacket - view 4,3
1806,443,2098,https://cdn.shopnorth.example/p/443/charcoal.jpg,Ironbark Essential Denim Jacket in Charcoal,11
1807,443,2104,https://cdn.shopnorth.example/p/443/sky-blue.jpg,Ironbark Essential Denim Jacket in Sky Blue,12
1808,443,2110,https://cdn.shopnorth.example/p/443/black.jpg,Ironbark Essential Denim Jacket in Black,13
1809,444,,https://cdn.shopnorth.example/p/444/1.jpg,Mosaic Kids Studio Hydrating Moisturizer - view 1,0
1810,444,,https://cdn.shopnorth.example/p/444/2.jpg,Mosaic Kids Studio Hydrating Moisturizer - view 2,1
1811,444,,https://cdn.shopnorth.example/p/444/3.jpg,Mosaic Kids Studio Hydrating Moisturizer - view 3,2
1812,445,,https://cdn.shopnorth.example/p/445/1.jpg,Glowbar Studio Vitamin C Serum - view 1,0
1813,445,,https://cdn.shopnorth.example/p/445/2.jpg,Glowbar Studio Vitamin C Serum - view 2,1
1814,445,,https://cdn.shopnorth.example/p/445/3.jpg,Glowbar Studio Vitamin C Serum - view 3,2
1815,446,,https://cdn.shopnorth.example/p/446/1.jpg,Ember & Oak Premium Smart Thermostat - view 1,0
1816,446,,https://cdn.shopnorth.example/p/446/2.jpg,Ember & Oak Premium Smart Thermostat - view 2,1
1817,446,,https://cdn.shopnorth.example/p/446/3.jpg,Ember & Oak Premium Smart Thermostat - view 3,2
1818,446,,https://cdn.shopnorth.example/p/446/4.jpg,Ember & Oak Premium Smart Thermostat - view 4,3
1819,446,,https://cdn.shopnorth.example/p/446/5.jpg,Ember & Oak Premium Smart Thermostat - view 5,4
1820,446,2118,https://cdn.shopnorth.example/p/446/burgundy.jpg,Ember & Oak Premium Smart Thermostat in Burgundy,11
1821,446,2119,https://cdn.shopnorth.example/p/446/sand.jpg,Ember & Oak Premium Smart Thermostat in Sand,12
1822,446,2120,https://cdn.shopnorth.example/p/446/charcoal.jpg,Ember & Oak Premium Smart Thermostat in Charcoal,13
1823,446,2121,https://cdn.shopnorth.example/p/446/forest-green.jpg,Ember & Oak Premium Smart Thermostat in Forest Green,14
1824,447,,https://cdn.shopnorth.example/p/447/1.jpg,Solstice Everyday Bike Lock - view 1,0
1825,447,,https://cdn.shopnorth.example/p/447/2.jpg,Solstice Everyday Bike Lock - view 2,1
1826,448,,https://cdn.shopnorth.example/p/448/1.jpg,Cinder Pro Espresso Machine - view 1,0
1827,448,,https://cdn.shopnorth.example/p/448/2.jpg,Cinder Pro Espresso Machine - view 2,1
1828,448,,https://cdn.shopnorth.example/p/448/3.jpg,Cinder Pro Espresso Machine - view 3,2
1829,448,,https://cdn.shopnorth.example/p/448/4.jpg,Cinder Pro Espresso Machine - view 4,3
1830,448,,https://cdn.shopnorth.example/p/448/5.jpg,Cinder Pro Espresso Machine - view 5,4
1831,449,,https://cdn.shopnorth.example/p/449/1.jpg,Voltix Lightweight Magnetic Tiles - view 1,0
1832,449,,https://cdn.shopnorth.example/p/449/2.jpg,Voltix Lightweight Magnetic Tiles - view 2,1
1833,450,,https://cdn.shopnorth.example/p/450/1.jpg,Northwind Premium Vacuum Storage Bags - view 1,0
1834,450,,https://cdn.shopnorth.example/p/450/2.jpg,Northwind Premium Vacuum Storage Bags - view 2,1
1835,451,,https://cdn.shopnorth.example/p/451/1.jpg,Kinfolk Kitchen Everyday Smart Bulb 4-Pack - view 1,0
1836,451,,https://cdn.shopnorth.example/p/451/2.jpg,Kinfolk Kitchen Everyday Smart Bulb 4-Pack - view 2,1
1837,452,,https://cdn.shopnorth.example/p/452/1.jpg,Kestrel Eco Indoor Security Camera - view 1,0
1838,452,,https://cdn.shopnorth.example/p/452/2.jpg,Kestrel Eco Indoor Security Camera - view 2,1
1839,452,,https://cdn.shopnorth.example/p/452/3.jpg,Kestrel Eco Indoor Security Camera - view 3,2
1840,452,,https://cdn.shopnorth.example/p/452/4.jpg,Kestrel Eco Indoor Security Camera - view 4,3
1841,452,2127,https://cdn.shopnorth.example/p/452/black.jpg,Kestrel Eco Indoor Security Camera in Black,11
1842,452,2128,https://cdn.shopnorth.example/p/452/charcoal.jpg,Kestrel Eco Indoor Security Camera in Charcoal,12
1843,452,2129,https://cdn.shopnorth.example/p/452/sky-blue.jpg,Kestrel Eco Indoor Security Camera in Sky Blue,13
1844,453,,https://cdn.shopnorth.example/p/453/1.jpg,Saltwater Max Leather Low-Top - view 1,0
1845,453,,https://cdn.shopnorth.example/p/453/2.jpg,Saltwater Max Leather Low-Top - view 2,1
1846,453,,https://cdn.shopnorth.example/p/453/3.jpg,Saltwater Max Leather Low-Top - view 3,2
1847,453,,https://cdn.shopnorth.example/p/453/4.jpg,Saltwater Max Leather Low-Top - view 4,3
1848,453,,https://cdn.shopnorth.example/p/453/5.jpg,Saltwater Max Leather Low-Top - view 5,4
1849,453,2130,https://cdn.shopnorth.example/p/453/sand.jpg,Saltwater Max Leather Low-Top in Sand,11
1850,453,2137,https://cdn.shopnorth.example/p/453/heather-gray.jpg,Saltwater Max Leather Low-Top in Heather Gray,12
1851,454,,https://cdn.shopnorth.example/p/454/1.jpg,Fernway Heritage Toaster Oven - view 1,0
1852,454,,https://cdn.shopnorth.example/p/454/2.jpg,Fernway Heritage Toaster Oven - view 2,1
1853,454,,https://cdn.shopnorth.example/p/454/3.jpg,Fernway Heritage Toaster Oven - view 3,2
1854,454,,https://cdn.shopnorth.example/p/454/4.jpg,Fernway Heritage Toaster Oven - view 4,3
1855,455,,https://cdn.shopnorth.example/p/455/1.jpg,Kinfolk Kitchen Eco Stackable Bins - view 1,0
1856,455,,https://cdn.shopnorth.example/p/455/2.jpg,Kinfolk Kitchen Eco Stackable Bins - view 2,1
1857,455,,https://cdn.shopnorth.example/p/455/3.jpg,Kinfolk Kitchen Eco Stackable Bins - view 3,2
1858,456,,https://cdn.shopnorth.example/p/456/1.jpg,Glowbar Everyday Body Mist - view 1,0
1859,456,,https://cdn.shopnorth.example/p/456/2.jpg,Glowbar Everyday Body Mist - view 2,1
1860,456,,https://cdn.shopnorth.example/p/456/3.jpg,Glowbar Everyday Body Mist - view 3,2
1861,456,,https://cdn.shopnorth.example/p/456/4.jpg,Glowbar Everyday Body Mist - view 4,3
1862,456,,https://cdn.shopnorth.example/p/456/5.jpg,Glowbar Everyday Body Mist - view 5,4
1863,457,,https://cdn.shopnorth.example/p/457/1.jpg,Arcadia Lightweight Slim Fit Jeans - view 1,0
1864,457,,https://cdn.shopnorth.example/p/457/2.jpg,Arcadia Lightweight Slim Fit Jeans - view 2,1
1865,457,,https://cdn.shopnorth.example/p/457/3.jpg,Arcadia Lightweight Slim Fit Jeans - view 3,2
1866,457,2147,https://cdn.shopnorth.example/p/457/heather-gray.jpg,Arcadia Lightweight Slim Fit Jeans in Heather Gray,11
1867,457,2152,https://cdn.shopnorth.example/p/457/navy.jpg,Arcadia Lightweight Slim Fit Jeans in Navy,12
1868,457,2157,https://cdn.shopnorth.example/p/457/blush.jpg,Arcadia Lightweight Slim Fit Jeans in Blush,13
1869,457,2162,https://cdn.shopnorth.example/p/457/forest-green.jpg,Arcadia Lightweight Slim Fit Jeans in Forest Green,14
1870,458,,https://cdn.shopnorth.example/p/458/1.jpg,Juniper Lane Signature Eau de Parfum 50ml - view 1,0
1871,458,,https://cdn.shopnorth.example/p/458/2.jpg,Juniper Lane Signature Eau de Parfum 50ml - view 2,1
1872,458,,https://cdn.shopnorth.example/p/458/3.jpg,Juniper Lane Signature Eau de Parfum 50ml - view 3,2
1873,459,,https://cdn.shopnorth.example/p/459/1.jpg,Solstice Heritage Area Rug - view 1,0
1874,459,,https://cdn.shopnorth.example/p/459/2.jpg,Solstice Heritage Area Rug - view 2,1
1875,459,,https://cdn.shopnorth.example/p/459/3.jpg,Solstice Heritage Area Rug - view 3,2
1876,460,,https://cdn.shopnorth.example/p/460/1.jpg,Solstice Ultra Ribbed Tank - view 1,0
1877,460,,https://cdn.shopnorth.example/p/460/2.jpg,Solstice Ultra Ribbed Tank - view 2,1
1878,460,2169,https://cdn.shopnorth.example/p/460/black.jpg,Solstice Ultra Ribbed Tank in Black,11
1879,460,2175,https://cdn.shopnorth.example/p/460/burgundy.jpg,Solstice Ultra Ribbed Tank in Burgundy,12
1880,461,,https://cdn.shopnorth.example/p/461/1.jpg,Veloce Classic Espresso Machine - view 1,0
1881,461,,https://cdn.shopnorth.example/p/461/2.jpg,Veloce Classic Espresso Machine - view 2,1
1882,462,,https://cdn.shopnorth.example/p/462/1.jpg,Solstice Signature Air Fryer - view 1,0
1883,462,,https://cdn.shopnorth.example/p/462/2.jpg,Solstice Signature Air Fryer - view 2,1
1884,462,,https://cdn.shopnorth.example/p/462/3.jpg,Solstice Signature Air Fryer - view 3,2
1885,462,,https://cdn.shopnorth.example/p/462/4.jpg,Solstice Signature Air Fryer - view 4,3
1886,462,,https://cdn.shopnorth.example/p/462/5.jpg,Solstice Signature Air Fryer - view 5,4
1887,463,,https://cdn.shopnorth.example/p/463/1.jpg,Fable Toys Max Wall Mirror - view 1,0
1888,463,,https://cdn.shopnorth.example/p/463/2.jpg,Fable Toys Max Wall Mirror - view 2,1
1889,464,,https://cdn.shopnorth.example/p/464/1.jpg,Fable Toys Pro Memory Foam Pillow - view 1,0
1890,464,,https://cdn.shopnorth.example/p/464/2.jpg,Fable Toys Pro Memory Foam Pillow - view 2,1
1891,464,,https://cdn.shopnorth.example/p/464/3.jpg,Fable Toys Pro Memory Foam Pillow - view 3,2
1892,465,,https://cdn.shopnorth.example/p/465/1.jpg,Rove Compact Orthopedic Dog Bed - view 1,0
1893,465,,https://cdn.shopnorth.example/p/465/2.jpg,Rove Compact Orthopedic Dog Bed - view 2,1
1894,465,,https://cdn.shopnorth.example/p/465/3.jpg,Rove Compact Orthopedic Dog Bed - view 3,2
1895,466,,https://cdn.shopnorth.example/p/466/1.jpg,Tidewater Pro Chelsea Boot - view 1,0
1896,466,,https://cdn.shopnorth.example/p/466/2.jpg,Tidewater Pro Chelsea Boot - view 2,1
1897,466,,https://cdn.shopnorth.example/p/466/3.jpg,Tidewater Pro Chelsea Boot - view 3,2
1898,466,,https://cdn.shopnorth.example/p/466/4.jpg,Tidewater Pro Chelsea Boot - view 4,3
1899,466,2188,https://cdn.shopnorth.example/p/466/charcoal.jpg,Tidewater Pro Chelsea Boot in Charcoal,11
1900,466,2195,https://cdn.shopnorth.example/p/466/burgundy.jpg,Tidewater Pro Chelsea Boot in Burgundy,12
1901,467,,https://cdn.shopnorth.example/p/467/1.jpg,Voltix Pro Grain-Free Dog Treats - view 1,0
1902,467,,https://cdn.shopnorth.example/p/467/2.jpg,Voltix Pro Grain-Free Dog Treats - view 2,1
1903,468,,https://cdn.shopnorth.example/p/468/1.jpg,Tidewater Compact Memory Foam Pillow - view 1,0
1904,468,,https://cdn.shopnorth.example/p/468/2.jpg,Tidewater Compact Memory Foam Pillow - view 2,1
1905,468,,https://cdn.shopnorth.example/p/468/3.jpg,Tidewater Compact Memory Foam Pillow - view 3,2
1906,468,,https://cdn.shopnorth.example/p/468/4.jpg,Tidewater Compact Memory Foam Pillow - view 4,3
1907,468,,https://cdn.shopnorth.example/p/468/5.jpg,Tidewater Compact Memory Foam Pillow - view 5,4
1908,469,,https://cdn.shopnorth.example/p/469/1.jpg,PawPal Essential Wool Coat - view 1,0
1909,469,,https://cdn.shopnorth.example/p/469/2.jpg,PawPal Essential Wool Coat - view 2,1
1910,469,,https://cdn.shopnorth.example/p/469/3.jpg,PawPal Essential Wool Coat - view 3,2
1911,469,,https://cdn.shopnorth.example/p/469/4.jpg,PawPal Essential Wool Coat - view 4,3
1912,469,,https://cdn.shopnorth.example/p/469/5.jpg,PawPal Essential Wool Coat - view 5,4
1913,469,2207,https://cdn.shopnorth.example/p/469/forest-green.jpg,PawPal Essential Wool Coat in Forest Green,11
1914,469,2213,https://cdn.shopnorth.example/p/469/olive.jpg,PawPal Essential Wool Coat in Olive,12
1915,470,,https://cdn.shopnorth.example/p/470/1.jpg,Voltix Pro Stackable Bins - view 1,0
1916,470,,https://cdn.shopnorth.example/p/470/2.jpg,Voltix Pro Stackable Bins - view 2,1
1917,471,,https://cdn.shopnorth.example/p/471/1.jpg,Kinfolk Kitchen Studio Insulated Water Bottle 32oz - view 1,0
1918,471,,https://cdn.shopnorth.example/p/471/2.jpg,Kinfolk Kitchen Studio Insulated Water Bottle 32oz - view 2,1
1919,471,,https://cdn.shopnorth.example/p/471/3.jpg,Kinfolk Kitchen Studio Insulated Water Bottle 32oz - view 3,2
1920,471,2220,https://cdn.shopnorth.example/p/471/charcoal.jpg,Kinfolk Kitchen Studio Insulated Water Bottle 32oz in Charcoal,11
1921,471,2221,https://cdn.shopnorth.example/p/471/heather-gray.jpg,Kinfolk Kitchen Studio Insulated Water Bottle 32oz in Heather Gray,12
1922,471,2222,https://cdn.shopnorth.example/p/471/white.jpg,Kinfolk Kitchen Studio Insulated Water Bottle 32oz in White,13
1923,471,2223,https://cdn.shopnorth.example/p/471/forest-green.jpg,Kinfolk Kitchen Studio Insulated Water Bottle 32oz in Forest Green,14
1924,472,,https://cdn.shopnorth.example/p/472/1.jpg,Summit Supply Heritage Linen Duvet Cover - view 1,0
1925,472,,https://cdn.shopnorth.example/p/472/2.jpg,Summit Supply Heritage Linen Duvet Cover - view 2,1
1926,473,,https://cdn.shopnorth.example/p/473/1.jpg,Arcadia Compact Over-Ear Headphones - view 1,0
1927,473,,https://cdn.shopnorth.example/p/473/2.jpg,Arcadia Compact Over-Ear Headphones - view 2,1
1928,473,2228,https://cdn.shopnorth.example/p/473/blush.jpg,Arcadia Compact Over-Ear Headphones in Blush,11
1929,473,2229,https://cdn.shopnorth.example/p/473/olive.jpg,Arcadia Compact Over-Ear Headphones in Olive,12
1930,473,2230,https://cdn.shopnorth.example/p/473/charcoal.jpg,Arcadia Compact Over-Ear Headphones in Charcoal,13
1931,473,2231,https://cdn.shopnorth.example/p/473/white.jpg,Arcadia Compact Over-Ear Headphones in White,14
1932,474,,https://cdn.shopnorth.example/p/474/1.jpg,Kestrel Max Nonstick Skillet - view 1,0
1933,474,,https://cdn.shopnorth.example/p/474/2.jpg,Kestrel Max Nonstick Skillet - view 2,1
1934,474,,https://cdn.shopnorth.example/p/474/3.jpg,Kestrel Max Nonstick Skillet - view 3,2
1935,475,,https://cdn.shopnorth.example/p/475/1.jpg,Glowbar Studio Body Mist - view 1,0
1936,475,,https://cdn.shopnorth.example/p/475/2.jpg,Glowbar Studio Body Mist - view 2,1
1937,475,,https://cdn.shopnorth.example/p/475/3.jpg,Glowbar Studio Body Mist - view 3,2
1938,476,,https://cdn.shopnorth.example/p/476/1.jpg,Quill Premium Cropped Sweater - view 1,0
1939,476,,https://cdn.shopnorth.example/p/476/2.jpg,Quill Premium Cropped Sweater - view 2,1
1940,476,2234,https://cdn.shopnorth.example/p/476/forest-green.jpg,Quill Premium Cropped Sweater in Forest Green,11
1941,476,2239,https://cdn.shopnorth.example/p/476/sky-blue.jpg,Quill Premium Cropped Sweater in Sky Blue,12
1942,477,,https://cdn.shopnorth.example/p/477/1.jpg,Seaside Skin Eco Eau de Toilette 100ml - view 1,0
1943,477,,https://cdn.shopnorth.example/p/477/2.jpg,Seaside Skin Eco Eau de Toilette 100ml - view 2,1
1944,477,,https://cdn.shopnorth.example/p/477/3.jpg,Seaside Skin Eco Eau de Toilette 100ml - view 3,2
1945,477,,https://cdn.shopnorth.example/p/477/4.jpg,Seaside Skin Eco Eau de Toilette 100ml - view 4,3
1946,478,,https://cdn.shopnorth.example/p/478/1.jpg,Fable Toys Max Strategy Board Game - view 1,0
1947,478,,https://cdn.shopnorth.example/p/478/2.jpg,Fable Toys Max Strategy Board Game - view 2,1
1948,478,,https://cdn.shopnorth.example/p/478/3.jpg,Fable Toys Max Strategy Board Game - view 3,2
1949,478,,https://cdn.shopnorth.example/p/478/4.jpg,Fable Toys Max Strategy Board Game - view 4,3
1950,479,,https://cdn.shopnorth.example/p/479/1.jpg,Kestrel Max Slide Sandal - view 1,0
1951,479,,https://cdn.shopnorth.example/p/479/2.jpg,Kestrel Max Slide Sandal - view 2,1
1952,479,,https://cdn.shopnorth.example/p/479/3.jpg,Kestrel Max Slide Sandal - view 3,2
1953,479,,https://cdn.shopnorth.example/p/479/4.jpg,Kestrel Max Slide Sandal - view 4,3
1954,479,2246,https://cdn.shopnorth.example/p/479/sand.jpg,Kestrel Max Slide Sandal in Sand,11
1955,479,2253,https://cdn.shopnorth.example/p/479/burgundy.jpg,Kestrel Max Slide Sandal in Burgundy,12
1956,480,,https://cdn.shopnorth.example/p/480/1.jpg,Arcadia Signature Building Block Set - view 1,0
1957,481,,https://cdn.shopnorth.example/p/481/1.jpg,Fable Toys Essential Eau de Parfum 50ml - view 1,0
1958,481,,https://cdn.shopnorth.example/p/481/2.jpg,Fable Toys Essential Eau de Parfum 50ml - view 2,1
1959,481,,https://cdn.shopnorth.example/p/481/3.jpg,Fable Toys Essential Eau de Parfum 50ml - view 3,2
1960,482,,https://cdn.shopnorth.example/p/482/1.jpg,Brightfield Compact Area Rug - view 1,0
1961,482,,https://cdn.shopnorth.example/p/482/2.jpg,Brightfield Compact Area Rug - view 2,1
1962,483,,https://cdn.shopnorth.example/p/483/1.jpg,Veloce Pro Linen Blouse - view 1,0
1963,483,2263,https://cdn.shopnorth.example/p/483/blush.jpg,Veloce Pro Linen Blouse in Blush,11
1964,483,2269,https://cdn.shopnorth.example/p/483/burgundy.jpg,Veloce Pro Linen Blouse in Burgundy,12
1965,483,2275,https://cdn.shopnorth.example/p/483/black.jpg,Veloce Pro Linen Blouse in Black,13
1966,484,,https://cdn.shopnorth.example/p/484/1.jpg,Seaside Skin Ultra Smart Bulb 4-Pack - view 1,0
1967,484,,https://cdn.shopnorth.example/p/484/2.jpg,Seaside Skin Ultra Smart Bulb 4-Pack - view 2,1
1968,484,,https://cdn.shopnorth.example/p/484/3.jpg,Seaside Skin Ultra Smart Bulb 4-Pack - view 3,2
1969,484,,https://cdn.shopnorth.example/p/484/4.jpg,Seaside Skin Ultra Smart Bulb 4-Pack - view 4,3
1970,484,2281,https://cdn.shopnorth.example/p/484/forest-green.jpg,Seaside Skin Ultra Smart Bulb 4-Pack in Forest Green,11
1971,484,2282,https://cdn.shopnorth.example/p/484/charcoal.jpg,Seaside Skin Ultra Smart Bulb 4-Pack in Charcoal,12
1972,485,,https://cdn.shopnorth.example/p/485/1.jpg,Quill Classic Chef's Knife - view 1,0
1973,486,,https://cdn.shopnorth.example/p/486/1.jpg,Lumora Heritage Lip Tint - view 1,0
1974,486,,https://cdn.shopnorth.example/p/486/2.jpg,Lumora Heritage Lip Tint - view 2,1
1975,487,,https://cdn.shopnorth.example/p/487/1.jpg,Juniper Lane Everyday Ceramic Vase - view 1,0
1976,487,,https://cdn.shopnorth.example/p/487/2.jpg,Juniper Lane Everyday Ceramic Vase - view 2,1
1977,487,,https://cdn.shopnorth.example/p/487/3.jpg,Juniper Lane Everyday Ceramic Vase - view 3,2
1978,488,,https://cdn.shopnorth.example/p/488/1.jpg,Trailhead Heritage Ribbed Tank - view 1,0
1979,488,,https://cdn.shopnorth.example/p/488/2.jpg,Trailhead Heritage Ribbed Tank - view 2,1
1980,488,2286,https://cdn.shopnorth.example/p/488/navy.jpg,Trailhead Heritage Ribbed Tank in Navy,11
1981,488,2292,https://cdn.shopnorth.example/p/488/burgundy.jpg,Trailhead Heritage Ribbed Tank in Burgundy,12
1982,488,2297,https://cdn.shopnorth.example/p/488/forest-green.jpg,Trailhead Heritage Ribbed Tank in Forest Green,13
1983,489,,https://cdn.shopnorth.example/p/489/1.jpg,Halcyon Home Heritage Wide Leg Trousers - view 1,0
1984,489,,https://cdn.shopnorth.example/p/489/2.jpg,Halcyon Home Heritage Wide Leg Trousers - view 2,1
1985,489,,https://cdn.shopnorth.example/p/489/3.jpg,Halcyon Home Heritage Wide Leg Trousers - view 3,2
1986,489,,https://cdn.shopnorth.example/p/489/4.jpg,Halcyon Home Heritage Wide Leg Trousers - view 4,3
1987,489,2303,https://cdn.shopnorth.example/p/489/sand.jpg,Halcyon Home Heritage Wide Leg Trousers in Sand,11
1988,489,2309,https://cdn.shopnorth.example/p/489/white.jpg,Halcyon Home Heritage Wide Leg Trousers in White,12
1989,490,,https://cdn.shopnorth.example/p/490/1.jpg,Cinder Everyday Wireless Charger - view 1,0
1990,490,,https://cdn.shopnorth.example/p/490/2.jpg,Cinder Everyday Wireless Charger - view 2,1
1991,490,,https://cdn.shopnorth.example/p/490/3.jpg,Cinder Everyday Wireless Charger - view 3,2
1992,491,,https://cdn.shopnorth.example/p/491/1.jpg,Fable Toys Ultra Mirrorless Camera - view 1,0
1993,491,,https://cdn.shopnorth.example/p/491/2.jpg,Fable Toys Ultra Mirrorless Camera - view 2,1
1994,491,2315,https://cdn.shopnorth.example/p/491/black.jpg,Fable Toys Ultra Mirrorless Camera in Black,11
1995,491,2316,https://cdn.shopnorth.example/p/491/navy.jpg,Fable Toys Ultra Mirrorless Camera in Navy,12
1996,491,2317,https://cdn.shopnorth.example/p/491/olive.jpg,Fable Toys Ultra Mirrorless Camera in Olive,13
1997,491,2318,https://cdn.shopnorth.example/p/491/burgundy.jpg,Fable Toys Ultra Mirrorless Camera in Burgundy,14
1998,492,,https://cdn.shopnorth.example/p/492/1.jpg,Ironbark Eco Vitamin C Serum - view 1,0
1999,492,,https://cdn.shopnorth.example/p/492/2.jpg,Ironbark Eco Vitamin C Serum - view 2,1
2000,493,,https://cdn.shopnorth.example/p/493/1.jpg,Apex Motion Ultra Family Trivia Game - view 1,0
2001,494,,https://cdn.shopnorth.example/p/494/1.jpg,Alder & Pine Heritage Action Camera - view 1,0
2002,494,,https://cdn.shopnorth.example/p/494/2.jpg,Alder & Pine Heritage Action Camera - view 2,1
2003,494,,https://cdn.shopnorth.example/p/494/3.jpg,Alder & Pine Heritage Action Camera - view 3,2
2004,494,,https://cdn.shopnorth.example/p/494/4.jpg,Alder & Pine Heritage Action Camera - view 4,3
2005,494,,https://cdn.shopnorth.example/p/494/5.jpg,Alder & Pine Heritage Action Camera - view 5,4
2006,495,,https://cdn.shopnorth.example/p/495/1.jpg,Urban Nomad Studio Sheet Pan Set - view 1,0
2007,495,2322,https://cdn.shopnorth.example/p/495/burgundy.jpg,Urban Nomad Studio Sheet Pan Set in Burgundy,11
2008,495,2323,https://cdn.shopnorth.example/p/495/heather-gray.jpg,Urban Nomad Studio Sheet Pan Set in Heather Gray,12
2009,495,2324,https://cdn.shopnorth.example/p/495/white.jpg,Urban Nomad Studio Sheet Pan Set in White,13
2010,495,2325,https://cdn.shopnorth.example/p/495/olive.jpg,Urban Nomad Studio Sheet Pan Set in Olive,14
2011,496,,https://cdn.shopnorth.example/p/496/1.jpg,Wren & Co. Eco Resistance Band Set - view 1,0
2012,496,,https://cdn.shopnorth.example/p/496/2.jpg,Wren & Co. Eco Resistance Band Set - view 2,1
2013,496,,https://cdn.shopnorth.example/p/496/3.jpg,Wren & Co. Eco Resistance Band Set - view 3,2
2014,496,,https://cdn.shopnorth.example/p/496/4.jpg,Wren & Co. Eco Resistance Band Set - view 4,3
2015,497,,https://cdn.shopnorth.example/p/497/1.jpg,Ironbark Pro Straight Leg Jeans - view 1,0
2016,497,,https://cdn.shopnorth.example/p/497/2.jpg,Ironbark Pro Straight Leg Jeans - view 2,1
2017,497,2327,https://cdn.shopnorth.example/p/497/blush.jpg,Ironbark Pro Straight Leg Jeans in Blush,11
2018,497,2332,https://cdn.shopnorth.example/p/497/black.jpg,Ironbark Pro Straight Leg Jeans in Black,12
2019,498,,https://cdn.shopnorth.example/p/498/1.jpg,Oakridge Classic Camping Lantern - view 1,0
2020,498,,https://cdn.shopnorth.example/p/498/2.jpg,Oakridge Classic Camping Lantern - view 2,1
2021,499,,https://cdn.shopnorth.example/p/499/1.jpg,Oakridge Eco Retinol Night Cream - view 1,0
2022,500,,https://cdn.shopnorth.example/p/500/1.jpg,Cinder Studio Over-Ear Headphones - view 1,0
2023,500,,https://cdn.shopnorth.example/p/500/2.jpg,Cinder Studio Over-Ear Headphones - view 2,1
2024,500,,https://cdn.shopnorth.example/p/500/3.jpg,Cinder Studio Over-Ear Headphones - view 3,2
2025,500,2339,https://cdn.shopnorth.example/p/500/sand.jpg,Cinder Studio Over-Ear Headphones in Sand,11
2026,500,2340,https://cdn.shopnorth.example/p/500/sky-blue.jpg,Cinder Studio Over-Ear Headphones in Sky Blue,12
2027,501,,https://cdn.shopnorth.example/p/501/1.jpg,Quill Eco Leave-In Conditioner - view 1,0
2028,501,,https://cdn.shopnorth.example/p/501/2.jpg,Quill Eco Leave-In Conditioner - view 2,1
2029,501,,https://cdn.shopnorth.example/p/501/3.jpg,Quill Eco Leave-In Conditioner - view 3,2
2030,501,,https://cdn.shopnorth.example/p/501/4.jpg,Quill Eco Leave-In Conditioner - view 4,3
2031,502,,https://cdn.shopnorth.example/p/502/1.jpg,Solstice Studio Bike Helmet - view 1,0
2032,502,,https://cdn.shopnorth.example/p/502/2.jpg,Solstice Studio Bike Helmet - view 2,1
2033,502,,https://cdn.shopnorth.example/p/502/3.jpg,Solstice Studio Bike Helmet - view 3,2
2034,503,,https://cdn.shopnorth.example/p/503/1.jpg,Solstice Studio Scented Candle - view 1,0
2035,503,,https://cdn.shopnorth.example/p/503/2.jpg,Solstice Studio Scented Candle - view 2,1
2036,504,,https://cdn.shopnorth.example/p/504/1.jpg,Voltix Heritage Wool Coat - view 1,0
2037,504,,https://cdn.shopnorth.example/p/504/2.jpg,Voltix Heritage Wool Coat - view 2,1
2038,504,,https://cdn.shopnorth.example/p/504/3.jpg,Voltix Heritage Wool Coat - view 3,2
2039,504,,https://cdn.shopnorth.example/p/504/4.jpg,Voltix Heritage Wool Coat - view 4,3
2040,504,2344,https://cdn.shopnorth.example/p/504/black.jpg,Voltix Heritage Wool Coat in Black,11
2041,504,2350,https://cdn.shopnorth.example/p/504/navy.jpg,Voltix Heritage Wool Coat in Navy,12
2042,505,,https://cdn.shopnorth.example/p/505/1.jpg,Juniper Lane Premium Adjustable Dumbbells - view 1,0
2043,506,,https://cdn.shopnorth.example/p/506/1.jpg,Fable Toys Premium High-Waist Leggings - view 1,0
2044,506,,https://cdn.shopnorth.example/p/506/2.jpg,Fable Toys Premium High-Waist Leggings - view 2,1
2045,506,2357,https://cdn.shopnorth.example/p/506/charcoal.jpg,Fable Toys Premium High-Waist Leggings in Charcoal,11
2046,506,2363,https://cdn.shopnorth.example/p/506/olive.jpg,Fable Toys Premium High-Waist Leggings in Olive,12
2047,507,,https://cdn.shopnorth.example/p/507/1.jpg,Arcadia Signature Eau de Parfum 50ml - view 1,0
2048,507,,https://cdn.shopnorth.example/p/507/2.jpg,Arcadia Signature Eau de Parfum 50ml - view 2,1
2049,507,,https://cdn.shopnorth.example/p/507/3.jpg,Arcadia Signature Eau de Parfum 50ml - view 3,2
2050,507,,https://cdn.shopnorth.example/p/507/4.jpg,Arcadia Signature Eau de Parfum 50ml - view 4,3
2051,507,,https://cdn.shopnorth.example/p/507/5.jpg,Arcadia Signature Eau de Parfum 50ml - view 5,4
2052,508,,https://cdn.shopnorth.example/p/508/1.jpg,Tidewater Heritage Ribbed Tank - view 1,0
2053,508,,https://cdn.shopnorth.example/p/508/2.jpg,Tidewater Heritage Ribbed Tank - view 2,1
2054,508,,https://cdn.shopnorth.example/p/508/3.jpg,Tidewater Heritage Ribbed Tank - view 3,2
2055,508,,https://cdn.shopnorth.example/p/508/4.jpg,Tidewater Heritage Ribbed Tank - view 4,3
2056,508,2369,https://cdn.shopnorth.example/p/508/burgundy.jpg,Tidewater Heritage Ribbed Tank in Burgundy,11
2057,509,,https://cdn.shopnorth.example/p/509/1.jpg,Mosaic Kids Everyday Water Blaster - view 1,0
2058,510,,https://cdn.shopnorth.example/p/510/1.jpg,Everkind Pro High-Waist Leggings - view 1,0
2059,510,2375,https://cdn.shopnorth.example/p/510/blush.jpg,Everkind Pro High-Waist Leggings in Blush,11
2060,510,2380,https://cdn.shopnorth.example/p/510/burgundy.jpg,Everkind Pro High-Waist Leggings in Burgundy,12
2061,510,2385,https://cdn.shopnorth.example/p/510/olive.jpg,Everkind Pro High-Waist Leggings in Olive,13
2062,511,,https://cdn.shopnorth.example/p/511/1.jpg,Stratus Max Over-Ear Headphones - view 1,0
2063,511,,https://cdn.shopnorth.example/p/511/2.jpg,Stratus Max Over-Ear Headphones - view 2,1
2064,511,,https://cdn.shopnorth.example/p/511/3.jpg,Stratus Max Over-Ear Headphones - view 3,2
2065,511,,https://cdn.shopnorth.example/p/511/4.jpg,Stratus Max Over-Ear Headphones - view 4,3
2066,511,,https://cdn.shopnorth.example/p/511/5.jpg,Stratus Max Over-Ear Headphones - view 5,4
2067,511,2390,https://cdn.shopnorth.example/p/511/navy.jpg,Stratus Max Over-Ear Headphones in Navy,11
2068,511,2391,https://cdn.shopnorth.example/p/511/forest-green.jpg,Stratus Max Over-Ear Headphones in Forest Green,12
2069,511,2392,https://cdn.shopnorth.example/p/511/sand.jpg,Stratus Max Over-Ear Headphones in Sand,13
2070,512,,https://cdn.shopnorth.example/p/512/1.jpg,Apex Motion Heritage Noise Cancelling Headphones - view 1,0
2071,512,,https://cdn.shopnorth.example/p/512/2.jpg,Apex Motion Heritage Noise Cancelling Headphones - view 2,1
2072,512,,https://cdn.shopnorth.example/p/512/3.jpg,Apex Motion Heritage Noise Cancelling Headphones - view 3,2
2073,512,,https://cdn.shopnorth.example/p/512/4.jpg,Apex Motion Heritage Noise Cancelling Headphones - view 4,3
2074,512,,https://cdn.shopnorth.example/p/512/5.jpg,Apex Motion Heritage Noise Cancelling Headphones - view 5,4
2075,512,2393,https://cdn.shopnorth.example/p/512/burgundy.jpg,Apex Motion Heritage Noise Cancelling Headphones in Burgundy,11
2076,512,2394,https://cdn.shopnorth.example/p/512/olive.jpg,Apex Motion Heritage Noise Cancelling Headphones in Olive,12
2077,513,,https://cdn.shopnorth.example/p/513/1.jpg,Ember & Oak Studio Party Card Game - view 1,0
2078,513,,https://cdn.shopnorth.example/p/513/2.jpg,Ember & Oak Studio Party Card Game - view 2,1
2079,513,,https://cdn.shopnorth.example/p/513/3.jpg,Ember & Oak Studio Party Card Game - view 3,2
2080,513,,https://cdn.shopnorth.example/p/513/4.jpg,Ember & Oak Studio Party Card Game - view 4,3
2081,513,,https://cdn.shopnorth.example/p/513/5.jpg,Ember & Oak Studio Party Card Game - view 5,4
2082,514,,https://cdn.shopnorth.example/p/514/1.jpg,Lumora Studio 1000-Piece Puzzle - view 1,0
2083,514,,https://cdn.shopnorth.example/p/514/2.jpg,Lumora Studio 1000-Piece Puzzle - view 2,1
2084,514,,https://cdn.shopnorth.example/p/514/3.jpg,Lumora Studio 1000-Piece Puzzle - view 3,2
2085,515,,https://cdn.shopnorth.example/p/515/1.jpg,Veloce Pro Training Shorts - view 1,0
2086,515,,https://cdn.shopnorth.example/p/515/2.jpg,Veloce Pro Training Shorts - view 2,1
2087,515,2397,https://cdn.shopnorth.example/p/515/burgundy.jpg,Veloce Pro Training Shorts in Burgundy,11
2088,515,2403,https://cdn.shopnorth.example/p/515/sky-blue.jpg,Veloce Pro Training Shorts in Sky Blue,12
2089,516,,https://cdn.shopnorth.example/p/516/1.jpg,Veloce Ultra Flip Flop - view 1,0
2090,516,,https://cdn.shopnorth.example/p/516/2.jpg,Veloce Ultra Flip Flop - view 2,1
2091,516,,https://cdn.shopnorth.example/p/516/3.jpg,Veloce Ultra Flip Flop - view 3,2
2092,516,2409,https://cdn.shopnorth.example/p/516/forest-green.jpg,Veloce Ultra Flip Flop in Forest Green,11
2093,517,,https://cdn.shopnorth.example/p/517/1.jpg,Kestrel Max Mascara - view 1,0
2094,517,,https://cdn.shopnorth.example/p/517/2.jpg,Kestrel Max Mascara - view 2,1
2095,517,,https://cdn.shopnorth.example/p/517/3.jpg,Kestrel Max Mascara - view 3,2
2096,517,,https://cdn.shopnorth.example/p/517/4.jpg,Kestrel Max Mascara - view 4,3
2097,517,,https://cdn.shopnorth.example/p/517/5.jpg,Kestrel Max Mascara - view 5,4
2098,518,,https://cdn.shopnorth.example/p/518/1.jpg,Nimbus Tech Pro Stainless Steel Cookware Set - view 1,0
2099,518,,https://cdn.shopnorth.example/p/518/2.jpg,Nimbus Tech Pro Stainless Steel Cookware Set - view 2,1
2100,518,2417,https://cdn.shopnorth.example/p/518/burgundy.jpg,Nimbus Tech Pro Stainless Steel Cookware Set in Burgundy,11
2101,518,2418,https://cdn.shopnorth.example/p/518/sky-blue.jpg,Nimbus Tech Pro Stainless Steel Cookware Set in Sky Blue,12
2102,518,2419,https://cdn.shopnorth.example/p/518/heather-gray.jpg,Nimbus Tech Pro Stainless Steel Cookware Set in Heather Gray,13
2103,518,2420,https://cdn.shopnorth.example/p/518/sand.jpg,Nimbus Tech Pro Stainless Steel Cookware Set in Sand,14
2104,519,,https://cdn.shopnorth.example/p/519/1.jpg,Ember & Oak Compact Party Card Game - view 1,0
2105,519,,https://cdn.shopnorth.example/p/519/2.jpg,Ember & Oak Compact Party Card Game - view 2,1
2106,519,,https://cdn.shopnorth.example/p/519/3.jpg,Ember & Oak Compact Party Card Game - view 3,2
2107,519,,https://cdn.shopnorth.example/p/519/4.jpg,Ember & Oak Compact Party Card Game - view 4,3
2108,520,,https://cdn.shopnorth.example/p/520/1.jpg,Stratus Lightweight Wireless Charger - view 1,0
2109,520,,https://cdn.shopnorth.example/p/520/2.jpg,Stratus Lightweight Wireless Charger - view 2,1
2110,520,,https://cdn.shopnorth.example/p/520/3.jpg,Stratus Lightweight Wireless Charger - view 3,2
2111,520,,https://cdn.shopnorth.example/p/520/4.jpg,Stratus Lightweight Wireless Charger - view 4,3
2112,521,,https://cdn.shopnorth.example/p/521/1.jpg,Everkind Max Down Alternative Comforter - view 1,0
2113,521,,https://cdn.shopnorth.example/p/521/2.jpg,Everkind Max Down Alternative Comforter - view 2,1
2114,521,,https://cdn.shopnorth.example/p/521/3.jpg,Everkind Max Down Alternative Comforter - view 3,2
2115,521,,https://cdn.shopnorth.example/p/521/4.jpg,Everkind Max Down Alternative Comforter - view 4,3
2116,522,,https://cdn.shopnorth.example/p/522/1.jpg,Cobalt Audio Premium Building Block Set - view 1,0
2117,523,,https://cdn.shopnorth.example/p/523/1.jpg,Tidewater Lightweight Cast Iron Dutch Oven - view 1,0
2118,523,,https://cdn.shopnorth.example/p/523/2.jpg,Tidewater Lightweight Cast Iron Dutch Oven - view 2,1
2119,523,,https://cdn.shopnorth.example/p/523/3.jpg,Tidewater Lightweight Cast Iron Dutch Oven - view 3,2
2120,523,2428,https://cdn.shopnorth.example/p/523/forest-green.jpg,Tidewater Lightweight Cast Iron Dutch Oven in Forest Green,11
2121,523,2429,https://cdn.shopnorth.example/p/523/sand.jpg,Tidewater Lightweight Cast Iron Dutch Oven in Sand,12
2122,524,,https://cdn.shopnorth.example/p/524/1.jpg,Juniper Lane Essential Slide Sandal - view 1,0
2123,524,,https://cdn.shopnorth.example/p/524/2.jpg,Juniper Lane Essential Slide Sandal - view 2,1
2124,524,,https://cdn.shopnorth.example/p/524/3.jpg,Juniper Lane Essential Slide Sandal - view 3,2
2125,524,,https://cdn.shopnorth.example/p/524/4.jpg,Juniper Lane Essential Slide Sandal - view 4,3
2126,524,,https://cdn.shopnorth.example/p/524/5.jpg,Juniper Lane Essential Slide Sandal - view 5,4
2127,524,2430,https://cdn.shopnorth.example/p/524/navy.jpg,Juniper Lane Essential Slide Sandal in Navy,11
2128,524,2437,https://cdn.shopnorth.example/p/524/white.jpg,Juniper Lane Essential Slide Sandal in White,12
2129,525,,https://cdn.shopnorth.example/p/525/1.jpg,Stratus Lightweight Foam Roller - view 1,0
2130,526,,https://cdn.shopnorth.example/p/526/1.jpg,Harbor Goods Ultra Hoodie - view 1,0
2131,526,,https://cdn.shopnorth.example/p/526/2.jpg,Harbor Goods Ultra Hoodie - view 2,1
2132,526,,https://cdn.shopnorth.example/p/526/3.jpg,Harbor Goods Ultra Hoodie - view 3,2
2133,526,2445,https://cdn.shopnorth.example/p/526/black.jpg,Harbor Goods Ultra Hoodie in Black,11
2134,526,2451,https://cdn.shopnorth.example/p/526/heather-gray.jpg,Harbor Goods Ultra Hoodie in Heather Gray,12
2135,527,,https://cdn.shopnorth.example/p/527/1.jpg,Everkind Max Slip-On Sneaker - view 1,0
2136,527,,https://cdn.shopnorth.example/p/527/2.jpg,Everkind Max Slip-On Sneaker - view 2,1
2137,527,,https://cdn.shopnorth.example/p/527/3.jpg,Everkind Max Slip-On Sneaker - view 3,2
2138,527,2456,https://cdn.shopnorth.example/p/527/forest-green.jpg,Everkind Max Slip-On Sneaker in Forest Green,11
2139,527,2463,https://cdn.shopnorth.example/p/527/olive.jpg,Everkind Max Slip-On Sneaker in Olive,12
2140,528,,https://cdn.shopnorth.example/p/528/1.jpg,Summit Supply Pro Sports Bra - view 1,0
2141,528,,https://cdn.shopnorth.example/p/528/2.jpg,Summit Supply Pro Sports Bra - view 2,1
2142,528,,https://cdn.shopnorth.example/p/528/3.jpg,Summit Supply Pro Sports Bra - view 3,2
2143,528,,https://cdn.shopnorth.example/p/528/4.jpg,Summit Supply Pro Sports Bra - view 4,3
2144,528,,https://cdn.shopnorth.example/p/528/5.jpg,Summit Supply Pro Sports Bra - view 5,4
2145,528,2470,https://cdn.shopnorth.example/p/528/burgundy.jpg,Summit Supply Pro Sports Bra in Burgundy,11
2146,528,2475,https://cdn.shopnorth.example/p/528/sky-blue.jpg,Summit Supply Pro Sports Bra in Sky Blue,12
2147,528,2481,https://cdn.shopnorth.example/p/528/olive.jpg,Summit Supply Pro Sports Bra in Olive,13
2148,529,,https://cdn.shopnorth.example/p/529/1.jpg,Solstice Lightweight Ceramic Vase - view 1,0
2149,529,,https://cdn.shopnorth.example/p/529/2.jpg,Solstice Lightweight Ceramic Vase - view 2,1
2150,530,,https://cdn.shopnorth.example/p/530/1.jpg,Arcadia Signature Drawer Organizer - view 1,0
2151,530,,https://cdn.shopnorth.example/p/530/2.jpg,Arcadia Signature Drawer Organizer - view 2,1
2152,530,,https://cdn.shopnorth.example/p/530/3.jpg,Arcadia Signature Drawer Organizer - view 3,2
2153,531,,https://cdn.shopnorth.example/p/531/1.jpg,Seaside Skin Max Performance Polo - view 1,0
2154,531,2489,https://cdn.shopnorth.example/p/531/charcoal.jpg,Seaside Skin Max Performance Polo in Charcoal,11
2155,532,,https://cdn.shopnorth.example/p/532/1.jpg,Nimbus Tech Classic 1000-Piece Puzzle - view 1,0
2156,532,,https://cdn.shopnorth.example/p/532/2.jpg,Nimbus Tech Classic 1000-Piece Puzzle - view 2,1
2157,532,,https://cdn.shopnorth.example/p/532/3.jpg,Nimbus Tech Classic 1000-Piece Puzzle - view 3,2
2158,533,,https://cdn.shopnorth.example/p/533/1.jpg,Juniper Lane Ultra Sport Earbuds - view 1,0
2159,533,,https://cdn.shopnorth.example/p/533/2.jpg,Juniper Lane Ultra Sport Earbuds - view 2,1
2160,533,,https://cdn.shopnorth.example/p/533/3.jpg,Juniper Lane Ultra Sport Earbuds - view 3,2
2161,533,2495,https://cdn.shopnorth.example/p/533/black.jpg,Juniper Lane Ultra Sport Earbuds in Black,11
2162,533,2496,https://cdn.shopnorth.example/p/533/white.jpg,Juniper Lane Ultra Sport Earbuds in White,12
2163,534,,https://cdn.shopnorth.example/p/534/1.jpg,Marlowe Classic LED Bike Light Set - view 1,0
2164,534,,https://cdn.shopnorth.example/p/534/2.jpg,Marlowe Classic LED Bike Light Set - view 2,1
2165,535,,https://cdn.shopnorth.example/p/535/1.jpg,Cobalt Audio Studio Wireless Charger - view 1,0
2166,535,,https://cdn.shopnorth.example/p/535/2.jpg,Cobalt Audio Studio Wireless Charger - view 2,1
2167,535,,https://cdn.shopnorth.example/p/535/3.jpg,Cobalt Audio Studio Wireless Charger - view 3,2
2168,535,,https://cdn.shopnorth.example/p/535/4.jpg,Cobalt Audio Studio Wireless Charger - view 4,3
2169,536,,https://cdn.shopnorth.example/p/536/1.jpg,Kinfolk Kitchen Signature Nonstick Skillet - view 1,0
2170,536,2499,https://cdn.shopnorth.example/p/536/blush.jpg,Kinfolk Kitchen Signature Nonstick Skillet in Blush,11
2171,536,2500,https://cdn.shopnorth.example/p/536/black.jpg,Kinfolk Kitchen Signature Nonstick Skillet in Black,12
2172,537,,https://cdn.shopnorth.example/p/537/1.jpg,Fernway Signature Water Blaster - view 1,0
2173,537,,https://cdn.shopnorth.example/p/537/2.jpg,Fernway Signature Water Blaster - view 2,1
2174,537,,https://cdn.shopnorth.example/p/537/3.jpg,Fernway Signature Water Blaster - view 3,2
2175,538,,https://cdn.shopnorth.example/p/538/1.jpg,Lumora Classic Linen Blouse - view 1,0
2176,538,2502,https://cdn.shopnorth.example/p/538/olive.jpg,Lumora Classic Linen Blouse in Olive,11
2177,538,2508,https://cdn.shopnorth.example/p/538/forest-green.jpg,Lumora Classic Linen Blouse in Forest Green,12
2178,538,2514,https://cdn.shopnorth.example/p/538/navy.jpg,Lumora Classic Linen Blouse in Navy,13
2179,538,2520,https://cdn.shopnorth.example/p/538/heather-gray.jpg,Lumora Classic Linen Blouse in Heather Gray,14
2180,539,,https://cdn.shopnorth.example/p/539/1.jpg,Marlowe Classic Indoor Security Camera - view 1,0
2181,539,,https://cdn.shopnorth.example/p/539/2.jpg,Marlowe Classic Indoor Security Camera - view 2,1
2182,539,2525,https://cdn.shopnorth.example/p/539/navy.jpg,Marlowe Classic Indoor Security Camera in Navy,11
2183,539,2526,https://cdn.shopnorth.example/p/539/sand.jpg,Marlowe Classic Indoor Security Camera in Sand,12
2184,539,2527,https://cdn.shopnorth.example/p/539/heather-gray.jpg,Marlowe Classic Indoor Security Camera in Heather Gray,13
2185,539,2528,https://cdn.shopnorth.example/p/539/sky-blue.jpg,Marlowe Classic Indoor Security Camera in Sky Blue,14
2186,540,,https://cdn.shopnorth.example/p/540/1.jpg,Arcadia Studio Action Camera - view 1,0
2187,540,,https://cdn.shopnorth.example/p/540/2.jpg,Arcadia Studio Action Camera - view 2,1
2188,540,2529,https://cdn.shopnorth.example/p/540/heather-gray.jpg,Arcadia Studio Action Camera in Heather Gray,11
2189,540,2530,https://cdn.shopnorth.example/p/540/navy.jpg,Arcadia Studio Action Camera in Navy,12
2190,540,2531,https://cdn.shopnorth.example/p/540/blush.jpg,Arcadia Studio Action Camera in Blush,13
2191,541,,https://cdn.shopnorth.example/p/541/1.jpg,Ember & Oak Premium Joggers - view 1,0
2192,541,,https://cdn.shopnorth.example/p/541/2.jpg,Ember & Oak Premium Joggers - view 2,1
2193,541,,https://cdn.shopnorth.example/p/541/3.jpg,Ember & Oak Premium Joggers - view 3,2
2194,541,,https://cdn.shopnorth.example/p/541/4.jpg,Ember & Oak Premium Joggers - view 4,3
2195,541,,https://cdn.shopnorth.example/p/541/5.jpg,Ember & Oak Premium Joggers - view 5,4
2196,541,2532,https://cdn.shopnorth.example/p/541/navy.jpg,Ember & Oak Premium Joggers in Navy,11
2197,542,,https://cdn.shopnorth.example/p/542/1.jpg,Nimbus Tech Studio MagSafe Phone Case - view 1,0
2198,542,,https://cdn.shopnorth.example/p/542/2.jpg,Nimbus Tech Studio MagSafe Phone Case - view 2,1
2199,542,2537,https://cdn.shopnorth.example/p/542/burgundy.jpg,Nimbus Tech Studio MagSafe Phone Case in Burgundy,11
2200,542,2538,https://cdn.shopnorth.example/p/542/white.jpg,Nimbus Tech Studio MagSafe Phone Case in White,12
2201,542,2539,https://cdn.shopnorth.example/p/542/sand.jpg,Nimbus Tech Studio MagSafe Phone Case in Sand,13
2202,542,2540,https://cdn.shopnorth.example/p/542/navy.jpg,Nimbus Tech Studio MagSafe Phone Case in Navy,14
2203,543,,https://cdn.shopnorth.example/p/543/1.jpg,Alder & Pine Premium Cushioned Running Shoe - view 1,0
2204,543,2541,https://cdn.shopnorth.example/p/543/blush.jpg,Alder & Pine Premium Cushioned Running Shoe in Blush,11
2205,543,2548,https://cdn.shopnorth.example/p/543/white.jpg,Alder & Pine Premium Cushioned Running Shoe in White,12
2206,544,,https://cdn.shopnorth.example/p/544/1.jpg,Ironbark Heritage Trail Running Shoe - view 1,0
2207,544,2555,https://cdn.shopnorth.example/p/544/olive.jpg,Ironbark Heritage Trail Running Shoe in Olive,11
2208,544,2562,https://cdn.shopnorth.example/p/544/sand.jpg,Ironbark Heritage Trail Running Shoe in Sand,12
2209,545,,https://cdn.shopnorth.example/p/545/1.jpg,Solstice Ultra Magnetic Tiles - view 1,0
2210,545,,https://cdn.shopnorth.example/p/545/2.jpg,Solstice Ultra Magnetic Tiles - view 2,1
2211,546,,https://cdn.shopnorth.example/p/546/1.jpg,Marlowe Compact Strategy Board Game - view 1,0
2212,546,,https://cdn.shopnorth.example/p/546/2.jpg,Marlowe Compact Strategy Board Game - view 2,1
2213,546,,https://cdn.shopnorth.example/p/546/3.jpg,Marlowe Compact Strategy Board Game - view 3,2
2214,546,,https://cdn.shopnorth.example/p/546/4.jpg,Marlowe Compact Strategy Board Game - view 4,3
2215,546,,https://cdn.shopnorth.example/p/546/5.jpg,Marlowe Compact Strategy Board Game - view 5,4
2216,547,,https://cdn.shopnorth.example/p/547/1.jpg,Tidewater Heritage Lip Tint - view 1,0
2217,547,,https://cdn.shopnorth.example/p/547/2.jpg,Tidewater Heritage Lip Tint - view 2,1
2218,547,,https://cdn.shopnorth.example/p/547/3.jpg,Tidewater Heritage Lip Tint - view 3,2
2219,547,,https://cdn.shopnorth.example/p/547/4.jpg,Tidewater Heritage Lip Tint - view 4,3
2220,547,,https://cdn.shopnorth.example/p/547/5.jpg,Tidewater Heritage Lip Tint - view 5,4
2221,548,,https://cdn.shopnorth.example/p/548/1.jpg,Trailhead Ultra Self-Cleaning Litter Box - view 1,0
2222,549,,https://cdn.shopnorth.example/p/549/1.jpg,Voltix Eco V-Neck Tee - view 1,0
2223,549,,https://cdn.shopnorth.example/p/549/2.jpg,Voltix Eco V-Neck Tee - view 2,1
2224,549,,https://cdn.shopnorth.example/p/549/3.jpg,Voltix Eco V-Neck Tee - view 3,2
2225,549,,https://cdn.shopnorth.example/p/549/4.jpg,Voltix Eco V-Neck Tee - view 4,3
2226,549,2573,https://cdn.shopnorth.example/p/549/olive.jpg,Voltix Eco V-Neck Tee in Olive,11
2227,549,2578,https://cdn.shopnorth.example/p/549/blush.jpg,Voltix Eco V-Neck Tee in Blush,12
2228,550,,https://cdn.shopnorth.example/p/550/1.jpg,Glowbar Premium Mascara - view 1,0
2229,550,,https://cdn.shopnorth.example/p/550/2.jpg,Glowbar Premium Mascara - view 2,1
2230,551,,https://cdn.shopnorth.example/p/551/1.jpg,Trailhead Eco Eau de Toilette 100ml - view 1,0
2231,552,,https://cdn.shopnorth.example/p/552/1.jpg,Solstice Eco Insulated Water Bottle 32oz - view 1,0
2232,552,,https://cdn.shopnorth.example/p/552/2.jpg,Solstice Eco Insulated Water Bottle 32oz - view 2,1
2233,553,,https://cdn.shopnorth.example/p/553/1.jpg,PawPal Heritage LED Bike Light Set - view 1,0
2234,554,,https://cdn.shopnorth.example/p/554/1.jpg,Quill Studio Ceramic Vase - view 1,0
2235,554,,https://cdn.shopnorth.example/p/554/2.jpg,Quill Studio Ceramic Vase - view 2,1
2236,554,,https://cdn.shopnorth.example/p/554/3.jpg,Quill Studio Ceramic Vase - view 3,2
2237,554,,https://cdn.shopnorth.example/p/554/4.jpg,Quill Studio Ceramic Vase - view 4,3
2238,554,,https://cdn.shopnorth.example/p/554/5.jpg,Quill Studio Ceramic Vase - view 5,4
2239,555,,https://cdn.shopnorth.example/p/555/1.jpg,Wren & Co. Lightweight Puffer Jacket - view 1,0
2240,555,,https://cdn.shopnorth.example/p/555/2.jpg,Wren & Co. Lightweight Puffer Jacket - view 2,1
2241,555,,https://cdn.shopnorth.example/p/555/3.jpg,Wren & Co. Lightweight Puffer Jacket - view 3,2
2242,555,,https://cdn.shopnorth.example/p/555/4.jpg,Wren & Co. Lightweight Puffer Jacket - view 4,3
2243,555,2589,https://cdn.shopnorth.example/p/555/charcoal.jpg,Wren & Co. Lightweight Puffer Jacket in Charcoal,11
2244,556,,https://cdn.shopnorth.example/p/556/1.jpg,Cinder Heritage Smart Thermostat - view 1,0
2245,556,,https://cdn.shopnorth.example/p/556/2.jpg,Cinder Heritage Smart Thermostat - view 2,1
2246,556,2595,https://cdn.shopnorth.example/p/556/sky-blue.jpg,Cinder Heritage Smart Thermostat in Sky Blue,11
2247,556,2596,https://cdn.shopnorth.example/p/556/heather-gray.jpg,Cinder Heritage Smart Thermostat in Heather Gray,12
2248,557,,https://cdn.shopnorth.example/p/557/1.jpg,Voltix Essential Down Alternative Comforter - view 1,0
2249,557,,https://cdn.shopnorth.example/p/557/2.jpg,Voltix Essential Down Alternative Comforter - view 2,1
2250,558,,https://cdn.shopnorth.example/p/558/1.jpg,Halcyon Home Studio Trail Running Shoe - view 1,0
2251,558,,https://cdn.shopnorth.example/p/558/2.jpg,Halcyon Home Studio Trail Running Shoe - view 2,1
2252,558,2601,https://cdn.shopnorth.example/p/558/white.jpg,Halcyon Home Studio Trail Running Shoe in White,11
2253,559,,https://cdn.shopnorth.example/p/559/1.jpg,Northwind Classic Ceramic Vase - view 1,0
2254,559,,https://cdn.shopnorth.example/p/559/2.jpg,Northwind Classic Ceramic Vase - view 2,1
2255,559,,https://cdn.shopnorth.example/p/559/3.jpg,Northwind Classic Ceramic Vase - view 3,2
2256,560,,https://cdn.shopnorth.example/p/560/1.jpg,Ironbark Max Leather Low-Top - view 1,0
2257,560,2609,https://cdn.shopnorth.example/p/560/burgundy.jpg,Ironbark Max Leather Low-Top in Burgundy,11
2258,561,,https://cdn.shopnorth.example/p/561/1.jpg,Marlowe Lightweight Joggers - view 1,0
2259,561,,https://cdn.shopnorth.example/p/561/2.jpg,Marlowe Lightweight Joggers - view 2,1
2260,561,,https://cdn.shopnorth.example/p/561/3.jpg,Marlowe Lightweight Joggers - view 3,2
2261,561,,https://cdn.shopnorth.example/p/561/4.jpg,Marlowe Lightweight Joggers - view 4,3
2262,561,2616,https://cdn.shopnorth.example/p/561/sand.jpg,Marlowe Lightweight Joggers in Sand,11
2263,562,,https://cdn.shopnorth.example/p/562/1.jpg,"Everkind Premium 11"" Tablet - view 1",0
2264,562,,https://cdn.shopnorth.example/p/562/2.jpg,"Everkind Premium 11"" Tablet - view 2",1
2265,562,2622,https://cdn.shopnorth.example/p/562/silver.jpg,"Everkind Premium 11"" Tablet in Silver",11
2266,562,2624,https://cdn.shopnorth.example/p/562/space-gray.jpg,"Everkind Premium 11"" Tablet in Space Gray",12
2267,563,,https://cdn.shopnorth.example/p/563/1.jpg,Arcadia Ultra V-Neck Tee - view 1,0
2268,563,,https://cdn.shopnorth.example/p/563/2.jpg,Arcadia Ultra V-Neck Tee - view 2,1
2269,563,,https://cdn.shopnorth.example/p/563/3.jpg,Arcadia Ultra V-Neck Tee - view 3,2
2270,563,2626,https://cdn.shopnorth.example/p/563/charcoal.jpg,Arcadia Ultra V-Neck Tee in Charcoal,11
2271,563,2632,https://cdn.shopnorth.example/p/563/forest-green.jpg,Arcadia Ultra V-Neck Tee in Forest Green,12
2272,564,,https://cdn.shopnorth.example/p/564/1.jpg,Harbor Goods Ultra Canvas Sneaker - view 1,0
2273,564,,https://cdn.shopnorth.example/p/564/2.jpg,Harbor Goods Ultra Canvas Sneaker - view 2,1
2274,564,2638,https://cdn.shopnorth.example/p/564/burgundy.jpg,Harbor Goods Ultra Canvas Sneaker in Burgundy,11
2275,564,2645,https://cdn.shopnorth.example/p/564/heather-gray.jpg,Harbor Goods Ultra Canvas Sneaker in Heather Gray,12
2276,565,,https://cdn.shopnorth.example/p/565/1.jpg,Urban Nomad Signature Strategy Board Game - view 1,0
2277,565,,https://cdn.shopnorth.example/p/565/2.jpg,Urban Nomad Signature Strategy Board Game - view 2,1
2278,565,,https://cdn.shopnorth.example/p/565/3.jpg,Urban Nomad Signature Strategy Board Game - view 3,2
2279,566,,https://cdn.shopnorth.example/p/566/1.jpg,Harbor Goods Pro Toaster Oven - view 1,0
2280,566,,https://cdn.shopnorth.example/p/566/2.jpg,Harbor Goods Pro Toaster Oven - view 2,1
2281,566,,https://cdn.shopnorth.example/p/566/3.jpg,Harbor Goods Pro Toaster Oven - view 3,2
2282,566,,https://cdn.shopnorth.example/p/566/4.jpg,Harbor Goods Pro Toaster Oven - view 4,3
2283,567,,https://cdn.shopnorth.example/p/567/1.jpg,Apex Motion Heritage Slip-On Sneaker - view 1,0
2284,567,,https://cdn.shopnorth.example/p/567/2.jpg,Apex Motion Heritage Slip-On Sneaker - view 2,1
2285,567,,https://cdn.shopnorth.example/p/567/3.jpg,Apex Motion Heritage Slip-On Sneaker - view 3,2
2286,567,2654,https://cdn.shopnorth.example/p/567/sky-blue.jpg,Apex Motion Heritage Slip-On Sneaker in Sky Blue,11
2287,567,2661,https://cdn.shopnorth.example/p/567/olive.jpg,Apex Motion Heritage Slip-On Sneaker in Olive,12
2288,568,,https://cdn.shopnorth.example/p/568/1.jpg,Stratus Signature Waterproof Winter Boot - view 1,0
2289,568,2668,https://cdn.shopnorth.example/p/568/black.jpg,Stratus Signature Waterproof Winter Boot in Black,11
2290,569,,https://cdn.shopnorth.example/p/569/1.jpg,Saltwater Studio Rain Shell - view 1,0
2291,569,,https://cdn.shopnorth.example/p/569/2.jpg,Saltwater Studio Rain Shell - view 2,1
2292,569,,https://cdn.shopnorth.example/p/569/3.jpg,Saltwater Studio Rain Shell - view 3,2
2293,569,,https://cdn.shopnorth.example/p/569/4.jpg,Saltwater Studio Rain Shell - view 4,3
2294,569,2675,https://cdn.shopnorth.example/p/569/forest-green.jpg,Saltwater Studio Rain Shell in Forest Green,11
2295,570,,https://cdn.shopnorth.example/p/570/1.jpg,Harbor Goods Everyday Wool Coat - view 1,0
2296,570,2680,https://cdn.shopnorth.example/p/570/olive.jpg,Harbor Goods Everyday Wool Coat in Olive,11
2297,570,2686,https://cdn.shopnorth.example/p/570/blush.jpg,Harbor Goods Everyday Wool Coat in Blush,12
2298,571,,https://cdn.shopnorth.example/p/571/1.jpg,Saltwater Everyday Foam Roller - view 1,0
2299,572,,https://cdn.shopnorth.example/p/572/1.jpg,Veloce Ultra Chew Toy - view 1,0
2300,572,,https://cdn.shopnorth.example/p/572/2.jpg,Veloce Ultra Chew Toy - view 2,1
2301,572,,https://cdn.shopnorth.example/p/572/3.jpg,Veloce Ultra Chew Toy - view 3,2
2302,573,,https://cdn.shopnorth.example/p/573/1.jpg,Brightfield Essential Espresso Machine - view 1,0
2303,573,,https://cdn.shopnorth.example/p/573/2.jpg,Brightfield Essential Espresso Machine - view 2,1
2304,573,,https://cdn.shopnorth.example/p/573/3.jpg,Brightfield Essential Espresso Machine - view 3,2
2305,573,,https://cdn.shopnorth.example/p/573/4.jpg,Brightfield Essential Espresso Machine - view 4,3
2306,574,,https://cdn.shopnorth.example/p/574/1.jpg,Cobalt Audio Max Building Block Set - view 1,0
2307,575,,https://cdn.shopnorth.example/p/575/1.jpg,Harbor Goods Heritage 3D Wooden Puzzle - view 1,0
2308,575,,https://cdn.shopnorth.example/p/575/2.jpg,Harbor Goods Heritage 3D Wooden Puzzle - view 2,1
2309,575,,https://cdn.shopnorth.example/p/575/3.jpg,Harbor Goods Heritage 3D Wooden Puzzle - view 3,2
2310,576,,https://cdn.shopnorth.example/p/576/1.jpg,Birchwood Signature Insulated Water Bottle 32oz - view 1,0
2311,576,,https://cdn.shopnorth.example/p/576/2.jpg,Birchwood Signature Insulated Water Bottle 32oz - view 2,1
2312,576,2697,https://cdn.shopnorth.example/p/576/olive.jpg,Birchwood Signature Insulated Water Bottle 32oz in Olive,11
2313,576,2698,https://cdn.shopnorth.example/p/576/blush.jpg,Birchwood Signature Insulated Water Bottle 32oz in Blush,12
2314,577,,https://cdn.shopnorth.example/p/577/1.jpg,Marlowe Pro Oxford Shirt - view 1,0
2315,577,,https://cdn.shopnorth.example/p/577/2.jpg,Marlowe Pro Oxford Shirt - view 2,1
2316,577,,https://cdn.shopnorth.example/p/577/3.jpg,Marlowe Pro Oxford Shirt - view 3,2
2317,577,,https://cdn.shopnorth.example/p/577/4.jpg,Marlowe Pro Oxford Shirt - view 4,3
2318,577,2699,https://cdn.shopnorth.example/p/577/heather-gray.jpg,Marlowe Pro Oxford Shirt in Heather Gray,11
2319,578,,https://cdn.shopnorth.example/p/578/1.jpg,Voltix Pro Feather Wand Toy - view 1,0
2320,578,,https://cdn.shopnorth.example/p/578/2.jpg,Voltix Pro Feather Wand Toy - view 2,1
2321,579,,https://cdn.shopnorth.example/p/579/1.jpg,Fable Toys Signature Resistance Band Set - view 1,0
2322,579,,https://cdn.shopnorth.example/p/579/2.jpg,Fable Toys Signature Resistance Band Set - view 2,1
2323,579,,https://cdn.shopnorth.example/p/579/3.jpg,Fable Toys Signature Resistance Band Set - view 3,2
2324,580,,https://cdn.shopnorth.example/p/580/1.jpg,Luxe Botanica Eco Camping Lantern - view 1,0
2325,580,,https://cdn.shopnorth.example/p/580/2.jpg,Luxe Botanica Eco Camping Lantern - view 2,1
2326,580,,https://cdn.shopnorth.example/p/580/3.jpg,Luxe Botanica Eco Camping Lantern - view 3,2
2327,581,,https://cdn.shopnorth.example/p/581/1.jpg,Mosaic Kids Essential Cast Iron Dutch Oven - view 1,0
2328,581,,https://cdn.shopnorth.example/p/581/2.jpg,Mosaic Kids Essential Cast Iron Dutch Oven - view 2,1
2329,581,,https://cdn.shopnorth.example/p/581/3.jpg,Mosaic Kids Essential Cast Iron Dutch Oven - view 3,2
2330,581,,https://cdn.shopnorth.example/p/581/4.jpg,Mosaic Kids Essential Cast Iron Dutch Oven - view 4,3
2331,581,,https://cdn.shopnorth.example/p/581/5.jpg,Mosaic Kids Essential Cast Iron Dutch Oven - view 5,4
2332,582,,https://cdn.shopnorth.example/p/582/1.jpg,Ember & Oak Eco Wool Coat - view 1,0
2333,582,2708,https://cdn.shopnorth.example/p/582/blush.jpg,Ember & Oak Eco Wool Coat in Blush,11
2334,583,,https://cdn.shopnorth.example/p/583/1.jpg,Wren & Co. Signature Grain-Free Dog Treats - view 1,0
2335,584,,https://cdn.shopnorth.example/p/584/1.jpg,Wren & Co. Compact Repair Shampoo - view 1,0
2336,585,,https://cdn.shopnorth.example/p/585/1.jpg,Luxe Botanica Lightweight Vacuum Storage Bags - view 1,0
2337,585,,https://cdn.shopnorth.example/p/585/2.jpg,Luxe Botanica Lightweight Vacuum Storage Bags - view 2,1
2338,585,,https://cdn.shopnorth.example/p/585/3.jpg,Luxe Botanica Lightweight Vacuum Storage Bags - view 3,2
2339,585,,https://cdn.shopnorth.example/p/585/4.jpg,Luxe Botanica Lightweight Vacuum Storage Bags - view 4,3
2340,585,,https://cdn.shopnorth.example/p/585/5.jpg,Luxe Botanica Lightweight Vacuum Storage Bags - view 5,4
2341,586,,https://cdn.shopnorth.example/p/586/1.jpg,Glowbar Classic USB-C Charging Cable - view 1,0
2342,586,2716,https://cdn.shopnorth.example/p/586/black.jpg,Glowbar Classic USB-C Charging Cable in Black,11
2343,586,2717,https://cdn.shopnorth.example/p/586/forest-green.jpg,Glowbar Classic USB-C Charging Cable in Forest Green,12
2344,586,2718,https://cdn.shopnorth.example/p/586/heather-gray.jpg,Glowbar Classic USB-C Charging Cable in Heather Gray,13
2345,587,,https://cdn.shopnorth.example/p/587/1.jpg,Nimbus Tech Lightweight Canvas Sneaker - view 1,0
2346,587,,https://cdn.shopnorth.example/p/587/2.jpg,Nimbus Tech Lightweight Canvas Sneaker - view 2,1
2347,587,,https://cdn.shopnorth.example/p/587/3.jpg,Nimbus Tech Lightweight Canvas Sneaker - view 3,2
2348,587,,https://cdn.shopnorth.example/p/587/4.jpg,Nimbus Tech Lightweight Canvas Sneaker - view 4,3
2349,587,2719,https://cdn.shopnorth.example/p/587/burgundy.jpg,Nimbus Tech Lightweight Canvas Sneaker in Burgundy,11
2350,588,,https://cdn.shopnorth.example/p/588/1.jpg,"Fernway Compact 15.6"" Laptop - view 1",0
2351,588,2726,https://cdn.shopnorth.example/p/588/silver.jpg,"Fernway Compact 15.6"" Laptop in Silver",11
2352,588,2727,https://cdn.shopnorth.example/p/588/space-gray.jpg,"Fernway Compact 15.6"" Laptop in Space Gray",12
2353,589,,https://cdn.shopnorth.example/p/589/1.jpg,Everkind Lightweight Waterproof Winter Boot - view 1,0
2354,589,2731,https://cdn.shopnorth.example/p/589/heather-gray.jpg,Everkind Lightweight Waterproof Winter Boot in Heather Gray,11
2355,589,2738,https://cdn.shopnorth.example/p/589/forest-green.jpg,Everkind Lightweight Waterproof Winter Boot in Forest Green,12
2356,590,,https://cdn.shopnorth.example/p/590/1.jpg,Kestrel Eco Hiking Boot - view 1,0
2357,590,,https://cdn.shopnorth.example/p/590/2.jpg,Kestrel Eco Hiking Boot - view 2,1
2358,590,2745,https://cdn.shopnorth.example/p/590/sand.jpg,Kestrel Eco Hiking Boot in Sand,11
2359,590,2752,https://cdn.shopnorth.example/p/590/burgundy.jpg,Kestrel Eco Hiking Boot in Burgundy,12
2360,591,,https://cdn.shopnorth.example/p/591/1.jpg,Cinder Lightweight Over-Door Rack - view 1,0
2361,591,,https://cdn.shopnorth.example/p/591/2.jpg,Cinder Lightweight Over-Door Rack - view 2,1
2362,591,,https://cdn.shopnorth.example/p/591/3.jpg,Cinder Lightweight Over-Door Rack - view 3,2
2363,591,,https://cdn.shopnorth.example/p/591/4.jpg,Cinder Lightweight Over-Door Rack - view 4,3
2364,592,,https://cdn.shopnorth.example/p/592/1.jpg,Ironbark Everyday Wide Leg Trousers - view 1,0
2365,592,2760,https://cdn.shopnorth.example/p/592/white.jpg,Ironbark Everyday Wide Leg Trousers in White,11
2366,593,,https://cdn.shopnorth.example/p/593/1.jpg,Summit Supply Premium 3D Wooden Puzzle - view 1,0
2367,594,,https://cdn.shopnorth.example/p/594/1.jpg,PawPal Classic High-Speed Blender - view 1,0
2368,594,,https://cdn.shopnorth.example/p/594/2.jpg,PawPal Classic High-Speed Blender - view 2,1
2369,594,,https://cdn.shopnorth.example/p/594/3.jpg,PawPal Classic High-Speed Blender - view 3,2
2370,595,,https://cdn.shopnorth.example/p/595/1.jpg,"Voltix Everyday 14"" Ultrabook - view 1",0
2371,595,,https://cdn.shopnorth.example/p/595/2.jpg,"Voltix Everyday 14"" Ultrabook - view 2",1
2372,595,2768,https://cdn.shopnorth.example/p/595/space-gray.jpg,"Voltix Everyday 14"" Ultrabook in Space Gray",11
2373,595,2769,https://cdn.shopnorth.example/p/595/silver.jpg,"Voltix Everyday 14"" Ultrabook in Silver",12
2374,596,,https://cdn.shopnorth.example/p/596/1.jpg,Kestrel Max Kettlebell - view 1,0
2375,596,,https://cdn.shopnorth.example/p/596/2.jpg,Kestrel Max Kettlebell - view 2,1
2376,596,,https://cdn.shopnorth.example/p/596/3.jpg,Kestrel Max Kettlebell - view 3,2
2377,596,,https://cdn.shopnorth.example/p/596/4.jpg,Kestrel Max Kettlebell - view 4,3
2378,597,,https://cdn.shopnorth.example/p/597/1.jpg,Saltwater Premium Rain Shell - view 1,0
2379,597,,https://cdn.shopnorth.example/p/597/2.jpg,Saltwater Premium Rain Shell - view 2,1
2380,597,2773,https://cdn.shopnorth.example/p/597/heather-gray.jpg,Saltwater Premium Rain Shell in Heather Gray,11
2381,597,2779,https://cdn.shopnorth.example/p/597/blush.jpg,Saltwater Premium Rain Shell in Blush,12
2382,598,,https://cdn.shopnorth.example/p/598/1.jpg,Saltwater Heritage Stackable Bins - view 1,0
2383,598,,https://cdn.shopnorth.example/p/598/2.jpg,Saltwater Heritage Stackable Bins - view 2,1
2384,599,,https://cdn.shopnorth.example/p/599/1.jpg,Solstice Signature Vacuum Storage Bags - view 1,0
2385,599,,https://cdn.shopnorth.example/p/599/2.jpg,Solstice Signature Vacuum Storage Bags - view 2,1
2386,599,,https://cdn.shopnorth.example/p/599/3.jpg,Solstice Signature Vacuum Storage Bags - view 3,2
2387,600,,https://cdn.shopnorth.example/p/600/1.jpg,Solstice Eco Ceramic Vase - view 1,0
2388,600,,https://cdn.shopnorth.example/p/600/2.jpg,Solstice Eco Ceramic Vase - view 2,1
2389,601,,https://cdn.shopnorth.example/p/601/1.jpg,Nimbus Tech Classic Rain Shell - view 1,0
2390,601,,https://cdn.shopnorth.example/p/601/2.jpg,Nimbus Tech Classic Rain Shell - view 2,1
2391,601,2787,https://cdn.shopnorth.example/p/601/black.jpg,Nimbus Tech Classic Rain Shell in Black,11
2392,601,2793,https://cdn.shopnorth.example/p/601/blush.jpg,Nimbus Tech Classic Rain Shell in Blush,12
2393,601,2798,https://cdn.shopnorth.example/p/601/sky-blue.jpg,Nimbus Tech Classic Rain Shell in Sky Blue,13
2394,601,2803,https://cdn.shopnorth.example/p/601/burgundy.jpg,Nimbus Tech Classic Rain Shell in Burgundy,14
2395,602,,https://cdn.shopnorth.example/p/602/1.jpg,Pulse Fitness Max Mineral Sunscreen SPF 50 - view 1,0
2396,602,,https://cdn.shopnorth.example/p/602/2.jpg,Pulse Fitness Max Mineral Sunscreen SPF 50 - view 2,1
2397,603,,https://cdn.shopnorth.example/p/603/1.jpg,Cinder Classic Bike Lock - view 1,0
2398,603,,https://cdn.shopnorth.example/p/603/2.jpg,Cinder Classic Bike Lock - view 2,1
2399,603,,https://cdn.shopnorth.example/p/603/3.jpg,Cinder Classic Bike Lock - view 3,2
2400,603,,https://cdn.shopnorth.example/p/603/4.jpg,Cinder Classic Bike Lock - view 4,3
2401,604,,https://cdn.shopnorth.example/p/604/1.jpg,Summit Supply Lightweight Road Running Shoe - view 1,0
2402,604,,https://cdn.shopnorth.example/p/604/2.jpg,Summit Supply Lightweight Road Running Shoe - view 2,1
2403,604,,https://cdn.shopnorth.example/p/604/3.jpg,Summit Supply Lightweight Road Running Shoe - view 3,2
2404,604,,https://cdn.shopnorth.example/p/604/4.jpg,Summit Supply Lightweight Road Running Shoe - view 4,3
2405,604,,https://cdn.shopnorth.example/p/604/5.jpg,Summit Supply Lightweight Road Running Shoe - view 5,4
2406,604,2811,https://cdn.shopnorth.example/p/604/burgundy.jpg,Summit Supply Lightweight Road Running Shoe in Burgundy,11
2407,604,2818,https://cdn.shopnorth.example/p/604/heather-gray.jpg,Summit Supply Lightweight Road Running Shoe in Heather Gray,12
2408,605,,https://cdn.shopnorth.example/p/605/1.jpg,Ember & Oak Eco Power Bank 10000mAh - view 1,0
2409,605,,https://cdn.shopnorth.example/p/605/2.jpg,Ember & Oak Eco Power Bank 10000mAh - view 2,1
2410,605,,https://cdn.shopnorth.example/p/605/3.jpg,Ember & Oak Eco Power Bank 10000mAh - view 3,2
2411,605,,https://cdn.shopnorth.example/p/605/4.jpg,Ember & Oak Eco Power Bank 10000mAh - view 4,3
2412,605,,https://cdn.shopnorth.example/p/605/5.jpg,Ember & Oak Eco Power Bank 10000mAh - view 5,4
2413,605,2825,https://cdn.shopnorth.example/p/605/sky-blue.jpg,Ember & Oak Eco Power Bank 10000mAh in Sky Blue,11
2414,605,2826,https://cdn.shopnorth.example/p/605/blush.jpg,Ember & Oak Eco Power Bank 10000mAh in Blush,12
2415,606,,https://cdn.shopnorth.example/p/606/1.jpg,Alder & Pine Everyday Wide Leg Trousers - view 1,0
2416,606,,https://cdn.shopnorth.example/p/606/2.jpg,Alder & Pine Everyday Wide Leg Trousers - view 2,1
2417,606,,https://cdn.shopnorth.example/p/606/3.jpg,Alder & Pine Everyday Wide Leg Trousers - view 3,2
2418,606,2827,https://cdn.shopnorth.example/p/606/black.jpg,Alder & Pine Everyday Wide Leg Trousers in Black,11
2419,606,2833,https://cdn.shopnorth.example/p/606/burgundy.jpg,Alder & Pine Everyday Wide Leg Trousers in Burgundy,12
2420,606,2839,https://cdn.shopnorth.example/p/606/heather-gray.jpg,Alder & Pine Everyday Wide Leg Trousers in Heather Gray,13
2421,607,,https://cdn.shopnorth.example/p/607/1.jpg,Quill Classic Retinol Night Cream - view 1,0
2422,607,,https://cdn.shopnorth.example/p/607/2.jpg,Quill Classic Retinol Night Cream - view 2,1
2423,608,,https://cdn.shopnorth.example/p/608/1.jpg,Rove Max 1000-Piece Puzzle - view 1,0
2424,608,,https://cdn.shopnorth.example/p/608/2.jpg,Rove Max 1000-Piece Puzzle - view 2,1
2425,608,,https://cdn.shopnorth.example/p/608/3.jpg,Rove Max 1000-Piece Puzzle - view 3,2
2426,608,,https://cdn.shopnorth.example/p/608/4.jpg,Rove Max 1000-Piece Puzzle - view 4,3
2427,608,,https://cdn.shopnorth.example/p/608/5.jpg,Rove Max 1000-Piece Puzzle - view 5,4
2428,609,,https://cdn.shopnorth.example/p/609/1.jpg,Marlowe Lightweight Body Mist - view 1,0
2429,610,,https://cdn.shopnorth.example/p/610/1.jpg,Kinfolk Kitchen Essential 1000-Piece Puzzle - view 1,0
2430,610,,https://cdn.shopnorth.example/p/610/2.jpg,Kinfolk Kitchen Essential 1000-Piece Puzzle - view 2,1
2431,610,,https://cdn.shopnorth.example/p/610/3.jpg,Kinfolk Kitchen Essential 1000-Piece Puzzle - view 3,2
2432,610,,https://cdn.shopnorth.example/p/610/4.jpg,Kinfolk Kitchen Essential 1000-Piece Puzzle - view 4,3
2433,611,,https://cdn.shopnorth.example/p/611/1.jpg,Seaside Skin Premium Sport Earbuds - view 1,0
2434,611,,https://cdn.shopnorth.example/p/611/2.jpg,Seaside Skin Premium Sport Earbuds - view 2,1
2435,611,,https://cdn.shopnorth.example/p/611/3.jpg,Seaside Skin Premium Sport Earbuds - view 3,2
2436,611,,https://cdn.shopnorth.example/p/611/4.jpg,Seaside Skin Premium Sport Earbuds - view 4,3
2437,611,,https://cdn.shopnorth.example/p/611/5.jpg,Seaside Skin Premium Sport Earbuds - view 5,4
2438,611,2848,https://cdn.shopnorth.example/p/611/forest-green.jpg,Seaside Skin Premium Sport Earbuds in Forest Green,11
2439,611,2849,https://cdn.shopnorth.example/p/611/charcoal.jpg,Seaside Skin Premium Sport Earbuds in Charcoal,12
2440,612,,https://cdn.shopnorth.example/p/612/1.jpg,PawPal Signature Eau de Parfum 50ml - view 1,0
2441,612,,https://cdn.shopnorth.example/p/612/2.jpg,PawPal Signature Eau de Parfum 50ml - view 2,1
2442,612,,https://cdn.shopnorth.example/p/612/3.jpg,PawPal Signature Eau de Parfum 50ml - view 3,2
2443,612,,https://cdn.shopnorth.example/p/612/4.jpg,PawPal Signature Eau de Parfum 50ml - view 4,3
2444,612,,https://cdn.shopnorth.example/p/612/5.jpg,PawPal Signature Eau de Parfum 50ml - view 5,4
2445,613,,https://cdn.shopnorth.example/p/613/1.jpg,"Trailhead Heritage 11"" Tablet - view 1",0
2446,613,,https://cdn.shopnorth.example/p/613/2.jpg,"Trailhead Heritage 11"" Tablet - view 2",1
2447,613,2851,https://cdn.shopnorth.example/p/613/silver.jpg,"Trailhead Heritage 11"" Tablet in Silver",11
2448,613,2852,https://cdn.shopnorth.example/p/613/space-gray.jpg,"Trailhead Heritage 11"" Tablet in Space Gray",12
2449,614,,https://cdn.shopnorth.example/p/614/1.jpg,Cinder Heritage Throw Blanket - view 1,0
2450,614,,https://cdn.shopnorth.example/p/614/2.jpg,Cinder Heritage Throw Blanket - view 2,1
2451,614,,https://cdn.shopnorth.example/p/614/3.jpg,Cinder Heritage Throw Blanket - view 3,2
2452,614,,https://cdn.shopnorth.example/p/614/4.jpg,Cinder Heritage Throw Blanket - view 4,3
2453,614,,https://cdn.shopnorth.example/p/614/5.jpg,Cinder Heritage Throw Blanket - view 5,4
2454,615,,https://cdn.shopnorth.example/p/615/1.jpg,Saltwater Max Cropped Sweater - view 1,0
2455,615,,https://cdn.shopnorth.example/p/615/2.jpg,Saltwater Max Cropped Sweater - view 2,1
2456,615,2856,https://cdn.shopnorth.example/p/615/forest-green.jpg,Saltwater Max Cropped Sweater in Forest Green,11
2457,616,,https://cdn.shopnorth.example/p/616/1.jpg,Birchwood Classic Yoga Mat - view 1,0
2458,616,,https://cdn.shopnorth.example/p/616/2.jpg,Birchwood Classic Yoga Mat - view 2,1
2459,616,,https://cdn.shopnorth.example/p/616/3.jpg,Birchwood Classic Yoga Mat - view 3,2
2460,616,,https://cdn.shopnorth.example/p/616/4.jpg,Birchwood Classic Yoga Mat - view 4,3
2461,617,,https://cdn.shopnorth.example/p/617/1.jpg,Veloce Max Area Rug - view 1,0
2462,618,,https://cdn.shopnorth.example/p/618/1.jpg,Rove Heritage Fleece Jacket - view 1,0
2463,618,,https://cdn.shopnorth.example/p/618/2.jpg,Rove Heritage Fleece Jacket - view 2,1
2464,618,,https://cdn.shopnorth.example/p/618/3.jpg,Rove Heritage Fleece Jacket - view 3,2
2465,618,,https://cdn.shopnorth.example/p/618/4.jpg,Rove Heritage Fleece Jacket - view 4,3
2466,618,2864,https://cdn.shopnorth.example/p/618/white.jpg,Rove Heritage Fleece Jacket in White,11
2467,618,2870,https://cdn.shopnorth.example/p/618/charcoal.jpg,Rove Heritage Fleece Jacket in Charcoal,12
2468,618,2875,https://cdn.shopnorth.example/p/618/burgundy.jpg,Rove Heritage Fleece Jacket in Burgundy,13
2469,618,2881,https://cdn.shopnorth.example/p/618/blush.jpg,Rove Heritage Fleece Jacket in Blush,14
2470,619,,https://cdn.shopnorth.example/p/619/1.jpg,Fernway Studio Body Mist - view 1,0
2471,619,,https://cdn.shopnorth.example/p/619/2.jpg,Fernway Studio Body Mist - view 2,1
2472,619,,https://cdn.shopnorth.example/p/619/3.jpg,Fernway Studio Body Mist - view 3,2
2473,620,,https://cdn.shopnorth.example/p/620/1.jpg,Oakridge Everyday Adjustable Dumbbells - view 1,0
2474,620,,https://cdn.shopnorth.example/p/620/2.jpg,Oakridge Everyday Adjustable Dumbbells - view 2,1
2475,620,,https://cdn.shopnorth.example/p/620/3.jpg,Oakridge Everyday Adjustable Dumbbells - view 3,2
2476,621,,https://cdn.shopnorth.example/p/621/1.jpg,Fable Toys Premium Rain Shell - view 1,0
2477,621,,https://cdn.shopnorth.example/p/621/2.jpg,Fable Toys Premium Rain Shell - view 2,1
2478,621,,https://cdn.shopnorth.example/p/621/3.jpg,Fable Toys Premium Rain Shell - view 3,2
2479,621,,https://cdn.shopnorth.example/p/621/4.jpg,Fable Toys Premium Rain Shell - view 4,3
2480,621,2888,https://cdn.shopnorth.example/p/621/sand.jpg,Fable Toys Premium Rain Shell in Sand,11
2481,621,2894,https://cdn.shopnorth.example/p/621/navy.jpg,Fable Toys Premium Rain Shell in Navy,12
2482,621,2899,https://cdn.shopnorth.example/p/621/olive.jpg,Fable Toys Premium Rain Shell in Olive,13
2483,621,2904,https://cdn.shopnorth.example/p/621/blush.jpg,Fable Toys Premium Rain Shell in Blush,14
2484,622,,https://cdn.shopnorth.example/p/622/1.jpg,Glowbar Pro Stand Mixer - view 1,0
2485,622,,https://cdn.shopnorth.example/p/622/2.jpg,Glowbar Pro Stand Mixer - view 2,1
2486,623,,https://cdn.shopnorth.example/p/623/1.jpg,Lumora Ultra Brow Pencil - view 1,0
2487,624,,https://cdn.shopnorth.example/p/624/1.jpg,Juniper Lane Heritage Memory Foam Pillow - view 1,0
2488,624,,https://cdn.shopnorth.example/p/624/2.jpg,Juniper Lane Heritage Memory Foam Pillow - view 2,1
2489,625,,https://cdn.shopnorth.example/p/625/1.jpg,Seaside Skin Signature MagSafe Phone Case - view 1,0
2490,625,,https://cdn.shopnorth.example/p/625/2.jpg,Seaside Skin Signature MagSafe Phone Case - view 2,1
2491,626,,https://cdn.shopnorth.example/p/626/1.jpg,Oakridge Premium High-Waist Leggings - view 1,0
2492,626,2916,https://cdn.shopnorth.example/p/626/charcoal.jpg,Oakridge Premium High-Waist Leggings in Charcoal,11
2493,626,2922,https://cdn.shopnorth.example/p/626/sand.jpg,Oakridge Premium High-Waist Leggings in Sand,12
2494,626,2928,https://cdn.shopnorth.example/p/626/navy.jpg,Oakridge Premium High-Waist Leggings in Navy,13
2495,627,,https://cdn.shopnorth.example/p/627/1.jpg,Summit Supply Eco 1000-Piece Puzzle - view 1,0
2496,627,,https://cdn.shopnorth.example/p/627/2.jpg,Summit Supply Eco 1000-Piece Puzzle - view 2,1
2497,627,,https://cdn.shopnorth.example/p/627/3.jpg,Summit Supply Eco 1000-Piece Puzzle - view 3,2
2498,627,,https://cdn.shopnorth.example/p/627/4.jpg,Summit Supply Eco 1000-Piece Puzzle - view 4,3
2499,627,,https://cdn.shopnorth.example/p/627/5.jpg,Summit Supply Eco 1000-Piece Puzzle - view 5,4
2500,628,,https://cdn.shopnorth.example/p/628/1.jpg,Rove Eco Slide Sandal - view 1,0
2501,628,2935,https://cdn.shopnorth.example/p/628/forest-green.jpg,Rove Eco Slide Sandal in Forest Green,11
2502,628,2942,https://cdn.shopnorth.example/p/628/heather-gray.jpg,Rove Eco Slide Sandal in Heather Gray,12
2503,629,,https://cdn.shopnorth.example/p/629/1.jpg,Seaside Skin Studio Dry Shampoo - view 1,0
2504,629,,https://cdn.shopnorth.example/p/629/2.jpg,Seaside Skin Studio Dry Shampoo - view 2,1
2505,629,,https://cdn.shopnorth.example/p/629/3.jpg,Seaside Skin Studio Dry Shampoo - view 3,2
2506,630,,https://cdn.shopnorth.example/p/630/1.jpg,Oakridge Ultra Kettlebell - view 1,0
2507,631,,https://cdn.shopnorth.example/p/631/1.jpg,Kinfolk Kitchen Lightweight Rain Shell - view 1,0
2508,631,,https://cdn.shopnorth.example/p/631/2.jpg,Kinfolk Kitchen Lightweight Rain Shell - view 2,1
2509,631,,https://cdn.shopnorth.example/p/631/3.jpg,Kinfolk Kitchen Lightweight Rain Shell - view 3,2
2510,631,,https://cdn.shopnorth.example/p/631/4.jpg,Kinfolk Kitchen Lightweight Rain Shell - view 4,3
2511,631,,https://cdn.shopnorth.example/p/631/5.jpg,Kinfolk Kitchen Lightweight Rain Shell - view 5,4
2512,631,2951,https://cdn.shopnorth.example/p/631/charcoal.jpg,Kinfolk Kitchen Lightweight Rain Shell in Charcoal,11
2513,632,,https://cdn.shopnorth.example/p/632/1.jpg,Brightfield Studio Canvas Sneaker - view 1,0
2514,632,,https://cdn.shopnorth.example/p/632/2.jpg,Brightfield Studio Canvas Sneaker - view 2,1
2515,632,,https://cdn.shopnorth.example/p/632/3.jpg,Brightfield Studio Canvas Sneaker - view 3,2
2516,632,2957,https://cdn.shopnorth.example/p/632/forest-green.jpg,Brightfield Studio Canvas Sneaker in Forest Green,11
2517,633,,https://cdn.shopnorth.example/p/633/1.jpg,Mosaic Kids Compact 3D Wooden Puzzle - view 1,0
2518,633,,https://cdn.shopnorth.example/p/633/2.jpg,Mosaic Kids Compact 3D Wooden Puzzle - view 2,1
2519,633,,https://cdn.shopnorth.example/p/633/3.jpg,Mosaic Kids Compact 3D Wooden Puzzle - view 3,2
2520,633,,https://cdn.shopnorth.example/p/633/4.jpg,Mosaic Kids Compact 3D Wooden Puzzle - view 4,3
2521,634,,https://cdn.shopnorth.example/p/634/1.jpg,Pulse Fitness Everyday Yoga Mat - view 1,0
2522,635,,https://cdn.shopnorth.example/p/635/1.jpg,Rove Everyday Slip-On Sneaker - view 1,0
2523,635,,https://cdn.shopnorth.example/p/635/2.jpg,Rove Everyday Slip-On Sneaker - view 2,1
2524,635,2966,https://cdn.shopnorth.example/p/635/sky-blue.jpg,Rove Everyday Slip-On Sneaker in Sky Blue,11
2525,635,2973,https://cdn.shopnorth.example/p/635/blush.jpg,Rove Everyday Slip-On Sneaker in Blush,12
2526,636,,https://cdn.shopnorth.example/p/636/1.jpg,Voltix Ultra Screen Protector 2-Pack - view 1,0
2527,636,,https://cdn.shopnorth.example/p/636/2.jpg,Voltix Ultra Screen Protector 2-Pack - view 2,1
2528,636,,https://cdn.shopnorth.example/p/636/3.jpg,Voltix Ultra Screen Protector 2-Pack - view 3,2
2529,636,,https://cdn.shopnorth.example/p/636/4.jpg,Voltix Ultra Screen Protector 2-Pack - view 4,3
2530,636,2980,https://cdn.shopnorth.example/p/636/sky-blue.jpg,Voltix Ultra Screen Protector 2-Pack in Sky Blue,11
2531,636,2981,https://cdn.shopnorth.example/p/636/black.jpg,Voltix Ultra Screen Protector 2-Pack in Black,12
2532,636,2982,https://cdn.shopnorth.example/p/636/forest-green.jpg,Voltix Ultra Screen Protector 2-Pack in Forest Green,13
2533,637,,https://cdn.shopnorth.example/p/637/1.jpg,Birchwood Signature Toaster Oven - view 1,0
2534,637,,https://cdn.shopnorth.example/p/637/2.jpg,Birchwood Signature Toaster Oven - view 2,1
2535,637,,https://cdn.shopnorth.example/p/637/3.jpg,Birchwood Signature Toaster Oven - view 3,2
2536,638,,https://cdn.shopnorth.example/p/638/1.jpg,Fernway Heritage Toaster Oven - view 1,0
2537,638,,https://cdn.shopnorth.example/p/638/2.jpg,Fernway Heritage Toaster Oven - view 2,1
2538,638,,https://cdn.shopnorth.example/p/638/3.jpg,Fernway Heritage Toaster Oven - view 3,2
2539,638,,https://cdn.shopnorth.example/p/638/4.jpg,Fernway Heritage Toaster Oven - view 4,3
2540,638,,https://cdn.shopnorth.example/p/638/5.jpg,Fernway Heritage Toaster Oven - view 5,4
2541,639,,https://cdn.shopnorth.example/p/639/1.jpg,Everkind Ultra Cushioned Running Shoe - view 1,0
2542,639,,https://cdn.shopnorth.example/p/639/2.jpg,Everkind Ultra Cushioned Running Shoe - view 2,1
2543,639,,https://cdn.shopnorth.example/p/639/3.jpg,Everkind Ultra Cushioned Running Shoe - view 3,2
2544,639,,https://cdn.shopnorth.example/p/639/4.jpg,Everkind Ultra Cushioned Running Shoe - view 4,3
2545,639,2985,https://cdn.shopnorth.example/p/639/blush.jpg,Everkind Ultra Cushioned Running Shoe in Blush,11
2546,640,,https://cdn.shopnorth.example/p/640/1.jpg,Fernway Essential Self-Cleaning Litter Box - view 1,0
2547,640,,https://cdn.shopnorth.example/p/640/2.jpg,Fernway Essential Self-Cleaning Litter Box - view 2,1
2548,640,,https://cdn.shopnorth.example/p/640/3.jpg,Fernway Essential Self-Cleaning Litter Box - view 3,2
2549,640,,https://cdn.shopnorth.example/p/640/4.jpg,Fernway Essential Self-Cleaning Litter Box - view 4,3
2550,640,,https://cdn.shopnorth.example/p/640/5.jpg,Fernway Essential Self-Cleaning Litter Box - view 5,4
2551,641,,https://cdn.shopnorth.example/p/641/1.jpg,Summit Supply Ultra Vitamin C Serum - view 1,0
2552,641,,https://cdn.shopnorth.example/p/641/2.jpg,Summit Supply Ultra Vitamin C Serum - view 2,1
2553,641,,https://cdn.shopnorth.example/p/641/3.jpg,Summit Supply Ultra Vitamin C Serum - view 3,2
2554,642,,https://cdn.shopnorth.example/p/642/1.jpg,Wren & Co. Heritage USB-C Charging Cable - view 1,0
2555,642,,https://cdn.shopnorth.example/p/642/2.jpg,Wren & Co. Heritage USB-C Charging Cable - view 2,1
2556,642,,https://cdn.shopnorth.example/p/642/3.jpg,Wren & Co. Heritage USB-C Charging Cable - view 3,2
2557,642,2994,https://cdn.shopnorth.example/p/642/olive.jpg,Wren & Co. Heritage USB-C Charging Cable in Olive,11
2558,642,2995,https://cdn.shopnorth.example/p/642/white.jpg,Wren & Co. Heritage USB-C Charging Cable in White,12
2559,642,2996,https://cdn.shopnorth.example/p/642/charcoal.jpg,Wren & Co. Heritage USB-C Charging Cable in Charcoal,13
2560,642,2997,https://cdn.shopnorth.example/p/642/forest-green.jpg,Wren & Co. Heritage USB-C Charging Cable in Forest Green,14
2561,643,,https://cdn.shopnorth.example/p/643/1.jpg,Harbor Goods Max Joggers - view 1,0
2562,643,,https://cdn.shopnorth.example/p/643/2.jpg,Harbor Goods Max Joggers - view 2,1
2563,643,2998,https://cdn.shopnorth.example/p/643/sky-blue.jpg,Harbor Goods Max Joggers in Sky Blue,11
2564,643,3003,https://cdn.shopnorth.example/p/643/blush.jpg,Harbor Goods Max Joggers in Blush,12
2565,643,3009,https://cdn.shopnorth.example/p/643/olive.jpg,Harbor Goods Max Joggers in Olive,13
2566,643,3015,https://cdn.shopnorth.example/p/643/heather-gray.jpg,Harbor Goods Max Joggers in Heather Gray,14
2567,644,,https://cdn.shopnorth.example/p/644/1.jpg,Quill Compact Hair Oil - view 1,0
2568,645,,https://cdn.shopnorth.example/p/645/1.jpg,Urban Nomad Max Power Bank 10000mAh - view 1,0
2569,645,,https://cdn.shopnorth.example/p/645/2.jpg,Urban Nomad Max Power Bank 10000mAh - view 2,1
2570,645,,https://cdn.shopnorth.example/p/645/3.jpg,Urban Nomad Max Power Bank 10000mAh - view 3,2
2571,645,3022,https://cdn.shopnorth.example/p/645/black.jpg,Urban Nomad Max Power Bank 10000mAh in Black,11
2572,645,3023,https://cdn.shopnorth.example/p/645/charcoal.jpg,Urban Nomad Max Power Bank 10000mAh in Charcoal,12
2573,645,3024,https://cdn.shopnorth.example/p/645/sky-blue.jpg,Urban Nomad Max Power Bank 10000mAh in Sky Blue,13
2574,645,3025,https://cdn.shopnorth.example/p/645/navy.jpg,Urban Nomad Max Power Bank 10000mAh in Navy,14
2575,646,,https://cdn.shopnorth.example/p/646/1.jpg,Fernway Classic Party Card Game - view 1,0
2576,647,,https://cdn.shopnorth.example/p/647/1.jpg,Ember & Oak Pro Chef's Knife - view 1,0
2577,647,,https://cdn.shopnorth.example/p/647/2.jpg,Ember & Oak Pro Chef's Knife - view 2,1
2578,647,3027,https://cdn.shopnorth.example/p/647/heather-gray.jpg,Ember & Oak Pro Chef's Knife in Heather Gray,11
2579,647,3028,https://cdn.shopnorth.example/p/647/black.jpg,Ember & Oak Pro Chef's Knife in Black,12
2580,647,3029,https://cdn.shopnorth.example/p/647/burgundy.jpg,Ember & Oak Pro Chef's Knife in Burgundy,13
2581,647,3030,https://cdn.shopnorth.example/p/647/sky-blue.jpg,Ember & Oak Pro Chef's Knife in Sky Blue,14
2582,648,,https://cdn.shopnorth.example/p/648/1.jpg,Ironbark Eco High-Waist Leggings - view 1,0
2583,648,,https://cdn.shopnorth.example/p/648/2.jpg,Ironbark Eco High-Waist Leggings - view 2,1
2584,648,3031,https://cdn.shopnorth.example/p/648/olive.jpg,Ironbark Eco High-Waist Leggings in Olive,11
2585,648,3037,https://cdn.shopnorth.example/p/648/heather-gray.jpg,Ironbark Eco High-Waist Leggings in Heather Gray,12
2586,649,,https://cdn.shopnorth.example/p/649/1.jpg,Kinfolk Kitchen Pro Hoodie - view 1,0
2587,649,3042,https://cdn.shopnorth.example/p/649/burgundy.jpg,Kinfolk Kitchen Pro Hoodie in Burgundy,11
2588,649,3048,https://cdn.shopnorth.example/p/649/charcoal.jpg,Kinfolk Kitchen Pro Hoodie in Charcoal,12
2589,649,3054,https://cdn.shopnorth.example/p/649/heather-gray.jpg,Kinfolk Kitchen Pro Hoodie in Heather Gray,13
2590,650,,https://cdn.shopnorth.example/p/650/1.jpg,"Urban Nomad Everyday 11"" Tablet - view 1",0
2591,650,,https://cdn.shopnorth.example/p/650/2.jpg,"Urban Nomad Everyday 11"" Tablet - view 2",1
2592,650,,https://cdn.shopnorth.example/p/650/3.jpg,"Urban Nomad Everyday 11"" Tablet - view 3",2
2593,650,3060,https://cdn.shopnorth.example/p/650/space-gray.jpg,"Urban Nomad Everyday 11"" Tablet in Space Gray",11
2594,650,3061,https://cdn.shopnorth.example/p/650/silver.jpg,"Urban Nomad Everyday 11"" Tablet in Silver",12
2595,651,,https://cdn.shopnorth.example/p/651/1.jpg,Seaside Skin Heritage Kettlebell - view 1,0
2596,651,,https://cdn.shopnorth.example/p/651/2.jpg,Seaside Skin Heritage Kettlebell - view 2,1
2597,651,,https://cdn.shopnorth.example/p/651/3.jpg,Seaside Skin Heritage Kettlebell - view 3,2
2598,651,,https://cdn.shopnorth.example/p/651/4.jpg,Seaside Skin Heritage Kettlebell - view 4,3
2599,651,,https://cdn.shopnorth.example/p/651/5.jpg,Seaside Skin Heritage Kettlebell - view 5,4
2600,652,,https://cdn.shopnorth.example/p/652/1.jpg,Halcyon Home Heritage Resistance Band Set - view 1,0
2601,652,,https://cdn.shopnorth.example/p/652/2.jpg,Halcyon Home Heritage Resistance Band Set - view 2,1
2602,652,,https://cdn.shopnorth.example/p/652/3.jpg,Halcyon Home Heritage Resistance Band Set - view 3,2
2603,653,,https://cdn.shopnorth.example/p/653/1.jpg,Cinder Studio Resistance Band Set - view 1,0
2604,653,,https://cdn.shopnorth.example/p/653/2.jpg,Cinder Studio Resistance Band Set - view 2,1
2605,653,,https://cdn.shopnorth.example/p/653/3.jpg,Cinder Studio Resistance Band Set - view 3,2
2606,653,,https://cdn.shopnorth.example/p/653/4.jpg,Cinder Studio Resistance Band Set - view 4,3
2607,654,,https://cdn.shopnorth.example/p/654/1.jpg,Fernway Pro Backyard Swing - view 1,0
2608,654,,https://cdn.shopnorth.example/p/654/2.jpg,Fernway Pro Backyard Swing - view 2,1
2609,655,,https://cdn.shopnorth.example/p/655/1.jpg,Apex Motion Compact Adjustable Dumbbells - view 1,0
2610,655,,https://cdn.shopnorth.example/p/655/2.jpg,Apex Motion Compact Adjustable Dumbbells - view 2,1
2611,656,,https://cdn.shopnorth.example/p/656/1.jpg,Lumora Compact LED Bike Light Set - view 1,0
2612,656,,https://cdn.shopnorth.example/p/656/2.jpg,Lumora Compact LED Bike Light Set - view 2,1
2613,656,,https://cdn.shopnorth.example/p/656/3.jpg,Lumora Compact LED Bike Light Set - view 3,2
2614,657,,https://cdn.shopnorth.example/p/657/1.jpg,Lumora Compact Cast Iron Dutch Oven - view 1,0
2615,657,,https://cdn.shopnorth.example/p/657/2.jpg,Lumora Compact Cast Iron Dutch Oven - view 2,1
2616,657,3071,https://cdn.shopnorth.example/p/657/heather-gray.jpg,Lumora Compact Cast Iron Dutch Oven in Heather Gray,11
2617,657,3072,https://cdn.shopnorth.example/p/657/olive.jpg,Lumora Compact Cast Iron Dutch Oven in Olive,12
2618,657,3073,https://cdn.shopnorth.example/p/657/sky-blue.jpg,Lumora Compact Cast Iron Dutch Oven in Sky Blue,13
2619,657,3074,https://cdn.shopnorth.example/p/657/white.jpg,Lumora Compact Cast Iron Dutch Oven in White,14
2620,658,,https://cdn.shopnorth.example/p/658/1.jpg,Cobalt Audio Eco Kids Scooter - view 1,0
2621,659,,https://cdn.shopnorth.example/p/659/1.jpg,Lumora Max Bike Lock - view 1,0
2622,659,,https://cdn.shopnorth.example/p/659/2.jpg,Lumora Max Bike Lock - view 2,1
2623,659,,https://cdn.shopnorth.example/p/659/3.jpg,Lumora Max Bike Lock - view 3,2
2624,659,,https://cdn.shopnorth.example/p/659/4.jpg,Lumora Max Bike Lock - view 4,3
2625,659,,https://cdn.shopnorth.example/p/659/5.jpg,Lumora Max Bike Lock - view 5,4
2626,660,,https://cdn.shopnorth.example/p/660/1.jpg,Fernway Pro Chelsea Boot - view 1,0
2627,660,,https://cdn.shopnorth.example/p/660/2.jpg,Fernway Pro Chelsea Boot - view 2,1
2628,660,,https://cdn.shopnorth.example/p/660/3.jpg,Fernway Pro Chelsea Boot - view 3,2
2629,660,3077,https://cdn.shopnorth.example/p/660/black.jpg,Fernway Pro Chelsea Boot in Black,11
2630,661,,https://cdn.shopnorth.example/p/661/1.jpg,Mosaic Kids Compact Adjustable Dumbbells - view 1,0
2631,662,,https://cdn.shopnorth.example/p/662/1.jpg,Luxe Botanica Essential Chino Pants - view 1,0
2632,662,,https://cdn.shopnorth.example/p/662/2.jpg,Luxe Botanica Essential Chino Pants - view 2,1
2633,662,,https://cdn.shopnorth.example/p/662/3.jpg,Luxe Botanica Essential Chino Pants - view 3,2
2634,662,,https://cdn.shopnorth.example/p/662/4.jpg,Luxe Botanica Essential Chino Pants - view 4,3
2635,662,,https://cdn.shopnorth.example/p/662/5.jpg,Luxe Botanica Essential Chino Pants - view 5,4
2636,662,3085,https://cdn.shopnorth.example/p/662/olive.jpg,Luxe Botanica Essential Chino Pants in Olive,11
2637,662,3091,https://cdn.shopnorth.example/p/662/blush.jpg,Luxe Botanica Essential Chino Pants in Blush,12
2638,662,3097,https://cdn.shopnorth.example/p/662/black.jpg,Luxe Botanica Essential Chino Pants in Black,13
2639,663,,https://cdn.shopnorth.example/p/663/1.jpg,Juniper Lane Premium Puffer Jacket - view 1,0
2640,663,,https://cdn.shopnorth.example/p/663/2.jpg,Juniper Lane Premium Puffer Jacket - view 2,1
2641,663,,https://cdn.shopnorth.example/p/663/3.jpg,Juniper Lane Premium Puffer Jacket - view 3,2
2642,663,,https://cdn.shopnorth.example/p/663/4.jpg,Juniper Lane Premium Puffer Jacket - view 4,3
2643,663,,https://cdn.shopnorth.example/p/663/5.jpg,Juniper Lane Premium Puffer Jacket - view 5,4
2644,663,3103,https://cdn.shopnorth.example/p/663/olive.jpg,Juniper Lane Premium Puffer Jacket in Olive,11
2645,663,3108,https://cdn.shopnorth.example/p/663/blush.jpg,Juniper Lane Premium Puffer Jacket in Blush,12
2646,663,3114,https://cdn.shopnorth.example/p/663/black.jpg,Juniper Lane Premium Puffer Jacket in Black,13
2647,663,3120,https://cdn.shopnorth.example/p/663/charcoal.jpg,Juniper Lane Premium Puffer Jacket in Charcoal,14
2648,664,,https://cdn.shopnorth.example/p/664/1.jpg,Juniper Lane Lightweight Dry Shampoo - view 1,0
2649,664,,https://cdn.shopnorth.example/p/664/2.jpg,Juniper Lane Lightweight Dry Shampoo - view 2,1
2650,664,,https://cdn.shopnorth.example/p/664/3.jpg,Juniper Lane Lightweight Dry Shampoo - view 3,2
2651,664,,https://cdn.shopnorth.example/p/664/4.jpg,Juniper Lane Lightweight Dry Shampoo - view 4,3
2652,665,,https://cdn.shopnorth.example/p/665/1.jpg,Fernway Compact Retinol Night Cream - view 1,0
2653,665,,https://cdn.shopnorth.example/p/665/2.jpg,Fernway Compact Retinol Night Cream - view 2,1
2654,665,,https://cdn.shopnorth.example/p/665/3.jpg,Fernway Compact Retinol Night Cream - view 3,2
2655,666,,https://cdn.shopnorth.example/p/666/1.jpg,Voltix Heritage Gentle Cleanser - view 1,0
2656,666,,https://cdn.shopnorth.example/p/666/2.jpg,Voltix Heritage Gentle Cleanser - view 2,1
2657,666,,https://cdn.shopnorth.example/p/666/3.jpg,Voltix Heritage Gentle Cleanser - view 3,2
2658,666,,https://cdn.shopnorth.example/p/666/4.jpg,Voltix Heritage Gentle Cleanser - view 4,3
2659,667,,https://cdn.shopnorth.example/p/667/1.jpg,Cobalt Audio Premium Ribbed Tank - view 1,0
2660,667,,https://cdn.shopnorth.example/p/667/2.jpg,Cobalt Audio Premium Ribbed Tank - view 2,1
2661,667,,https://cdn.shopnorth.example/p/667/3.jpg,Cobalt Audio Premium Ribbed Tank - view 3,2
2662,667,,https://cdn.shopnorth.example/p/667/4.jpg,Cobalt Audio Premium Ribbed Tank - view 4,3
2663,667,,https://cdn.shopnorth.example/p/667/5.jpg,Cobalt Audio Premium Ribbed Tank - view 5,4
2664,667,3128,https://cdn.shopnorth.example/p/667/sand.jpg,Cobalt Audio Premium Ribbed Tank in Sand,11
2665,667,3134,https://cdn.shopnorth.example/p/667/forest-green.jpg,Cobalt Audio Premium Ribbed Tank in Forest Green,12
2666,667,3140,https://cdn.shopnorth.example/p/667/burgundy.jpg,Cobalt Audio Premium Ribbed Tank in Burgundy,13
2667,667,3145,https://cdn.shopnorth.example/p/667/white.jpg,Cobalt Audio Premium Ribbed Tank in White,14
2668,668,,https://cdn.shopnorth.example/p/668/1.jpg,Trailhead Essential Camping Lantern - view 1,0
2669,668,,https://cdn.shopnorth.example/p/668/2.jpg,Trailhead Essential Camping Lantern - view 2,1
2670,668,,https://cdn.shopnorth.example/p/668/3.jpg,Trailhead Essential Camping Lantern - view 3,2
2671,668,,https://cdn.shopnorth.example/p/668/4.jpg,Trailhead Essential Camping Lantern - view 4,3
2672,669,,https://cdn.shopnorth.example/p/669/1.jpg,Quill Compact Over-Door Rack - view 1,0
2673,669,,https://cdn.shopnorth.example/p/669/2.jpg,Quill Compact Over-Door Rack - view 2,1
2674,669,,https://cdn.shopnorth.example/p/669/3.jpg,Quill Compact Over-Door Rack - view 3,2
2675,669,,https://cdn.shopnorth.example/p/669/4.jpg,Quill Compact Over-Door Rack - view 4,3
2676,670,,https://cdn.shopnorth.example/p/670/1.jpg,Ironbark Studio Camping Lantern - view 1,0
2677,670,,https://cdn.shopnorth.example/p/670/2.jpg,Ironbark Studio Camping Lantern - view 2,1
2678,670,,https://cdn.shopnorth.example/p/670/3.jpg,Ironbark Studio Camping Lantern - view 3,2
2679,670,,https://cdn.shopnorth.example/p/670/4.jpg,Ironbark Studio Camping Lantern - view 4,3
2680,671,,https://cdn.shopnorth.example/p/671/1.jpg,Cobalt Audio Studio Bike Lock - view 1,0
2681,671,,https://cdn.shopnorth.example/p/671/2.jpg,Cobalt Audio Studio Bike Lock - view 2,1
2682,671,,https://cdn.shopnorth.example/p/671/3.jpg,Cobalt Audio Studio Bike Lock - view 3,2
2683,671,,https://cdn.shopnorth.example/p/671/4.jpg,Cobalt Audio Studio Bike Lock - view 4,3
2684,672,,https://cdn.shopnorth.example/p/672/1.jpg,Brightfield Ultra Gentle Cleanser - view 1,0
2685,672,,https://cdn.shopnorth.example/p/672/2.jpg,Brightfield Ultra Gentle Cleanser - view 2,1
2686,673,,https://cdn.shopnorth.example/p/673/1.jpg,Glowbar Pro Magnetic Tiles - view 1,0
2687,674,,https://cdn.shopnorth.example/p/674/1.jpg,Seaside Skin Classic Puffer Jacket - view 1,0
2688,674,3157,https://cdn.shopnorth.example/p/674/charcoal.jpg,Seaside Skin Classic Puffer Jacket in Charcoal,11
2689,674,3163,https://cdn.shopnorth.example/p/674/white.jpg,Seaside Skin Classic Puffer Jacket in White,12
2690,675,,https://cdn.shopnorth.example/p/675/1.jpg,Halcyon Home Eco Road Running Shoe - view 1,0
2691,675,,https://cdn.shopnorth.example/p/675/2.jpg,Halcyon Home Eco Road Running Shoe - view 2,1
2692,675,,https://cdn.shopnorth.example/p/675/3.jpg,Halcyon Home Eco Road Running Shoe - view 3,2
2693,675,,https://cdn.shopnorth.example/p/675/4.jpg,Halcyon Home Eco Road Running Shoe - view 4,3
2694,675,,https://cdn.shopnorth.example/p/675/5.jpg,Halcyon Home Eco Road Running Shoe - view 5,4
2695,675,3168,https://cdn.shopnorth.example/p/675/sand.jpg,Halcyon Home Eco Road Running Shoe in Sand,11
2696,676,,https://cdn.shopnorth.example/p/676/1.jpg,Nimbus Tech Max Toaster Oven - view 1,0
2697,676,,https://cdn.shopnorth.example/p/676/2.jpg,Nimbus Tech Max Toaster Oven - view 2,1
2698,676,,https://cdn.shopnorth.example/p/676/3.jpg,Nimbus Tech Max Toaster Oven - view 3,2
2699,677,,https://cdn.shopnorth.example/p/677/1.jpg,Northwind Signature Chew Toy - view 1,0
2700,677,,https://cdn.shopnorth.example/p/677/2.jpg,Northwind Signature Chew Toy - view 2,1
2701,677,,https://cdn.shopnorth.example/p/677/3.jpg,Northwind Signature Chew Toy - view 3,2
2702,678,,https://cdn.shopnorth.example/p/678/1.jpg,"Kestrel Max 14"" Ultrabook - view 1",0
2703,678,,https://cdn.shopnorth.example/p/678/2.jpg,"Kestrel Max 14"" Ultrabook - view 2",1
2704,678,3177,https://cdn.shopnorth.example/p/678/space-gray.jpg,"Kestrel Max 14"" Ultrabook in Space Gray",11
2705,678,3179,https://cdn.shopnorth.example/p/678/silver.jpg,"Kestrel Max 14"" Ultrabook in Silver",12
2706,679,,https://cdn.shopnorth.example/p/679/1.jpg,Halcyon Home Ultra Linen Duvet Cover - view 1,0
2707,679,,https://cdn.shopnorth.example/p/679/2.jpg,Halcyon Home Ultra Linen Duvet Cover - view 2,1
2708,679,,https://cdn.shopnorth.example/p/679/3.jpg,Halcyon Home Ultra Linen Duvet Cover - view 3,2
2709,679,,https://cdn.shopnorth.example/p/679/4.jpg,Halcyon Home Ultra Linen Duvet Cover - view 4,3
2710,680,,https://cdn.shopnorth.example/p/680/1.jpg,Apex Motion Max Espresso Machine - view 1,0
2711,680,,https://cdn.shopnorth.example/p/680/2.jpg,Apex Motion Max Espresso Machine - view 2,1
2712,680,,https://cdn.shopnorth.example/p/680/3.jpg,Apex Motion Max Espresso Machine - view 3,2
2713,680,,https://cdn.shopnorth.example/p/680/4.jpg,Apex Motion Max Espresso Machine - view 4,3
2714,680,,https://cdn.shopnorth.example/p/680/5.jpg,Apex Motion Max Espresso Machine - view 5,4
2715,681,,https://cdn.shopnorth.example/p/681/1.jpg,Lumora Everyday Screen Protector 2-Pack - view 1,0
2716,681,,https://cdn.shopnorth.example/p/681/2.jpg,Lumora Everyday Screen Protector 2-Pack - view 2,1
2717,681,,https://cdn.shopnorth.example/p/681/3.jpg,Lumora Everyday Screen Protector 2-Pack - view 3,2
2718,681,,https://cdn.shopnorth.example/p/681/4.jpg,Lumora Everyday Screen Protector 2-Pack - view 4,3
2719,681,3186,https://cdn.shopnorth.example/p/681/charcoal.jpg,Lumora Everyday Screen Protector 2-Pack in Charcoal,11
2720,681,3187,https://cdn.shopnorth.example/p/681/olive.jpg,Lumora Everyday Screen Protector 2-Pack in Olive,12
2721,681,3188,https://cdn.shopnorth.example/p/681/black.jpg,Lumora Everyday Screen Protector 2-Pack in Black,13
2722,681,3189,https://cdn.shopnorth.example/p/681/heather-gray.jpg,Lumora Everyday Screen Protector 2-Pack in Heather Gray,14
2723,682,,https://cdn.shopnorth.example/p/682/1.jpg,Nimbus Tech Eco Strategy Board Game - view 1,0
2724,682,,https://cdn.shopnorth.example/p/682/2.jpg,Nimbus Tech Eco Strategy Board Game - view 2,1
2725,683,,https://cdn.shopnorth.example/p/683/1.jpg,Seaside Skin Everyday Orthopedic Dog Bed - view 1,0
2726,683,,https://cdn.shopnorth.example/p/683/2.jpg,Seaside Skin Everyday Orthopedic Dog Bed - view 2,1
2727,684,,https://cdn.shopnorth.example/p/684/1.jpg,Glowbar Heritage Gentle Cleanser - view 1,0
2728,684,,https://cdn.shopnorth.example/p/684/2.jpg,Glowbar Heritage Gentle Cleanser - view 2,1
2729,684,,https://cdn.shopnorth.example/p/684/3.jpg,Glowbar Heritage Gentle Cleanser - view 3,2
2730,685,,https://cdn.shopnorth.example/p/685/1.jpg,Arcadia Eco Eau de Toilette 100ml - view 1,0
2731,685,,https://cdn.shopnorth.example/p/685/2.jpg,Arcadia Eco Eau de Toilette 100ml - view 2,1
2732,685,,https://cdn.shopnorth.example/p/685/3.jpg,Arcadia Eco Eau de Toilette 100ml - view 3,2
2733,685,,https://cdn.shopnorth.example/p/685/4.jpg,Arcadia Eco Eau de Toilette 100ml - view 4,3
2734,686,,https://cdn.shopnorth.example/p/686/1.jpg,Solstice Everyday Wool Coat - view 1,0
2735,686,3194,https://cdn.shopnorth.example/p/686/sand.jpg,Solstice Everyday Wool Coat in Sand,11
2736,686,3199,https://cdn.shopnorth.example/p/686/sky-blue.jpg,Solstice Everyday Wool Coat in Sky Blue,12
2737,687,,https://cdn.shopnorth.example/p/687/1.jpg,Solstice Signature Hybrid Bike - view 1,0
2738,687,,https://cdn.shopnorth.example/p/687/2.jpg,Solstice Signature Hybrid Bike - view 2,1
2739,687,,https://cdn.shopnorth.example/p/687/3.jpg,Solstice Signature Hybrid Bike - view 3,2
2740,687,,https://cdn.shopnorth.example/p/687/4.jpg,Solstice Signature Hybrid Bike - view 4,3
2741,687,,https://cdn.shopnorth.example/p/687/5.jpg,Solstice Signature Hybrid Bike - view 5,4
2742,688,,https://cdn.shopnorth.example/p/688/1.jpg,Glowbar Premium Straight Leg Jeans - view 1,0
2743,688,,https://cdn.shopnorth.example/p/688/2.jpg,Glowbar Premium Straight Leg Jeans - view 2,1
2744,688,3205,https://cdn.shopnorth.example/p/688/burgundy.jpg,Glowbar Premium Straight Leg Jeans in Burgundy,11
2745,689,,https://cdn.shopnorth.example/p/689/1.jpg,Birchwood Pro Oxford Shirt - view 1,0
2746,689,,https://cdn.shopnorth.example/p/689/2.jpg,Birchwood Pro Oxford Shirt - view 2,1
2747,689,3211,https://cdn.shopnorth.example/p/689/burgundy.jpg,Birchwood Pro Oxford Shirt in Burgundy,11
2748,690,,https://cdn.shopnorth.example/p/690/1.jpg,Northwind Classic 2-in-1 Convertible Laptop - view 1,0
2749,690,,https://cdn.shopnorth.example/p/690/2.jpg,Northwind Classic 2-in-1 Convertible Laptop - view 2,1
2750,690,,https://cdn.shopnorth.example/p/690/3.jpg,Northwind Classic 2-in-1 Convertible Laptop - view 3,2
2751,690,3216,https://cdn.shopnorth.example/p/690/space-gray.jpg,Northwind Classic 2-in-1 Convertible Laptop in Space Gray,11
2752,690,3217,https://cdn.shopnorth.example/p/690/silver.jpg,Northwind Classic 2-in-1 Convertible Laptop in Silver,12
2753,691,,https://cdn.shopnorth.example/p/691/1.jpg,Voltix Studio Chelsea Boot - view 1,0
2754,691,,https://cdn.shopnorth.example/p/691/2.jpg,Voltix Studio Chelsea Boot - view 2,1
2755,691,3220,https://cdn.shopnorth.example/p/691/navy.jpg,Voltix Studio Chelsea Boot in Navy,11
2756,691,3227,https://cdn.shopnorth.example/p/691/sand.jpg,Voltix Studio Chelsea Boot in Sand,12
2757,692,,https://cdn.shopnorth.example/p/692/1.jpg,Veloce Ultra USB-C Charging Cable - view 1,0
2758,692,,https://cdn.shopnorth.example/p/692/2.jpg,Veloce Ultra USB-C Charging Cable - view 2,1
2759,692,3234,https://cdn.shopnorth.example/p/692/charcoal.jpg,Veloce Ultra USB-C Charging Cable in Charcoal,11
2760,692,3235,https://cdn.shopnorth.example/p/692/olive.jpg,Veloce Ultra USB-C Charging Cable in Olive,12
2761,692,3236,https://cdn.shopnorth.example/p/692/navy.jpg,Veloce Ultra USB-C Charging Cable in Navy,13
2762,692,3237,https://cdn.shopnorth.example/p/692/black.jpg,Veloce Ultra USB-C Charging Cable in Black,14
2763,693,,https://cdn.shopnorth.example/p/693/1.jpg,Pulse Fitness Max Air Fryer - view 1,0
2764,694,,https://cdn.shopnorth.example/p/694/1.jpg,Wren & Co. Max Wall Mirror - view 1,0
2765,694,,https://cdn.shopnorth.example/p/694/2.jpg,Wren & Co. Max Wall Mirror - view 2,1
2766,695,,https://cdn.shopnorth.example/p/695/1.jpg,Luxe Botanica Lightweight Eau de Toilette 100ml - view 1,0
2767,695,,https://cdn.shopnorth.example/p/695/2.jpg,Luxe Botanica Lightweight Eau de Toilette 100ml - view 2,1
2768,695,,https://cdn.shopnorth.example/p/695/3.jpg,Luxe Botanica Lightweight Eau de Toilette 100ml - view 3,2
2769,695,,https://cdn.shopnorth.example/p/695/4.jpg,Luxe Botanica Lightweight Eau de Toilette 100ml - view 4,3
2770,695,,https://cdn.shopnorth.example/p/695/5.jpg,Luxe Botanica Lightweight Eau de Toilette 100ml - view 5,4
2771,696,,https://cdn.shopnorth.example/p/696/1.jpg,Apex Motion Lightweight Video Doorbell - view 1,0
2772,696,,https://cdn.shopnorth.example/p/696/2.jpg,Apex Motion Lightweight Video Doorbell - view 2,1
2773,696,3241,https://cdn.shopnorth.example/p/696/black.jpg,Apex Motion Lightweight Video Doorbell in Black,11
2774,696,3242,https://cdn.shopnorth.example/p/696/burgundy.jpg,Apex Motion Lightweight Video Doorbell in Burgundy,12
2775,696,3243,https://cdn.shopnorth.example/p/696/sand.jpg,Apex Motion Lightweight Video Doorbell in Sand,13
2776,696,3244,https://cdn.shopnorth.example/p/696/blush.jpg,Apex Motion Lightweight Video Doorbell in Blush,14
2777,697,,https://cdn.shopnorth.example/p/697/1.jpg,Kestrel Ultra Dash Cam - view 1,0
2778,697,,https://cdn.shopnorth.example/p/697/2.jpg,Kestrel Ultra Dash Cam - view 2,1
2779,697,,https://cdn.shopnorth.example/p/697/3.jpg,Kestrel Ultra Dash Cam - view 3,2
2780,697,,https://cdn.shopnorth.example/p/697/4.jpg,Kestrel Ultra Dash Cam - view 4,3
2781,697,,https://cdn.shopnorth.example/p/697/5.jpg,Kestrel Ultra Dash Cam - view 5,4
2782,697,3245,https://cdn.shopnorth.example/p/697/forest-green.jpg,Kestrel Ultra Dash Cam in Forest Green,11
2783,697,3246,https://cdn.shopnorth.example/p/697/sand.jpg,Kestrel Ultra Dash Cam in Sand,12
2784,698,,https://cdn.shopnorth.example/p/698/1.jpg,Marlowe Ultra Water Blaster - view 1,0
2785,698,,https://cdn.shopnorth.example/p/698/2.jpg,Marlowe Ultra Water Blaster - view 2,1
2786,699,,https://cdn.shopnorth.example/p/699/1.jpg,Northwind Studio Folding Camp Chair - view 1,0
2787,699,,https://cdn.shopnorth.example/p/699/2.jpg,Northwind Studio Folding Camp Chair - view 2,1
2788,699,,https://cdn.shopnorth.example/p/699/3.jpg,Northwind Studio Folding Camp Chair - view 3,2
2789,699,,https://cdn.shopnorth.example/p/699/4.jpg,Northwind Studio Folding Camp Chair - view 4,3
2790,700,,https://cdn.shopnorth.example/p/700/1.jpg,Arcadia Pro Stand Mixer - view 1,0
2791,700,,https://cdn.shopnorth.example/p/700/2.jpg,Arcadia Pro Stand Mixer - view 2,1
2792,700,,https://cdn.shopnorth.example/p/700/3.jpg,Arcadia Pro Stand Mixer - view 3,2
2793,701,,https://cdn.shopnorth.example/p/701/1.jpg,Trailhead Max Dash Cam - view 1,0
2794,701,,https://cdn.shopnorth.example/p/701/2.jpg,Trailhead Max Dash Cam - view 2,1
2795,701,,https://cdn.shopnorth.example/p/701/3.jpg,Trailhead Max Dash Cam - view 3,2
2796,701,3250,https://cdn.shopnorth.example/p/701/sand.jpg,Trailhead Max Dash Cam in Sand,11
2797,701,3251,https://cdn.shopnorth.example/p/701/sky-blue.jpg,Trailhead Max Dash Cam in Sky Blue,12
2798,701,3252,https://cdn.shopnorth.example/p/701/forest-green.jpg,Trailhead Max Dash Cam in Forest Green,13
2799,701,3253,https://cdn.shopnorth.example/p/701/heather-gray.jpg,Trailhead Max Dash Cam in Heather Gray,14
2800,702,,https://cdn.shopnorth.example/p/702/1.jpg,Cinder Premium Kettlebell - view 1,0
2801,702,,https://cdn.shopnorth.example/p/702/2.jpg,Cinder Premium Kettlebell - view 2,1
2802,702,,https://cdn.shopnorth.example/p/702/3.jpg,Cinder Premium Kettlebell - view 3,2
2803,702,,https://cdn.shopnorth.example/p/702/4.jpg,Cinder Premium Kettlebell - view 4,3
2804,702,,https://cdn.shopnorth.example/p/702/5.jpg,Cinder Premium Kettlebell - view 5,4
2805,703,,https://cdn.shopnorth.example/p/703/1.jpg,Rove Ultra Rain Shell - view 1,0
2806,703,,https://cdn.shopnorth.example/p/703/2.jpg,Rove Ultra Rain Shell - view 2,1
2807,703,,https://cdn.shopnorth.example/p/703/3.jpg,Rove Ultra Rain Shell - view 3,2
2808,703,,https://cdn.shopnorth.example/p/703/4.jpg,Rove Ultra Rain Shell - view 4,3
2809,703,3255,https://cdn.shopnorth.example/p/703/heather-gray.jpg,Rove Ultra Rain Shell in Heather Gray,11
2810,703,3260,https://cdn.shopnorth.example/p/703/olive.jpg,Rove Ultra Rain Shell in Olive,12
2811,703,3266,https://cdn.shopnorth.example/p/703/forest-green.jpg,Rove Ultra Rain Shell in Forest Green,13
2812,703,3272,https://cdn.shopnorth.example/p/703/sand.jpg,Rove Ultra Rain Shell in Sand,14
2813,704,,https://cdn.shopnorth.example/p/704/1.jpg,Lumora Ultra Waterproof Winter Boot - view 1,0
2814,704,,https://cdn.shopnorth.example/p/704/2.jpg,Lumora Ultra Waterproof Winter Boot - view 2,1
2815,704,,https://cdn.shopnorth.example/p/704/3.jpg,Lumora Ultra Waterproof Winter Boot - view 3,2
2816,704,,https://cdn.shopnorth.example/p/704/4.jpg,Lumora Ultra Waterproof Winter Boot - view 4,3
2817,704,3277,https://cdn.shopnorth.example/p/704/navy.jpg,Lumora Ultra Waterproof Winter Boot in Navy,11
2818,705,,https://cdn.shopnorth.example/p/705/1.jpg,Everkind Essential High-Speed Blender - view 1,0
2819,705,,https://cdn.shopnorth.example/p/705/2.jpg,Everkind Essential High-Speed Blender - view 2,1
2820,705,,https://cdn.shopnorth.example/p/705/3.jpg,Everkind Essential High-Speed Blender - view 3,2
2821,705,,https://cdn.shopnorth.example/p/705/4.jpg,Everkind Essential High-Speed Blender - view 4,3
2822,705,,https://cdn.shopnorth.example/p/705/5.jpg,Everkind Essential High-Speed Blender - view 5,4
2823,706,,https://cdn.shopnorth.example/p/706/1.jpg,Quill Classic High-Speed Blender - view 1,0
2824,706,,https://cdn.shopnorth.example/p/706/2.jpg,Quill Classic High-Speed Blender - view 2,1
2825,706,,https://cdn.shopnorth.example/p/706/3.jpg,Quill Classic High-Speed Blender - view 3,2
2826,706,,https://cdn.shopnorth.example/p/706/4.jpg,Quill Classic High-Speed Blender - view 4,3
2827,707,,https://cdn.shopnorth.example/p/707/1.jpg,Seaside Skin Classic Over-Door Rack - view 1,0
2828,708,,https://cdn.shopnorth.example/p/708/1.jpg,Alder & Pine Ultra Building Block Set - view 1,0
2829,708,,https://cdn.shopnorth.example/p/708/2.jpg,Alder & Pine Ultra Building Block Set - view 2,1
2830,708,,https://cdn.shopnorth.example/p/708/3.jpg,Alder & Pine Ultra Building Block Set - view 3,2
2831,709,,https://cdn.shopnorth.example/p/709/1.jpg,Kestrel Pro High-Waist Leggings - view 1,0
2832,709,3288,https://cdn.shopnorth.example/p/709/sand.jpg,Kestrel Pro High-Waist Leggings in Sand,11
2833,710,,https://cdn.shopnorth.example/p/710/1.jpg,Ember & Oak Lightweight Flannel Shirt - view 1,0
2834,710,3293,https://cdn.shopnorth.example/p/710/sky-blue.jpg,Ember & Oak Lightweight Flannel Shirt in Sky Blue,11
2835,710,3299,https://cdn.shopnorth.example/p/710/sand.jpg,Ember & Oak Lightweight Flannel Shirt in Sand,12
2836,710,3304,https://cdn.shopnorth.example/p/710/burgundy.jpg,Ember & Oak Lightweight Flannel Shirt in Burgundy,13
2837,711,,https://cdn.shopnorth.example/p/711/1.jpg,Cobalt Audio Ultra Performance Polo - view 1,0
2838,711,,https://cdn.shopnorth.example/p/711/2.jpg,Cobalt Audio Ultra Performance Polo - view 2,1
2839,711,,https://cdn.shopnorth.example/p/711/3.jpg,Cobalt Audio Ultra Performance Polo - view 3,2
2840,711,,https://cdn.shopnorth.example/p/711/4.jpg,Cobalt Audio Ultra Performance Polo - view 4,3
2841,711,,https://cdn.shopnorth.example/p/711/5.jpg,Cobalt Audio Ultra Performance Polo - view 5,4
2842,711,3309,https://cdn.shopnorth.example/p/711/heather-gray.jpg,Cobalt Audio Ultra Performance Polo in Heather Gray,11
2843,711,3315,https://cdn.shopnorth.example/p/711/blush.jpg,Cobalt Audio Ultra Performance Polo in Blush,12
2844,711,3321,https://cdn.shopnorth.example/p/711/white.jpg,Cobalt Audio Ultra Performance Polo in White,13
2845,711,3327,https://cdn.shopnorth.example/p/711/black.jpg,Cobalt Audio Ultra Performance Polo in Black,14
2846,712,,https://cdn.shopnorth.example/p/712/1.jpg,Cinder Essential Hydrating Moisturizer - view 1,0
2847,712,,https://cdn.shopnorth.example/p/712/2.jpg,Cinder Essential Hydrating Moisturizer - view 2,1
2848,712,,https://cdn.shopnorth.example/p/712/3.jpg,Cinder Essential Hydrating Moisturizer - view 3,2
2849,712,,https://cdn.shopnorth.example/p/712/4.jpg,Cinder Essential Hydrating Moisturizer - view 4,3
2850,712,,https://cdn.shopnorth.example/p/712/5.jpg,Cinder Essential Hydrating Moisturizer - view 5,4
2851,713,,https://cdn.shopnorth.example/p/713/1.jpg,Everkind Ultra Folding Camp Chair - view 1,0
2852,713,,https://cdn.shopnorth.example/p/713/2.jpg,Everkind Ultra Folding Camp Chair - view 2,1
2853,713,,https://cdn.shopnorth.example/p/713/3.jpg,Everkind Ultra Folding Camp Chair - view 3,2
2854,714,,https://cdn.shopnorth.example/p/714/1.jpg,Wren & Co. Everyday Tumbler 20oz - view 1,0
2855,714,,https://cdn.shopnorth.example/p/714/2.jpg,Wren & Co. Everyday Tumbler 20oz - view 2,1
2856,714,,https://cdn.shopnorth.example/p/714/3.jpg,Wren & Co. Everyday Tumbler 20oz - view 3,2
2857,714,3335,https://cdn.shopnorth.example/p/714/white.jpg,Wren & Co. Everyday Tumbler 20oz in White,11
2858,714,3336,https://cdn.shopnorth.example/p/714/forest-green.jpg,Wren & Co. Everyday Tumbler 20oz in Forest Green,12
2859,714,3337,https://cdn.shopnorth.example/p/714/olive.jpg,Wren & Co. Everyday Tumbler 20oz in Olive,13
2860,714,3338,https://cdn.shopnorth.example/p/714/navy.jpg,Wren & Co. Everyday Tumbler 20oz in Navy,14
2861,715,,https://cdn.shopnorth.example/p/715/1.jpg,Kinfolk Kitchen Classic Foam Roller - view 1,0
2862,715,,https://cdn.shopnorth.example/p/715/2.jpg,Kinfolk Kitchen Classic Foam Roller - view 2,1
2863,715,,https://cdn.shopnorth.example/p/715/3.jpg,Kinfolk Kitchen Classic Foam Roller - view 3,2
2864,715,,https://cdn.shopnorth.example/p/715/4.jpg,Kinfolk Kitchen Classic Foam Roller - view 4,3
2865,715,,https://cdn.shopnorth.example/p/715/5.jpg,Kinfolk Kitchen Classic Foam Roller - view 5,4
2866,716,,https://cdn.shopnorth.example/p/716/1.jpg,Kestrel Eco Retinol Night Cream - view 1,0
2867,716,,https://cdn.shopnorth.example/p/716/2.jpg,Kestrel Eco Retinol Night Cream - view 2,1
2868,717,,https://cdn.shopnorth.example/p/717/1.jpg,Summit Supply Compact Sleeping Bag - view 1,0
2869,718,,https://cdn.shopnorth.example/p/718/1.jpg,Marlowe Premium Hiking Boot - view 1,0
2870,718,3342,https://cdn.shopnorth.example/p/718/heather-gray.jpg,Marlowe Premium Hiking Boot in Heather Gray,11
2871,719,,https://cdn.shopnorth.example/p/719/1.jpg,Northwind Pro High-Waist Leggings - view 1,0
2872,719,,https://cdn.shopnorth.example/p/719/2.jpg,Northwind Pro High-Waist Leggings - view 2,1
2873,719,,https://cdn.shopnorth.example/p/719/3.jpg,Northwind Pro High-Waist Leggings - view 3,2
2874,719,3349,https://cdn.shopnorth.example/p/719/navy.jpg,Northwind Pro High-Waist Leggings in Navy,11
2875,719,3354,https://cdn.shopnorth.example/p/719/sky-blue.jpg,Northwind Pro High-Waist Leggings in Sky Blue,12
2876,720,,https://cdn.shopnorth.example/p/720/1.jpg,PawPal Signature Down Alternative Comforter - view 1,0
2877,720,,https://cdn.shopnorth.example/p/720/2.jpg,PawPal Signature Down Alternative Comforter - view 2,1
2878,720,,https://cdn.shopnorth.example/p/720/3.jpg,PawPal Signature Down Alternative Comforter - view 3,2
2879,720,,https://cdn.shopnorth.example/p/720/4.jpg,PawPal Signature Down Alternative Comforter - view 4,3
2880,721,,https://cdn.shopnorth.example/p/721/1.jpg,Fable Toys Everyday Gentle Cleanser - view 1,0
2881,721,,https://cdn.shopnorth.example/p/721/2.jpg,Fable Toys Everyday Gentle Cleanser - view 2,1
2882,722,,https://cdn.shopnorth.example/p/722/1.jpg,Northwind Pro Party Card Game - view 1,0
2883,722,,https://cdn.shopnorth.example/p/722/2.jpg,Northwind Pro Party Card Game - view 2,1
2884,722,,https://cdn.shopnorth.example/p/722/3.jpg,Northwind Pro Party Card Game - view 3,2
2885,723,,https://cdn.shopnorth.example/p/723/1.jpg,Kinfolk Kitchen Heritage Memory Foam Pillow - view 1,0
2886,723,,https://cdn.shopnorth.example/p/723/2.jpg,Kinfolk Kitchen Heritage Memory Foam Pillow - view 2,1
2887,724,,https://cdn.shopnorth.example/p/724/1.jpg,Saltwater Max Hybrid Bike - view 1,0
2888,724,,https://cdn.shopnorth.example/p/724/2.jpg,Saltwater Max Hybrid Bike - view 2,1
2889,724,,https://cdn.shopnorth.example/p/724/3.jpg,Saltwater Max Hybrid Bike - view 3,2
2890,724,,https://cdn.shopnorth.example/p/724/4.jpg,Saltwater Max Hybrid Bike - view 4,3
2891,725,,https://cdn.shopnorth.example/p/725/1.jpg,Nimbus Tech Premium Linen Blouse - view 1,0
2892,725,,https://cdn.shopnorth.example/p/725/2.jpg,Nimbus Tech Premium Linen Blouse - view 2,1
2893,725,3371,https://cdn.shopnorth.example/p/725/sand.jpg,Nimbus Tech Premium Linen Blouse in Sand,11
2894,726,,https://cdn.shopnorth.example/p/726/1.jpg,Tidewater Signature Kettlebell - view 1,0
2895,726,,https://cdn.shopnorth.example/p/726/2.jpg,Tidewater Signature Kettlebell - view 2,1
2896,727,,https://cdn.shopnorth.example/p/727/1.jpg,"Glowbar Max 15.6"" Laptop - view 1",0
2897,727,,https://cdn.shopnorth.example/p/727/2.jpg,"Glowbar Max 15.6"" Laptop - view 2",1
2898,727,3377,https://cdn.shopnorth.example/p/727/silver.jpg,"Glowbar Max 15.6"" Laptop in Silver",11
2899,727,3378,https://cdn.shopnorth.example/p/727/space-gray.jpg,"Glowbar Max 15.6"" Laptop in Space Gray",12
2900,728,,https://cdn.shopnorth.example/p/728/1.jpg,Fernway Signature Foam Roller - view 1,0
2901,728,,https://cdn.shopnorth.example/p/728/2.jpg,Fernway Signature Foam Roller - view 2,1
2902,728,,https://cdn.shopnorth.example/p/728/3.jpg,Fernway Signature Foam Roller - view 3,2
2903,728,,https://cdn.shopnorth.example/p/728/4.jpg,Fernway Signature Foam Roller - view 4,3
2904,729,,https://cdn.shopnorth.example/p/729/1.jpg,Fable Toys Studio Tinted Moisturizer - view 1,0
2905,730,,https://cdn.shopnorth.example/p/730/1.jpg,Brightfield Heritage Smart Plug - view 1,0
2906,730,,https://cdn.shopnorth.example/p/730/2.jpg,Brightfield Heritage Smart Plug - view 2,1
2907,730,,https://cdn.shopnorth.example/p/730/3.jpg,Brightfield Heritage Smart Plug - view 3,2
2908,730,,https://cdn.shopnorth.example/p/730/4.jpg,Brightfield Heritage Smart Plug - view 4,3
2909,730,,https://cdn.shopnorth.example/p/730/5.jpg,Brightfield Heritage Smart Plug - view 5,4
2910,730,3384,https://cdn.shopnorth.example/p/730/sand.jpg,Brightfield Heritage Smart Plug in Sand,11
2911,730,3385,https://cdn.shopnorth.example/p/730/white.jpg,Brightfield Heritage Smart Plug in White,12
2912,730,3386,https://cdn.shopnorth.example/p/730/burgundy.jpg,Brightfield Heritage Smart Plug in Burgundy,13
2913,731,,https://cdn.shopnorth.example/p/731/1.jpg,Alder & Pine Eco Cushioned Running Shoe - view 1,0
2914,731,,https://cdn.shopnorth.example/p/731/2.jpg,Alder & Pine Eco Cushioned Running Shoe - view 2,1
2915,731,,https://cdn.shopnorth.example/p/731/3.jpg,Alder & Pine Eco Cushioned Running Shoe - view 3,2
2916,731,3387,https://cdn.shopnorth.example/p/731/forest-green.jpg,Alder & Pine Eco Cushioned Running Shoe in Forest Green,11
2917,732,,https://cdn.shopnorth.example/p/732/1.jpg,PawPal Everyday Dry Shampoo - view 1,0
2918,733,,https://cdn.shopnorth.example/p/733/1.jpg,Marlowe Compact Straight Leg Jeans - view 1,0
2919,733,3395,https://cdn.shopnorth.example/p/733/blush.jpg,Marlowe Compact Straight Leg Jeans in Blush,11
2920,734,,https://cdn.shopnorth.example/p/734/1.jpg,Brightfield Studio Lip Tint - view 1,0
2921,734,,https://cdn.shopnorth.example/p/734/2.jpg,Brightfield Studio Lip Tint - view 2,1
2922,735,,https://cdn.shopnorth.example/p/735/1.jpg,Arcadia Max Down Alternative Comforter - view 1,0
2923,735,,https://cdn.shopnorth.example/p/735/2.jpg,Arcadia Max Down Alternative Comforter - view 2,1
2924,735,,https://cdn.shopnorth.example/p/735/3.jpg,Arcadia Max Down Alternative Comforter - view 3,2
2925,735,,https://cdn.shopnorth.example/p/735/4.jpg,Arcadia Max Down Alternative Comforter - view 4,3
2926,735,,https://cdn.shopnorth.example/p/735/5.jpg,Arcadia Max Down Alternative Comforter - view 5,4
2927,736,,https://cdn.shopnorth.example/p/736/1.jpg,Apex Motion Classic Action Camera - view 1,0
2928,736,,https://cdn.shopnorth.example/p/736/2.jpg,Apex Motion Classic Action Camera - view 2,1
2929,736,3406,https://cdn.shopnorth.example/p/736/black.jpg,Apex Motion Classic Action Camera in Black,11
2930,736,3407,https://cdn.shopnorth.example/p/736/burgundy.jpg,Apex Motion Classic Action Camera in Burgundy,12
2931,736,3408,https://cdn.shopnorth.example/p/736/sky-blue.jpg,Apex Motion Classic Action Camera in Sky Blue,13
2932,736,3409,https://cdn.shopnorth.example/p/736/blush.jpg,Apex Motion Classic Action Camera in Blush,14
2933,737,,https://cdn.shopnorth.example/p/737/1.jpg,Mosaic Kids Pro Denim Jacket - view 1,0
2934,737,,https://cdn.shopnorth.example/p/737/2.jpg,Mosaic Kids Pro Denim Jacket - view 2,1
2935,737,,https://cdn.shopnorth.example/p/737/3.jpg,Mosaic Kids Pro Denim Jacket - view 3,2
2936,737,,https://cdn.shopnorth.example/p/737/4.jpg,Mosaic Kids Pro Denim Jacket - view 4,3
2937,737,,https://cdn.shopnorth.example/p/737/5.jpg,Mosaic Kids Pro Denim Jacket - view 5,4
2938,737,3410,https://cdn.shopnorth.example/p/737/black.jpg,Mosaic Kids Pro Denim Jacket in Black,11
2939,737,3416,https://cdn.shopnorth.example/p/737/white.jpg,Mosaic Kids Pro Denim Jacket in White,12
2940,738,,https://cdn.shopnorth.example/p/738/1.jpg,Lumora Everyday Self-Cleaning Litter Box - view 1,0
2941,739,,https://cdn.shopnorth.example/p/739/1.jpg,Ember & Oak Max Insulated Water Bottle 32oz - view 1,0
2942,739,,https://cdn.shopnorth.example/p/739/2.jpg,Ember & Oak Max Insulated Water Bottle 32oz - view 2,1
2943,739,,https://cdn.shopnorth.example/p/739/3.jpg,Ember & Oak Max Insulated Water Bottle 32oz - view 3,2
2944,740,,https://cdn.shopnorth.example/p/740/1.jpg,Stratus Studio Cat Tree - view 1,0
2945,740,,https://cdn.shopnorth.example/p/740/2.jpg,Stratus Studio Cat Tree - view 2,1
2946,740,,https://cdn.shopnorth.example/p/740/3.jpg,Stratus Studio Cat Tree - view 3,2
2947,740,,https://cdn.shopnorth.example/p/740/4.jpg,Stratus Studio Cat Tree - view 4,3
2948,741,,https://cdn.shopnorth.example/p/741/1.jpg,Juniper Lane Ultra Ribbed Tank - view 1,0
2949,741,,https://cdn.shopnorth.example/p/741/2.jpg,Juniper Lane Ultra Ribbed Tank - view 2,1
2950,741,,https://cdn.shopnorth.example/p/741/3.jpg,Juniper Lane Ultra Ribbed Tank - view 3,2
2951,741,3425,https://cdn.shopnorth.example/p/741/olive.jpg,Juniper Lane Ultra Ribbed Tank in Olive,11
2952,741,3431,https://cdn.shopnorth.example/p/741/sand.jpg,Juniper Lane Ultra Ribbed Tank in Sand,12
2953,741,3437,https://cdn.shopnorth.example/p/741/blush.jpg,Juniper Lane Ultra Ribbed Tank in Blush,13
2954,742,,https://cdn.shopnorth.example/p/742/1.jpg,Trailhead Essential Resistance Band Set - view 1,0
2955,743,,https://cdn.shopnorth.example/p/743/1.jpg,Halcyon Home Heritage Folding Camp Chair - view 1,0
2956,744,,https://cdn.shopnorth.example/p/744/1.jpg,Cobalt Audio Eco Eau de Parfum 50ml - view 1,0
2957,744,,https://cdn.shopnorth.example/p/744/2.jpg,Cobalt Audio Eco Eau de Parfum 50ml - view 2,1
2958,744,,https://cdn.shopnorth.example/p/744/3.jpg,Cobalt Audio Eco Eau de Parfum 50ml - view 3,2
2959,745,,https://cdn.shopnorth.example/p/745/1.jpg,Cinder Premium Adjustable Dumbbells - view 1,0
2960,745,,https://cdn.shopnorth.example/p/745/2.jpg,Cinder Premium Adjustable Dumbbells - view 2,1
2961,746,,https://cdn.shopnorth.example/p/746/1.jpg,Saltwater Ultra Mirrorless Camera - view 1,0
2962,746,,https://cdn.shopnorth.example/p/746/2.jpg,Saltwater Ultra Mirrorless Camera - view 2,1
2963,746,,https://cdn.shopnorth.example/p/746/3.jpg,Saltwater Ultra Mirrorless Camera - view 3,2
2964,746,3447,https://cdn.shopnorth.example/p/746/navy.jpg,Saltwater Ultra Mirrorless Camera in Navy,11
2965,746,3448,https://cdn.shopnorth.example/p/746/blush.jpg,Saltwater Ultra Mirrorless Camera in Blush,12
2966,747,,https://cdn.shopnorth.example/p/747/1.jpg,Birchwood Studio Oxford Shirt - view 1,0
2967,747,3449,https://cdn.shopnorth.example/p/747/black.jpg,Birchwood Studio Oxford Shirt in Black,11
2968,748,,https://cdn.shopnorth.example/p/748/1.jpg,Apex Motion Eco Sport Earbuds - view 1,0
2969,748,,https://cdn.shopnorth.example/p/748/2.jpg,Apex Motion Eco Sport Earbuds - view 2,1
2970,748,,https://cdn.shopnorth.example/p/748/3.jpg,Apex Motion Eco Sport Earbuds - view 3,2
2971,748,,https://cdn.shopnorth.example/p/748/4.jpg,Apex Motion Eco Sport Earbuds - view 4,3
2972,748,,https://cdn.shopnorth.example/p/748/5.jpg,Apex Motion Eco Sport Earbuds - view 5,4
2973,748,3455,https://cdn.shopnorth.example/p/748/white.jpg,Apex Motion Eco Sport Earbuds in White,11
2974,748,3456,https://cdn.shopnorth.example/p/748/navy.jpg,Apex Motion Eco Sport Earbuds in Navy,12
2975,748,3457,https://cdn.shopnorth.example/p/748/forest-green.jpg,Apex Motion Eco Sport Earbuds in Forest Green,13
2976,749,,https://cdn.shopnorth.example/p/749/1.jpg,Luxe Botanica Compact Sports Bra - view 1,0
2977,749,,https://cdn.shopnorth.example/p/749/2.jpg,Luxe Botanica Compact Sports Bra - view 2,1
2978,749,3458,https://cdn.shopnorth.example/p/749/sky-blue.jpg,Luxe Botanica Compact Sports Bra in Sky Blue,11
2979,749,3463,https://cdn.shopnorth.example/p/749/blush.jpg,Luxe Botanica Compact Sports Bra in Blush,12
2980,750,,https://cdn.shopnorth.example/p/750/1.jpg,Seaside Skin Eco Orthopedic Dog Bed - view 1,0
2981,750,,https://cdn.shopnorth.example/p/750/2.jpg,Seaside Skin Eco Orthopedic Dog Bed - view 2,1
2982,750,,https://cdn.shopnorth.example/p/750/3.jpg,Seaside Skin Eco Orthopedic Dog Bed - view 3,2
2983,751,,https://cdn.shopnorth.example/p/751/1.jpg,Saltwater Eco Mirrorless Camera - view 1,0
2984,751,,https://cdn.shopnorth.example/p/751/2.jpg,Saltwater Eco Mirrorless Camera - view 2,1
2985,751,3470,https://cdn.shopnorth.example/p/751/sky-blue.jpg,Saltwater Eco Mirrorless Camera in Sky Blue,11
2986,751,3471,https://cdn.shopnorth.example/p/751/burgundy.jpg,Saltwater Eco Mirrorless Camera in Burgundy,12
2987,751,3472,https://cdn.shopnorth.example/p/751/heather-gray.jpg,Saltwater Eco Mirrorless Camera in Heather Gray,13
2988,751,3473,https://cdn.shopnorth.example/p/751/forest-green.jpg,Saltwater Eco Mirrorless Camera in Forest Green,14
2989,752,,https://cdn.shopnorth.example/p/752/1.jpg,Everkind Pro Building Block Set - view 1,0
2990,752,,https://cdn.shopnorth.example/p/752/2.jpg,Everkind Pro Building Block Set - view 2,1
2991,753,,https://cdn.shopnorth.example/p/753/1.jpg,Stratus Max Stand Mixer - view 1,0
2992,753,,https://cdn.shopnorth.example/p/753/2.jpg,Stratus Max Stand Mixer - view 2,1
2993,753,,https://cdn.shopnorth.example/p/753/3.jpg,Stratus Max Stand Mixer - view 3,2
2994,754,,https://cdn.shopnorth.example/p/754/1.jpg,Summit Supply Studio Sheet Pan Set - view 1,0
2995,754,,https://cdn.shopnorth.example/p/754/2.jpg,Summit Supply Studio Sheet Pan Set - view 2,1
2996,754,,https://cdn.shopnorth.example/p/754/3.jpg,Summit Supply Studio Sheet Pan Set - view 3,2
2997,754,,https://cdn.shopnorth.example/p/754/4.jpg,Summit Supply Studio Sheet Pan Set - view 4,3
2998,754,3476,https://cdn.shopnorth.example/p/754/heather-gray.jpg,Summit Supply Studio Sheet Pan Set in Heather Gray,11
2999,754,3477,https://cdn.shopnorth.example/p/754/sky-blue.jpg,Summit Supply Studio Sheet Pan Set in Sky Blue,12
3000,755,,https://cdn.shopnorth.example/p/755/1.jpg,Pulse Fitness Everyday Repair Shampoo - view 1,0
3001,756,,https://cdn.shopnorth.example/p/756/1.jpg,Oakridge Max Strategy Board Game - view 1,0
3002,756,,https://cdn.shopnorth.example/p/756/2.jpg,Oakridge Max Strategy Board Game - view 2,1
3003,757,,https://cdn.shopnorth.example/p/757/1.jpg,Fernway Essential Smart Bulb 4-Pack - view 1,0
3004,757,3480,https://cdn.shopnorth.example/p/757/burgundy.jpg,Fernway Essential Smart Bulb 4-Pack in Burgundy,11
3005,757,3481,https://cdn.shopnorth.example/p/757/charcoal.jpg,Fernway Essential Smart Bulb 4-Pack in Charcoal,12
3006,758,,https://cdn.shopnorth.example/p/758/1.jpg,Alder & Pine Studio Espresso Machine - view 1,0
3007,758,,https://cdn.shopnorth.example/p/758/2.jpg,Alder & Pine Studio Espresso Machine - view 2,1
3008,758,,https://cdn.shopnorth.example/p/758/3.jpg,Alder & Pine Studio Espresso Machine - view 3,2
3009,759,,https://cdn.shopnorth.example/p/759/1.jpg,Birchwood Essential Wool Coat - view 1,0
3010,759,,https://cdn.shopnorth.example/p/759/2.jpg,Birchwood Essential Wool Coat - view 2,1
3011,759,,https://cdn.shopnorth.example/p/759/3.jpg,Birchwood Essential Wool Coat - view 3,2
3012,759,3483,https://cdn.shopnorth.example/p/759/sand.jpg,Birchwood Essential Wool Coat in Sand,11
3013,759,3488,https://cdn.shopnorth.example/p/759/charcoal.jpg,Birchwood Essential Wool Coat in Charcoal,12
3014,759,3493,https://cdn.shopnorth.example/p/759/burgundy.jpg,Birchwood Essential Wool Coat in Burgundy,13
3015,759,3499,https://cdn.shopnorth.example/p/759/black.jpg,Birchwood Essential Wool Coat in Black,14
3016,760,,https://cdn.shopnorth.example/p/760/1.jpg,Luxe Botanica Essential Espresso Machine - view 1,0
3017,760,,https://cdn.shopnorth.example/p/760/2.jpg,Luxe Botanica Essential Espresso Machine - view 2,1
3018,760,,https://cdn.shopnorth.example/p/760/3.jpg,Luxe Botanica Essential Espresso Machine - view 3,2
3019,760,,https://cdn.shopnorth.example/p/760/4.jpg,Luxe Botanica Essential Espresso Machine - view 4,3
3020,760,,https://cdn.shopnorth.example/p/760/5.jpg,Luxe Botanica Essential Espresso Machine - view 5,4
3021,761,,https://cdn.shopnorth.example/p/761/1.jpg,Alder & Pine Lightweight Backyard Swing - view 1,0
3022,761,,https://cdn.shopnorth.example/p/761/2.jpg,Alder & Pine Lightweight Backyard Swing - view 2,1
3023,761,,https://cdn.shopnorth.example/p/761/3.jpg,Alder & Pine Lightweight Backyard Swing - view 3,2
3024,761,,https://cdn.shopnorth.example/p/761/4.jpg,Alder & Pine Lightweight Backyard Swing - view 4,3
3025,761,,https://cdn.shopnorth.example/p/761/5.jpg,Alder & Pine Lightweight Backyard Swing - view 5,4
3026,762,,https://cdn.shopnorth.example/p/762/1.jpg,Northwind Studio Sheet Pan Set - view 1,0
3027,762,,https://cdn.shopnorth.example/p/762/2.jpg,Northwind Studio Sheet Pan Set - view 2,1
3028,762,3507,https://cdn.shopnorth.example/p/762/charcoal.jpg,Northwind Studio Sheet Pan Set in Charcoal,11
3029,762,3508,https://cdn.shopnorth.example/p/762/black.jpg,Northwind Studio Sheet Pan Set in Black,12
3030,762,3509,https://cdn.shopnorth.example/p/762/white.jpg,Northwind Studio Sheet Pan Set in White,13
3031,763,,https://cdn.shopnorth.example/p/763/1.jpg,Trailhead Lightweight Resistance Band Set - view 1,0
3032,763,,https://cdn.shopnorth.example/p/763/2.jpg,Trailhead Lightweight Resistance Band Set - view 2,1
3033,763,,https://cdn.shopnorth.example/p/763/3.jpg,Trailhead Lightweight Resistance Band Set - view 3,2
3034,764,,https://cdn.shopnorth.example/p/764/1.jpg,Glowbar Max Chelsea Boot - view 1,0
3035,764,3511,https://cdn.shopnorth.example/p/764/olive.jpg,Glowbar Max Chelsea Boot in Olive,11
3036,765,,https://cdn.shopnorth.example/p/765/1.jpg,"Brightfield Eco 11"" Tablet - view 1",0
3037,765,,https://cdn.shopnorth.example/p/765/2.jpg,"Brightfield Eco 11"" Tablet - view 2",1
3038,765,,https://cdn.shopnorth.example/p/765/3.jpg,"Brightfield Eco 11"" Tablet - view 3",2
3039,765,3518,https://cdn.shopnorth.example/p/765/silver.jpg,"Brightfield Eco 11"" Tablet in Silver",11
3040,765,3519,https://cdn.shopnorth.example/p/765/space-gray.jpg,"Brightfield Eco 11"" Tablet in Space Gray",12
3041,766,,https://cdn.shopnorth.example/p/766/1.jpg,Tidewater Signature Eau de Toilette 100ml - view 1,0
3042,766,,https://cdn.shopnorth.example/p/766/2.jpg,Tidewater Signature Eau de Toilette 100ml - view 2,1
3043,767,,https://cdn.shopnorth.example/p/767/1.jpg,Cinder Max Cat Tree - view 1,0
3044,767,,https://cdn.shopnorth.example/p/767/2.jpg,Cinder Max Cat Tree - view 2,1
3045,768,,https://cdn.shopnorth.example/p/768/1.jpg,Saltwater Classic Video Doorbell - view 1,0
3046,768,3526,https://cdn.shopnorth.example/p/768/forest-green.jpg,Saltwater Classic Video Doorbell in Forest Green,11
3047,768,3527,https://cdn.shopnorth.example/p/768/olive.jpg,Saltwater Classic Video Doorbell in Olive,12
3048,769,,https://cdn.shopnorth.example/p/769/1.jpg,Wren & Co. Eco Trail Running Shoe - view 1,0
3049,769,3528,https://cdn.shopnorth.example/p/769/sky-blue.jpg,Wren & Co. Eco Trail Running Shoe in Sky Blue,11
3050,769,3535,https://cdn.shopnorth.example/p/769/charcoal.jpg,Wren & Co. Eco Trail Running Shoe in Charcoal,12
3051,770,,https://cdn.shopnorth.example/p/770/1.jpg,Arcadia Pro Linen Duvet Cover - view 1,0
3052,770,,https://cdn.shopnorth.example/p/770/2.jpg,Arcadia Pro Linen Duvet Cover - view 2,1
3053,770,,https://cdn.shopnorth.example/p/770/3.jpg,Arcadia Pro Linen Duvet Cover - view 3,2
3054,770,,https://cdn.shopnorth.example/p/770/4.jpg,Arcadia Pro Linen Duvet Cover - view 4,3
3055,770,,https://cdn.shopnorth.example/p/770/5.jpg,Arcadia Pro Linen Duvet Cover - view 5,4
3056,771,,https://cdn.shopnorth.example/p/771/1.jpg,Luxe Botanica Lightweight Sleeping Bag - view 1,0
3057,771,,https://cdn.shopnorth.example/p/771/2.jpg,Luxe Botanica Lightweight Sleeping Bag - view 2,1
3058,771,,https://cdn.shopnorth.example/p/771/3.jpg,Luxe Botanica Lightweight Sleeping Bag - view 3,2
3059,771,,https://cdn.shopnorth.example/p/771/4.jpg,Luxe Botanica Lightweight Sleeping Bag - view 4,3
3060,771,,https://cdn.shopnorth.example/p/771/5.jpg,Luxe Botanica Lightweight Sleeping Bag - view 5,4
3061,772,,https://cdn.shopnorth.example/p/772/1.jpg,Kestrel Studio Espresso Machine - view 1,0
3062,772,,https://cdn.shopnorth.example/p/772/2.jpg,Kestrel Studio Espresso Machine - view 2,1
3063,773,,https://cdn.shopnorth.example/p/773/1.jpg,Voltix Max Trail Running Shoe - view 1,0
3064,773,,https://cdn.shopnorth.example/p/773/2.jpg,Voltix Max Trail Running Shoe - view 2,1
3065,773,,https://cdn.shopnorth.example/p/773/3.jpg,Voltix Max Trail Running Shoe - view 3,2
3066,773,3548,https://cdn.shopnorth.example/p/773/forest-green.jpg,Voltix Max Trail Running Shoe in Forest Green,11
3067,774,,https://cdn.shopnorth.example/p/774/1.jpg,Lumora Everyday Hybrid Bike - view 1,0
3068,774,,https://cdn.shopnorth.example/p/774/2.jpg,Lumora Everyday Hybrid Bike - view 2,1
3069,774,,https://cdn.shopnorth.example/p/774/3.jpg,Lumora Everyday Hybrid Bike - view 3,2
3070,774,,https://cdn.shopnorth.example/p/774/4.jpg,Lumora Everyday Hybrid Bike - view 4,3
3071,775,,https://cdn.shopnorth.example/p/775/1.jpg,Rove Ultra Hiking Boot - view 1,0
3072,775,3556,https://cdn.shopnorth.example/p/775/sand.jpg,Rove Ultra Hiking Boot in Sand,11
3073,776,,https://cdn.shopnorth.example/p/776/1.jpg,Halcyon Home Everyday Scented Candle - view 1,0
3074,777,,https://cdn.shopnorth.example/p/777/1.jpg,Stratus Heritage Bike Helmet - view 1,0
3075,777,,https://cdn.shopnorth.example/p/777/2.jpg,Stratus Heritage Bike Helmet - view 2,1
3076,777,,https://cdn.shopnorth.example/p/777/3.jpg,Stratus Heritage Bike Helmet - view 3,2
3077,777,,https://cdn.shopnorth.example/p/777/4.jpg,Stratus Heritage Bike Helmet - view 4,3
3078,778,,https://cdn.shopnorth.example/p/778/1.jpg,Marlowe Heritage Repair Shampoo - view 1,0
3079,778,,https://cdn.shopnorth.example/p/778/2.jpg,Marlowe Heritage Repair Shampoo - view 2,1
3080,778,,https://cdn.shopnorth.example/p/778/3.jpg,Marlowe Heritage Repair Shampoo - view 3,2
3081,778,,https://cdn.shopnorth.example/p/778/4.jpg,Marlowe Heritage Repair Shampoo - view 4,3
3082,778,,https://cdn.shopnorth.example/p/778/5.jpg,Marlowe Heritage Repair Shampoo - view 5,4
3083,779,,https://cdn.shopnorth.example/p/779/1.jpg,Urban Nomad Heritage Foam Roller - view 1,0
3084,779,,https://cdn.shopnorth.example/p/779/2.jpg,Urban Nomad Heritage Foam Roller - view 2,1
3085,779,,https://cdn.shopnorth.example/p/779/3.jpg,Urban Nomad Heritage Foam Roller - view 3,2
3086,779,,https://cdn.shopnorth.example/p/779/4.jpg,Urban Nomad Heritage Foam Roller - view 4,3
3087,779,,https://cdn.shopnorth.example/p/779/5.jpg,Urban Nomad Heritage Foam Roller - view 5,4
3088,780,,https://cdn.shopnorth.example/p/780/1.jpg,Fable Toys Heritage Mineral Sunscreen SPF 50 - view 1,0
3089,780,,https://cdn.shopnorth.example/p/780/2.jpg,Fable Toys Heritage Mineral Sunscreen SPF 50 - view 2,1
3090,781,,https://cdn.shopnorth.example/p/781/1.jpg,Apex Motion Classic Cushioned Running Shoe - view 1,0
3091,781,3568,https://cdn.shopnorth.example/p/781/forest-green.jpg,Apex Motion Classic Cushioned Running Shoe in Forest Green,11
3092,781,3575,https://cdn.shopnorth.example/p/781/black.jpg,Apex Motion Classic Cushioned Running Shoe in Black,12
3093,782,,https://cdn.shopnorth.example/p/782/1.jpg,Pulse Fitness Eco Bike Lock - view 1,0
3094,782,,https://cdn.shopnorth.example/p/782/2.jpg,Pulse Fitness Eco Bike Lock - view 2,1
3095,782,,https://cdn.shopnorth.example/p/782/3.jpg,Pulse Fitness Eco Bike Lock - view 3,2
3096,782,,https://cdn.shopnorth.example/p/782/4.jpg,Pulse Fitness Eco Bike Lock - view 4,3
3097,782,,https://cdn.shopnorth.example/p/782/5.jpg,Pulse Fitness Eco Bike Lock - view 5,4
3098,783,,https://cdn.shopnorth.example/p/783/1.jpg,"Tidewater Max 15.6"" Laptop - view 1",0
3099,783,,https://cdn.shopnorth.example/p/783/2.jpg,"Tidewater Max 15.6"" Laptop - view 2",1
3100,783,,https://cdn.shopnorth.example/p/783/3.jpg,"Tidewater Max 15.6"" Laptop - view 3",2
3101,783,3583,https://cdn.shopnorth.example/p/783/space-gray.jpg,"Tidewater Max 15.6"" Laptop in Space Gray",11
3102,783,3584,https://cdn.shopnorth.example/p/783/silver.jpg,"Tidewater Max 15.6"" Laptop in Silver",12
3103,784,,https://cdn.shopnorth.example/p/784/1.jpg,Fable Toys Signature Wide Leg Trousers - view 1,0
3104,784,3587,https://cdn.shopnorth.example/p/784/sand.jpg,Fable Toys Signature Wide Leg Trousers in Sand,11
3105,785,,https://cdn.shopnorth.example/p/785/1.jpg,Kinfolk Kitchen Pro Noise Cancelling Headphones - view 1,0
3106,785,,https://cdn.shopnorth.example/p/785/2.jpg,Kinfolk Kitchen Pro Noise Cancelling Headphones - view 2,1
3107,785,,https://cdn.shopnorth.example/p/785/3.jpg,Kinfolk Kitchen Pro Noise Cancelling Headphones - view 3,2
3108,785,,https://cdn.shopnorth.example/p/785/4.jpg,Kinfolk Kitchen Pro Noise Cancelling Headphones - view 4,3
3109,785,,https://cdn.shopnorth.example/p/785/5.jpg,Kinfolk Kitchen Pro Noise Cancelling Headphones - view 5,4
3110,786,,https://cdn.shopnorth.example/p/786/1.jpg,Pulse Fitness Lightweight Vacuum Storage Bags - view 1,0
3111,787,,https://cdn.shopnorth.example/p/787/1.jpg,Urban Nomad Max Tumbler 20oz - view 1,0
3112,787,,https://cdn.shopnorth.example/p/787/2.jpg,Urban Nomad Max Tumbler 20oz - view 2,1
3113,787,,https://cdn.shopnorth.example/p/787/3.jpg,Urban Nomad Max Tumbler 20oz - view 3,2
3114,787,,https://cdn.shopnorth.example/p/787/4.jpg,Urban Nomad Max Tumbler 20oz - view 4,3
3115,787,,https://cdn.shopnorth.example/p/787/5.jpg,Urban Nomad Max Tumbler 20oz - view 5,4
3116,787,3595,https://cdn.shopnorth.example/p/787/white.jpg,Urban Nomad Max Tumbler 20oz in White,11
3117,787,3596,https://cdn.shopnorth.example/p/787/navy.jpg,Urban Nomad Max Tumbler 20oz in Navy,12
3118,788,,https://cdn.shopnorth.example/p/788/1.jpg,Summit Supply Ultra Leave-In Conditioner - view 1,0
3119,788,,https://cdn.shopnorth.example/p/788/2.jpg,Summit Supply Ultra Leave-In Conditioner - view 2,1
3120,789,,https://cdn.shopnorth.example/p/789/1.jpg,Trailhead Heritage Repair Shampoo - view 1,0
3121,789,,https://cdn.shopnorth.example/p/789/2.jpg,Trailhead Heritage Repair Shampoo - view 2,1
3122,789,,https://cdn.shopnorth.example/p/789/3.jpg,Trailhead Heritage Repair Shampoo - view 3,2
3123,790,,https://cdn.shopnorth.example/p/790/1.jpg,Summit Supply Essential Feather Wand Toy - view 1,0
3124,790,,https://cdn.shopnorth.example/p/790/2.jpg,Summit Supply Essential Feather Wand Toy - view 2,1
3125,790,,https://cdn.shopnorth.example/p/790/3.jpg,Summit Supply Essential Feather Wand Toy - view 3,2
3126,790,,https://cdn.shopnorth.example/p/790/4.jpg,Summit Supply Essential Feather Wand Toy - view 4,3
3127,790,,https://cdn.shopnorth.example/p/790/5.jpg,Summit Supply Essential Feather Wand Toy - view 5,4
3128,791,,https://cdn.shopnorth.example/p/791/1.jpg,Cobalt Audio Max Video Doorbell - view 1,0
3129,791,,https://cdn.shopnorth.example/p/791/2.jpg,Cobalt Audio Max Video Doorbell - view 2,1
3130,791,,https://cdn.shopnorth.example/p/791/3.jpg,Cobalt Audio Max Video Doorbell - view 3,2
3131,791,,https://cdn.shopnorth.example/p/791/4.jpg,Cobalt Audio Max Video Doorbell - view 4,3
3132,791,3600,https://cdn.shopnorth.example/p/791/forest-green.jpg,Cobalt Audio Max Video Doorbell in Forest Green,11
3133,791,3601,https://cdn.shopnorth.example/p/791/white.jpg,Cobalt Audio Max Video Doorbell in White,12
3134,791,3602,https://cdn.shopnorth.example/p/791/olive.jpg,Cobalt Audio Max Video Doorbell in Olive,13
3135,792,,https://cdn.shopnorth.example/p/792/1.jpg,Veloce Ultra Power Bank 10000mAh - view 1,0
3136,792,,https://cdn.shopnorth.example/p/792/2.jpg,Veloce Ultra Power Bank 10000mAh - view 2,1
3137,792,,https://cdn.shopnorth.example/p/792/3.jpg,Veloce Ultra Power Bank 10000mAh - view 3,2
3138,792,,https://cdn.shopnorth.example/p/792/4.jpg,Veloce Ultra Power Bank 10000mAh - view 4,3
3139,793,,https://cdn.shopnorth.example/p/793/1.jpg,Quill Studio Espresso Machine - view 1,0
3140,794,,https://cdn.shopnorth.example/p/794/1.jpg,Solstice Max Eau de Parfum 50ml - view 1,0
3141,795,,https://cdn.shopnorth.example/p/795/1.jpg,Rove Heritage Chew Toy - view 1,0
3142,795,,https://cdn.shopnorth.example/p/795/2.jpg,Rove Heritage Chew Toy - view 2,1
3143,796,,https://cdn.shopnorth.example/p/796/1.jpg,Brightfield Ultra Screen Protector 2-Pack - view 1,0
3144,796,,https://cdn.shopnorth.example/p/796/2.jpg,Brightfield Ultra Screen Protector 2-Pack - view 2,1
3145,797,,https://cdn.shopnorth.example/p/797/1.jpg,Halcyon Home Heritage Mirrorless Camera - view 1,0
3146,797,,https://cdn.shopnorth.example/p/797/2.jpg,Halcyon Home Heritage Mirrorless Camera - view 2,1
3147,797,,https://cdn.shopnorth.example/p/797/3.jpg,Halcyon Home Heritage Mirrorless Camera - view 3,2
3148,797,3608,https://cdn.shopnorth.example/p/797/charcoal.jpg,Halcyon Home Heritage Mirrorless Camera in Charcoal,11
3149,797,3609,https://cdn.shopnorth.example/p/797/blush.jpg,Halcyon Home Heritage Mirrorless Camera in Blush,12
3150,797,3610,https://cdn.shopnorth.example/p/797/forest-green.jpg,Halcyon Home Heritage Mirrorless Camera in Forest Green,13
3151,797,3611,https://cdn.shopnorth.example/p/797/white.jpg,Halcyon Home Heritage Mirrorless Camera in White,14
3152,798,,https://cdn.shopnorth.example/p/798/1.jpg,PawPal Max Resistance Band Set - view 1,0
3153,798,,https://cdn.shopnorth.example/p/798/2.jpg,PawPal Max Resistance Band Set - view 2,1
3154,798,,https://cdn.shopnorth.example/p/798/3.jpg,PawPal Max Resistance Band Set - view 3,2
3155,798,,https://cdn.shopnorth.example/p/798/4.jpg,PawPal Max Resistance Band Set - view 4,3
3156,798,,https://cdn.shopnorth.example/p/798/5.jpg,PawPal Max Resistance Band Set - view 5,4
3157,799,,https://cdn.shopnorth.example/p/799/1.jpg,Nimbus Tech Premium 3D Wooden Puzzle - view 1,0
3158,799,,https://cdn.shopnorth.example/p/799/2.jpg,Nimbus Tech Premium 3D Wooden Puzzle - view 2,1
3159,800,,https://cdn.shopnorth.example/p/800/1.jpg,Fable Toys Signature Kettlebell - view 1,0
3160,800,,https://cdn.shopnorth.example/p/800/2.jpg,Fable Toys Signature Kettlebell - view 2,1
3161,800,,https://cdn.shopnorth.example/p/800/3.jpg,Fable Toys Signature Kettlebell - view 3,2
3162,800,,https://cdn.shopnorth.example/p/800/4.jpg,Fable Toys Signature Kettlebell - view 4,3
3163,800,,https://cdn.shopnorth.example/p/800/5.jpg,Fable Toys Signature Kettlebell - view 5,4
3164,801,,https://cdn.shopnorth.example/p/801/1.jpg,Urban Nomad Ultra Vitamin C Serum - view 1,0
3165,801,,https://cdn.shopnorth.example/p/801/2.jpg,Urban Nomad Ultra Vitamin C Serum - view 2,1
3166,801,,https://cdn.shopnorth.example/p/801/3.jpg,Urban Nomad Ultra Vitamin C Serum - view 3,2
3167,801,,https://cdn.shopnorth.example/p/801/4.jpg,Urban Nomad Ultra Vitamin C Serum - view 4,3
3168,801,,https://cdn.shopnorth.example/p/801/5.jpg,Urban Nomad Ultra Vitamin C Serum - view 5,4
3169,802,,https://cdn.shopnorth.example/p/802/1.jpg,PawPal Ultra Drawer Organizer - view 1,0
3170,803,,https://cdn.shopnorth.example/p/803/1.jpg,Birchwood Lightweight Throw Blanket - view 1,0
3171,804,,https://cdn.shopnorth.example/p/804/1.jpg,Summit Supply Studio Waterproof Winter Boot - view 1,0
3172,804,3618,https://cdn.shopnorth.example/p/804/navy.jpg,Summit Supply Studio Waterproof Winter Boot in Navy,11
3173,804,3625,https://cdn.shopnorth.example/p/804/olive.jpg,Summit Supply Studio Waterproof Winter Boot in Olive,12
3174,805,,https://cdn.shopnorth.example/p/805/1.jpg,Pulse Fitness Everyday Training Shorts - view 1,0
3175,805,,https://cdn.shopnorth.example/p/805/2.jpg,Pulse Fitness Everyday Training Shorts - view 2,1
3176,805,,https://cdn.shopnorth.example/p/805/3.jpg,Pulse Fitness Everyday Training Shorts - view 3,2
3177,805,,https://cdn.shopnorth.example/p/805/4.jpg,Pulse Fitness Everyday Training Shorts - view 4,3
3178,805,,https://cdn.shopnorth.example/p/805/5.jpg,Pulse Fitness Everyday Training Shorts - view 5,4
3179,805,3632,https://cdn.shopnorth.example/p/805/black.jpg,Pulse Fitness Everyday Training Shorts in Black,11
3180,805,3637,https://cdn.shopnorth.example/p/805/white.jpg,Pulse Fitness Everyday Training Shorts in White,12
3181,806,,https://cdn.shopnorth.example/p/806/1.jpg,Fable Toys Heritage 3D Wooden Puzzle - view 1,0
3182,806,,https://cdn.shopnorth.example/p/806/2.jpg,Fable Toys Heritage 3D Wooden Puzzle - view 2,1
3183,807,,https://cdn.shopnorth.example/p/807/1.jpg,Cinder Pro Dry Shampoo - view 1,0
3184,807,,https://cdn.shopnorth.example/p/807/2.jpg,Cinder Pro Dry Shampoo - view 2,1
3185,807,,https://cdn.shopnorth.example/p/807/3.jpg,Cinder Pro Dry Shampoo - view 3,2
3186,807,,https://cdn.shopnorth.example/p/807/4.jpg,Cinder Pro Dry Shampoo - view 4,3
3187,808,,https://cdn.shopnorth.example/p/808/1.jpg,"Harbor Goods Lightweight 15.6"" Laptop - view 1",0
3188,808,,https://cdn.shopnorth.example/p/808/2.jpg,"Harbor Goods Lightweight 15.6"" Laptop - view 2",1
3189,808,,https://cdn.shopnorth.example/p/808/3.jpg,"Harbor Goods Lightweight 15.6"" Laptop - view 3",2
3190,808,,https://cdn.shopnorth.example/p/808/4.jpg,"Harbor Goods Lightweight 15.6"" Laptop - view 4",3
3191,808,3645,https://cdn.shopnorth.example/p/808/silver.jpg,"Harbor Goods Lightweight 15.6"" Laptop in Silver",11
3192,808,3647,https://cdn.shopnorth.example/p/808/space-gray.jpg,"Harbor Goods Lightweight 15.6"" Laptop in Space Gray",12
3193,809,,https://cdn.shopnorth.example/p/809/1.jpg,Stratus Pro Toaster Oven - view 1,0
3194,809,,https://cdn.shopnorth.example/p/809/2.jpg,Stratus Pro Toaster Oven - view 2,1
3195,810,,https://cdn.shopnorth.example/p/810/1.jpg,PawPal Heritage High-Waist Leggings - view 1,0
3196,810,,https://cdn.shopnorth.example/p/810/2.jpg,PawPal Heritage High-Waist Leggings - view 2,1
3197,810,,https://cdn.shopnorth.example/p/810/3.jpg,PawPal Heritage High-Waist Leggings - view 3,2
3198,810,,https://cdn.shopnorth.example/p/810/4.jpg,PawPal Heritage High-Waist Leggings - view 4,3
3199,810,,https://cdn.shopnorth.example/p/810/5.jpg,PawPal Heritage High-Waist Leggings - view 5,4
3200,810,3649,https://cdn.shopnorth.example/p/810/olive.jpg,PawPal Heritage High-Waist Leggings in Olive,11
3201,810,3654,https://cdn.shopnorth.example/p/810/sand.jpg,PawPal Heritage High-Waist Leggings in Sand,12
3202,810,3660,https://cdn.shopnorth.example/p/810/white.jpg,PawPal Heritage High-Waist Leggings in White,13
3203,810,3665,https://cdn.shopnorth.example/p/810/charcoal.jpg,PawPal Heritage High-Waist Leggings in Charcoal,14
3204,811,,https://cdn.shopnorth.example/p/811/1.jpg,Wren & Co. Ultra Wide Leg Trousers - view 1,0
3205,811,,https://cdn.shopnorth.example/p/811/2.jpg,Wren & Co. Ultra Wide Leg Trousers - view 2,1
3206,811,,https://cdn.shopnorth.example/p/811/3.jpg,Wren & Co. Ultra Wide Leg Trousers - view 3,2
3207,811,,https://cdn.shopnorth.example/p/811/4.jpg,Wren & Co. Ultra Wide Leg Trousers - view 4,3
3208,811,,https://cdn.shopnorth.example/p/811/5.jpg,Wren & Co. Ultra Wide Leg Trousers - view 5,4
3209,811,3670,https://cdn.shopnorth.example/p/811/white.jpg,Wren & Co. Ultra Wide Leg Trousers in White,11
3210,811,3675,https://cdn.shopnorth.example/p/811/burgundy.jpg,Wren & Co. Ultra Wide Leg Trousers in Burgundy,12
3211,811,3680,https://cdn.shopnorth.example/p/811/sky-blue.jpg,Wren & Co. Ultra Wide Leg Trousers in Sky Blue,13
3212,812,,https://cdn.shopnorth.example/p/812/1.jpg,PawPal Everyday Action Camera - view 1,0
3213,812,3686,https://cdn.shopnorth.example/p/812/burgundy.jpg,PawPal Everyday Action Camera in Burgundy,11
3214,812,3687,https://cdn.shopnorth.example/p/812/sky-blue.jpg,PawPal Everyday Action Camera in Sky Blue,12
3215,812,3688,https://cdn.shopnorth.example/p/812/white.jpg,PawPal Everyday Action Camera in White,13
3216,813,,https://cdn.shopnorth.example/p/813/1.jpg,Juniper Lane Max Wireless Earbuds - view 1,0
3217,813,,https://cdn.shopnorth.example/p/813/2.jpg,Juniper Lane Max Wireless Earbuds - view 2,1
3218,813,3689,https://cdn.shopnorth.example/p/813/navy.jpg,Juniper Lane Max Wireless Earbuds in Navy,11
3219,813,3690,https://cdn.shopnorth.example/p/813/blush.jpg,Juniper Lane Max Wireless Earbuds in Blush,12
3220,813,3691,https://cdn.shopnorth.example/p/813/charcoal.jpg,Juniper Lane Max Wireless Earbuds in Charcoal,13
3221,813,3692,https://cdn.shopnorth.example/p/813/white.jpg,Juniper Lane Max Wireless Earbuds in White,14
3222,814,,https://cdn.shopnorth.example/p/814/1.jpg,Trailhead Ultra Performance Polo - view 1,0
3223,814,3693,https://cdn.shopnorth.example/p/814/white.jpg,Trailhead Ultra Performance Polo in White,11
3224,814,3698,https://cdn.shopnorth.example/p/814/sand.jpg,Trailhead Ultra Performance Polo in Sand,12
3225,814,3704,https://cdn.shopnorth.example/p/814/navy.jpg,Trailhead Ultra Performance Polo in Navy,13
3226,815,,https://cdn.shopnorth.example/p/815/1.jpg,Pulse Fitness Signature Drawer Organizer - view 1,0
3227,815,,https://cdn.shopnorth.example/p/815/2.jpg,Pulse Fitness Signature Drawer Organizer - view 2,1
3228,815,,https://cdn.shopnorth.example/p/815/3.jpg,Pulse Fitness Signature Drawer Organizer - view 3,2
3229,815,,https://cdn.shopnorth.example/p/815/4.jpg,Pulse Fitness Signature Drawer Organizer - view 4,3
3230,816,,https://cdn.shopnorth.example/p/816/1.jpg,Alder & Pine Everyday Family Trivia Game - view 1,0
3231,817,,https://cdn.shopnorth.example/p/817/1.jpg,Saltwater Signature Flip Flop - view 1,0
3232,817,,https://cdn.shopnorth.example/p/817/2.jpg,Saltwater Signature Flip Flop - view 2,1
3233,817,,https://cdn.shopnorth.example/p/817/3.jpg,Saltwater Signature Flip Flop - view 3,2
3234,817,,https://cdn.shopnorth.example/p/817/4.jpg,Saltwater Signature Flip Flop - view 4,3
3235,817,3711,https://cdn.shopnorth.example/p/817/burgundy.jpg,Saltwater Signature Flip Flop in Burgundy,11
3236,817,3718,https://cdn.shopnorth.example/p/817/heather-gray.jpg,Saltwater Signature Flip Flop in Heather Gray,12
3237,818,,https://cdn.shopnorth.example/p/818/1.jpg,Birchwood Lightweight Sleeping Bag - view 1,0
3238,818,,https://cdn.shopnorth.example/p/818/2.jpg,Birchwood Lightweight Sleeping Bag - view 2,1
3239,818,,https://cdn.shopnorth.example/p/818/3.jpg,Birchwood Lightweight Sleeping Bag - view 3,2
3240,818,,https://cdn.shopnorth.example/p/818/4.jpg,Birchwood Lightweight Sleeping Bag - view 4,3
3241,819,,https://cdn.shopnorth.example/p/819/1.jpg,Cobalt Audio Ultra Yoga Mat - view 1,0
3242,820,,https://cdn.shopnorth.example/p/820/1.jpg,Veloce Heritage Building Block Set - view 1,0
3243,821,,https://cdn.shopnorth.example/p/821/1.jpg,Everkind Classic Noise Cancelling Headphones - view 1,0
3244,821,,https://cdn.shopnorth.example/p/821/2.jpg,Everkind Classic Noise Cancelling Headphones - view 2,1
3245,821,,https://cdn.shopnorth.example/p/821/3.jpg,Everkind Classic Noise Cancelling Headphones - view 3,2
3246,821,,https://cdn.shopnorth.example/p/821/4.jpg,Everkind Classic Noise Cancelling Headphones - view 4,3
3247,822,,https://cdn.shopnorth.example/p/822/1.jpg,Quill Studio Yoga Mat - view 1,0
3248,822,,https://cdn.shopnorth.example/p/822/2.jpg,Quill Studio Yoga Mat - view 2,1
3249,822,,https://cdn.shopnorth.example/p/822/3.jpg,Quill Studio Yoga Mat - view 3,2
3250,822,,https://cdn.shopnorth.example/p/822/4.jpg,Quill Studio Yoga Mat - view 4,3
3251,822,,https://cdn.shopnorth.example/p/822/5.jpg,Quill Studio Yoga Mat - view 5,4
3252,823,,https://cdn.shopnorth.example/p/823/1.jpg,Glowbar Eco Espresso Machine - view 1,0
3253,823,,https://cdn.shopnorth.example/p/823/2.jpg,Glowbar Eco Espresso Machine - view 2,1
3254,824,,https://cdn.shopnorth.example/p/824/1.jpg,Juniper Lane Heritage Yoga Mat - view 1,0
3255,824,,https://cdn.shopnorth.example/p/824/2.jpg,Juniper Lane Heritage Yoga Mat - view 2,1
3256,824,,https://cdn.shopnorth.example/p/824/3.jpg,Juniper Lane Heritage Yoga Mat - view 3,2
3257,824,,https://cdn.shopnorth.example/p/824/4.jpg,Juniper Lane Heritage Yoga Mat - view 4,3
3258,824,,https://cdn.shopnorth.example/p/824/5.jpg,Juniper Lane Heritage Yoga Mat - view 5,4
3259,825,,https://cdn.shopnorth.example/p/825/1.jpg,PawPal Heritage Stainless Steel Cookware Set - view 1,0
3260,825,3732,https://cdn.shopnorth.example/p/825/forest-green.jpg,PawPal Heritage Stainless Steel Cookware Set in Forest Green,11
3261,825,3733,https://cdn.shopnorth.example/p/825/heather-gray.jpg,PawPal Heritage Stainless Steel Cookware Set in Heather Gray,12
3262,825,3734,https://cdn.shopnorth.example/p/825/burgundy.jpg,PawPal Heritage Stainless Steel Cookware Set in Burgundy,13
3263,826,,https://cdn.shopnorth.example/p/826/1.jpg,Summit Supply Premium Power Bank 10000mAh - view 1,0
3264,826,,https://cdn.shopnorth.example/p/826/2.jpg,Summit Supply Premium Power Bank 10000mAh - view 2,1
3265,826,,https://cdn.shopnorth.example/p/826/3.jpg,Summit Supply Premium Power Bank 10000mAh - view 3,2
3266,826,3735,https://cdn.shopnorth.example/p/826/black.jpg,Summit Supply Premium Power Bank 10000mAh in Black,11
3267,826,3736,https://cdn.shopnorth.example/p/826/sand.jpg,Summit Supply Premium Power Bank 10000mAh in Sand,12
3268,826,3737,https://cdn.shopnorth.example/p/826/charcoal.jpg,Summit Supply Premium Power Bank 10000mAh in Charcoal,13
3269,826,3738,https://cdn.shopnorth.example/p/826/burgundy.jpg,Summit Supply Premium Power Bank 10000mAh in Burgundy,14
3270,827,,https://cdn.shopnorth.example/p/827/1.jpg,Cinder Essential Area Rug - view 1,0
3271,827,,https://cdn.shopnorth.example/p/827/2.jpg,Cinder Essential Area Rug - view 2,1
3272,827,,https://cdn.shopnorth.example/p/827/3.jpg,Cinder Essential Area Rug - view 3,2
3273,827,,https://cdn.shopnorth.example/p/827/4.jpg,Cinder Essential Area Rug - view 4,3
3274,828,,https://cdn.shopnorth.example/p/828/1.jpg,Kinfolk Kitchen Lightweight Memory Foam Pillow - view 1,0
3275,828,,https://cdn.shopnorth.example/p/828/2.jpg,Kinfolk Kitchen Lightweight Memory Foam Pillow - view 2,1
3276,829,,https://cdn.shopnorth.example/p/829/1.jpg,Rove Pro Over-Door Rack - view 1,0
3277,829,,https://cdn.shopnorth.example/p/829/2.jpg,Rove Pro Over-Door Rack - view 2,1
3278,829,,https://cdn.shopnorth.example/p/829/3.jpg,Rove Pro Over-Door Rack - view 3,2
3279,830,,https://cdn.shopnorth.example/p/830/1.jpg,Saltwater Ultra Stackable Bins - view 1,0
3280,830,,https://cdn.shopnorth.example/p/830/2.jpg,Saltwater Ultra Stackable Bins - view 2,1
3281,830,,https://cdn.shopnorth.example/p/830/3.jpg,Saltwater Ultra Stackable Bins - view 3,2
3282,830,,https://cdn.shopnorth.example/p/830/4.jpg,Saltwater Ultra Stackable Bins - view 4,3
3283,831,,https://cdn.shopnorth.example/p/831/1.jpg,Juniper Lane Pro High-Waist Leggings - view 1,0
3284,831,,https://cdn.shopnorth.example/p/831/2.jpg,Juniper Lane Pro High-Waist Leggings - view 2,1
3285,831,,https://cdn.shopnorth.example/p/831/3.jpg,Juniper Lane Pro High-Waist Leggings - view 3,2
3286,831,,https://cdn.shopnorth.example/p/831/4.jpg,Juniper Lane Pro High-Waist Leggings - view 4,3
3287,831,3746,https://cdn.shopnorth.example/p/831/heather-gray.jpg,Juniper Lane Pro High-Waist Leggings in Heather Gray,11
3288,831,3751,https://cdn.shopnorth.example/p/831/burgundy.jpg,Juniper Lane Pro High-Waist Leggings in Burgundy,12
3289,831,3757,https://cdn.shopnorth.example/p/831/blush.jpg,Juniper Lane Pro High-Waist Leggings in Blush,13
3290,832,,https://cdn.shopnorth.example/p/832/1.jpg,Marlowe Signature Lip Tint - view 1,0
3291,832,,https://cdn.shopnorth.example/p/832/2.jpg,Marlowe Signature Lip Tint - view 2,1
3292,833,,https://cdn.shopnorth.example/p/833/1.jpg,Oakridge Heritage Slim Fit Jeans - view 1,0
3293,833,,https://cdn.shopnorth.example/p/833/2.jpg,Oakridge Heritage Slim Fit Jeans - view 2,1
3294,833,,https://cdn.shopnorth.example/p/833/3.jpg,Oakridge Heritage Slim Fit Jeans - view 3,2
3295,833,,https://cdn.shopnorth.example/p/833/4.jpg,Oakridge Heritage Slim Fit Jeans - view 4,3
3296,833,3763,https://cdn.shopnorth.example/p/833/charcoal.jpg,Oakridge Heritage Slim Fit Jeans in Charcoal,11
3297,834,,https://cdn.shopnorth.example/p/834/1.jpg,Ember & Oak Studio Espresso Machine - view 1,0
3298,835,,https://cdn.shopnorth.example/p/835/1.jpg,Voltix Lightweight Hair Oil - view 1,0
3299,835,,https://cdn.shopnorth.example/p/835/2.jpg,Voltix Lightweight Hair Oil - view 2,1
3300,835,,https://cdn.shopnorth.example/p/835/3.jpg,Voltix Lightweight Hair Oil - view 3,2
3301,836,,https://cdn.shopnorth.example/p/836/1.jpg,Glowbar Studio Body Mist - view 1,0
3302,836,,https://cdn.shopnorth.example/p/836/2.jpg,Glowbar Studio Body Mist - view 2,1
3303,836,,https://cdn.shopnorth.example/p/836/3.jpg,Glowbar Studio Body Mist - view 3,2
3304,836,,https://cdn.shopnorth.example/p/836/4.jpg,Glowbar Studio Body Mist - view 4,3
3305,837,,https://cdn.shopnorth.example/p/837/1.jpg,Oakridge Max Hoodie - view 1,0
3306,837,,https://cdn.shopnorth.example/p/837/2.jpg,Oakridge Max Hoodie - view 2,1
3307,837,3772,https://cdn.shopnorth.example/p/837/sand.jpg,Oakridge Max Hoodie in Sand,11
3308,837,3778,https://cdn.shopnorth.example/p/837/burgundy.jpg,Oakridge Max Hoodie in Burgundy,12
3309,837,3783,https://cdn.shopnorth.example/p/837/olive.jpg,Oakridge Max Hoodie in Olive,13
3310,837,3788,https://cdn.shopnorth.example/p/837/navy.jpg,Oakridge Max Hoodie in Navy,14
3311,838,,https://cdn.shopnorth.example/p/838/1.jpg,Cobalt Audio Ultra Dash Cam - view 1,0
3312,839,,https://cdn.shopnorth.example/p/839/1.jpg,Fable Toys Ultra Electric Kettle - view 1,0
3313,839,,https://cdn.shopnorth.example/p/839/2.jpg,Fable Toys Ultra Electric Kettle - view 2,1
3314,839,,https://cdn.shopnorth.example/p/839/3.jpg,Fable Toys Ultra Electric Kettle - view 3,2
3315,840,,https://cdn.shopnorth.example/p/840/1.jpg,Mosaic Kids Ultra Retractable Leash - view 1,0
3316,841,,https://cdn.shopnorth.example/p/841/1.jpg,Northwind Signature Water Blaster - view 1,0
3317,841,,https://cdn.shopnorth.example/p/841/2.jpg,Northwind Signature Water Blaster - view 2,1
3318,841,,https://cdn.shopnorth.example/p/841/3.jpg,Northwind Signature Water Blaster - view 3,2
3319,841,,https://cdn.shopnorth.example/p/841/4.jpg,Northwind Signature Water Blaster - view 4,3
3320,842,,https://cdn.shopnorth.example/p/842/1.jpg,Northwind Max Over-Door Rack - view 1,0
3321,842,,https://cdn.shopnorth.example/p/842/2.jpg,Northwind Max Over-Door Rack - view 2,1
3322,843,,https://cdn.shopnorth.example/p/843/1.jpg,Brightfield Compact Foam Roller - view 1,0
3323,843,,https://cdn.shopnorth.example/p/843/2.jpg,Brightfield Compact Foam Roller - view 2,1
3324,843,,https://cdn.shopnorth.example/p/843/3.jpg,Brightfield Compact Foam Roller - view 3,2
3325,844,,https://cdn.shopnorth.example/p/844/1.jpg,Everkind Heritage Puffer Jacket - view 1,0
3326,844,,https://cdn.shopnorth.example/p/844/2.jpg,Everkind Heritage Puffer Jacket - view 2,1
3327,844,,https://cdn.shopnorth.example/p/844/3.jpg,Everkind Heritage Puffer Jacket - view 3,2
3328,844,,https://cdn.shopnorth.example/p/844/4.jpg,Everkind Heritage Puffer Jacket - view 4,3
3329,844,,https://cdn.shopnorth.example/p/844/5.jpg,Everkind Heritage Puffer Jacket - view 5,4
3330,844,3799,https://cdn.shopnorth.example/p/844/burgundy.jpg,Everkind Heritage Puffer Jacket in Burgundy,11
3331,844,3804,https://cdn.shopnorth.example/p/844/heather-gray.jpg,Everkind Heritage Puffer Jacket in Heather Gray,12
3332,845,,https://cdn.shopnorth.example/p/845/1.jpg,Cobalt Audio Essential Oxford Shirt - view 1,0
3333,845,,https://cdn.shopnorth.example/p/845/2.jpg,Cobalt Audio Essential Oxford Shirt - view 2,1
3334,845,,https://cdn.shopnorth.example/p/845/3.jpg,Cobalt Audio Essential Oxford Shirt - view 3,2
3335,845,,https://cdn.shopnorth.example/p/845/4.jpg,Cobalt Audio Essential Oxford Shirt - view 4,3
3336,845,3810,https://cdn.shopnorth.example/p/845/olive.jpg,Cobalt Audio Essential Oxford Shirt in Olive,11
3337,845,3815,https://cdn.shopnorth.example/p/845/black.jpg,Cobalt Audio Essential Oxford Shirt in Black,12
3338,846,,https://cdn.shopnorth.example/p/846/1.jpg,Harbor Goods Signature Body Mist - view 1,0
3339,846,,https://cdn.shopnorth.example/p/846/2.jpg,Harbor Goods Signature Body Mist - view 2,1
3340,846,,https://cdn.shopnorth.example/p/846/3.jpg,Harbor Goods Signature Body Mist - view 3,2
3341,847,,https://cdn.shopnorth.example/p/847/1.jpg,Marlowe Signature Bike Lock - view 1,0
3342,847,,https://cdn.shopnorth.example/p/847/2.jpg,Marlowe Signature Bike Lock - view 2,1
3343,848,,https://cdn.shopnorth.example/p/848/1.jpg,Mosaic Kids Ultra Area Rug - view 1,0
3344,849,,https://cdn.shopnorth.example/p/849/1.jpg,Nimbus Tech Studio MagSafe Phone Case - view 1,0
3345,849,,https://cdn.shopnorth.example/p/849/2.jpg,Nimbus Tech Studio MagSafe Phone Case - view 2,1
3346,849,,https://cdn.shopnorth.example/p/849/3.jpg,Nimbus Tech Studio MagSafe Phone Case - view 3,2
3347,849,,https://cdn.shopnorth.example/p/849/4.jpg,Nimbus Tech Studio MagSafe Phone Case - view 4,3
3348,850,,https://cdn.shopnorth.example/p/850/1.jpg,Voltix Lightweight Mirrorless Camera - view 1,0
3349,850,,https://cdn.shopnorth.example/p/850/2.jpg,Voltix Lightweight Mirrorless Camera - view 2,1
3350,850,,https://cdn.shopnorth.example/p/850/3.jpg,Voltix Lightweight Mirrorless Camera - view 3,2
3351,850,3825,https://cdn.shopnorth.example/p/850/burgundy.jpg,Voltix Lightweight Mirrorless Camera in Burgundy,11
3352,850,3826,https://cdn.shopnorth.example/p/850/white.jpg,Voltix Lightweight Mirrorless Camera in White,12
3353,850,3827,https://cdn.shopnorth.example/p/850/blush.jpg,Voltix Lightweight Mirrorless Camera in Blush,13
3354,851,,https://cdn.shopnorth.example/p/851/1.jpg,Trailhead Eco Oversized Hoodie - view 1,0
3355,851,,https://cdn.shopnorth.example/p/851/2.jpg,Trailhead Eco Oversized Hoodie - view 2,1
3356,851,,https://cdn.shopnorth.example/p/851/3.jpg,Trailhead Eco Oversized Hoodie - view 3,2
3357,851,,https://cdn.shopnorth.example/p/851/4.jpg,Trailhead Eco Oversized Hoodie - view 4,3
3358,851,3828,https://cdn.shopnorth.example/p/851/heather-gray.jpg,Trailhead Eco Oversized Hoodie in Heather Gray,11
3359,851,3834,https://cdn.shopnorth.example/p/851/black.jpg,Trailhead Eco Oversized Hoodie in Black,12
3360,852,,https://cdn.shopnorth.example/p/852/1.jpg,"Saltwater Heritage 15.6"" Laptop - view 1",0
3361,852,3840,https://cdn.shopnorth.example/p/852/space-gray.jpg,"Saltwater Heritage 15.6"" Laptop in Space Gray",11
3362,852,3841,https://cdn.shopnorth.example/p/852/silver.jpg,"Saltwater Heritage 15.6"" Laptop in Silver",12
3363,853,,https://cdn.shopnorth.example/p/853/1.jpg,Northwind Premium Magnetic Tiles - view 1,0
3364,854,,https://cdn.shopnorth.example/p/854/1.jpg,Northwind Eco Chef's Knife - view 1,0
3365,854,,https://cdn.shopnorth.example/p/854/2.jpg,Northwind Eco Chef's Knife - view 2,1
3366,854,,https://cdn.shopnorth.example/p/854/3.jpg,Northwind Eco Chef's Knife - view 3,2
3367,854,,https://cdn.shopnorth.example/p/854/4.jpg,Northwind Eco Chef's Knife - view 4,3
3368,854,3845,https://cdn.shopnorth.example/p/854/sand.jpg,Northwind Eco Chef's Knife in Sand,11
3369,854,3846,https://cdn.shopnorth.example/p/854/navy.jpg,Northwind Eco Chef's Knife in Navy,12
3370,854,3847,https://cdn.shopnorth.example/p/854/charcoal.jpg,Northwind Eco Chef's Knife in Charcoal,13
3371,855,,https://cdn.shopnorth.example/p/855/1.jpg,Cinder Essential Waterproof Winter Boot - view 1,0
3372,855,3848,https://cdn.shopnorth.example/p/855/burgundy.jpg,Cinder Essential Waterproof Winter Boot in Burgundy,11
3373,855,3855,https://cdn.shopnorth.example/p/855/sand.jpg,Cinder Essential Waterproof Winter Boot in Sand,12
3374,856,,https://cdn.shopnorth.example/p/856/1.jpg,Halcyon Home Eco Air Fryer - view 1,0
3375,857,,https://cdn.shopnorth.example/p/857/1.jpg,"Alder & Pine Compact 11"" Tablet - view 1",0
3376,857,,https://cdn.shopnorth.example/p/857/2.jpg,"Alder & Pine Compact 11"" Tablet - view 2",1
3377,857,3863,https://cdn.shopnorth.example/p/857/silver.jpg,"Alder & Pine Compact 11"" Tablet in Silver",11
3378,857,3865,https://cdn.shopnorth.example/p/857/space-gray.jpg,"Alder & Pine Compact 11"" Tablet in Space Gray",12
3379,858,,https://cdn.shopnorth.example/p/858/1.jpg,Ember & Oak Heritage Kettlebell - view 1,0
3380,858,,https://cdn.shopnorth.example/p/858/2.jpg,Ember & Oak Heritage Kettlebell - view 2,1
3381,859,,https://cdn.shopnorth.example/p/859/1.jpg,Northwind Compact Chef's Knife - view 1,0
3382,859,,https://cdn.shopnorth.example/p/859/2.jpg,Northwind Compact Chef's Knife - view 2,1
3383,859,,https://cdn.shopnorth.example/p/859/3.jpg,Northwind Compact Chef's Knife - view 3,2
3384,859,,https://cdn.shopnorth.example/p/859/4.jpg,Northwind Compact Chef's Knife - view 4,3
3385,859,,https://cdn.shopnorth.example/p/859/5.jpg,Northwind Compact Chef's Knife - view 5,4
3386,860,,https://cdn.shopnorth.example/p/860/1.jpg,Pulse Fitness Premium Quarter-Zip Pullover - view 1,0
3387,860,,https://cdn.shopnorth.example/p/860/2.jpg,Pulse Fitness Premium Quarter-Zip Pullover - view 2,1
3388,860,,https://cdn.shopnorth.example/p/860/3.jpg,Pulse Fitness Premium Quarter-Zip Pullover - view 3,2
3389,860,,https://cdn.shopnorth.example/p/860/4.jpg,Pulse Fitness Premium Quarter-Zip Pullover - view 4,3
3390,860,,https://cdn.shopnorth.example/p/860/5.jpg,Pulse Fitness Premium Quarter-Zip Pullover - view 5,4
3391,860,3868,https://cdn.shopnorth.example/p/860/charcoal.jpg,Pulse Fitness Premium Quarter-Zip Pullover in Charcoal,11
3392,860,3874,https://cdn.shopnorth.example/p/860/white.jpg,Pulse Fitness Premium Quarter-Zip Pullover in White,12
3393,861,,https://cdn.shopnorth.example/p/861/1.jpg,Solstice Classic Gentle Cleanser - view 1,0
3394,862,,https://cdn.shopnorth.example/p/862/1.jpg,Voltix Studio Straight Leg Jeans - view 1,0
3395,862,,https://cdn.shopnorth.example/p/862/2.jpg,Voltix Studio Straight Leg Jeans - view 2,1
3396,862,,https://cdn.shopnorth.example/p/862/3.jpg,Voltix Studio Straight Leg Jeans - view 3,2
3397,862,3880,https://cdn.shopnorth.example/p/862/navy.jpg,Voltix Studio Straight Leg Jeans in Navy,11
3398,862,3886,https://cdn.shopnorth.example/p/862/olive.jpg,Voltix Studio Straight Leg Jeans in Olive,12
3399,862,3892,https://cdn.shopnorth.example/p/862/sky-blue.jpg,Voltix Studio Straight Leg Jeans in Sky Blue,13
3400,862,3898,https://cdn.shopnorth.example/p/862/black.jpg,Voltix Studio Straight Leg Jeans in Black,14
3401,863,,https://cdn.shopnorth.example/p/863/1.jpg,Fable Toys Max Water Blaster - view 1,0
3402,863,,https://cdn.shopnorth.example/p/863/2.jpg,Fable Toys Max Water Blaster - view 2,1
3403,863,,https://cdn.shopnorth.example/p/863/3.jpg,Fable Toys Max Water Blaster - view 3,2
3404,863,,https://cdn.shopnorth.example/p/863/4.jpg,Fable Toys Max Water Blaster - view 4,3
3405,864,,https://cdn.shopnorth.example/p/864/1.jpg,Ember & Oak Studio V-Neck Tee - view 1,0
3406,864,,https://cdn.shopnorth.example/p/864/2.jpg,Ember & Oak Studio V-Neck Tee - view 2,1
3407,864,,https://cdn.shopnorth.example/p/864/3.jpg,Ember & Oak Studio V-Neck Tee - view 3,2
3408,864,,https://cdn.shopnorth.example/p/864/4.jpg,Ember & Oak Studio V-Neck Tee - view 4,3
3409,864,3904,https://cdn.shopnorth.example/p/864/heather-gray.jpg,Ember & Oak Studio V-Neck Tee in Heather Gray,11
3410,865,,https://cdn.shopnorth.example/p/865/1.jpg,Kinfolk Kitchen Essential Chew Toy - view 1,0
3411,865,,https://cdn.shopnorth.example/p/865/2.jpg,Kinfolk Kitchen Essential Chew Toy - view 2,1
3412,866,,https://cdn.shopnorth.example/p/866/1.jpg,Stratus Heritage Leave-In Conditioner - view 1,0
3413,866,,https://cdn.shopnorth.example/p/866/2.jpg,Stratus Heritage Leave-In Conditioner - view 2,1
3414,866,,https://cdn.shopnorth.example/p/866/3.jpg,Stratus Heritage Leave-In Conditioner - view 3,2
3415,866,,https://cdn.shopnorth.example/p/866/4.jpg,Stratus Heritage Leave-In Conditioner - view 4,3
3416,867,,https://cdn.shopnorth.example/p/867/1.jpg,Mosaic Kids Lightweight V-Neck Tee - view 1,0
3417,867,,https://cdn.shopnorth.example/p/867/2.jpg,Mosaic Kids Lightweight V-Neck Tee - view 2,1
3418,867,,https://cdn.shopnorth.example/p/867/3.jpg,Mosaic Kids Lightweight V-Neck Tee - view 3,2
3419,867,,https://cdn.shopnorth.example/p/867/4.jpg,Mosaic Kids Lightweight V-Neck Tee - view 4,3
3420,867,,https://cdn.shopnorth.example/p/867/5.jpg,Mosaic Kids Lightweight V-Neck Tee - view 5,4
3421,867,3911,https://cdn.shopnorth.example/p/867/olive.jpg,Mosaic Kids Lightweight V-Neck Tee in Olive,11
3422,868,,https://cdn.shopnorth.example/p/868/1.jpg,Saltwater Pro Tinted Moisturizer - view 1,0
3423,868,,https://cdn.shopnorth.example/p/868/2.jpg,Saltwater Pro Tinted Moisturizer - view 2,1
3424,869,,https://cdn.shopnorth.example/p/869/1.jpg,Lumora Ultra Trail Running Shoe - view 1,0
3425,869,,https://cdn.shopnorth.example/p/869/2.jpg,Lumora Ultra Trail Running Shoe - view 2,1
3426,869,3918,https://cdn.shopnorth.example/p/869/olive.jpg,Lumora Ultra Trail Running Shoe in Olive,11
3427,870,,https://cdn.shopnorth.example/p/870/1.jpg,Cobalt Audio Compact Joggers - view 1,0
3428,870,3925,https://cdn.shopnorth.example/p/870/white.jpg,Cobalt Audio Compact Joggers in White,11
3429,871,,https://cdn.shopnorth.example/p/871/1.jpg,Brightfield Everyday Magnetic Tiles - view 1,0
3430,872,,https://cdn.shopnorth.example/p/872/1.jpg,Harbor Goods Max Air Fryer - view 1,0
3431,872,,https://cdn.shopnorth.example/p/872/2.jpg,Harbor Goods Max Air Fryer - view 2,1
3432,872,,https://cdn.shopnorth.example/p/872/3.jpg,Harbor Goods Max Air Fryer - view 3,2
3433,873,,https://cdn.shopnorth.example/p/873/1.jpg,Juniper Lane Studio Cat Tree - view 1,0
3434,873,,https://cdn.shopnorth.example/p/873/2.jpg,Juniper Lane Studio Cat Tree - view 2,1
3435,873,,https://cdn.shopnorth.example/p/873/3.jpg,Juniper Lane Studio Cat Tree - view 3,2
3436,874,,https://cdn.shopnorth.example/p/874/1.jpg,Mosaic Kids Lightweight Building Block Set - view 1,0
3437,874,,https://cdn.shopnorth.example/p/874/2.jpg,Mosaic Kids Lightweight Building Block Set - view 2,1
3438,875,,https://cdn.shopnorth.example/p/875/1.jpg,Wren & Co. Compact Stackable Bins - view 1,0
3439,875,,https://cdn.shopnorth.example/p/875/2.jpg,Wren & Co. Compact Stackable Bins - view 2,1
3440,875,,https://cdn.shopnorth.example/p/875/3.jpg,Wren & Co. Compact Stackable Bins - view 3,2
3441,876,,https://cdn.shopnorth.example/p/876/1.jpg,Urban Nomad Signature Training Shorts - view 1,0
3442,876,,https://cdn.shopnorth.example/p/876/2.jpg,Urban Nomad Signature Training Shorts - view 2,1
3443,876,,https://cdn.shopnorth.example/p/876/3.jpg,Urban Nomad Signature Training Shorts - view 3,2
3444,876,,https://cdn.shopnorth.example/p/876/4.jpg,Urban Nomad Signature Training Shorts - view 4,3
3445,876,,https://cdn.shopnorth.example/p/876/5.jpg,Urban Nomad Signature Training Shorts - view 5,4
3446,876,3935,https://cdn.shopnorth.example/p/876/black.jpg,Urban Nomad Signature Training Shorts in Black,11
3447,876,3940,https://cdn.shopnorth.example/p/876/forest-green.jpg,Urban Nomad Signature Training Shorts in Forest Green,12
3448,876,3946,https://cdn.shopnorth.example/p/876/heather-gray.jpg,Urban Nomad Signature Training Shorts in Heather Gray,13
3449,876,3952,https://cdn.shopnorth.example/p/876/charcoal.jpg,Urban Nomad Signature Training Shorts in Charcoal,14
3450,877,,https://cdn.shopnorth.example/p/877/1.jpg,Kinfolk Kitchen Studio V-Neck Tee - view 1,0
3451,877,3957,https://cdn.shopnorth.example/p/877/navy.jpg,Kinfolk Kitchen Studio V-Neck Tee in Navy,11
3452,877,3962,https://cdn.shopnorth.example/p/877/heather-gray.jpg,Kinfolk Kitchen Studio V-Neck Tee in Heather Gray,12
3453,877,3968,https://cdn.shopnorth.example/p/877/black.jpg,Kinfolk Kitchen Studio V-Neck Tee in Black,13
3454,877,3973,https://cdn.shopnorth.example/p/877/olive.jpg,Kinfolk Kitchen Studio V-Neck Tee in Olive,14
3455,878,,https://cdn.shopnorth.example/p/878/1.jpg,Juniper Lane Lightweight Performance Polo - view 1,0
3456,878,,https://cdn.shopnorth.example/p/878/2.jpg,Juniper Lane Lightweight Performance Polo - view 2,1
3457,878,,https://cdn.shopnorth.example/p/878/3.jpg,Juniper Lane Lightweight Performance Polo - view 3,2
3458,878,,https://cdn.shopnorth.example/p/878/4.jpg,Juniper Lane Lightweight Performance Polo - view 4,3
3459,878,3978,https://cdn.shopnorth.example/p/878/navy.jpg,Juniper Lane Lightweight Performance Polo in Navy,11
3460,878,3983,https://cdn.shopnorth.example/p/878/burgundy.jpg,Juniper Lane Lightweight Performance Polo in Burgundy,12
3461,879,,https://cdn.shopnorth.example/p/879/1.jpg,Fernway Lightweight Road Running Shoe - view 1,0
3462,879,,https://cdn.shopnorth.example/p/879/2.jpg,Fernway Lightweight Road Running Shoe - view 2,1
3463,879,,https://cdn.shopnorth.example/p/879/3.jpg,Fernway Lightweight Road Running Shoe - view 3,2
3464,879,3989,https://cdn.shopnorth.example/p/879/sky-blue.jpg,Fernway Lightweight Road Running Shoe in Sky Blue,11
3465,880,,https://cdn.shopnorth.example/p/880/1.jpg,Cinder Essential Over-Ear Headphones - view 1,0
3466,880,3996,https://cdn.shopnorth.example/p/880/forest-green.jpg,Cinder Essential Over-Ear Headphones in Forest Green,11
3467,880,3997,https://cdn.shopnorth.example/p/880/sky-blue.jpg,Cinder Essential Over-Ear Headphones in Sky Blue,12
3468,881,,https://cdn.shopnorth.example/p/881/1.jpg,Luxe Botanica Classic Scented Candle - view 1,0
3469,881,,https://cdn.shopnorth.example/p/881/2.jpg,Luxe Botanica Classic Scented Candle - view 2,1
3470,882,,https://cdn.shopnorth.example/p/882/1.jpg,Cobalt Audio Essential Resistance Band Set - view 1,0
3471,882,,https://cdn.shopnorth.example/p/882/2.jpg,Cobalt Audio Essential Resistance Band Set - view 2,1
3472,882,,https://cdn.shopnorth.example/p/882/3.jpg,Cobalt Audio Essential Resistance Band Set - view 3,2
3473,883,,https://cdn.shopnorth.example/p/883/1.jpg,Rove Eco Lip Tint - view 1,0
3474,883,,https://cdn.shopnorth.example/p/883/2.jpg,Rove Eco Lip Tint - view 2,1
3475,883,,https://cdn.shopnorth.example/p/883/3.jpg,Rove Eco Lip Tint - view 3,2
3476,883,,https://cdn.shopnorth.example/p/883/4.jpg,Rove Eco Lip Tint - view 4,3
3477,884,,https://cdn.shopnorth.example/p/884/1.jpg,Arcadia Ultra Self-Cleaning Litter Box - view 1,0
3478,884,,https://cdn.shopnorth.example/p/884/2.jpg,Arcadia Ultra Self-Cleaning Litter Box - view 2,1
3479,885,,https://cdn.shopnorth.example/p/885/1.jpg,Lumora Studio Hoodie - view 1,0
3480,885,,https://cdn.shopnorth.example/p/885/2.jpg,Lumora Studio Hoodie - view 2,1
3481,885,,https://cdn.shopnorth.example/p/885/3.jpg,Lumora Studio Hoodie - view 3,2
3482,885,,https://cdn.shopnorth.example/p/885/4.jpg,Lumora Studio Hoodie - view 4,3
3483,885,4002,https://cdn.shopnorth.example/p/885/white.jpg,Lumora Studio Hoodie in White,11
3484,885,4008,https://cdn.shopnorth.example/p/885/forest-green.jpg,Lumora Studio Hoodie in Forest Green,12
3485,885,4014,https://cdn.shopnorth.example/p/885/navy.jpg,Lumora Studio Hoodie in Navy,13
3486,885,4020,https://cdn.shopnorth.example/p/885/charcoal.jpg,Lumora Studio Hoodie in Charcoal,14
3487,886,,https://cdn.shopnorth.example/p/886/1.jpg,Kinfolk Kitchen Pro USB-C Charging Cable - view 1,0
3488,886,,https://cdn.shopnorth.example/p/886/2.jpg,Kinfolk Kitchen Pro USB-C Charging Cable - view 2,1
3489,886,,https://cdn.shopnorth.example/p/886/3.jpg,Kinfolk Kitchen Pro USB-C Charging Cable - view 3,2
3490,886,,https://cdn.shopnorth.example/p/886/4.jpg,Kinfolk Kitchen Pro USB-C Charging Cable - view 4,3
3491,886,,https://cdn.shopnorth.example/p/886/5.jpg,Kinfolk Kitchen Pro USB-C Charging Cable - view 5,4
3492,886,4026,https://cdn.shopnorth.example/p/886/forest-green.jpg,Kinfolk Kitchen Pro USB-C Charging Cable in Forest Green,11
3493,886,4027,https://cdn.shopnorth.example/p/886/navy.jpg,Kinfolk Kitchen Pro USB-C Charging Cable in Navy,12
3494,886,4028,https://cdn.shopnorth.example/p/886/heather-gray.jpg,Kinfolk Kitchen Pro USB-C Charging Cable in Heather Gray,13
3495,886,4029,https://cdn.shopnorth.example/p/886/sky-blue.jpg,Kinfolk Kitchen Pro USB-C Charging Cable in Sky Blue,14
3496,887,,https://cdn.shopnorth.example/p/887/1.jpg,Mosaic Kids Lightweight Chino Pants - view 1,0
3497,887,,https://cdn.shopnorth.example/p/887/2.jpg,Mosaic Kids Lightweight Chino Pants - view 2,1
3498,887,,https://cdn.shopnorth.example/p/887/3.jpg,Mosaic Kids Lightweight Chino Pants - view 3,2
3499,887,4030,https://cdn.shopnorth.example/p/887/olive.jpg,Mosaic Kids Lightweight Chino Pants in Olive,11
3500,887,4036,https://cdn.shopnorth.example/p/887/forest-green.jpg,Mosaic Kids Lightweight Chino Pants in Forest Green,12
3501,888,,https://cdn.shopnorth.example/p/888/1.jpg,Solstice Classic Hair Oil - view 1,0
3502,888,,https://cdn.shopnorth.example/p/888/2.jpg,Solstice Classic Hair Oil - view 2,1
3503,888,,https://cdn.shopnorth.example/p/888/3.jpg,Solstice Classic Hair Oil - view 3,2
3504,888,,https://cdn.shopnorth.example/p/888/4.jpg,Solstice Classic Hair Oil - view 4,3
3505,889,,https://cdn.shopnorth.example/p/889/1.jpg,Oakridge Heritage Slip-On Sneaker - view 1,0
3506,889,,https://cdn.shopnorth.example/p/889/2.jpg,Oakridge Heritage Slip-On Sneaker - view 2,1
3507,889,,https://cdn.shopnorth.example/p/889/3.jpg,Oakridge Heritage Slip-On Sneaker - view 3,2
3508,889,,https://cdn.shopnorth.example/p/889/4.jpg,Oakridge Heritage Slip-On Sneaker - view 4,3
3509,889,,https://cdn.shopnorth.example/p/889/5.jpg,Oakridge Heritage Slip-On Sneaker - view 5,4
3510,889,4042,https://cdn.shopnorth.example/p/889/forest-green.jpg,Oakridge Heritage Slip-On Sneaker in Forest Green,11
3511,889,4049,https://cdn.shopnorth.example/p/889/sand.jpg,Oakridge Heritage Slip-On Sneaker in Sand,12
3512,890,,https://cdn.shopnorth.example/p/890/1.jpg,"Lumora Eco 15.6"" Laptop - view 1",0
3513,890,,https://cdn.shopnorth.example/p/890/2.jpg,"Lumora Eco 15.6"" Laptop - view 2",1
3514,890,,https://cdn.shopnorth.example/p/890/3.jpg,"Lumora Eco 15.6"" Laptop - view 3",2
3515,890,,https://cdn.shopnorth.example/p/890/4.jpg,"Lumora Eco 15.6"" Laptop - view 4",3
3516,890,4056,https://cdn.shopnorth.example/p/890/space-gray.jpg,"Lumora Eco 15.6"" Laptop in Space Gray",11
3517,890,4057,https://cdn.shopnorth.example/p/890/silver.jpg,"Lumora Eco 15.6"" Laptop in Silver",12
3518,891,,https://cdn.shopnorth.example/p/891/1.jpg,Fable Toys Essential Instant Camera - view 1,0
3519,891,,https://cdn.shopnorth.example/p/891/2.jpg,Fable Toys Essential Instant Camera - view 2,1
3520,891,,https://cdn.shopnorth.example/p/891/3.jpg,Fable Toys Essential Instant Camera - view 3,2
3521,891,,https://cdn.shopnorth.example/p/891/4.jpg,Fable Toys Essential Instant Camera - view 4,3
3522,891,,https://cdn.shopnorth.example/p/891/5.jpg,Fable Toys Essential Instant Camera - view 5,4
3523,891,4062,https://cdn.shopnorth.example/p/891/blush.jpg,Fable Toys Essential Instant Camera in Blush,11
3524,891,4063,https://cdn.shopnorth.example/p/891/heather-gray.jpg,Fable Toys Essential Instant Camera in Heather Gray,12
3525,892,,https://cdn.shopnorth.example/p/892/1.jpg,Nimbus Tech Heritage Yoga Mat - view 1,0
3526,892,,https://cdn.shopnorth.example/p/892/2.jpg,Nimbus Tech Heritage Yoga Mat - view 2,1
3527,892,,https://cdn.shopnorth.example/p/892/3.jpg,Nimbus Tech Heritage Yoga Mat - view 3,2
3528,892,,https://cdn.shopnorth.example/p/892/4.jpg,Nimbus Tech Heritage Yoga Mat - view 4,3
3529,893,,https://cdn.shopnorth.example/p/893/1.jpg,Rove Premium Hydrating Moisturizer - view 1,0
3530,893,,https://cdn.shopnorth.example/p/893/2.jpg,Rove Premium Hydrating Moisturizer - view 2,1
3531,893,,https://cdn.shopnorth.example/p/893/3.jpg,Rove Premium Hydrating Moisturizer - view 3,2
3532,894,,https://cdn.shopnorth.example/p/894/1.jpg,Rove Eco MagSafe Phone Case - view 1,0
3533,894,,https://cdn.shopnorth.example/p/894/2.jpg,Rove Eco MagSafe Phone Case - view 2,1
3534,894,,https://cdn.shopnorth.example/p/894/3.jpg,Rove Eco MagSafe Phone Case - view 3,2
3535,894,,https://cdn.shopnorth.example/p/894/4.jpg,Rove Eco MagSafe Phone Case - view 4,3
3536,894,4066,https://cdn.shopnorth.example/p/894/olive.jpg,Rove Eco MagSafe Phone Case in Olive,11
3537,894,4067,https://cdn.shopnorth.example/p/894/sand.jpg,Rove Eco MagSafe Phone Case in Sand,12
3538,895,,https://cdn.shopnorth.example/p/895/1.jpg,Lumora Lightweight Video Doorbell - view 1,0
3539,895,4068,https://cdn.shopnorth.example/p/895/sky-blue.jpg,Lumora Lightweight Video Doorbell in Sky Blue,11
3540,895,4069,https://cdn.shopnorth.example/p/895/heather-gray.jpg,Lumora Lightweight Video Doorbell in Heather Gray,12
3541,895,4070,https://cdn.shopnorth.example/p/895/navy.jpg,Lumora Lightweight Video Doorbell in Navy,13
3542,895,4071,https://cdn.shopnorth.example/p/895/black.jpg,Lumora Lightweight Video Doorbell in Black,14
3543,896,,https://cdn.shopnorth.example/p/896/1.jpg,Seaside Skin Studio Cotton Sheet Set - view 1,0
3544,896,,https://cdn.shopnorth.example/p/896/2.jpg,Seaside Skin Studio Cotton Sheet Set - view 2,1
3545,897,,https://cdn.shopnorth.example/p/897/1.jpg,Voltix Pro Backyard Swing - view 1,0
3546,897,,https://cdn.shopnorth.example/p/897/2.jpg,Voltix Pro Backyard Swing - view 2,1
3547,897,,https://cdn.shopnorth.example/p/897/3.jpg,Voltix Pro Backyard Swing - view 3,2
3548,897,,https://cdn.shopnorth.example/p/897/4.jpg,Voltix Pro Backyard Swing - view 4,3
3549,897,,https://cdn.shopnorth.example/p/897/5.jpg,Voltix Pro Backyard Swing - view 5,4
3550,898,,https://cdn.shopnorth.example/p/898/1.jpg,Oakridge Heritage Hiking Boot - view 1,0
3551,898,,https://cdn.shopnorth.example/p/898/2.jpg,Oakridge Heritage Hiking Boot - view 2,1
3552,898,,https://cdn.shopnorth.example/p/898/3.jpg,Oakridge Heritage Hiking Boot - view 3,2
3553,898,,https://cdn.shopnorth.example/p/898/4.jpg,Oakridge Heritage Hiking Boot - view 4,3
3554,898,,https://cdn.shopnorth.example/p/898/5.jpg,Oakridge Heritage Hiking Boot - view 5,4
3555,898,4077,https://cdn.shopnorth.example/p/898/forest-green.jpg,Oakridge Heritage Hiking Boot in Forest Green,11
3556,899,,https://cdn.shopnorth.example/p/899/1.jpg,Fernway Eco Yoga Mat - view 1,0
3557,899,,https://cdn.shopnorth.example/p/899/2.jpg,Fernway Eco Yoga Mat - view 2,1
3558,900,,https://cdn.shopnorth.example/p/900/1.jpg,Cobalt Audio Eco Wall Mirror - view 1,0
3559,900,,https://cdn.shopnorth.example/p/900/2.jpg,Cobalt Audio Eco Wall Mirror - view 2,1
3560,900,,https://cdn.shopnorth.example/p/900/3.jpg,Cobalt Audio Eco Wall Mirror - view 3,2
3561,900,,https://cdn.shopnorth.example/p/900/4.jpg,Cobalt Audio Eco Wall Mirror - view 4,3
3562,900,,https://cdn.shopnorth.example/p/900/5.jpg,Cobalt Audio Eco Wall Mirror - view 5,4
3563,901,,https://cdn.shopnorth.example/p/901/1.jpg,Stratus Eco 1000-Piece Puzzle - view 1,0
3564,901,,https://cdn.shopnorth.example/p/901/2.jpg,Stratus Eco 1000-Piece Puzzle - view 2,1
3565,901,,https://cdn.shopnorth.example/p/901/3.jpg,Stratus Eco 1000-Piece Puzzle - view 3,2
3566,901,,https://cdn.shopnorth.example/p/901/4.jpg,Stratus Eco 1000-Piece Puzzle - view 4,3
3567,902,,https://cdn.shopnorth.example/p/902/1.jpg,Everkind Pro Kids Scooter - view 1,0
3568,902,,https://cdn.shopnorth.example/p/902/2.jpg,Everkind Pro Kids Scooter - view 2,1
3569,902,,https://cdn.shopnorth.example/p/902/3.jpg,Everkind Pro Kids Scooter - view 3,2
3570,903,,https://cdn.shopnorth.example/p/903/1.jpg,Juniper Lane Everyday Training Shorts - view 1,0
3571,903,,https://cdn.shopnorth.example/p/903/2.jpg,Juniper Lane Everyday Training Shorts - view 2,1
3572,903,,https://cdn.shopnorth.example/p/903/3.jpg,Juniper Lane Everyday Training Shorts - view 3,2
3573,903,4088,https://cdn.shopnorth.example/p/903/black.jpg,Juniper Lane Everyday Training Shorts in Black,11
3574,903,4094,https://cdn.shopnorth.example/p/903/sand.jpg,Juniper Lane Everyday Training Shorts in Sand,12
3575,903,4099,https://cdn.shopnorth.example/p/903/navy.jpg,Juniper Lane Everyday Training Shorts in Navy,13
3576,904,,https://cdn.shopnorth.example/p/904/1.jpg,Glowbar Premium Insulated Water Bottle 32oz - view 1,0
3577,904,,https://cdn.shopnorth.example/p/904/2.jpg,Glowbar Premium Insulated Water Bottle 32oz - view 2,1
3578,904,,https://cdn.shopnorth.example/p/904/3.jpg,Glowbar Premium Insulated Water Bottle 32oz - view 3,2
3579,904,4105,https://cdn.shopnorth.example/p/904/charcoal.jpg,Glowbar Premium Insulated Water Bottle 32oz in Charcoal,11
3580,904,4106,https://cdn.shopnorth.example/p/904/forest-green.jpg,Glowbar Premium Insulated Water Bottle 32oz in Forest Green,12
3581,905,,https://cdn.shopnorth.example/p/905/1.jpg,Trailhead Max Over-Ear Headphones - view 1,0
3582,905,,https://cdn.shopnorth.example/p/905/2.jpg,Trailhead Max Over-Ear Headphones - view 2,1
3583,905,,https://cdn.shopnorth.example/p/905/3.jpg,Trailhead Max Over-Ear Headphones - view 3,2
3584,905,,https://cdn.shopnorth.example/p/905/4.jpg,Trailhead Max Over-Ear Headphones - view 4,3
3585,905,4107,https://cdn.shopnorth.example/p/905/burgundy.jpg,Trailhead Max Over-Ear Headphones in Burgundy,11
3586,905,4108,https://cdn.shopnorth.example/p/905/olive.jpg,Trailhead Max Over-Ear Headphones in Olive,12
3587,906,,https://cdn.shopnorth.example/p/906/1.jpg,Rove Essential Insulated Water Bottle 32oz - view 1,0
3588,906,,https://cdn.shopnorth.example/p/906/2.jpg,Rove Essential Insulated Water Bottle 32oz - view 2,1
3589,906,,https://cdn.shopnorth.example/p/906/3.jpg,Rove Essential Insulated Water Bottle 32oz - view 3,2
3590,906,,https://cdn.shopnorth.example/p/906/4.jpg,Rove Essential Insulated Water Bottle 32oz - view 4,3
3591,906,4109,https://cdn.shopnorth.example/p/906/white.jpg,Rove Essential Insulated Water Bottle 32oz in White,11
3592,906,4110,https://cdn.shopnorth.example/p/906/sky-blue.jpg,Rove Essential Insulated Water Bottle 32oz in Sky Blue,12
3593,906,4111,https://cdn.shopnorth.example/p/906/navy.jpg,Rove Essential Insulated Water Bottle 32oz in Navy,13
3594,906,4112,https://cdn.shopnorth.example/p/906/blush.jpg,Rove Essential Insulated Water Bottle 32oz in Blush,14
3595,907,,https://cdn.shopnorth.example/p/907/1.jpg,Wren & Co. Eco LED Bike Light Set - view 1,0
3596,908,,https://cdn.shopnorth.example/p/908/1.jpg,Tidewater Premium High-Waist Leggings - view 1,0
3597,908,4114,https://cdn.shopnorth.example/p/908/black.jpg,Tidewater Premium High-Waist Leggings in Black,11
3598,908,4119,https://cdn.shopnorth.example/p/908/navy.jpg,Tidewater Premium High-Waist Leggings in Navy,12
3599,908,4124,https://cdn.shopnorth.example/p/908/heather-gray.jpg,Tidewater Premium High-Waist Leggings in Heather Gray,13
3600,908,4130,https://cdn.shopnorth.example/p/908/white.jpg,Tidewater Premium High-Waist Leggings in White,14
3601,909,,https://cdn.shopnorth.example/p/909/1.jpg,Apex Motion Ultra Sleeping Bag - view 1,0
3602,909,,https://cdn.shopnorth.example/p/909/2.jpg,Apex Motion Ultra Sleeping Bag - view 2,1
3603,910,,https://cdn.shopnorth.example/p/910/1.jpg,Cobalt Audio Essential Backyard Swing - view 1,0
3604,910,,https://cdn.shopnorth.example/p/910/2.jpg,Cobalt Audio Essential Backyard Swing - view 2,1
3605,910,,https://cdn.shopnorth.example/p/910/3.jpg,Cobalt Audio Essential Backyard Swing - view 3,2
3606,910,,https://cdn.shopnorth.example/p/910/4.jpg,Cobalt Audio Essential Backyard Swing - view 4,3
3607,910,,https://cdn.shopnorth.example/p/910/5.jpg,Cobalt Audio Essential Backyard Swing - view 5,4
3608,911,,https://cdn.shopnorth.example/p/911/1.jpg,Pulse Fitness Heritage LED Bike Light Set - view 1,0
3609,911,,https://cdn.shopnorth.example/p/911/2.jpg,Pulse Fitness Heritage LED Bike Light Set - view 2,1
3610,911,,https://cdn.shopnorth.example/p/911/3.jpg,Pulse Fitness Heritage LED Bike Light Set - view 3,2
3611,911,,https://cdn.shopnorth.example/p/911/4.jpg,Pulse Fitness Heritage LED Bike Light Set - view 4,3
3612,911,,https://cdn.shopnorth.example/p/911/5.jpg,Pulse Fitness Heritage LED Bike Light Set - view 5,4
3613,912,,https://cdn.shopnorth.example/p/912/1.jpg,Voltix Premium Resistance Band Set - view 1,0
3614,912,,https://cdn.shopnorth.example/p/912/2.jpg,Voltix Premium Resistance Band Set - view 2,1
3615,912,,https://cdn.shopnorth.example/p/912/3.jpg,Voltix Premium Resistance Band Set - view 3,2
3616,912,,https://cdn.shopnorth.example/p/912/4.jpg,Voltix Premium Resistance Band Set - view 4,3
3617,912,,https://cdn.shopnorth.example/p/912/5.jpg,Voltix Premium Resistance Band Set - view 5,4
3618,913,,https://cdn.shopnorth.example/p/913/1.jpg,Birchwood Essential LED Bike Light Set - view 1,0
3619,913,,https://cdn.shopnorth.example/p/913/2.jpg,Birchwood Essential LED Bike Light Set - view 2,1
3620,913,,https://cdn.shopnorth.example/p/913/3.jpg,Birchwood Essential LED Bike Light Set - view 3,2
3621,913,,https://cdn.shopnorth.example/p/913/4.jpg,Birchwood Essential LED Bike Light Set - view 4,3
3622,913,,https://cdn.shopnorth.example/p/913/5.jpg,Birchwood Essential LED Bike Light Set - view 5,4
3623,914,,https://cdn.shopnorth.example/p/914/1.jpg,Lumora Heritage Repair Shampoo - view 1,0
3624,915,,https://cdn.shopnorth.example/p/915/1.jpg,Nimbus Tech Classic Toaster Oven - view 1,0
3625,916,,https://cdn.shopnorth.example/p/916/1.jpg,Arcadia Premium Hydrating Moisturizer - view 1,0
3626,916,,https://cdn.shopnorth.example/p/916/2.jpg,Arcadia Premium Hydrating Moisturizer - view 2,1
3627,917,,https://cdn.shopnorth.example/p/917/1.jpg,"Pulse Fitness Everyday 11"" Tablet - view 1",0
3628,917,,https://cdn.shopnorth.example/p/917/2.jpg,"Pulse Fitness Everyday 11"" Tablet - view 2",1
3629,917,,https://cdn.shopnorth.example/p/917/3.jpg,"Pulse Fitness Everyday 11"" Tablet - view 3",2
3630,917,,https://cdn.shopnorth.example/p/917/4.jpg,"Pulse Fitness Everyday 11"" Tablet - view 4",3
3631,917,4144,https://cdn.shopnorth.example/p/917/silver.jpg,"Pulse Fitness Everyday 11"" Tablet in Silver",11
3632,917,4145,https://cdn.shopnorth.example/p/917/space-gray.jpg,"Pulse Fitness Everyday 11"" Tablet in Space Gray",12
3633,918,,https://cdn.shopnorth.example/p/918/1.jpg,Pulse Fitness Eco Smart Bulb 4-Pack - view 1,0
3634,918,4148,https://cdn.shopnorth.example/p/918/olive.jpg,Pulse Fitness Eco Smart Bulb 4-Pack in Olive,11
3635,918,4149,https://cdn.shopnorth.example/p/918/heather-gray.jpg,Pulse Fitness Eco Smart Bulb 4-Pack in Heather Gray,12
3636,919,,https://cdn.shopnorth.example/p/919/1.jpg,Glowbar Max Foam Roller - view 1,0
3637,919,,https://cdn.shopnorth.example/p/919/2.jpg,Glowbar Max Foam Roller - view 2,1
3638,919,,https://cdn.shopnorth.example/p/919/3.jpg,Glowbar Max Foam Roller - view 3,2
3639,919,,https://cdn.shopnorth.example/p/919/4.jpg,Glowbar Max Foam Roller - view 4,3
3640,919,,https://cdn.shopnorth.example/p/919/5.jpg,Glowbar Max Foam Roller - view 5,4
3641,920,,https://cdn.shopnorth.example/p/920/1.jpg,Tidewater Premium Kettlebell - view 1,0
3642,920,,https://cdn.shopnorth.example/p/920/2.jpg,Tidewater Premium Kettlebell - view 2,1
3643,920,,https://cdn.shopnorth.example/p/920/3.jpg,Tidewater Premium Kettlebell - view 3,2
3644,921,,https://cdn.shopnorth.example/p/921/1.jpg,Glowbar Classic Toaster Oven - view 1,0
3645,921,,https://cdn.shopnorth.example/p/921/2.jpg,Glowbar Classic Toaster Oven - view 2,1
3646,921,,https://cdn.shopnorth.example/p/921/3.jpg,Glowbar Classic Toaster Oven - view 3,2
3647,922,,https://cdn.shopnorth.example/p/922/1.jpg,"Pulse Fitness Lightweight 11"" Tablet - view 1",0
3648,922,,https://cdn.shopnorth.example/p/922/2.jpg,"Pulse Fitness Lightweight 11"" Tablet - view 2",1
3649,922,,https://cdn.shopnorth.example/p/922/3.jpg,"Pulse Fitness Lightweight 11"" Tablet - view 3",2
3650,922,4153,https://cdn.shopnorth.example/p/922/silver.jpg,"Pulse Fitness Lightweight 11"" Tablet in Silver",11
3651,922,4155,https://cdn.shopnorth.example/p/922/space-gray.jpg,"Pulse Fitness Lightweight 11"" Tablet in Space Gray",12
3652,923,,https://cdn.shopnorth.example/p/923/1.jpg,Tidewater Ultra Electric Kettle - view 1,0
3653,923,,https://cdn.shopnorth.example/p/923/2.jpg,Tidewater Ultra Electric Kettle - view 2,1
3654,923,,https://cdn.shopnorth.example/p/923/3.jpg,Tidewater Ultra Electric Kettle - view 3,2
3655,923,,https://cdn.shopnorth.example/p/923/4.jpg,Tidewater Ultra Electric Kettle - view 4,3
3656,924,,https://cdn.shopnorth.example/p/924/1.jpg,Stratus Max Performance Polo - view 1,0
3657,924,,https://cdn.shopnorth.example/p/924/2.jpg,Stratus Max Performance Polo - view 2,1
3658,924,4158,https://cdn.shopnorth.example/p/924/blush.jpg,Stratus Max Performance Polo in Blush,11
3659,924,4163,https://cdn.shopnorth.example/p/924/sky-blue.jpg,Stratus Max Performance Polo in Sky Blue,12
3660,924,4168,https://cdn.shopnorth.example/p/924/sand.jpg,Stratus Max Performance Polo in Sand,13
3661,924,4173,https://cdn.shopnorth.example/p/924/navy.jpg,Stratus Max Performance Polo in Navy,14
3662,925,,https://cdn.shopnorth.example/p/925/1.jpg,Brightfield Essential Cotton Sheet Set - view 1,0
3663,926,,https://cdn.shopnorth.example/p/926/1.jpg,Urban Nomad Eco Quarter-Zip Pullover - view 1,0
3664,926,,https://cdn.shopnorth.example/p/926/2.jpg,Urban Nomad Eco Quarter-Zip Pullover - view 2,1
3665,926,,https://cdn.shopnorth.example/p/926/3.jpg,Urban Nomad Eco Quarter-Zip Pullover - view 3,2
3666,926,,https://cdn.shopnorth.example/p/926/4.jpg,Urban Nomad Eco Quarter-Zip Pullover - view 4,3
3667,926,4182,https://cdn.shopnorth.example/p/926/sky-blue.jpg,Urban Nomad Eco Quarter-Zip Pullover in Sky Blue,11
3668,926,4188,https://cdn.shopnorth.example/p/926/heather-gray.jpg,Urban Nomad Eco Quarter-Zip Pullover in Heather Gray,12
3669,926,4194,https://cdn.shopnorth.example/p/926/navy.jpg,Urban Nomad Eco Quarter-Zip Pullover in Navy,13
3670,927,,https://cdn.shopnorth.example/p/927/1.jpg,Urban Nomad Signature Camping Lantern - view 1,0
3671,927,,https://cdn.shopnorth.example/p/927/2.jpg,Urban Nomad Signature Camping Lantern - view 2,1
3672,927,,https://cdn.shopnorth.example/p/927/3.jpg,Urban Nomad Signature Camping Lantern - view 3,2
3673,927,,https://cdn.shopnorth.example/p/927/4.jpg,Urban Nomad Signature Camping Lantern - view 4,3
3674,927,,https://cdn.shopnorth.example/p/927/5.jpg,Urban Nomad Signature Camping Lantern - view 5,4
3675,928,,https://cdn.shopnorth.example/p/928/1.jpg,Luxe Botanica Everyday Grain-Free Dog Treats - view 1,0
3676,929,,https://cdn.shopnorth.example/p/929/1.jpg,Halcyon Home Compact Video Doorbell - view 1,0
3677,929,4201,https://cdn.shopnorth.example/p/929/sky-blue.jpg,Halcyon Home Compact Video Doorbell in Sky Blue,11
3678,929,4202,https://cdn.shopnorth.example/p/929/navy.jpg,Halcyon Home Compact Video Doorbell in Navy,12
3679,929,4203,https://cdn.shopnorth.example/p/929/charcoal.jpg,Halcyon Home Compact Video Doorbell in Charcoal,13
3680,930,,https://cdn.shopnorth.example/p/930/1.jpg,Solstice Eco Sleeping Bag - view 1,0
3681,930,,https://cdn.shopnorth.example/p/930/2.jpg,Solstice Eco Sleeping Bag - view 2,1
3682,930,,https://cdn.shopnorth.example/p/930/3.jpg,Solstice Eco Sleeping Bag - view 3,2
3683,930,,https://cdn.shopnorth.example/p/930/4.jpg,Solstice Eco Sleeping Bag - view 4,3
3684,930,,https://cdn.shopnorth.example/p/930/5.jpg,Solstice Eco Sleeping Bag - view 5,4
3685,931,,https://cdn.shopnorth.example/p/931/1.jpg,Voltix Max Waterproof Winter Boot - view 1,0
3686,931,,https://cdn.shopnorth.example/p/931/2.jpg,Voltix Max Waterproof Winter Boot - view 2,1
3687,931,4205,https://cdn.shopnorth.example/p/931/sand.jpg,Voltix Max Waterproof Winter Boot in Sand,11
3688,931,4212,https://cdn.shopnorth.example/p/931/navy.jpg,Voltix Max Waterproof Winter Boot in Navy,12
3689,932,,https://cdn.shopnorth.example/p/932/1.jpg,Cobalt Audio Signature Straight Leg Jeans - view 1,0
3690,932,4219,https://cdn.shopnorth.example/p/932/olive.jpg,Cobalt Audio Signature Straight Leg Jeans in Olive,11
3691,932,4225,https://cdn.shopnorth.example/p/932/forest-green.jpg,Cobalt Audio Signature Straight Leg Jeans in Forest Green,12
3692,932,4231,https://cdn.shopnorth.example/p/932/blush.jpg,Cobalt Audio Signature Straight Leg Jeans in Blush,13
3693,932,4237,https://cdn.shopnorth.example/p/932/sand.jpg,Cobalt Audio Signature Straight Leg Jeans in Sand,14
3694,933,,https://cdn.shopnorth.example/p/933/1.jpg,Ironbark Signature Instant Camera - view 1,0
3695,933,,https://cdn.shopnorth.example/p/933/2.jpg,Ironbark Signature Instant Camera - view 2,1
3696,933,,https://cdn.shopnorth.example/p/933/3.jpg,Ironbark Signature Instant Camera - view 3,2
3697,933,4242,https://cdn.shopnorth.example/p/933/burgundy.jpg,Ironbark Signature Instant Camera in Burgundy,11
3698,933,4243,https://cdn.shopnorth.example/p/933/sky-blue.jpg,Ironbark Signature Instant Camera in Sky Blue,12
3699,933,4244,https://cdn.shopnorth.example/p/933/forest-green.jpg,Ironbark Signature Instant Camera in Forest Green,13
3700,934,,https://cdn.shopnorth.example/p/934/1.jpg,Brightfield Premium Road Running Shoe - view 1,0
3701,934,,https://cdn.shopnorth.example/p/934/2.jpg,Brightfield Premium Road Running Shoe - view 2,1
3702,934,4245,https://cdn.shopnorth.example/p/934/black.jpg,Brightfield Premium Road Running Shoe in Black,11
3703,934,4252,https://cdn.shopnorth.example/p/934/white.jpg,Brightfield Premium Road Running Shoe in White,12
3704,935,,https://cdn.shopnorth.example/p/935/1.jpg,Halcyon Home Heritage Action Camera - view 1,0
3705,935,,https://cdn.shopnorth.example/p/935/2.jpg,Halcyon Home Heritage Action Camera - view 2,1
3706,935,,https://cdn.shopnorth.example/p/935/3.jpg,Halcyon Home Heritage Action Camera - view 3,2
3707,936,,https://cdn.shopnorth.example/p/936/1.jpg,Voltix Signature Training Shorts - view 1,0
3708,936,4260,https://cdn.shopnorth.example/p/936/heather-gray.jpg,Voltix Signature Training Shorts in Heather Gray,11
3709,936,4266,https://cdn.shopnorth.example/p/936/navy.jpg,Voltix Signature Training Shorts in Navy,12
3710,936,4271,https://cdn.shopnorth.example/p/936/sand.jpg,Voltix Signature Training Shorts in Sand,13
3711,936,4276,https://cdn.shopnorth.example/p/936/olive.jpg,Voltix Signature Training Shorts in Olive,14
3712,937,,https://cdn.shopnorth.example/p/937/1.jpg,Wren & Co. Max Linen Blouse - view 1,0
3713,937,4282,https://cdn.shopnorth.example/p/937/burgundy.jpg,Wren & Co. Max Linen Blouse in Burgundy,11
3714,937,4287,https://cdn.shopnorth.example/p/937/heather-gray.jpg,Wren & Co. Max Linen Blouse in Heather Gray,12
3715,937,4292,https://cdn.shopnorth.example/p/937/black.jpg,Wren & Co. Max Linen Blouse in Black,13
3716,938,,https://cdn.shopnorth.example/p/938/1.jpg,Stratus Signature Nonstick Skillet - view 1,0
3717,938,,https://cdn.shopnorth.example/p/938/2.jpg,Stratus Signature Nonstick Skillet - view 2,1
3718,938,,https://cdn.shopnorth.example/p/938/3.jpg,Stratus Signature Nonstick Skillet - view 3,2
3719,938,4298,https://cdn.shopnorth.example/p/938/sand.jpg,Stratus Signature Nonstick Skillet in Sand,11
3720,938,4299,https://cdn.shopnorth.example/p/938/blush.jpg,Stratus Signature Nonstick Skillet in Blush,12
3721,939,,https://cdn.shopnorth.example/p/939/1.jpg,Fable Toys Eco Power Bank 10000mAh - view 1,0
3722,939,,https://cdn.shopnorth.example/p/939/2.jpg,Fable Toys Eco Power Bank 10000mAh - view 2,1
3723,939,,https://cdn.shopnorth.example/p/939/3.jpg,Fable Toys Eco Power Bank 10000mAh - view 3,2
3724,939,4300,https://cdn.shopnorth.example/p/939/navy.jpg,Fable Toys Eco Power Bank 10000mAh in Navy,11
3725,939,4301,https://cdn.shopnorth.example/p/939/burgundy.jpg,Fable Toys Eco Power Bank 10000mAh in Burgundy,12
3726,939,4302,https://cdn.shopnorth.example/p/939/blush.jpg,Fable Toys Eco Power Bank 10000mAh in Blush,13
3727,940,,https://cdn.shopnorth.example/p/940/1.jpg,Urban Nomad Everyday MagSafe Phone Case - view 1,0
3728,940,,https://cdn.shopnorth.example/p/940/2.jpg,Urban Nomad Everyday MagSafe Phone Case - view 2,1
3729,940,4303,https://cdn.shopnorth.example/p/940/white.jpg,Urban Nomad Everyday MagSafe Phone Case in White,11
3730,940,4304,https://cdn.shopnorth.example/p/940/sand.jpg,Urban Nomad Everyday MagSafe Phone Case in Sand,12
3731,940,4305,https://cdn.shopnorth.example/p/940/charcoal.jpg,Urban Nomad Everyday MagSafe Phone Case in Charcoal,13
3732,941,,https://cdn.shopnorth.example/p/941/1.jpg,Kinfolk Kitchen Everyday Chew Toy - view 1,0
3733,941,,https://cdn.shopnorth.example/p/941/2.jpg,Kinfolk Kitchen Everyday Chew Toy - view 2,1
3734,942,,https://cdn.shopnorth.example/p/942/1.jpg,Kinfolk Kitchen Max Bike Lock - view 1,0
3735,942,,https://cdn.shopnorth.example/p/942/2.jpg,Kinfolk Kitchen Max Bike Lock - view 2,1
3736,942,,https://cdn.shopnorth.example/p/942/3.jpg,Kinfolk Kitchen Max Bike Lock - view 3,2
3737,943,,https://cdn.shopnorth.example/p/943/1.jpg,Oakridge Studio Ceramic Vase - view 1,0
3738,943,,https://cdn.shopnorth.example/p/943/2.jpg,Oakridge Studio Ceramic Vase - view 2,1
3739,943,,https://cdn.shopnorth.example/p/943/3.jpg,Oakridge Studio Ceramic Vase - view 3,2
3740,944,,https://cdn.shopnorth.example/p/944/1.jpg,Birchwood Studio Eau de Parfum 50ml - view 1,0
3741,945,,https://cdn.shopnorth.example/p/945/1.jpg,Oakridge Eco 2-Person Tent - view 1,0
3742,946,,https://cdn.shopnorth.example/p/946/1.jpg,Arcadia Ultra Road Running Shoe - view 1,0
3743,946,,https://cdn.shopnorth.example/p/946/2.jpg,Arcadia Ultra Road Running Shoe - view 2,1
3744,946,4311,https://cdn.shopnorth.example/p/946/burgundy.jpg,Arcadia Ultra Road Running Shoe in Burgundy,11
3745,946,4318,https://cdn.shopnorth.example/p/946/olive.jpg,Arcadia Ultra Road Running Shoe in Olive,12
3746,947,,https://cdn.shopnorth.example/p/947/1.jpg,Oakridge Compact Air Fryer - view 1,0
3747,948,,https://cdn.shopnorth.example/p/948/1.jpg,Tidewater Pro USB-C Charging Cable - view 1,0
3748,948,,https://cdn.shopnorth.example/p/948/2.jpg,Tidewater Pro USB-C Charging Cable - view 2,1
3749,948,,https://cdn.shopnorth.example/p/948/3.jpg,Tidewater Pro USB-C Charging Cable - view 3,2
3750,949,,https://cdn.shopnorth.example/p/949/1.jpg,Alder & Pine Pro Family Trivia Game - view 1,0
3751,949,,https://cdn.shopnorth.example/p/949/2.jpg,Alder & Pine Pro Family Trivia Game - view 2,1
3752,950,,https://cdn.shopnorth.example/p/950/1.jpg,Summit Supply Signature Crew Neck T-Shirt - view 1,0
3753,950,,https://cdn.shopnorth.example/p/950/2.jpg,Summit Supply Signature Crew Neck T-Shirt - view 2,1
3754,950,4328,https://cdn.shopnorth.example/p/950/forest-green.jpg,Summit Supply Signature Crew Neck T-Shirt in Forest Green,11
3755,951,,https://cdn.shopnorth.example/p/951/1.jpg,Seaside Skin Classic Orthopedic Dog Bed - view 1,0
3756,951,,https://cdn.shopnorth.example/p/951/2.jpg,Seaside Skin Classic Orthopedic Dog Bed - view 2,1
3757,951,,https://cdn.shopnorth.example/p/951/3.jpg,Seaside Skin Classic Orthopedic Dog Bed - view 3,2
3758,951,,https://cdn.shopnorth.example/p/951/4.jpg,Seaside Skin Classic Orthopedic Dog Bed - view 4,3
3759,952,,https://cdn.shopnorth.example/p/952/1.jpg,Rove Premium Cropped Sweater - view 1,0
3760,952,,https://cdn.shopnorth.example/p/952/2.jpg,Rove Premium Cropped Sweater - view 2,1
3761,952,,https://cdn.shopnorth.example/p/952/3.jpg,Rove Premium Cropped Sweater - view 3,2
3762,952,4335,https://cdn.shopnorth.example/p/952/blush.jpg,Rove Premium Cropped Sweater in Blush,11
3763,953,,https://cdn.shopnorth.example/p/953/1.jpg,Everkind Classic Slide Sandal - view 1,0
3764,953,,https://cdn.shopnorth.example/p/953/2.jpg,Everkind Classic Slide Sandal - view 2,1
3765,953,,https://cdn.shopnorth.example/p/953/3.jpg,Everkind Classic Slide Sandal - view 3,2
3766,953,,https://cdn.shopnorth.example/p/953/4.jpg,Everkind Classic Slide Sandal - view 4,3
3767,953,4341,https://cdn.shopnorth.example/p/953/heather-gray.jpg,Everkind Classic Slide Sandal in Heather Gray,11
3768,954,,https://cdn.shopnorth.example/p/954/1.jpg,Seaside Skin Max Stackable Bins - view 1,0
3769,955,,https://cdn.shopnorth.example/p/955/1.jpg,Everkind Ultra Sheet Pan Set - view 1,0
3770,955,,https://cdn.shopnorth.example/p/955/2.jpg,Everkind Ultra Sheet Pan Set - view 2,1
3771,955,,https://cdn.shopnorth.example/p/955/3.jpg,Everkind Ultra Sheet Pan Set - view 3,2
3772,955,,https://cdn.shopnorth.example/p/955/4.jpg,Everkind Ultra Sheet Pan Set - view 4,3
3773,955,4349,https://cdn.shopnorth.example/p/955/burgundy.jpg,Everkind Ultra Sheet Pan Set in Burgundy,11
3774,955,4350,https://cdn.shopnorth.example/p/955/black.jpg,Everkind Ultra Sheet Pan Set in Black,12
3775,955,4351,https://cdn.shopnorth.example/p/955/white.jpg,Everkind Ultra Sheet Pan Set in White,13
3776,956,,https://cdn.shopnorth.example/p/956/1.jpg,Everkind Pro Mascara - view 1,0
3777,956,,https://cdn.shopnorth.example/p/956/2.jpg,Everkind Pro Mascara - view 2,1
3778,957,,https://cdn.shopnorth.example/p/957/1.jpg,Tidewater Heritage Stackable Bins - view 1,0
3779,957,,https://cdn.shopnorth.example/p/957/2.jpg,Tidewater Heritage Stackable Bins - view 2,1
3780,957,,https://cdn.shopnorth.example/p/957/3.jpg,Tidewater Heritage Stackable Bins - view 3,2
3781,958,,https://cdn.shopnorth.example/p/958/1.jpg,Marlowe Premium Espresso Machine - view 1,0
3782,958,,https://cdn.shopnorth.example/p/958/2.jpg,Marlowe Premium Espresso Machine - view 2,1
3783,958,,https://cdn.shopnorth.example/p/958/3.jpg,Marlowe Premium Espresso Machine - view 3,2
3784,958,,https://cdn.shopnorth.example/p/958/4.jpg,Marlowe Premium Espresso Machine - view 4,3
3785,959,,https://cdn.shopnorth.example/p/959/1.jpg,Cinder Heritage Performance Polo - view 1,0
3786,959,,https://cdn.shopnorth.example/p/959/2.jpg,Cinder Heritage Performance Polo - view 2,1
3787,959,4355,https://cdn.shopnorth.example/p/959/sky-blue.jpg,Cinder Heritage Performance Polo in Sky Blue,11
3788,959,4360,https://cdn.shopnorth.example/p/959/blush.jpg,Cinder Heritage Performance Polo in Blush,12
3789,959,4366,https://cdn.shopnorth.example/p/959/charcoal.jpg,Cinder Heritage Performance Polo in Charcoal,13
3790,960,,https://cdn.shopnorth.example/p/960/1.jpg,Solstice Lightweight Sport Earbuds - view 1,0
3791,960,,https://cdn.shopnorth.example/p/960/2.jpg,Solstice Lightweight Sport Earbuds - view 2,1
3792,960,,https://cdn.shopnorth.example/p/960/3.jpg,Solstice Lightweight Sport Earbuds - view 3,2
3793,961,,https://cdn.shopnorth.example/p/961/1.jpg,Lumora Compact Resistance Band Set - view 1,0
3794,961,,https://cdn.shopnorth.example/p/961/2.jpg,Lumora Compact Resistance Band Set - view 2,1
3795,961,,https://cdn.shopnorth.example/p/961/3.jpg,Lumora Compact Resistance Band Set - view 3,2
3796,962,,https://cdn.shopnorth.example/p/962/1.jpg,Seaside Skin Eco USB-C Charging Cable - view 1,0
3797,962,,https://cdn.shopnorth.example/p/962/2.jpg,Seaside Skin Eco USB-C Charging Cable - view 2,1
3798,962,4373,https://cdn.shopnorth.example/p/962/navy.jpg,Seaside Skin Eco USB-C Charging Cable in Navy,11
3799,962,4374,https://cdn.shopnorth.example/p/962/white.jpg,Seaside Skin Eco USB-C Charging Cable in White,12
3800,962,4375,https://cdn.shopnorth.example/p/962/charcoal.jpg,Seaside Skin Eco USB-C Charging Cable in Charcoal,13
3801,962,4376,https://cdn.shopnorth.example/p/962/forest-green.jpg,Seaside Skin Eco USB-C Charging Cable in Forest Green,14
3802,963,,https://cdn.shopnorth.example/p/963/1.jpg,Seaside Skin Studio Sheet Pan Set - view 1,0
3803,963,,https://cdn.shopnorth.example/p/963/2.jpg,Seaside Skin Studio Sheet Pan Set - view 2,1
3804,963,,https://cdn.shopnorth.example/p/963/3.jpg,Seaside Skin Studio Sheet Pan Set - view 3,2
3805,963,4377,https://cdn.shopnorth.example/p/963/sky-blue.jpg,Seaside Skin Studio Sheet Pan Set in Sky Blue,11
3806,963,4378,https://cdn.shopnorth.example/p/963/white.jpg,Seaside Skin Studio Sheet Pan Set in White,12
3807,964,,https://cdn.shopnorth.example/p/964/1.jpg,PawPal Essential 2-Person Tent - view 1,0
3808,965,,https://cdn.shopnorth.example/p/965/1.jpg,Halcyon Home Classic Kettlebell - view 1,0
3809,965,,https://cdn.shopnorth.example/p/965/2.jpg,Halcyon Home Classic Kettlebell - view 2,1
3810,965,,https://cdn.shopnorth.example/p/965/3.jpg,Halcyon Home Classic Kettlebell - view 3,2
3811,965,,https://cdn.shopnorth.example/p/965/4.jpg,Halcyon Home Classic Kettlebell - view 4,3
3812,965,,https://cdn.shopnorth.example/p/965/5.jpg,Halcyon Home Classic Kettlebell - view 5,4
3813,966,,https://cdn.shopnorth.example/p/966/1.jpg,Summit Supply Essential Vitamin C Serum - view 1,0
3814,967,,https://cdn.shopnorth.example/p/967/1.jpg,Fernway Eco Throw Blanket - view 1,0
3815,967,,https://cdn.shopnorth.example/p/967/2.jpg,Fernway Eco Throw Blanket - view 2,1
3816,968,,https://cdn.shopnorth.example/p/968/1.jpg,Marlowe Compact Sport Sandal - view 1,0
3817,968,,https://cdn.shopnorth.example/p/968/2.jpg,Marlowe Compact Sport Sandal - view 2,1
3818,968,,https://cdn.shopnorth.example/p/968/3.jpg,Marlowe Compact Sport Sandal - view 3,2
3819,968,,https://cdn.shopnorth.example/p/968/4.jpg,Marlowe Compact Sport Sandal - view 4,3
3820,968,4383,https://cdn.shopnorth.example/p/968/white.jpg,Marlowe Compact Sport Sandal in White,11
3821,969,,https://cdn.shopnorth.example/p/969/1.jpg,Lumora Pro Insulated Water Bottle 32oz - view 1,0
3822,969,,https://cdn.shopnorth.example/p/969/2.jpg,Lumora Pro Insulated Water Bottle 32oz - view 2,1
3823,969,4390,https://cdn.shopnorth.example/p/969/forest-green.jpg,Lumora Pro Insulated Water Bottle 32oz in Forest Green,11
3824,969,4391,https://cdn.shopnorth.example/p/969/burgundy.jpg,Lumora Pro Insulated Water Bottle 32oz in Burgundy,12
3825,969,4392,https://cdn.shopnorth.example/p/969/olive.jpg,Lumora Pro Insulated Water Bottle 32oz in Olive,13
3826,970,,https://cdn.shopnorth.example/p/970/1.jpg,Cobalt Audio Pro Retinol Night Cream - view 1,0
3827,970,,https://cdn.shopnorth.example/p/970/2.jpg,Cobalt Audio Pro Retinol Night Cream - view 2,1
3828,970,,https://cdn.shopnorth.example/p/970/3.jpg,Cobalt Audio Pro Retinol Night Cream - view 3,2
3829,970,,https://cdn.shopnorth.example/p/970/4.jpg,Cobalt Audio Pro Retinol Night Cream - view 4,3
3830,970,,https://cdn.shopnorth.example/p/970/5.jpg,Cobalt Audio Pro Retinol Night Cream - view 5,4
3831,971,,https://cdn.shopnorth.example/p/971/1.jpg,Stratus Everyday Oversized Hoodie - view 1,0
3832,971,,https://cdn.shopnorth.example/p/971/2.jpg,Stratus Everyday Oversized Hoodie - view 2,1
3833,971,,https://cdn.shopnorth.example/p/971/3.jpg,Stratus Everyday Oversized Hoodie - view 3,2
3834,971,,https://cdn.shopnorth.example/p/971/4.jpg,Stratus Everyday Oversized Hoodie - view 4,3
3835,971,,https://cdn.shopnorth.example/p/971/5.jpg,Stratus Everyday Oversized Hoodie - view 5,4
3836,971,4394,https://cdn.shopnorth.example/p/971/blush.jpg,Stratus Everyday Oversized Hoodie in Blush,11
3837,971,4400,https://cdn.shopnorth.example/p/971/white.jpg,Stratus Everyday Oversized Hoodie in White,12
3838,972,,https://cdn.shopnorth.example/p/972/1.jpg,Northwind Essential 2-in-1 Convertible Laptop - view 1,0
3839,972,,https://cdn.shopnorth.example/p/972/2.jpg,Northwind Essential 2-in-1 Convertible Laptop - view 2,1
3840,972,4405,https://cdn.shopnorth.example/p/972/space-gray.jpg,Northwind Essential 2-in-1 Convertible Laptop in Space Gray,11
3841,972,4407,https://cdn.shopnorth.example/p/972/silver.jpg,Northwind Essential 2-in-1 Convertible Laptop in Silver,12
3842,973,,https://cdn.shopnorth.example/p/973/1.jpg,Birchwood Classic Slim Fit Jeans - view 1,0
3843,973,,https://cdn.shopnorth.example/p/973/2.jpg,Birchwood Classic Slim Fit Jeans - view 2,1
3844,973,,https://cdn.shopnorth.example/p/973/3.jpg,Birchwood Classic Slim Fit Jeans - view 3,2
3845,973,,https://cdn.shopnorth.example/p/973/4.jpg,Birchwood Classic Slim Fit Jeans - view 4,3
3846,973,4409,https://cdn.shopnorth.example/p/973/heather-gray.jpg,Birchwood Classic Slim Fit Jeans in Heather Gray,11
3847,973,4415,https://cdn.shopnorth.example/p/973/navy.jpg,Birchwood Classic Slim Fit Jeans in Navy,12
3848,973,4420,https://cdn.shopnorth.example/p/973/white.jpg,Birchwood Classic Slim Fit Jeans in White,13
3849,974,,https://cdn.shopnorth.example/p/974/1.jpg,Apex Motion Eco Power Bank 10000mAh - view 1,0
3850,974,,https://cdn.shopnorth.example/p/974/2.jpg,Apex Motion Eco Power Bank 10000mAh - view 2,1
3851,974,,https://cdn.shopnorth.example/p/974/3.jpg,Apex Motion Eco Power Bank 10000mAh - view 3,2
3852,974,,https://cdn.shopnorth.example/p/974/4.jpg,Apex Motion Eco Power Bank 10000mAh - view 4,3
3853,974,4426,https://cdn.shopnorth.example/p/974/blush.jpg,Apex Motion Eco Power Bank 10000mAh in Blush,11
3854,974,4427,https://cdn.shopnorth.example/p/974/olive.jpg,Apex Motion Eco Power Bank 10000mAh in Olive,12
3855,975,,https://cdn.shopnorth.example/p/975/1.jpg,Harbor Goods Pro Puffer Jacket - view 1,0
3856,975,,https://cdn.shopnorth.example/p/975/2.jpg,Harbor Goods Pro Puffer Jacket - view 2,1
3857,975,4428,https://cdn.shopnorth.example/p/975/sky-blue.jpg,Harbor Goods Pro Puffer Jacket in Sky Blue,11
3858,976,,https://cdn.shopnorth.example/p/976/1.jpg,Cobalt Audio Eco Instant Camera - view 1,0
3859,977,,https://cdn.shopnorth.example/p/977/1.jpg,Apex Motion Classic High-Waist Leggings - view 1,0
3860,977,,https://cdn.shopnorth.example/p/977/2.jpg,Apex Motion Classic High-Waist Leggings - view 2,1
3861,977,,https://cdn.shopnorth.example/p/977/3.jpg,Apex Motion Classic High-Waist Leggings - view 3,2
3862,977,4435,https://cdn.shopnorth.example/p/977/charcoal.jpg,Apex Motion Classic High-Waist Leggings in Charcoal,11
3863,978,,https://cdn.shopnorth.example/p/978/1.jpg,Birchwood Studio Smart Plug - view 1,0
3864,978,4441,https://cdn.shopnorth.example/p/978/blush.jpg,Birchwood Studio Smart Plug in Blush,11
3865,978,4442,https://cdn.shopnorth.example/p/978/charcoal.jpg,Birchwood Studio Smart Plug in Charcoal,12
3866,979,,https://cdn.shopnorth.example/p/979/1.jpg,Northwind Signature Folding Camp Chair - view 1,0
3867,979,,https://cdn.shopnorth.example/p/979/2.jpg,Northwind Signature Folding Camp Chair - view 2,1
3868,980,,https://cdn.shopnorth.example/p/980/1.jpg,Alder & Pine Signature Wireless Charger - view 1,0
3869,980,4444,https://cdn.shopnorth.example/p/980/heather-gray.jpg,Alder & Pine Signature Wireless Charger in Heather Gray,11
3870,980,4445,https://cdn.shopnorth.example/p/980/white.jpg,Alder & Pine Signature Wireless Charger in White,12
3871,980,4446,https://cdn.shopnorth.example/p/980/sky-blue.jpg,Alder & Pine Signature Wireless Charger in Sky Blue,13
3872,981,,https://cdn.shopnorth.example/p/981/1.jpg,Kinfolk Kitchen Signature Flip Flop - view 1,0
3873,981,4447,https://cdn.shopnorth.example/p/981/burgundy.jpg,Kinfolk Kitchen Signature Flip Flop in Burgundy,11
3874,982,,https://cdn.shopnorth.example/p/982/1.jpg,Ironbark Studio Orthopedic Dog Bed - view 1,0
3875,982,,https://cdn.shopnorth.example/p/982/2.jpg,Ironbark Studio Orthopedic Dog Bed - view 2,1
3876,982,,https://cdn.shopnorth.example/p/982/3.jpg,Ironbark Studio Orthopedic Dog Bed - view 3,2
3877,982,,https://cdn.shopnorth.example/p/982/4.jpg,Ironbark Studio Orthopedic Dog Bed - view 4,3
3878,982,,https://cdn.shopnorth.example/p/982/5.jpg,Ironbark Studio Orthopedic Dog Bed - view 5,4
3879,983,,https://cdn.shopnorth.example/p/983/1.jpg,Ironbark Pro 1000-Piece Puzzle - view 1,0
3880,983,,https://cdn.shopnorth.example/p/983/2.jpg,Ironbark Pro 1000-Piece Puzzle - view 2,1
3881,983,,https://cdn.shopnorth.example/p/983/3.jpg,Ironbark Pro 1000-Piece Puzzle - view 3,2
3882,983,,https://cdn.shopnorth.example/p/983/4.jpg,Ironbark Pro 1000-Piece Puzzle - view 4,3
3883,983,,https://cdn.shopnorth.example/p/983/5.jpg,Ironbark Pro 1000-Piece Puzzle - view 5,4
3884,984,,https://cdn.shopnorth.example/p/984/1.jpg,PawPal Everyday Linen Duvet Cover - view 1,0
3885,984,,https://cdn.shopnorth.example/p/984/2.jpg,PawPal Everyday Linen Duvet Cover - view 2,1
3886,984,,https://cdn.shopnorth.example/p/984/3.jpg,PawPal Everyday Linen Duvet Cover - view 3,2
3887,984,,https://cdn.shopnorth.example/p/984/4.jpg,PawPal Everyday Linen Duvet Cover - view 4,3
3888,985,,https://cdn.shopnorth.example/p/985/1.jpg,Summit Supply Compact Orthopedic Dog Bed - view 1,0
3889,985,,https://cdn.shopnorth.example/p/985/2.jpg,Summit Supply Compact Orthopedic Dog Bed - view 2,1
3890,985,,https://cdn.shopnorth.example/p/985/3.jpg,Summit Supply Compact Orthopedic Dog Bed - view 3,2
3891,985,,https://cdn.shopnorth.example/p/985/4.jpg,Summit Supply Compact Orthopedic Dog Bed - view 4,3
3892,985,,https://cdn.shopnorth.example/p/985/5.jpg,Summit Supply Compact Orthopedic Dog Bed - view 5,4
3893,986,,https://cdn.shopnorth.example/p/986/1.jpg,Marlowe Max Slim Fit Jeans - view 1,0
3894,986,,https://cdn.shopnorth.example/p/986/2.jpg,Marlowe Max Slim Fit Jeans - view 2,1
3895,986,,https://cdn.shopnorth.example/p/986/3.jpg,Marlowe Max Slim Fit Jeans - view 3,2
3896,986,,https://cdn.shopnorth.example/p/986/4.jpg,Marlowe Max Slim Fit Jeans - view 4,3
3897,986,4461,https://cdn.shopnorth.example/p/986/sky-blue.jpg,Marlowe Max Slim Fit Jeans in Sky Blue,11
3898,986,4466,https://cdn.shopnorth.example/p/986/burgundy.jpg,Marlowe Max Slim Fit Jeans in Burgundy,12
3899,987,,https://cdn.shopnorth.example/p/987/1.jpg,Fable Toys Premium Puffer Jacket - view 1,0
3900,987,,https://cdn.shopnorth.example/p/987/2.jpg,Fable Toys Premium Puffer Jacket - view 2,1
3901,987,,https://cdn.shopnorth.example/p/987/3.jpg,Fable Toys Premium Puffer Jacket - view 3,2
3902,987,,https://cdn.shopnorth.example/p/987/4.jpg,Fable Toys Premium Puffer Jacket - view 4,3
3903,987,,https://cdn.shopnorth.example/p/987/5.jpg,Fable Toys Premium Puffer Jacket - view 5,4
3904,987,4471,https://cdn.shopnorth.example/p/987/black.jpg,Fable Toys Premium Puffer Jacket in Black,11
3905,987,4476,https://cdn.shopnorth.example/p/987/olive.jpg,Fable Toys Premium Puffer Jacket in Olive,12
3906,988,,https://cdn.shopnorth.example/p/988/1.jpg,Pulse Fitness Pro Kettlebell - view 1,0
3907,988,,https://cdn.shopnorth.example/p/988/2.jpg,Pulse Fitness Pro Kettlebell - view 2,1
3908,988,,https://cdn.shopnorth.example/p/988/3.jpg,Pulse Fitness Pro Kettlebell - view 3,2
3909,988,,https://cdn.shopnorth.example/p/988/4.jpg,Pulse Fitness Pro Kettlebell - view 4,3
3910,989,,https://cdn.shopnorth.example/p/989/1.jpg,Fable Toys Ultra Hybrid Bike - view 1,0
3911,990,,https://cdn.shopnorth.example/p/990/1.jpg,Saltwater Eco Espresso Machine - view 1,0
3912,991,,https://cdn.shopnorth.example/p/991/1.jpg,Cinder Signature Vitamin C Serum - view 1,0
3913,991,,https://cdn.shopnorth.example/p/991/2.jpg,Cinder Signature Vitamin C Serum - view 2,1
3914,991,,https://cdn.shopnorth.example/p/991/3.jpg,Cinder Signature Vitamin C Serum - view 3,2
3915,991,,https://cdn.shopnorth.example/p/991/4.jpg,Cinder Signature Vitamin C Serum - view 4,3
3916,991,,https://cdn.shopnorth.example/p/991/5.jpg,Cinder Signature Vitamin C Serum - view 5,4
3917,992,,https://cdn.shopnorth.example/p/992/1.jpg,PawPal Eco Noise Cancelling Headphones - view 1,0
3918,992,,https://cdn.shopnorth.example/p/992/2.jpg,PawPal Eco Noise Cancelling Headphones - view 2,1
3919,992,,https://cdn.shopnorth.example/p/992/3.jpg,PawPal Eco Noise Cancelling Headphones - view 3,2
3920,992,,https://cdn.shopnorth.example/p/992/4.jpg,PawPal Eco Noise Cancelling Headphones - view 4,3
3921,992,,https://cdn.shopnorth.example/p/992/5.jpg,PawPal Eco Noise Cancelling Headphones - view 5,4
3922,992,4486,https://cdn.shopnorth.example/p/992/heather-gray.jpg,PawPal Eco Noise Cancelling Headphones in Heather Gray,11
3923,992,4487,https://cdn.shopnorth.example/p/992/forest-green.jpg,PawPal Eco Noise Cancelling Headphones in Forest Green,12
3924,992,4488,https://cdn.shopnorth.example/p/992/blush.jpg,PawPal Eco Noise Cancelling Headphones in Blush,13
3925,993,,https://cdn.shopnorth.example/p/993/1.jpg,Fable Toys Heritage Kettlebell - view 1,0
3926,993,,https://cdn.shopnorth.example/p/993/2.jpg,Fable Toys Heritage Kettlebell - view 2,1
3927,994,,https://cdn.shopnorth.example/p/994/1.jpg,PawPal Pro LED Bike Light Set - view 1,0
3928,994,,https://cdn.shopnorth.example/p/994/2.jpg,PawPal Pro LED Bike Light Set - view 2,1
3929,994,,https://cdn.shopnorth.example/p/994/3.jpg,PawPal Pro LED Bike Light Set - view 3,2
3930,994,,https://cdn.shopnorth.example/p/994/4.jpg,PawPal Pro LED Bike Light Set - view 4,3
3931,994,,https://cdn.shopnorth.example/p/994/5.jpg,PawPal Pro LED Bike Light Set - view 5,4
3932,995,,https://cdn.shopnorth.example/p/995/1.jpg,Halcyon Home Heritage Mirrorless Camera - view 1,0
3933,995,,https://cdn.shopnorth.example/p/995/2.jpg,Halcyon Home Heritage Mirrorless Camera - view 2,1
3934,995,,https://cdn.shopnorth.example/p/995/3.jpg,Halcyon Home Heritage Mirrorless Camera - view 3,2
3935,995,,https://cdn.shopnorth.example/p/995/4.jpg,Halcyon Home Heritage Mirrorless Camera - view 4,3
3936,995,4491,https://cdn.shopnorth.example/p/995/white.jpg,Halcyon Home Heritage Mirrorless Camera in White,11
3937,995,4492,https://cdn.shopnorth.example/p/995/navy.jpg,Halcyon Home Heritage Mirrorless Camera in Navy,12
3938,995,4493,https://cdn.shopnorth.example/p/995/burgundy.jpg,Halcyon Home Heritage Mirrorless Camera in Burgundy,13
3939,995,4494,https://cdn.shopnorth.example/p/995/charcoal.jpg,Halcyon Home Heritage Mirrorless Camera in Charcoal,14
3940,996,,https://cdn.shopnorth.example/p/996/1.jpg,Saltwater Ultra Cropped Sweater - view 1,0
3941,996,,https://cdn.shopnorth.example/p/996/2.jpg,Saltwater Ultra Cropped Sweater - view 2,1
3942,996,4495,https://cdn.shopnorth.example/p/996/blush.jpg,Saltwater Ultra Cropped Sweater in Blush,11
3943,996,4501,https://cdn.shopnorth.example/p/996/white.jpg,Saltwater Ultra Cropped Sweater in White,12
3944,996,4507,https://cdn.shopnorth.example/p/996/burgundy.jpg,Saltwater Ultra Cropped Sweater in Burgundy,13
3945,996,4512,https://cdn.shopnorth.example/p/996/charcoal.jpg,Saltwater Ultra Cropped Sweater in Charcoal,14
3946,997,,https://cdn.shopnorth.example/p/997/1.jpg,Wren & Co. Premium Orthopedic Dog Bed - view 1,0
3947,997,,https://cdn.shopnorth.example/p/997/2.jpg,Wren & Co. Premium Orthopedic Dog Bed - view 2,1
3948,998,,https://cdn.shopnorth.example/p/998/1.jpg,Luxe Botanica Classic LED Bike Light Set - view 1,0
3949,998,,https://cdn.shopnorth.example/p/998/2.jpg,Luxe Botanica Classic LED Bike Light Set - view 2,1
3950,998,,https://cdn.shopnorth.example/p/998/3.jpg,Luxe Botanica Classic LED Bike Light Set - view 3,2
3951,998,,https://cdn.shopnorth.example/p/998/4.jpg,Luxe Botanica Classic LED Bike Light Set - view 4,3
3952,998,,https://cdn.shopnorth.example/p/998/5.jpg,Luxe Botanica Classic LED Bike Light Set - view 5,4
3953,999,,https://cdn.shopnorth.example/p/999/1.jpg,Trailhead Premium Sport Earbuds - view 1,0
3954,999,,https://cdn.shopnorth.example/p/999/2.jpg,Trailhead Premium Sport Earbuds - view 2,1
3955,999,,https://cdn.shopnorth.example/p/999/3.jpg,Trailhead Premium Sport Earbuds - view 3,2
3956,999,,https://cdn.shopnorth.example/p/999/4.jpg,Trailhead Premium Sport Earbuds - view 4,3
3957,999,4519,https://cdn.shopnorth.example/p/999/black.jpg,Trailhead Premium Sport Earbuds in Black,11
3958,999,4520,https://cdn.shopnorth.example/p/999/forest-green.jpg,Trailhead Premium Sport Earbuds in Forest Green,12
3959,999,4521,https://cdn.shopnorth.example/p/999/sand.jpg,Trailhead Premium Sport Earbuds in Sand,13
3960,1000,,https://cdn.shopnorth.example/p/1000/1.jpg,Solstice Classic Brow Pencil - view 1,0
3961,1000,,https://cdn.shopnorth.example/p/1000/2.jpg,Solstice Classic Brow Pencil - view 2,1
3962,1001,,https://cdn.shopnorth.example/p/1001/1.jpg,Cinder Max Self-Cleaning Litter Box - view 1,0
3963,1001,,https://cdn.shopnorth.example/p/1001/2.jpg,Cinder Max Self-Cleaning Litter Box - view 2,1
3964,1001,,https://cdn.shopnorth.example/p/1001/3.jpg,Cinder Max Self-Cleaning Litter Box - view 3,2
3965,1001,,https://cdn.shopnorth.example/p/1001/4.jpg,Cinder Max Self-Cleaning Litter Box - view 4,3
3966,1002,,https://cdn.shopnorth.example/p/1002/1.jpg,Rove Eco Performance Polo - view 1,0
3967,1002,,https://cdn.shopnorth.example/p/1002/2.jpg,Rove Eco Performance Polo - view 2,1
3968,1002,,https://cdn.shopnorth.example/p/1002/3.jpg,Rove Eco Performance Polo - view 3,2
3969,1002,,https://cdn.shopnorth.example/p/1002/4.jpg,Rove Eco Performance Polo - view 4,3
3970,1002,4524,https://cdn.shopnorth.example/p/1002/forest-green.jpg,Rove Eco Performance Polo in Forest Green,11
3971,1003,,https://cdn.shopnorth.example/p/1003/1.jpg,Cinder Studio Cotton Sheet Set - view 1,0
3972,1003,,https://cdn.shopnorth.example/p/1003/2.jpg,Cinder Studio Cotton Sheet Set - view 2,1
3973,1003,,https://cdn.shopnorth.example/p/1003/3.jpg,Cinder Studio Cotton Sheet Set - view 3,2
3974,1004,,https://cdn.shopnorth.example/p/1004/1.jpg,Veloce Everyday Slide Sandal - view 1,0
3975,1004,4534,https://cdn.shopnorth.example/p/1004/blush.jpg,Veloce Everyday Slide Sandal in Blush,11
3976,1004,4541,https://cdn.shopnorth.example/p/1004/olive.jpg,Veloce Everyday Slide Sandal in Olive,12
3977,1005,,https://cdn.shopnorth.example/p/1005/1.jpg,Ironbark Signature Foam Roller - view 1,0
3978,1005,,https://cdn.shopnorth.example/p/1005/2.jpg,Ironbark Signature Foam Roller - view 2,1
3979,1005,,https://cdn.shopnorth.example/p/1005/3.jpg,Ironbark Signature Foam Roller - view 3,2
3980,1006,,https://cdn.shopnorth.example/p/1006/1.jpg,Solstice Ultra Down Alternative Comforter - view 1,0
3981,1007,,https://cdn.shopnorth.example/p/1007/1.jpg,Halcyon Home Compact Cotton Sheet Set - view 1,0
3982,1007,,https://cdn.shopnorth.example/p/1007/2.jpg,Halcyon Home Compact Cotton Sheet Set - view 2,1
3983,1008,,https://cdn.shopnorth.example/p/1008/1.jpg,Brightfield Eco Gentle Cleanser - view 1,0
3984,1008,,https://cdn.shopnorth.example/p/1008/2.jpg,Brightfield Eco Gentle Cleanser - view 2,1
3985,1008,,https://cdn.shopnorth.example/p/1008/3.jpg,Brightfield Eco Gentle Cleanser - view 3,2
3986,1008,,https://cdn.shopnorth.example/p/1008/4.jpg,Brightfield Eco Gentle Cleanser - view 4,3
3987,1008,,https://cdn.shopnorth.example/p/1008/5.jpg,Brightfield Eco Gentle Cleanser - view 5,4
3988,1009,,https://cdn.shopnorth.example/p/1009/1.jpg,Trailhead Max Sleeping Bag - view 1,0
3989,1009,,https://cdn.shopnorth.example/p/1009/2.jpg,Trailhead Max Sleeping Bag - view 2,1
3990,1009,,https://cdn.shopnorth.example/p/1009/3.jpg,Trailhead Max Sleeping Bag - view 3,2
3991,1009,,https://cdn.shopnorth.example/p/1009/4.jpg,Trailhead Max Sleeping Bag - view 4,3
3992,1010,,https://cdn.shopnorth.example/p/1010/1.jpg,Stratus Compact Tinted Moisturizer - view 1,0
3993,1010,,https://cdn.shopnorth.example/p/1010/2.jpg,Stratus Compact Tinted Moisturizer - view 2,1
3994,1010,,https://cdn.shopnorth.example/p/1010/3.jpg,Stratus Compact Tinted Moisturizer - view 3,2
3995,1010,,https://cdn.shopnorth.example/p/1010/4.jpg,Stratus Compact Tinted Moisturizer - view 4,3
3996,1010,,https://cdn.shopnorth.example/p/1010/5.jpg,Stratus Compact Tinted Moisturizer - view 5,4
3997,1011,,https://cdn.shopnorth.example/p/1011/1.jpg,Solstice Premium Ceramic Vase - view 1,0
3998,1011,,https://cdn.shopnorth.example/p/1011/2.jpg,Solstice Premium Ceramic Vase - view 2,1
3999,1012,,https://cdn.shopnorth.example/p/1012/1.jpg,Saltwater Classic Resistance Band Set - view 1,0
4000,1012,,https://cdn.shopnorth.example/p/1012/2.jpg,Saltwater Classic Resistance Band Set - view 2,1
4001,1012,,https://cdn.shopnorth.example/p/1012/3.jpg,Saltwater Classic Resistance Band Set - view 3,2
4002,1012,,https://cdn.shopnorth.example/p/1012/4.jpg,Saltwater Classic Resistance Band Set - view 4,3
4003,1013,,https://cdn.shopnorth.example/p/1013/1.jpg,Cobalt Audio Classic Vitamin C Serum - view 1,0
4004,1013,,https://cdn.shopnorth.example/p/1013/2.jpg,Cobalt Audio Classic Vitamin C Serum - view 2,1
4005,1013,,https://cdn.shopnorth.example/p/1013/3.jpg,Cobalt Audio Classic Vitamin C Serum - view 3,2
4006,1013,,https://cdn.shopnorth.example/p/1013/4.jpg,Cobalt Audio Classic Vitamin C Serum - view 4,3
4007,1014,,https://cdn.shopnorth.example/p/1014/1.jpg,Brightfield Classic Training Shorts - view 1,0
4008,1014,4563,https://cdn.shopnorth.example/p/1014/forest-green.jpg,Brightfield Classic Training Shorts in Forest Green,11
4009,1014,4568,https://cdn.shopnorth.example/p/1014/charcoal.jpg,Brightfield Classic Training Shorts in Charcoal,12
4010,1015,,https://cdn.shopnorth.example/p/1015/1.jpg,Lumora Eco Cropped Sweater - view 1,0
4011,1015,4573,https://cdn.shopnorth.example/p/1015/charcoal.jpg,Lumora Eco Cropped Sweater in Charcoal,11
4012,1016,,https://cdn.shopnorth.example/p/1016/1.jpg,Quill Signature Hiking Boot - view 1,0
4013,1016,,https://cdn.shopnorth.example/p/1016/2.jpg,Quill Signature Hiking Boot - view 2,1
4014,1016,,https://cdn.shopnorth.example/p/1016/3.jpg,Quill Signature Hiking Boot - view 3,2
4015,1016,,https://cdn.shopnorth.example/p/1016/4.jpg,Quill Signature Hiking Boot - view 4,3
4016,1016,4578,https://cdn.shopnorth.example/p/1016/navy.jpg,Quill Signature Hiking Boot in Navy,11
4017,1017,,https://cdn.shopnorth.example/p/1017/1.jpg,Birchwood Compact Mineral Sunscreen SPF 50 - view 1,0
4018,1017,,https://cdn.shopnorth.example/p/1017/2.jpg,Birchwood Compact Mineral Sunscreen SPF 50 - view 2,1
4019,1018,,https://cdn.shopnorth.example/p/1018/1.jpg,Tidewater Studio Eau de Toilette 100ml - view 1,0
4020,1018,,https://cdn.shopnorth.example/p/1018/2.jpg,Tidewater Studio Eau de Toilette 100ml - view 2,1
4021,1018,,https://cdn.shopnorth.example/p/1018/3.jpg,Tidewater Studio Eau de Toilette 100ml - view 3,2
4022,1018,,https://cdn.shopnorth.example/p/1018/4.jpg,Tidewater Studio Eau de Toilette 100ml - view 4,3
4023,1018,,https://cdn.shopnorth.example/p/1018/5.jpg,Tidewater Studio Eau de Toilette 100ml - view 5,4
4024,1019,,https://cdn.shopnorth.example/p/1019/1.jpg,PawPal Everyday Lip Tint - view 1,0
4025,1019,,https://cdn.shopnorth.example/p/1019/2.jpg,PawPal Everyday Lip Tint - view 2,1
4026,1019,,https://cdn.shopnorth.example/p/1019/3.jpg,PawPal Everyday Lip Tint - view 3,2
4027,1020,,https://cdn.shopnorth.example/p/1020/1.jpg,Fable Toys Eco Grain-Free Dog Treats - view 1,0
4028,1020,,https://cdn.shopnorth.example/p/1020/2.jpg,Fable Toys Eco Grain-Free Dog Treats - view 2,1
4029,1020,,https://cdn.shopnorth.example/p/1020/3.jpg,Fable Toys Eco Grain-Free Dog Treats - view 3,2
4030,1021,,https://cdn.shopnorth.example/p/1021/1.jpg,Stratus Eco Trail Running Shoe - view 1,0
4031,1021,,https://cdn.shopnorth.example/p/1021/2.jpg,Stratus Eco Trail Running Shoe - view 2,1
4032,1021,,https://cdn.shopnorth.example/p/1021/3.jpg,Stratus Eco Trail Running Shoe - view 3,2
4033,1021,4589,https://cdn.shopnorth.example/p/1021/charcoal.jpg,Stratus Eco Trail Running Shoe in Charcoal,11
4034,1022,,https://cdn.shopnorth.example/p/1022/1.jpg,Harbor Goods Max Bike Helmet - view 1,0
4035,1023,,https://cdn.shopnorth.example/p/1023/1.jpg,Summit Supply Essential Bike Helmet - view 1,0
4036,1023,,https://cdn.shopnorth.example/p/1023/2.jpg,Summit Supply Essential Bike Helmet - view 2,1
4037,1024,,https://cdn.shopnorth.example/p/1024/1.jpg,Cobalt Audio Studio Hair Oil - view 1,0
4038,1024,,https://cdn.shopnorth.example/p/1024/2.jpg,Cobalt Audio Studio Hair Oil - view 2,1
4039,1024,,https://cdn.shopnorth.example/p/1024/3.jpg,Cobalt Audio Studio Hair Oil - view 3,2
4040,1025,,https://cdn.shopnorth.example/p/1025/1.jpg,Marlowe Studio Bike Lock - view 1,0
4041,1025,,https://cdn.shopnorth.example/p/1025/2.jpg,Marlowe Studio Bike Lock - view 2,1
4042,1025,,https://cdn.shopnorth.example/p/1025/3.jpg,Marlowe Studio Bike Lock - view 3,2
4043,1025,,https://cdn.shopnorth.example/p/1025/4.jpg,Marlowe Studio Bike Lock - view 4,3
4044,1026,,https://cdn.shopnorth.example/p/1026/1.jpg,Birchwood Essential Crew Neck T-Shirt - view 1,0
4045,1026,,https://cdn.shopnorth.example/p/1026/2.jpg,Birchwood Essential Crew Neck T-Shirt - view 2,1
4046,1026,,https://cdn.shopnorth.example/p/1026/3.jpg,Birchwood Essential Crew Neck T-Shirt - view 3,2
4047,1026,4600,https://cdn.shopnorth.example/p/1026/forest-green.jpg,Birchwood Essential Crew Neck T-Shirt in Forest Green,11
4048,1027,,https://cdn.shopnorth.example/p/1027/1.jpg,Glowbar Pro Dash Cam - view 1,0
4049,1027,,https://cdn.shopnorth.example/p/1027/2.jpg,Glowbar Pro Dash Cam - view 2,1
4050,1027,,https://cdn.shopnorth.example/p/1027/3.jpg,Glowbar Pro Dash Cam - view 3,2
4051,1027,,https://cdn.shopnorth.example/p/1027/4.jpg,Glowbar Pro Dash Cam - view 4,3
4052,1027,4605,https://cdn.shopnorth.example/p/1027/sky-blue.jpg,Glowbar Pro Dash Cam in Sky Blue,11
4053,1027,4606,https://cdn.shopnorth.example/p/1027/blush.jpg,Glowbar Pro Dash Cam in Blush,12
4054,1027,4607,https://cdn.shopnorth.example/p/1027/charcoal.jpg,Glowbar Pro Dash Cam in Charcoal,13
4055,1028,,https://cdn.shopnorth.example/p/1028/1.jpg,Juniper Lane Essential Repair Shampoo - view 1,0
4056,1028,,https://cdn.shopnorth.example/p/1028/2.jpg,Juniper Lane Essential Repair Shampoo - view 2,1
4057,1028,,https://cdn.shopnorth.example/p/1028/3.jpg,Juniper Lane Essential Repair Shampoo - view 3,2
4058,1028,,https://cdn.shopnorth.example/p/1028/4.jpg,Juniper Lane Essential Repair Shampoo - view 4,3
4059,1028,,https://cdn.shopnorth.example/p/1028/5.jpg,Juniper Lane Essential Repair Shampoo - view 5,4
4060,1029,,https://cdn.shopnorth.example/p/1029/1.jpg,Oakridge Eco Wall Mirror - view 1,0
4061,1029,,https://cdn.shopnorth.example/p/1029/2.jpg,Oakridge Eco Wall Mirror - view 2,1
4062,1029,,https://cdn.shopnorth.example/p/1029/3.jpg,Oakridge Eco Wall Mirror - view 3,2
4063,1029,,https://cdn.shopnorth.example/p/1029/4.jpg,Oakridge Eco Wall Mirror - view 4,3
4064,1030,,https://cdn.shopnorth.example/p/1030/1.jpg,Everkind Essential Kettlebell - view 1,0
4065,1030,,https://cdn.shopnorth.example/p/1030/2.jpg,Everkind Essential Kettlebell - view 2,1
4066,1030,,https://cdn.shopnorth.example/p/1030/3.jpg,Everkind Essential Kettlebell - view 3,2
4067,1030,,https://cdn.shopnorth.example/p/1030/4.jpg,Everkind Essential Kettlebell - view 4,3
4068,1030,,https://cdn.shopnorth.example/p/1030/5.jpg,Everkind Essential Kettlebell - view 5,4
4069,1031,,https://cdn.shopnorth.example/p/1031/1.jpg,Quill Premium High-Waist Leggings - view 1,0
4070,1031,,https://cdn.shopnorth.example/p/1031/2.jpg,Quill Premium High-Waist Leggings - view 2,1
4071,1031,,https://cdn.shopnorth.example/p/1031/3.jpg,Quill Premium High-Waist Leggings - view 3,2
4072,1031,4611,https://cdn.shopnorth.example/p/1031/black.jpg,Quill Premium High-Waist Leggings in Black,11
4073,1031,4617,https://cdn.shopnorth.example/p/1031/olive.jpg,Quill Premium High-Waist Leggings in Olive,12
4074,1031,4622,https://cdn.shopnorth.example/p/1031/burgundy.jpg,Quill Premium High-Waist Leggings in Burgundy,13
4075,1031,4627,https://cdn.shopnorth.example/p/1031/blush.jpg,Quill Premium High-Waist Leggings in Blush,14
4076,1032,,https://cdn.shopnorth.example/p/1032/1.jpg,Voltix Pro Strategy Board Game - view 1,0
4077,1033,,https://cdn.shopnorth.example/p/1033/1.jpg,Nimbus Tech Classic Air Fryer - view 1,0
4078,1033,,https://cdn.shopnorth.example/p/1033/2.jpg,Nimbus Tech Classic Air Fryer - view 2,1
4079,1034,,https://cdn.shopnorth.example/p/1034/1.jpg,Marlowe Max Indoor Security Camera - view 1,0
4080,1034,4634,https://cdn.shopnorth.example/p/1034/blush.jpg,Marlowe Max Indoor Security Camera in Blush,11
4081,1034,4635,https://cdn.shopnorth.example/p/1034/navy.jpg,Marlowe Max Indoor Security Camera in Navy,12
4082,1034,4636,https://cdn.shopnorth.example/p/1034/forest-green.jpg,Marlowe Max Indoor Security Camera in Forest Green,13
4083,1035,,https://cdn.shopnorth.example/p/1035/1.jpg,Trailhead Signature Mascara - view 1,0
4084,1035,,https://cdn.shopnorth.example/p/1035/2.jpg,Trailhead Signature Mascara - view 2,1
4085,1035,,https://cdn.shopnorth.example/p/1035/3.jpg,Trailhead Signature Mascara - view 3,2
4086,1035,,https://cdn.shopnorth.example/p/1035/4.jpg,Trailhead Signature Mascara - view 4,3
4087,1036,,https://cdn.shopnorth.example/p/1036/1.jpg,Wren & Co. Signature Area Rug - view 1,0
4088,1037,,https://cdn.shopnorth.example/p/1037/1.jpg,Fernway Essential Linen Blouse - view 1,0
4089,1037,,https://cdn.shopnorth.example/p/1037/2.jpg,Fernway Essential Linen Blouse - view 2,1
4090,1037,,https://cdn.shopnorth.example/p/1037/3.jpg,Fernway Essential Linen Blouse - view 3,2
4091,1037,,https://cdn.shopnorth.example/p/1037/4.jpg,Fernway Essential Linen Blouse - view 4,3
4092,1037,,https://cdn.shopnorth.example/p/1037/5.jpg,Fernway Essential Linen Blouse - view 5,4
4093,1037,4639,https://cdn.shopnorth.example/p/1037/white.jpg,Fernway Essential Linen Blouse in White,11
4094,1038,,https://cdn.shopnorth.example/p/1038/1.jpg,Stratus Signature Road Running Shoe - view 1,0
4095,1038,4645,https://cdn.shopnorth.example/p/1038/burgundy.jpg,Stratus Signature Road Running Shoe in Burgundy,11
4096,1039,,https://cdn.shopnorth.example/p/1039/1.jpg,Solstice Classic Adjustable Dumbbells - view 1,0
4097,1039,,https://cdn.shopnorth.example/p/1039/2.jpg,Solstice Classic Adjustable Dumbbells - view 2,1
4098,1039,,https://cdn.shopnorth.example/p/1039/3.jpg,Solstice Classic Adjustable Dumbbells - view 3,2
4099,1039,,https://cdn.shopnorth.example/p/1039/4.jpg,Solstice Classic Adjustable Dumbbells - view 4,3
4100,1039,,https://cdn.shopnorth.example/p/1039/5.jpg,Solstice Classic Adjustable Dumbbells - view 5,4
4101,1040,,https://cdn.shopnorth.example/p/1040/1.jpg,Stratus Heritage Eau de Toilette 100ml - view 1,0
4102,1040,,https://cdn.shopnorth.example/p/1040/2.jpg,Stratus Heritage Eau de Toilette 100ml - view 2,1
4103,1041,,https://cdn.shopnorth.example/p/1041/1.jpg,PawPal Lightweight Electric Kettle - view 1,0
4104,1042,,https://cdn.shopnorth.example/p/1042/1.jpg,Marlowe Ultra Vacuum Storage Bags - view 1,0
4105,1042,,https://cdn.shopnorth.example/p/1042/2.jpg,Marlowe Ultra Vacuum Storage Bags - view 2,1
4106,1042,,https://cdn.shopnorth.example/p/1042/3.jpg,Marlowe Ultra Vacuum Storage Bags - view 3,2
4107,1042,,https://cdn.shopnorth.example/p/1042/4.jpg,Marlowe Ultra Vacuum Storage Bags - view 4,3
4108,1043,,https://cdn.shopnorth.example/p/1043/1.jpg,Arcadia Compact Nonstick Skillet - view 1,0
4109,1043,,https://cdn.shopnorth.example/p/1043/2.jpg,Arcadia Compact Nonstick Skillet - view 2,1
4110,1043,,https://cdn.shopnorth.example/p/1043/3.jpg,Arcadia Compact Nonstick Skillet - view 3,2
4111,1043,,https://cdn.shopnorth.example/p/1043/4.jpg,Arcadia Compact Nonstick Skillet - view 4,3
4112,1043,,https://cdn.shopnorth.example/p/1043/5.jpg,Arcadia Compact Nonstick Skillet - view 5,4
4113,1044,,https://cdn.shopnorth.example/p/1044/1.jpg,Fernway Heritage Lip Tint - view 1,0
4114,1044,,https://cdn.shopnorth.example/p/1044/2.jpg,Fernway Heritage Lip Tint - view 2,1
4115,1044,,https://cdn.shopnorth.example/p/1044/3.jpg,Fernway Heritage Lip Tint - view 3,2
4116,1044,,https://cdn.shopnorth.example/p/1044/4.jpg,Fernway Heritage Lip Tint - view 4,3
4117,1045,,https://cdn.shopnorth.example/p/1045/1.jpg,Everkind Compact Tumbler 20oz - view 1,0
4118,1045,,https://cdn.shopnorth.example/p/1045/2.jpg,Everkind Compact Tumbler 20oz - view 2,1
4119,1045,,https://cdn.shopnorth.example/p/1045/3.jpg,Everkind Compact Tumbler 20oz - view 3,2
4120,1046,,https://cdn.shopnorth.example/p/1046/1.jpg,Ironbark Signature Hair Oil - view 1,0
4121,1046,,https://cdn.shopnorth.example/p/1046/2.jpg,Ironbark Signature Hair Oil - view 2,1
4122,1046,,https://cdn.shopnorth.example/p/1046/3.jpg,Ironbark Signature Hair Oil - view 3,2
4123,1046,,https://cdn.shopnorth.example/p/1046/4.jpg,Ironbark Signature Hair Oil - view 4,3
4124,1047,,https://cdn.shopnorth.example/p/1047/1.jpg,Seaside Skin Heritage Indoor Security Camera - view 1,0
4125,1047,,https://cdn.shopnorth.example/p/1047/2.jpg,Seaside Skin Heritage Indoor Security Camera - view 2,1
4126,1047,,https://cdn.shopnorth.example/p/1047/3.jpg,Seaside Skin Heritage Indoor Security Camera - view 3,2
4127,1047,,https://cdn.shopnorth.example/p/1047/4.jpg,Seaside Skin Heritage Indoor Security Camera - view 4,3
4128,1048,,https://cdn.shopnorth.example/p/1048/1.jpg,Voltix Premium Chelsea Boot - view 1,0
4129,1048,,https://cdn.shopnorth.example/p/1048/2.jpg,Voltix Premium Chelsea Boot - view 2,1
4130,1048,4661,https://cdn.shopnorth.example/p/1048/sand.jpg,Voltix Premium Chelsea Boot in Sand,11
4131,1048,4668,https://cdn.shopnorth.example/p/1048/forest-green.jpg,Voltix Premium Chelsea Boot in Forest Green,12
4132,1049,,https://cdn.shopnorth.example/p/1049/1.jpg,Brightfield Premium Sport Earbuds - view 1,0
4133,1049,,https://cdn.shopnorth.example/p/1049/2.jpg,Brightfield Premium Sport Earbuds - view 2,1
4134,1049,,https://cdn.shopnorth.example/p/1049/3.jpg,Brightfield Premium Sport Earbuds - view 3,2
4135,1049,4675,https://cdn.shopnorth.example/p/1049/forest-green.jpg,Brightfield Premium Sport Earbuds in Forest Green,11
4136,1049,4676,https://cdn.shopnorth.example/p/1049/sand.jpg,Brightfield Premium Sport Earbuds in Sand,12
4137,1049,4677,https://cdn.shopnorth.example/p/1049/blush.jpg,Brightfield Premium Sport Earbuds in Blush,13
4138,1050,,https://cdn.shopnorth.example/p/1050/1.jpg,Lumora Pro Sport Earbuds - view 1,0
4139,1050,,https://cdn.shopnorth.example/p/1050/2.jpg,Lumora Pro Sport Earbuds - view 2,1
4140,1050,4678,https://cdn.shopnorth.example/p/1050/forest-green.jpg,Lumora Pro Sport Earbuds in Forest Green,11
4141,1050,4679,https://cdn.shopnorth.example/p/1050/charcoal.jpg,Lumora Pro Sport Earbuds in Charcoal,12
4142,1050,4680,https://cdn.shopnorth.example/p/1050/black.jpg,Lumora Pro Sport Earbuds in Black,13
4143,1050,4681,https://cdn.shopnorth.example/p/1050/sky-blue.jpg,Lumora Pro Sport Earbuds in Sky Blue,14
4144,1051,,https://cdn.shopnorth.example/p/1051/1.jpg,Oakridge Compact Quarter-Zip Pullover - view 1,0
4145,1051,,https://cdn.shopnorth.example/p/1051/2.jpg,Oakridge Compact Quarter-Zip Pullover - view 2,1
4146,1051,,https://cdn.shopnorth.example/p/1051/3.jpg,Oakridge Compact Quarter-Zip Pullover - view 3,2
4147,1051,4682,https://cdn.shopnorth.example/p/1051/sky-blue.jpg,Oakridge Compact Quarter-Zip Pullover in Sky Blue,11
4148,1051,4687,https://cdn.shopnorth.example/p/1051/olive.jpg,Oakridge Compact Quarter-Zip Pullover in Olive,12
4149,1051,4692,https://cdn.shopnorth.example/p/1051/blush.jpg,Oakridge Compact Quarter-Zip Pullover in Blush,13
4150,1052,,https://cdn.shopnorth.example/p/1052/1.jpg,Oakridge Everyday Grain-Free Dog Treats - view 1,0
4151,1052,,https://cdn.shopnorth.example/p/1052/2.jpg,Oakridge Everyday Grain-Free Dog Treats - view 2,1
4152,1053,,https://cdn.shopnorth.example/p/1053/1.jpg,Stratus Signature Mascara - view 1,0
4153,1053,,https://cdn.shopnorth.example/p/1053/2.jpg,Stratus Signature Mascara - view 2,1
4154,1054,,https://cdn.shopnorth.example/p/1054/1.jpg,Birchwood Everyday Over-Ear Headphones - view 1,0
4155,1054,,https://cdn.shopnorth.example/p/1054/2.jpg,Birchwood Everyday Over-Ear Headphones - view 2,1
4156,1054,4700,https://cdn.shopnorth.example/p/1054/black.jpg,Birchwood Everyday Over-Ear Headphones in Black,11
4157,1054,4701,https://cdn.shopnorth.example/p/1054/heather-gray.jpg,Birchwood Everyday Over-Ear Headphones in Heather Gray,12
4158,1055,,https://cdn.shopnorth.example/p/1055/1.jpg,Brightfield Max Nonstick Skillet - view 1,0
4159,1056,,https://cdn.shopnorth.example/p/1056/1.jpg,PawPal Premium Sports Bra - view 1,0
4160,1056,,https://cdn.shopnorth.example/p/1056/2.jpg,PawPal Premium Sports Bra - view 2,1
4161,1056,,https://cdn.shopnorth.example/p/1056/3.jpg,PawPal Premium Sports Bra - view 3,2
4162,1056,,https://cdn.shopnorth.example/p/1056/4.jpg,PawPal Premium Sports Bra - view 4,3
4163,1056,,https://cdn.shopnorth.example/p/1056/5.jpg,PawPal Premium Sports Bra - view 5,4
4164,1056,4703,https://cdn.shopnorth.example/p/1056/burgundy.jpg,PawPal Premium Sports Bra in Burgundy,11
4165,1056,4708,https://cdn.shopnorth.example/p/1056/forest-green.jpg,PawPal Premium Sports Bra in Forest Green,12
4166,1056,4714,https://cdn.shopnorth.example/p/1056/navy.jpg,PawPal Premium Sports Bra in Navy,13
4167,1056,4719,https://cdn.shopnorth.example/p/1056/charcoal.jpg,PawPal Premium Sports Bra in Charcoal,14
4168,1057,,https://cdn.shopnorth.example/p/1057/1.jpg,Luxe Botanica Signature Stackable Bins - view 1,0
4169,1057,,https://cdn.shopnorth.example/p/1057/2.jpg,Luxe Botanica Signature Stackable Bins - view 2,1
4170,1058,,https://cdn.shopnorth.example/p/1058/1.jpg,Summit Supply Max Foam Roller - view 1,0
4171,1058,,https://cdn.shopnorth.example/p/1058/2.jpg,Summit Supply Max Foam Roller - view 2,1
4172,1058,,https://cdn.shopnorth.example/p/1058/3.jpg,Summit Supply Max Foam Roller - view 3,2
4173,1059,,https://cdn.shopnorth.example/p/1059/1.jpg,Brightfield Lightweight Wall Mirror - view 1,0
4174,1059,,https://cdn.shopnorth.example/p/1059/2.jpg,Brightfield Lightweight Wall Mirror - view 2,1
4175,1059,,https://cdn.shopnorth.example/p/1059/3.jpg,Brightfield Lightweight Wall Mirror - view 3,2
4176,1059,,https://cdn.shopnorth.example/p/1059/4.jpg,Brightfield Lightweight Wall Mirror - view 4,3
4177,1060,,https://cdn.shopnorth.example/p/1060/1.jpg,Rove Essential Joggers - view 1,0
4178,1060,,https://cdn.shopnorth.example/p/1060/2.jpg,Rove Essential Joggers - view 2,1
4179,1060,,https://cdn.shopnorth.example/p/1060/3.jpg,Rove Essential Joggers - view 3,2
4180,1060,,https://cdn.shopnorth.example/p/1060/4.jpg,Rove Essential Joggers - view 4,3
4181,1060,,https://cdn.shopnorth.example/p/1060/5.jpg,Rove Essential Joggers - view 5,4
4182,1060,4727,https://cdn.shopnorth.example/p/1060/black.jpg,Rove Essential Joggers in Black,11
4183,1060,4733,https://cdn.shopnorth.example/p/1060/heather-gray.jpg,Rove Essential Joggers in Heather Gray,12
4184,1060,4739,https://cdn.shopnorth.example/p/1060/sky-blue.jpg,Rove Essential Joggers in Sky Blue,13
4185,1060,4744,https://cdn.shopnorth.example/p/1060/olive.jpg,Rove Essential Joggers in Olive,14
4186,1061,,https://cdn.shopnorth.example/p/1061/1.jpg,Lumora Signature Smart Bulb 4-Pack - view 1,0
4187,1061,,https://cdn.shopnorth.example/p/1061/2.jpg,Lumora Signature Smart Bulb 4-Pack - view 2,1
4188,1061,,https://cdn.shopnorth.example/p/1061/3.jpg,Lumora Signature Smart Bulb 4-Pack - view 3,2
4189,1061,,https://cdn.shopnorth.example/p/1061/4.jpg,Lumora Signature Smart Bulb 4-Pack - view 4,3
4190,1061,,https://cdn.shopnorth.example/p/1061/5.jpg,Lumora Signature Smart Bulb 4-Pack - view 5,4
4191,1062,,https://cdn.shopnorth.example/p/1062/1.jpg,Nimbus Tech Heritage Yoga Mat - view 1,0
4192,1062,,https://cdn.shopnorth.example/p/1062/2.jpg,Nimbus Tech Heritage Yoga Mat - view 2,1
4193,1063,,https://cdn.shopnorth.example/p/1063/1.jpg,Nimbus Tech Premium Sleeping Bag - view 1,0
4194,1063,,https://cdn.shopnorth.example/p/1063/2.jpg,Nimbus Tech Premium Sleeping Bag - view 2,1
4195,1063,,https://cdn.shopnorth.example/p/1063/3.jpg,Nimbus Tech Premium Sleeping Bag - view 3,2
4196,1064,,https://cdn.shopnorth.example/p/1064/1.jpg,Seaside Skin Heritage Hiking Boot - view 1,0
4197,1064,,https://cdn.shopnorth.example/p/1064/2.jpg,Seaside Skin Heritage Hiking Boot - view 2,1
4198,1064,,https://cdn.shopnorth.example/p/1064/3.jpg,Seaside Skin Heritage Hiking Boot - view 3,2
4199,1064,,https://cdn.shopnorth.example/p/1064/4.jpg,Seaside Skin Heritage Hiking Boot - view 4,3
4200,1064,,https://cdn.shopnorth.example/p/1064/5.jpg,Seaside Skin Heritage Hiking Boot - view 5,4
4201,1064,4753,https://cdn.shopnorth.example/p/1064/sky-blue.jpg,Seaside Skin Heritage Hiking Boot in Sky Blue,11
4202,1065,,https://cdn.shopnorth.example/p/1065/1.jpg,Fernway Premium Ribbed Tank - view 1,0
4203,1065,,https://cdn.shopnorth.example/p/1065/2.jpg,Fernway Premium Ribbed Tank - view 2,1
4204,1065,,https://cdn.shopnorth.example/p/1065/3.jpg,Fernway Premium Ribbed Tank - view 3,2
4205,1065,,https://cdn.shopnorth.example/p/1065/4.jpg,Fernway Premium Ribbed Tank - view 4,3
4206,1065,4760,https://cdn.shopnorth.example/p/1065/navy.jpg,Fernway Premium Ribbed Tank in Navy,11
4207,1065,4766,https://cdn.shopnorth.example/p/1065/olive.jpg,Fernway Premium Ribbed Tank in Olive,12
4208,1065,4771,https://cdn.shopnorth.example/p/1065/burgundy.jpg,Fernway Premium Ribbed Tank in Burgundy,13
4209,1065,4776,https://cdn.shopnorth.example/p/1065/black.jpg,Fernway Premium Ribbed Tank in Black,14
4210,1066,,https://cdn.shopnorth.example/p/1066/1.jpg,Cobalt Audio Studio Scented Candle - view 1,0
4211,1066,,https://cdn.shopnorth.example/p/1066/2.jpg,Cobalt Audio Studio Scented Candle - view 2,1
4212,1066,,https://cdn.shopnorth.example/p/1066/3.jpg,Cobalt Audio Studio Scented Candle - view 3,2
4213,1066,,https://cdn.shopnorth.example/p/1066/4.jpg,Cobalt Audio Studio Scented Candle - view 4,3
4214,1066,,https://cdn.shopnorth.example/p/1066/5.jpg,Cobalt Audio Studio Scented Candle - view 5,4
4215,1067,,https://cdn.shopnorth.example/p/1067/1.jpg,Saltwater Classic Slide Sandal - view 1,0
4216,1067,,https://cdn.shopnorth.example/p/1067/2.jpg,Saltwater Classic Slide Sandal - view 2,1
4217,1067,4783,https://cdn.shopnorth.example/p/1067/heather-gray.jpg,Saltwater Classic Slide Sandal in Heather Gray,11
4218,1068,,https://cdn.shopnorth.example/p/1068/1.jpg,Stratus Signature Sheet Pan Set - view 1,0
4219,1068,,https://cdn.shopnorth.example/p/1068/2.jpg,Stratus Signature Sheet Pan Set - view 2,1
4220,1068,,https://cdn.shopnorth.example/p/1068/3.jpg,Stratus Signature Sheet Pan Set - view 3,2
4221,1068,,https://cdn.shopnorth.example/p/1068/4.jpg,Stratus Signature Sheet Pan Set - view 4,3
4222,1068,,https://cdn.shopnorth.example/p/1068/5.jpg,Stratus Signature Sheet Pan Set - view 5,4
4223,1069,,https://cdn.shopnorth.example/p/1069/1.jpg,Marlowe Essential Backyard Swing - view 1,0
4224,1070,,https://cdn.shopnorth.example/p/1070/1.jpg,Pulse Fitness Ultra Cropped Sweater - view 1,0
4225,1070,,https://cdn.shopnorth.example/p/1070/2.jpg,Pulse Fitness Ultra Cropped Sweater - view 2,1
4226,1070,,https://cdn.shopnorth.example/p/1070/3.jpg,Pulse Fitness Ultra Cropped Sweater - view 3,2
4227,1070,,https://cdn.shopnorth.example/p/1070/4.jpg,Pulse Fitness Ultra Cropped Sweater - view 4,3
4228,1070,4792,https://cdn.shopnorth.example/p/1070/sand.jpg,Pulse Fitness Ultra Cropped Sweater in Sand,11
4229,1070,4797,https://cdn.shopnorth.example/p/1070/heather-gray.jpg,Pulse Fitness Ultra Cropped Sweater in Heather Gray,12
4230,1070,4803,https://cdn.shopnorth.example/p/1070/white.jpg,Pulse Fitness Ultra Cropped Sweater in White,13
4231,1071,,https://cdn.shopnorth.example/p/1071/1.jpg,Stratus Eco Mineral Sunscreen SPF 50 - view 1,0
4232,1071,,https://cdn.shopnorth.example/p/1071/2.jpg,Stratus Eco Mineral Sunscreen SPF 50 - view 2,1
4233,1072,,https://cdn.shopnorth.example/p/1072/1.jpg,Tidewater Eco Joggers - view 1,0
4234,1072,,https://cdn.shopnorth.example/p/1072/2.jpg,Tidewater Eco Joggers - view 2,1
4235,1072,4810,https://cdn.shopnorth.example/p/1072/forest-green.jpg,Tidewater Eco Joggers in Forest Green,11
4236,1072,4816,https://cdn.shopnorth.example/p/1072/blush.jpg,Tidewater Eco Joggers in Blush,12
4237,1072,4821,https://cdn.shopnorth.example/p/1072/sand.jpg,Tidewater Eco Joggers in Sand,13
4238,1073,,https://cdn.shopnorth.example/p/1073/1.jpg,Nimbus Tech Studio Oxford Shirt - view 1,0
4239,1073,,https://cdn.shopnorth.example/p/1073/2.jpg,Nimbus Tech Studio Oxford Shirt - view 2,1
4240,1073,,https://cdn.shopnorth.example/p/1073/3.jpg,Nimbus Tech Studio Oxford Shirt - view 3,2
4241,1073,,https://cdn.shopnorth.example/p/1073/4.jpg,Nimbus Tech Studio Oxford Shirt - view 4,3
4242,1073,4827,https://cdn.shopnorth.example/p/1073/burgundy.jpg,Nimbus Tech Studio Oxford Shirt in Burgundy,11
4243,1073,4832,https://cdn.shopnorth.example/p/1073/sand.jpg,Nimbus Tech Studio Oxford Shirt in Sand,12
4244,1074,,https://cdn.shopnorth.example/p/1074/1.jpg,Apex Motion Ultra Stackable Bins - view 1,0
4245,1074,,https://cdn.shopnorth.example/p/1074/2.jpg,Apex Motion Ultra Stackable Bins - view 2,1
4246,1075,,https://cdn.shopnorth.example/p/1075/1.jpg,Marlowe Everyday Sport Earbuds - view 1,0
4247,1076,,https://cdn.shopnorth.example/p/1076/1.jpg,Pulse Fitness Premium High-Speed Blender - view 1,0
4248,1076,,https://cdn.shopnorth.example/p/1076/2.jpg,Pulse Fitness Premium High-Speed Blender - view 2,1
4249,1077,,https://cdn.shopnorth.example/p/1077/1.jpg,Birchwood Premium Memory Foam Pillow - view 1,0
4250,1077,,https://cdn.shopnorth.example/p/1077/2.jpg,Birchwood Premium Memory Foam Pillow - view 2,1
4251,1077,,https://cdn.shopnorth.example/p/1077/3.jpg,Birchwood Premium Memory Foam Pillow - view 3,2
4252,1077,,https://cdn.shopnorth.example/p/1077/4.jpg,Birchwood Premium Memory Foam Pillow - view 4,3
4253,1077,,https://cdn.shopnorth.example/p/1077/5.jpg,Birchwood Premium Memory Foam Pillow - view 5,4
4254,1078,,https://cdn.shopnorth.example/p/1078/1.jpg,Harbor Goods Eco Retractable Leash - view 1,0
4255,1078,,https://cdn.shopnorth.example/p/1078/2.jpg,Harbor Goods Eco Retractable Leash - view 2,1
4256,1078,,https://cdn.shopnorth.example/p/1078/3.jpg,Harbor Goods Eco Retractable Leash - view 3,2
4257,1078,,https://cdn.shopnorth.example/p/1078/4.jpg,Harbor Goods Eco Retractable Leash - view 4,3
4258,1079,,https://cdn.shopnorth.example/p/1079/1.jpg,Halcyon Home Compact Tumbler 20oz - view 1,0
4259,1079,4846,https://cdn.shopnorth.example/p/1079/burgundy.jpg,Halcyon Home Compact Tumbler 20oz in Burgundy,11
4260,1079,4847,https://cdn.shopnorth.example/p/1079/white.jpg,Halcyon Home Compact Tumbler 20oz in White,12
4261,1079,4848,https://cdn.shopnorth.example/p/1079/forest-green.jpg,Halcyon Home Compact Tumbler 20oz in Forest Green,13
4262,1080,,https://cdn.shopnorth.example/p/1080/1.jpg,Trailhead Eco MagSafe Phone Case - view 1,0
4263,1080,,https://cdn.shopnorth.example/p/1080/2.jpg,Trailhead Eco MagSafe Phone Case - view 2,1
4264,1081,,https://cdn.shopnorth.example/p/1081/1.jpg,Urban Nomad Compact Air Fryer - view 1,0
4265,1081,,https://cdn.shopnorth.example/p/1081/2.jpg,Urban Nomad Compact Air Fryer - view 2,1
4266,1081,,https://cdn.shopnorth.example/p/1081/3.jpg,Urban Nomad Compact Air Fryer - view 3,2
4267,1082,,https://cdn.shopnorth.example/p/1082/1.jpg,Stratus Premium Smart Plug - view 1,0
4268,1082,,https://cdn.shopnorth.example/p/1082/2.jpg,Stratus Premium Smart Plug - view 2,1
4269,1082,,https://cdn.shopnorth.example/p/1082/3.jpg,Stratus Premium Smart Plug - view 3,2
4270,1082,,https://cdn.shopnorth.example/p/1082/4.jpg,Stratus Premium Smart Plug - view 4,3
4271,1082,4851,https://cdn.shopnorth.example/p/1082/sand.jpg,Stratus Premium Smart Plug in Sand,11
4272,1082,4852,https://cdn.shopnorth.example/p/1082/white.jpg,Stratus Premium Smart Plug in White,12
4273,1083,,https://cdn.shopnorth.example/p/1083/1.jpg,Everkind Everyday Vacuum Storage Bags - view 1,0
4274,1083,,https://cdn.shopnorth.example/p/1083/2.jpg,Everkind Everyday Vacuum Storage Bags - view 2,1
4275,1083,,https://cdn.shopnorth.example/p/1083/3.jpg,Everkind Everyday Vacuum Storage Bags - view 3,2
4276,1083,,https://cdn.shopnorth.example/p/1083/4.jpg,Everkind Everyday Vacuum Storage Bags - view 4,3
4277,1083,,https://cdn.shopnorth.example/p/1083/5.jpg,Everkind Everyday Vacuum Storage Bags - view 5,4
4278,1084,,https://cdn.shopnorth.example/p/1084/1.jpg,Luxe Botanica Heritage Indoor Security Camera - view 1,0
4279,1084,,https://cdn.shopnorth.example/p/1084/2.jpg,Luxe Botanica Heritage Indoor Security Camera - view 2,1
4280,1084,,https://cdn.shopnorth.example/p/1084/3.jpg,Luxe Botanica Heritage Indoor Security Camera - view 3,2
4281,1085,,https://cdn.shopnorth.example/p/1085/1.jpg,Luxe Botanica Classic Video Doorbell - view 1,0
4282,1085,,https://cdn.shopnorth.example/p/1085/2.jpg,Luxe Botanica Classic Video Doorbell - view 2,1
4283,1085,,https://cdn.shopnorth.example/p/1085/3.jpg,Luxe Botanica Classic Video Doorbell - view 3,2
4284,1085,4855,https://cdn.shopnorth.example/p/1085/forest-green.jpg,Luxe Botanica Classic Video Doorbell in Forest Green,11
4285,1085,4856,https://cdn.shopnorth.example/p/1085/white.jpg,Luxe Botanica Classic Video Doorbell in White,12
4286,1085,4857,https://cdn.shopnorth.example/p/1085/sky-blue.jpg,Luxe Botanica Classic Video Doorbell in Sky Blue,13
4287,1086,,https://cdn.shopnorth.example/p/1086/1.jpg,Fable Toys Studio Camping Lantern - view 1,0
4288,1086,,https://cdn.shopnorth.example/p/1086/2.jpg,Fable Toys Studio Camping Lantern - view 2,1
4289,1086,,https://cdn.shopnorth.example/p/1086/3.jpg,Fable Toys Studio Camping Lantern - view 3,2
4290,1086,,https://cdn.shopnorth.example/p/1086/4.jpg,Fable Toys Studio Camping Lantern - view 4,3
4291,1086,,https://cdn.shopnorth.example/p/1086/5.jpg,Fable Toys Studio Camping Lantern - view 5,4
4292,1087,,https://cdn.shopnorth.example/p/1087/1.jpg,Voltix Compact Water Blaster - view 1,0
4293,1087,,https://cdn.shopnorth.example/p/1087/2.jpg,Voltix Compact Water Blaster - view 2,1
4294,1087,,https://cdn.shopnorth.example/p/1087/3.jpg,Voltix Compact Water Blaster - view 3,2
4295,1087,,https://cdn.shopnorth.example/p/1087/4.jpg,Voltix Compact Water Blaster - view 4,3
4296,1088,,https://cdn.shopnorth.example/p/1088/1.jpg,Ironbark Studio Water Blaster - view 1,0
4297,1088,,https://cdn.shopnorth.example/p/1088/2.jpg,Ironbark Studio Water Blaster - view 2,1
4298,1088,,https://cdn.shopnorth.example/p/1088/3.jpg,Ironbark Studio Water Blaster - view 3,2
4299,1089,,https://cdn.shopnorth.example/p/1089/1.jpg,Solstice Compact Wool Coat - view 1,0
4300,1089,,https://cdn.shopnorth.example/p/1089/2.jpg,Solstice Compact Wool Coat - view 2,1
4301,1089,,https://cdn.shopnorth.example/p/1089/3.jpg,Solstice Compact Wool Coat - view 3,2
4302,1089,,https://cdn.shopnorth.example/p/1089/4.jpg,Solstice Compact Wool Coat - view 4,3
4303,1089,4861,https://cdn.shopnorth.example/p/1089/heather-gray.jpg,Solstice Compact Wool Coat in Heather Gray,11
4304,1089,4866,https://cdn.shopnorth.example/p/1089/burgundy.jpg,Solstice Compact Wool Coat in Burgundy,12
4305,1089,4872,https://cdn.shopnorth.example/p/1089/navy.jpg,Solstice Compact Wool Coat in Navy,13
4306,1089,4878,https://cdn.shopnorth.example/p/1089/blush.jpg,Solstice Compact Wool Coat in Blush,14
4307,1090,,https://cdn.shopnorth.example/p/1090/1.jpg,Oakridge Eco Espresso Machine - view 1,0
4308,1090,,https://cdn.shopnorth.example/p/1090/2.jpg,Oakridge Eco Espresso Machine - view 2,1
4309,1090,,https://cdn.shopnorth.example/p/1090/3.jpg,Oakridge Eco Espresso Machine - view 3,2
4310,1091,,https://cdn.shopnorth.example/p/1091/1.jpg,Ironbark Studio Repair Shampoo - view 1,0
4311,1091,,https://cdn.shopnorth.example/p/1091/2.jpg,Ironbark Studio Repair Shampoo - view 2,1
4312,1091,,https://cdn.shopnorth.example/p/1091/3.jpg,Ironbark Studio Repair Shampoo - view 3,2
4313,1091,,https://cdn.shopnorth.example/p/1091/4.jpg,Ironbark Studio Repair Shampoo - view 4,3
4314,1092,,https://cdn.shopnorth.example/p/1092/1.jpg,Rove Compact Mirrorless Camera - view 1,0
4315,1092,,https://cdn.shopnorth.example/p/1092/2.jpg,Rove Compact Mirrorless Camera - view 2,1
4316,1092,,https://cdn.shopnorth.example/p/1092/3.jpg,Rove Compact Mirrorless Camera - view 3,2
4317,1092,4885,https://cdn.shopnorth.example/p/1092/navy.jpg,Rove Compact Mirrorless Camera in Navy,11
4318,1092,4886,https://cdn.shopnorth.example/p/1092/sky-blue.jpg,Rove Compact Mirrorless Camera in Sky Blue,12
4319,1092,4887,https://cdn.shopnorth.example/p/1092/sand.jpg,Rove Compact Mirrorless Camera in Sand,13
4320,1093,,https://cdn.shopnorth.example/p/1093/1.jpg,Brightfield Studio Linen Blouse - view 1,0
4321,1093,,https://cdn.shopnorth.example/p/1093/2.jpg,Brightfield Studio Linen Blouse - view 2,1
4322,1093,,https://cdn.shopnorth.example/p/1093/3.jpg,Brightfield Studio Linen Blouse - view 3,2
4323,1093,,https://cdn.shopnorth.example/p/1093/4.jpg,Brightfield Studio Linen Blouse - view 4,3
4324,1093,,https://cdn.shopnorth.example/p/1093/5.jpg,Brightfield Studio Linen Blouse - view 5,4
4325,1093,4888,https://cdn.shopnorth.example/p/1093/heather-gray.jpg,Brightfield Studio Linen Blouse in Heather Gray,11
4326,1093,4893,https://cdn.shopnorth.example/p/1093/black.jpg,Brightfield Studio Linen Blouse in Black,12
4327,1094,,https://cdn.shopnorth.example/p/1094/1.jpg,Cobalt Audio Classic 2-Person Tent - view 1,0
4328,1094,,https://cdn.shopnorth.example/p/1094/2.jpg,Cobalt Audio Classic 2-Person Tent - view 2,1
4329,1094,,https://cdn.shopnorth.example/p/1094/3.jpg,Cobalt Audio Classic 2-Person Tent - view 3,2
4330,1094,,https://cdn.shopnorth.example/p/1094/4.jpg,Cobalt Audio Classic 2-Person Tent - view 4,3
4331,1095,,https://cdn.shopnorth.example/p/1095/1.jpg,Harbor Goods Heritage Sheet Pan Set - view 1,0
4332,1095,,https://cdn.shopnorth.example/p/1095/2.jpg,Harbor Goods Heritage Sheet Pan Set - view 2,1
4333,1095,,https://cdn.shopnorth.example/p/1095/3.jpg,Harbor Goods Heritage Sheet Pan Set - view 3,2
4334,1095,,https://cdn.shopnorth.example/p/1095/4.jpg,Harbor Goods Heritage Sheet Pan Set - view 4,3
4335,1095,,https://cdn.shopnorth.example/p/1095/5.jpg,Harbor Goods Heritage Sheet Pan Set - view 5,4
4336,1095,4900,https://cdn.shopnorth.example/p/1095/burgundy.jpg,Harbor Goods Heritage Sheet Pan Set in Burgundy,11
4337,1095,4901,https://cdn.shopnorth.example/p/1095/sky-blue.jpg,Harbor Goods Heritage Sheet Pan Set in Sky Blue,12
4338,1095,4902,https://cdn.shopnorth.example/p/1095/forest-green.jpg,Harbor Goods Heritage Sheet Pan Set in Forest Green,13
4339,1096,,https://cdn.shopnorth.example/p/1096/1.jpg,Voltix Heritage Performance Polo - view 1,0
4340,1096,,https://cdn.shopnorth.example/p/1096/2.jpg,Voltix Heritage Performance Polo - view 2,1
4341,1096,,https://cdn.shopnorth.example/p/1096/3.jpg,Voltix Heritage Performance Polo - view 3,2
4342,1096,4903,https://cdn.shopnorth.example/p/1096/white.jpg,Voltix Heritage Performance Polo in White,11
4343,1097,,https://cdn.shopnorth.example/p/1097/1.jpg,Marlowe Eco Grain-Free Dog Treats - view 1,0
4344,1097,,https://cdn.shopnorth.example/p/1097/2.jpg,Marlowe Eco Grain-Free Dog Treats - view 2,1
4345,1098,,https://cdn.shopnorth.example/p/1098/1.jpg,Pulse Fitness Ultra Cat Tree - view 1,0
4346,1098,,https://cdn.shopnorth.example/p/1098/2.jpg,Pulse Fitness Ultra Cat Tree - view 2,1
4347,1098,,https://cdn.shopnorth.example/p/1098/3.jpg,Pulse Fitness Ultra Cat Tree - view 3,2
4348,1098,,https://cdn.shopnorth.example/p/1098/4.jpg,Pulse Fitness Ultra Cat Tree - view 4,3
4349,1098,,https://cdn.shopnorth.example/p/1098/5.jpg,Pulse Fitness Ultra Cat Tree - view 5,4
4350,1099,,https://cdn.shopnorth.example/p/1099/1.jpg,Solstice Pro High-Waist Leggings - view 1,0
4351,1099,4911,https://cdn.shopnorth.example/p/1099/burgundy.jpg,Solstice Pro High-Waist Leggings in Burgundy,11
4352,1100,,https://cdn.shopnorth.example/p/1100/1.jpg,PawPal Ultra Quarter-Zip Pullover - view 1,0
4353,1100,,https://cdn.shopnorth.example/p/1100/2.jpg,PawPal Ultra Quarter-Zip Pullover - view 2,1
4354,1100,,https://cdn.shopnorth.example/p/1100/3.jpg,PawPal Ultra Quarter-Zip Pullover - view 3,2
4355,1100,4916,https://cdn.shopnorth.example/p/1100/forest-green.jpg,PawPal Ultra Quarter-Zip Pullover in Forest Green,11
4356,1100,4921,https://cdn.shopnorth.example/p/1100/black.jpg,PawPal Ultra Quarter-Zip Pullover in Black,12
4357,1100,4927,https://cdn.shopnorth.example/p/1100/heather-gray.jpg,PawPal Ultra Quarter-Zip Pullover in Heather Gray,13
4358,1100,4932,https://cdn.shopnorth.example/p/1100/white.jpg,PawPal Ultra Quarter-Zip Pullover in White,14
4359,1101,,https://cdn.shopnorth.example/p/1101/1.jpg,Pulse Fitness Essential Cotton Sheet Set - view 1,0
4360,1102,,https://cdn.shopnorth.example/p/1102/1.jpg,Urban Nomad Heritage Rain Shell - view 1,0
4361,1102,4942,https://cdn.shopnorth.example/p/1102/heather-gray.jpg,Urban Nomad Heritage Rain Shell in Heather Gray,11
4362,1103,,https://cdn.shopnorth.example/p/1103/1.jpg,Alder & Pine Heritage Brow Pencil - view 1,0
4363,1103,,https://cdn.shopnorth.example/p/1103/2.jpg,Alder & Pine Heritage Brow Pencil - view 2,1
4364,1103,,https://cdn.shopnorth.example/p/1103/3.jpg,Alder & Pine Heritage Brow Pencil - view 3,2
4365,1104,,https://cdn.shopnorth.example/p/1104/1.jpg,Saltwater Compact Joggers - view 1,0
4366,1104,,https://cdn.shopnorth.example/p/1104/2.jpg,Saltwater Compact Joggers - view 2,1
4367,1104,,https://cdn.shopnorth.example/p/1104/3.jpg,Saltwater Compact Joggers - view 3,2
4368,1104,4949,https://cdn.shopnorth.example/p/1104/heather-gray.jpg,Saltwater Compact Joggers in Heather Gray,11
4369,1104,4955,https://cdn.shopnorth.example/p/1104/blush.jpg,Saltwater Compact Joggers in Blush,12
4370,1104,4960,https://cdn.shopnorth.example/p/1104/black.jpg,Saltwater Compact Joggers in Black,13
4371,1104,4965,https://cdn.shopnorth.example/p/1104/sky-blue.jpg,Saltwater Compact Joggers in Sky Blue,14
4372,1105,,https://cdn.shopnorth.example/p/1105/1.jpg,PawPal Essential Strategy Board Game - view 1,0
4373,1105,,https://cdn.shopnorth.example/p/1105/2.jpg,PawPal Essential Strategy Board Game - view 2,1
4374,1105,,https://cdn.shopnorth.example/p/1105/3.jpg,PawPal Essential Strategy Board Game - view 3,2
4375,1105,,https://cdn.shopnorth.example/p/1105/4.jpg,PawPal Essential Strategy Board Game - view 4,3
4376,1105,,https://cdn.shopnorth.example/p/1105/5.jpg,PawPal Essential Strategy Board Game - view 5,4
4377,1106,,https://cdn.shopnorth.example/p/1106/1.jpg,Mosaic Kids Everyday Performance Polo - view 1,0
4378,1106,,https://cdn.shopnorth.example/p/1106/2.jpg,Mosaic Kids Everyday Performance Polo - view 2,1
4379,1106,,https://cdn.shopnorth.example/p/1106/3.jpg,Mosaic Kids Everyday Performance Polo - view 3,2
4380,1106,,https://cdn.shopnorth.example/p/1106/4.jpg,Mosaic Kids Everyday Performance Polo - view 4,3
4381,1106,4972,https://cdn.shopnorth.example/p/1106/navy.jpg,Mosaic Kids Everyday Performance Polo in Navy,11
4382,1106,4977,https://cdn.shopnorth.example/p/1106/black.jpg,Mosaic Kids Everyday Performance Polo in Black,12
4383,1106,4982,https://cdn.shopnorth.example/p/1106/sand.jpg,Mosaic Kids Everyday Performance Polo in Sand,13
4384,1107,,https://cdn.shopnorth.example/p/1107/1.jpg,Seaside Skin Studio Down Alternative Comforter - view 1,0
4385,1107,,https://cdn.shopnorth.example/p/1107/2.jpg,Seaside Skin Studio Down Alternative Comforter - view 2,1
4386,1107,,https://cdn.shopnorth.example/p/1107/3.jpg,Seaside Skin Studio Down Alternative Comforter - view 3,2
4387,1107,,https://cdn.shopnorth.example/p/1107/4.jpg,Seaside Skin Studio Down Alternative Comforter - view 4,3
4388,1107,,https://cdn.shopnorth.example/p/1107/5.jpg,Seaside Skin Studio Down Alternative Comforter - view 5,4
4389,1108,,https://cdn.shopnorth.example/p/1108/1.jpg,Trailhead Signature Chew Toy - view 1,0
4390,1108,,https://cdn.shopnorth.example/p/1108/2.jpg,Trailhead Signature Chew Toy - view 2,1
4391,1108,,https://cdn.shopnorth.example/p/1108/3.jpg,Trailhead Signature Chew Toy - view 3,2
4392,1109,,https://cdn.shopnorth.example/p/1109/1.jpg,Brightfield Premium Vacuum Storage Bags - view 1,0
4393,1109,,https://cdn.shopnorth.example/p/1109/2.jpg,Brightfield Premium Vacuum Storage Bags - view 2,1
4394,1109,,https://cdn.shopnorth.example/p/1109/3.jpg,Brightfield Premium Vacuum Storage Bags - view 3,2
4395,1110,,https://cdn.shopnorth.example/p/1110/1.jpg,Everkind Lightweight LED Bike Light Set - view 1,0
4396,1110,,https://cdn.shopnorth.example/p/1110/2.jpg,Everkind Lightweight LED Bike Light Set - view 2,1
4397,1111,,https://cdn.shopnorth.example/p/1111/1.jpg,Trailhead Classic Tumbler 20oz - view 1,0
4398,1111,,https://cdn.shopnorth.example/p/1111/2.jpg,Trailhead Classic Tumbler 20oz - view 2,1
4399,1111,4994,https://cdn.shopnorth.example/p/1111/forest-green.jpg,Trailhead Classic Tumbler 20oz in Forest Green,11
4400,1111,4995,https://cdn.shopnorth.example/p/1111/blush.jpg,Trailhead Classic Tumbler 20oz in Blush,12
4401,1111,4996,https://cdn.shopnorth.example/p/1111/black.jpg,Trailhead Classic Tumbler 20oz in Black,13
4402,1111,4997,https://cdn.shopnorth.example/p/1111/heather-gray.jpg,Trailhead Classic Tumbler 20oz in Heather Gray,14
4403,1112,,https://cdn.shopnorth.example/p/1112/1.jpg,Ironbark Compact Ceramic Vase - view 1,0
4404,1112,,https://cdn.shopnorth.example/p/1112/2.jpg,Ironbark Compact Ceramic Vase - view 2,1
4405,1112,,https://cdn.shopnorth.example/p/1112/3.jpg,Ironbark Compact Ceramic Vase - view 3,2
4406,1113,,https://cdn.shopnorth.example/p/1113/1.jpg,Rove Signature Wireless Charger - view 1,0
4407,1113,,https://cdn.shopnorth.example/p/1113/2.jpg,Rove Signature Wireless Charger - view 2,1
4408,1113,,https://cdn.shopnorth.example/p/1113/3.jpg,Rove Signature Wireless Charger - view 3,2
4409,1113,,https://cdn.shopnorth.example/p/1113/4.jpg,Rove Signature Wireless Charger - view 4,3
4410,1113,,https://cdn.shopnorth.example/p/1113/5.jpg,Rove Signature Wireless Charger - view 5,4
4411,1113,4999,https://cdn.shopnorth.example/p/1113/navy.jpg,Rove Signature Wireless Charger in Navy,11
4412,1113,5000,https://cdn.shopnorth.example/p/1113/sand.jpg,Rove Signature Wireless Charger in Sand,12
4413,1113,5001,https://cdn.shopnorth.example/p/1113/black.jpg,Rove Signature Wireless Charger in Black,13
4414,1114,,https://cdn.shopnorth.example/p/1114/1.jpg,Northwind Compact V-Neck Tee - view 1,0
4415,1114,,https://cdn.shopnorth.example/p/1114/2.jpg,Northwind Compact V-Neck Tee - view 2,1
4416,1114,,https://cdn.shopnorth.example/p/1114/3.jpg,Northwind Compact V-Neck Tee - view 3,2
4417,1114,,https://cdn.shopnorth.example/p/1114/4.jpg,Northwind Compact V-Neck Tee - view 4,3
4418,1114,5002,https://cdn.shopnorth.example/p/1114/black.jpg,Northwind Compact V-Neck Tee in Black,11
4419,1114,5007,https://cdn.shopnorth.example/p/1114/heather-gray.jpg,Northwind Compact V-Neck Tee in Heather Gray,12
4420,1115,,https://cdn.shopnorth.example/p/1115/1.jpg,Oakridge Signature High-Waist Leggings - view 1,0
4421,1115,,https://cdn.shopnorth.example/p/1115/2.jpg,Oakridge Signature High-Waist Leggings - view 2,1
4422,1115,,https://cdn.shopnorth.example/p/1115/3.jpg,Oakridge Signature High-Waist Leggings - view 3,2
4423,1115,,https://cdn.shopnorth.example/p/1115/4.jpg,Oakridge Signature High-Waist Leggings - view 4,3
4424,1115,5012,https://cdn.shopnorth.example/p/1115/navy.jpg,Oakridge Signature High-Waist Leggings in Navy,11
4425,1115,5018,https://cdn.shopnorth.example/p/1115/burgundy.jpg,Oakridge Signature High-Waist Leggings in Burgundy,12
4426,1115,5024,https://cdn.shopnorth.example/p/1115/white.jpg,Oakridge Signature High-Waist Leggings in White,13
4427,1115,5029,https://cdn.shopnorth.example/p/1115/forest-green.jpg,Oakridge Signature High-Waist Leggings in Forest Green,14
4428,1116,,https://cdn.shopnorth.example/p/1116/1.jpg,Birchwood Everyday Retractable Leash - view 1,0
4429,1117,,https://cdn.shopnorth.example/p/1117/1.jpg,Marlowe Premium Cotton Sheet Set - view 1,0
4430,1117,,https://cdn.shopnorth.example/p/1117/2.jpg,Marlowe Premium Cotton Sheet Set - view 2,1
4431,1117,,https://cdn.shopnorth.example/p/1117/3.jpg,Marlowe Premium Cotton Sheet Set - view 3,2
4432,1118,,https://cdn.shopnorth.example/p/1118/1.jpg,Juniper Lane Essential Chino Pants - view 1,0
4433,1118,5040,https://cdn.shopnorth.example/p/1118/forest-green.jpg,Juniper Lane Essential Chino Pants in Forest Green,11
4434,1119,,https://cdn.shopnorth.example/p/1119/1.jpg,Rove Heritage Ceramic Vase - view 1,0
4435,1119,,https://cdn.shopnorth.example/p/1119/2.jpg,Rove Heritage Ceramic Vase - view 2,1
4436,1119,,https://cdn.shopnorth.example/p/1119/3.jpg,Rove Heritage Ceramic Vase - view 3,2
4437,1120,,https://cdn.shopnorth.example/p/1120/1.jpg,Fable Toys Heritage Smart Bulb 4-Pack - view 1,0
4438,1120,,https://cdn.shopnorth.example/p/1120/2.jpg,Fable Toys Heritage Smart Bulb 4-Pack - view 2,1
4439,1120,,https://cdn.shopnorth.example/p/1120/3.jpg,Fable Toys Heritage Smart Bulb 4-Pack - view 3,2
4440,1121,,https://cdn.shopnorth.example/p/1121/1.jpg,Marlowe Heritage Wireless Charger - view 1,0
4441,1121,,https://cdn.shopnorth.example/p/1121/2.jpg,Marlowe Heritage Wireless Charger - view 2,1
4442,1121,,https://cdn.shopnorth.example/p/1121/3.jpg,Marlowe Heritage Wireless Charger - view 3,2
4443,1121,,https://cdn.shopnorth.example/p/1121/4.jpg,Marlowe Heritage Wireless Charger - view 4,3
4444,1121,5048,https://cdn.shopnorth.example/p/1121/white.jpg,Marlowe Heritage Wireless Charger in White,11
4445,1121,5049,https://cdn.shopnorth.example/p/1121/heather-gray.jpg,Marlowe Heritage Wireless Charger in Heather Gray,12
4446,1122,,https://cdn.shopnorth.example/p/1122/1.jpg,Oakridge Premium Puffer Jacket - view 1,0
4447,1122,5050,https://cdn.shopnorth.example/p/1122/olive.jpg,Oakridge Premium Puffer Jacket in Olive,11
4448,1123,,https://cdn.shopnorth.example/p/1123/1.jpg,Alder & Pine Heritage Quarter-Zip Pullover - view 1,0
4449,1123,,https://cdn.shopnorth.example/p/1123/2.jpg,Alder & Pine Heritage Quarter-Zip Pullover - view 2,1
4450,1123,5055,https://cdn.shopnorth.example/p/1123/blush.jpg,Alder & Pine Heritage Quarter-Zip Pullover in Blush,11
4451,1123,5061,https://cdn.shopnorth.example/p/1123/forest-green.jpg,Alder & Pine Heritage Quarter-Zip Pullover in Forest Green,12
4452,1123,5066,https://cdn.shopnorth.example/p/1123/heather-gray.jpg,Alder & Pine Heritage Quarter-Zip Pullover in Heather Gray,13
4453,1124,,https://cdn.shopnorth.example/p/1124/1.jpg,Trailhead Everyday Flip Flop - view 1,0
4454,1124,,https://cdn.shopnorth.example/p/1124/2.jpg,Trailhead Everyday Flip Flop - view 2,1
4455,1124,,https://cdn.shopnorth.example/p/1124/3.jpg,Trailhead Everyday Flip Flop - view 3,2
4456,1124,5072,https://cdn.shopnorth.example/p/1124/sand.jpg,Trailhead Everyday Flip Flop in Sand,11
4457,1124,5079,https://cdn.shopnorth.example/p/1124/charcoal.jpg,Trailhead Everyday Flip Flop in Charcoal,12
4458,1125,,https://cdn.shopnorth.example/p/1125/1.jpg,Nimbus Tech Pro 2-Person Tent - view 1,0
4459,1125,,https://cdn.shopnorth.example/p/1125/2.jpg,Nimbus Tech Pro 2-Person Tent - view 2,1
4460,1125,,https://cdn.shopnorth.example/p/1125/3.jpg,Nimbus Tech Pro 2-Person Tent - view 3,2
4461,1125,,https://cdn.shopnorth.example/p/1125/4.jpg,Nimbus Tech Pro 2-Person Tent - view 4,3
4462,1126,,https://cdn.shopnorth.example/p/1126/1.jpg,Kinfolk Kitchen Ultra High-Speed Blender - view 1,0
4463,1126,,https://cdn.shopnorth.example/p/1126/2.jpg,Kinfolk Kitchen Ultra High-Speed Blender - view 2,1
4464,1126,,https://cdn.shopnorth.example/p/1126/3.jpg,Kinfolk Kitchen Ultra High-Speed Blender - view 3,2
4465,1127,,https://cdn.shopnorth.example/p/1127/1.jpg,Birchwood Essential Water Blaster - view 1,0
4466,1128,,https://cdn.shopnorth.example/p/1128/1.jpg,Seaside Skin Pro Hiking Boot - view 1,0
4467,1128,5089,https://cdn.shopnorth.example/p/1128/forest-green.jpg,Seaside Skin Pro Hiking Boot in Forest Green,11
4468,1129,,https://cdn.shopnorth.example/p/1129/1.jpg,Fernway Signature Repair Shampoo - view 1,0
4469,1129,,https://cdn.shopnorth.example/p/1129/2.jpg,Fernway Signature Repair Shampoo - view 2,1
4470,1130,,https://cdn.shopnorth.example/p/1130/1.jpg,Summit Supply Max Foam Roller - view 1,0
4471,1130,,https://cdn.shopnorth.example/p/1130/2.jpg,Summit Supply Max Foam Roller - view 2,1
4472,1131,,https://cdn.shopnorth.example/p/1131/1.jpg,Nimbus Tech Everyday Linen Blouse - view 1,0
4473,1131,,https://cdn.shopnorth.example/p/1131/2.jpg,Nimbus Tech Everyday Linen Blouse - view 2,1
4474,1131,,https://cdn.shopnorth.example/p/1131/3.jpg,Nimbus Tech Everyday Linen Blouse - view 3,2
4475,1131,5098,https://cdn.shopnorth.example/p/1131/charcoal.jpg,Nimbus Tech Everyday Linen Blouse in Charcoal,11
4476,1131,5103,https://cdn.shopnorth.example/p/1131/heather-gray.jpg,Nimbus Tech Everyday Linen Blouse in Heather Gray,12
4477,1131,5109,https://cdn.shopnorth.example/p/1131/burgundy.jpg,Nimbus Tech Everyday Linen Blouse in Burgundy,13
4478,1131,5115,https://cdn.shopnorth.example/p/1131/blush.jpg,Nimbus Tech Everyday Linen Blouse in Blush,14
4479,1132,,https://cdn.shopnorth.example/p/1132/1.jpg,Everkind Heritage Wide Leg Trousers - view 1,0
4480,1132,5120,https://cdn.shopnorth.example/p/1132/olive.jpg,Everkind Heritage Wide Leg Trousers in Olive,11
4481,1132,5126,https://cdn.shopnorth.example/p/1132/forest-green.jpg,Everkind Heritage Wide Leg Trousers in Forest Green,12
4482,1133,,https://cdn.shopnorth.example/p/1133/1.jpg,Kinfolk Kitchen Premium Bike Helmet - view 1,0
4483,1133,,https://cdn.shopnorth.example/p/1133/2.jpg,Kinfolk Kitchen Premium Bike Helmet - view 2,1
4484,1134,,https://cdn.shopnorth.example/p/1134/1.jpg,Ironbark Signature Grain-Free Dog Treats - view 1,0
4485,1134,,https://cdn.shopnorth.example/p/1134/2.jpg,Ironbark Signature Grain-Free Dog Treats - view 2,1
4486,1134,,https://cdn.shopnorth.example/p/1134/3.jpg,Ironbark Signature Grain-Free Dog Treats - view 3,2
4487,1134,,https://cdn.shopnorth.example/p/1134/4.jpg,Ironbark Signature Grain-Free Dog Treats - view 4,3
4488,1134,,https://cdn.shopnorth.example/p/1134/5.jpg,Ironbark Signature Grain-Free Dog Treats - view 5,4
4489,1135,,https://cdn.shopnorth.example/p/1135/1.jpg,"Cinder Heritage 14"" Ultrabook - view 1",0
4490,1135,5133,https://cdn.shopnorth.example/p/1135/space-gray.jpg,"Cinder Heritage 14"" Ultrabook in Space Gray",11
4491,1135,5135,https://cdn.shopnorth.example/p/1135/silver.jpg,"Cinder Heritage 14"" Ultrabook in Silver",12
4492,1136,,https://cdn.shopnorth.example/p/1136/1.jpg,Oakridge Everyday Hiking Boot - view 1,0
4493,1136,,https://cdn.shopnorth.example/p/1136/2.jpg,Oakridge Everyday Hiking Boot - view 2,1
4494,1136,5138,https://cdn.shopnorth.example/p/1136/forest-green.jpg,Oakridge Everyday Hiking Boot in Forest Green,11
4495,1136,5145,https://cdn.shopnorth.example/p/1136/blush.jpg,Oakridge Everyday Hiking Boot in Blush,12
4496,1137,,https://cdn.shopnorth.example/p/1137/1.jpg,Kestrel Pro Building Block Set - view 1,0
4497,1137,,https://cdn.shopnorth.example/p/1137/2.jpg,Kestrel Pro Building Block Set - view 2,1
4498,1138,,https://cdn.shopnorth.example/p/1138/1.jpg,Halcyon Home Premium Waterproof Winter Boot - view 1,0
4499,1138,,https://cdn.shopnorth.example/p/1138/2.jpg,Halcyon Home Premium Waterproof Winter Boot - view 2,1
4500,1138,,https://cdn.shopnorth.example/p/1138/3.jpg,Halcyon Home Premium Waterproof Winter Boot - view 3,2
4501,1138,,https://cdn.shopnorth.example/p/1138/4.jpg,Halcyon Home Premium Waterproof Winter Boot - view 4,3
4502,1138,5153,https://cdn.shopnorth.example/p/1138/heather-gray.jpg,Halcyon Home Premium Waterproof Winter Boot in Heather Gray,11
4503,1139,,https://cdn.shopnorth.example/p/1139/1.jpg,Cobalt Audio Signature Stackable Bins - view 1,0
4504,1139,,https://cdn.shopnorth.example/p/1139/2.jpg,Cobalt Audio Signature Stackable Bins - view 2,1
4505,1139,,https://cdn.shopnorth.example/p/1139/3.jpg,Cobalt Audio Signature Stackable Bins - view 3,2
4506,1139,,https://cdn.shopnorth.example/p/1139/4.jpg,Cobalt Audio Signature Stackable Bins - view 4,3
4507,1139,,https://cdn.shopnorth.example/p/1139/5.jpg,Cobalt Audio Signature Stackable Bins - view 5,4
4508,1140,,https://cdn.shopnorth.example/p/1140/1.jpg,Lumora Ultra Memory Foam Pillow - view 1,0
4509,1141,,https://cdn.shopnorth.example/p/1141/1.jpg,Halcyon Home Heritage High-Speed Blender - view 1,0
4510,1141,,https://cdn.shopnorth.example/p/1141/2.jpg,Halcyon Home Heritage High-Speed Blender - view 2,1
4511,1141,,https://cdn.shopnorth.example/p/1141/3.jpg,Halcyon Home Heritage High-Speed Blender - view 3,2
4512,1142,,https://cdn.shopnorth.example/p/1142/1.jpg,Luxe Botanica Lightweight Down Alternative Comforter - view 1,0
4513,1142,,https://cdn.shopnorth.example/p/1142/2.jpg,Luxe Botanica Lightweight Down Alternative Comforter - view 2,1
4514,1143,,https://cdn.shopnorth.example/p/1143/1.jpg,Saltwater Compact Strategy Board Game - view 1,0
4515,1143,,https://cdn.shopnorth.example/p/1143/2.jpg,Saltwater Compact Strategy Board Game - view 2,1
4516,1144,,https://cdn.shopnorth.example/p/1144/1.jpg,Cobalt Audio Classic Stand Mixer - view 1,0
4517,1144,,https://cdn.shopnorth.example/p/1144/2.jpg,Cobalt Audio Classic Stand Mixer - view 2,1
4518,1144,,https://cdn.shopnorth.example/p/1144/3.jpg,Cobalt Audio Classic Stand Mixer - view 3,2
4519,1144,,https://cdn.shopnorth.example/p/1144/4.jpg,Cobalt Audio Classic Stand Mixer - view 4,3
4520,1144,,https://cdn.shopnorth.example/p/1144/5.jpg,Cobalt Audio Classic Stand Mixer - view 5,4
4521,1145,,https://cdn.shopnorth.example/p/1145/1.jpg,Voltix Ultra Smart Thermostat - view 1,0
4522,1145,5172,https://cdn.shopnorth.example/p/1145/olive.jpg,Voltix Ultra Smart Thermostat in Olive,11
4523,1145,5173,https://cdn.shopnorth.example/p/1145/navy.jpg,Voltix Ultra Smart Thermostat in Navy,12
4524,1145,5174,https://cdn.shopnorth.example/p/1145/sand.jpg,Voltix Ultra Smart Thermostat in Sand,13
4525,1146,,https://cdn.shopnorth.example/p/1146/1.jpg,Trailhead Pro Scented Candle - view 1,0
4526,1146,,https://cdn.shopnorth.example/p/1146/2.jpg,Trailhead Pro Scented Candle - view 2,1
4527,1146,,https://cdn.shopnorth.example/p/1146/3.jpg,Trailhead Pro Scented Candle - view 3,2
4528,1147,,https://cdn.shopnorth.example/p/1147/1.jpg,Alder & Pine Studio Area Rug - view 1,0
4529,1147,,https://cdn.shopnorth.example/p/1147/2.jpg,Alder & Pine Studio Area Rug - view 2,1
4530,1147,,https://cdn.shopnorth.example/p/1147/3.jpg,Alder & Pine Studio Area Rug - view 3,2
4531,1148,,https://cdn.shopnorth.example/p/1148/1.jpg,Quill Essential Cropped Sweater - view 1,0
4532,1148,,https://cdn.shopnorth.example/p/1148/2.jpg,Quill Essential Cropped Sweater - view 2,1
4533,1148,,https://cdn.shopnorth.example/p/1148/3.jpg,Quill Essential Cropped Sweater - view 3,2
4534,1148,,https://cdn.shopnorth.example/p/1148/4.jpg,Quill Essential Cropped Sweater - view 4,3
4535,1148,,https://cdn.shopnorth.example/p/1148/5.jpg,Quill Essential Cropped Sweater - view 5,4
4536,1148,5177,https://cdn.shopnorth.example/p/1148/sand.jpg,Quill Essential Cropped Sweater in Sand,11
4537,1148,5182,https://cdn.shopnorth.example/p/1148/black.jpg,Quill Essential Cropped Sweater in Black,12
4538,1149,,https://cdn.shopnorth.example/p/1149/1.jpg,Mosaic Kids Premium MagSafe Phone Case - view 1,0
4539,1149,,https://cdn.shopnorth.example/p/1149/2.jpg,Mosaic Kids Premium MagSafe Phone Case - view 2,1
4540,1149,,https://cdn.shopnorth.example/p/1149/3.jpg,Mosaic Kids Premium MagSafe Phone Case - view 3,2
4541,1150,,https://cdn.shopnorth.example/p/1150/1.jpg,Rove Everyday Drawer Organizer - view 1,0
4542,1150,,https://cdn.shopnorth.example/p/1150/2.jpg,Rove Everyday Drawer Organizer - view 2,1
4543,1150,,https://cdn.shopnorth.example/p/1150/3.jpg,Rove Everyday Drawer Organizer - view 3,2
4544,1151,,https://cdn.shopnorth.example/p/1151/1.jpg,Juniper Lane Compact Oversized Hoodie - view 1,0
4545,1151,,https://cdn.shopnorth.example/p/1151/2.jpg,Juniper Lane Compact Oversized Hoodie - view 2,1
4546,1151,5190,https://cdn.shopnorth.example/p/1151/heather-gray.jpg,Juniper Lane Compact Oversized Hoodie in Heather Gray,11
4547,1152,,https://cdn.shopnorth.example/p/1152/1.jpg,Apex Motion Studio Sleeping Bag - view 1,0
4548,1152,,https://cdn.shopnorth.example/p/1152/2.jpg,Apex Motion Studio Sleeping Bag - view 2,1
4549,1152,,https://cdn.shopnorth.example/p/1152/3.jpg,Apex Motion Studio Sleeping Bag - view 3,2
4550,1152,,https://cdn.shopnorth.example/p/1152/4.jpg,Apex Motion Studio Sleeping Bag - view 4,3
4551,1153,,https://cdn.shopnorth.example/p/1153/1.jpg,Alder & Pine Max Wall Mirror - view 1,0
4552,1153,,https://cdn.shopnorth.example/p/1153/2.jpg,Alder & Pine Max Wall Mirror - view 2,1
4553,1153,,https://cdn.shopnorth.example/p/1153/3.jpg,Alder & Pine Max Wall Mirror - view 3,2
4554,1153,,https://cdn.shopnorth.example/p/1153/4.jpg,Alder & Pine Max Wall Mirror - view 4,3
4555,1154,,https://cdn.shopnorth.example/p/1154/1.jpg,Halcyon Home Everyday Stackable Bins - view 1,0
4556,1154,,https://cdn.shopnorth.example/p/1154/2.jpg,Halcyon Home Everyday Stackable Bins - view 2,1
4557,1154,,https://cdn.shopnorth.example/p/1154/3.jpg,Halcyon Home Everyday Stackable Bins - view 3,2
4558,1155,,https://cdn.shopnorth.example/p/1155/1.jpg,PawPal Heritage Wireless Earbuds - view 1,0
4559,1155,,https://cdn.shopnorth.example/p/1155/2.jpg,PawPal Heritage Wireless Earbuds - view 2,1
4560,1155,,https://cdn.shopnorth.example/p/1155/3.jpg,PawPal Heritage Wireless Earbuds - view 3,2
4561,1155,,https://cdn.shopnorth.example/p/1155/4.jpg,PawPal Heritage Wireless Earbuds - view 4,3
4562,1155,5199,https://cdn.shopnorth.example/p/1155/black.jpg,PawPal Heritage Wireless Earbuds in Black,11
4563,1155,5200,https://cdn.shopnorth.example/p/1155/burgundy.jpg,PawPal Heritage Wireless Earbuds in Burgundy,12
4564,1155,5201,https://cdn.shopnorth.example/p/1155/white.jpg,PawPal Heritage Wireless Earbuds in White,13
4565,1155,5202,https://cdn.shopnorth.example/p/1155/olive.jpg,PawPal Heritage Wireless Earbuds in Olive,14
4566,1156,,https://cdn.shopnorth.example/p/1156/1.jpg,Glowbar Signature Mascara - view 1,0
4567,1156,,https://cdn.shopnorth.example/p/1156/2.jpg,Glowbar Signature Mascara - view 2,1
4568,1156,,https://cdn.shopnorth.example/p/1156/3.jpg,Glowbar Signature Mascara - view 3,2
4569,1157,,https://cdn.shopnorth.example/p/1157/1.jpg,Summit Supply Premium Sports Bra - view 1,0
4570,1157,,https://cdn.shopnorth.example/p/1157/2.jpg,Summit Supply Premium Sports Bra - view 2,1
4571,1157,,https://cdn.shopnorth.example/p/1157/3.jpg,Summit Supply Premium Sports Bra - view 3,2
4572,1157,,https://cdn.shopnorth.example/p/1157/4.jpg,Summit Supply Premium Sports Bra - view 4,3
4573,1157,,https://cdn.shopnorth.example/p/1157/5.jpg,Summit Supply Premium Sports Bra - view 5,4
4574,1157,5204,https://cdn.shopnorth.example/p/1157/sky-blue.jpg,Summit Supply Premium Sports Bra in Sky Blue,11
4575,1158,,https://cdn.shopnorth.example/p/1158/1.jpg,Mosaic Kids Ultra Stackable Bins - view 1,0
4576,1159,,https://cdn.shopnorth.example/p/1159/1.jpg,Ember & Oak Everyday Party Card Game - view 1,0
4577,1159,,https://cdn.shopnorth.example/p/1159/2.jpg,Ember & Oak Everyday Party Card Game - view 2,1
4578,1159,,https://cdn.shopnorth.example/p/1159/3.jpg,Ember & Oak Everyday Party Card Game - view 3,2
4579,1159,,https://cdn.shopnorth.example/p/1159/4.jpg,Ember & Oak Everyday Party Card Game - view 4,3
4580,1160,,https://cdn.shopnorth.example/p/1160/1.jpg,Cobalt Audio Compact USB-C Charging Cable - view 1,0
4581,1160,,https://cdn.shopnorth.example/p/1160/2.jpg,Cobalt Audio Compact USB-C Charging Cable - view 2,1
4582,1160,,https://cdn.shopnorth.example/p/1160/3.jpg,Cobalt Audio Compact USB-C Charging Cable - view 3,2
4583,1160,,https://cdn.shopnorth.example/p/1160/4.jpg,Cobalt Audio Compact USB-C Charging Cable - view 4,3
4584,1160,5212,https://cdn.shopnorth.example/p/1160/charcoal.jpg,Cobalt Audio Compact USB-C Charging Cable in Charcoal,11
4585,1160,5213,https://cdn.shopnorth.example/p/1160/forest-green.jpg,Cobalt Audio Compact USB-C Charging Cable in Forest Green,12
4586,1160,5214,https://cdn.shopnorth.example/p/1160/heather-gray.jpg,Cobalt Audio Compact USB-C Charging Cable in Heather Gray,13
4587,1161,,https://cdn.shopnorth.example/p/1161/1.jpg,Seaside Skin Ultra Family Trivia Game - view 1,0
4588,1161,,https://cdn.shopnorth.example/p/1161/2.jpg,Seaside Skin Ultra Family Trivia Game - view 2,1
4589,1161,,https://cdn.shopnorth.example/p/1161/3.jpg,Seaside Skin Ultra Family Trivia Game - view 3,2
4590,1161,,https://cdn.shopnorth.example/p/1161/4.jpg,Seaside Skin Ultra Family Trivia Game - view 4,3
4591,1162,,https://cdn.shopnorth.example/p/1162/1.jpg,Cinder Everyday Action Camera - view 1,0
4592,1162,,https://cdn.shopnorth.example/p/1162/2.jpg,Cinder Everyday Action Camera - view 2,1
4593,1162,,https://cdn.shopnorth.example/p/1162/3.jpg,Cinder Everyday Action Camera - view 3,2
4594,1162,,https://cdn.shopnorth.example/p/1162/4.jpg,Cinder Everyday Action Camera - view 4,3
4595,1162,,https://cdn.shopnorth.example/p/1162/5.jpg,Cinder Everyday Action Camera - view 5,4
4596,1162,5216,https://cdn.shopnorth.example/p/1162/heather-gray.jpg,Cinder Everyday Action Camera in Heather Gray,11
4597,1162,5217,https://cdn.shopnorth.example/p/1162/white.jpg,Cinder Everyday Action Camera in White,12
4598,1163,,https://cdn.shopnorth.example/p/1163/1.jpg,Fernway Everyday Linen Blouse - view 1,0
4599,1163,,https://cdn.shopnorth.example/p/1163/2.jpg,Fernway Everyday Linen Blouse - view 2,1
4600,1163,,https://cdn.shopnorth.example/p/1163/3.jpg,Fernway Everyday Linen Blouse - view 3,2
4601,1163,5218,https://cdn.shopnorth.example/p/1163/white.jpg,Fernway Everyday Linen Blouse in White,11
4602,1163,5224,https://cdn.shopnorth.example/p/1163/charcoal.jpg,Fernway Everyday Linen Blouse in Charcoal,12
4603,1163,5229,https://cdn.shopnorth.example/p/1163/olive.jpg,Fernway Everyday Linen Blouse in Olive,13
4604,1163,5235,https://cdn.shopnorth.example/p/1163/burgundy.jpg,Fernway Everyday Linen Blouse in Burgundy,14
4605,1164,,https://cdn.shopnorth.example/p/1164/1.jpg,Harbor Goods Studio Denim Jacket - view 1,0
4606,1164,,https://cdn.shopnorth.example/p/1164/2.jpg,Harbor Goods Studio Denim Jacket - view 2,1
4607,1164,5240,https://cdn.shopnorth.example/p/1164/charcoal.jpg,Harbor Goods Studio Denim Jacket in Charcoal,11
4608,1164,5246,https://cdn.shopnorth.example/p/1164/white.jpg,Harbor Goods Studio Denim Jacket in White,12
4609,1165,,https://cdn.shopnorth.example/p/1165/1.jpg,Fable Toys Classic Chelsea Boot - view 1,0
4610,1165,,https://cdn.shopnorth.example/p/1165/2.jpg,Fable Toys Classic Chelsea Boot - view 2,1
4611,1165,,https://cdn.shopnorth.example/p/1165/3.jpg,Fable Toys Classic Chelsea Boot - view 3,2
4612,1165,5251,https://cdn.shopnorth.example/p/1165/sand.jpg,Fable Toys Classic Chelsea Boot in Sand,11
4613,1166,,https://cdn.shopnorth.example/p/1166/1.jpg,Pulse Fitness Essential Hiking Boot - view 1,0
4614,1166,,https://cdn.shopnorth.example/p/1166/2.jpg,Pulse Fitness Essential Hiking Boot - view 2,1
4615,1166,,https://cdn.shopnorth.example/p/1166/3.jpg,Pulse Fitness Essential Hiking Boot - view 3,2
4616,1166,,https://cdn.shopnorth.example/p/1166/4.jpg,Pulse Fitness Essential Hiking Boot - view 4,3
4617,1166,,https://cdn.shopnorth.example/p/1166/5.jpg,Pulse Fitness Essential Hiking Boot - view 5,4
4618,1166,5258,https://cdn.shopnorth.example/p/1166/white.jpg,Pulse Fitness Essential Hiking Boot in White,11
4619,1167,,https://cdn.shopnorth.example/p/1167/1.jpg,Veloce Eco Leave-In Conditioner - view 1,0
4620,1167,,https://cdn.shopnorth.example/p/1167/2.jpg,Veloce Eco Leave-In Conditioner - view 2,1
4621,1167,,https://cdn.shopnorth.example/p/1167/3.jpg,Veloce Eco Leave-In Conditioner - view 3,2
4622,1167,,https://cdn.shopnorth.example/p/1167/4.jpg,Veloce Eco Leave-In Conditioner - view 4,3
4623,1167,,https://cdn.shopnorth.example/p/1167/5.jpg,Veloce Eco Leave-In Conditioner - view 5,4
4624,1168,,https://cdn.shopnorth.example/p/1168/1.jpg,Glowbar Pro Oversized Hoodie - view 1,0
4625,1168,,https://cdn.shopnorth.example/p/1168/2.jpg,Glowbar Pro Oversized Hoodie - view 2,1
4626,1168,5266,https://cdn.shopnorth.example/p/1168/forest-green.jpg,Glowbar Pro Oversized Hoodie in Forest Green,11
4627,1168,5271,https://cdn.shopnorth.example/p/1168/olive.jpg,Glowbar Pro Oversized Hoodie in Olive,12
4628,1168,5276,https://cdn.shopnorth.example/p/1168/navy.jpg,Glowbar Pro Oversized Hoodie in Navy,13
4629,1168,5281,https://cdn.shopnorth.example/p/1168/burgundy.jpg,Glowbar Pro Oversized Hoodie in Burgundy,14
4630,1169,,https://cdn.shopnorth.example/p/1169/1.jpg,Arcadia Premium Cast Iron Dutch Oven - view 1,0
4631,1169,,https://cdn.shopnorth.example/p/1169/2.jpg,Arcadia Premium Cast Iron Dutch Oven - view 2,1
4632,1169,,https://cdn.shopnorth.example/p/1169/3.jpg,Arcadia Premium Cast Iron Dutch Oven - view 3,2
4633,1170,,https://cdn.shopnorth.example/p/1170/1.jpg,Marlowe Studio Wall Mirror - view 1,0
4634,1170,,https://cdn.shopnorth.example/p/1170/2.jpg,Marlowe Studio Wall Mirror - view 2,1
4635,1171,,https://cdn.shopnorth.example/p/1171/1.jpg,Quill Pro Ceramic Vase - view 1,0
4636,1171,,https://cdn.shopnorth.example/p/1171/2.jpg,Quill Pro Ceramic Vase - view 2,1
4637,1172,,https://cdn.shopnorth.example/p/1172/1.jpg,Cobalt Audio Pro Cast Iron Dutch Oven - view 1,0
4638,1172,,https://cdn.shopnorth.example/p/1172/2.jpg,Cobalt Audio Pro Cast Iron Dutch Oven - view 2,1
4639,1172,,https://cdn.shopnorth.example/p/1172/3.jpg,Cobalt Audio Pro Cast Iron Dutch Oven - view 3,2
4640,1173,,https://cdn.shopnorth.example/p/1173/1.jpg,Cinder Signature Hydrating Moisturizer - view 1,0
4641,1173,,https://cdn.shopnorth.example/p/1173/2.jpg,Cinder Signature Hydrating Moisturizer - view 2,1
4642,1173,,https://cdn.shopnorth.example/p/1173/3.jpg,Cinder Signature Hydrating Moisturizer - view 3,2
4643,1173,,https://cdn.shopnorth.example/p/1173/4.jpg,Cinder Signature Hydrating Moisturizer - view 4,3
4644,1173,,https://cdn.shopnorth.example/p/1173/5.jpg,Cinder Signature Hydrating Moisturizer - view 5,4
4645,1174,,https://cdn.shopnorth.example/p/1174/1.jpg,Apex Motion Classic Dash Cam - view 1,0
4646,1174,,https://cdn.shopnorth.example/p/1174/2.jpg,Apex Motion Classic Dash Cam - view 2,1
4647,1174,,https://cdn.shopnorth.example/p/1174/3.jpg,Apex Motion Classic Dash Cam - view 3,2
4648,1174,5292,https://cdn.shopnorth.example/p/1174/charcoal.jpg,Apex Motion Classic Dash Cam in Charcoal,11
4649,1174,5293,https://cdn.shopnorth.example/p/1174/sand.jpg,Apex Motion Classic Dash Cam in Sand,12
4650,1175,,https://cdn.shopnorth.example/p/1175/1.jpg,Cobalt Audio Classic Ceramic Vase - view 1,0
4651,1175,,https://cdn.shopnorth.example/p/1175/2.jpg,Cobalt Audio Classic Ceramic Vase - view 2,1
4652,1176,,https://cdn.shopnorth.example/p/1176/1.jpg,Nimbus Tech Premium Brow Pencil - view 1,0
4653,1176,,https://cdn.shopnorth.example/p/1176/2.jpg,Nimbus Tech Premium Brow Pencil - view 2,1
4654,1176,,https://cdn.shopnorth.example/p/1176/3.jpg,Nimbus Tech Premium Brow Pencil - view 3,2
4655,1176,,https://cdn.shopnorth.example/p/1176/4.jpg,Nimbus Tech Premium Brow Pencil - view 4,3
4656,1177,,https://cdn.shopnorth.example/p/1177/1.jpg,Seaside Skin Heritage Stackable Bins - view 1,0
4657,1177,,https://cdn.shopnorth.example/p/1177/2.jpg,Seaside Skin Heritage Stackable Bins - view 2,1
4658,1178,,https://cdn.shopnorth.example/p/1178/1.jpg,Alder & Pine Signature Hybrid Bike - view 1,0
4659,1178,,https://cdn.shopnorth.example/p/1178/2.jpg,Alder & Pine Signature Hybrid Bike - view 2,1
4660,1178,,https://cdn.shopnorth.example/p/1178/3.jpg,Alder & Pine Signature Hybrid Bike - view 3,2
4661,1178,,https://cdn.shopnorth.example/p/1178/4.jpg,Alder & Pine Signature Hybrid Bike - view 4,3
4662,1178,,https://cdn.shopnorth.example/p/1178/5.jpg,Alder & Pine Signature Hybrid Bike - view 5,4
4663,1179,,https://cdn.shopnorth.example/p/1179/1.jpg,Quill Premium Scented Candle - view 1,0
4664,1180,,https://cdn.shopnorth.example/p/1180/1.jpg,Nimbus Tech Lightweight Over-Ear Headphones - view 1,0
4665,1180,,https://cdn.shopnorth.example/p/1180/2.jpg,Nimbus Tech Lightweight Over-Ear Headphones - view 2,1
4666,1180,,https://cdn.shopnorth.example/p/1180/3.jpg,Nimbus Tech Lightweight Over-Ear Headphones - view 3,2
4667,1180,,https://cdn.shopnorth.example/p/1180/4.jpg,Nimbus Tech Lightweight Over-Ear Headphones - view 4,3
4668,1180,,https://cdn.shopnorth.example/p/1180/5.jpg,Nimbus Tech Lightweight Over-Ear Headphones - view 5,4
4669,1180,5299,https://cdn.shopnorth.example/p/1180/heather-gray.jpg,Nimbus Tech Lightweight Over-Ear Headphones in Heather Gray,11
4670,1180,5300,https://cdn.shopnorth.example/p/1180/black.jpg,Nimbus Tech Lightweight Over-Ear Headphones in Black,12
4671,1181,,https://cdn.shopnorth.example/p/1181/1.jpg,Fable Toys Signature Insulated Water Bottle 32oz - view 1,0
4672,1181,5301,https://cdn.shopnorth.example/p/1181/burgundy.jpg,Fable Toys Signature Insulated Water Bottle 32oz in Burgundy,11
4673,1181,5302,https://cdn.shopnorth.example/p/1181/black.jpg,Fable Toys Signature Insulated Water Bottle 32oz in Black,12
4674,1181,5303,https://cdn.shopnorth.example/p/1181/heather-gray.jpg,Fable Toys Signature Insulated Water Bottle 32oz in Heather Gray,13
4675,1182,,https://cdn.shopnorth.example/p/1182/1.jpg,Nimbus Tech Essential Chino Pants - view 1,0
4676,1182,,https://cdn.shopnorth.example/p/1182/2.jpg,Nimbus Tech Essential Chino Pants - view 2,1
4677,1182,,https://cdn.shopnorth.example/p/1182/3.jpg,Nimbus Tech Essential Chino Pants - view 3,2
4678,1182,,https://cdn.shopnorth.example/p/1182/4.jpg,Nimbus Tech Essential Chino Pants - view 4,3
4679,1182,5304,https://cdn.shopnorth.example/p/1182/olive.jpg,Nimbus Tech Essential Chino Pants in Olive,11
4680,1182,5310,https://cdn.shopnorth.example/p/1182/heather-gray.jpg,Nimbus Tech Essential Chino Pants in Heather Gray,12
4681,1182,5315,https://cdn.shopnorth.example/p/1182/charcoal.jpg,Nimbus Tech Essential Chino Pants in Charcoal,13
4682,1182,5321,https://cdn.shopnorth.example/p/1182/sand.jpg,Nimbus Tech Essential Chino Pants in Sand,14
4683,1183,,https://cdn.shopnorth.example/p/1183/1.jpg,Tidewater Ultra Insulated Water Bottle 32oz - view 1,0
4684,1183,,https://cdn.shopnorth.example/p/1183/2.jpg,Tidewater Ultra Insulated Water Bottle 32oz - view 2,1
4685,1183,5326,https://cdn.shopnorth.example/p/1183/sky-blue.jpg,Tidewater Ultra Insulated Water Bottle 32oz in Sky Blue,11
4686,1183,5327,https://cdn.shopnorth.example/p/1183/sand.jpg,Tidewater Ultra Insulated Water Bottle 32oz in Sand,12
4687,1184,,https://cdn.shopnorth.example/p/1184/1.jpg,Lumora Classic Ribbed Tank - view 1,0
4688,1184,,https://cdn.shopnorth.example/p/1184/2.jpg,Lumora Classic Ribbed Tank - view 2,1
4689,1184,5328,https://cdn.shopnorth.example/p/1184/forest-green.jpg,Lumora Classic Ribbed Tank in Forest Green,11
4690,1184,5334,https://cdn.shopnorth.example/p/1184/sand.jpg,Lumora Classic Ribbed Tank in Sand,12
4691,1184,5340,https://cdn.shopnorth.example/p/1184/sky-blue.jpg,Lumora Classic Ribbed Tank in Sky Blue,13
4692,1184,5345,https://cdn.shopnorth.example/p/1184/blush.jpg,Lumora Classic Ribbed Tank in Blush,14
4693,1185,,https://cdn.shopnorth.example/p/1185/1.jpg,Northwind Eco Canvas Sneaker - view 1,0
4694,1185,,https://cdn.shopnorth.example/p/1185/2.jpg,Northwind Eco Canvas Sneaker - view 2,1
4695,1185,,https://cdn.shopnorth.example/p/1185/3.jpg,Northwind Eco Canvas Sneaker - view 3,2
4696,1185,,https://cdn.shopnorth.example/p/1185/4.jpg,Northwind Eco Canvas Sneaker - view 4,3
4697,1185,5350,https://cdn.shopnorth.example/p/1185/forest-green.jpg,Northwind Eco Canvas Sneaker in Forest Green,11
4698,1186,,https://cdn.shopnorth.example/p/1186/1.jpg,Tidewater Eco Training Shorts - view 1,0
4699,1186,,https://cdn.shopnorth.example/p/1186/2.jpg,Tidewater Eco Training Shorts - view 2,1
4700,1186,,https://cdn.shopnorth.example/p/1186/3.jpg,Tidewater Eco Training Shorts - view 3,2
4701,1186,5357,https://cdn.shopnorth.example/p/1186/white.jpg,Tidewater Eco Training Shorts in White,11
4702,1186,5363,https://cdn.shopnorth.example/p/1186/charcoal.jpg,Tidewater Eco Training Shorts in Charcoal,12
4703,1186,5369,https://cdn.shopnorth.example/p/1186/black.jpg,Tidewater Eco Training Shorts in Black,13
4704,1187,,https://cdn.shopnorth.example/p/1187/1.jpg,Nimbus Tech Essential LED Bike Light Set - view 1,0
4705,1187,,https://cdn.shopnorth.example/p/1187/2.jpg,Nimbus Tech Essential LED Bike Light Set - view 2,1
4706,1187,,https://cdn.shopnorth.example/p/1187/3.jpg,Nimbus Tech Essential LED Bike Light Set - view 3,2
4707,1187,,https://cdn.shopnorth.example/p/1187/4.jpg,Nimbus Tech Essential LED Bike Light Set - view 4,3
4708,1188,,https://cdn.shopnorth.example/p/1188/1.jpg,Saltwater Signature Linen Blouse - view 1,0
4709,1188,5375,https://cdn.shopnorth.example/p/1188/blush.jpg,Saltwater Signature Linen Blouse in Blush,11
4710,1188,5380,https://cdn.shopnorth.example/p/1188/navy.jpg,Saltwater Signature Linen Blouse in Navy,12
4711,1188,5386,https://cdn.shopnorth.example/p/1188/sand.jpg,Saltwater Signature Linen Blouse in Sand,13
4712,1188,5391,https://cdn.shopnorth.example/p/1188/white.jpg,Saltwater Signature Linen Blouse in White,14
4713,1189,,https://cdn.shopnorth.example/p/1189/1.jpg,Mosaic Kids Heritage Tumbler 20oz - view 1,0
4714,1189,,https://cdn.shopnorth.example/p/1189/2.jpg,Mosaic Kids Heritage Tumbler 20oz - view 2,1
4715,1189,,https://cdn.shopnorth.example/p/1189/3.jpg,Mosaic Kids Heritage Tumbler 20oz - view 3,2
4716,1189,,https://cdn.shopnorth.example/p/1189/4.jpg,Mosaic Kids Heritage Tumbler 20oz - view 4,3
4717,1189,,https://cdn.shopnorth.example/p/1189/5.jpg,Mosaic Kids Heritage Tumbler 20oz - view 5,4
4718,1189,5396,https://cdn.shopnorth.example/p/1189/burgundy.jpg,Mosaic Kids Heritage Tumbler 20oz in Burgundy,11
4719,1189,5397,https://cdn.shopnorth.example/p/1189/blush.jpg,Mosaic Kids Heritage Tumbler 20oz in Blush,12
4720,1190,,https://cdn.shopnorth.example/p/1190/1.jpg,Wren & Co. Lightweight MagSafe Phone Case - view 1,0
4721,1190,5398,https://cdn.shopnorth.example/p/1190/blush.jpg,Wren & Co. Lightweight MagSafe Phone Case in Blush,11
4722,1190,5399,https://cdn.shopnorth.example/p/1190/heather-gray.jpg,Wren & Co. Lightweight MagSafe Phone Case in Heather Gray,12
4723,1191,,https://cdn.shopnorth.example/p/1191/1.jpg,Ember & Oak Max Cat Tree - view 1,0
4724,1191,,https://cdn.shopnorth.example/p/1191/2.jpg,Ember & Oak Max Cat Tree - view 2,1
4725,1191,,https://cdn.shopnorth.example/p/1191/3.jpg,Ember & Oak Max Cat Tree - view 3,2
4726,1192,,https://cdn.shopnorth.example/p/1192/1.jpg,Nimbus Tech Lightweight Ribbed Tank - view 1,0
4727,1192,,https://cdn.shopnorth.example/p/1192/2.jpg,Nimbus Tech Lightweight Ribbed Tank - view 2,1
4728,1192,,https://cdn.shopnorth.example/p/1192/3.jpg,Nimbus Tech Lightweight Ribbed Tank - view 3,2
4729,1192,,https://cdn.shopnorth.example/p/1192/4.jpg,Nimbus Tech Lightweight Ribbed Tank - view 4,3
4730,1192,,https://cdn.shopnorth.example/p/1192/5.jpg,Nimbus Tech Lightweight Ribbed Tank - view 5,4
4731,1192,5401,https://cdn.shopnorth.example/p/1192/heather-gray.jpg,Nimbus Tech Lightweight Ribbed Tank in Heather Gray,11
4732,1192,5407,https://cdn.shopnorth.example/p/1192/burgundy.jpg,Nimbus Tech Lightweight Ribbed Tank in Burgundy,12
4733,1192,5413,https://cdn.shopnorth.example/p/1192/navy.jpg,Nimbus Tech Lightweight Ribbed Tank in Navy,13
4734,1193,,https://cdn.shopnorth.example/p/1193/1.jpg,Harbor Goods Studio Adjustable Dumbbells - view 1,0
4735,1193,,https://cdn.shopnorth.example/p/1193/2.jpg,Harbor Goods Studio Adjustable Dumbbells - view 2,1
4736,1193,,https://cdn.shopnorth.example/p/1193/3.jpg,Harbor Goods Studio Adjustable Dumbbells - view 3,2
4737,1193,,https://cdn.shopnorth.example/p/1193/4.jpg,Harbor Goods Studio Adjustable Dumbbells - view 4,3
4738,1193,,https://cdn.shopnorth.example/p/1193/5.jpg,Harbor Goods Studio Adjustable Dumbbells - view 5,4
4739,1194,,https://cdn.shopnorth.example/p/1194/1.jpg,Saltwater Eco Quarter-Zip Pullover - view 1,0
4740,1194,,https://cdn.shopnorth.example/p/1194/2.jpg,Saltwater Eco Quarter-Zip Pullover - view 2,1
4741,1194,,https://cdn.shopnorth.example/p/1194/3.jpg,Saltwater Eco Quarter-Zip Pullover - view 3,2
4742,1194,,https://cdn.shopnorth.example/p/1194/4.jpg,Saltwater Eco Quarter-Zip Pullover - view 4,3
4743,1194,5420,https://cdn.shopnorth.example/p/1194/sand.jpg,Saltwater Eco Quarter-Zip Pullover in Sand,11
4744,1195,,https://cdn.shopnorth.example/p/1195/1.jpg,Alder & Pine Everyday Smart Bulb 4-Pack - view 1,0
4745,1195,,https://cdn.shopnorth.example/p/1195/2.jpg,Alder & Pine Everyday Smart Bulb 4-Pack - view 2,1
4746,1195,,https://cdn.shopnorth.example/p/1195/3.jpg,Alder & Pine Everyday Smart Bulb 4-Pack - view 3,2
4747,1195,,https://cdn.shopnorth.example/p/1195/4.jpg,Alder & Pine Everyday Smart Bulb 4-Pack - view 4,3
4748,1196,,https://cdn.shopnorth.example/p/1196/1.jpg,Cinder Heritage Kettlebell - view 1,0
4749,1196,,https://cdn.shopnorth.example/p/1196/2.jpg,Cinder Heritage Kettlebell - view 2,1
4750,1197,,https://cdn.shopnorth.example/p/1197/1.jpg,PawPal Everyday Oxford Shirt - view 1,0
4751,1197,,https://cdn.shopnorth.example/p/1197/2.jpg,PawPal Everyday Oxford Shirt - view 2,1
4752,1197,,https://cdn.shopnorth.example/p/1197/3.jpg,PawPal Everyday Oxford Shirt - view 3,2
4753,1197,,https://cdn.shopnorth.example/p/1197/4.jpg,PawPal Everyday Oxford Shirt - view 4,3
4754,1197,,https://cdn.shopnorth.example/p/1197/5.jpg,PawPal Everyday Oxford Shirt - view 5,4
4755,1197,5427,https://cdn.shopnorth.example/p/1197/forest-green.jpg,PawPal Everyday Oxford Shirt in Forest Green,11
4756,1197,5432,https://cdn.shopnorth.example/p/1197/black.jpg,PawPal Everyday Oxford Shirt in Black,12
4757,1198,,https://cdn.shopnorth.example/p/1198/1.jpg,Summit Supply Everyday Linen Blouse - view 1,0
4758,1198,,https://cdn.shopnorth.example/p/1198/2.jpg,Summit Supply Everyday Linen Blouse - view 2,1
4759,1198,5437,https://cdn.shopnorth.example/p/1198/olive.jpg,Summit Supply Everyday Linen Blouse in Olive,11
4760,1198,5442,https://cdn.shopnorth.example/p/1198/black.jpg,Summit Supply Everyday Linen Blouse in Black,12
4761,1198,5447,https://cdn.shopnorth.example/p/1198/forest-green.jpg,Summit Supply Everyday Linen Blouse in Forest Green,13
4762,1199,,https://cdn.shopnorth.example/p/1199/1.jpg,Voltix Lightweight Grain-Free Dog Treats - view 1,0
4763,1200,,https://cdn.shopnorth.example/p/1200/1.jpg,Glowbar Studio Kettlebell - view 1,0
4764,1200,,https://cdn.shopnorth.example/p/1200/2.jpg,Glowbar Studio Kettlebell - view 2,1
4765,1201,,https://cdn.shopnorth.example/p/1201/1.jpg,Solstice Eco Sport Earbuds - view 1,0
4766,1201,,https://cdn.shopnorth.example/p/1201/2.jpg,Solstice Eco Sport Earbuds - view 2,1
4767,1201,,https://cdn.shopnorth.example/p/1201/3.jpg,Solstice Eco Sport Earbuds - view 3,2
4768,1201,5455,https://cdn.shopnorth.example/p/1201/sand.jpg,Solstice Eco Sport Earbuds in Sand,11
4769,1201,5456,https://cdn.shopnorth.example/p/1201/heather-gray.jpg,Solstice Eco Sport Earbuds in Heather Gray,12
4770,1201,5457,https://cdn.shopnorth.example/p/1201/white.jpg,Solstice Eco Sport Earbuds in White,13
4771,1202,,https://cdn.shopnorth.example/p/1202/1.jpg,Halcyon Home Ultra Folding Camp Chair - view 1,0
4772,1203,,https://cdn.shopnorth.example/p/1203/1.jpg,Arcadia Heritage 2-Person Tent - view 1,0
4773,1204,,https://cdn.shopnorth.example/p/1204/1.jpg,Tidewater Heritage Strategy Board Game - view 1,0
4774,1205,,https://cdn.shopnorth.example/p/1205/1.jpg,Birchwood Essential Lip Tint - view 1,0
4775,1206,,https://cdn.shopnorth.example/p/1206/1.jpg,Wren & Co. Classic USB-C Charging Cable - view 1,0
4776,1206,,https://cdn.shopnorth.example/p/1206/2.jpg,Wren & Co. Classic USB-C Charging Cable - view 2,1
4777,1206,5462,https://cdn.shopnorth.example/p/1206/navy.jpg,Wren & Co. Classic USB-C Charging Cable in Navy,11
4778,1206,5463,https://cdn.shopnorth.example/p/1206/olive.jpg,Wren & Co. Classic USB-C Charging Cable in Olive,12
4779,1206,5464,https://cdn.shopnorth.example/p/1206/black.jpg,Wren & Co. Classic USB-C Charging Cable in Black,13
4780,1206,5465,https://cdn.shopnorth.example/p/1206/burgundy.jpg,Wren & Co. Classic USB-C Charging Cable in Burgundy,14
4781,1207,,https://cdn.shopnorth.example/p/1207/1.jpg,Kinfolk Kitchen Max Drawer Organizer - view 1,0
4782,1207,,https://cdn.shopnorth.example/p/1207/2.jpg,Kinfolk Kitchen Max Drawer Organizer - view 2,1
4783,1207,,https://cdn.shopnorth.example/p/1207/3.jpg,Kinfolk Kitchen Max Drawer Organizer - view 3,2
4784,1207,,https://cdn.shopnorth.example/p/1207/4.jpg,Kinfolk Kitchen Max Drawer Organizer - view 4,3
4785,1207,,https://cdn.shopnorth.example/p/1207/5.jpg,Kinfolk Kitchen Max Drawer Organizer - view 5,4
4786,1208,,https://cdn.shopnorth.example/p/1208/1.jpg,Voltix Compact Magnetic Tiles - view 1,0
4787,1208,,https://cdn.shopnorth.example/p/1208/2.jpg,Voltix Compact Magnetic Tiles - view 2,1
4788,1208,,https://cdn.shopnorth.example/p/1208/3.jpg,Voltix Compact Magnetic Tiles - view 3,2
4789,1209,,https://cdn.shopnorth.example/p/1209/1.jpg,Cobalt Audio Compact Insulated Water Bottle 32oz - view 1,0
4790,1209,,https://cdn.shopnorth.example/p/1209/2.jpg,Cobalt Audio Compact Insulated Water Bottle 32oz - view 2,1
4791,1209,5468,https://cdn.shopnorth.example/p/1209/sand.jpg,Cobalt Audio Compact Insulated Water Bottle 32oz in Sand,11
4792,1209,5469,https://cdn.shopnorth.example/p/1209/navy.jpg,Cobalt Audio Compact Insulated Water Bottle 32oz in Navy,12
4793,1209,5470,https://cdn.shopnorth.example/p/1209/burgundy.jpg,Cobalt Audio Compact Insulated Water Bottle 32oz in Burgundy,13
4794,1210,,https://cdn.shopnorth.example/p/1210/1.jpg,Saltwater Compact Training Shorts - view 1,0
4795,1210,,https://cdn.shopnorth.example/p/1210/2.jpg,Saltwater Compact Training Shorts - view 2,1
4796,1210,,https://cdn.shopnorth.example/p/1210/3.jpg,Saltwater Compact Training Shorts - view 3,2
4797,1210,,https://cdn.shopnorth.example/p/1210/4.jpg,Saltwater Compact Training Shorts - view 4,3
4798,1210,5471,https://cdn.shopnorth.example/p/1210/white.jpg,Saltwater Compact Training Shorts in White,11
4799,1210,5477,https://cdn.shopnorth.example/p/1210/charcoal.jpg,Saltwater Compact Training Shorts in Charcoal,12
4800,1211,,https://cdn.shopnorth.example/p/1211/1.jpg,PawPal Premium Screen Protector 2-Pack - view 1,0
4801,1211,,https://cdn.shopnorth.example/p/1211/2.jpg,PawPal Premium Screen Protector 2-Pack - view 2,1
4802,1211,,https://cdn.shopnorth.example/p/1211/3.jpg,PawPal Premium Screen Protector 2-Pack - view 3,2
4803,1211,,https://cdn.shopnorth.example/p/1211/4.jpg,PawPal Premium Screen Protector 2-Pack - view 4,3
4804,1211,5482,https://cdn.shopnorth.example/p/1211/charcoal.jpg,PawPal Premium Screen Protector 2-Pack in Charcoal,11
4805,1211,5483,https://cdn.shopnorth.example/p/1211/white.jpg,PawPal Premium Screen Protector 2-Pack in White,12
4806,1211,5484,https://cdn.shopnorth.example/p/1211/burgundy.jpg,PawPal Premium Screen Protector 2-Pack in Burgundy,13
4807,1212,,https://cdn.shopnorth.example/p/1212/1.jpg,Birchwood Signature Tinted Moisturizer - view 1,0
4808,1212,,https://cdn.shopnorth.example/p/1212/2.jpg,Birchwood Signature Tinted Moisturizer - view 2,1
4809,1213,,https://cdn.shopnorth.example/p/1213/1.jpg,Quill Lightweight Smart Thermostat - view 1,0
4810,1213,,https://cdn.shopnorth.example/p/1213/2.jpg,Quill Lightweight Smart Thermostat - view 2,1
4811,1213,,https://cdn.shopnorth.example/p/1213/3.jpg,Quill Lightweight Smart Thermostat - view 3,2
4812,1213,,https://cdn.shopnorth.example/p/1213/4.jpg,Quill Lightweight Smart Thermostat - view 4,3
4813,1214,,https://cdn.shopnorth.example/p/1214/1.jpg,Kestrel Premium Body Mist - view 1,0
4814,1214,,https://cdn.shopnorth.example/p/1214/2.jpg,Kestrel Premium Body Mist - view 2,1
4815,1214,,https://cdn.shopnorth.example/p/1214/3.jpg,Kestrel Premium Body Mist - view 3,2
4816,1214,,https://cdn.shopnorth.example/p/1214/4.jpg,Kestrel Premium Body Mist - view 4,3
4817,1215,,https://cdn.shopnorth.example/p/1215/1.jpg,Voltix Eco Espresso Machine - view 1,0
4818,1216,,https://cdn.shopnorth.example/p/1216/1.jpg,Veloce Signature Road Running Shoe - view 1,0
4819,1216,5489,https://cdn.shopnorth.example/p/1216/navy.jpg,Veloce Signature Road Running Shoe in Navy,11
4820,1216,5496,https://cdn.shopnorth.example/p/1216/olive.jpg,Veloce Signature Road Running Shoe in Olive,12
4821,1217,,https://cdn.shopnorth.example/p/1217/1.jpg,Everkind Everyday Foam Roller - view 1,0
4822,1217,,https://cdn.shopnorth.example/p/1217/2.jpg,Everkind Everyday Foam Roller - view 2,1
4823,1218,,https://cdn.shopnorth.example/p/1218/1.jpg,Alder & Pine Pro Feather Wand Toy - view 1,0
4824,1218,,https://cdn.shopnorth.example/p/1218/2.jpg,Alder & Pine Pro Feather Wand Toy - view 2,1
4825,1218,,https://cdn.shopnorth.example/p/1218/3.jpg,Alder & Pine Pro Feather Wand Toy - view 3,2
4826,1218,,https://cdn.shopnorth.example/p/1218/4.jpg,Alder & Pine Pro Feather Wand Toy - view 4,3
4827,1219,,https://cdn.shopnorth.example/p/1219/1.jpg,Fernway Everyday Oversized Hoodie - view 1,0
4828,1219,,https://cdn.shopnorth.example/p/1219/2.jpg,Fernway Everyday Oversized Hoodie - view 2,1
4829,1219,5505,https://cdn.shopnorth.example/p/1219/blush.jpg,Fernway Everyday Oversized Hoodie in Blush,11
4830,1219,5511,https://cdn.shopnorth.example/p/1219/white.jpg,Fernway Everyday Oversized Hoodie in White,12
4831,1219,5517,https://cdn.shopnorth.example/p/1219/charcoal.jpg,Fernway Everyday Oversized Hoodie in Charcoal,13
4832,1220,,https://cdn.shopnorth.example/p/1220/1.jpg,Harbor Goods Studio Bike Lock - view 1,0
4833,1220,,https://cdn.shopnorth.example/p/1220/2.jpg,Harbor Goods Studio Bike Lock - view 2,1
4834,1220,,https://cdn.shopnorth.example/p/1220/3.jpg,Harbor Goods Studio Bike Lock - view 3,2
4835,1220,,https://cdn.shopnorth.example/p/1220/4.jpg,Harbor Goods Studio Bike Lock - view 4,3
4836,1221,,https://cdn.shopnorth.example/p/1221/1.jpg,Trailhead Ultra Slide Sandal - view 1,0
4837,1221,,https://cdn.shopnorth.example/p/1221/2.jpg,Trailhead Ultra Slide Sandal - view 2,1
4838,1221,5523,https://cdn.shopnorth.example/p/1221/white.jpg,Trailhead Ultra Slide Sandal in White,11
4839,1221,5530,https://cdn.shopnorth.example/p/1221/burgundy.jpg,Trailhead Ultra Slide Sandal in Burgundy,12
4840,1222,,https://cdn.shopnorth.example/p/1222/1.jpg,Alder & Pine Pro Instant Camera - view 1,0
4841,1222,5537,https://cdn.shopnorth.example/p/1222/sand.jpg,Alder & Pine Pro Instant Camera in Sand,11
4842,1222,5538,https://cdn.shopnorth.example/p/1222/heather-gray.jpg,Alder & Pine Pro Instant Camera in Heather Gray,12
4843,1222,5539,https://cdn.shopnorth.example/p/1222/black.jpg,Alder & Pine Pro Instant Camera in Black,13
4844,1223,,https://cdn.shopnorth.example/p/1223/1.jpg,Trailhead Essential Air Fryer - view 1,0
4845,1223,,https://cdn.shopnorth.example/p/1223/2.jpg,Trailhead Essential Air Fryer - view 2,1
4846,1223,,https://cdn.shopnorth.example/p/1223/3.jpg,Trailhead Essential Air Fryer - view 3,2
4847,1223,,https://cdn.shopnorth.example/p/1223/4.jpg,Trailhead Essential Air Fryer - view 4,3
4848,1224,,https://cdn.shopnorth.example/p/1224/1.jpg,Halcyon Home Classic Sheet Pan Set - view 1,0
4849,1224,,https://cdn.shopnorth.example/p/1224/2.jpg,Halcyon Home Classic Sheet Pan Set - view 2,1
4850,1224,,https://cdn.shopnorth.example/p/1224/3.jpg,Halcyon Home Classic Sheet Pan Set - view 3,2
4851,1224,,https://cdn.shopnorth.example/p/1224/4.jpg,Halcyon Home Classic Sheet Pan Set - view 4,3
4852,1225,,https://cdn.shopnorth.example/p/1225/1.jpg,Lumora Ultra Screen Protector 2-Pack - view 1,0
4853,1225,,https://cdn.shopnorth.example/p/1225/2.jpg,Lumora Ultra Screen Protector 2-Pack - view 2,1
4854,1225,,https://cdn.shopnorth.example/p/1225/3.jpg,Lumora Ultra Screen Protector 2-Pack - view 3,2
4855,1225,,https://cdn.shopnorth.example/p/1225/4.jpg,Lumora Ultra Screen Protector 2-Pack - view 4,3
4856,1225,,https://cdn.shopnorth.example/p/1225/5.jpg,Lumora Ultra Screen Protector 2-Pack - view 5,4
4857,1226,,https://cdn.shopnorth.example/p/1226/1.jpg,Glowbar Max Fleece Jacket - view 1,0
4858,1226,,https://cdn.shopnorth.example/p/1226/2.jpg,Glowbar Max Fleece Jacket - view 2,1
4859,1226,5543,https://cdn.shopnorth.example/p/1226/charcoal.jpg,Glowbar Max Fleece Jacket in Charcoal,11
4860,1227,,https://cdn.shopnorth.example/p/1227/1.jpg,Arcadia Premium Adjustable Dumbbells - view 1,0
4861,1227,,https://cdn.shopnorth.example/p/1227/2.jpg,Arcadia Premium Adjustable Dumbbells - view 2,1
4862,1227,,https://cdn.shopnorth.example/p/1227/3.jpg,Arcadia Premium Adjustable Dumbbells - view 3,2
4863,1227,,https://cdn.shopnorth.example/p/1227/4.jpg,Arcadia Premium Adjustable Dumbbells - view 4,3
4864,1227,,https://cdn.shopnorth.example/p/1227/5.jpg,Arcadia Premium Adjustable Dumbbells - view 5,4
4865,1228,,https://cdn.shopnorth.example/p/1228/1.jpg,Marlowe Max MagSafe Phone Case - view 1,0
4866,1228,,https://cdn.shopnorth.example/p/1228/2.jpg,Marlowe Max MagSafe Phone Case - view 2,1
4867,1229,,https://cdn.shopnorth.example/p/1229/1.jpg,Harbor Goods Lightweight Mineral Sunscreen SPF 50 - view 1,0
4868,1229,,https://cdn.shopnorth.example/p/1229/2.jpg,Harbor Goods Lightweight Mineral Sunscreen SPF 50 - view 2,1
4869,1229,,https://cdn.shopnorth.example/p/1229/3.jpg,Harbor Goods Lightweight Mineral Sunscreen SPF 50 - view 3,2
4870,1230,,https://cdn.shopnorth.example/p/1230/1.jpg,Harbor Goods Everyday Puffer Jacket - view 1,0
4871,1230,,https://cdn.shopnorth.example/p/1230/2.jpg,Harbor Goods Everyday Puffer Jacket - view 2,1
4872,1230,5552,https://cdn.shopnorth.example/p/1230/olive.jpg,Harbor Goods Everyday Puffer Jacket in Olive,11
4873,1230,5558,https://cdn.shopnorth.example/p/1230/white.jpg,Harbor Goods Everyday Puffer Jacket in White,12
4874,1231,,https://cdn.shopnorth.example/p/1231/1.jpg,Saltwater Heritage Building Block Set - view 1,0
4875,1231,,https://cdn.shopnorth.example/p/1231/2.jpg,Saltwater Heritage Building Block Set - view 2,1
4876,1231,,https://cdn.shopnorth.example/p/1231/3.jpg,Saltwater Heritage Building Block Set - view 3,2
4877,1231,,https://cdn.shopnorth.example/p/1231/4.jpg,Saltwater Heritage Building Block Set - view 4,3
4878,1231,,https://cdn.shopnorth.example/p/1231/5.jpg,Saltwater Heritage Building Block Set - view 5,4
4879,1232,,https://cdn.shopnorth.example/p/1232/1.jpg,Pulse Fitness Classic Stand Mixer - view 1,0
4880,1232,,https://cdn.shopnorth.example/p/1232/2.jpg,Pulse Fitness Classic Stand Mixer - view 2,1
4881,1232,,https://cdn.shopnorth.example/p/1232/3.jpg,Pulse Fitness Classic Stand Mixer - view 3,2
4882,1233,,https://cdn.shopnorth.example/p/1233/1.jpg,Birchwood Ultra Cast Iron Dutch Oven - view 1,0
4883,1233,,https://cdn.shopnorth.example/p/1233/2.jpg,Birchwood Ultra Cast Iron Dutch Oven - view 2,1
4884,1234,,https://cdn.shopnorth.example/p/1234/1.jpg,Arcadia Ultra Family Trivia Game - view 1,0
4885,1234,,https://cdn.shopnorth.example/p/1234/2.jpg,Arcadia Ultra Family Trivia Game - view 2,1
4886,1235,,https://cdn.shopnorth.example/p/1235/1.jpg,PawPal Pro Party Card Game - view 1,0
4887,1235,,https://cdn.shopnorth.example/p/1235/2.jpg,PawPal Pro Party Card Game - view 2,1
4888,1235,,https://cdn.shopnorth.example/p/1235/3.jpg,PawPal Pro Party Card Game - view 3,2
4889,1236,,https://cdn.shopnorth.example/p/1236/1.jpg,Pulse Fitness Ultra Area Rug - view 1,0
4890,1237,,https://cdn.shopnorth.example/p/1237/1.jpg,Summit Supply Everyday Cropped Sweater - view 1,0
4891,1237,5569,https://cdn.shopnorth.example/p/1237/sky-blue.jpg,Summit Supply Everyday Cropped Sweater in Sky Blue,11
4892,1237,5574,https://cdn.shopnorth.example/p/1237/sand.jpg,Summit Supply Everyday Cropped Sweater in Sand,12
4893,1237,5579,https://cdn.shopnorth.example/p/1237/olive.jpg,Summit Supply Everyday Cropped Sweater in Olive,13
4894,1237,5584,https://cdn.shopnorth.example/p/1237/charcoal.jpg,Summit Supply Everyday Cropped Sweater in Charcoal,14
4895,1238,,https://cdn.shopnorth.example/p/1238/1.jpg,Harbor Goods Max Ribbed Tank - view 1,0
4896,1238,,https://cdn.shopnorth.example/p/1238/2.jpg,Harbor Goods Max Ribbed Tank - view 2,1
4897,1238,5589,https://cdn.shopnorth.example/p/1238/sky-blue.jpg,Harbor Goods Max Ribbed Tank in Sky Blue,11
4898,1238,5594,https://cdn.shopnorth.example/p/1238/forest-green.jpg,Harbor Goods Max Ribbed Tank in Forest Green,12
4899,1239,,https://cdn.shopnorth.example/p/1239/1.jpg,Rove Classic Sport Earbuds - view 1,0
4900,1239,,https://cdn.shopnorth.example/p/1239/2.jpg,Rove Classic Sport Earbuds - view 2,1
4901,1239,,https://cdn.shopnorth.example/p/1239/3.jpg,Rove Classic Sport Earbuds - view 3,2
4902,1239,,https://cdn.shopnorth.example/p/1239/4.jpg,Rove Classic Sport Earbuds - view 4,3
4903,1239,5600,https://cdn.shopnorth.example/p/1239/navy.jpg,Rove Classic Sport Earbuds in Navy,11
4904,1239,5601,https://cdn.shopnorth.example/p/1239/burgundy.jpg,Rove Classic Sport Earbuds in Burgundy,12
4905,1239,5602,https://cdn.shopnorth.example/p/1239/forest-green.jpg,Rove Classic Sport Earbuds in Forest Green,13
4906,1240,,https://cdn.shopnorth.example/p/1240/1.jpg,Quill Pro Wide Leg Trousers - view 1,0
4907,1240,,https://cdn.shopnorth.example/p/1240/2.jpg,Quill Pro Wide Leg Trousers - view 2,1
4908,1240,,https://cdn.shopnorth.example/p/1240/3.jpg,Quill Pro Wide Leg Trousers - view 3,2
4909,1240,5603,https://cdn.shopnorth.example/p/1240/heather-gray.jpg,Quill Pro Wide Leg Trousers in Heather Gray,11
4910,1240,5608,https://cdn.shopnorth.example/p/1240/blush.jpg,Quill Pro Wide Leg Trousers in Blush,12
4911,1240,5613,https://cdn.shopnorth.example/p/1240/burgundy.jpg,Quill Pro Wide Leg Trousers in Burgundy,13
4912,1241,,https://cdn.shopnorth.example/p/1241/1.jpg,Solstice Eco Cast Iron Dutch Oven - view 1,0
4913,1241,,https://cdn.shopnorth.example/p/1241/2.jpg,Solstice Eco Cast Iron Dutch Oven - view 2,1
4914,1241,,https://cdn.shopnorth.example/p/1241/3.jpg,Solstice Eco Cast Iron Dutch Oven - view 3,2
4915,1242,,https://cdn.shopnorth.example/p/1242/1.jpg,PawPal Signature Memory Foam Pillow - view 1,0
4916,1243,,https://cdn.shopnorth.example/p/1243/1.jpg,Ember & Oak Compact Air Fryer - view 1,0
4917,1243,,https://cdn.shopnorth.example/p/1243/2.jpg,Ember & Oak Compact Air Fryer - view 2,1
4918,1244,,https://cdn.shopnorth.example/p/1244/1.jpg,Birchwood Ultra Electric Kettle - view 1,0
4919,1245,,https://cdn.shopnorth.example/p/1245/1.jpg,Harbor Goods Essential Drawer Organizer - view 1,0
4920,1246,,https://cdn.shopnorth.example/p/1246/1.jpg,PawPal Ultra Toaster Oven - view 1,0
4921,1246,,https://cdn.shopnorth.example/p/1246/2.jpg,PawPal Ultra Toaster Oven - view 2,1
4922,1246,,https://cdn.shopnorth.example/p/1246/3.jpg,PawPal Ultra Toaster Oven - view 3,2
4923,1246,,https://cdn.shopnorth.example/p/1246/4.jpg,PawPal Ultra Toaster Oven - view 4,3
4924,1247,,https://cdn.shopnorth.example/p/1247/1.jpg,Everkind Classic Linen Duvet Cover - view 1,0
4925,1247,,https://cdn.shopnorth.example/p/1247/2.jpg,Everkind Classic Linen Duvet Cover - view 2,1
4926,1247,,https://cdn.shopnorth.example/p/1247/3.jpg,Everkind Classic Linen Duvet Cover - view 3,2
4927,1247,,https://cdn.shopnorth.example/p/1247/4.jpg,Everkind Classic Linen Duvet Cover - view 4,3
4928,1247,,https://cdn.shopnorth.example/p/1247/5.jpg,Everkind Classic Linen Duvet Cover - view 5,4
4929,1248,,https://cdn.shopnorth.example/p/1248/1.jpg,Fable Toys Heritage Eau de Toilette 100ml - view 1,0
4930,1249,,https://cdn.shopnorth.example/p/1249/1.jpg,Voltix Classic High-Speed Blender - view 1,0
4931,1249,,https://cdn.shopnorth.example/p/1249/2.jpg,Voltix Classic High-Speed Blender - view 2,1
4932,1249,,https://cdn.shopnorth.example/p/1249/3.jpg,Voltix Classic High-Speed Blender - view 3,2
4933,1250,,https://cdn.shopnorth.example/p/1250/1.jpg,Veloce Studio Hybrid Bike - view 1,0
4934,1250,,https://cdn.shopnorth.example/p/1250/2.jpg,Veloce Studio Hybrid Bike - view 2,1
4935,1250,,https://cdn.shopnorth.example/p/1250/3.jpg,Veloce Studio Hybrid Bike - view 3,2
4936,1251,,https://cdn.shopnorth.example/p/1251/1.jpg,Arcadia Premium Hiking Boot - view 1,0
4937,1251,,https://cdn.shopnorth.example/p/1251/2.jpg,Arcadia Premium Hiking Boot - view 2,1
4938,1251,,https://cdn.shopnorth.example/p/1251/3.jpg,Arcadia Premium Hiking Boot - view 3,2
4939,1251,5635,https://cdn.shopnorth.example/p/1251/navy.jpg,Arcadia Premium Hiking Boot in Navy,11
4940,1251,5642,https://cdn.shopnorth.example/p/1251/heather-gray.jpg,Arcadia Premium Hiking Boot in Heather Gray,12
4941,1252,,https://cdn.shopnorth.example/p/1252/1.jpg,Rove Everyday MagSafe Phone Case - view 1,0
4942,1252,,https://cdn.shopnorth.example/p/1252/2.jpg,Rove Everyday MagSafe Phone Case - view 2,1
4943,1252,,https://cdn.shopnorth.example/p/1252/3.jpg,Rove Everyday MagSafe Phone Case - view 3,2
4944,1252,5649,https://cdn.shopnorth.example/p/1252/white.jpg,Rove Everyday MagSafe Phone Case in White,11
4945,1252,5650,https://cdn.shopnorth.example/p/1252/sky-blue.jpg,Rove Everyday MagSafe Phone Case in Sky Blue,12
4946,1252,5651,https://cdn.shopnorth.example/p/1252/olive.jpg,Rove Everyday MagSafe Phone Case in Olive,13
4947,1252,5652,https://cdn.shopnorth.example/p/1252/navy.jpg,Rove Everyday MagSafe Phone Case in Navy,14
4948,1253,,https://cdn.shopnorth.example/p/1253/1.jpg,Urban Nomad Pro Building Block Set - view 1,0
4949,1253,,https://cdn.shopnorth.example/p/1253/2.jpg,Urban Nomad Pro Building Block Set - view 2,1
4950,1253,,https://cdn.shopnorth.example/p/1253/3.jpg,Urban Nomad Pro Building Block Set - view 3,2
4951,1254,,https://cdn.shopnorth.example/p/1254/1.jpg,Apex Motion Max Bike Helmet - view 1,0
4952,1254,,https://cdn.shopnorth.example/p/1254/2.jpg,Apex Motion Max Bike Helmet - view 2,1
4953,1254,,https://cdn.shopnorth.example/p/1254/3.jpg,Apex Motion Max Bike Helmet - view 3,2
4954,1254,,https://cdn.shopnorth.example/p/1254/4.jpg,Apex Motion Max Bike Helmet - view 4,3
4955,1254,,https://cdn.shopnorth.example/p/1254/5.jpg,Apex Motion Max Bike Helmet - view 5,4
4956,1255,,https://cdn.shopnorth.example/p/1255/1.jpg,Veloce Ultra Chew Toy - view 1,0
4957,1255,,https://cdn.shopnorth.example/p/1255/2.jpg,Veloce Ultra Chew Toy - view 2,1
4958,1255,,https://cdn.shopnorth.example/p/1255/3.jpg,Veloce Ultra Chew Toy - view 3,2
4959,1255,,https://cdn.shopnorth.example/p/1255/4.jpg,Veloce Ultra Chew Toy - view 4,3
4960,1255,,https://cdn.shopnorth.example/p/1255/5.jpg,Veloce Ultra Chew Toy - view 5,4
4961,1256,,https://cdn.shopnorth.example/p/1256/1.jpg,Alder & Pine Signature Action Camera - view 1,0
4962,1256,,https://cdn.shopnorth.example/p/1256/2.jpg,Alder & Pine Signature Action Camera - view 2,1
4963,1256,5656,https://cdn.shopnorth.example/p/1256/blush.jpg,Alder & Pine Signature Action Camera in Blush,11
4964,1256,5657,https://cdn.shopnorth.example/p/1256/forest-green.jpg,Alder & Pine Signature Action Camera in Forest Green,12
4965,1256,5658,https://cdn.shopnorth.example/p/1256/olive.jpg,Alder & Pine Signature Action Camera in Olive,13
4966,1257,,https://cdn.shopnorth.example/p/1257/1.jpg,Everkind Eco Flip Flop - view 1,0
4967,1257,5659,https://cdn.shopnorth.example/p/1257/burgundy.jpg,Everkind Eco Flip Flop in Burgundy,11
4968,1257,5666,https://cdn.shopnorth.example/p/1257/charcoal.jpg,Everkind Eco Flip Flop in Charcoal,12
4969,1258,,https://cdn.shopnorth.example/p/1258/1.jpg,Veloce Ultra Linen Blouse - view 1,0
4970,1258,,https://cdn.shopnorth.example/p/1258/2.jpg,Veloce Ultra Linen Blouse - view 2,1
4971,1258,,https://cdn.shopnorth.example/p/1258/3.jpg,Veloce Ultra Linen Blouse - view 3,2
4972,1258,,https://cdn.shopnorth.example/p/1258/4.jpg,Veloce Ultra Linen Blouse - view 4,3
4973,1258,,https://cdn.shopnorth.example/p/1258/5.jpg,Veloce Ultra Linen Blouse - view 5,4
4974,1258,5673,https://cdn.shopnorth.example/p/1258/charcoal.jpg,Veloce Ultra Linen Blouse in Charcoal,11
4975,1258,5679,https://cdn.shopnorth.example/p/1258/black.jpg,Veloce Ultra Linen Blouse in Black,12
4976,1259,,https://cdn.shopnorth.example/p/1259/1.jpg,Apex Motion Ultra Hiking Boot - view 1,0
4977,1259,,https://cdn.shopnorth.example/p/1259/2.jpg,Apex Motion Ultra Hiking Boot - view 2,1
4978,1259,,https://cdn.shopnorth.example/p/1259/3.jpg,Apex Motion Ultra Hiking Boot - view 3,2
4979,1259,5684,https://cdn.shopnorth.example/p/1259/blush.jpg,Apex Motion Ultra Hiking Boot in Blush,11
4980,1260,,https://cdn.shopnorth.example/p/1260/1.jpg,Rove Pro Sheet Pan Set - view 1,0
4981,1260,,https://cdn.shopnorth.example/p/1260/2.jpg,Rove Pro Sheet Pan Set - view 2,1
4982,1260,,https://cdn.shopnorth.example/p/1260/3.jpg,Rove Pro Sheet Pan Set - view 3,2
4983,1260,5691,https://cdn.shopnorth.example/p/1260/navy.jpg,Rove Pro Sheet Pan Set in Navy,11
4984,1260,5692,https://cdn.shopnorth.example/p/1260/heather-gray.jpg,Rove Pro Sheet Pan Set in Heather Gray,12
4985,1260,5693,https://cdn.shopnorth.example/p/1260/forest-green.jpg,Rove Pro Sheet Pan Set in Forest Green,13
4986,1261,,https://cdn.shopnorth.example/p/1261/1.jpg,Veloce Signature Noise Cancelling Headphones - view 1,0
4987,1262,,https://cdn.shopnorth.example/p/1262/1.jpg,Everkind Classic Dash Cam - view 1,0
4988,1262,,https://cdn.shopnorth.example/p/1262/2.jpg,Everkind Classic Dash Cam - view 2,1
4989,1262,,https://cdn.shopnorth.example/p/1262/3.jpg,Everkind Classic Dash Cam - view 3,2
4990,1262,5695,https://cdn.shopnorth.example/p/1262/navy.jpg,Everkind Classic Dash Cam in Navy,11
4991,1262,5696,https://cdn.shopnorth.example/p/1262/blush.jpg,Everkind Classic Dash Cam in Blush,12
4992,1262,5697,https://cdn.shopnorth.example/p/1262/sand.jpg,Everkind Classic Dash Cam in Sand,13
4993,1263,,https://cdn.shopnorth.example/p/1263/1.jpg,Oakridge Lightweight Camping Lantern - view 1,0
4994,1263,,https://cdn.shopnorth.example/p/1263/2.jpg,Oakridge Lightweight Camping Lantern - view 2,1
4995,1264,,https://cdn.shopnorth.example/p/1264/1.jpg,Luxe Botanica Eco Road Running Shoe - view 1,0
4996,1264,,https://cdn.shopnorth.example/p/1264/2.jpg,Luxe Botanica Eco Road Running Shoe - view 2,1
4997,1264,,https://cdn.shopnorth.example/p/1264/3.jpg,Luxe Botanica Eco Road Running Shoe - view 3,2
4998,1264,,https://cdn.shopnorth.example/p/1264/4.jpg,Luxe Botanica Eco Road Running Shoe - view 4,3
4999,1264,,https://cdn.shopnorth.example/p/1264/5.jpg,Luxe Botanica Eco Road Running Shoe - view 5,4
5000,1264,5699,https://cdn.shopnorth.example/p/1264/navy.jpg,Luxe Botanica Eco Road Running Shoe in Navy,11
5001,1264,5706,https://cdn.shopnorth.example/p/1264/black.jpg,Luxe Botanica Eco Road Running Shoe in Black,12
5002,1265,,https://cdn.shopnorth.example/p/1265/1.jpg,Alder & Pine Studio Wireless Charger - view 1,0
5003,1265,,https://cdn.shopnorth.example/p/1265/2.jpg,Alder & Pine Studio Wireless Charger - view 2,1
5004,1265,,https://cdn.shopnorth.example/p/1265/3.jpg,Alder & Pine Studio Wireless Charger - view 3,2
5005,1265,,https://cdn.shopnorth.example/p/1265/4.jpg,Alder & Pine Studio Wireless Charger - view 4,3
5006,1265,,https://cdn.shopnorth.example/p/1265/5.jpg,Alder & Pine Studio Wireless Charger - view 5,4
5007,1265,5713,https://cdn.shopnorth.example/p/1265/blush.jpg,Alder & Pine Studio Wireless Charger in Blush,11
5008,1265,5714,https://cdn.shopnorth.example/p/1265/sky-blue.jpg,Alder & Pine Studio Wireless Charger in Sky Blue,12
5009,1266,,https://cdn.shopnorth.example/p/1266/1.jpg,Urban Nomad Premium Flannel Shirt - view 1,0
5010,1266,,https://cdn.shopnorth.example/p/1266/2.jpg,Urban Nomad Premium Flannel Shirt - view 2,1
5011,1266,,https://cdn.shopnorth.example/p/1266/3.jpg,Urban Nomad Premium Flannel Shirt - view 3,2
5012,1266,,https://cdn.shopnorth.example/p/1266/4.jpg,Urban Nomad Premium Flannel Shirt - view 4,3
5013,1266,,https://cdn.shopnorth.example/p/1266/5.jpg,Urban Nomad Premium Flannel Shirt - view 5,4
5014,1266,5715,https://cdn.shopnorth.example/p/1266/burgundy.jpg,Urban Nomad Premium Flannel Shirt in Burgundy,11
5015,1267,,https://cdn.shopnorth.example/p/1267/1.jpg,Ember & Oak Essential Tumbler 20oz - view 1,0
5016,1267,,https://cdn.shopnorth.example/p/1267/2.jpg,Ember & Oak Essential Tumbler 20oz - view 2,1
5017,1268,,https://cdn.shopnorth.example/p/1268/1.jpg,Fernway Compact High-Waist Leggings - view 1,0
5018,1268,,https://cdn.shopnorth.example/p/1268/2.jpg,Fernway Compact High-Waist Leggings - view 2,1
5019,1268,5721,https://cdn.shopnorth.example/p/1268/olive.jpg,Fernway Compact High-Waist Leggings in Olive,11
5020,1268,5726,https://cdn.shopnorth.example/p/1268/forest-green.jpg,Fernway Compact High-Waist Leggings in Forest Green,12
5021,1268,5732,https://cdn.shopnorth.example/p/1268/navy.jpg,Fernway Compact High-Waist Leggings in Navy,13
5022,1268,5738,https://cdn.shopnorth.example/p/1268/heather-gray.jpg,Fernway Compact High-Waist Leggings in Heather Gray,14
5023,1269,,https://cdn.shopnorth.example/p/1269/1.jpg,Tidewater Ultra Electric Kettle - view 1,0
5024,1269,,https://cdn.shopnorth.example/p/1269/2.jpg,Tidewater Ultra Electric Kettle - view 2,1
5025,1270,,https://cdn.shopnorth.example/p/1270/1.jpg,Fable Toys Studio Chef's Knife - view 1,0
5026,1270,,https://cdn.shopnorth.example/p/1270/2.jpg,Fable Toys Studio Chef's Knife - view 2,1
5027,1270,5745,https://cdn.shopnorth.example/p/1270/charcoal.jpg,Fable Toys Studio Chef's Knife in Charcoal,11
5028,1270,5746,https://cdn.shopnorth.example/p/1270/forest-green.jpg,Fable Toys Studio Chef's Knife in Forest Green,12
5029,1271,,https://cdn.shopnorth.example/p/1271/1.jpg,Stratus Classic Hybrid Bike - view 1,0
5030,1271,,https://cdn.shopnorth.example/p/1271/2.jpg,Stratus Classic Hybrid Bike - view 2,1
5031,1271,,https://cdn.shopnorth.example/p/1271/3.jpg,Stratus Classic Hybrid Bike - view 3,2
5032,1272,,https://cdn.shopnorth.example/p/1272/1.jpg,Oakridge Pro High-Speed Blender - view 1,0
5033,1272,,https://cdn.shopnorth.example/p/1272/2.jpg,Oakridge Pro High-Speed Blender - view 2,1
5034,1272,,https://cdn.shopnorth.example/p/1272/3.jpg,Oakridge Pro High-Speed Blender - view 3,2
5035,1273,,https://cdn.shopnorth.example/p/1273/1.jpg,Summit Supply Everyday Sport Earbuds - view 1,0
5036,1273,,https://cdn.shopnorth.example/p/1273/2.jpg,Summit Supply Everyday Sport Earbuds - view 2,1
5037,1273,,https://cdn.shopnorth.example/p/1273/3.jpg,Summit Supply Everyday Sport Earbuds - view 3,2
5038,1273,5749,https://cdn.shopnorth.example/p/1273/forest-green.jpg,Summit Supply Everyday Sport Earbuds in Forest Green,11
5039,1273,5750,https://cdn.shopnorth.example/p/1273/blush.jpg,Summit Supply Everyday Sport Earbuds in Blush,12
5040,1273,5751,https://cdn.shopnorth.example/p/1273/olive.jpg,Summit Supply Everyday Sport Earbuds in Olive,13
5041,1273,5752,https://cdn.shopnorth.example/p/1273/black.jpg,Summit Supply Everyday Sport Earbuds in Black,14
5042,1274,,https://cdn.shopnorth.example/p/1274/1.jpg,Kestrel Max Toaster Oven - view 1,0
5043,1274,,https://cdn.shopnorth.example/p/1274/2.jpg,Kestrel Max Toaster Oven - view 2,1
5044,1274,,https://cdn.shopnorth.example/p/1274/3.jpg,Kestrel Max Toaster Oven - view 3,2
5045,1275,,https://cdn.shopnorth.example/p/1275/1.jpg,Wren & Co. Studio Flannel Shirt - view 1,0
5046,1275,,https://cdn.shopnorth.example/p/1275/2.jpg,Wren & Co. Studio Flannel Shirt - view 2,1
5047,1275,,https://cdn.shopnorth.example/p/1275/3.jpg,Wren & Co. Studio Flannel Shirt - view 3,2
5048,1275,,https://cdn.shopnorth.example/p/1275/4.jpg,Wren & Co. Studio Flannel Shirt - view 4,3
5049,1275,5754,https://cdn.shopnorth.example/p/1275/olive.jpg,Wren & Co. Studio Flannel Shirt in Olive,11
5050,1276,,https://cdn.shopnorth.example/p/1276/1.jpg,Cinder Max Dry Shampoo - view 1,0
5051,1276,,https://cdn.shopnorth.example/p/1276/2.jpg,Cinder Max Dry Shampoo - view 2,1
5052,1276,,https://cdn.shopnorth.example/p/1276/3.jpg,Cinder Max Dry Shampoo - view 3,2
5053,1277,,https://cdn.shopnorth.example/p/1277/1.jpg,Kestrel Premium Wireless Earbuds - view 1,0
5054,1277,,https://cdn.shopnorth.example/p/1277/2.jpg,Kestrel Premium Wireless Earbuds - view 2,1
5055,1277,,https://cdn.shopnorth.example/p/1277/3.jpg,Kestrel Premium Wireless Earbuds - view 3,2
5056,1277,,https://cdn.shopnorth.example/p/1277/4.jpg,Kestrel Premium Wireless Earbuds - view 4,3
5057,1277,,https://cdn.shopnorth.example/p/1277/5.jpg,Kestrel Premium Wireless Earbuds - view 5,4
5058,1278,,https://cdn.shopnorth.example/p/1278/1.jpg,PawPal Premium Smart Bulb 4-Pack - view 1,0
5059,1278,,https://cdn.shopnorth.example/p/1278/2.jpg,PawPal Premium Smart Bulb 4-Pack - view 2,1
5060,1278,,https://cdn.shopnorth.example/p/1278/3.jpg,PawPal Premium Smart Bulb 4-Pack - view 3,2
5061,1278,,https://cdn.shopnorth.example/p/1278/4.jpg,PawPal Premium Smart Bulb 4-Pack - view 4,3
5062,1278,,https://cdn.shopnorth.example/p/1278/5.jpg,PawPal Premium Smart Bulb 4-Pack - view 5,4
5063,1279,,https://cdn.shopnorth.example/p/1279/1.jpg,Nimbus Tech Classic High-Speed Blender - view 1,0
5064,1279,,https://cdn.shopnorth.example/p/1279/2.jpg,Nimbus Tech Classic High-Speed Blender - view 2,1
5065,1279,,https://cdn.shopnorth.example/p/1279/3.jpg,Nimbus Tech Classic High-Speed Blender - view 3,2
5066,1279,,https://cdn.shopnorth.example/p/1279/4.jpg,Nimbus Tech Classic High-Speed Blender - view 4,3
5067,1280,,https://cdn.shopnorth.example/p/1280/1.jpg,Cinder Premium Cat Tree - view 1,0
5068,1281,,https://cdn.shopnorth.example/p/1281/1.jpg,Alder & Pine Max Wide Leg Trousers - view 1,0
5069,1281,5765,https://cdn.shopnorth.example/p/1281/sand.jpg,Alder & Pine Max Wide Leg Trousers in Sand,11
5070,1281,5770,https://cdn.shopnorth.example/p/1281/black.jpg,Alder & Pine Max Wide Leg Trousers in Black,12
5071,1282,,https://cdn.shopnorth.example/p/1282/1.jpg,PawPal Pro Oxford Shirt - view 1,0
5072,1282,,https://cdn.shopnorth.example/p/1282/2.jpg,PawPal Pro Oxford Shirt - view 2,1
5073,1282,5775,https://cdn.shopnorth.example/p/1282/black.jpg,PawPal Pro Oxford Shirt in Black,11
5074,1282,5780,https://cdn.shopnorth.example/p/1282/white.jpg,PawPal Pro Oxford Shirt in White,12
5075,1282,5786,https://cdn.shopnorth.example/p/1282/sand.jpg,PawPal Pro Oxford Shirt in Sand,13
5076,1283,,https://cdn.shopnorth.example/p/1283/1.jpg,Wren & Co. Signature Cushioned Running Shoe - view 1,0
5077,1283,5791,https://cdn.shopnorth.example/p/1283/navy.jpg,Wren & Co. Signature Cushioned Running Shoe in Navy,11
5078,1283,5798,https://cdn.shopnorth.example/p/1283/burgundy.jpg,Wren & Co. Signature Cushioned Running Shoe in Burgundy,12
5079,1284,,https://cdn.shopnorth.example/p/1284/1.jpg,Everkind Essential Hair Oil - view 1,0
5080,1284,,https://cdn.shopnorth.example/p/1284/2.jpg,Everkind Essential Hair Oil - view 2,1
5081,1284,,https://cdn.shopnorth.example/p/1284/3.jpg,Everkind Essential Hair Oil - view 3,2
5082,1285,,https://cdn.shopnorth.example/p/1285/1.jpg,Oakridge Studio Flip Flop - view 1,0
5083,1285,,https://cdn.shopnorth.example/p/1285/2.jpg,Oakridge Studio Flip Flop - view 2,1
5084,1285,,https://cdn.shopnorth.example/p/1285/3.jpg,Oakridge Studio Flip Flop - view 3,2
5085,1285,,https://cdn.shopnorth.example/p/1285/4.jpg,Oakridge Studio Flip Flop - view 4,3
5086,1285,5806,https://cdn.shopnorth.example/p/1285/white.jpg,Oakridge Studio Flip Flop in White,11
5087,1286,,https://cdn.shopnorth.example/p/1286/1.jpg,Cobalt Audio Heritage Sleeping Bag - view 1,0
5088,1287,,https://cdn.shopnorth.example/p/1287/1.jpg,Trailhead Eco Screen Protector 2-Pack - view 1,0
5089,1287,,https://cdn.shopnorth.example/p/1287/2.jpg,Trailhead Eco Screen Protector 2-Pack - view 2,1
5090,1287,,https://cdn.shopnorth.example/p/1287/3.jpg,Trailhead Eco Screen Protector 2-Pack - view 3,2
5091,1287,5814,https://cdn.shopnorth.example/p/1287/heather-gray.jpg,Trailhead Eco Screen Protector 2-Pack in Heather Gray,11
5092,1287,5815,https://cdn.shopnorth.example/p/1287/sand.jpg,Trailhead Eco Screen Protector 2-Pack in Sand,12
5093,1287,5816,https://cdn.shopnorth.example/p/1287/sky-blue.jpg,Trailhead Eco Screen Protector 2-Pack in Sky Blue,13
5094,1288,,https://cdn.shopnorth.example/p/1288/1.jpg,Ironbark Max Linen Duvet Cover - view 1,0
5095,1289,,https://cdn.shopnorth.example/p/1289/1.jpg,Birchwood Pro Denim Jacket - view 1,0
5096,1289,,https://cdn.shopnorth.example/p/1289/2.jpg,Birchwood Pro Denim Jacket - view 2,1
5097,1289,,https://cdn.shopnorth.example/p/1289/3.jpg,Birchwood Pro Denim Jacket - view 3,2
5098,1289,5821,https://cdn.shopnorth.example/p/1289/olive.jpg,Birchwood Pro Denim Jacket in Olive,11
5099,1289,5826,https://cdn.shopnorth.example/p/1289/sand.jpg,Birchwood Pro Denim Jacket in Sand,12
5100,1290,,https://cdn.shopnorth.example/p/1290/1.jpg,Saltwater Classic Bike Helmet - view 1,0
5101,1290,,https://cdn.shopnorth.example/p/1290/2.jpg,Saltwater Classic Bike Helmet - view 2,1
5102,1291,,https://cdn.shopnorth.example/p/1291/1.jpg,Quill Heritage Stand Mixer - view 1,0
5103,1291,,https://cdn.shopnorth.example/p/1291/2.jpg,Quill Heritage Stand Mixer - view 2,1
5104,1291,,https://cdn.shopnorth.example/p/1291/3.jpg,Quill Heritage Stand Mixer - view 3,2
5105,1291,,https://cdn.shopnorth.example/p/1291/4.jpg,Quill Heritage Stand Mixer - view 4,3
5106,1292,,https://cdn.shopnorth.example/p/1292/1.jpg,Kinfolk Kitchen Eco LED Bike Light Set - view 1,0
5107,1293,,https://cdn.shopnorth.example/p/1293/1.jpg,Summit Supply Ultra Crew Neck T-Shirt - view 1,0
5108,1293,,https://cdn.shopnorth.example/p/1293/2.jpg,Summit Supply Ultra Crew Neck T-Shirt - view 2,1
5109,1293,5834,https://cdn.shopnorth.example/p/1293/forest-green.jpg,Summit Supply Ultra Crew Neck T-Shirt in Forest Green,11
5110,1293,5839,https://cdn.shopnorth.example/p/1293/burgundy.jpg,Summit Supply Ultra Crew Neck T-Shirt in Burgundy,12
5111,1293,5845,https://cdn.shopnorth.example/p/1293/white.jpg,Summit Supply Ultra Crew Neck T-Shirt in White,13
5112,1293,5851,https://cdn.shopnorth.example/p/1293/navy.jpg,Summit Supply Ultra Crew Neck T-Shirt in Navy,14
5113,1294,,https://cdn.shopnorth.example/p/1294/1.jpg,Juniper Lane Heritage Retinol Night Cream - view 1,0
5114,1295,,https://cdn.shopnorth.example/p/1295/1.jpg,Nimbus Tech Compact Memory Foam Pillow - view 1,0
5115,1295,,https://cdn.shopnorth.example/p/1295/2.jpg,Nimbus Tech Compact Memory Foam Pillow - view 2,1
5116,1296,,https://cdn.shopnorth.example/p/1296/1.jpg,Urban Nomad Premium Orthopedic Dog Bed - view 1,0
5117,1297,,https://cdn.shopnorth.example/p/1297/1.jpg,Lumora Premium Camping Lantern - view 1,0
5118,1297,,https://cdn.shopnorth.example/p/1297/2.jpg,Lumora Premium Camping Lantern - view 2,1
5119,1297,,https://cdn.shopnorth.example/p/1297/3.jpg,Lumora Premium Camping Lantern - view 3,2
5120,1298,,https://cdn.shopnorth.example/p/1298/1.jpg,Fernway Premium V-Neck Tee - view 1,0
5121,1298,5863,https://cdn.shopnorth.example/p/1298/blush.jpg,Fernway Premium V-Neck Tee in Blush,11
5122,1298,5868,https://cdn.shopnorth.example/p/1298/burgundy.jpg,Fernway Premium V-Neck Tee in Burgundy,12
5123,1299,,https://cdn.shopnorth.example/p/1299/1.jpg,Alder & Pine Lightweight Cropped Sweater - view 1,0
5124,1299,5874,https://cdn.shopnorth.example/p/1299/olive.jpg,Alder & Pine Lightweight Cropped Sweater in Olive,11
5125,1299,5880,https://cdn.shopnorth.example/p/1299/white.jpg,Alder & Pine Lightweight Cropped Sweater in White,12
5126,1299,5886,https://cdn.shopnorth.example/p/1299/black.jpg,Alder & Pine Lightweight Cropped Sweater in Black,13
5127,1299,5892,https://cdn.shopnorth.example/p/1299/forest-green.jpg,Alder & Pine Lightweight Cropped Sweater in Forest Green,14
5128,1300,,https://cdn.shopnorth.example/p/1300/1.jpg,Rove Essential Oxford Shirt - view 1,0
5129,1300,,https://cdn.shopnorth.example/p/1300/2.jpg,Rove Essential Oxford Shirt - view 2,1
5130,1300,,https://cdn.shopnorth.example/p/1300/3.jpg,Rove Essential Oxford Shirt - view 3,2
5131,1300,5897,https://cdn.shopnorth.example/p/1300/black.jpg,Rove Essential Oxford Shirt in Black,11
5132,1300,5902,https://cdn.shopnorth.example/p/1300/navy.jpg,Rove Essential Oxford Shirt in Navy,12
5133,1300,5907,https://cdn.shopnorth.example/p/1300/heather-gray.jpg,Rove Essential Oxford Shirt in Heather Gray,13
5134,1301,,https://cdn.shopnorth.example/p/1301/1.jpg,Alder & Pine Studio Sport Sandal - view 1,0
5135,1301,,https://cdn.shopnorth.example/p/1301/2.jpg,Alder & Pine Studio Sport Sandal - view 2,1
5136,1301,5913,https://cdn.shopnorth.example/p/1301/blush.jpg,Alder & Pine Studio Sport Sandal in Blush,11
5137,1302,,https://cdn.shopnorth.example/p/1302/1.jpg,Kinfolk Kitchen Pro Vitamin C Serum - view 1,0
5138,1302,,https://cdn.shopnorth.example/p/1302/2.jpg,Kinfolk Kitchen Pro Vitamin C Serum - view 2,1
5139,1302,,https://cdn.shopnorth.example/p/1302/3.jpg,Kinfolk Kitchen Pro Vitamin C Serum - view 3,2
5140,1302,,https://cdn.shopnorth.example/p/1302/4.jpg,Kinfolk Kitchen Pro Vitamin C Serum - view 4,3
5141,1303,,https://cdn.shopnorth.example/p/1303/1.jpg,Halcyon Home Everyday Wool Coat - view 1,0
5142,1303,,https://cdn.shopnorth.example/p/1303/2.jpg,Halcyon Home Everyday Wool Coat - view 2,1
5143,1303,,https://cdn.shopnorth.example/p/1303/3.jpg,Halcyon Home Everyday Wool Coat - view 3,2
5144,1303,,https://cdn.shopnorth.example/p/1303/4.jpg,Halcyon Home Everyday Wool Coat - view 4,3
5145,1303,,https://cdn.shopnorth.example/p/1303/5.jpg,Halcyon Home Everyday Wool Coat - view 5,4
5146,1303,5921,https://cdn.shopnorth.example/p/1303/blush.jpg,Halcyon Home Everyday Wool Coat in Blush,11
5147,1304,,https://cdn.shopnorth.example/p/1304/1.jpg,Juniper Lane Max Instant Camera - view 1,0
5148,1304,,https://cdn.shopnorth.example/p/1304/2.jpg,Juniper Lane Max Instant Camera - view 2,1
5149,1304,5926,https://cdn.shopnorth.example/p/1304/olive.jpg,Juniper Lane Max Instant Camera in Olive,11
5150,1304,5927,https://cdn.shopnorth.example/p/1304/forest-green.jpg,Juniper Lane Max Instant Camera in Forest Green,12
5151,1304,5928,https://cdn.shopnorth.example/p/1304/sky-blue.jpg,Juniper Lane Max Instant Camera in Sky Blue,13
5152,1304,5929,https://cdn.shopnorth.example/p/1304/black.jpg,Juniper Lane Max Instant Camera in Black,14
5153,1305,,https://cdn.shopnorth.example/p/1305/1.jpg,Voltix Compact Area Rug - view 1,0
5154,1306,,https://cdn.shopnorth.example/p/1306/1.jpg,Northwind Pro Smart Bulb 4-Pack - view 1,0
5155,1306,,https://cdn.shopnorth.example/p/1306/2.jpg,Northwind Pro Smart Bulb 4-Pack - view 2,1
5156,1307,,https://cdn.shopnorth.example/p/1307/1.jpg,Ember & Oak Classic Smart Bulb 4-Pack - view 1,0
5157,1307,,https://cdn.shopnorth.example/p/1307/2.jpg,Ember & Oak Classic Smart Bulb 4-Pack - view 2,1
5158,1307,,https://cdn.shopnorth.example/p/1307/3.jpg,Ember & Oak Classic Smart Bulb 4-Pack - view 3,2
5159,1307,,https://cdn.shopnorth.example/p/1307/4.jpg,Ember & Oak Classic Smart Bulb 4-Pack - view 4,3
5160,1307,,https://cdn.shopnorth.example/p/1307/5.jpg,Ember & Oak Classic Smart Bulb 4-Pack - view 5,4
5161,1307,5932,https://cdn.shopnorth.example/p/1307/heather-gray.jpg,Ember & Oak Classic Smart Bulb 4-Pack in Heather Gray,11
5162,1307,5933,https://cdn.shopnorth.example/p/1307/forest-green.jpg,Ember & Oak Classic Smart Bulb 4-Pack in Forest Green,12
5163,1307,5934,https://cdn.shopnorth.example/p/1307/charcoal.jpg,Ember & Oak Classic Smart Bulb 4-Pack in Charcoal,13
5164,1308,,https://cdn.shopnorth.example/p/1308/1.jpg,Juniper Lane Premium Folding Camp Chair - view 1,0
5165,1308,,https://cdn.shopnorth.example/p/1308/2.jpg,Juniper Lane Premium Folding Camp Chair - view 2,1
5166,1308,,https://cdn.shopnorth.example/p/1308/3.jpg,Juniper Lane Premium Folding Camp Chair - view 3,2
5167,1308,,https://cdn.shopnorth.example/p/1308/4.jpg,Juniper Lane Premium Folding Camp Chair - view 4,3
5168,1308,,https://cdn.shopnorth.example/p/1308/5.jpg,Juniper Lane Premium Folding Camp Chair - view 5,4
5169,1309,,https://cdn.shopnorth.example/p/1309/1.jpg,Pulse Fitness Heritage Feather Wand Toy - view 1,0
5170,1309,,https://cdn.shopnorth.example/p/1309/2.jpg,Pulse Fitness Heritage Feather Wand Toy - view 2,1
5171,1309,,https://cdn.shopnorth.example/p/1309/3.jpg,Pulse Fitness Heritage Feather Wand Toy - view 3,2
5172,1309,,https://cdn.shopnorth.example/p/1309/4.jpg,Pulse Fitness Heritage Feather Wand Toy - view 4,3
5173,1309,,https://cdn.shopnorth.example/p/1309/5.jpg,Pulse Fitness Heritage Feather Wand Toy - view 5,4
5174,1310,,https://cdn.shopnorth.example/p/1310/1.jpg,Tidewater Signature Family Trivia Game - view 1,0
5175,1311,,https://cdn.shopnorth.example/p/1311/1.jpg,Ironbark Eco Wireless Charger - view 1,0
5176,1311,5938,https://cdn.shopnorth.example/p/1311/blush.jpg,Ironbark Eco Wireless Charger in Blush,11
5177,1311,5939,https://cdn.shopnorth.example/p/1311/charcoal.jpg,Ironbark Eco Wireless Charger in Charcoal,12
5178,1311,5940,https://cdn.shopnorth.example/p/1311/black.jpg,Ironbark Eco Wireless Charger in Black,13
5179,1312,,https://cdn.shopnorth.example/p/1312/1.jpg,Apex Motion Essential Drawer Organizer - view 1,0
5180,1312,,https://cdn.shopnorth.example/p/1312/2.jpg,Apex Motion Essential Drawer Organizer - view 2,1
5181,1312,,https://cdn.shopnorth.example/p/1312/3.jpg,Apex Motion Essential Drawer Organizer - view 3,2
5182,1313,,https://cdn.shopnorth.example/p/1313/1.jpg,Luxe Botanica Heritage Rain Shell - view 1,0
5183,1313,,https://cdn.shopnorth.example/p/1313/2.jpg,Luxe Botanica Heritage Rain Shell - view 2,1
5184,1313,,https://cdn.shopnorth.example/p/1313/3.jpg,Luxe Botanica Heritage Rain Shell - view 3,2
5185,1313,,https://cdn.shopnorth.example/p/1313/4.jpg,Luxe Botanica Heritage Rain Shell - view 4,3
5186,1313,5942,https://cdn.shopnorth.example/p/1313/charcoal.jpg,Luxe Botanica Heritage Rain Shell in Charcoal,11
5187,1313,5948,https://cdn.shopnorth.example/p/1313/blush.jpg,Luxe Botanica Heritage Rain Shell in Blush,12
5188,1313,5953,https://cdn.shopnorth.example/p/1313/white.jpg,Luxe Botanica Heritage Rain Shell in White,13
5189,1313,5959,https://cdn.shopnorth.example/p/1313/sand.jpg,Luxe Botanica Heritage Rain Shell in Sand,14
5190,1314,,https://cdn.shopnorth.example/p/1314/1.jpg,Arcadia Essential Video Doorbell - view 1,0
5191,1314,,https://cdn.shopnorth.example/p/1314/2.jpg,Arcadia Essential Video Doorbell - view 2,1
5192,1314,,https://cdn.shopnorth.example/p/1314/3.jpg,Arcadia Essential Video Doorbell - view 3,2
5193,1314,,https://cdn.shopnorth.example/p/1314/4.jpg,Arcadia Essential Video Doorbell - view 4,3
5194,1314,5964,https://cdn.shopnorth.example/p/1314/olive.jpg,Arcadia Essential Video Doorbell in Olive,11
5195,1314,5965,https://cdn.shopnorth.example/p/1314/navy.jpg,Arcadia Essential Video Doorbell in Navy,12
5196,1315,,https://cdn.shopnorth.example/p/1315/1.jpg,Mosaic Kids Studio Tumbler 20oz - view 1,0
5197,1315,,https://cdn.shopnorth.example/p/1315/2.jpg,Mosaic Kids Studio Tumbler 20oz - view 2,1
5198,1315,,https://cdn.shopnorth.example/p/1315/3.jpg,Mosaic Kids Studio Tumbler 20oz - view 3,2
5199,1315,,https://cdn.shopnorth.example/p/1315/4.jpg,Mosaic Kids Studio Tumbler 20oz - view 4,3
5200,1315,,https://cdn.shopnorth.example/p/1315/5.jpg,Mosaic Kids Studio Tumbler 20oz - view 5,4
5201,1315,5966,https://cdn.shopnorth.example/p/1315/sand.jpg,Mosaic Kids Studio Tumbler 20oz in Sand,11
5202,1315,5967,https://cdn.shopnorth.example/p/1315/blush.jpg,Mosaic Kids Studio Tumbler 20oz in Blush,12
5203,1316,,https://cdn.shopnorth.example/p/1316/1.jpg,Urban Nomad Premium Retinol Night Cream - view 1,0
5204,1317,,https://cdn.shopnorth.example/p/1317/1.jpg,Summit Supply Pro Magnetic Tiles - view 1,0
5205,1317,,https://cdn.shopnorth.example/p/1317/2.jpg,Summit Supply Pro Magnetic Tiles - view 2,1
5206,1317,,https://cdn.shopnorth.example/p/1317/3.jpg,Summit Supply Pro Magnetic Tiles - view 3,2
5207,1317,,https://cdn.shopnorth.example/p/1317/4.jpg,Summit Supply Pro Magnetic Tiles - view 4,3
5208,1318,,https://cdn.shopnorth.example/p/1318/1.jpg,Alder & Pine Classic Chino Pants - view 1,0
5209,1318,,https://cdn.shopnorth.example/p/1318/2.jpg,Alder & Pine Classic Chino Pants - view 2,1
5210,1318,,https://cdn.shopnorth.example/p/1318/3.jpg,Alder & Pine Classic Chino Pants - view 3,2
5211,1318,,https://cdn.shopnorth.example/p/1318/4.jpg,Alder & Pine Classic Chino Pants - view 4,3
5212,1318,,https://cdn.shopnorth.example/p/1318/5.jpg,Alder & Pine Classic Chino Pants - view 5,4
5213,1318,5970,https://cdn.shopnorth.example/p/1318/black.jpg,Alder & Pine Classic Chino Pants in Black,11
5214,1318,5976,https://cdn.shopnorth.example/p/1318/navy.jpg,Alder & Pine Classic Chino Pants in Navy,12
5215,1318,5981,https://cdn.shopnorth.example/p/1318/olive.jpg,Alder & Pine Classic Chino Pants in Olive,13
5216,1318,5986,https://cdn.shopnorth.example/p/1318/white.jpg,Alder & Pine Classic Chino Pants in White,14
5217,1319,,https://cdn.shopnorth.example/p/1319/1.jpg,Fernway Premium Oversized Hoodie - view 1,0
5218,1319,,https://cdn.shopnorth.example/p/1319/2.jpg,Fernway Premium Oversized Hoodie - view 2,1
5219,1319,,https://cdn.shopnorth.example/p/1319/3.jpg,Fernway Premium Oversized Hoodie - view 3,2
5220,1319,,https://cdn.shopnorth.example/p/1319/4.jpg,Fernway Premium Oversized Hoodie - view 4,3
5221,1319,,https://cdn.shopnorth.example/p/1319/5.jpg,Fernway Premium Oversized Hoodie - view 5,4
5222,1319,5992,https://cdn.shopnorth.example/p/1319/olive.jpg,Fernway Premium Oversized Hoodie in Olive,11
5223,1319,5998,https://cdn.shopnorth.example/p/1319/navy.jpg,Fernway Premium Oversized Hoodie in Navy,12
5224,1320,,https://cdn.shopnorth.example/p/1320/1.jpg,Summit Supply Ultra Over-Ear Headphones - view 1,0
5225,1320,,https://cdn.shopnorth.example/p/1320/2.jpg,Summit Supply Ultra Over-Ear Headphones - view 2,1
5226,1320,6004,https://cdn.shopnorth.example/p/1320/sand.jpg,Summit Supply Ultra Over-Ear Headphones in Sand,11
5227,1320,6005,https://cdn.shopnorth.example/p/1320/white.jpg,Summit Supply Ultra Over-Ear Headphones in White,12
5228,1320,6006,https://cdn.shopnorth.example/p/1320/olive.jpg,Summit Supply Ultra Over-Ear Headphones in Olive,13
5229,1320,6007,https://cdn.shopnorth.example/p/1320/navy.jpg,Summit Supply Ultra Over-Ear Headphones in Navy,14
5230,1321,,https://cdn.shopnorth.example/p/1321/1.jpg,Urban Nomad Pro Smart Plug - view 1,0
5231,1321,,https://cdn.shopnorth.example/p/1321/2.jpg,Urban Nomad Pro Smart Plug - view 2,1
5232,1321,,https://cdn.shopnorth.example/p/1321/3.jpg,Urban Nomad Pro Smart Plug - view 3,2
5233,1321,,https://cdn.shopnorth.example/p/1321/4.jpg,Urban Nomad Pro Smart Plug - view 4,3
5234,1321,6008,https://cdn.shopnorth.example/p/1321/olive.jpg,Urban Nomad Pro Smart Plug in Olive,11
5235,1321,6009,https://cdn.shopnorth.example/p/1321/burgundy.jpg,Urban Nomad Pro Smart Plug in Burgundy,12
5236,1321,6010,https://cdn.shopnorth.example/p/1321/forest-green.jpg,Urban Nomad Pro Smart Plug in Forest Green,13
5237,1321,6011,https://cdn.shopnorth.example/p/1321/heather-gray.jpg,Urban Nomad Pro Smart Plug in Heather Gray,14
5238,1322,,https://cdn.shopnorth.example/p/1322/1.jpg,Rove Pro Chew Toy - view 1,0
5239,1322,,https://cdn.shopnorth.example/p/1322/2.jpg,Rove Pro Chew Toy - view 2,1
5240,1322,,https://cdn.shopnorth.example/p/1322/3.jpg,Rove Pro Chew Toy - view 3,2
5241,1322,,https://cdn.shopnorth.example/p/1322/4.jpg,Rove Pro Chew Toy - view 4,3
5242,1322,,https://cdn.shopnorth.example/p/1322/5.jpg,Rove Pro Chew Toy - view 5,4
5243,1323,,https://cdn.shopnorth.example/p/1323/1.jpg,Kestrel Essential Body Mist - view 1,0
5244,1323,,https://cdn.shopnorth.example/p/1323/2.jpg,Kestrel Essential Body Mist - view 2,1
5245,1323,,https://cdn.shopnorth.example/p/1323/3.jpg,Kestrel Essential Body Mist - view 3,2
5246,1324,,https://cdn.shopnorth.example/p/1324/1.jpg,Pulse Fitness Signature Building Block Set - view 1,0
5247,1325,,https://cdn.shopnorth.example/p/1325/1.jpg,Ironbark Signature Vitamin C Serum - view 1,0
5248,1325,,https://cdn.shopnorth.example/p/1325/2.jpg,Ironbark Signature Vitamin C Serum - view 2,1
5249,1325,,https://cdn.shopnorth.example/p/1325/3.jpg,Ironbark Signature Vitamin C Serum - view 3,2
5250,1325,,https://cdn.shopnorth.example/p/1325/4.jpg,Ironbark Signature Vitamin C Serum - view 4,3
5251,1326,,https://cdn.shopnorth.example/p/1326/1.jpg,Glowbar Compact Cushioned Running Shoe - view 1,0
5252,1326,,https://cdn.shopnorth.example/p/1326/2.jpg,Glowbar Compact Cushioned Running Shoe - view 2,1
5253,1326,6016,https://cdn.shopnorth.example/p/1326/olive.jpg,Glowbar Compact Cushioned Running Shoe in Olive,11
5254,1326,6023,https://cdn.shopnorth.example/p/1326/burgundy.jpg,Glowbar Compact Cushioned Running Shoe in Burgundy,12
5255,1327,,https://cdn.shopnorth.example/p/1327/1.jpg,Solstice Ultra Over-Door Rack - view 1,0
5256,1328,,https://cdn.shopnorth.example/p/1328/1.jpg,Northwind Signature Electric Kettle - view 1,0
5257,1328,,https://cdn.shopnorth.example/p/1328/2.jpg,Northwind Signature Electric Kettle - view 2,1
5258,1328,,https://cdn.shopnorth.example/p/1328/3.jpg,Northwind Signature Electric Kettle - view 3,2
5259,1328,,https://cdn.shopnorth.example/p/1328/4.jpg,Northwind Signature Electric Kettle - view 4,3
5260,1328,,https://cdn.shopnorth.example/p/1328/5.jpg,Northwind Signature Electric Kettle - view 5,4
5261,1329,,https://cdn.shopnorth.example/p/1329/1.jpg,Marlowe Compact Kids Scooter - view 1,0
5262,1329,,https://cdn.shopnorth.example/p/1329/2.jpg,Marlowe Compact Kids Scooter - view 2,1
5263,1329,,https://cdn.shopnorth.example/p/1329/3.jpg,Marlowe Compact Kids Scooter - view 3,2
5264,1329,,https://cdn.shopnorth.example/p/1329/4.jpg,Marlowe Compact Kids Scooter - view 4,3
5265,1329,,https://cdn.shopnorth.example/p/1329/5.jpg,Marlowe Compact Kids Scooter - view 5,4
5266,1330,,https://cdn.shopnorth.example/p/1330/1.jpg,Tidewater Eco Kettlebell - view 1,0
5267,1330,,https://cdn.shopnorth.example/p/1330/2.jpg,Tidewater Eco Kettlebell - view 2,1
5268,1330,,https://cdn.shopnorth.example/p/1330/3.jpg,Tidewater Eco Kettlebell - view 3,2
5269,1330,,https://cdn.shopnorth.example/p/1330/4.jpg,Tidewater Eco Kettlebell - view 4,3
5270,1330,,https://cdn.shopnorth.example/p/1330/5.jpg,Tidewater Eco Kettlebell - view 5,4
5271,1331,,https://cdn.shopnorth.example/p/1331/1.jpg,Arcadia Lightweight Brow Pencil - view 1,0
5272,1331,,https://cdn.shopnorth.example/p/1331/2.jpg,Arcadia Lightweight Brow Pencil - view 2,1
5273,1332,,https://cdn.shopnorth.example/p/1332/1.jpg,Seaside Skin Lightweight Joggers - view 1,0
5274,1332,,https://cdn.shopnorth.example/p/1332/2.jpg,Seaside Skin Lightweight Joggers - view 2,1
5275,1332,,https://cdn.shopnorth.example/p/1332/3.jpg,Seaside Skin Lightweight Joggers - view 3,2
5276,1332,,https://cdn.shopnorth.example/p/1332/4.jpg,Seaside Skin Lightweight Joggers - view 4,3
5277,1332,6035,https://cdn.shopnorth.example/p/1332/sand.jpg,Seaside Skin Lightweight Joggers in Sand,11
5278,1332,6041,https://cdn.shopnorth.example/p/1332/white.jpg,Seaside Skin Lightweight Joggers in White,12
5279,1332,6047,https://cdn.shopnorth.example/p/1332/black.jpg,Seaside Skin Lightweight Joggers in Black,13
5280,1332,6052,https://cdn.shopnorth.example/p/1332/sky-blue.jpg,Seaside Skin Lightweight Joggers in Sky Blue,14
5281,1333,,https://cdn.shopnorth.example/p/1333/1.jpg,Lumora Essential High-Speed Blender - view 1,0
5282,1333,,https://cdn.shopnorth.example/p/1333/2.jpg,Lumora Essential High-Speed Blender - view 2,1
5283,1333,,https://cdn.shopnorth.example/p/1333/3.jpg,Lumora Essential High-Speed Blender - view 3,2
5284,1334,,https://cdn.shopnorth.example/p/1334/1.jpg,Marlowe Classic High-Speed Blender - view 1,0
5285,1335,,https://cdn.shopnorth.example/p/1335/1.jpg,Voltix Premium Orthopedic Dog Bed - view 1,0
5286,1336,,https://cdn.shopnorth.example/p/1336/1.jpg,Fable Toys Eco MagSafe Phone Case - view 1,0
5287,1336,,https://cdn.shopnorth.example/p/1336/2.jpg,Fable Toys Eco MagSafe Phone Case - view 2,1
5288,1336,,https://cdn.shopnorth.example/p/1336/3.jpg,Fable Toys Eco MagSafe Phone Case - view 3,2
5289,1336,6060,https://cdn.shopnorth.example/p/1336/black.jpg,Fable Toys Eco MagSafe Phone Case in Black,11
5290,1336,6061,https://cdn.shopnorth.example/p/1336/charcoal.jpg,Fable Toys Eco MagSafe Phone Case in Charcoal,12
5291,1337,,https://cdn.shopnorth.example/p/1337/1.jpg,Cinder Pro LED Bike Light Set - view 1,0
5292,1337,,https://cdn.shopnorth.example/p/1337/2.jpg,Cinder Pro LED Bike Light Set - view 2,1
5293,1338,,https://cdn.shopnorth.example/p/1338/1.jpg,Everkind Classic Insulated Water Bottle 32oz - view 1,0
5294,1338,,https://cdn.shopnorth.example/p/1338/2.jpg,Everkind Classic Insulated Water Bottle 32oz - view 2,1
5295,1338,,https://cdn.shopnorth.example/p/1338/3.jpg,Everkind Classic Insulated Water Bottle 32oz - view 3,2
5296,1338,6063,https://cdn.shopnorth.example/p/1338/forest-green.jpg,Everkind Classic Insulated Water Bottle 32oz in Forest Green,11
5297,1338,6064,https://cdn.shopnorth.example/p/1338/navy.jpg,Everkind Classic Insulated Water Bottle 32oz in Navy,12
5298,1338,6065,https://cdn.shopnorth.example/p/1338/black.jpg,Everkind Classic Insulated Water Bottle 32oz in Black,13
5299,1338,6066,https://cdn.shopnorth.example/p/1338/heather-gray.jpg,Everkind Classic Insulated Water Bottle 32oz in Heather Gray,14
5300,1339,,https://cdn.shopnorth.example/p/1339/1.jpg,Quill Heritage Magnetic Tiles - view 1,0
5301,1339,,https://cdn.shopnorth.example/p/1339/2.jpg,Quill Heritage Magnetic Tiles - view 2,1
5302,1340,,https://cdn.shopnorth.example/p/1340/1.jpg,Fernway Signature Throw Blanket - view 1,0
5303,1340,,https://cdn.shopnorth.example/p/1340/2.jpg,Fernway Signature Throw Blanket - view 2,1
5304,1341,,https://cdn.shopnorth.example/p/1341/1.jpg,Urban Nomad Classic High-Speed Blender - view 1,0
5305,1341,,https://cdn.shopnorth.example/p/1341/2.jpg,Urban Nomad Classic High-Speed Blender - view 2,1
5306,1341,,https://cdn.shopnorth.example/p/1341/3.jpg,Urban Nomad Classic High-Speed Blender - view 3,2
5307,1341,,https://cdn.shopnorth.example/p/1341/4.jpg,Urban Nomad Classic High-Speed Blender - view 4,3
5308,1341,,https://cdn.shopnorth.example/p/1341/5.jpg,Urban Nomad Classic High-Speed Blender - view 5,4
5309,1342,,https://cdn.shopnorth.example/p/1342/1.jpg,Rove Eco Fleece Jacket - view 1,0
5310,1342,,https://cdn.shopnorth.example/p/1342/2.jpg,Rove Eco Fleece Jacket - view 2,1
5311,1342,,https://cdn.shopnorth.example/p/1342/3.jpg,Rove Eco Fleece Jacket - view 3,2
5312,1342,6070,https://cdn.shopnorth.example/p/1342/sky-blue.jpg,Rove Eco Fleece Jacket in Sky Blue,11
5313,1342,6075,https://cdn.shopnorth.example/p/1342/black.jpg,Rove Eco Fleece Jacket in Black,12
5314,1342,6080,https://cdn.shopnorth.example/p/1342/navy.jpg,Rove Eco Fleece Jacket in Navy,13
5315,1343,,https://cdn.shopnorth.example/p/1343/1.jpg,Fable Toys Essential Stackable Bins - view 1,0
5316,1343,,https://cdn.shopnorth.example/p/1343/2.jpg,Fable Toys Essential Stackable Bins - view 2,1
5317,1343,,https://cdn.shopnorth.example/p/1343/3.jpg,Fable Toys Essential Stackable Bins - view 3,2
5318,1344,,https://cdn.shopnorth.example/p/1344/1.jpg,Fernway Max 2-in-1 Convertible Laptop - view 1,0
5319,1344,,https://cdn.shopnorth.example/p/1344/2.jpg,Fernway Max 2-in-1 Convertible Laptop - view 2,1
5320,1344,,https://cdn.shopnorth.example/p/1344/3.jpg,Fernway Max 2-in-1 Convertible Laptop - view 3,2
5321,1344,,https://cdn.shopnorth.example/p/1344/4.jpg,Fernway Max 2-in-1 Convertible Laptop - view 4,3
5322,1344,,https://cdn.shopnorth.example/p/1344/5.jpg,Fernway Max 2-in-1 Convertible Laptop - view 5,4
5323,1344,6087,https://cdn.shopnorth.example/p/1344/space-gray.jpg,Fernway Max 2-in-1 Convertible Laptop in Space Gray,11
5324,1344,6088,https://cdn.shopnorth.example/p/1344/silver.jpg,Fernway Max 2-in-1 Convertible Laptop in Silver,12
5325,1345,,https://cdn.shopnorth.example/p/1345/1.jpg,Cinder Max Yoga Mat - view 1,0
5326,1345,,https://cdn.shopnorth.example/p/1345/2.jpg,Cinder Max Yoga Mat - view 2,1
5327,1345,,https://cdn.shopnorth.example/p/1345/3.jpg,Cinder Max Yoga Mat - view 3,2
5328,1345,,https://cdn.shopnorth.example/p/1345/4.jpg,Cinder Max Yoga Mat - view 4,3
5329,1345,,https://cdn.shopnorth.example/p/1345/5.jpg,Cinder Max Yoga Mat - view 5,4
5330,1346,,https://cdn.shopnorth.example/p/1346/1.jpg,Glowbar Everyday Folding Camp Chair - view 1,0
5331,1347,,https://cdn.shopnorth.example/p/1347/1.jpg,Luxe Botanica Premium Insulated Water Bottle 32oz - view 1,0
5332,1347,6092,https://cdn.shopnorth.example/p/1347/heather-gray.jpg,Luxe Botanica Premium Insulated Water Bottle 32oz in Heather Gray,11
5333,1347,6093,https://cdn.shopnorth.example/p/1347/white.jpg,Luxe Botanica Premium Insulated Water Bottle 32oz in White,12
5334,1347,6094,https://cdn.shopnorth.example/p/1347/sand.jpg,Luxe Botanica Premium Insulated Water Bottle 32oz in Sand,13
5335,1347,6095,https://cdn.shopnorth.example/p/1347/sky-blue.jpg,Luxe Botanica Premium Insulated Water Bottle 32oz in Sky Blue,14
5336,1348,,https://cdn.shopnorth.example/p/1348/1.jpg,Fernway Max Sheet Pan Set - view 1,0
5337,1348,6096,https://cdn.shopnorth.example/p/1348/burgundy.jpg,Fernway Max Sheet Pan Set in Burgundy,11
5338,1348,6097,https://cdn.shopnorth.example/p/1348/heather-gray.jpg,Fernway Max Sheet Pan Set in Heather Gray,12
5339,1348,6098,https://cdn.shopnorth.example/p/1348/forest-green.jpg,Fernway Max Sheet Pan Set in Forest Green,13
5340,1349,,https://cdn.shopnorth.example/p/1349/1.jpg,Ember & Oak Ultra Self-Cleaning Litter Box - view 1,0
5341,1349,,https://cdn.shopnorth.example/p/1349/2.jpg,Ember & Oak Ultra Self-Cleaning Litter Box - view 2,1
5342,1350,,https://cdn.shopnorth.example/p/1350/1.jpg,Fernway Ultra Ceramic Vase - view 1,0
5343,1350,,https://cdn.shopnorth.example/p/1350/2.jpg,Fernway Ultra Ceramic Vase - view 2,1
5344,1351,,https://cdn.shopnorth.example/p/1351/1.jpg,Alder & Pine Compact Flip Flop - view 1,0
5345,1351,,https://cdn.shopnorth.example/p/1351/2.jpg,Alder & Pine Compact Flip Flop - view 2,1
5346,1351,,https://cdn.shopnorth.example/p/1351/3.jpg,Alder & Pine Compact Flip Flop - view 3,2
5347,1351,,https://cdn.shopnorth.example/p/1351/4.jpg,Alder & Pine Compact Flip Flop - view 4,3
5348,1351,6101,https://cdn.shopnorth.example/p/1351/blush.jpg,Alder & Pine Compact Flip Flop in Blush,11
5349,1352,,https://cdn.shopnorth.example/p/1352/1.jpg,Mosaic Kids Compact Sports Bra - view 1,0
5350,1352,,https://cdn.shopnorth.example/p/1352/2.jpg,Mosaic Kids Compact Sports Bra - view 2,1
5351,1352,,https://cdn.shopnorth.example/p/1352/3.jpg,Mosaic Kids Compact Sports Bra - view 3,2
5352,1352,,https://cdn.shopnorth.example/p/1352/4.jpg,Mosaic Kids Compact Sports Bra - view 4,3
5353,1352,6108,https://cdn.shopnorth.example/p/1352/blush.jpg,Mosaic Kids Compact Sports Bra in Blush,11
5354,1352,6114,https://cdn.shopnorth.example/p/1352/charcoal.jpg,Mosaic Kids Compact Sports Bra in Charcoal,12
5355,1353,,https://cdn.shopnorth.example/p/1353/1.jpg,Juniper Lane Max Over-Ear Headphones - view 1,0
5356,1353,,https://cdn.shopnorth.example/p/1353/2.jpg,Juniper Lane Max Over-Ear Headphones - view 2,1
5357,1353,,https://cdn.shopnorth.example/p/1353/3.jpg,Juniper Lane Max Over-Ear Headphones - view 3,2
5358,1353,6120,https://cdn.shopnorth.example/p/1353/white.jpg,Juniper Lane Max Over-Ear Headphones in White,11
5359,1353,6121,https://cdn.shopnorth.example/p/1353/sky-blue.jpg,Juniper Lane Max Over-Ear Headphones in Sky Blue,12
5360,1353,6122,https://cdn.shopnorth.example/p/1353/charcoal.jpg,Juniper Lane Max Over-Ear Headphones in Charcoal,13
5361,1353,6123,https://cdn.shopnorth.example/p/1353/heather-gray.jpg,Juniper Lane Max Over-Ear Headphones in Heather Gray,14
5362,1354,,https://cdn.shopnorth.example/p/1354/1.jpg,Arcadia Classic Indoor Security Camera - view 1,0
5363,1354,,https://cdn.shopnorth.example/p/1354/2.jpg,Arcadia Classic Indoor Security Camera - view 2,1
5364,1354,,https://cdn.shopnorth.example/p/1354/3.jpg,Arcadia Classic Indoor Security Camera - view 3,2
5365,1354,,https://cdn.shopnorth.example/p/1354/4.jpg,Arcadia Classic Indoor Security Camera - view 4,3
5366,1354,6124,https://cdn.shopnorth.example/p/1354/sand.jpg,Arcadia Classic Indoor Security Camera in Sand,11
5367,1354,6125,https://cdn.shopnorth.example/p/1354/navy.jpg,Arcadia Classic Indoor Security Camera in Navy,12
5368,1354,6126,https://cdn.shopnorth.example/p/1354/forest-green.jpg,Arcadia Classic Indoor Security Camera in Forest Green,13
5369,1354,6127,https://cdn.shopnorth.example/p/1354/blush.jpg,Arcadia Classic Indoor Security Camera in Blush,14
5370,1355,,https://cdn.shopnorth.example/p/1355/1.jpg,Tidewater Heritage Family Trivia Game - view 1,0
5371,1355,,https://cdn.shopnorth.example/p/1355/2.jpg,Tidewater Heritage Family Trivia Game - view 2,1
5372,1355,,https://cdn.shopnorth.example/p/1355/3.jpg,Tidewater Heritage Family Trivia Game - view 3,2
5373,1355,,https://cdn.shopnorth.example/p/1355/4.jpg,Tidewater Heritage Family Trivia Game - view 4,3
5374,1355,,https://cdn.shopnorth.example/p/1355/5.jpg,Tidewater Heritage Family Trivia Game - view 5,4
5375,1356,,https://cdn.shopnorth.example/p/1356/1.jpg,Cobalt Audio Max Slim Fit Jeans - view 1,0
5376,1356,,https://cdn.shopnorth.example/p/1356/2.jpg,Cobalt Audio Max Slim Fit Jeans - view 2,1
5377,1356,,https://cdn.shopnorth.example/p/1356/3.jpg,Cobalt Audio Max Slim Fit Jeans - view 3,2
5378,1356,6129,https://cdn.shopnorth.example/p/1356/white.jpg,Cobalt Audio Max Slim Fit Jeans in White,11
5379,1356,6135,https://cdn.shopnorth.example/p/1356/sky-blue.jpg,Cobalt Audio Max Slim Fit Jeans in Sky Blue,12
5380,1356,6140,https://cdn.shopnorth.example/p/1356/navy.jpg,Cobalt Audio Max Slim Fit Jeans in Navy,13
5381,1356,6146,https://cdn.shopnorth.example/p/1356/olive.jpg,Cobalt Audio Max Slim Fit Jeans in Olive,14
5382,1357,,https://cdn.shopnorth.example/p/1357/1.jpg,Veloce Compact Slide Sandal - view 1,0
5383,1357,,https://cdn.shopnorth.example/p/1357/2.jpg,Veloce Compact Slide Sandal - view 2,1
5384,1357,,https://cdn.shopnorth.example/p/1357/3.jpg,Veloce Compact Slide Sandal - view 3,2
5385,1357,,https://cdn.shopnorth.example/p/1357/4.jpg,Veloce Compact Slide Sandal - view 4,3
5386,1357,6152,https://cdn.shopnorth.example/p/1357/heather-gray.jpg,Veloce Compact Slide Sandal in Heather Gray,11
5387,1358,,https://cdn.shopnorth.example/p/1358/1.jpg,Pulse Fitness Signature Smart Bulb 4-Pack - view 1,0
5388,1358,,https://cdn.shopnorth.example/p/1358/2.jpg,Pulse Fitness Signature Smart Bulb 4-Pack - view 2,1
5389,1358,,https://cdn.shopnorth.example/p/1358/3.jpg,Pulse Fitness Signature Smart Bulb 4-Pack - view 3,2
5390,1358,,https://cdn.shopnorth.example/p/1358/4.jpg,Pulse Fitness Signature Smart Bulb 4-Pack - view 4,3
5391,1358,,https://cdn.shopnorth.example/p/1358/5.jpg,Pulse Fitness Signature Smart Bulb 4-Pack - view 5,4
5392,1359,,https://cdn.shopnorth.example/p/1359/1.jpg,Arcadia Signature Hydrating Moisturizer - view 1,0
5393,1360,,https://cdn.shopnorth.example/p/1360/1.jpg,Veloce Pro Video Doorbell - view 1,0
5394,1360,,https://cdn.shopnorth.example/p/1360/2.jpg,Veloce Pro Video Doorbell - view 2,1
5395,1360,,https://cdn.shopnorth.example/p/1360/3.jpg,Veloce Pro Video Doorbell - view 3,2
5396,1360,6161,https://cdn.shopnorth.example/p/1360/heather-gray.jpg,Veloce Pro Video Doorbell in Heather Gray,11
5397,1360,6162,https://cdn.shopnorth.example/p/1360/olive.jpg,Veloce Pro Video Doorbell in Olive,12
5398,1360,6163,https://cdn.shopnorth.example/p/1360/forest-green.jpg,Veloce Pro Video Doorbell in Forest Green,13
5399,1361,,https://cdn.shopnorth.example/p/1361/1.jpg,Nimbus Tech Signature Flip Flop - view 1,0
5400,1361,,https://cdn.shopnorth.example/p/1361/2.jpg,Nimbus Tech Signature Flip Flop - view 2,1
5401,1361,6164,https://cdn.shopnorth.example/p/1361/forest-green.jpg,Nimbus Tech Signature Flip Flop in Forest Green,11
5402,1362,,https://cdn.shopnorth.example/p/1362/1.jpg,Kestrel Premium Wide Leg Trousers - view 1,0
5403,1362,,https://cdn.shopnorth.example/p/1362/2.jpg,Kestrel Premium Wide Leg Trousers - view 2,1
5404,1362,,https://cdn.shopnorth.example/p/1362/3.jpg,Kestrel Premium Wide Leg Trousers - view 3,2
5405,1362,,https://cdn.shopnorth.example/p/1362/4.jpg,Kestrel Premium Wide Leg Trousers - view 4,3
5406,1362,6171,https://cdn.shopnorth.example/p/1362/black.jpg,Kestrel Premium Wide Leg Trousers in Black,11
5407,1362,6176,https://cdn.shopnorth.example/p/1362/sand.jpg,Kestrel Premium Wide Leg Trousers in Sand,12
5408,1363,,https://cdn.shopnorth.example/p/1363/1.jpg,Cobalt Audio Max Retinol Night Cream - view 1,0
5409,1364,,https://cdn.shopnorth.example/p/1364/1.jpg,Apex Motion Heritage 2-Person Tent - view 1,0
5410,1364,,https://cdn.shopnorth.example/p/1364/2.jpg,Apex Motion Heritage 2-Person Tent - view 2,1
5411,1364,,https://cdn.shopnorth.example/p/1364/3.jpg,Apex Motion Heritage 2-Person Tent - view 3,2
5412,1364,,https://cdn.shopnorth.example/p/1364/4.jpg,Apex Motion Heritage 2-Person Tent - view 4,3
5413,1365,,https://cdn.shopnorth.example/p/1365/1.jpg,Birchwood Pro Stackable Bins - view 1,0
5414,1365,,https://cdn.shopnorth.example/p/1365/2.jpg,Birchwood Pro Stackable Bins - view 2,1
5415,1365,,https://cdn.shopnorth.example/p/1365/3.jpg,Birchwood Pro Stackable Bins - view 3,2
5416,1366,,https://cdn.shopnorth.example/p/1366/1.jpg,Juniper Lane Lightweight Stackable Bins - view 1,0
5417,1367,,https://cdn.shopnorth.example/p/1367/1.jpg,Rove Premium Electric Kettle - view 1,0
5418,1367,,https://cdn.shopnorth.example/p/1367/2.jpg,Rove Premium Electric Kettle - view 2,1
5419,1367,,https://cdn.shopnorth.example/p/1367/3.jpg,Rove Premium Electric Kettle - view 3,2
5420,1367,,https://cdn.shopnorth.example/p/1367/4.jpg,Rove Premium Electric Kettle - view 4,3
5421,1367,,https://cdn.shopnorth.example/p/1367/5.jpg,Rove Premium Electric Kettle - view 5,4
5422,1368,,https://cdn.shopnorth.example/p/1368/1.jpg,Glowbar Ultra Bike Helmet - view 1,0
5423,1368,,https://cdn.shopnorth.example/p/1368/2.jpg,Glowbar Ultra Bike Helmet - view 2,1
5424,1368,,https://cdn.shopnorth.example/p/1368/3.jpg,Glowbar Ultra Bike Helmet - view 3,2
5425,1368,,https://cdn.shopnorth.example/p/1368/4.jpg,Glowbar Ultra Bike Helmet - view 4,3
5426,1368,,https://cdn.shopnorth.example/p/1368/5.jpg,Glowbar Ultra Bike Helmet - view 5,4
5427,1369,,https://cdn.shopnorth.example/p/1369/1.jpg,Everkind Max 3D Wooden Puzzle - view 1,0
5428,1370,,https://cdn.shopnorth.example/p/1370/1.jpg,Harbor Goods Studio Slide Sandal - view 1,0
5429,1370,,https://cdn.shopnorth.example/p/1370/2.jpg,Harbor Goods Studio Slide Sandal - view 2,1
5430,1370,,https://cdn.shopnorth.example/p/1370/3.jpg,Harbor Goods Studio Slide Sandal - view 3,2
5431,1370,,https://cdn.shopnorth.example/p/1370/4.jpg,Harbor Goods Studio Slide Sandal - view 4,3
5432,1370,6188,https://cdn.shopnorth.example/p/1370/navy.jpg,Harbor Goods Studio Slide Sandal in Navy,11
5433,1370,6195,https://cdn.shopnorth.example/p/1370/sand.jpg,Harbor Goods Studio Slide Sandal in Sand,12
5434,1371,,https://cdn.shopnorth.example/p/1371/1.jpg,Ironbark Heritage Scented Candle - view 1,0
5435,1371,,https://cdn.shopnorth.example/p/1371/2.jpg,Ironbark Heritage Scented Candle - view 2,1
5436,1371,,https://cdn.shopnorth.example/p/1371/3.jpg,Ironbark Heritage Scented Candle - view 3,2
5437,1371,,https://cdn.shopnorth.example/p/1371/4.jpg,Ironbark Heritage Scented Candle - view 4,3
5438,1371,,https://cdn.shopnorth.example/p/1371/5.jpg,Ironbark Heritage Scented Candle - view 5,4
5439,1372,,https://cdn.shopnorth.example/p/1372/1.jpg,Saltwater Compact Down Alternative Comforter - view 1,0
5440,1373,,https://cdn.shopnorth.example/p/1373/1.jpg,Harbor Goods Pro Puffer Jacket - view 1,0
5441,1373,,https://cdn.shopnorth.example/p/1373/2.jpg,Harbor Goods Pro Puffer Jacket - view 2,1
5442,1373,,https://cdn.shopnorth.example/p/1373/3.jpg,Harbor Goods Pro Puffer Jacket - view 3,2
5443,1373,,https://cdn.shopnorth.example/p/1373/4.jpg,Harbor Goods Pro Puffer Jacket - view 4,3
5444,1373,,https://cdn.shopnorth.example/p/1373/5.jpg,Harbor Goods Pro Puffer Jacket - view 5,4
5445,1373,6207,https://cdn.shopnorth.example/p/1373/blush.jpg,Harbor Goods Pro Puffer Jacket in Blush,11
5446,1374,,https://cdn.shopnorth.example/p/1374/1.jpg,Harbor Goods Compact High-Waist Leggings - view 1,0
5447,1374,,https://cdn.shopnorth.example/p/1374/2.jpg,Harbor Goods Compact High-Waist Leggings - view 2,1
5448,1374,,https://cdn.shopnorth.example/p/1374/3.jpg,Harbor Goods Compact High-Waist Leggings - view 3,2
5449,1374,6212,https://cdn.shopnorth.example/p/1374/charcoal.jpg,Harbor Goods Compact High-Waist Leggings in Charcoal,11
5450,1374,6218,https://cdn.shopnorth.example/p/1374/sand.jpg,Harbor Goods Compact High-Waist Leggings in Sand,12
5451,1375,,https://cdn.shopnorth.example/p/1375/1.jpg,Veloce Studio Flip Flop - view 1,0
5452,1375,,https://cdn.shopnorth.example/p/1375/2.jpg,Veloce Studio Flip Flop - view 2,1
5453,1375,,https://cdn.shopnorth.example/p/1375/3.jpg,Veloce Studio Flip Flop - view 3,2
5454,1375,6224,https://cdn.shopnorth.example/p/1375/navy.jpg,Veloce Studio Flip Flop in Navy,11
5455,1375,6231,https://cdn.shopnorth.example/p/1375/burgundy.jpg,Veloce Studio Flip Flop in Burgundy,12
5456,1376,,https://cdn.shopnorth.example/p/1376/1.jpg,Northwind Essential Waterproof Winter Boot - view 1,0
5457,1376,6238,https://cdn.shopnorth.example/p/1376/black.jpg,Northwind Essential Waterproof Winter Boot in Black,11
5458,1377,,https://cdn.shopnorth.example/p/1377/1.jpg,Veloce Essential Slide Sandal - view 1,0
5459,1377,,https://cdn.shopnorth.example/p/1377/2.jpg,Veloce Essential Slide Sandal - view 2,1
5460,1377,,https://cdn.shopnorth.example/p/1377/3.jpg,Veloce Essential Slide Sandal - view 3,2
5461,1377,,https://cdn.shopnorth.example/p/1377/4.jpg,Veloce Essential Slide Sandal - view 4,3
5462,1377,6245,https://cdn.shopnorth.example/p/1377/sand.jpg,Veloce Essential Slide Sandal in Sand,11
5463,1378,,https://cdn.shopnorth.example/p/1378/1.jpg,Saltwater Premium Trail Running Shoe - view 1,0
5464,1378,,https://cdn.shopnorth.example/p/1378/2.jpg,Saltwater Premium Trail Running Shoe - view 2,1
5465,1378,6252,https://cdn.shopnorth.example/p/1378/burgundy.jpg,Saltwater Premium Trail Running Shoe in Burgundy,11
5466,1378,6259,https://cdn.shopnorth.example/p/1378/heather-gray.jpg,Saltwater Premium Trail Running Shoe in Heather Gray,12
5467,1379,,https://cdn.shopnorth.example/p/1379/1.jpg,Apex Motion Heritage Chew Toy - view 1,0
5468,1379,,https://cdn.shopnorth.example/p/1379/2.jpg,Apex Motion Heritage Chew Toy - view 2,1
5469,1379,,https://cdn.shopnorth.example/p/1379/3.jpg,Apex Motion Heritage Chew Toy - view 3,2
5470,1380,,https://cdn.shopnorth.example/p/1380/1.jpg,Lumora Everyday Party Card Game - view 1,0
5471,1380,,https://cdn.shopnorth.example/p/1380/2.jpg,Lumora Everyday Party Card Game - view 2,1
5472,1381,,https://cdn.shopnorth.example/p/1381/1.jpg,Summit Supply Heritage Sport Sandal - view 1,0
5473,1381,,https://cdn.shopnorth.example/p/1381/2.jpg,Summit Supply Heritage Sport Sandal - view 2,1
5474,1381,,https://cdn.shopnorth.example/p/1381/3.jpg,Summit Supply Heritage Sport Sandal - view 3,2
5475,1381,,https://cdn.shopnorth.example/p/1381/4.jpg,Summit Supply Heritage Sport Sandal - view 4,3
5476,1381,,https://cdn.shopnorth.example/p/1381/5.jpg,Summit Supply Heritage Sport Sandal - view 5,4
5477,1381,6268,https://cdn.shopnorth.example/p/1381/charcoal.jpg,Summit Supply Heritage Sport Sandal in Charcoal,11
5478,1382,,https://cdn.shopnorth.example/p/1382/1.jpg,Veloce Compact Straight Leg Jeans - view 1,0
5479,1382,,https://cdn.shopnorth.example/p/1382/2.jpg,Veloce Compact Straight Leg Jeans - view 2,1
5480,1382,,https://cdn.shopnorth.example/p/1382/3.jpg,Veloce Compact Straight Leg Jeans - view 3,2
5481,1382,,https://cdn.shopnorth.example/p/1382/4.jpg,Veloce Compact Straight Leg Jeans - view 4,3
5482,1382,6275,https://cdn.shopnorth.example/p/1382/black.jpg,Veloce Compact Straight Leg Jeans in Black,11
5483,1382,6280,https://cdn.shopnorth.example/p/1382/olive.jpg,Veloce Compact Straight Leg Jeans in Olive,12
5484,1383,,https://cdn.shopnorth.example/p/1383/1.jpg,Luxe Botanica Eco Party Card Game - view 1,0
5485,1383,,https://cdn.shopnorth.example/p/1383/2.jpg,Luxe Botanica Eco Party Card Game - view 2,1
5486,1383,,https://cdn.shopnorth.example/p/1383/3.jpg,Luxe Botanica Eco Party Card Game - view 3,2
5487,1383,,https://cdn.shopnorth.example/p/1383/4.jpg,Luxe Botanica Eco Party Card Game - view 4,3
5488,1384,,https://cdn.shopnorth.example/p/1384/1.jpg,Tidewater Max 2-in-1 Convertible Laptop - view 1,0
5489,1384,,https://cdn.shopnorth.example/p/1384/2.jpg,Tidewater Max 2-in-1 Convertible Laptop - view 2,1
5490,1384,,https://cdn.shopnorth.example/p/1384/3.jpg,Tidewater Max 2-in-1 Convertible Laptop - view 3,2
5491,1384,,https://cdn.shopnorth.example/p/1384/4.jpg,Tidewater Max 2-in-1 Convertible Laptop - view 4,3
5492,1384,6286,https://cdn.shopnorth.example/p/1384/silver.jpg,Tidewater Max 2-in-1 Convertible Laptop in Silver,11
5493,1385,,https://cdn.shopnorth.example/p/1385/1.jpg,Saltwater Eco Fleece Jacket - view 1,0
5494,1385,6289,https://cdn.shopnorth.example/p/1385/sky-blue.jpg,Saltwater Eco Fleece Jacket in Sky Blue,11
5495,1385,6295,https://cdn.shopnorth.example/p/1385/navy.jpg,Saltwater Eco Fleece Jacket in Navy,12
5496,1385,6300,https://cdn.shopnorth.example/p/1385/blush.jpg,Saltwater Eco Fleece Jacket in Blush,13
5497,1385,6306,https://cdn.shopnorth.example/p/1385/white.jpg,Saltwater Eco Fleece Jacket in White,14
5498,1386,,https://cdn.shopnorth.example/p/1386/1.jpg,Summit Supply Eco Ceramic Vase - view 1,0
5499,1386,,https://cdn.shopnorth.example/p/1386/2.jpg,Summit Supply Eco Ceramic Vase - view 2,1
5500,1386,,https://cdn.shopnorth.example/p/1386/3.jpg,Summit Supply Eco Ceramic Vase - view 3,2
5501,1386,,https://cdn.shopnorth.example/p/1386/4.jpg,Summit Supply Eco Ceramic Vase - view 4,3
5502,1387,,https://cdn.shopnorth.example/p/1387/1.jpg,Kestrel Eco Slip-On Sneaker - view 1,0
5503,1387,,https://cdn.shopnorth.example/p/1387/2.jpg,Kestrel Eco Slip-On Sneaker - view 2,1
5504,1387,,https://cdn.shopnorth.example/p/1387/3.jpg,Kestrel Eco Slip-On Sneaker - view 3,2
5505,1387,6312,https://cdn.shopnorth.example/p/1387/sand.jpg,Kestrel Eco Slip-On Sneaker in Sand,11
5506,1388,,https://cdn.shopnorth.example/p/1388/1.jpg,Arcadia Signature Area Rug - view 1,0
5507,1388,,https://cdn.shopnorth.example/p/1388/2.jpg,Arcadia Signature Area Rug - view 2,1
5508,1388,,https://cdn.shopnorth.example/p/1388/3.jpg,Arcadia Signature Area Rug - view 3,2
5509,1388,,https://cdn.shopnorth.example/p/1388/4.jpg,Arcadia Signature Area Rug - view 4,3
5510,1388,,https://cdn.shopnorth.example/p/1388/5.jpg,Arcadia Signature Area Rug - view 5,4
5511,1389,,https://cdn.shopnorth.example/p/1389/1.jpg,Rove Max Action Camera - view 1,0
5512,1389,,https://cdn.shopnorth.example/p/1389/2.jpg,Rove Max Action Camera - view 2,1
5513,1389,,https://cdn.shopnorth.example/p/1389/3.jpg,Rove Max Action Camera - view 3,2
5514,1389,,https://cdn.shopnorth.example/p/1389/4.jpg,Rove Max Action Camera - view 4,3
5515,1389,6320,https://cdn.shopnorth.example/p/1389/burgundy.jpg,Rove Max Action Camera in Burgundy,11
5516,1389,6321,https://cdn.shopnorth.example/p/1389/white.jpg,Rove Max Action Camera in White,12
5517,1389,6322,https://cdn.shopnorth.example/p/1389/sky-blue.jpg,Rove Max Action Camera in Sky Blue,13
5518,1389,6323,https://cdn.shopnorth.example/p/1389/forest-green.jpg,Rove Max Action Camera in Forest Green,14
5519,1390,,https://cdn.shopnorth.example/p/1390/1.jpg,Voltix Studio Water Blaster - view 1,0
5520,1390,,https://cdn.shopnorth.example/p/1390/2.jpg,Voltix Studio Water Blaster - view 2,1
5521,1390,,https://cdn.shopnorth.example/p/1390/3.jpg,Voltix Studio Water Blaster - view 3,2
5522,1390,,https://cdn.shopnorth.example/p/1390/4.jpg,Voltix Studio Water Blaster - view 4,3
5523,1391,,https://cdn.shopnorth.example/p/1391/1.jpg,Summit Supply Ultra Throw Blanket - view 1,0
5524,1392,,https://cdn.shopnorth.example/p/1392/1.jpg,Apex Motion Premium Hair Oil - view 1,0
5525,1393,,https://cdn.shopnorth.example/p/1393/1.jpg,Kinfolk Kitchen Premium Wireless Earbuds - view 1,0
5526,1393,,https://cdn.shopnorth.example/p/1393/2.jpg,Kinfolk Kitchen Premium Wireless Earbuds - view 2,1
5527,1393,,https://cdn.shopnorth.example/p/1393/3.jpg,Kinfolk Kitchen Premium Wireless Earbuds - view 3,2
5528,1393,6327,https://cdn.shopnorth.example/p/1393/sand.jpg,Kinfolk Kitchen Premium Wireless Earbuds in Sand,11
5529,1393,6328,https://cdn.shopnorth.example/p/1393/sky-blue.jpg,Kinfolk Kitchen Premium Wireless Earbuds in Sky Blue,12
5530,1393,6329,https://cdn.shopnorth.example/p/1393/navy.jpg,Kinfolk Kitchen Premium Wireless Earbuds in Navy,13
5531,1393,6330,https://cdn.shopnorth.example/p/1393/black.jpg,Kinfolk Kitchen Premium Wireless Earbuds in Black,14
5532,1394,,https://cdn.shopnorth.example/p/1394/1.jpg,Pulse Fitness Classic Eau de Toilette 100ml - view 1,0
5533,1394,,https://cdn.shopnorth.example/p/1394/2.jpg,Pulse Fitness Classic Eau de Toilette 100ml - view 2,1
5534,1394,,https://cdn.shopnorth.example/p/1394/3.jpg,Pulse Fitness Classic Eau de Toilette 100ml - view 3,2
5535,1395,,https://cdn.shopnorth.example/p/1395/1.jpg,Alder & Pine Max Yoga Mat - view 1,0
5536,1395,,https://cdn.shopnorth.example/p/1395/2.jpg,Alder & Pine Max Yoga Mat - view 2,1
5537,1396,,https://cdn.shopnorth.example/p/1396/1.jpg,Trailhead Max Joggers - view 1,0
5538,1396,,https://cdn.shopnorth.example/p/1396/2.jpg,Trailhead Max Joggers - view 2,1
5539,1396,6333,https://cdn.shopnorth.example/p/1396/sand.jpg,Trailhead Max Joggers in Sand,11
5540,1397,,https://cdn.shopnorth.example/p/1397/1.jpg,Juniper Lane Signature Linen Blouse - view 1,0
5541,1397,,https://cdn.shopnorth.example/p/1397/2.jpg,Juniper Lane Signature Linen Blouse - view 2,1
5542,1397,,https://cdn.shopnorth.example/p/1397/3.jpg,Juniper Lane Signature Linen Blouse - view 3,2
5543,1397,,https://cdn.shopnorth.example/p/1397/4.jpg,Juniper Lane Signature Linen Blouse - view 4,3
5544,1397,6339,https://cdn.shopnorth.example/p/1397/olive.jpg,Juniper Lane Signature Linen Blouse in Olive,11
5545,1398,,https://cdn.shopnorth.example/p/1398/1.jpg,Summit Supply Eco Smart Thermostat - view 1,0
5546,1398,6344,https://cdn.shopnorth.example/p/1398/burgundy.jpg,Summit Supply Eco Smart Thermostat in Burgundy,11
5547,1398,6345,https://cdn.shopnorth.example/p/1398/forest-green.jpg,Summit Supply Eco Smart Thermostat in Forest Green,12
5548,1398,6346,https://cdn.shopnorth.example/p/1398/black.jpg,Summit Supply Eco Smart Thermostat in Black,13
5549,1399,,https://cdn.shopnorth.example/p/1399/1.jpg,Cobalt Audio Studio Orthopedic Dog Bed - view 1,0
5550,1399,,https://cdn.shopnorth.example/p/1399/2.jpg,Cobalt Audio Studio Orthopedic Dog Bed - view 2,1
5551,1399,,https://cdn.shopnorth.example/p/1399/3.jpg,Cobalt Audio Studio Orthopedic Dog Bed - view 3,2
5552,1400,,https://cdn.shopnorth.example/p/1400/1.jpg,Nimbus Tech Signature USB-C Charging Cable - view 1,0
5553,1400,,https://cdn.shopnorth.example/p/1400/2.jpg,Nimbus Tech Signature USB-C Charging Cable - view 2,1
5554,1400,6348,https://cdn.shopnorth.example/p/1400/navy.jpg,Nimbus Tech Signature USB-C Charging Cable in Navy,11
5555,1400,6349,https://cdn.shopnorth.example/p/1400/sand.jpg,Nimbus Tech Signature USB-C Charging Cable in Sand,12
5556,1400,6350,https://cdn.shopnorth.example/p/1400/blush.jpg,Nimbus Tech Signature USB-C Charging Cable in Blush,13
5557,1400,6351,https://cdn.shopnorth.example/p/1400/charcoal.jpg,Nimbus Tech Signature USB-C Charging Cable in Charcoal,14
