refund_id,payment_id,amount,reason,provider_refund_id,created_at
1,9,74.62,Order cancelled by customer,re_9dcc213fbebf719b2d3abf40,2024-01-02T08:06:18+00:00
2,42,81.05,Order cancelled by customer,re_6a4065b2dd01683ba20b3c31,2024-01-04T19:40:28+00:00
3,51,119.04,Order cancelled by customer,re_e01262754c53ca61690bc9be,2024-01-05T13:01:31+00:00
4,86,75.06,Order cancelled by customer,re_d6b4256abd04bacf19510d99,2024-01-08T11:07:54+00:00
5,109,93.30,Order cancelled by customer,re_7b84087e3f9507414914e375,2024-01-10T05:05:35+00:00
6,117,47.81,Order cancelled by customer,re_0f0736b25f77f182d0765dc2,2024-01-11T05:40:08+00:00
7,121,280.98,Order cancelled by customer,re_14ce5ce5be331cabc1c72dfe,2024-01-12T05:30:58+00:00
8,144,25.27,Order cancelled by customer,re_f8658c30745bc1fb1e546e7f,2024-01-14T11:01:23+00:00
9,152,185.52,Order cancelled by customer,re_625cab379f7bf33707985c6c,2024-01-14T18:15:14+00:00
10,188,237.01,Order cancelled by customer,re_6aa390761cc37676ef7be56c,2024-01-17T06:24:42+00:00
11,209,53.17,Order cancelled by customer,re_87ce69f8286c28b28c5ec8ce,2024-01-20T07:45:00+00:00
12,22,140.49,Return received,re_51ddb2fb6e1584c7dd950ee8,2024-01-21T00:46:16+00:00
13,242,115.82,Order cancelled by customer,re_0387aedd0e3b83b9e4ba3114,2024-01-22T18:11:01+00:00
14,240,149.19,Order cancelled by customer,re_3e10caa766ddafe0ecdff8a9,2024-01-22T19:05:55+00:00
15,254,62.82,Order cancelled by customer,re_0cc5a333320fa13761c42a03,2024-01-23T11:58:40+00:00
16,3,35.38,Return received,re_66427a999f50a01a860390fe,2024-01-23T16:20:07+00:00
17,272,1770.81,Order cancelled by customer,re_daedae4b0b0471c8d0512ea7,2024-01-25T04:40:15+00:00
18,274,191.01,Order cancelled by customer,re_cc63f2d65a643e7b8fff8501,2024-01-26T04:44:32+00:00
19,307,83.20,Order cancelled by customer,re_e5b572423470db41c90eae17,2024-01-28T18:05:29+00:00
20,318,205.76,Order cancelled by customer,re_1383b521bc628280c8ffce4f,2024-01-29T16:46:13+00:00
21,324,168.69,Order cancelled by customer,re_4e3e24195e90a0b93faf38a5,2024-01-31T07:23:01+00:00
22,349,149.07,Order cancelled by customer,re_6fe0263c29a1a9328405af85,2024-01-31T09:22:25+00:00
23,63,75.06,Return received,re_2208473ace8f87e7dde71a61,2024-01-31T23:08:31+00:00
24,364,42.44,Order cancelled by customer,re_57c0964484cba84c157ed473,2024-02-02T06:27:35+00:00
25,351,120.78,Order cancelled by customer,re_eaf8813d929e94f0de1956f8,2024-02-02T13:37:33+00:00
26,368,219.28,Order cancelled by customer,re_d8c5af03ee1adcf9e59a1a85,2024-02-03T15:37:05+00:00
27,393,1757.82,Order cancelled by customer,re_fdbe17c5c3046657f7217674,2024-02-04T15:21:34+00:00
28,133,42.89,Return received,re_d0afd76dee6d867b01a96ea9,2024-02-04T16:06:05+00:00
29,143,52.10,Return received,re_4a3ca6087acb998b70211a7e,2024-02-04T23:33:48+00:00
30,196,189.82,Return received,re_df684ef12d03efef781fbcb6,2024-02-05T16:27:37+00:00
31,411,115.82,Order cancelled by customer,re_e3030d64946aee03239477c1,2024-02-05T23:33:57+00:00
32,405,46.23,Order cancelled by customer,re_b4f3692e1d67e098cad5d5c9,2024-02-06T03:49:43+00:00
33,120,35.38,Return received,re_ff4233a294b6954a1c8b7bc0,2024-02-06T13:46:18+00:00
34,191,223.06,Return received,re_ec3aad0d69ec84a6851c5e77,2024-02-07T08:55:36+00:00
35,75,42.44,Return received,re_c776cecb7a42f764592df1ef,2024-02-09T13:01:52+00:00
36,484,101.88,Order cancelled by customer,re_99ce3fad6ebdd89081e847dc,2024-02-10T14:35:16+00:00
37,265,81.50,Return received,re_82eb3bca20dcc982f0aa9875,2024-02-13T05:28:07+00:00
38,535,313.15,Order cancelled by customer,re_3c55b74247fc3e929a10ce48,2024-02-13T14:45:02+00:00
39,530,209.13,Order cancelled by customer,re_a68a82a6e31c1289b8635786,2024-02-13T21:42:33+00:00
40,135,46.73,Return received,re_0979ce90a053933558f3dd52,2024-02-13T23:30:35+00:00
41,545,43.21,Order cancelled by customer,re_00a13d3726c9b60cda529567,2024-02-14T02:32:14+00:00
42,556,75.69,Order cancelled by customer,re_85af52ddd761802fcad133fc,2024-02-14T12:00:19+00:00
43,277,97.59,Return received,re_bc156b69bc5573df62da2a0d,2024-02-16T17:49:08+00:00
44,419,72.46,Return received,re_8e909d5b09fa552c5ef746e6,2024-02-18T06:32:33+00:00
45,207,115.82,Return received,re_23694a91636a809c896c4f9e,2024-02-19T05:29:25+00:00
46,337,397.88,Return received,re_7d1678796ee3fc442f84d88f,2024-02-19T15:45:13+00:00
47,187,143.70,Return received,re_f8e0dfb573582731776305ee,2024-02-19T20:22:29+00:00
48,192,115.82,Return received,re_f82bfef5d9c420e2f613ead7,2024-02-20T01:21:48+00:00
49,637,38.15,Order cancelled by customer,re_9bd4b871e9b820a04232f43f,2024-02-20T11:51:25+00:00
50,402,93.30,Return received,re_6c42a352241d3665d813553e,2024-02-21T03:54:40+00:00
51,457,31.72,Return received,re_055e159c5fd813a32b0c6938,2024-02-21T19:44:49+00:00
52,235,819.38,Return received,re_e294c3a9e4aa387ee4b68016,2024-02-23T06:50:53+00:00
53,676,92.22,Order cancelled by customer,re_278048cbd9ef171ff9b8c44e,2024-02-23T22:57:25+00:00
54,581,83.00,Return received,re_ca817abeccc411d1e36d85f1,2024-02-26T02:24:43+00:00
55,700,24.21,Order cancelled by customer,re_d10a35a7078d8c6331eafa58,2024-02-26T05:38:14+00:00
56,481,230.58,Return received,re_6874a6b204585ddd99902d68,2024-02-26T08:26:52+00:00
57,728,265.04,Order cancelled by customer,re_67aa8ec4f593213c422b9694,2024-02-27T19:15:47+00:00
58,435,100.80,Return received,re_e02337c35499274d281281e8,2024-02-28T02:59:30+00:00
59,320,159.78,Return received,re_83ebb14ec77a46a658f700bf,2024-02-28T16:36:54+00:00
60,338,242.37,Return received,re_7f51988904bc459877492623,2024-02-29T10:23:33+00:00
61,458,74.62,Return received,re_653a0d6bba7e30c91bda799d,2024-03-02T09:08:58+00:00
62,768,115.82,Order cancelled by customer,re_7116c8d7ac239baaf8f4b0e9,2024-03-03T01:45:09+00:00
63,544,124.52,Return received,re_eec63f40968b794ff246980a,2024-03-03T07:15:37+00:00
64,400,147.22,Return received,re_ba2110ed70be419f6cc5cf58,2024-03-05T02:25:09+00:00
65,586,59.60,Return received,re_815aa992b0b8ae7083c5014a,2024-03-05T06:16:12+00:00
66,667,100.05,Return received,re_1d5dc2cd9e69241e12ccd363,2024-03-05T18:15:12+00:00
67,680,216.09,Return received,re_45a4bfe79481a246699cce97,2024-03-08T06:35:03+00:00
68,861,130.83,Order cancelled by customer,re_d36365bff2a8e41408e0f742,2024-03-08T07:36:56+00:00
69,854,50.07,Order cancelled by customer,re_53ca20443aa0dc0e82b7a777,2024-03-09T07:47:38+00:00
70,859,132.39,Order cancelled by customer,re_1fa8d44339b12f854b2025eb,2024-03-09T11:53:56+00:00
71,428,37.53,Return received,re_d26c1b8dc85213a2b4840951,2024-03-09T17:32:16+00:00
72,709,132.82,Return received,re_bce71ebaaafd9565dc6c86ff,2024-03-09T17:33:00+00:00
73,564,388.10,Return received,re_7fc008024a91c4194d36b369,2024-03-11T14:42:50+00:00
74,569,94.71,Return received,re_cf2a0a2f63a721fc5400756f,2024-03-13T00:41:50+00:00
75,930,71.00,Order cancelled by customer,re_fd5bcd5a4fb2d3ee96f4e86d,2024-03-13T17:39:21+00:00
76,425,72.92,Return received,re_c7c34d895f26c456d021c871,2024-03-13T21:41:05+00:00
77,504,115.82,Return received,re_16323e0863ffefa48bd76c15,2024-03-14T10:41:37+00:00
78,584,102.95,Return received,re_eb973fbd692dfd0b89401a74,2024-03-15T12:26:20+00:00
79,932,43.55,Order cancelled by customer,re_e13b5c1c716db618d0d7bedc,2024-03-15T16:09:16+00:00
80,449,123.77,Return received,re_f0228b3e979704911b7dab12,2024-03-15T17:17:23+00:00
81,941,50.87,Order cancelled by customer,re_ea313dd021d151f53e4e76a7,2024-03-16T14:25:47+00:00
82,511,141.56,Return received,re_c9e57487a88bc33caa56f88b,2024-03-16T16:52:43+00:00
83,694,76.14,Return received,re_1eee472df4a304a076a25d15,2024-03-17T16:57:28+00:00
84,697,38.15,Return received,re_881c4bb8dea3f6a0a975f89f,2024-03-17T22:38:38+00:00
85,459,151.33,Return received,re_2d7162b062f7eb5613c96e67,2024-03-18T08:18:57+00:00
86,583,121.92,Return received,re_236300340645d769ef0386dd,2024-03-18T12:11:49+00:00
87,663,60.68,Return received,re_6f7673daf1a3bd1cbe660e32,2024-03-18T13:12:02+00:00
88,992,126.66,Order cancelled by customer,re_c3400f65bdfb1ee45eda4a85,2024-03-19T00:54:23+00:00
89,602,41.91,Return received,re_a79c90240a006e12b883e918,2024-03-19T03:58:20+00:00
90,670,198.40,Return received,re_a1eeb6a03bc71f35c655c396,2024-03-19T21:00:14+00:00
91,1019,82.19,Order cancelled by customer,re_129d9934b510b87a5c9a558e,2024-03-20T09:15:17+00:00
92,1060,33.17,Order cancelled by customer,re_374c2df8b0c8e80e9a4ac6f7,2024-03-23T06:53:32+00:00
93,926,41.82,Return received,re_fe0d8e1967461263a6b3cb4c,2024-03-24T11:39:14+00:00
94,856,54.69,Return received,re_2af039e1e1a35a5dda7b305f,2024-03-24T12:03:30+00:00
95,896,347.46,Return received,re_e7ad31c35f65296d79fb789b,2024-03-24T16:48:39+00:00
96,1106,57.16,Order cancelled by customer,re_c3eb39c9b2664329b143e4b8,2024-03-26T20:33:02+00:00
97,761,111.79,Return received,re_3bce83ae8c35d831bcb324a4,2024-03-28T14:55:02+00:00
98,1134,71.97,Order cancelled by customer,re_2195b94563d2644b0637d17f,2024-03-28T21:19:45+00:00
99,1130,255.57,Order cancelled by customer,re_f7001852fa6d2c25253878ce,2024-03-29T03:30:26+00:00
100,1156,48.48,Order cancelled by customer,re_1a98fc7f2590bb18ddd8c33f,2024-03-29T18:12:15+00:00
101,965,32.16,Return received,re_4a0c23875f0a6b55c445598b,2024-03-30T00:02:41+00:00
102,909,187.24,Return received,re_4cb20c883c618fc607e5701c,2024-04-01T08:32:10+00:00
103,937,225.23,Return received,re_8f386d3eeac17150043e0bf4,2024-04-01T11:54:15+00:00
104,1198,108.10,Order cancelled by customer,re_2769c8b43db8ffcba4a2d424,2024-04-02T10:16:26+00:00
105,1204,89.03,Order cancelled by customer,re_2c8866e26ad34eee58bcdf5e,2024-04-03T02:06:42+00:00
106,1235,57.15,Order cancelled by customer,re_1683756ca40a0f13d83e795d,2024-04-05T00:07:47+00:00
107,822,43.54,Return received,re_7ac5bbdb700d0cf149416f6e,2024-04-05T04:36:00+00:00
108,1252,461.15,Order cancelled by customer,re_6af9c51844753466a5b7fd8a,2024-04-05T09:58:37+00:00
109,1246,1181.88,Order cancelled by customer,re_9ba581d718e0631a7a2c7638,2024-04-05T22:28:06+00:00
110,857,136.20,Return received,re_5bf64322a3bf7b49cf65700a,2024-04-06T00:42:54+00:00
111,1273,111.53,Order cancelled by customer,re_46b21e2d46aa88a65a71fc05,2024-04-07T03:52:10+00:00
112,1286,35.83,Order cancelled by customer,re_6e51e0e7c9d09fa6324bc847,2024-04-08T08:28:06+00:00
113,1016,85.01,Return received,re_5bb6c9206353974c93a0ba3e,2024-04-08T09:06:57+00:00
114,1301,214.48,Order cancelled by customer,re_68909b8c2e4db590ce6b001e,2024-04-08T17:52:19+00:00
115,1297,33.36,Order cancelled by customer,re_d6995324ad2311ec05483469,2024-04-08T22:11:01+00:00
116,1316,53.68,Order cancelled by customer,re_091983d618e230d36a05d4ba,2024-04-09T03:51:27+00:00
117,898,209.13,Return received,re_f7b800b84de204acf2dc6951,2024-04-09T22:03:35+00:00
118,1337,75.74,Order cancelled by customer,re_b38acac7ec3220a1559977d6,2024-04-10T02:20:40+00:00
119,1346,38.15,Order cancelled by customer,re_3900ccc437afa59fd50853ff,2024-04-10T12:24:14+00:00
120,1333,38.37,Order cancelled by customer,re_6338caff75f9ec350b6a3994,2024-04-10T18:53:23+00:00
121,1334,154.42,Order cancelled by customer,re_a933b6cd6a8e555afac736ef,2024-04-11T15:33:06+00:00
122,1374,163.00,Order cancelled by customer,re_3aed9dd82572b5464f555fd0,2024-04-12T12:45:42+00:00
123,1049,174.85,Return received,re_465d56da20aeb9faf9908bf8,2024-04-12T22:53:39+00:00
124,1391,287.37,Order cancelled by customer,re_03b4b64a93ae47f87093d3d0,2024-04-13T06:10:07+00:00
125,1395,31.66,Order cancelled by customer,re_3e3d142ddef2776193b0c828,2024-04-13T09:55:23+00:00
126,1372,71.40,Order cancelled by customer,re_94d0c5e50369ffd19cde49a8,2024-04-13T10:10:30+00:00
127,1411,244.63,Order cancelled by customer,re_8c267782994baf9316a7667f,2024-04-14T17:30:59+00:00
128,1408,22.90,Order cancelled by customer,re_a78e93c57d2c8cdd6982f3ba,2024-04-15T17:38:32+00:00
129,1449,59.80,Order cancelled by customer,re_b56b211b40daee66b8262c8f,2024-04-17T06:09:28+00:00
130,924,46.11,Return received,re_c319fb7dd622a0bf40829f3e,2024-04-17T23:33:36+00:00
131,1162,111.53,Return received,re_22ca252fc758238fb893dc9a,2024-04-18T19:48:09+00:00
132,1486,47.32,Order cancelled by customer,re_192cbc8107d78076d8d576ee,2024-04-19T00:25:11+00:00
133,1231,12.86,Return received,re_09ff63d26fbe6a9e0253afa8,2024-04-19T19:39:29+00:00
134,1036,146.92,Return received,re_3b34a6dd1bf38d55c39d8997,2024-04-19T20:35:47+00:00
135,944,51.47,Return received,re_a1cd3cb6b82ac55adea94a40,2024-04-20T07:49:56+00:00
136,1505,288.07,Order cancelled by customer,re_4945132728b6b2fe55ebaf89,2024-04-21T07:27:23+00:00
137,1536,33.86,Order cancelled by customer,re_337c448b8f6baff69e9f1eae,2024-04-22T15:59:45+00:00
138,1219,48.25,Return received,re_ea985e993ec7ba4e260c137d,2024-04-23T02:18:55+00:00
139,1143,130.83,Return received,re_bd04cf77e3cacf67a7b9ad97,2024-04-23T02:19:35+00:00
140,1547,53.16,Order cancelled by customer,re_329656f70a93bf5213c81573,2024-04-23T10:28:41+00:00
141,1567,115.82,Order cancelled by customer,re_775f51ba0818ce202cb978c6,2024-04-24T06:35:16+00:00
142,1184,393.25,Return received,re_02159fa02fcd49b40e3a2f6c,2024-04-25T00:40:07+00:00
143,1250,347.32,Return received,re_cb070e16078b2a52036c627e,2024-04-25T13:33:40+00:00
144,1584,92.43,Order cancelled by customer,re_5d1d729e03e8a12f0e01dec5,2024-04-25T21:02:12+00:00
145,1586,88.48,Order cancelled by customer,re_216b3c6f4db01ab0eeeef634,2024-04-26T00:11:26+00:00
146,1596,264.42,Order cancelled by customer,re_d0f3d9edc01042b5b4a9726c,2024-04-27T14:27:30+00:00
147,1609,33.36,Order cancelled by customer,re_c25790ca10ccfd2803825bcf,2024-04-27T16:20:36+00:00
148,1379,52.05,Return received,re_24afa2d38bbbff8137430306,2024-04-28T17:45:20+00:00
149,1382,810.80,Return received,re_6b1450ce68d894f991572c42,2024-04-29T18:09:15+00:00
150,1430,46.81,Return received,re_f4f4b7372e05d3ede09daa20,2024-04-29T19:05:23+00:00
151,1088,92.22,Return received,re_73bfd358a4c39a989f41d268,2024-04-30T08:18:20+00:00
152,1667,192.73,Order cancelled by customer,re_15217c8c64885ff5f0487874,2024-04-30T18:32:26+00:00
153,1191,305.58,Return received,re_46e034a61cdee19ce60e77da,2024-04-30T20:03:57+00:00
154,1660,206.78,Order cancelled by customer,re_b1872dbcf00a6dc722946f50,2024-05-01T00:18:57+00:00
155,1654,102.95,Order cancelled by customer,re_5f62e19bd16cbda86638758d,2024-05-01T01:24:10+00:00
156,1354,262.38,Return received,re_daf35cac681801d5e644e578,2024-05-01T10:21:00+00:00
157,1679,886.23,Order cancelled by customer,re_f8409e3dec6ae90e2e340e40,2024-05-01T14:13:48+00:00
158,1665,30.50,Order cancelled by customer,re_44dd38a5dbf7879d2ae20186,2024-05-01T16:06:38+00:00
159,1670,40.96,Order cancelled by customer,re_10a29d85b190141f61ceec45,2024-05-02T03:04:30+00:00
160,1686,48.44,Order cancelled by customer,re_e71d5a56aa2226d944de8dc1,2024-05-02T06:01:53+00:00
161,1701,48.44,Order cancelled by customer,re_a43199162500e3881e41be34,2024-05-03T06:03:18+00:00
162,1691,113.12,Order cancelled by customer,re_b50867781b370bc79f7d8108,2024-05-03T06:11:15+00:00
163,1710,45.36,Order cancelled by customer,re_18dac18639ad93b3801d0851,2024-05-03T15:04:40+00:00
164,1215,231.64,Return received,re_0918136cbe2c14c69b2010e3,2024-05-03T17:44:45+00:00
165,1146,56.17,Return received,re_174af691c938039b02b1d01a,2024-05-03T19:44:44+00:00
166,1291,242.60,Return received,re_6c3195e47eab0a29d9f89542,2024-05-04T10:08:45+00:00
167,1477,171.59,Return received,re_30f9551b22dfd57e15003b10,2024-05-05T13:40:29+00:00
168,1229,136.20,Return received,re_a17d45b72e01bd4d2e9f7bc1,2024-05-05T14:30:56+00:00
169,1743,83.53,Order cancelled by customer,re_6b0c592da4d675ec00d19498,2024-05-05T22:57:53+00:00
170,1285,27.23,Return received,re_8d8cd1efe12f67352507a6cc,2024-05-06T15:02:09+00:00
171,1520,124.11,Return received,re_3d62d9acdbfd7c9e7f9349f3,2024-05-06T15:53:53+00:00
172,1211,52.54,Return received,re_e5a5443d55a23cbc8f570196,2024-05-07T00:14:24+00:00
173,1305,69.27,Return received,re_b74f0014dac509a30967b634,2024-05-09T05:57:31+00:00
174,1791,409.15,Order cancelled by customer,re_d831fcd20f4467f4ecd884e0,2024-05-09T08:30:47+00:00
175,1634,43.45,Return received,re_a5006d3b40b605a2415204f0,2024-05-09T15:00:24+00:00
176,1836,63.22,Order cancelled by customer,re_a4bcd486cb1c730adcc65706,2024-05-11T02:28:40+00:00
177,1564,83.20,Return received,re_6fa5891315bce90b84bbef99,2024-05-11T11:09:06+00:00
178,1853,64.44,Order cancelled by customer,re_0c351fb9caf86665d6b6c967,2024-05-12T13:36:50+00:00
179,1463,72.32,Return received,re_addf9c5cf5e14a9d440c86d3,2024-05-13T06:39:47+00:00
180,1878,53.83,Order cancelled by customer,re_3a3414c1229f3560196a8a17,2024-05-13T14:57:19+00:00
181,1877,451.51,Order cancelled by customer,re_3566e1c2596ef7dec0ae2dc4,2024-05-13T16:52:24+00:00
182,1875,223.06,Order cancelled by customer,re_d654f4dbf8974cfa302c194b,2024-05-13T17:32:21+00:00
183,1887,307.95,Order cancelled by customer,re_3815af00f3485c59ed5b671f,2024-05-13T23:51:06+00:00
184,1661,167.80,Return received,re_717ba670d29f94f7b9753860,2024-05-14T10:59:49+00:00
185,1893,175.14,Order cancelled by customer,re_f3e83d776a35513e009fa9de,2024-05-14T17:45:28+00:00
186,1495,245.59,Return received,re_f59758beeb484b75de6036d7,2024-05-14T19:25:16+00:00
187,1918,87.08,Order cancelled by customer,re_0051843f20de279b69317e9c,2024-05-16T07:30:24+00:00
188,1378,105.99,Return received,re_a8f5ad825a0e69dc6cbc0dec,2024-05-16T09:21:51+00:00
189,1560,77.21,Return received,re_60bbbba79280831f6fd59b27,2024-05-16T16:03:11+00:00
190,1933,48.44,Order cancelled by customer,re_50124b5671b23b5298b924bd,2024-05-16T18:14:02+00:00
191,1934,38.42,Order cancelled by customer,re_c86704220e67c43bae7fea6c,2024-05-17T08:37:22+00:00
192,1936,110.23,Order cancelled by customer,re_81d929395c9638ecd6b85fc9,2024-05-17T15:47:37+00:00
193,1504,35.18,Return received,re_6a94b149360d253a0c29cd27,2024-05-17T16:00:06+00:00
194,1446,39.12,Return received,re_e46dc7e7274f5731407b5376,2024-05-17T17:36:16+00:00
195,1593,57.89,Return received,re_e16a57672e1a0474345b3133,2024-05-17T22:06:21+00:00
196,1694,31.79,Return received,re_c8f4aeccd0f197308583d15b,2024-05-17T23:12:31+00:00
197,1565,39.48,Return received,re_1cae9f401e3d43c96572c880,2024-05-19T00:16:34+00:00
198,1470,128.81,Return received,re_72188d58e8b9dc62069a2618,2024-05-19T00:18:52+00:00
199,1971,120.48,Order cancelled by customer,re_531c0bffa2d0e662b2380bca,2024-05-19T15:12:52+00:00
200,1397,264.42,Return received,re_ee04a3f2408659d5825c54b0,2024-05-20T00:15:19+00:00
201,1737,96.22,Return received,re_fb5c51237f21707978d67244,2024-05-20T09:03:29+00:00
202,1998,53.17,Order cancelled by customer,re_7062a19a9d4ab3b20efabaad,2024-05-20T17:46:20+00:00
203,2002,80.59,Order cancelled by customer,re_9dbddd3df57c555c998a9dbf,2024-05-20T19:59:22+00:00
204,1993,1036.01,Order cancelled by customer,re_ab89cc8035a2fb3e81aa456c,2024-05-20T20:57:23+00:00
205,1582,26.12,Return received,re_9ea36fc40e9ddeb0def91ab4,2024-05-25T23:02:25+00:00
206,2086,343.61,Order cancelled by customer,re_607bc7b93fbfc09653a6fbcd,2024-05-26T06:48:38+00:00
207,1742,313.62,Return received,re_299ece48b24cc2937c253bf1,2024-05-26T19:47:50+00:00
208,2097,188.22,Order cancelled by customer,re_d8afa24ddfe9c6403eb093ed,2024-05-28T03:41:21+00:00
209,2132,143.50,Order cancelled by customer,re_2f7216c646d14b1d3299d571,2024-05-29T22:41:13+00:00
210,2147,222.24,Order cancelled by customer,re_e22d886b39d88a4d740e53e0,2024-05-30T15:35:17+00:00
211,2144,31.42,Order cancelled by customer,re_4ae9f69fb997a3dbf229478f,2024-05-30T19:44:52+00:00
212,1808,20.13,Return received,re_23aab3da4fa6fc472a429c95,2024-05-30T21:38:27+00:00
213,2154,114.47,Order cancelled by customer,re_598126662158f17a8a4fff27,2024-05-30T23:21:03+00:00
214,1796,87.92,Return received,re_27271a54b7859bedaa171472,2024-05-31T14:27:25+00:00
215,1991,129.55,Return received,re_0bcf6c87cc128aff7886ee07,2024-06-01T16:36:49+00:00
216,1637,87.62,Return received,re_d260e5ca52c8ac82e55f4fbf,2024-06-01T18:04:12+00:00
217,2200,120.83,Order cancelled by customer,re_0c99f1a2fafa3f8e194b782f,2024-06-01T18:37:35+00:00
218,1696,101.07,Return received,re_f047baf20be8d55178bc4bc4,2024-06-02T10:42:21+00:00
219,2218,51.02,Order cancelled by customer,re_c4a58c8ca6da76665c7bee43,2024-06-02T15:00:06+00:00
220,1599,106.15,Return received,re_7c276918eee25e93685f3e25,2024-06-03T10:39:38+00:00
221,2228,308.09,Order cancelled by customer,re_b01af9468ea74f152f3085b0,2024-06-03T17:50:45+00:00
222,1767,66.93,Return received,re_e5077b2497e404b34e4fce1e,2024-06-03T18:22:49+00:00
223,1713,169.30,Return received,re_283db3532a10b5f139d42863,2024-06-05T12:41:54+00:00
224,2246,46.25,Order cancelled by customer,re_d06ca10085912af55c18619d,2024-06-06T15:25:43+00:00
225,1974,111.53,Return received,re_87272bc428203203137b2eb2,2024-06-06T17:23:27+00:00
226,2264,29.35,Order cancelled by customer,re_07b8dc3926b871ecd6cbe472,2024-06-07T21:37:47+00:00
227,2282,26.12,Order cancelled by customer,re_04a908dc29323b8549d14373,2024-06-08T14:55:40+00:00
228,1957,93.62,Return received,re_03982139e2603602c28df2c8,2024-06-08T23:09:19+00:00
229,2289,121.18,Order cancelled by customer,re_6a059601713a4f91e4ff3822,2024-06-09T01:38:37+00:00
230,2308,145.79,Order cancelled by customer,re_22a8b7edd6bcf157f9485271,2024-06-09T11:28:37+00:00
231,2301,437.95,Order cancelled by customer,re_5ced00b5a2e481f92dc097d5,2024-06-10T00:52:49+00:00
232,2313,354.85,Order cancelled by customer,re_6001eff2c88889c81855a748,2024-06-10T08:52:45+00:00
233,1809,87.93,Return received,re_0574215b4c0b8a7ea6da842a,2024-06-10T14:28:29+00:00
234,1854,91.15,Return received,re_5101928632eb66e7d2ac7e54,2024-06-11T02:09:18+00:00
235,1955,176.99,Return received,re_0ab7b5d504c23aed096bbe12,2024-06-11T06:15:40+00:00
236,2371,65.33,Order cancelled by customer,re_80e3609c0f42d23f268fb9ae,2024-06-13T08:52:01+00:00
237,2373,83.20,Order cancelled by customer,re_d892881b3a8db7141ace9303,2024-06-13T11:25:39+00:00
238,2379,91.27,Order cancelled by customer,re_b14de965ec5eb9362ca8c896,2024-06-13T16:38:00+00:00
239,2387,124.40,Order cancelled by customer,re_f1e247eff54e009ac42fbb14,2024-06-13T22:02:06+00:00
240,2380,104.35,Order cancelled by customer,re_0bf1e24716e5a15181af9e52,2024-06-14T03:08:34+00:00
241,1868,17.80,Return received,re_0fe5040f4b1e8a4a30f02da5,2024-06-14T13:17:31+00:00
242,1896,258.02,Return received,re_8a5e2fc39c78f598854271e0,2024-06-14T19:17:15+00:00
243,2098,171.70,Return received,re_13d3f98410e6164da156cd01,2024-06-14T19:39:24+00:00
244,2392,315.30,Order cancelled by customer,re_db8ae29193a4b8cad70ad8e3,2024-06-14T21:06:32+00:00
245,2190,70.64,Return received,re_2abd0dd8378a3f8ea7b05d7f,2024-06-14T22:08:51+00:00
246,1965,31.79,Return received,re_ae3ce57d64c2052cf6280cd1,2024-06-15T03:29:46+00:00
247,2409,81.50,Order cancelled by customer,re_bb4a9e92cf32f9584a4b9233,2024-06-15T15:03:44+00:00
248,1963,182.58,Return received,re_43b4bb76836cf4dbc659a8d3,2024-06-16T02:18:03+00:00
249,2401,52.10,Order cancelled by customer,re_1abe3e00512bad4433ce57f7,2024-06-16T18:27:04+00:00
250,2432,80.35,Order cancelled by customer,re_38e61f34023d5617ab2d61aa,2024-06-17T09:30:40+00:00
251,2430,178.86,Order cancelled by customer,re_3d45f3d25bc5d4e0bb70dba8,2024-06-17T11:07:47+00:00
252,2230,144.04,Return received,re_03eed3dcf8db424a10a364ae,2024-06-19T16:43:38+00:00
253,2482,87.53,Order cancelled by customer,re_b8aa26968670f50353eae42c,2024-06-19T18:28:35+00:00
254,2474,92.22,Order cancelled by customer,re_c1f2c5ed31d6c1cebb7912f8,2024-06-19T19:59:33+00:00
255,2479,165.61,Order cancelled by customer,re_57c5016d22f66b4162e14e85,2024-06-20T06:43:32+00:00
256,2057,58.78,Return received,re_7dc7f39903349bdae195bb7d,2024-06-20T16:20:54+00:00
257,2500,79.36,Order cancelled by customer,re_13fe937681e13b86de327599,2024-06-21T03:34:42+00:00
258,2499,465.23,Order cancelled by customer,re_bd46cd37bf78352297a6b54c,2024-06-21T10:55:01+00:00
259,2511,350.70,Order cancelled by customer,re_09603a57795c967dc95f7d25,2024-06-21T12:07:10+00:00
260,2534,47.56,Order cancelled by customer,re_b96679fe94d5770cb369ca9e,2024-06-22T12:09:01+00:00
261,2533,106.29,Order cancelled by customer,re_958b1621f4c041f1595553fa,2024-06-23T12:26:21+00:00
262,2547,49.70,Order cancelled by customer,re_1c60d8f3a664d04aa17d5c15,2024-06-24T01:01:43+00:00
263,2177,1285.92,Return received,re_86219603ffef8e9de84f9036,2024-06-25T12:48:34+00:00
264,2139,68.15,Return received,re_da08fb5e0bd428857cabaf25,2024-06-26T18:12:06+00:00
265,2592,62.82,Order cancelled by customer,re_7571ed32d9ea14e807e8413c,2024-06-27T00:09:47+00:00
266,2096,540.00,Return received,re_c9583916bc4797b7b3e3b32e,2024-06-27T16:19:12+00:00
267,2605,147.98,Order cancelled by customer,re_683065e99ebe2797a74e700f,2024-06-28T12:11:10+00:00
268,2660,282.18,Order cancelled by customer,re_091669d5c39a68753ca72fd5,2024-06-29T19:05:27+00:00
269,2646,52.66,Order cancelled by customer,re_45a416e57cf1bf076869a882,2024-06-30T02:30:03+00:00
270,2388,56.17,Return received,re_5504c85d1ca3fe873f539a8b,2024-07-01T10:09:08+00:00
271,2367,99.21,Return received,re_2df0f082dc988b42d28e2b1d,2024-07-02T14:58:55+00:00
272,2692,1281.42,Order cancelled by customer,re_ec13bc1db3618b2aaf6ea94a,2024-07-03T06:43:38+00:00
273,2706,357.19,Order cancelled by customer,re_68db34ddf4812c5eb45d3517,2024-07-04T00:41:32+00:00
274,2125,312.36,Return received,re_2f9a35a3e6b5318387911c71,2024-07-04T22:26:27+00:00
275,2365,25.49,Return received,re_ef68f30bdb93a4a73b48ad98,2024-07-06T15:57:03+00:00
276,2771,111.53,Order cancelled by customer,re_6b2712e802d1423b69e650aa,2024-07-08T10:42:51+00:00
277,2805,111.53,Order cancelled by customer,re_cacafc9eae1b68ff4b5a9b71,2024-07-09T10:54:54+00:00
278,2179,85.85,Return received,re_fa65a2e4304e2a009316c4ab,2024-07-09T15:46:51+00:00
279,2809,135.34,Order cancelled by customer,re_d30e056792dab347548b6a39,2024-07-10T07:51:50+00:00
280,2846,91.15,Order cancelled by customer,re_fa9b708f764009acb1b47306,2024-07-11T07:54:28+00:00
281,2851,35.73,Order cancelled by customer,re_941b0f6957cf8ed474ae0b34,2024-07-11T10:15:15+00:00
282,2854,18.73,Order cancelled by customer,re_662a42f6721c8fbb832a66b2,2024-07-11T18:59:02+00:00
283,2341,59.63,Return received,re_ee700aaa888ec1aa035fdf8f,2024-07-12T00:46:54+00:00
284,2349,114.17,Return received,re_278252f0405f2fc5ac82da39,2024-07-12T11:38:32+00:00
285,2395,348.37,Return received,re_66a246939000bf5ca31133da,2024-07-13T05:18:22+00:00
286,2466,110.23,Return received,re_5a0523a3894dcd18c30938c4,2024-07-13T14:16:34+00:00
287,2897,91.36,Order cancelled by customer,re_1017ea66b098e82203e35697,2024-07-14T12:24:00+00:00
288,2491,36.11,Return received,re_be526c9fc5e825b7e91b985a,2024-07-14T22:17:24+00:00
289,2566,51.46,Return received,re_edd5cad5e2b58c0e134d5da9,2024-07-15T05:48:18+00:00
290,2354,66.61,Return received,re_22ed322b782ff47b48c65222,2024-07-15T16:56:47+00:00
291,2621,87.01,Return received,re_120131bc541ee73d61bc31ad,2024-07-16T08:04:27+00:00
292,2629,38.10,Return received,re_ce095239767f9baaf60447ce,2024-07-16T15:20:29+00:00
293,2580,212.77,Return received,re_a921c38d916ebb6ed43d97c0,2024-07-18T10:46:58+00:00
294,2460,42.06,Return received,re_fe540372cd727dde6ef82caa,2024-07-18T17:22:31+00:00
295,2983,26.13,Order cancelled by customer,re_458c833a7fba8566db245d5b,2024-07-19T11:44:50+00:00
296,2679,36.03,Return received,re_4806b48dba33bbbef3ec300f,2024-07-20T00:21:51+00:00
297,3006,47.32,Order cancelled by customer,re_6ebf7d428c29378fd4fa206b,2024-07-20T03:41:29+00:00
298,2570,226.24,Return received,re_a558884f8fd45baa56f6b110,2024-07-20T06:04:11+00:00
299,3001,137.21,Order cancelled by customer,re_c4f90c35840509de452a2a5f,2024-07-20T08:55:33+00:00
300,3015,26.93,Order cancelled by customer,re_0b753f0fca94450049b48ddf,2024-07-21T00:30:15+00:00
301,2611,172.77,Return received,re_101145b24ac7adb4b60a7cc0,2024-07-21T05:31:32+00:00
302,2514,29.06,Return received,re_d80ef7a192c3e73d1afe768d,2024-07-21T07:27:25+00:00
303,2651,1787.85,Return received,re_8424954a3946593740910db4,2024-07-23T00:10:36+00:00
304,3064,250.63,Order cancelled by customer,re_325e0034c768ee50bac14c8c,2024-07-23T02:30:28+00:00
305,3062,251.80,Order cancelled by customer,re_aee3cf49d8f0a4b9d36cc31e,2024-07-23T03:38:07+00:00
306,2441,81.65,Return received,re_c4dc73b6273bbd566d301951,2024-07-23T04:08:53+00:00
307,2733,109.81,Return received,re_1dbf6b9e4b4279c5fa1c2d1d,2024-07-23T18:22:40+00:00
308,3086,115.41,Order cancelled by customer,re_636a01b6b564ff14852577a0,2024-07-24T21:29:57+00:00
309,3102,33.12,Order cancelled by customer,re_7d1f9527abc8093640516b79,2024-07-25T09:49:52+00:00
310,3106,109.97,Order cancelled by customer,re_81472782047bc4c79ac33a88,2024-07-25T13:47:50+00:00
311,3122,45.78,Order cancelled by customer,re_090354cac47199b33c8f8964,2024-07-25T16:57:17+00:00
312,3108,58.24,Order cancelled by customer,re_1441ed974c8d5c3129b920df,2024-07-25T19:14:06+00:00
313,2861,179.75,Return received,re_7ea36c75556e8514a8260837,2024-07-28T08:55:43+00:00
314,3175,36.01,Order cancelled by customer,re_e4616eaa156bb5313d76cf66,2024-07-29T00:20:35+00:00
315,3166,132.82,Order cancelled by customer,re_239b8df95f7da3ce5a2c924e,2024-07-29T00:25:20+00:00
316,3191,90.08,Order cancelled by customer,re_f751098cbb0b92eddbe0e8cb,2024-07-29T08:41:26+00:00
317,2737,80.56,Return received,re_852ccde9522186c5c3d246fb,2024-07-29T09:15:06+00:00
318,3181,58.34,Order cancelled by customer,re_fdf23dc087861dcb6e9b4be8,2024-07-30T06:57:36+00:00
319,2999,114.74,Return received,re_6475be330890e1f710dc2c82,2024-08-01T13:06:08+00:00
320,3267,61.63,Order cancelled by customer,re_dcf719c51147a40b7eb6db0c,2024-08-03T17:00:47+00:00
321,3254,101.74,Order cancelled by customer,re_80d4ac27351638b65ba766a9,2024-08-03T17:43:17+00:00
322,2821,60.05,Return received,re_822aa47251411d1c53b3fadd,2024-08-04T09:32:42+00:00
323,3077,108.10,Return received,re_6f1e37b2676689a3d0a6805e,2024-08-05T19:49:04+00:00
324,2903,38.37,Return received,re_32f72e016502052d375dbb78,2024-08-06T06:45:18+00:00
325,2977,49.44,Return received,re_b1ac752a3e9ea3ee13348615,2024-08-06T06:50:07+00:00
326,2844,230.58,Return received,re_736b81e6d16c6253dfe2b189,2024-08-08T13:52:50+00:00
327,3347,139.91,Order cancelled by customer,re_c495c204a202ae8e9ee1a606,2024-08-09T06:25:40+00:00
328,3039,296.40,Return received,re_ba7346bb2fe2fcc01443f951,2024-08-09T08:25:12+00:00
329,3089,810.68,Return received,re_f94d45f07309ad5acabe98fe,2024-08-09T14:28:45+00:00
330,3357,162.13,Order cancelled by customer,re_7613bbeae6420bf434d8fd6e,2024-08-09T16:39:19+00:00
331,2958,117.57,Return received,re_37c99eb90db6438654601b2b,2024-08-09T22:11:09+00:00
332,3066,46.90,Return received,re_7d2a577d8026492296f79dd9,2024-08-11T02:15:58+00:00
333,2987,110.88,Return received,re_60ed0f00b0947bec670e9800,2024-08-11T10:41:55+00:00
334,3383,134.18,Order cancelled by customer,re_57c31f14562431167d0c3b04,2024-08-11T11:36:37+00:00
335,3374,309.76,Order cancelled by customer,re_510ac6821dc7d73c0a3dcc9a,2024-08-11T12:56:36+00:00
336,3392,115.14,Order cancelled by customer,re_0d1b1a44deefcb061809fe98,2024-08-11T19:04:18+00:00
337,3057,134.16,Return received,re_a91290036c5805f5753f596a,2024-08-11T19:39:40+00:00
338,3011,43.55,Return received,re_3d6c26fd46144a46ea1c4008,2024-08-12T08:05:22+00:00
339,3397,49.53,Order cancelled by customer,re_8cb2e1c64af6e9490ee049c2,2024-08-12T10:44:11+00:00
340,3155,72.75,Return received,re_7b18b8a4e950999692599199,2024-08-13T17:42:55+00:00
341,3434,69.72,Order cancelled by customer,re_e6eaf8b0da695b92641de9a2,2024-08-14T09:48:47+00:00
342,2847,32.46,Return received,re_d7ce919227192e522dc84d0a,2024-08-15T07:03:29+00:00
343,3439,214.60,Order cancelled by customer,re_c890089c7e1cf6b93e993e6f,2024-08-15T16:28:09+00:00
344,3205,53.21,Return received,re_02b6daeeb7679a05d76b30f4,2024-08-16T01:10:25+00:00
345,3463,113.13,Order cancelled by customer,re_239ee15d64a85b0b2c8f8c56,2024-08-16T04:21:36+00:00
346,3471,43.65,Order cancelled by customer,re_b4b01a2ae026b84beee5b88d,2024-08-17T00:39:32+00:00
347,3058,103.07,Return received,re_9dab41ed74a39289efd61edf,2024-08-17T22:57:07+00:00
348,3493,89.27,Order cancelled by customer,re_123e952fd672577373233b88,2024-08-19T00:20:27+00:00
349,3499,151.96,Order cancelled by customer,re_1c700c50aa59d63b81db93a1,2024-08-19T01:56:35+00:00
350,2907,59.07,Return received,re_895d6cf5f213f309c64a4d14,2024-08-19T20:33:24+00:00
351,3537,188.34,Order cancelled by customer,re_cc8f5fc94fe6af1e786a8ca9,2024-08-21T16:09:21+00:00
352,2890,24.11,Return received,re_bc019ad80cc820409ef29361,2024-08-22T04:18:17+00:00
353,3047,55.75,Return received,re_9c24e1266751a2c73bda0c39,2024-08-24T02:07:29+00:00
354,3232,130.56,Return received,re_743feb025548b385d784eafd,2024-08-25T19:23:14+00:00
355,3354,25.00,Return received,re_89a06784d8355460e582d282,2024-08-26T02:09:32+00:00
356,3038,231.64,Return received,re_a2f163ec0e355177cc4b5fd4,2024-08-26T20:29:01+00:00
357,3637,35.92,Order cancelled by customer,re_724d4662ab7ee8495c377880,2024-08-27T03:54:28+00:00
358,3195,78.91,Return received,re_7e09ed112d860e8a848cb78c,2024-08-28T00:22:10+00:00
359,3670,80.56,Order cancelled by customer,re_13cd327cdb17c5bad24c72b4,2024-08-28T06:02:33+00:00
360,3691,52.62,Order cancelled by customer,re_c095a1102335a229538497cf,2024-08-29T18:32:46+00:00
361,3404,100.69,Return received,re_e316fefdd7f61f8355807b69,2024-08-30T04:40:09+00:00
362,3133,228.41,Return received,re_590b88fad6d5369ea653f1de,2024-08-30T18:08:14+00:00
363,3339,251.80,Return received,re_31f6d627348439f1d8edb1f4,2024-08-30T23:30:20+00:00
364,3426,99.86,Return received,re_5130ddc5baf62ed1c1b773f5,2024-09-02T00:47:57+00:00
365,3744,226.44,Order cancelled by customer,re_71a5f62182d22dfa3c3367ad,2024-09-02T09:36:04+00:00
366,3183,146.29,Return received,re_72a0641739ad3f3910bacaeb,2024-09-02T18:48:05+00:00
367,3407,137.27,Return received,re_3fe9fd7e13359bb664c7a099,2024-09-02T22:17:26+00:00
368,3783,268.67,Order cancelled by customer,re_e0c290f4fc7fa782e3c8e1d9,2024-09-03T08:19:30+00:00
369,3772,115.82,Order cancelled by customer,re_d39d415ec7b20efede6ac991,2024-09-03T22:11:49+00:00
370,3804,158.66,Order cancelled by customer,re_c41ece743f1ddde71deb7738,2024-09-05T05:39:23+00:00
371,3330,96.12,Return received,re_965b9449e330caabcfef63eb,2024-09-05T10:19:49+00:00
372,3821,248.25,Order cancelled by customer,re_2c344fe99c9467a989187584,2024-09-06T05:17:11+00:00
373,3196,438.80,Return received,re_8e5fedd6835062fad755b705,2024-09-06T13:28:42+00:00
374,3826,104.50,Order cancelled by customer,re_2e7f4bc0487689e8a703644e,2024-09-06T18:24:12+00:00
375,3839,539.24,Order cancelled by customer,re_3c3a69fb47cbe886aa41644c,2024-09-07T01:15:23+00:00
376,3863,1782.43,Order cancelled by customer,re_9efd8df8ad9a742cf6386782,2024-09-07T07:26:34+00:00
377,3369,121.11,Return received,re_138b9393495a3ca102e44e77,2024-09-07T17:41:36+00:00
378,3475,89.55,Return received,re_5e6af5711cdbe3619d7e12b0,2024-09-07T23:35:19+00:00
379,3860,43.00,Order cancelled by customer,re_c9aea535a8f916539feb87c9,2024-09-08T00:24:25+00:00
380,3901,27.23,Order cancelled by customer,re_a80dd6ef3af827e3f348c35f,2024-09-09T14:42:29+00:00
381,3552,110.23,Return received,re_2188c66c6b919269576b85bd,2024-09-10T13:52:13+00:00
382,3906,81.05,Order cancelled by customer,re_c667db3f06a5b9075132feb7,2024-09-10T23:59:50+00:00
383,3459,70.76,Return received,re_9a715c3a50f4507f1f683b79,2024-09-11T21:20:40+00:00
384,3943,130.51,Order cancelled by customer,re_a75effdcf02206eb869ebbfe,2024-09-13T11:42:25+00:00
385,3350,42.45,Return received,re_a62a5ca0e149d64be871f756,2024-09-13T13:12:28+00:00
386,3965,154.04,Order cancelled by customer,re_4110ec9166e7b875b88e6dcf,2024-09-13T21:24:31+00:00
387,3998,389.29,Order cancelled by customer,re_79c919e78bac087e82ba463e,2024-09-14T17:24:54+00:00
388,3371,170.50,Return received,re_9c8b959affd3df15017ee5c8,2024-09-14T22:04:33+00:00
389,3991,62.16,Order cancelled by customer,re_2059f77c3545c3b8f22a66a7,2024-09-15T11:50:43+00:00
390,3417,29.47,Return received,re_08cb65e629e09f979d13f6db,2024-09-15T12:09:57+00:00
391,4019,135.48,Order cancelled by customer,re_3b7d59e6c2c378f20c116639,2024-09-15T13:07:10+00:00
392,3356,265.82,Return received,re_7e6b7d5249785e3c54fc34ac,2024-09-15T13:32:30+00:00
393,3378,108.72,Return received,re_a63d652f1a36c47f9ec7ae45,2024-09-15T22:23:30+00:00
394,4031,107.30,Order cancelled by customer,re_3659af47a1f20797f5267ffe,2024-09-16T16:38:12+00:00
395,4022,182.30,Order cancelled by customer,re_abe3dadb3bb67fe7b36c898d,2024-09-17T13:19:04+00:00
396,3483,43.55,Return received,re_b54fe4674954d895f457891a,2024-09-18T02:14:05+00:00
397,3342,147.67,Return received,re_e06dd6d1270c5433d81a6645,2024-09-18T13:36:22+00:00
398,4077,503.60,Order cancelled by customer,re_8d27a312ff1deb1c45d4957b,2024-09-20T01:49:53+00:00
399,3714,109.00,Return received,re_babf5fa163065aeba4793b85,2024-09-20T12:41:47+00:00
400,3579,181.06,Return received,re_34bc474c094a515cf032e0d5,2024-09-20T15:57:03+00:00
401,4141,128.38,Order cancelled by customer,re_559c94e962934e9e82e3ac62,2024-09-22T10:21:09+00:00
402,4145,190.50,Order cancelled by customer,re_c1b42ab987fd00b5f2b75c22,2024-09-22T13:18:06+00:00
403,4144,850.47,Order cancelled by customer,re_9c90229bb7b899f6b3ba114a,2024-09-22T13:48:22+00:00
404,4154,87.61,Order cancelled by customer,re_f511f73d733fc688fa609b99,2024-09-22T22:25:52+00:00
405,3568,115.82,Return received,re_5a68ef27bfbb544bee913a2a,2024-09-23T09:10:45+00:00
406,4161,47.32,Order cancelled by customer,re_c77d9e2bc02a35fb3443c0e0,2024-09-23T12:22:36+00:00
407,3462,288.60,Return received,re_ec752ad0763f0db397563044,2024-09-23T23:02:38+00:00
408,4160,60.96,Order cancelled by customer,re_83e2e95ae83ef78c092d9e0b,2024-09-24T11:54:48+00:00
409,3727,114.74,Return received,re_ee1f24997e2576b5b74c56db,2024-09-25T14:53:01+00:00
410,4191,45.52,Order cancelled by customer,re_610845f5e71cd71cd80c479b,2024-09-25T15:53:39+00:00
411,4201,311.63,Order cancelled by customer,re_990d2d84d2d86c1198bb70ce,2024-09-25T20:49:39+00:00
412,3630,47.81,Return received,re_314a965b2009a4e662ef24db,2024-09-26T17:51:46+00:00
413,3496,114.74,Return received,re_87d19dbdc8f680de8e865649,2024-09-27T03:26:09+00:00
414,4262,91.86,Order cancelled by customer,re_d88bf57f62464b6dfacb09fd,2024-09-28T15:14:17+00:00
415,4254,166.37,Order cancelled by customer,re_c51760fda9b4ac784876f1cf,2024-09-28T17:57:20+00:00
416,3984,111.53,Return received,re_a06a00a2ce646c7ff5e360b3,2024-09-29T22:09:20+00:00
417,3832,117.57,Return received,re_940214417a46f1bc62a83cfa,2024-09-30T20:05:01+00:00
418,4287,159.79,Order cancelled by customer,re_3ee9eb2c8430ec2b6e8e6abb,2024-10-01T04:45:54+00:00
419,4284,2819.14,Order cancelled by customer,re_04885c395240ec688c02f611,2024-10-01T13:32:10+00:00
420,4306,62.29,Order cancelled by customer,re_c5a40ad2be5fc6e9ab595c8d,2024-10-01T23:11:24+00:00
421,3625,196.64,Return received,re_d244033f83d5f6c4e24724d4,2024-10-02T22:25:13+00:00
422,4340,154.74,Order cancelled by customer,re_ee95704cf931559d59afed5b,2024-10-04T05:29:22+00:00
423,3810,51.00,Return received,re_a24e30804ce6b7c44d5b259b,2024-10-06T14:17:31+00:00
424,3797,328.85,Return received,re_eca6979384c66be80ad265e4,2024-10-06T21:31:52+00:00
425,4403,84.84,Order cancelled by customer,re_cc620148fc9413146e910ab6,2024-10-06T23:26:00+00:00
426,4188,35.30,Return received,re_435160e4398e7cc95ff3737a,2024-10-07T06:17:21+00:00
427,3794,226.44,Return received,re_5a1619db120fcc4986389f1d,2024-10-07T08:20:04+00:00
428,3930,175.95,Return received,re_a0a28dc942009451f5d88164,2024-10-08T13:12:56+00:00
429,4457,54.69,Order cancelled by customer,re_0c020cf6c6991853ceead3af,2024-10-09T18:59:55+00:00
430,3944,112.31,Return received,re_0012fb10ea0deb3adb1b9be1,2024-10-10T23:04:28+00:00
431,3852,90.71,Return received,re_5f91c7b4059ed8f2fbe823e1,2024-10-10T23:11:16+00:00
432,4469,31.72,Order cancelled by customer,re_5c019ca7841d779f3b7b7e91,2024-10-11T01:15:47+00:00
433,3955,26.12,Return received,re_9a14e6bda425ac6a539434f6,2024-10-11T18:43:04+00:00
434,4497,84.78,Order cancelled by customer,re_44adbaf6609e1e3bcc2f2be4,2024-10-11T22:28:19+00:00
435,3859,103.87,Return received,re_0a9f2c060a8283bdbd468652,2024-10-11T23:53:12+00:00
436,4091,114.74,Return received,re_3e3dcad9cb5f8e4a3315083f,2024-10-12T00:57:19+00:00
437,3950,86.00,Return received,re_8d49b8a33d262efee8936d64,2024-10-12T13:17:27+00:00
438,4513,75.53,Order cancelled by customer,re_b28a48aa1f337911e78ce0af,2024-10-12T22:30:05+00:00
439,4132,385.83,Return received,re_1e38d2c223958819048435cc,2024-10-13T04:28:31+00:00
440,4242,126.43,Return received,re_a44b84b8db4e0e369cf6ee09,2024-10-13T06:54:02+00:00
441,4514,46.83,Order cancelled by customer,re_0ecb06018cd7dd4dd59d9f75,2024-10-13T08:23:06+00:00
442,4094,19.99,Return received,re_e3653d9de82a8a8fd9ff43be,2024-10-13T21:25:22+00:00
443,4531,265.97,Order cancelled by customer,re_0a370787a3f1fa9735f8b77a,2024-10-14T13:25:27+00:00
444,4177,78.93,Return received,re_ab0fb45c84db1830135fa8ee,2024-10-15T07:48:10+00:00
445,4114,152.41,Return received,re_5a731a12b192863611de8ecf,2024-10-15T12:18:13+00:00
446,4223,127.17,Return received,re_57b6a5108bf4ee2c92c96a46,2024-10-15T12:26:43+00:00
447,4089,110.23,Return received,re_f344b6b256fc8e9049750e16,2024-10-15T20:14:30+00:00
448,4552,98.99,Order cancelled by customer,re_8bef5ca1f10aeb623031b857,2024-10-16T00:13:30+00:00
449,4595,49.80,Order cancelled by customer,re_6fc30051099a90bd021ccf70,2024-10-18T07:23:03+00:00
450,4590,29.57,Order cancelled by customer,re_3c8f8f7c20b3dd64a4090c95,2024-10-18T08:43:43+00:00
451,4082,34.29,Return received,re_ef5b49db01a2531493d0c9a9,2024-10-18T12:35:09+00:00
452,4641,153.58,Order cancelled by customer,re_bd600528bccf1de711b0f3d2,2024-10-19T12:36:39+00:00
453,4639,56.85,Order cancelled by customer,re_45fa264882c08ad87f9ef8cf,2024-10-19T16:28:16+00:00
454,4634,77.84,Order cancelled by customer,re_0af9959eceb58523257387c0,2024-10-20T00:32:56+00:00
455,4647,561.77,Order cancelled by customer,re_a24759f336527cc6d07e6b52,2024-10-20T01:30:36+00:00
456,4632,198.76,Order cancelled by customer,re_b1f375ddc003ea73401c98e8,2024-10-20T16:10:51+00:00
457,4371,190.89,Return received,re_b183c6be3a72bbeb5a6cfd46,2024-10-20T21:21:57+00:00
458,4150,70.99,Return received,re_11988516f7a0dac551033d40,2024-10-22T20:28:57+00:00
459,3892,1289.09,Return received,re_e0ac79248a0176830f38a34e,2024-10-23T08:06:47+00:00
460,4330,174.19,Return received,re_f96f7e5514e4b4da4920e8f8,2024-10-24T03:20:03+00:00
461,4183,1137.33,Return received,re_ca448a31c36ce0bb9943367b,2024-10-24T21:37:44+00:00
462,4538,115.82,Return received,re_1264046bcfb96812649350d7,2024-10-26T11:25:05+00:00
463,4797,146.63,Order cancelled by customer,re_c70513885e50b459a971d91c,2024-10-27T07:42:06+00:00
464,4336,94.36,Return received,re_991457a74937ab58c4d82fd1,2024-10-27T13:52:49+00:00
465,4805,82.15,Order cancelled by customer,re_ff0230d226f4d6abdf238750,2024-10-28T07:47:12+00:00
466,4834,239.14,Order cancelled by customer,re_6f754f5a09f90584d0aca12b,2024-10-28T12:34:13+00:00
467,4792,289.33,Order cancelled by customer,re_0f15d062a419ef6d99488908,2024-10-28T14:03:31+00:00
468,4827,135.67,Order cancelled by customer,re_f451d2b49a0bbd9e3c3b3fad,2024-10-28T18:24:12+00:00
469,4829,103.42,Order cancelled by customer,re_7352e15a7ea59e9f93f06a4a,2024-10-29T02:24:52+00:00
470,4864,55.23,Order cancelled by customer,re_d5379633c0e1b28b2f5d415d,2024-10-31T03:14:30+00:00
471,4879,41.37,Order cancelled by customer,re_b7af23000865f540b43c7c4f,2024-10-31T16:30:49+00:00
472,4314,41.43,Return received,re_e371473fd207c56249728fc4,2024-10-31T21:43:55+00:00
473,4872,57.16,Order cancelled by customer,re_00f48cd8b700156cafdb3ed5,2024-10-31T23:53:02+00:00
474,4901,812.45,Order cancelled by customer,re_a79b8a77b65e425fe8dd921b,2024-11-01T05:49:37+00:00
475,4156,223.06,Return received,re_a5dbbc5bee014e14424e0882,2024-11-01T19:15:55+00:00
476,4221,81.99,Return received,re_6db0a7d46fa05bf12acacdbd,2024-11-01T20:26:41+00:00
477,4672,173.60,Return received,re_d3fac43d953ea968f4ae768e,2024-11-02T16:11:42+00:00
478,4927,228.53,Order cancelled by customer,re_82c373e5567ef48e3bf8c2af,2024-11-02T21:02:09+00:00
479,4435,49.54,Return received,re_08ac016c161235957fb5693e,2024-11-02T22:53:05+00:00
480,4965,39.15,Order cancelled by customer,re_8077da377a4b88da821c91d9,2024-11-03T03:30:44+00:00
481,4930,37.78,Order cancelled by customer,re_8b8aa2e914f9ffdfec06ec57,2024-11-03T04:54:14+00:00
482,4297,45.51,Return received,re_41e0f3582cba7da3afe92971,2024-11-03T21:41:21+00:00
483,4966,26.17,Order cancelled by customer,re_e994ac69a657cf840574ce56,2024-11-04T01:43:21+00:00
484,5034,23.40,Order cancelled by customer,re_ad1ffd44fc80aedb7d51a300,2024-11-04T09:41:42+00:00
485,4406,93.27,Return received,re_6fff3304fef4591ddc04de2f,2024-11-04T12:39:08+00:00
486,4568,263.46,Return received,re_6997fdb6e7a7859af2bc9028,2024-11-04T22:38:57+00:00
487,4662,228.94,Return received,re_ebc6e8d25103561f5d756343,2024-11-05T16:01:55+00:00
488,4461,71.75,Return received,re_c07a9aca6b1b1c346161a1d1,2024-11-05T23:46:36+00:00
489,5057,136.78,Order cancelled by customer,re_3f5f0449c371d9b8e3d8a948,2024-11-06T03:30:49+00:00
490,4521,36.67,Return received,re_5e81b39e3d44254808d339fb,2024-11-06T15:39:05+00:00
491,5087,209.30,Order cancelled by customer,re_d89010ecf06bafb21447f17e,2024-11-06T19:38:40+00:00
492,5127,215.16,Order cancelled by customer,re_aadf28dd6e8b8711d6bf9e74,2024-11-07T17:01:30+00:00
493,4609,105.20,Return received,re_b7a98a182790b9ae5bc97096,2024-11-07T17:38:29+00:00
494,4533,199.74,Return received,re_da86bd13074da763cce606a1,2024-11-07T17:57:39+00:00
495,4670,63.17,Return received,re_69267a14d5baaddf78ff0550,2024-11-07T18:04:16+00:00
496,4292,28.84,Return received,re_9e1cd5706332ef6ce4ebf1f1,2024-11-07T20:28:36+00:00
497,5136,243.84,Order cancelled by customer,re_0cb32b02ae267f0f7cd8fe17,2024-11-08T02:25:14+00:00
498,4665,115.14,Return received,re_28c7bca1f1110e65a35a3b71,2024-11-08T10:23:18+00:00
499,5107,111.12,Order cancelled by customer,re_62a7156a02cc83dd66b5e271,2024-11-08T14:04:02+00:00
500,4695,96.51,Return received,re_6b35b5ad65441a4b842166e5,2024-11-08T15:52:58+00:00
501,5159,56.67,Order cancelled by customer,re_4f590065d51efa594d30c57f,2024-11-08T23:51:59+00:00
502,4436,52.54,Return received,re_ad954a3ee7a63f86774053c1,2024-11-09T13:39:55+00:00
503,5185,61.42,Order cancelled by customer,re_d0be360f8a7f2eedb7784cf1,2024-11-10T09:26:15+00:00
504,4807,86.05,Return received,re_fc5cfa4b0fe1936ef8f9da61,2024-11-10T10:10:18+00:00
505,5219,32.16,Order cancelled by customer,re_8353d24d3cd9aa2e4146b104,2024-11-10T20:32:55+00:00
506,5212,335.73,Order cancelled by customer,re_e232c27efd29ca28f3615656,2024-11-11T11:04:56+00:00
507,5223,173.43,Order cancelled by customer,re_d1503de3dbe54838948d4447,2024-11-11T16:07:21+00:00
508,4676,208.77,Return received,re_b0debb4e05329887ab670930,2024-11-11T17:26:36+00:00
509,4707,26.12,Return received,re_5784ce592613f32cb1a2c3e2,2024-11-12T01:03:35+00:00
510,5288,49.95,Order cancelled by customer,re_c505c67d2c1f1986a71c2248,2024-11-12T06:26:14+00:00
511,5305,77.70,Order cancelled by customer,re_1fb4a315f809fc913f06c460,2024-11-13T10:00:02+00:00
512,5327,130.56,Order cancelled by customer,re_6414a7cb6337c1a54e798a8f,2024-11-13T19:16:27+00:00
513,5338,290.42,Order cancelled by customer,re_9d7487bb3691b182f45656ea,2024-11-14T03:26:41+00:00
514,4660,69.77,Return received,re_31739900bfeda39bc95e667c,2024-11-14T06:54:41+00:00
515,5384,56.86,Order cancelled by customer,re_80b1501b78922c0fd7b6d699,2024-11-14T10:10:21+00:00
516,4525,40.12,Return received,re_c53b31a69d172f359e608d97,2024-11-14T13:32:05+00:00
517,4809,69.16,Return received,re_939036fd70ba300d964ae45a,2024-11-14T18:13:28+00:00
518,4820,291.08,Return received,re_572e21c1549a3efc860295f4,2024-11-16T03:41:23+00:00
519,4589,69.70,Return received,re_054588ae36d9a364fcc6ef75,2024-11-17T11:58:23+00:00
520,4752,175.29,Return received,re_9de7148144ff083921189f2a,2024-11-17T15:33:54+00:00
521,4860,455.64,Return received,re_f1e0671d65ae2aaaf95f84f3,2024-11-17T17:16:26+00:00
522,4856,234.07,Return received,re_38d8cbc78cf9f19b8df7f892,2024-11-17T19:44:21+00:00
523,5484,83.82,Order cancelled by customer,re_f024325e602f041111ff6816,2024-11-18T06:13:11+00:00
524,4578,126.43,Return received,re_a6da9e3bdeedbae23c4519e7,2024-11-18T13:03:30+00:00
525,5528,77.00,Order cancelled by customer,re_8bff97730fcaf701481e4de4,2024-11-19T19:12:53+00:00
526,4934,55.59,Return received,re_6d711b786229b3b65b7ee0f2,2024-11-19T19:32:07+00:00
527,4808,54.37,Return received,re_6ba2beca00279e104529f305,2024-11-20T05:30:21+00:00
528,4657,70.76,Return received,re_8b32ab5e877e210075f0d485,2024-11-20T09:01:26+00:00
529,4861,259.77,Return received,re_9295f81ee533954ec103b27a,2024-11-20T11:00:15+00:00
530,4613,120.37,Return received,re_4d9e7b6a114ea9e76f616370,2024-11-20T14:41:59+00:00
531,5589,229.90,Order cancelled by customer,re_e23a9ee8a4bd07c49f8ecc33,2024-11-21T05:32:20+00:00
532,5603,47.71,Order cancelled by customer,re_a4d7b1303479264cd973f126,2024-11-21T06:27:54+00:00
533,5622,93.30,Order cancelled by customer,re_b95f1305803a6b8de03c83f0,2024-11-21T12:35:09+00:00
534,4909,23.31,Return received,re_bb3cb5841fd2c091091a8c4e,2024-11-21T20:50:10+00:00
535,5620,129.86,Order cancelled by customer,re_2a34f27fa48f94c04c9762bc,2024-11-22T01:36:20+00:00
536,5647,119.14,Order cancelled by customer,re_93a9598d0548bd90bcb0c0fa,2024-11-22T02:07:42+00:00
537,5646,185.51,Order cancelled by customer,re_e599be7127182bb56f8bcdb3,2024-11-22T21:35:17+00:00
538,5657,142.02,Order cancelled by customer,re_8e22797e8528ac9f1effd5d0,2024-11-23T01:51:49+00:00
539,5114,107.93,Return received,re_a8fa94e6e7f2793fdc61d6dc,2024-11-23T12:05:26+00:00
540,4731,93.49,Return received,re_b7ea60231d267026d4a8f1f0,2024-11-23T16:20:50+00:00
541,5670,332.64,Order cancelled by customer,re_73e7ea5f6bc2064e2d6604e1,2024-11-23T18:41:43+00:00
542,5203,151.92,Return received,re_792191e151727eb9fbab21b7,2024-11-24T04:40:08+00:00
543,5697,92.53,Order cancelled by customer,re_dcf49b090604acda1e4fb314,2024-11-24T18:28:58+00:00
544,5705,49.54,Order cancelled by customer,re_f182d5dbb41861189225641d,2024-11-25T08:29:22+00:00
545,5046,35.18,Return received,re_21edd8a8cd0d7ec52020b820,2024-11-26T03:21:22+00:00
546,4674,39.50,Return received,re_e282d448270e8498bc8bda29,2024-11-26T06:51:41+00:00
547,5777,159.24,Order cancelled by customer,re_932248bfdb32f51945813d56,2024-11-26T10:44:34+00:00
548,5755,92.07,Order cancelled by customer,re_b29055801b7e0c3ff80d6a01,2024-11-26T13:13:05+00:00
549,5378,329.44,Return received,re_3a9bb1dc46320120f80384be,2024-11-26T21:07:35+00:00
550,4812,191.84,Return received,re_0253255f77900c561b42a294,2024-11-27T04:55:07+00:00
551,4748,40.74,Return received,re_8037070eb2d97505fd732b92,2024-11-27T19:18:19+00:00
552,5832,52.62,Order cancelled by customer,re_c9f64eca348e24adc28a7679,2024-11-27T22:04:24+00:00
553,5813,282.99,Order cancelled by customer,re_99e918a7bcf1a7cf5393067e,2024-11-28T01:52:02+00:00
554,5853,114.17,Order cancelled by customer,re_497a28fdac93444632f0c385,2024-11-28T19:19:03+00:00
555,5849,80.07,Order cancelled by customer,re_c385b642e9848daca79fcb43,2024-11-29T01:42:35+00:00
556,5910,25.17,Order cancelled by customer,re_e2bccacb9b4e9356778faddb,2024-11-29T18:11:37+00:00
557,5921,20.13,Order cancelled by customer,re_db8fbdb915ef66a70696e226,2024-12-01T15:51:16+00:00
558,6017,138.35,Order cancelled by customer,re_b62047743771a672bc1c2a44,2024-12-02T02:16:11+00:00
559,5954,214.32,Order cancelled by customer,re_1972983aba6fa599adc20bce,2024-12-02T14:09:09+00:00
560,5481,58.70,Return received,re_b318eff9aa89e6d8f5b01dc1,2024-12-03T21:10:30+00:00
561,6044,149.15,Order cancelled by customer,re_062094cc3ffcdbe97cc5eaa5,2024-12-04T05:31:29+00:00
562,6088,31.57,Order cancelled by customer,re_3c84ccef9263e259d7b3ab35,2024-12-04T07:49:55+00:00
563,5198,360.40,Return received,re_c4024b9897351663aa30eec6,2024-12-04T10:01:10+00:00
564,5551,138.26,Return received,re_7e86cd818c1a94688e48e40f,2024-12-04T10:13:03+00:00
565,5366,191.35,Return received,re_7146db06b3f329090fa42d6d,2024-12-04T10:16:35+00:00
566,5095,200.33,Return received,re_d124475025d678329f44088b,2024-12-04T12:57:26+00:00
567,6077,209.03,Order cancelled by customer,re_4cab4660316f031ead242016,2024-12-05T03:40:30+00:00
568,6106,28.50,Order cancelled by customer,re_1d6b5ff9f254afe7063266ef,2024-12-05T14:17:28+00:00
569,5439,367.88,Return received,re_58aa19156dc6adb434fb1ee9,2024-12-05T16:44:06+00:00
570,5395,113.71,Return received,re_6a4954ac6184aa00da95cdff,2024-12-05T18:31:04+00:00
571,5500,67.99,Return received,re_6c5e5abb245930e660eef477,2024-12-06T05:38:59+00:00
572,6149,91.36,Order cancelled by customer,re_92bf8773a1ab08c97c8d5143,2024-12-06T10:44:04+00:00
573,5180,144.13,Return received,re_b828c21e422307f0c1c5e41d,2024-12-06T10:52:37+00:00
574,5492,416.96,Return received,re_1b075e777ffac23c47e8294d,2024-12-07T00:46:18+00:00
575,5120,75.81,Return received,re_bd494d5f2a17d5c581d0c9dc,2024-12-07T07:16:52+00:00
576,5328,2963.35,Return received,re_a4344d95546e80c63dcdb184,2024-12-07T09:12:17+00:00
577,5294,46.73,Return received,re_c6ac2c506efb9938ae113280,2024-12-07T14:18:09+00:00
578,5254,188.22,Return received,re_af7654103b671f7d0001065f,2024-12-07T16:50:37+00:00
579,5404,310.96,Return received,re_391c7a3614aeb85beccc1c2f,2024-12-08T08:00:11+00:00
580,6171,49.44,Order cancelled by customer,re_2fd29f7bc90d52ca7891a239,2024-12-08T13:02:22+00:00
581,6225,81.28,Order cancelled by customer,re_3c5c0ba68d3f3294974fec07,2024-12-08T17:24:04+00:00
582,5362,134.29,Return received,re_6a86c31e7b7c006df802d1f0,2024-12-09T09:51:58+00:00
583,6281,53.92,Order cancelled by customer,re_bbb4978cc3ab03dcf8e5880e,2024-12-09T13:44:56+00:00
584,5738,231.38,Return received,re_7c330c567064d1057ef9b086,2024-12-09T19:23:11+00:00
585,6287,131.75,Order cancelled by customer,re_bc8ac297ec465afbc4d836e8,2024-12-10T02:26:15+00:00
586,5247,23.21,Return received,re_12488a9076b188c9c00342b0,2024-12-10T07:26:17+00:00
587,6266,35.73,Order cancelled by customer,re_08289d12b98b89fb8a183384,2024-12-10T13:00:51+00:00
588,4987,77.21,Return received,re_ed6dfa51956208e532b0ff29,2024-12-10T22:07:40+00:00
589,6347,441.38,Order cancelled by customer,re_e44f8f36e721cefe1ac278ce,2024-12-11T09:03:14+00:00
590,5262,36.33,Return received,re_fdf6e49702e3cdae92c01a3e,2024-12-12T05:33:29+00:00
591,6354,128.95,Order cancelled by customer,re_838c93b81c87dc92b3ae7c16,2024-12-12T08:13:01+00:00
592,5252,27.55,Return received,re_fa323f6a1cc960289ea9dd7d,2024-12-12T21:38:50+00:00
593,6393,320.59,Order cancelled by customer,re_951a6bb1ee56bb432a4a08b2,2024-12-13T09:56:53+00:00
594,6045,287.86,Return received,re_411d3fc5d154d66395d1c9be,2024-12-13T15:48:05+00:00
595,5874,187.64,Return received,re_3058decff8eb6cf2ddd8d3e6,2024-12-13T21:04:51+00:00
596,5891,187.19,Return received,re_d7c067ba1021c9c451058897,2024-12-14T00:15:51+00:00
597,6388,170.59,Order cancelled by customer,re_677fa40c8e06d5a4f0ef0e45,2024-12-14T01:55:12+00:00
598,6414,37.97,Order cancelled by customer,re_bf4ea4b423e1efa3f956f0ac,2024-12-14T03:39:30+00:00
599,5668,34.31,Return received,re_f0b26cfd73ae69759f802c3e,2024-12-14T13:48:19+00:00
600,6439,156.07,Order cancelled by customer,re_064cd9e7719b8bbf6eb0ed7a,2024-12-14T23:22:21+00:00
601,5473,18.16,Return received,re_1473db17ddd3f926ff9888f4,2024-12-15T11:07:44+00:00
602,6470,31.66,Order cancelled by customer,re_7a6d03ef3c6f5e017fc3af1e,2024-12-16T00:28:59+00:00
603,5593,56.83,Return received,re_42178dbfcecfbf727d60ddbd,2024-12-16T03:41:08+00:00
604,5658,32.32,Return received,re_8b8ad69b306cf1fd52e042ca,2024-12-16T10:42:54+00:00
605,6522,113.12,Order cancelled by customer,re_f9dcd13f480c6007dff63eec,2024-12-16T11:51:13+00:00
606,5263,223.06,Return received,re_af7fa40c2b6b9b9f0ecc09a9,2024-12-17T02:37:41+00:00
607,6567,27.97,Order cancelled by customer,re_6f22265d559b4c6b345bcd4a,2024-12-17T23:49:19+00:00
608,6555,77.17,Order cancelled by customer,re_305dc7147bab4a205eee2f62,2024-12-18T01:05:18+00:00
609,5341,175.53,Return received,re_81bfe7ab648121fb417cea7b,2024-12-18T02:24:01+00:00
610,6564,114.46,Order cancelled by customer,re_952ec812857c98f94d7d186d,2024-12-18T02:42:01+00:00
611,6541,33.17,Order cancelled by customer,re_e0a2bec6bf84d1d5bfac4238,2024-12-18T06:24:13+00:00
612,6548,288.15,Order cancelled by customer,re_ae90767e77304b0888365b2b,2024-12-18T09:54:03+00:00
613,5536,342.10,Return received,re_3aef268db73f32fe6188e687,2024-12-18T15:49:12+00:00
614,5608,50.87,Return received,re_389b3ab945aba57b8f2a6552,2024-12-18T22:38:16+00:00
615,5493,76.76,Return received,re_5cffa70444561e709cafa9f3,2024-12-19T08:30:33+00:00
616,6596,65.41,Order cancelled by customer,re_355215656a38ae0c40e6fa87,2024-12-19T12:07:44+00:00
617,6660,67.10,Order cancelled by customer,re_1b36debcef9e77b602ee5a73,2024-12-19T12:56:02+00:00
618,6646,188.67,Order cancelled by customer,re_4ef2dec2c4a01accd72aab64,2024-12-19T17:06:28+00:00
619,6602,125.45,Order cancelled by customer,re_74e8134b44a73156249ed017,2024-12-19T18:22:20+00:00
620,6644,333.10,Order cancelled by customer,re_4ed8907cbcbcf51e0ebc55ad,2024-12-20T08:10:29+00:00
621,5752,31.86,Return received,re_aca5fa53aba2c978797a1b2f,2024-12-20T18:26:48+00:00
622,6681,68.82,Order cancelled by customer,re_3f0498fce034a942e69ce627,2024-12-20T18:40:21+00:00
623,6215,138.10,Return received,re_03ad34112a830ca2a9871bad,2024-12-20T22:57:31+00:00
624,5519,35.38,Return received,re_779a603d8b9e5b37f9945ee8,2024-12-21T04:12:46+00:00
625,5331,226.24,Return received,re_2bdec1c68a16984ef2784fe6,2024-12-21T10:23:10+00:00
626,6292,64.23,Return received,re_cf2b1b121d7ff8a41ddaf8c9,2024-12-21T14:50:11+00:00
627,6714,78.93,Order cancelled by customer,re_5c0257307dfe07807ad6e30a,2024-12-22T03:01:56+00:00
628,5824,386.72,Return received,re_5732a924fc02e7ac4f07b6d5,2024-12-22T12:29:13+00:00
629,6038,667.62,Return received,re_bfb730b930967628c9d692bd,2024-12-22T23:40:26+00:00
630,6751,89.22,Order cancelled by customer,re_b67be637ad056f19f69332ad,2024-12-23T06:34:25+00:00
631,6756,86.66,Order cancelled by customer,re_21bedbfd8a0491c9cc036e90,2024-12-23T09:47:56+00:00
632,5750,48.22,Return received,re_7361b5384197265456762107,2024-12-23T12:25:15+00:00
633,5887,100.82,Return received,re_7d0cef33e919feb7a986e1f8,2024-12-23T12:54:39+00:00
634,5716,46.25,Return received,re_f0cac8986c70c8081dc38c09,2024-12-23T19:07:21+00:00
635,6340,256.05,Return received,re_67d142bf7dadae1e29f76ba8,2024-12-24T02:01:23+00:00
636,6808,29.30,Order cancelled by customer,re_5805947b28827a1d08422eed,2024-12-24T02:35:53+00:00
637,6830,126.66,Order cancelled by customer,re_c9500219bf958e777af58875,2024-12-24T21:10:42+00:00
638,6825,126.11,Order cancelled by customer,re_01d7a4c831ceec008bf75c8a,2024-12-25T00:09:00+00:00
639,6832,312.36,Order cancelled by customer,re_8a43d820eb552ea63e9693f2,2024-12-25T07:22:27+00:00
640,6866,167.66,Order cancelled by customer,re_44e9b516baf91c12b7181dbb,2024-12-25T09:29:52+00:00
641,5920,112.35,Return received,re_7278276a448aae5647ee9a47,2024-12-26T01:33:03+00:00
642,5456,125.46,Return received,re_17cf3844927e9b4627c4d409,2024-12-26T14:43:19+00:00
643,6854,21.88,Order cancelled by customer,re_da834b64d2e7221c36b5f542,2024-12-26T15:30:36+00:00
644,5772,71.18,Return received,re_f464ace6fd141e61cc650645,2024-12-26T16:48:33+00:00
645,6954,136.72,Order cancelled by customer,re_c29790c657a9ebb28e3315d3,2024-12-27T05:51:50+00:00
646,6930,25.70,Order cancelled by customer,re_cb0e78a7eda7815b840d68d9,2024-12-27T08:33:56+00:00
647,6895,169.59,Order cancelled by customer,re_feac662e4d70389b9910e7ed,2024-12-27T10:18:54+00:00
648,6915,26.12,Order cancelled by customer,re_f79672502dee9ee0ac01c79c,2024-12-27T23:15:34+00:00
649,6952,145.81,Order cancelled by customer,re_f5752ef0c53b34d24360933e,2024-12-27T23:43:24+00:00
650,6917,620.47,Order cancelled by customer,re_44d70de0bbf69e451724109b,2024-12-28T02:31:40+00:00
651,6188,39.18,Return received,re_7a9728c07b79d773ce95ec7a,2024-12-28T06:03:45+00:00
652,5817,68.18,Return received,re_066c64cc2c89aba86d2819d4,2024-12-28T07:19:25+00:00
653,6988,114.74,Order cancelled by customer,re_19141768e6b8951217d02fa7,2024-12-28T10:21:13+00:00
654,5882,24.79,Return received,re_9f25deeaf4fb616e3af5973e,2024-12-28T13:56:11+00:00
655,6248,71.01,Return received,re_a211c427e783739dfb280994,2024-12-29T09:21:59+00:00
656,6207,36.33,Return received,re_8256a1b14024a1d23571073d,2024-12-29T12:54:07+00:00
657,5711,58.24,Return received,re_899b9e95a28502bca572e64e,2024-12-29T18:52:02+00:00
658,7010,168.48,Order cancelled by customer,re_69f48478b256ee6be56853b2,2024-12-30T01:08:30+00:00
659,6128,203.28,Return received,re_c1db2e0b87366bdef71cc86e,2024-12-30T12:03:02+00:00
660,6252,386.09,Return received,re_147dd307600d63bd19fab443,2024-12-30T15:37:41+00:00
661,6105,34.89,Return received,re_61972bae00c0068788e35b5c,2024-12-31T03:05:34+00:00
662,7130,88.69,Order cancelled by customer,re_ae2c0962b09042b4732e74d3,2024-12-31T19:12:03+00:00
663,6221,163.12,Return received,re_57e647c5b5054f4bf295f2b0,2025-01-01T09:21:41+00:00
664,6251,183.80,Return received,re_684fadd724cfbed6dcd40820,2025-01-01T22:08:11+00:00
665,7146,1953.93,Order cancelled by customer,re_fb6578af8bd4273bace66f64,2025-01-02T03:27:54+00:00
666,7149,346.61,Order cancelled by customer,re_8cbdb7eb684bf0ee81006a6e,2025-01-02T04:51:51+00:00
667,5822,114.17,Return received,re_0e7949688994d3271fa0e484,2025-01-03T17:17:34+00:00
668,5664,201.40,Return received,re_88fb4f810d5e341d9ec92b6c,2025-01-03T19:13:31+00:00
669,6160,299.55,Return received,re_0c7c91fb3de4658e6abb2f52,2025-01-03T21:04:29+00:00
670,7179,132.98,Order cancelled by customer,re_bfdc75d533473aaa4fa25448,2025-01-04T05:10:48+00:00
671,6142,75.36,Return received,re_db91b2e0bd7e0fcba635aebb,2025-01-04T07:18:27+00:00
672,5930,39.99,Return received,re_bf71d4f6108615140ccbec02,2025-01-04T22:31:49+00:00
673,7185,46.83,Order cancelled by customer,re_a6b723e26b6e4da82abe36c1,2025-01-05T04:32:16+00:00
674,6501,79.68,Return received,re_d231d84ebeae4052257ecbf9,2025-01-05T17:31:48+00:00
675,6301,1201.19,Return received,re_80a04140a9c19d1a5d0d1499,2025-01-06T07:31:18+00:00
676,5994,72.91,Return received,re_be4797d1aa8335582682544b,2025-01-06T09:01:39+00:00
677,7196,71.40,Order cancelled by customer,re_f4811c6d3b02521d2a36ced4,2025-01-06T10:40:38+00:00
678,5966,110.49,Return received,re_39a062191287a9acecfd5ddd,2025-01-06T11:28:44+00:00
679,6523,63.72,Return received,re_7e803dbab7cc31184849b573,2025-01-07T01:50:42+00:00
680,6707,1189.99,Return received,re_5718bf492ad0cf48e883c4af,2025-01-07T15:44:21+00:00
681,6383,47.51,Return received,re_848710eea22157521c44148f,2025-01-07T17:32:11+00:00
682,7221,207.91,Order cancelled by customer,re_5ca1dae6a23400541a294a87,2025-01-08T04:34:53+00:00
683,5842,213.55,Return received,re_8551187144b3c7bd08da1798,2025-01-08T07:35:36+00:00
684,7218,372.91,Order cancelled by customer,re_2884eb2780b2adbf37a5d399,2025-01-08T08:03:00+00:00
685,7212,203.01,Order cancelled by customer,re_1a3faa3ccff6eca3befd230c,2025-01-08T09:35:39+00:00
686,7246,143.69,Order cancelled by customer,re_0ed8a3fd79b507c3ca15aa14,2025-01-08T13:27:47+00:00
687,6445,111.19,Return received,re_3677bb54ad6139555051dc91,2025-01-08T13:55:50+00:00
688,6353,931.71,Return received,re_286d00db12259ede5281be0f,2025-01-09T10:45:58+00:00
689,7242,143.69,Order cancelled by customer,re_6bc031d583272eca839c2b76,2025-01-09T12:33:33+00:00
690,6515,330.69,Return received,re_e4ee00fbc0bc2630d9c4f2b2,2025-01-09T16:00:08+00:00
691,7256,33.74,Order cancelled by customer,re_2b6e96903abcb8c6a768d3da,2025-01-09T19:20:22+00:00
692,6679,135.72,Return received,re_b79129a354a6fcf277df0ef6,2025-01-10T02:00:10+00:00
693,7253,83.73,Order cancelled by customer,re_beb147840b5a53b77622038f,2025-01-10T06:48:30+00:00
694,6313,114.96,Return received,re_01134d6493844eff4a43a3a4,2025-01-10T08:04:45+00:00
695,6069,117.57,Return received,re_7f8626177035886b00af4300,2025-01-10T14:21:12+00:00
696,6933,87.64,Return received,re_46cd27c556887192594c1d97,2025-01-10T14:34:07+00:00
697,6318,95.61,Return received,re_b2e6a86aef45f2aa4929436c,2025-01-11T00:55:13+00:00
698,6097,72.94,Return received,re_c036b7bf6ce5f66c49e222e9,2025-01-11T07:55:40+00:00
699,6421,146.92,Return received,re_3687bf0e4372914436865ce6,2025-01-11T18:40:51+00:00
700,6861,33.88,Return received,re_537e558aba7c018cc54a05a4,2025-01-11T19:58:17+00:00
701,7303,15.52,Order cancelled by customer,re_7b6ab36bcafd0287a6880a09,2025-01-12T08:08:15+00:00
702,7297,190.06,Order cancelled by customer,re_8026c1116ffa46f77b8bb5ea,2025-01-12T23:08:40+00:00
703,6441,114.47,Return received,re_5a5d99aea827aa3755cea224,2025-01-13T06:42:31+00:00
704,7329,25.53,Order cancelled by customer,re_4667d8ef859a8f58e06d3044,2025-01-13T12:56:19+00:00
705,6368,129.55,Return received,re_a58de493d37ca3be9132e847,2025-01-13T17:15:10+00:00
706,6763,243.29,Return received,re_280f6aa84f1b785579d87bff,2025-01-13T20:53:35+00:00
707,6478,242.79,Return received,re_31872a7714efd21915cb7f3f,2025-01-14T03:40:39+00:00
708,6723,50.97,Return received,re_f55e67dacd50f96b0818ae12,2025-01-14T22:33:43+00:00
709,7181,113.22,Return received,re_01831eea58c3b1b1d1fd994d,2025-01-14T23:52:40+00:00
710,6369,243.08,Return received,re_d49032eebeabfe9195761607,2025-01-15T04:09:27+00:00
711,6327,33.90,Return received,re_bb39b90fedd0d2987d97cb68,2025-01-15T20:26:01+00:00
712,6835,83.93,Return received,re_45145a277c5af7656a5e4f72,2025-01-16T02:46:35+00:00
713,7348,23.96,Order cancelled by customer,re_aa99bcf40a0dd8ba262c369d,2025-01-16T11:35:21+00:00
714,6733,130.37,Return received,re_c047fd20f669497d07ad68a9,2025-01-16T12:10:29+00:00
715,7372,1610.22,Order cancelled by customer,re_d4323fc58fe6d75349c1a191,2025-01-16T15:52:09+00:00
716,6850,260.61,Return received,re_d949168650e1596121b135c2,2025-01-18T05:15:18+00:00
717,6546,23.16,Return received,re_440eb77569b1c457135e071c,2025-01-18T05:49:45+00:00
718,6654,180.65,Return received,re_c2c2b05a8f215a6581a14f32,2025-01-19T07:35:42+00:00
719,7111,356.05,Return received,re_c03d2f95000afc3535d30c76,2025-01-20T10:03:14+00:00
720,6846,31.86,Return received,re_39ee343bec1e3d9309c5a255,2025-01-21T07:56:23+00:00
721,7027,39.70,Return received,re_7d81c7dd305336d9597f31b4,2025-01-21T13:10:59+00:00
722,6900,68.63,Return received,re_06694fc57d0e57a6280f2ff3,2025-01-22T05:55:25+00:00
723,7455,132.98,Order cancelled by customer,re_f855e3c5107ec4a775081589,2025-01-22T09:57:12+00:00
724,7022,193.78,Return received,re_8c4d5f430a5cb51398e54b6f,2025-01-22T17:43:57+00:00
725,7148,60.05,Return received,re_3eea61b3a9e32f4371cb351b,2025-01-22T17:45:00+00:00
726,6667,140.24,Return received,re_be61d89b9f0dc934c7e75b3b,2025-01-22T22:49:52+00:00
727,7468,102.42,Order cancelled by customer,re_4082d5a7d11ac1c5bf96f90a,2025-01-23T01:18:05+00:00
728,6702,1689.73,Return received,re_ff683e00596deee6ff9ac9b8,2025-01-23T23:32:59+00:00
729,6857,294.33,Return received,re_cd861806e085c046a9dc7be7,2025-01-23T23:49:40+00:00
730,7476,202.80,Order cancelled by customer,re_525f10098ba2f8101aa029c3,2025-01-24T00:06:10+00:00
731,6923,129.61,Return received,re_b91a71eb506b62e1261d92ab,2025-01-24T07:31:29+00:00
732,6798,129.31,Return received,re_e37349ce13c704cec786fb1a,2025-01-24T17:03:13+00:00
733,7166,91.36,Return received,re_610a906b79bbf2a380602643,2025-01-24T20:57:21+00:00
734,7112,83.73,Return received,re_a9a306d3c67fad72c75439b8,2025-01-24T22:25:11+00:00
735,7502,232.12,Order cancelled by customer,re_956e1cca659dd9b6a42296eb,2025-01-26T00:07:48+00:00
736,7501,61.23,Order cancelled by customer,re_914b9039d2e3c31813e6d84f,2025-01-26T01:58:24+00:00
737,6717,156.49,Return received,re_b37dacfd58bb3b366499fcad,2025-01-26T08:58:16+00:00
738,7506,159.79,Order cancelled by customer,re_4ce62458cc336b050ddc3c4e,2025-01-26T15:15:42+00:00
739,7004,378.39,Return received,re_b0344571d2c56c97b52cd511,2025-01-26T20:03:19+00:00
740,6913,60.74,Return received,re_30380c716cd948905927827c,2025-01-27T04:13:52+00:00
741,6738,165.03,Return received,re_a1b873e08cd9cd248f6c442a,2025-01-27T10:40:41+00:00
742,7533,32.98,Order cancelled by customer,re_1608e258299e926725824b73,2025-01-27T12:29:37+00:00
743,6880,71.01,Return received,re_92ebb274f3877ba4e9c80900,2025-01-27T15:09:25+00:00
744,7126,111.27,Return received,re_e9512e20e0ac8025441dd3cf,2025-01-27T20:15:26+00:00
745,7519,227.30,Order cancelled by customer,re_38ec3411b2586e42ac7f69fa,2025-01-28T03:51:48+00:00
746,6957,103.67,Return received,re_ed31519eaa1aa9d031c18af3,2025-01-28T11:45:30+00:00
747,7543,109.49,Order cancelled by customer,re_05db2edf0f11b31054d2f7b8,2025-01-29T03:05:43+00:00
748,7159,61.12,Return received,re_71c7db6f9bf37c83173bb493,2025-01-29T15:22:56+00:00
749,7552,329.86,Order cancelled by customer,re_9a36e5e68ac29e8aa013c23c,2025-01-29T20:40:13+00:00
750,6995,239.70,Return received,re_6b923dade6e5400ce1ef48b6,2025-01-29T22:32:38+00:00
751,7551,77.84,Order cancelled by customer,re_e3d62145449e6a96b445edcc,2025-01-29T22:34:29+00:00
752,7558,223.19,Order cancelled by customer,re_f0eee349b567ea5575979a41,2025-01-30T03:47:13+00:00
753,7589,50.87,Order cancelled by customer,re_0322d82acd4fa8c3ae5bf0f1,2025-01-31T06:38:22+00:00
754,7578,77.00,Order cancelled by customer,re_25acbaf315eee65d8948761f,2025-01-31T08:18:21+00:00
755,7214,40.54,Return received,re_5dc845c450b60ec99a568c7d,2025-01-31T19:27:16+00:00
756,7379,34.48,Return received,re_b7eb6bfad7ec9285e97d1965,2025-01-31T21:13:17+00:00
757,7239,141.30,Return received,re_954a6a489ab375ca00aee296,2025-02-01T02:22:33+00:00
758,7355,11.65,Return received,re_19316fc1a0e58ebbbb0a73d8,2025-02-02T07:13:08+00:00
759,7052,81.80,Return received,re_47ebca22456e8479d630d4b4,2025-02-02T14:09:31+00:00
760,7140,112.31,Return received,re_4190e0f4fc9772470aecab6e,2025-02-03T03:53:23+00:00
761,7636,200.99,Order cancelled by customer,re_85726ed01f904dd2e0e68d37,2025-02-03T06:00:24+00:00
762,7627,145.98,Order cancelled by customer,re_9c6c457a0c52558ffd599940,2025-02-03T08:23:51+00:00
763,7609,174.19,Order cancelled by customer,re_6bc5d4b208897ce304c186ce,2025-02-03T08:30:08+00:00
764,7223,177.60,Return received,re_a1a4df5a4a314eb2a3447a3e,2025-02-03T09:58:02+00:00
765,7104,75.06,Return received,re_95ac1af5170098d23d678858,2025-02-03T15:29:10+00:00
766,6888,142.81,Return received,re_c201db7f89772c188acf9952,2025-02-04T00:26:22+00:00
767,7642,585.51,Order cancelled by customer,re_fbdfa1a1981a3663d3cd9537,2025-02-04T02:51:29+00:00
768,7659,407.50,Order cancelled by customer,re_4d06ad02c767b35d664c3fdb,2025-02-04T13:12:42+00:00
769,7102,41.57,Return received,re_4336f3735cf3b31f66830624,2025-02-04T15:56:48+00:00
770,7656,42.44,Order cancelled by customer,re_19b1a74277687ac9d0c445d2,2025-02-04T19:13:33+00:00
771,7420,91.14,Return received,re_8afdabf3ee152891c1e5be8f,2025-02-05T13:39:05+00:00
772,7677,136.29,Order cancelled by customer,re_503f1acafc2fd2cec773ab62,2025-02-06T06:18:50+00:00
773,7725,179.40,Order cancelled by customer,re_288cfa36c8b780d2022a9f27,2025-02-07T21:03:17+00:00
774,7174,103.02,Return received,re_aa12641516aaeeaf1ff53d2f,2025-02-08T04:27:36+00:00
775,7736,196.54,Order cancelled by customer,re_7727118557ac8e1a7862605e,2025-02-09T05:56:49+00:00
776,7754,144.76,Order cancelled by customer,re_bbea1e9e6a9ac26817f6bb27,2025-02-09T08:09:15+00:00
777,7440,246.13,Return received,re_afe61fe42f47034e7f78361f,2025-02-09T08:10:35+00:00
778,7761,151.55,Order cancelled by customer,re_1ee771cd44d6a095c176c434,2025-02-10T15:04:31+00:00
779,7757,121.10,Order cancelled by customer,re_ceef6dc3704bd1a764c9a469,2025-02-11T07:07:19+00:00
780,7773,828.95,Order cancelled by customer,re_bfda4e394e60fe0537b84c61,2025-02-11T17:04:58+00:00
781,7785,62.84,Order cancelled by customer,re_046d9be3093261d6cdfbdd21,2025-02-12T03:50:59+00:00
782,7796,25.99,Order cancelled by customer,re_bddc010bd62d19762ac4aaab,2025-02-12T17:16:22+00:00
783,7571,78.38,Return received,re_a2f9b5c41f13558e45f2417b,2025-02-13T17:04:56+00:00
784,7801,67.49,Order cancelled by customer,re_6bad6701d1eb7b2896dbc80e,2025-02-13T20:26:09+00:00
785,7489,544.30,Return received,re_6b02d377c364c0a551b9e79d,2025-02-15T04:07:02+00:00
786,7244,84.00,Return received,re_0f51ce761d182512b8dcfd4b,2025-02-15T08:55:37+00:00
787,7275,71.01,Return received,re_ec29adf6064f23ae8ca5061c,2025-02-15T20:34:00+00:00
788,7503,38.72,Return received,re_16479200f1eb8de4e5efff27,2025-02-16T15:15:40+00:00
789,7378,175.28,Return received,re_d9a304c09681b7c2a340c146,2025-02-17T02:02:23+00:00
790,7900,182.56,Order cancelled by customer,re_de2787456790d06accf51f5d,2025-02-17T21:47:54+00:00
791,7454,254.16,Return received,re_cfbe8777849564412157ee59,2025-02-17T23:21:23+00:00
792,7572,167.64,Return received,re_5f7d96580ab1baa57ddc04ce,2025-02-19T12:02:05+00:00
793,7449,265.97,Return received,re_6cedc352dbd784db6c9d0c06,2025-02-20T17:33:16+00:00
794,7947,73.97,Order cancelled by customer,re_a6803110ca7172f7980f8444,2025-02-21T09:48:28+00:00
795,7979,25.58,Order cancelled by customer,re_bc060e418a7507f97de7cc0f,2025-02-21T19:37:06+00:00
796,7970,27.18,Order cancelled by customer,re_76f8e5372f5f5219416fcf2b,2025-02-22T02:27:35+00:00
797,7982,193.33,Order cancelled by customer,re_424eb40d80a59c27d99ce650,2025-02-22T06:12:08+00:00
798,7720,72.75,Return received,re_b137362dd4fe972780f05a72,2025-02-22T16:23:35+00:00
799,7365,320.08,Return received,re_4b6c4b54fd0281bda28cbc62,2025-02-22T17:17:23+00:00
800,7996,201.66,Order cancelled by customer,re_84e8a185ebdc2f4d85013f0f,2025-02-22T23:00:27+00:00
801,7475,319.98,Return received,re_b76627aa8dfa753eb138cdd9,2025-02-24T17:24:12+00:00
802,7385,27.87,Return received,re_0830fbb182913a729eebda99,2025-02-24T23:53:26+00:00
803,8037,152.34,Order cancelled by customer,re_cc0f65e1866ea92e19ce2b12,2025-02-25T06:57:47+00:00
804,8064,94.37,Order cancelled by customer,re_dacbc01b1c63d1d3af828138,2025-02-25T10:09:01+00:00
805,7605,117.57,Return received,re_51585c1ea87820965a346a07,2025-02-25T12:16:09+00:00
806,8063,27.97,Order cancelled by customer,re_586ffa0f34b1bb494354468d,2025-02-25T22:03:42+00:00
807,8075,156.89,Order cancelled by customer,re_957b246668a1cb305e6bffc7,2025-02-26T01:21:14+00:00
808,8065,106.24,Order cancelled by customer,re_d591d687cdbcd7441cc6bfc2,2025-02-26T05:34:37+00:00
809,7451,23.58,Return received,re_29cff010d14c166db2931ac0,2025-02-26T12:57:50+00:00
810,8095,999.56,Order cancelled by customer,re_b93544021bbc7fd5cc033363,2025-02-26T17:13:59+00:00
811,8106,92.21,Order cancelled by customer,re_c8529b76864590aa59054880,2025-02-27T11:36:47+00:00
812,8110,3661.44,Order cancelled by customer,re_b43d2deb8ab2a4b8dae16123,2025-02-28T10:29:52+00:00
813,8146,135.11,Order cancelled by customer,re_a57de5a0b95a2f7ac8e051b0,2025-02-28T13:51:06+00:00
814,8132,111.27,Order cancelled by customer,re_38428e41bdda2fc9a983ec0d,2025-02-28T23:39:09+00:00
815,8161,80.86,Order cancelled by customer,re_bd3c45de5a45a972aa1dc6cd,2025-03-01T13:24:58+00:00
816,8177,48.44,Order cancelled by customer,re_cf9a2533655764ace392b010,2025-03-02T14:47:38+00:00
817,7789,203.49,Return received,re_9792f68d0be159038ad1f666,2025-03-03T13:39:17+00:00
818,8210,233.99,Order cancelled by customer,re_cb972241e693540ae9c70a1e,2025-03-03T20:21:11+00:00
819,7833,24.28,Return received,re_9aa9b0801fefcf214f147a82,2025-03-04T14:24:30+00:00
820,7764,28.37,Return received,re_7be76c1f6f9df217737689ec,2025-03-05T10:40:48+00:00
821,8234,78.93,Order cancelled by customer,re_c1ef053043becd019157fb30,2025-03-05T11:44:03+00:00
822,7831,129.61,Return received,re_c6dcd1c6b98e322ba4e1cf9c,2025-03-06T01:42:05+00:00
823,8267,26.78,Order cancelled by customer,re_dfe4e3dbbef3e410b01ced9c,2025-03-06T12:06:59+00:00
824,7811,147.59,Return received,re_b4febef7a0f600791c83de70,2025-03-07T00:25:26+00:00
825,7890,53.90,Return received,re_b3f846d93ce9fa6b40439cdd,2025-03-07T02:03:49+00:00
826,8046,78.10,Return received,re_976a131ebc3c1ac2064897c1,2025-03-07T14:29:48+00:00
827,7651,376.46,Return received,re_0017223cb67701a0bf155b6e,2025-03-07T17:33:48+00:00
828,7852,69.26,Return received,re_9dc6a6cc42e2f52c762b076c,2025-03-08T03:45:03+00:00
829,8350,217.80,Order cancelled by customer,re_adfbbf54b9c522ff42a95f89,2025-03-09T11:46:20+00:00
830,8320,115.82,Order cancelled by customer,re_c2eb645a5d264f5e7b568f37,2025-03-09T12:30:38+00:00
831,7577,95.67,Return received,re_d10c70200095b9b1865dacf6,2025-03-09T18:25:42+00:00
832,7652,40.73,Return received,re_76bca0dfefb00df6fac74014,2025-03-10T17:36:49+00:00
833,8371,176.36,Order cancelled by customer,re_f40b984b39361d24f71fdcd9,2025-03-10T23:22:50+00:00
834,7969,193.35,Return received,re_a0810333a48a9f6529212e31,2025-03-11T09:46:35+00:00
835,8116,107.03,Return received,re_9f30033e80af43e24e2826f7,2025-03-11T12:45:35+00:00
836,8139,145.21,Return received,re_f301251bc0c38c2d07940509,2025-03-11T16:10:23+00:00
837,8397,183.36,Order cancelled by customer,re_a1b071a10a78e0e777c2f482,2025-03-11T17:18:40+00:00
838,8415,183.29,Order cancelled by customer,re_de42959e9ad64591e11ebb0d,2025-03-12T13:30:40+00:00
839,8408,74.61,Order cancelled by customer,re_abbe2706b85f2e83ecc85d19,2025-03-12T23:06:06+00:00
840,7925,55.11,Return received,re_3693c9b53f7dc384ad2886b3,2025-03-13T05:51:28+00:00
841,7802,2322.82,Return received,re_5aecb53c83ca5fea4cfb541c,2025-03-14T13:50:21+00:00
842,7861,77.73,Return received,re_2e96c23578f7827174f232b3,2025-03-15T02:24:40+00:00
843,8459,220.91,Order cancelled by customer,re_bc06a8b19473a22408b90183,2025-03-15T06:32:28+00:00
844,7940,136.94,Return received,re_2c5b6ce61ee8fc92d82be351,2025-03-15T19:11:41+00:00
845,7950,102.34,Return received,re_12821a87fe116196db5e30ca,2025-03-16T00:29:10+00:00
846,7988,15.54,Return received,re_613e7c64754d4dd9d93782a5,2025-03-17T13:23:03+00:00
847,8485,200.52,Order cancelled by customer,re_6a5378fdcd6334cd898b91c7,2025-03-17T16:18:29+00:00
848,8504,226.02,Order cancelled by customer,re_9c3a903a47ff6465b990ac3e,2025-03-17T22:53:43+00:00
849,8131,240.11,Return received,re_d8523ea2a6387dc23f9729ed,2025-03-18T18:39:46+00:00
850,7957,68.17,Return received,re_9cc75a1cadc0e9ec957e6d0a,2025-03-18T18:40:13+00:00
851,7803,92.01,Return received,re_b04ef38d47fd37d3e0de7ad4,2025-03-18T23:55:16+00:00
852,8207,235.63,Return received,re_24cc6c95aa3d0aca789b704b,2025-03-19T03:33:03+00:00
853,8533,489.90,Order cancelled by customer,re_f2cf1c97fbfae565796c6901,2025-03-19T14:48:50+00:00
854,7873,88.13,Return received,re_757509c6599b1706a5375d3d,2025-03-19T18:28:45+00:00
855,8570,128.81,Order cancelled by customer,re_f906177a8f83332e4bfa1345,2025-03-20T10:18:04+00:00
856,8574,31.72,Order cancelled by customer,re_f6840c2313ad994c8b3bbc5b,2025-03-20T19:03:32+00:00
857,8578,77.55,Order cancelled by customer,re_fd7f9fe66b6b24682deb4cc1,2025-03-21T01:29:16+00:00
858,8579,115.99,Order cancelled by customer,re_abfd071505f735c348883cf5,2025-03-21T03:34:35+00:00
859,7886,119.32,Return received,re_a6fd57c46c88a455ad37f191,2025-03-21T08:21:50+00:00
860,8607,124.13,Order cancelled by customer,re_b51360c7c0981f4cfa81cd0c,2025-03-21T22:33:34+00:00
861,8589,37.40,Order cancelled by customer,re_f07160afdef9f37d7529aab7,2025-03-22T01:56:53+00:00
862,8141,253.09,Return received,re_950615c99eb2bd39d764f4dd,2025-03-22T03:30:47+00:00
863,8598,236.36,Order cancelled by customer,re_a98f05a94982e470245c941e,2025-03-22T08:15:18+00:00
864,8623,109.50,Order cancelled by customer,re_49fe7256e521abfa0b16cd79,2025-03-22T11:00:49+00:00
865,8629,54.97,Order cancelled by customer,re_56a2e832dca62cb46236e6cb,2025-03-22T14:56:09+00:00
866,8239,32.63,Return received,re_709b8fe99469058173f3db37,2025-03-23T00:11:58+00:00
867,8260,76.31,Return received,re_e02aad7bb12e1bd966ebf682,2025-03-23T14:07:47+00:00
868,8107,48.44,Return received,re_f9d7b2b47103509bf48970dd,2025-03-24T11:59:35+00:00
869,8663,146.96,Order cancelled by customer,re_c7d4a08ea2b31b4cc22b9540,2025-03-24T12:14:20+00:00
870,7818,133.05,Return received,re_95cc4c2c993910a81783a677,2025-03-25T20:32:03+00:00
871,8128,17.59,Return received,re_c94bfd262285e018b9d49d08,2025-03-26T05:32:21+00:00
872,8299,96.45,Return received,re_1ddc6e284976dd1ad69d7914,2025-03-26T18:27:52+00:00
873,8183,397.85,Return received,re_bfb3e36d8e9665584b405a7d,2025-03-26T21:57:01+00:00
874,8713,58.22,Order cancelled by customer,re_bb9241049cde79e4bbe6235f,2025-03-27T08:12:12+00:00
875,8172,114.47,Return received,re_942dde56e3c2410a68bc55ae,2025-03-28T05:38:46+00:00
876,8166,95.02,Return received,re_df8ed0fe60dd684aaad5f721,2025-03-28T05:45:14+00:00
877,8736,329.57,Order cancelled by customer,re_32b46dcd15f87fb5aa3f0afa,2025-03-28T07:45:31+00:00
878,7953,82.11,Return received,re_3a7a1eb57618e2213a2a07de,2025-03-28T19:10:58+00:00
879,8719,773.20,Order cancelled by customer,re_6a34d48c30ed414de4e93d85,2025-03-29T08:20:33+00:00
880,8763,115.55,Order cancelled by customer,re_cdab1b8f0b5e362f64d6b41d,2025-03-30T15:36:46+00:00
881,8363,22.39,Return received,re_782f3b6421067f1eb2247b45,2025-04-01T20:16:33+00:00
882,8428,37.80,Return received,re_fb8652d465c0fd48172ca7ef,2025-04-02T16:05:55+00:00
883,8173,83.18,Return received,re_a01531638508a6b92cd26d7f,2025-04-02T18:13:50+00:00
884,8445,80.53,Return received,re_375b4b9780ecccdc2d179d3c,2025-04-02T20:53:40+00:00
885,8365,62.84,Return received,re_8aa6d4312705218a1555b9a2,2025-04-03T01:50:24+00:00
886,8072,44.63,Return received,re_7623f16c54448a27c2679986,2025-04-03T14:00:07+00:00
887,8191,177.01,Return received,re_cb2d8465e5d3da3c24fc4d52,2025-04-03T23:43:09+00:00
888,8832,103.99,Order cancelled by customer,re_2d98bef6fca27cbf45e202cf,2025-04-04T00:57:13+00:00
889,8412,67.46,Return received,re_2dcd6a72e3a07b683a1b0d15,2025-04-04T12:38:12+00:00
890,8293,67.83,Return received,re_502b47a2c94fd7cd473e8a0c,2025-04-04T17:03:31+00:00
891,8842,155.50,Order cancelled by customer,re_a583792265ef870ecf742f5f,2025-04-05T04:04:14+00:00
892,8276,44.60,Return received,re_56877420f125f0c1e4ac2e24,2025-04-05T18:26:52+00:00
893,8865,141.30,Order cancelled by customer,re_003d246b1ee3fecf004d70d9,2025-04-06T12:50:31+00:00
894,8643,191.35,Return received,re_388fda147ca9f6ad6d52d057,2025-04-06T17:05:45+00:00
895,8404,130.82,Return received,re_9d112a71902916696888716b,2025-04-06T23:20:47+00:00
896,8877,437.80,Order cancelled by customer,re_fc260c82209f67603f6c54c6,2025-04-07T04:52:47+00:00
897,8416,27.43,Return received,re_ecf8cdf2decd99caf3facfda,2025-04-07T21:57:54+00:00
898,8901,67.48,Order cancelled by customer,re_b65eb2cb2e199137feba8d5f,2025-04-08T05:33:25+00:00
899,8701,81.10,Return received,re_f147ab8865d9eb71a5fd41f0,2025-04-08T08:42:38+00:00
900,8906,83.41,Order cancelled by customer,re_7924583da9ad307c712f1d93,2025-04-08T18:17:24+00:00
901,8511,104.11,Return received,re_2a1de817220eb480fad53d28,2025-04-09T00:53:10+00:00
902,8922,246.45,Order cancelled by customer,re_3fb577b274e6a28188b2a892,2025-04-09T11:23:52+00:00
903,8911,169.80,Order cancelled by customer,re_ff3ccb2bfd29dc4c9f42eb67,2025-04-09T12:35:30+00:00
904,8538,234.79,Return received,re_f5cb62b2e405c6f08e0f438a,2025-04-09T17:17:55+00:00
905,8935,44.50,Order cancelled by customer,re_9bab05817a158264fdb6889e,2025-04-10T15:43:56+00:00
906,8252,137.44,Return received,re_f211fa0b9801c65e2579f77f,2025-04-11T06:37:39+00:00
907,8965,42.02,Order cancelled by customer,re_2a6f31aaaed1264373934fc6,2025-04-11T12:07:35+00:00
908,8352,317.99,Return received,re_8a5f7468956825a8602851cb,2025-04-11T13:16:25+00:00
909,8343,251.21,Return received,re_5bed7dbe00cd8aa2784831b6,2025-04-11T17:59:04+00:00
910,8475,72.94,Return received,re_4e598d2256fc414ab9c5a281,2025-04-11T20:18:12+00:00
911,8575,95.94,Return received,re_99b7de9f5e9c9b16ecff007e,2025-04-12T12:07:03+00:00
912,9002,60.67,Order cancelled by customer,re_016b647dc6e41029ecfb6aa9,2025-04-13T00:35:56+00:00
913,8650,166.39,Return received,re_9c7d7ef3fcfbb6db3152ff52,2025-04-13T08:14:59+00:00
914,8640,79.35,Return received,re_4214d858a6f36700e11caef5,2025-04-14T06:47:37+00:00
915,9045,202.43,Order cancelled by customer,re_c1666abff0fe8a6873db6491,2025-04-14T07:13:25+00:00
916,8636,242.85,Return received,re_7a6ba4c8386bff3e6730ddb0,2025-04-14T20:50:29+00:00
917,9038,68.75,Order cancelled by customer,re_d470adecddea8f7d4eea3f6e,2025-04-14T22:33:45+00:00
918,8584,400.65,Return received,re_a7c3f7b2adfb4a1f4d9c4500,2025-04-15T15:14:34+00:00
919,8780,342.93,Return received,re_05eb049c57ffd87e3feaf4ea,2025-04-15T17:01:02+00:00
920,8581,78.36,Return received,re_0462a64ac131a6588b8afa3c,2025-04-15T22:29:47+00:00
921,8454,21.19,Return received,re_fb2149ca57d6741635c45826,2025-04-16T14:42:57+00:00
922,8346,79.03,Return received,re_22b607cb4ee1cc0ff631aeda,2025-04-16T19:15:27+00:00
923,9114,34.67,Order cancelled by customer,re_5a73e39ce59deded952c2ead,2025-04-17T05:43:32+00:00
924,9126,83.33,Order cancelled by customer,re_811c38f4ad453901dd04c806,2025-04-17T18:01:35+00:00
925,8864,105.09,Return received,re_76988459bf2d97c6af4a4a8b,2025-04-17T19:33:58+00:00
926,8810,168.91,Return received,re_84b1a0a199c45e19feca005b,2025-04-17T23:53:22+00:00
927,9127,220.46,Order cancelled by customer,re_38ad7a412ac0eee4524df4dd,2025-04-18T01:01:55+00:00
928,9132,35.65,Order cancelled by customer,re_672979066571e09bdced57ae,2025-04-18T02:09:00+00:00
929,8705,41.82,Return received,re_2d8ddaf15b99531883227dba,2025-04-18T02:15:25+00:00
930,9139,66.81,Order cancelled by customer,re_13ece2954a29bf0bc8ed8424,2025-04-18T17:59:07+00:00
931,9150,167.86,Order cancelled by customer,re_5cc0ee0be3bff46778e69795,2025-04-19T01:35:43+00:00
932,8886,21.36,Return received,re_0a841381b94f4fd18a043fc0,2025-04-19T03:26:24+00:00
933,8567,35.90,Return received,re_61e13fb34b4e37751639ffb0,2025-04-20T01:16:18+00:00
934,8586,76.73,Return received,re_efea2c62365e7ee11d9f2a73,2025-04-20T10:25:19+00:00
935,8700,927.16,Return received,re_bf9b60359e4de4956cf98c29,2025-04-20T15:59:28+00:00
936,8452,119.03,Return received,re_c1692e91716691ee60a82a61,2025-04-21T01:07:59+00:00
937,8692,89.02,Return received,re_40474dec991622951ea0c991,2025-04-22T03:11:37+00:00
938,9240,70.33,Order cancelled by customer,re_bef2b26d97ff9194866f25d3,2025-04-23T13:30:15+00:00
939,8824,28.95,Return received,re_dbbab583cb38761c3d1b2c80,2025-04-24T12:21:01+00:00
940,8749,57.62,Return received,re_b81e997979f20f681c599fa3,2025-04-24T19:14:14+00:00
941,9281,228.93,Order cancelled by customer,re_cb856b0c9be7ff4d78ac7497,2025-04-25T08:48:02+00:00
942,8799,23.53,Return received,re_874707ca3f5d9ac93a7541c3,2025-04-25T10:06:19+00:00
943,8593,46.90,Return received,re_e6e3ff4e92cbd32c4647faa3,2025-04-26T05:34:33+00:00
944,9263,623.01,Order cancelled by customer,re_fbe801fae7e4e40e37dc389b,2025-04-26T11:06:08+00:00
945,8656,74.36,Return received,re_9ca1617e19deff79562a0c73,2025-04-26T14:38:54+00:00
946,9291,48.37,Order cancelled by customer,re_76b6950f9176b78788197ffc,2025-04-26T15:49:18+00:00
947,8542,113.22,Return received,re_747bd2215fe89419c02e4e5f,2025-04-26T20:52:21+00:00
948,9307,47.35,Order cancelled by customer,re_e76bc49440a5a053c037e7ff,2025-04-27T07:32:44+00:00
949,9313,190.77,Order cancelled by customer,re_3cbe3e6f679ce0d71b819319,2025-04-27T21:23:05+00:00
950,8848,24.79,Return received,re_db14010fe00a3a6306f52054,2025-04-29T09:54:44+00:00
951,9167,171.90,Return received,re_c9f51bc92a41a698f55d8418,2025-04-29T10:03:33+00:00
952,9352,93.82,Order cancelled by customer,re_42720c6a78a5c6705fc4b7f6,2025-04-29T14:58:56+00:00
953,9382,73.26,Order cancelled by customer,re_be02f27a259ba41f2e92f42b,2025-04-30T18:00:05+00:00
954,9397,76.10,Order cancelled by customer,re_47649800273075cb01a3a028,2025-05-02T00:35:16+00:00
955,8776,83.05,Return received,re_a94cb2c007198235bc5cf387,2025-05-02T11:10:53+00:00
956,9417,108.11,Order cancelled by customer,re_8b3fafda8877b61f3a11b2ec,2025-05-03T01:14:30+00:00
957,9444,238.06,Order cancelled by customer,re_a3614120597e75e2dedd55aa,2025-05-03T22:12:27+00:00
958,9442,83.93,Order cancelled by customer,re_08dfa914ad309437047e2915,2025-05-04T09:29:21+00:00
959,9466,186.52,Order cancelled by customer,re_b08e450d759929a220115330,2025-05-04T23:35:00+00:00
960,9460,109.94,Order cancelled by customer,re_dda05cb14f1b753ad83d6cee,2025-05-05T00:37:07+00:00
961,9022,1234.76,Return received,re_45522aa132bc8fc972f2a7c3,2025-05-05T18:15:47+00:00
962,9511,223.41,Order cancelled by customer,re_2647623a50e697d02871492e,2025-05-06T04:59:24+00:00
963,9489,195.29,Order cancelled by customer,re_1305f4854bcf2c6291355ba8,2025-05-06T05:04:03+00:00
964,9497,209.11,Order cancelled by customer,re_8722a200fcd35392770260c1,2025-05-06T13:17:18+00:00
965,9532,114.74,Order cancelled by customer,re_81f3cd95dbaf2e4c58ff890c,2025-05-07T14:38:09+00:00
966,9185,98.65,Return received,re_5eae9d7a1cabcdba45761ca6,2025-05-07T19:17:51+00:00
967,9534,153.52,Order cancelled by customer,re_4198dae54000ecb3c7adff8f,2025-05-07T22:07:48+00:00
968,8846,240.96,Return received,re_79ed8b26aa21474371786a89,2025-05-08T22:50:54+00:00
969,8751,353.60,Return received,re_f9955587ad900342a0a34634,2025-05-09T04:13:11+00:00
970,9053,49.44,Return received,re_0132ac0a755ea049c6296a9a,2025-05-09T09:20:02+00:00
971,9224,145.85,Return received,re_3aac4c5f54d9f6816c2b828f,2025-05-09T11:58:27+00:00
972,9579,1705.27,Order cancelled by customer,re_a0366826cf2371f33678dc8d,2025-05-09T16:19:33+00:00
973,8885,176.97,Return received,re_78c4c8a5efeab94f96ae077c,2025-05-09T20:23:26+00:00
974,9269,38.01,Return received,re_15a66eae8315abe7cd632302,2025-05-09T22:09:47+00:00
975,9047,74.19,Return received,re_6e50a460d6f9e62db4708659,2025-05-10T14:44:13+00:00
976,9172,136.22,Return received,re_33fccb54820497e854bdfbfb,2025-05-11T02:45:11+00:00
977,9058,85.65,Return received,re_6004a4833bfe487f6c20f174,2025-05-11T11:05:21+00:00
978,9306,172.19,Return received,re_3bdffed1788245a6b4fa6655,2025-05-12T08:18:38+00:00
979,9627,909.47,Order cancelled by customer,re_186e5ccbd3629bb2582a97f4,2025-05-12T22:37:58+00:00
980,9638,25.73,Order cancelled by customer,re_09a53a72f4edd2c15582cd84,2025-05-13T00:30:52+00:00
981,9008,221.08,Return received,re_5efef93f83094976b42a3b06,2025-05-13T07:18:11+00:00
982,9063,249.27,Return received,re_4ef308c5ae8613945db947dc,2025-05-13T16:02:34+00:00
983,9657,158.30,Order cancelled by customer,re_06dc39caa85e284681c532b3,2025-05-13T23:28:29+00:00
984,9651,110.87,Order cancelled by customer,re_3965ba8fbabe30a0fd6fa985,2025-05-14T01:02:48+00:00
985,9166,818.31,Return received,re_f979f6a68d369d38d2d55d29,2025-05-14T05:06:00+00:00
986,9670,96.89,Order cancelled by customer,re_058e15b11a27635ea7fdf71d,2025-05-14T12:53:55+00:00
987,8991,218.76,Return received,re_bb8fec282e0c1804841966da,2025-05-14T17:53:12+00:00
988,9669,113.71,Order cancelled by customer,re_720e961fb0469cdcbe2e6d16,2025-05-14T23:03:49+00:00
989,9331,1254.81,Return received,re_6b1a3fd3392dd2b18a0ecc4d,2025-05-16T06:07:23+00:00
990,9719,252.49,Order cancelled by customer,re_367ea9d64bc1c828667aef0e,2025-05-16T07:04:26+00:00
991,9725,1047.07,Order cancelled by customer,re_295517924aa9e79c333397cf,2025-05-16T10:35:52+00:00
992,9100,366.56,Return received,re_03f11ea4c8e23a3dfbdb691b,2025-05-16T16:41:59+00:00
993,9260,112.43,Return received,re_c97cd5e4c80cc26ca569425f,2025-05-16T21:12:20+00:00
994,9250,114.74,Return received,re_144cb2b9f10b40a800d6ad6c,2025-05-17T16:20:58+00:00
995,9147,115.14,Return received,re_bcaf7abc8bccf9b58177bc84,2025-05-17T20:27:55+00:00
996,9735,69.73,Order cancelled by customer,re_0d043885b0b9ac6210ca846e,2025-05-18T09:37:46+00:00
997,9561,64.86,Return received,re_9aaaa193002c3e0980b9ab28,2025-05-18T15:42:02+00:00
998,9759,1406.74,Order cancelled by customer,re_36cbb33bb090761ec9076ae7,2025-05-18T19:31:31+00:00
999,9228,83.53,Return received,re_e92c37b95ef89032c77085b6,2025-05-18T23:49:27+00:00
1000,9375,54.47,Return received,re_0cf3b5639f44effd6fd87d24,2025-05-19T02:40:35+00:00
1001,9783,108.99,Order cancelled by customer,re_aa7eb02a94a03be1de9dcaf9,2025-05-19T19:10:06+00:00
1002,9438,115.14,Return received,re_b3497bc07005cd2415bcaad8,2025-05-20T03:29:06+00:00
1003,9794,124.11,Order cancelled by customer,re_1261261f4e9a712d1d970d7d,2025-05-20T03:49:42+00:00
1004,9492,90.07,Return received,re_a868dd08f10fb48038954ce2,2025-05-20T15:50:11+00:00
1005,9316,17.97,Return received,re_e6bb3745c0cfd59d170fc2aa,2025-05-20T17:16:03+00:00
1006,9445,24.85,Return received,re_b47ee8b82f61279f5d81377e,2025-05-22T21:37:56+00:00
1007,9110,157.93,Return received,re_ddc2fa507e454dd90c3f4a25,2025-05-22T23:40:38+00:00
1008,8985,114.20,Return received,re_511f76a569167cab7192a842,2025-05-23T01:38:57+00:00
1009,9284,187.46,Return received,re_976a871ebd30a83b5273775a,2025-05-24T18:06:22+00:00
1010,9571,44.63,Return received,re_7a2c3913c46ccc496ec1d215,2025-05-25T01:17:13+00:00
1011,9520,240.11,Return received,re_4f9238cbc0b8134860748973,2025-05-25T17:17:30+00:00
1012,9924,39.76,Order cancelled by customer,re_a2a31424a06bfec5c5b9db7a,2025-05-26T04:46:32+00:00
1013,9903,114.74,Order cancelled by customer,re_883ad246455d95b794ce8142,2025-05-26T09:03:05+00:00
1014,9925,189.14,Order cancelled by customer,re_266cba9f39ed9ccd0555ef71,2025-05-26T13:22:09+00:00
1015,9342,198.39,Return received,re_e0361efe678434b7d67570d9,2025-05-26T13:58:00+00:00
1016,9934,94.58,Order cancelled by customer,re_105f2da2332a78c5ce0d4380,2025-05-27T09:41:55+00:00
1017,9959,238.07,Order cancelled by customer,re_3282b1002f36ba5e4e864659,2025-05-27T10:13:48+00:00
1018,9948,44.97,Order cancelled by customer,re_aebe93209097df478bb97a66,2025-05-27T14:22:47+00:00
1019,9161,156.71,Return received,re_e46c9933e86e2a9f9d89582b,2025-05-27T17:09:51+00:00
1020,9253,791.90,Return received,re_f7b4f49feda0b2e2d3228d9e,2025-05-27T20:49:48+00:00
1021,9222,30.99,Return received,re_17b737a47bfbbb0497fa2627,2025-05-28T08:49:01+00:00
1022,9970,145.75,Order cancelled by customer,re_965449a962d567da8895c52e,2025-05-28T20:23:35+00:00
1023,9974,157.93,Order cancelled by customer,re_c756428ff370a86217462d8a,2025-05-29T15:32:51+00:00
1024,9977,332.04,Order cancelled by customer,re_2a95351150f0c04c718d8b9a,2025-05-29T17:35:08+00:00
1025,9368,205.96,Return received,re_09b2ec6adb60642d76055769,2025-05-29T18:44:49+00:00
1026,9996,110.49,Order cancelled by customer,re_2bac539f99647daffdcdf92f,2025-05-31T01:34:54+00:00
1027,9569,9.35,Return received,re_ee88cc2673c5894a8579ca44,2025-05-31T06:32:24+00:00
1028,9380,91.15,Return received,re_4224e295569191e26834e8ef,2025-06-01T11:56:39+00:00
1029,9775,230.29,Return received,re_c6bb29c096b377e6ce9d3595,2025-06-02T04:04:49+00:00
1030,9472,50.27,Return received,re_8770c16e59c8b4485dfefa9a,2025-06-02T07:37:54+00:00
1031,9501,57.50,Return received,re_abd8df48bf132f06e9b2229c,2025-06-02T15:17:46+00:00
1032,9617,113.71,Return received,re_383cec382dc9cd4e62460229,2025-06-03T16:08:24+00:00
1033,10110,28.34,Order cancelled by customer,re_8c14c44b73c26103de7aba00,2025-06-03T17:58:39+00:00
1034,10115,161.10,Order cancelled by customer,re_933a3a9fc5bf22bdb4c22934,2025-06-04T04:30:02+00:00
1035,10101,59.23,Order cancelled by customer,re_f2ae3e9af019301c385fb3c7,2025-06-04T04:48:41+00:00
1036,9649,178.02,Return received,re_3f1b696330c66c621ec2a6ba,2025-06-05T02:21:38+00:00
1037,10132,509.97,Order cancelled by customer,re_163e080168bd2dcc8930ae0a,2025-06-05T02:32:25+00:00
1038,9648,130.66,Return received,re_ac2daa08ccaa4c0258d5b5d8,2025-06-05T09:12:27+00:00
1039,10159,90.07,Order cancelled by customer,re_dbfcb25afc4525de93f927fe,2025-06-05T18:06:33+00:00
1040,9357,97.41,Return received,re_204e13e8fe57ef5745ccb404,2025-06-07T11:59:08+00:00
1041,9738,164.45,Return received,re_a46f65bd18140337e09de0b5,2025-06-08T18:53:20+00:00
1042,10213,567.33,Order cancelled by customer,re_1ac2129b374bc5355f24686c,2025-06-09T03:13:52+00:00
1043,9683,1367.43,Return received,re_42a2c7d2bc1a0301d6b4971d,2025-06-10T02:01:37+00:00
1044,9845,197.14,Return received,re_1e8b7c386ff32211a8d84d05,2025-06-10T10:36:07+00:00
1045,10237,127.73,Order cancelled by customer,re_8533a51626bf29fee2c1ea67,2025-06-10T17:14:41+00:00
1046,9764,33.24,Return received,re_34d4743b3224bfb5073c2afc,2025-06-10T17:36:39+00:00
1047,9914,70.76,Return received,re_d4ba1dd7b4b712f09d4b7d9c,2025-06-11T04:36:37+00:00
1048,10033,21.83,Return received,re_bee1058e65dde0ad479cc119,2025-06-11T10:28:24+00:00
1049,9878,90.81,Return received,re_b1aa2a90dbbe3ca731d22efe,2025-06-12T15:04:42+00:00
1050,9716,21.88,Return received,re_fed178e8ef3ba39aedc1ee85,2025-06-12T20:36:33+00:00
1051,9650,49.04,Return received,re_718b9d5b2aaefd045fa26982,2025-06-12T22:40:29+00:00
1052,10281,195.49,Order cancelled by customer,re_1b1e7eb7a6531b269ab3a8e1,2025-06-13T07:04:37+00:00
1053,9900,209.30,Return received,re_b83cad838646175e75ba7f86,2025-06-13T21:28:34+00:00
1054,10283,239.00,Order cancelled by customer,re_2ab5cf8ab305534cfac8dd2a,2025-06-13T21:51:46+00:00
1055,10287,53.79,Order cancelled by customer,re_911d8a75502f0d6bffd255c9,2025-06-14T02:09:33+00:00
1056,9894,15.29,Return received,re_6b65a4cc89446eaab6713f51,2025-06-14T16:05:34+00:00
1057,9940,697.38,Return received,re_bdd10a9109f6185c990689fd,2025-06-14T18:29:43+00:00
1058,10317,119.02,Order cancelled by customer,re_27790ed89b294385363f6576,2025-06-14T21:07:19+00:00
1059,10302,881.35,Order cancelled by customer,re_a80b532b29774f95b1c97806,2025-06-15T03:16:24+00:00
1060,9749,111.53,Return received,re_af2cd69926a60a4282f4c3da,2025-06-15T16:07:42+00:00
1061,10340,115.61,Order cancelled by customer,re_610ad20c03ecb6af0a67216c,2025-06-16T04:06:20+00:00
1062,10382,47.51,Order cancelled by customer,re_759579f02c36a7b3892483bb,2025-06-17T22:53:12+00:00
1063,10404,113.66,Order cancelled by customer,re_5a518a8750076759d697589d,2025-06-19T00:39:16+00:00
1064,9814,35.26,Return received,re_a6f4464da839d947cc8155d3,2025-06-19T13:03:05+00:00
1065,10070,71.43,Return received,re_1663af9967720df7d3196246,2025-06-20T05:01:49+00:00
1066,10038,31.57,Return received,re_4e1f6c7944b883c2b4a0aebd,2025-06-20T18:01:31+00:00
1067,10036,115.55,Return received,re_f82d9be67ca30afca1a11a60,2025-06-20T23:48:46+00:00
1068,9986,251.21,Return received,re_41c724f7793da2d2a815b11d,2025-06-21T02:34:50+00:00
1069,9876,350.21,Return received,re_c22d57ba2d7388e05560e914,2025-06-21T21:04:10+00:00
1070,10471,29.67,Order cancelled by customer,re_0ee283f0f5559086928b9515,2025-06-22T06:05:12+00:00
1071,10475,1176.98,Order cancelled by customer,re_f43dc91892363036e0c325b4,2025-06-23T00:03:05+00:00
1072,10017,48.37,Return received,re_4937a31b10f5eaf507ce8f50,2025-06-23T01:37:30+00:00
1073,9778,83.53,Return received,re_01caaf652806940e659e99ca,2025-06-23T06:27:55+00:00
1074,9938,101.75,Return received,re_23761e3111f44cf2633e7567,2025-06-23T07:56:14+00:00
1075,9630,85.34,Return received,re_95c423936cf313a5746fa740,2025-06-23T09:31:21+00:00
1076,10492,157.93,Order cancelled by customer,re_3661dc3b67b0b93085455399,2025-06-23T12:33:16+00:00
1077,10465,93.51,Order cancelled by customer,re_b83bf5cd8e455ad0d9e79bed,2025-06-23T13:56:28+00:00
1078,10077,131.73,Return received,re_e4820a4d6fbccf890733efe7,2025-06-23T16:15:53+00:00
1079,9628,231.64,Return received,re_0f59a1e7112f400c0ab477cc,2025-06-23T23:11:42+00:00
1080,9790,168.81,Return received,re_fb0bd3cda031ad04210e1981,2025-06-24T23:50:14+00:00
1081,9976,73.54,Return received,re_0341cfec23b35af0afc778d8,2025-06-25T23:21:45+00:00
1082,10089,131.43,Return received,re_2ce864f6405e95f055b000a2,2025-06-26T06:32:12+00:00
1083,10567,73.82,Order cancelled by customer,re_46174642858f75e891203932,2025-06-28T06:07:44+00:00
1084,10143,128.23,Return received,re_3b4df8a329b78b6c35fe1fd8,2025-06-29T02:25:40+00:00
1085,10357,55.11,Return received,re_ce23a7b9a1a33452194467ae,2025-06-29T02:59:17+00:00
1086,10579,242.80,Order cancelled by customer,re_49dba6123ba6487c23fe021f,2025-06-29T14:05:47+00:00
1087,10609,49.44,Order cancelled by customer,re_47a39c94b61adc2702ea6706,2025-06-29T15:47:34+00:00
1088,10617,115.82,Order cancelled by customer,re_e330072d980421955db612d4,2025-06-30T17:09:19+00:00
1089,10613,253.32,Order cancelled by customer,re_b64d8f0d733d2e3d1caa0ec8,2025-07-01T07:37:07+00:00
1090,10638,114.47,Order cancelled by customer,re_dc1b0acb2f4f210ba0107908,2025-07-01T08:35:00+00:00
1091,10031,381.85,Return received,re_00638482f02ba2fd23248e1e,2025-07-01T11:49:36+00:00
1092,10304,133.91,Return received,re_1a9c3110ab07cf8bfd8c3707,2025-07-02T01:14:16+00:00
1093,10657,265.96,Order cancelled by customer,re_e5d04903c53835cd1c599e4e,2025-07-02T09:05:17+00:00
1094,10634,567.06,Order cancelled by customer,re_b2dad1b38736a1d2c3295469,2025-07-02T09:51:13+00:00
1095,10668,35.50,Order cancelled by customer,re_214451ad6827cb2f5b1cb5e1,2025-07-02T11:52:48+00:00
1096,10112,59.10,Return received,re_419ae397079255ec4c991ec4,2025-07-02T15:39:15+00:00
1097,10656,208.02,Order cancelled by customer,re_925428029c1bce89ebda24dd,2025-07-03T03:07:33+00:00
1098,9991,92.22,Return received,re_af28a4320408285407c6b7f5,2025-07-03T15:18:43+00:00
1099,10677,564.72,Order cancelled by customer,re_a686d829f6c7b4476cb8f987,2025-07-04T06:04:20+00:00
1100,10162,364.51,Return received,re_d52065b57e600f1193cd5a0b,2025-07-05T00:05:19+00:00
1101,10420,771.66,Return received,re_640a3f40ad72e388a8a9b357,2025-07-05T07:53:39+00:00
1102,10013,26.12,Return received,re_810480977204afec35e3b04b,2025-07-06T02:49:58+00:00
1103,10748,464.74,Order cancelled by customer,re_a02fbebced111b6ee64650e6,2025-07-06T14:59:09+00:00
1104,10257,141.87,Return received,re_16df8bf756ff3e5c6df10baf,2025-07-07T00:46:07+00:00
1105,10137,114.46,Return received,re_9883d7caff435e6407505194,2025-07-07T09:18:52+00:00
1106,10768,65.62,Order cancelled by customer,re_5749f3185ec462754a43fe49,2025-07-07T16:12:34+00:00
1107,10410,40.36,Return received,re_2883761bfc89f84a0b731ced,2025-07-09T08:05:55+00:00
1108,10111,263.81,Return received,re_e2642341572f007b7e86f142,2025-07-10T02:20:19+00:00
1109,10180,115.80,Return received,re_9f37f13c318135293e9a5efa,2025-07-10T02:58:46+00:00
1110,10840,228.94,Order cancelled by customer,re_78a8241f4ac4e8160eebd8ad,2025-07-10T11:50:29+00:00
1111,10853,477.63,Order cancelled by customer,re_34d23f2a0d6d0d689797e154,2025-07-10T14:41:10+00:00
1112,10460,92.43,Return received,re_9c7897192250e45d7225158e,2025-07-10T18:08:17+00:00
1113,10205,632.87,Return received,re_574d6b7230929eb568e83579,2025-07-11T02:29:07+00:00
1114,10103,225.23,Return received,re_1085d7a6865ece8d1b5e27f2,2025-07-11T05:39:20+00:00
1115,10154,18.50,Return received,re_d00fde8271e3c4562db1a42c,2025-07-11T07:08:42+00:00
1116,10477,193.03,Return received,re_ae172a7b12b99ca883edada9,2025-07-11T07:28:42+00:00
1117,10880,119.48,Order cancelled by customer,re_d8051cb20dd4fed3b5bc1c05,2025-07-11T19:41:15+00:00
1118,10292,75.06,Return received,re_b358c8b53fef4973c53fe104,2025-07-12T18:38:38+00:00
1119,10435,206.04,Return received,re_ff7eaa94e82e1d7bf2aca710,2025-07-13T04:24:47+00:00
1120,10887,61.75,Order cancelled by customer,re_a0649541a4e06411d16a77a5,2025-07-13T08:30:10+00:00
1121,10362,110.49,Return received,re_b1acee43bd98eb7bff6da7b3,2025-07-13T12:17:41+00:00
1122,10921,358.17,Order cancelled by customer,re_c4eecdbc36c1b2497737f203,2025-07-13T13:05:36+00:00
1123,10443,174.09,Return received,re_b68ea6dd914761356d27989a,2025-07-13T18:57:32+00:00
1124,10927,183.79,Order cancelled by customer,re_6ce8fc60fd227eede2a4fb69,2025-07-14T17:45:27+00:00
1125,10946,76.49,Order cancelled by customer,re_b1206f972bb445468ab61a1a,2025-07-14T19:59:58+00:00
1126,10414,34.83,Return received,re_3e7490b84507b2b388ec7739,2025-07-15T21:18:36+00:00
1127,10957,54.32,Order cancelled by customer,re_3b15f8e63d1d99e00a293788,2025-07-16T04:50:07+00:00
1128,10994,162.21,Order cancelled by customer,re_e8b4dbf272d481145135b90c,2025-07-16T16:52:01+00:00
1129,11003,34.02,Order cancelled by customer,re_c8a3cd0a76932ae9d8b7c060,2025-07-16T18:10:36+00:00
1130,10984,47.42,Order cancelled by customer,re_01ec62251557132914efa91b,2025-07-16T22:05:13+00:00
1131,10250,120.64,Return received,re_f10f02e0ca8099ecc9df56d7,2025-07-17T07:04:45+00:00
1132,10999,115.41,Order cancelled by customer,re_fc0f5612c7dd222dd5a955b0,2025-07-17T08:23:05+00:00
1133,10985,152.40,Order cancelled by customer,re_700f236575c5960b6f9b4c9f,2025-07-17T12:58:42+00:00
1134,10524,124.53,Return received,re_0515f016688c56aa292b0339,2025-07-17T13:59:17+00:00
1135,10502,96.87,Return received,re_fbf6bf1561f59dbf3d9ae793,2025-07-18T01:28:01+00:00
1136,10548,146.26,Return received,re_ec847f24caa71708cf8a7bc1,2025-07-18T03:25:44+00:00
1137,11047,120.04,Order cancelled by customer,re_809c7cf09b906559388672ba,2025-07-18T08:13:46+00:00
1138,10270,256.04,Return received,re_eb7339f9438236f7693e3e59,2025-07-18T15:09:26+00:00
1139,10487,32.93,Return received,re_f241dcdc9bc0986492e8e5af,2025-07-19T01:22:41+00:00
1140,10378,152.63,Return received,re_bff0655e866a2f18849f8d9f,2025-07-19T20:26:07+00:00
1141,11083,82.01,Order cancelled by customer,re_5358d6fd7d23f0ad874fc7f7,2025-07-20T14:38:25+00:00
1142,10341,52.62,Return received,re_4c92002b6395f817d5d1d369,2025-07-21T09:18:02+00:00
1143,10455,98.66,Return received,re_4921a06da2f2b209e7d93f2c,2025-07-22T00:28:17+00:00
1144,11110,504.53,Order cancelled by customer,re_5bd954424b89b8aa68858e72,2025-07-22T20:00:45+00:00
1145,11131,54.97,Order cancelled by customer,re_2ab9a4b1df533d332032bded,2025-07-23T02:33:17+00:00
1146,10752,80.30,Return received,re_5344ccaa51b2478536a553a6,2025-07-23T11:14:14+00:00
1147,10352,211.25,Return received,re_278f4ff7e20402e7025a7a34,2025-07-23T15:44:17+00:00
1148,11152,102.80,Order cancelled by customer,re_1f49a32794176d30fb07dd30,2025-07-23T16:26:22+00:00
1149,11136,73.98,Order cancelled by customer,re_d6c4e6098ccfa52ffdf1309e,2025-07-23T20:59:21+00:00
1150,11130,92.21,Order cancelled by customer,re_7118ad7b9dd5e1f343e4f2c7,2025-07-23T23:40:17+00:00
1151,11153,62.13,Order cancelled by customer,re_223850f412c83d8b9c7c5288,2025-07-24T05:07:34+00:00
1152,10797,27.87,Return received,re_5f58b87713d7587e60a94ba2,2025-07-25T09:21:25+00:00
1153,11164,164.99,Order cancelled by customer,re_1c680c03805c5a5d6458af48,2025-07-25T11:38:50+00:00
1154,11206,42.38,Order cancelled by customer,re_ab515212e4ec4eec4ffe0231,2025-07-25T21:28:28+00:00
1155,10906,100.55,Return received,re_3e48852efde01d9bcba6ed8a,2025-07-26T02:26:37+00:00
1156,11211,77.00,Order cancelled by customer,re_45608b584a035c2ec12ba654,2025-07-26T09:28:55+00:00
1157,11231,77.00,Order cancelled by customer,re_f4bfcfbdd0544b7814666c0f,2025-07-26T11:03:39+00:00
1158,10551,231.64,Return received,re_978a0f01d35ff05365760d99,2025-07-26T18:13:24+00:00
1159,11230,43.55,Order cancelled by customer,re_3bf692d8f77284173b531e33,2025-07-26T19:02:39+00:00
1160,10596,28.24,Return received,re_de4c65bc70476bf8a2a2faa3,2025-07-27T09:31:05+00:00
1161,10416,78.27,Return received,re_26f7d78859db507e8bec3541,2025-07-27T09:35:23+00:00
1162,11236,200.81,Order cancelled by customer,re_a36d64c45709308dc50a359a,2025-07-27T11:51:18+00:00
1163,10790,78.64,Return received,re_1b8793c8b7e4404bfd3bf3b8,2025-07-28T08:27:41+00:00
1164,10569,17.15,Return received,re_c0d22ef255707b237a9369ad,2025-07-28T17:42:09+00:00
1165,11295,214.99,Order cancelled by customer,re_d20c2d436cb1d4e13508bd98,2025-07-29T05:56:19+00:00
1166,10543,40.84,Return received,re_fa0faade8c794a03732a9b35,2025-07-29T10:21:12+00:00
1167,10663,126.13,Return received,re_f9eefbe1e528795369be96ea,2025-07-29T11:32:52+00:00
1168,10874,191.62,Return received,re_ddccd5b4d4c1bfe70c18f3d7,2025-07-29T12:28:07+00:00
1169,11299,222.05,Order cancelled by customer,re_ce55bbafc6229679052bb2f5,2025-07-29T15:14:31+00:00
1170,10532,47.58,Return received,re_99454fe201921ecb15ccb78c,2025-07-29T23:06:56+00:00
1171,11296,139.90,Order cancelled by customer,re_15f6c6d88f7d024e7b386ad5,2025-07-30T02:28:35+00:00
1172,10572,278.82,Return received,re_60da1aed7da834320e5f3ce4,2025-07-30T08:35:48+00:00
1173,11322,181.81,Order cancelled by customer,re_15f5f58a53c0c72ce7031da0,2025-07-31T09:26:04+00:00
1174,11333,690.80,Order cancelled by customer,re_b63064c6c64cd994908ebdd2,2025-07-31T11:04:02+00:00
1175,10626,62.53,Return received,re_2996d123397bd35fa05a0774,2025-07-31T11:42:44+00:00
1176,10719,20.13,Return received,re_3714e7a2b96823bdf6b26a13,2025-07-31T14:26:11+00:00
1177,11329,51.56,Order cancelled by customer,re_446024f661481f188c8e1808,2025-07-31T16:31:48+00:00
1178,10632,958.20,Return received,re_76334b8447409896cce6fd69,2025-07-31T22:59:00+00:00
1179,11358,74.46,Order cancelled by customer,re_e5e8c878d3b205e4550806ab,2025-08-02T15:44:02+00:00
1180,10808,116.08,Return received,re_74f268b13b2735f4c157d5fd,2025-08-02T19:33:56+00:00
1181,11406,51.05,Order cancelled by customer,re_222e40e89f459bea7819a477,2025-08-03T08:18:00+00:00
1182,10720,56.98,Return received,re_0d31be51b2c6f19280327c67,2025-08-03T12:03:43+00:00
1183,11402,215.59,Order cancelled by customer,re_01e6e530d6cdde4466668d05,2025-08-03T14:48:08+00:00
1184,11058,32.16,Return received,re_bcee379b5dd0d56bcf5f0334,2025-08-03T15:19:50+00:00
1185,11413,39.59,Order cancelled by customer,re_3a16e30cf3381fd28421e15f,2025-08-04T14:25:36+00:00
1186,11484,242.81,Order cancelled by customer,re_82adea4dd2f0371bc6e6245c,2025-08-07T18:35:47+00:00
1187,11496,72.53,Order cancelled by customer,re_864b7ae802cb18c9eab8df9c,2025-08-07T22:35:02+00:00
1188,11475,162.61,Order cancelled by customer,re_08d4d6243459829ec80cc924,2025-08-07T23:47:37+00:00
1189,10731,166.90,Return received,re_bde686917900302c3d48d97d,2025-08-08T08:07:30+00:00
1190,11511,488.08,Order cancelled by customer,re_277d88c00661efe7737e891b,2025-08-08T19:36:27+00:00
1191,10585,314.55,Return received,re_2e519eb4940618662b0447af,2025-08-09T00:27:14+00:00
1192,11101,92.21,Return received,re_d9b31d9d0a42606fb6784e55,2025-08-09T00:42:42+00:00
1193,10651,251.21,Return received,re_1990e34d0112ac2a3185cc88,2025-08-09T04:24:37+00:00
1194,10783,63.35,Return received,re_72422efdd1a6813dd50ca3fc,2025-08-09T11:05:57+00:00
1195,10723,57.23,Return received,re_9bb7d03f9b500a40ef859de8,2025-08-09T13:48:12+00:00
1196,10945,301.72,Return received,re_a16842f7940a458625316c38,2025-08-09T14:20:57+00:00
1197,11544,190.88,Order cancelled by customer,re_68a2add8689889d5700a4fae,2025-08-09T16:19:19+00:00
1198,10883,110.49,Return received,re_2f6af7a21d27e2ff6a75a30e,2025-08-10T10:14:51+00:00
1199,11547,101.98,Order cancelled by customer,re_c4874d881749d9f7b391bf67,2025-08-10T10:55:41+00:00
1200,10800,337.84,Return received,re_909e358dfed46e52a9b5f29b,2025-08-10T14:38:40+00:00
1201,11529,65.33,Order cancelled by customer,re_f2ebf3b32480fa8408f56cbd,2025-08-10T16:03:02+00:00
1202,10736,121.17,Return received,re_c318103f84875371fb030d56,2025-08-11T05:08:10+00:00
1203,11225,179.53,Return received,re_7b911dd12cc4de3478971f57,2025-08-13T23:09:50+00:00
1204,11009,405.94,Return received,re_e64acd89af9013cbf0ca2dc8,2025-08-14T07:04:22+00:00
1205,10934,68.89,Return received,re_d2fd18760dd04c34eb898aa2,2025-08-14T07:21:44+00:00
1206,10869,42.94,Return received,re_4b83c22de17a030f75b82834,2025-08-14T11:26:56+00:00
1207,11151,96.29,Return received,re_ca3878d13bc6b7d747e76c28,2025-08-14T14:12:24+00:00
1208,11642,359.19,Order cancelled by customer,re_83c242f799ad7f3e3c93377d,2025-08-15T12:20:18+00:00
1209,11283,79.35,Return received,re_649405e906871bc4ad1b0931,2025-08-16T00:03:32+00:00
1210,11685,26.24,Order cancelled by customer,re_cff785ca24d078e54b37e847,2025-08-16T21:50:08+00:00
1211,11380,198.88,Return received,re_b689cdfcfbeac05ce0145ed6,2025-08-17T12:47:19+00:00
1212,10866,384.78,Return received,re_7c46b36599e504f25e95fd6a,2025-08-18T05:42:48+00:00
1213,11739,54.13,Order cancelled by customer,re_f80da3a35ecae4532c28822d,2025-08-19T02:04:29+00:00
1214,11743,113.22,Order cancelled by customer,re_a722f5e5e334b0ef7685975b,2025-08-19T03:37:47+00:00
1215,11759,66.54,Order cancelled by customer,re_c9059799805b8e366c9b76ad,2025-08-20T00:18:53+00:00
1216,11290,77.00,Return received,re_7d55236daca9fb10d894a1c3,2025-08-20T16:42:43+00:00
1217,10978,66.77,Return received,re_b1840b91f4bd8f86502ed270,2025-08-21T01:07:29+00:00
1218,11469,223.62,Return received,re_d742c570cadb36b6ec02c19f,2025-08-21T20:05:32+00:00
1219,11280,136.19,Return received,re_53358cc88cdf30d87b7ca974,2025-08-21T21:16:56+00:00
1220,11050,42.19,Return received,re_44c4cd61c3b3a6365eb8eb53,2025-08-22T12:50:56+00:00
1221,11156,23.22,Return received,re_c5e2b0842e3273980bd81eac,2025-08-22T17:07:59+00:00
1222,11067,223.64,Return received,re_7daf9f4f0f1a8d7ee0c525bd,2025-08-22T23:07:48+00:00
1223,10966,34.98,Return received,re_2c05a04aa60e1346b5dd0719,2025-08-23T18:50:21+00:00
1224,11854,213.29,Order cancelled by customer,re_4b33d04bd510a33d78c21b1f,2025-08-24T06:19:00+00:00
1225,11542,27.45,Return received,re_c72b986e08d99345227363a9,2025-08-25T22:15:41+00:00
1226,11361,150.13,Return received,re_24da0e534f0f242d7ff84f8a,2025-08-26T09:00:42+00:00
1227,11895,68.37,Order cancelled by customer,re_5ab1ad0dc9d6c194eeae1afd,2025-08-26T10:24:26+00:00
1228,11133,31.86,Return received,re_d66e363e3f7e909eccc0e259,2025-08-26T16:18:14+00:00
1229,11059,35.60,Return received,re_e6ef2cab181883e212952b73,2025-08-27T01:02:33+00:00
1230,11926,218.85,Order cancelled by customer,re_25f6c5075d2d98ae532cdacf,2025-08-27T23:03:23+00:00
1231,11119,907.01,Return received,re_6b49f412a7b9e45faa3adfec,2025-08-28T04:55:01+00:00
1232,11950,500.81,Order cancelled by customer,re_7ef7f87dd960a7eb51d3c5c6,2025-08-28T23:42:44+00:00
1233,11517,30.91,Return received,re_8e330767ee6673a314e8c24e,2025-08-29T03:22:20+00:00
1234,11959,139.39,Order cancelled by customer,re_84b034ac3bc36ee2fa62e6e2,2025-08-29T21:24:36+00:00
1235,11150,76.70,Return received,re_faf3cf9816f84c0a31010543,2025-08-30T06:50:24+00:00
1236,11999,312.35,Order cancelled by customer,re_3387454cf73243004a60d928,2025-08-30T17:17:12+00:00
1237,11132,129.29,Return received,re_5255032104da01949d4cc9f1,2025-08-30T21:26:05+00:00
1238,11979,223.11,Order cancelled by customer,re_2d947afd8b2649d0391afbb0,2025-08-31T02:20:21+00:00
1239,11810,52.73,Return received,re_8105a153eac713548adb601f,2025-08-31T02:42:47+00:00
1240,11573,58.07,Return received,re_6e64d4aff0a8feac5e73d89c,2025-08-31T13:21:31+00:00
1241,12018,108.31,Order cancelled by customer,re_c7c0228cee01a91b17192d68,2025-08-31T22:21:35+00:00
1242,11697,28.30,Return received,re_f7d1480388b12964f5c6341f,2025-09-01T20:35:51+00:00
1243,11779,17.09,Return received,re_12555b8c7d3d17c3f980a053,2025-09-02T02:51:10+00:00
1244,12046,105.20,Order cancelled by customer,re_70dbfde1c06754aaafcdafc1,2025-09-02T15:31:49+00:00
1245,12059,35.66,Order cancelled by customer,re_23d1901e384b9eb8bc12991f,2025-09-02T18:42:43+00:00
1246,11687,133.21,Return received,re_af4dc6456f94da49fc25fde3,2025-09-02T21:31:45+00:00
1247,11532,142.03,Return received,re_9e3bb95c42bdaf0c2f32acd0,2025-09-04T02:34:01+00:00
1248,12086,273.16,Order cancelled by customer,re_d9a7ae76f8cdd62951725a12,2025-09-04T12:20:48+00:00
1249,11637,366.74,Return received,re_6bbb3803287867905536ac24,2025-09-04T13:36:12+00:00
1250,11300,167.47,Return received,re_4035eee719cad8e0914c1078,2025-09-05T03:53:57+00:00
1251,12123,118.36,Order cancelled by customer,re_58a8895c8fefd1725bdd8a5c,2025-09-05T09:56:45+00:00
1252,11526,1256.89,Return received,re_13a9504202456623cfa93604,2025-09-05T14:37:22+00:00
1253,11839,37.78,Return received,re_503043b51b1580ab199dec1c,2025-09-05T21:48:46+00:00
1254,12106,166.31,Order cancelled by customer,re_2d46a08895c3babb3d95b57a,2025-09-05T22:37:07+00:00
1255,11548,25.63,Return received,re_ded3dd59076fe99a97a1ae06,2025-09-06T00:07:26+00:00
1256,12140,358.77,Order cancelled by customer,re_2fb3bf5f67ccdfe3a98b134a,2025-09-06T12:32:25+00:00
1257,11703,155.48,Return received,re_34ef3f3df9fb9074a57b6690,2025-09-06T19:34:02+00:00
1258,12132,26.12,Order cancelled by customer,re_0fa9c84eab96f68843488ac0,2025-09-07T04:56:20+00:00
1259,11607,42.64,Return received,re_4ed29df1f2183ee4c8fa5344,2025-09-07T06:23:33+00:00
1260,11691,32.91,Return received,re_6445ec1718946ca280efc5d7,2025-09-07T21:27:40+00:00
1261,11934,90.07,Return received,re_af72dc2ca17ba432b315c7ed,2025-09-07T23:32:44+00:00
1262,12179,248.78,Order cancelled by customer,re_ce18cc38158b2448f124a359,2025-09-08T07:28:22+00:00
1263,11620,144.54,Return received,re_f30c501e74664d8d7a4909c1,2025-09-08T10:41:56+00:00
1264,12169,257.56,Order cancelled by customer,re_8b8a470dd99dace661b7171e,2025-09-08T21:25:43+00:00
1265,11553,100.38,Return received,re_97df6d1122a89092e4b3eeac,2025-09-08T22:42:33+00:00
1266,11538,71.99,Return received,re_07038d16d8777d71b066ceea,2025-09-09T12:29:20+00:00
1267,12211,339.05,Order cancelled by customer,re_187e88498aaebe3bf20314e8,2025-09-09T17:15:43+00:00
1268,12197,25.06,Order cancelled by customer,re_b464ca4cf84dbde8e1c01ba0,2025-09-09T19:48:32+00:00
1269,11401,182.12,Return received,re_92f9b58196739745896dc023,2025-09-11T01:19:44+00:00
1270,11889,118.75,Return received,re_6015364bcfa24a2adeedda2f,2025-09-12T14:40:31+00:00
1271,12290,314.63,Order cancelled by customer,re_4035eea29a4dbd181370f083,2025-09-14T00:09:19+00:00
1272,11894,77.37,Return received,re_2b766a7d014071c89c8f6ed8,2025-09-14T00:16:51+00:00
1273,11751,278.61,Return received,re_b06edbbe9b61f108016fa89d,2025-09-14T01:11:36+00:00
1274,11891,113.12,Return received,re_2dd4a5d0aef834a84e862427,2025-09-14T04:31:16+00:00
1275,11754,76.94,Return received,re_057cac7c7c5066b754b1b843,2025-09-15T03:20:10+00:00
1276,12317,43.52,Order cancelled by customer,re_5f45252d5760b248e83e4709,2025-09-15T04:56:51+00:00
1277,12315,125.92,Order cancelled by customer,re_33caada88331d85fee81f561,2025-09-15T09:25:12+00:00
1278,11732,327.09,Return received,re_e32d7b0709846da40a428be1,2025-09-15T11:37:31+00:00
1279,12320,228.95,Order cancelled by customer,re_2b63a1084c6534f22ea710d3,2025-09-15T19:01:00+00:00
1280,11842,61.47,Return received,re_8c291579733934f58f7c078b,2025-09-16T13:05:55+00:00
1281,12348,19.98,Order cancelled by customer,re_a5565a11b64cda3726fb2ac4,2025-09-16T19:17:53+00:00
1282,12355,175.84,Order cancelled by customer,re_625c57391b3113a8e1b9b176,2025-09-16T22:02:13+00:00
1283,12350,261.57,Order cancelled by customer,re_de4810a3f736b2545843afb5,2025-09-17T00:00:44+00:00
1284,12367,77.17,Order cancelled by customer,re_39dfb4808f85759952b330e8,2025-09-17T14:56:54+00:00
1285,11921,36.84,Return received,re_db6b027b7405953ed7807e08,2025-09-18T02:50:54+00:00
1286,12388,162.15,Order cancelled by customer,re_0e9cb1561516a5b60b3c92a0,2025-09-18T18:20:34+00:00
1287,12045,246.05,Return received,re_10969006ef572cac6cb6cfc5,2025-09-19T07:29:08+00:00
1288,12390,92.21,Order cancelled by customer,re_fa607440fd3a12ae69f3e72d,2025-09-19T11:46:24+00:00
1289,11916,143.81,Return received,re_c55d29f61e05fc4ab4bae97c,2025-09-19T16:59:01+00:00
1290,12431,53.57,Order cancelled by customer,re_6fedc6536586b2353b226283,2025-09-20T02:48:41+00:00
1291,12408,222.08,Order cancelled by customer,re_0ba36fe86bd9bf84fecca5b7,2025-09-20T08:44:32+00:00
1292,12161,33.80,Return received,re_efc4acd4ac53a33ed246635b,2025-09-20T22:38:36+00:00
1293,11632,20.25,Return received,re_f38257272ba65f956dfeeb53,2025-09-21T07:22:45+00:00
1294,11797,120.83,Return received,re_970407c715cb1e7e140a4bd2,2025-09-21T12:54:23+00:00
1295,11709,289.56,Return received,re_c43faf6c512d6e4b9c25c205,2025-09-21T14:50:38+00:00
1296,12077,25.09,Return received,re_e16290e13f25213c56aa5ef8,2025-09-21T19:50:10+00:00
1297,11724,81.93,Return received,re_fda65bb26e6b103485974f08,2025-09-21T20:42:30+00:00
1298,11995,433.65,Return received,re_6da29549292423d196b60e6c,2025-09-22T03:46:25+00:00
1299,11955,264.10,Return received,re_14d1c9fbd6b44a78c37e353b,2025-09-22T04:10:49+00:00
1300,12110,87.39,Return received,re_68ec1a9626f11f40dfee0ddd,2025-09-22T11:18:01+00:00
1301,12476,131.73,Order cancelled by customer,re_71d72ebccfc4835a5dd1cf00,2025-09-22T16:11:39+00:00
1302,12002,208.22,Return received,re_b0343f28cc5cf6393a42b349,2025-09-22T20:33:04+00:00
1303,12501,288.25,Order cancelled by customer,re_97e0d314bcf1dcb50b733b08,2025-09-23T10:39:51+00:00
1304,12484,70.81,Order cancelled by customer,re_bc76848d82d4b8dfc26c6130,2025-09-23T14:56:45+00:00
1305,12502,31.09,Order cancelled by customer,re_6694a21b043cf86e44e6c78d,2025-09-23T17:41:01+00:00
1306,11900,131.96,Return received,re_5c4957d1d28a9a06c7aa9eca,2025-09-25T05:45:54+00:00
1307,12079,115.55,Return received,re_40d5b59efd221e9fb8acbc7e,2025-09-25T08:10:53+00:00
1308,11726,1331.52,Return received,re_94140e512fdd98bfe1372d99,2025-09-27T05:26:16+00:00
1309,11844,254.63,Return received,re_d430af2df87297e4fc2298a3,2025-09-27T07:40:11+00:00
1310,12609,27.87,Order cancelled by customer,re_f092b2f0b1f5cfb5827b5b80,2025-09-27T23:58:12+00:00
1311,12111,300.14,Return received,re_ae5025ab0fc0afa60b6ec237,2025-09-29T09:19:07+00:00
1312,12094,111.14,Return received,re_accc2b8681839a3ad660ce49,2025-09-30T08:27:27+00:00
1313,12673,152.07,Order cancelled by customer,re_b63ade683a62070e30daa8b3,2025-09-30T09:09:30+00:00
1314,11782,25.28,Return received,re_7e7377f785b23beaf4547374,2025-10-02T07:20:01+00:00
1315,12741,570.53,Order cancelled by customer,re_75e05821ffd9186691325bed,2025-10-03T22:43:55+00:00
1316,12767,23.79,Order cancelled by customer,re_fc1eafa65996fcd335071b94,2025-10-04T20:19:09+00:00
1317,12762,338.87,Order cancelled by customer,re_caeeb085773dc0a13952ca67,2025-10-04T21:04:57+00:00
1318,12778,28.24,Order cancelled by customer,re_1f989ef615af419001dc00d0,2025-10-05T03:15:00+00:00
1319,12412,446.20,Return received,re_149865696872cd9098ba90c7,2025-10-05T18:49:25+00:00
1320,12134,73.82,Return received,re_3049e66bdd16c2c9e5d4380d,2025-10-06T08:49:12+00:00
1321,12798,164.59,Order cancelled by customer,re_ce3f0eb7fcbe515bd7c3dae1,2025-10-06T12:44:08+00:00
1322,12055,256.96,Return received,re_50102a899ed61b383ce3515d,2025-10-07T00:28:33+00:00
1323,12513,140.73,Return received,re_1fe1e6639e72d8bbf9bb5f37,2025-10-07T04:45:25+00:00
1324,12152,116.38,Return received,re_9eee2efdb66c339365d07b7d,2025-10-10T15:19:01+00:00
1325,12260,93.08,Return received,re_5c5d1a4094fea9acd25a8874,2025-10-10T21:06:56+00:00
1326,11960,519.50,Return received,re_13778e5660011d153e24db63,2025-10-12T01:34:47+00:00
1327,12538,37.09,Return received,re_1570413c8a37647e4cff7429,2025-10-12T04:52:00+00:00
1328,12275,71.60,Return received,re_59ee7ecfdd39e6bb1e894f9d,2025-10-12T07:37:26+00:00
1329,12499,84.37,Return received,re_029758c751bd6949d2e23568,2025-10-12T08:55:29+00:00
1330,12226,89.79,Return received,re_15b0e00c3653206684fcee4a,2025-10-12T09:32:30+00:00
1331,12209,195.91,Return received,re_0913b708fe1fbcbb84d2e563,2025-10-12T11:00:19+00:00
1332,12129,595.67,Return received,re_d08ba45118f8cfe6e2d4e6fb,2025-10-12T13:14:15+00:00
1333,12505,54.06,Return received,re_519808d3afd2caa51f074507,2025-10-12T14:38:29+00:00
1334,12919,54.75,Order cancelled by customer,re_2f74f03bde487d1d1ca1bbe0,2025-10-12T19:24:03+00:00
1335,12920,35.66,Order cancelled by customer,re_566dfb2d9d9ea5406917792d,2025-10-13T01:52:51+00:00
1336,12953,36.14,Order cancelled by customer,re_fcc607e7a70fe0b5f9880c4e,2025-10-13T08:42:05+00:00
1337,12187,162.60,Return received,re_739e8a4471183afab8157763,2025-10-14T11:31:47+00:00
1338,12611,86.55,Return received,re_bbbbfe31b315ea84dc0a8677,2025-10-14T13:20:23+00:00
1339,13000,293.23,Order cancelled by customer,re_6716bda6b715f52b9d8877d8,2025-10-15T21:23:37+00:00
1340,13015,115.70,Order cancelled by customer,re_7b2d1670f36367f467a92b8f,2025-10-16T02:24:49+00:00
1341,12435,113.12,Return received,re_32a59417b58c58eb41945a02,2025-10-16T04:32:26+00:00
1342,13031,114.17,Order cancelled by customer,re_4d6c3e238fd6bf13c5b57fb6,2025-10-16T08:53:34+00:00
1343,13049,65.69,Order cancelled by customer,re_799c6ae89dbff5c41d9cbde4,2025-10-17T04:45:16+00:00
1344,12272,381.26,Return received,re_f6f0c788a723cbc09ee9fa3b,2025-10-17T14:25:22+00:00
1345,12580,190.89,Return received,re_5de39f07dc1ed266af1669fc,2025-10-17T15:53:13+00:00
1346,12681,315.86,Return received,re_2a20eaa3feeb6e5f6e2e0eac,2025-10-18T03:29:58+00:00
1347,13077,80.18,Order cancelled by customer,re_10b0c3906586f24ed928e76f,2025-10-18T13:45:19+00:00
1348,13097,177.00,Order cancelled by customer,re_d8dd107efb926accf6553a5d,2025-10-19T07:15:54+00:00
1349,13085,84.42,Order cancelled by customer,re_f52739682bd695329664b636,2025-10-19T07:55:43+00:00
1350,12465,21.39,Return received,re_754269f63cb02310a9950e08,2025-10-20T04:47:28+00:00
1351,13082,115.93,Order cancelled by customer,re_80b7209f0d889a6b74de37f1,2025-10-20T11:51:42+00:00
1352,12560,48.58,Return received,re_6a57c3e58c4b693c8351cab1,2025-10-21T06:34:41+00:00
1353,13137,57.15,Order cancelled by customer,re_cbf38ba87d60805397519929,2025-10-21T13:53:41+00:00
1354,13149,127.46,Order cancelled by customer,re_3c0daa9185c6c92dcead009d,2025-10-21T19:39:49+00:00
1355,13136,129.00,Order cancelled by customer,re_d7d2031ef3628ea72db9e384,2025-10-21T21:16:31+00:00
1356,12772,143.09,Return received,re_f5daa1fbe9f52792ee803e61,2025-10-22T09:19:25+00:00
1357,13161,118.36,Order cancelled by customer,re_e1387524db815d41e986c0bb,2025-10-22T17:25:50+00:00
1358,13223,279.95,Order cancelled by customer,re_ee778f1c3f90edf1707b4930,2025-10-24T05:00:30+00:00
1359,12843,19.54,Return received,re_d9acf72c90e3da57c9079705,2025-10-24T13:01:45+00:00
1360,13232,1327.09,Order cancelled by customer,re_45050e5230975d182e1f0481,2025-10-24T13:47:21+00:00
1361,12679,156.57,Return received,re_f6e8b11729a5320abef57d2d,2025-10-25T05:17:50+00:00
1362,12718,227.35,Return received,re_d2428b57f4f2cb4e2897759e,2025-10-25T19:32:49+00:00
1363,12604,167.94,Return received,re_65798624bfc994bc3cdbe044,2025-10-26T07:51:01+00:00
1364,12754,282.98,Return received,re_5681fbffc8b6fd359dc3e48e,2025-10-26T15:06:23+00:00
1365,13264,31.72,Order cancelled by customer,re_a3a34184f16c060c8c8a02f4,2025-10-27T04:30:55+00:00
1366,13030,313.47,Return received,re_8294743de918a0cfeaabd086,2025-10-27T08:14:38+00:00
1367,12585,33.51,Return received,re_3c9de93e9dd1e0af3a289061,2025-10-27T09:17:32+00:00
1368,13297,236.14,Order cancelled by customer,re_0723f082fc6eb529f267cf6f,2025-10-27T15:01:39+00:00
1369,12842,124.40,Return received,re_815b8a1cbd8e662996dadfd9,2025-10-27T18:29:47+00:00
1370,12728,803.23,Return received,re_f1f5c2e185cd8e8f59c5ced3,2025-10-28T02:12:38+00:00
1371,13296,148.70,Order cancelled by customer,re_5b8815d36e86da50d80ca4a5,2025-10-28T03:56:36+00:00
1372,13295,92.43,Order cancelled by customer,re_7692ffc081e1d08ca1b4264b,2025-10-28T06:32:38+00:00
1373,12801,41.33,Return received,re_a4ba6cae60d203507f37b015,2025-10-29T08:50:23+00:00
1374,12871,82.57,Return received,re_95d4f1bc9785ac2e06289153,2025-10-29T14:55:54+00:00
1375,12889,1075.23,Return received,re_6604c89c2412aa7a90ffde14,2025-10-30T03:10:59+00:00
1376,12503,178.01,Return received,re_e1589db8e21745a8d889ff5f,2025-10-30T14:55:02+00:00
1377,13008,48.75,Return received,re_b2a3f3a5666acc623a64d026,2025-10-30T16:44:01+00:00
1378,12500,263.49,Return received,re_1a7eb007cbf622a3a79c04bb,2025-10-31T01:24:43+00:00
1379,12630,78.91,Return received,re_50fc0c2eb9e6b5c37ad71a48,2025-10-31T04:13:37+00:00
1380,12891,331.46,Return received,re_9756ed924464ab880a311a85,2025-10-31T08:37:16+00:00
1381,12866,15.93,Return received,re_161de6dc9a3818f8bda91352,2025-11-01T18:54:18+00:00
1382,13436,30.50,Order cancelled by customer,re_19b8f98816993a412764a4c3,2025-11-02T10:21:28+00:00
1383,13470,116.01,Order cancelled by customer,re_fcf9138416a3f6e2447f67a8,2025-11-02T15:01:47+00:00
1384,13480,242.37,Order cancelled by customer,re_9f82c3f9ebbbc2e26037a16d,2025-11-03T00:25:27+00:00
1385,13442,110.86,Order cancelled by customer,re_2cd193384ccfc78058f4ae2a,2025-11-03T12:07:11+00:00
1386,13484,110.23,Order cancelled by customer,re_2916efb3e24dc0bc84d55e4f,2025-11-03T17:31:39+00:00
1387,13125,75.06,Return received,re_30493dfaf7797da9ccd367a9,2025-11-03T17:45:16+00:00
1388,13506,397.35,Order cancelled by customer,re_1b20298b76a17a7b0e77a398,2025-11-04T02:18:42+00:00
1389,13546,87.18,Order cancelled by customer,re_1fa24f39d808ffd7df345a2f,2025-11-04T23:28:41+00:00
1390,13566,33.86,Order cancelled by customer,re_919fa36fd29efd9f0849f083,2025-11-05T14:04:57+00:00
1391,12893,83.09,Return received,re_deb8ade315c468b0177c316d,2025-11-05T21:44:21+00:00
1392,13633,122.95,Order cancelled by customer,re_03f427ec5f59260962262467,2025-11-06T19:01:47+00:00
1393,13701,174.88,Order cancelled by customer,re_f2873393b8064fc6f796a1fa,2025-11-07T10:28:50+00:00
1394,13688,154.38,Order cancelled by customer,re_dc39c4037e8730cfc1b8f427,2025-11-07T21:07:56+00:00
1395,13663,282.57,Order cancelled by customer,re_5f5f7d50ef59a9b6b8d9dbba,2025-11-08T07:02:15+00:00
1396,12797,177.41,Return received,re_b9596cea28ddc50f93726a29,2025-11-08T12:42:53+00:00
1397,13742,44.14,Order cancelled by customer,re_eec201c5d8520c6c0691bd1d,2025-11-09T05:13:48+00:00
1398,13219,40.36,Return received,re_634ec712b0c8435728a11e90,2025-11-09T13:09:59+00:00
1399,13092,124.52,Return received,re_f9e0e6da42915012c44929d8,2025-11-09T17:50:56+00:00
1400,13095,1140.02,Return received,re_ba176f6e7dbf606cd7acc58d,2025-11-09T21:27:04+00:00
1401,13096,54.85,Return received,re_abf0f1278ef0205c21fddfc4,2025-11-09T21:47:43+00:00
1402,13110,129.61,Return received,re_ee6bfabb42b762502fa04e39,2025-11-09T22:08:54+00:00
1403,13758,137.16,Order cancelled by customer,re_f0ee6948fd5391b815eabeb8,2025-11-10T01:22:50+00:00
1404,13769,1077.96,Order cancelled by customer,re_e2de2e9b405ab1734ea2e35c,2025-11-10T04:38:46+00:00
1405,13813,67.97,Order cancelled by customer,re_66ca1d2fb6534a4a4490d632,2025-11-10T13:11:46+00:00
1406,12716,188.73,Return received,re_e576fe12544ae7b4ed7d9b82,2025-11-10T19:43:41+00:00
1407,13329,131.74,Return received,re_0c69560030ac30ad6b309bf6,2025-11-10T19:48:25+00:00
1408,12980,121.10,Return received,re_58a67d8aaa0eb42315dacb9d,2025-11-11T00:00:30+00:00
1409,13872,164.89,Order cancelled by customer,re_0eefd8baf6c71bbb563c71bb,2025-11-11T17:32:39+00:00
1410,13831,1273.93,Order cancelled by customer,re_3171a91b739f42bbd4fbdc48,2025-11-12T10:40:23+00:00
1411,13851,27.99,Order cancelled by customer,re_4a3c0b1377598ff8825b3f89,2025-11-12T11:16:36+00:00
1412,12823,150.13,Return received,re_6e5353c55a56e2d522c16518,2025-11-12T17:01:33+00:00
1413,13889,236.90,Order cancelled by customer,re_6835fe3f8b4edc4b3df1ac0c,2025-11-12T17:10:13+00:00
1414,13025,35.66,Return received,re_c7cbc5378e72b814064f6cfd,2025-11-14T05:04:46+00:00
1415,13213,45.55,Return received,re_28b637b4ac1c43ee5ace293a,2025-11-14T13:01:38+00:00
1416,13982,351.88,Order cancelled by customer,re_34a01270b886e4d535b1b18f,2025-11-14T14:26:36+00:00
1417,12978,706.96,Return received,re_111367ff29d839be488945b4,2025-11-14T17:15:10+00:00
1418,13376,89.01,Return received,re_7adbd77094967286ffcadbd4,2025-11-15T05:27:33+00:00
1419,13962,88.95,Order cancelled by customer,re_2f7e1979c4d4c761a02c63fd,2025-11-15T07:48:49+00:00
1420,12865,135.67,Return received,re_47802c70df87a992697e43b4,2025-11-15T15:36:56+00:00
1421,13002,216.48,Return received,re_f27695bec28b9bc57a7d1974,2025-11-16T00:59:27+00:00
1422,13066,82.74,Return received,re_086ec379822ea3d8599185f5,2025-11-16T03:14:05+00:00
1423,14002,54.24,Order cancelled by customer,re_9528f46ecb9e91af89fba995,2025-11-16T13:11:40+00:00
1424,14066,167.29,Order cancelled by customer,re_dcd03fa7a984d70e21dca3bd,2025-11-16T18:47:54+00:00
1425,12985,83.34,Return received,re_cccf349c8c246834a8f46449,2025-11-17T01:51:36+00:00
1426,12926,227.35,Return received,re_c8bd4ff2535e0cd3ac7d9f31,2025-11-17T20:21:07+00:00
1427,14166,41.93,Order cancelled by customer,re_c433acb0c3c4110e6274ebb3,2025-11-18T06:17:07+00:00
1428,13245,37.31,Return received,re_f0b6c49dbc23b39a1c91cc20,2025-11-18T12:47:59+00:00
1429,12989,80.81,Return received,re_7ffd4f44145c3a67bf545f13,2025-11-18T15:18:16+00:00
1430,13381,31.79,Return received,re_da4ee7bb1efe8dd3a829eb26,2025-11-19T02:42:15+00:00
1431,14182,257.55,Order cancelled by customer,re_866626d400cd04f7fdbf33ab,2025-11-19T17:15:02+00:00
1432,13303,222.28,Return received,re_54a0c5ac4fee192620e72a3f,2025-11-19T23:54:46+00:00
1433,14232,62.03,Order cancelled by customer,re_4b9d2cd4bb40498f415b98a2,2025-11-20T10:51:28+00:00
1434,14222,221.20,Order cancelled by customer,re_a9965214799678f3e640b6bc,2025-11-20T13:49:39+00:00
1435,14221,103.17,Order cancelled by customer,re_ff3c0af33af9ebaab3f9ef4b,2025-11-20T17:37:47+00:00
1436,14295,56.86,Order cancelled by customer,re_cb31639b0314d283926d6ee7,2025-11-21T20:56:05+00:00
1437,14287,60.04,Order cancelled by customer,re_b3b48129747cd2bab4cf5a2b,2025-11-21T23:21:51+00:00
1438,14272,103.02,Order cancelled by customer,re_3b292ec9cb88fa1d474c6c77,2025-11-22T03:50:03+00:00
1439,14277,62.82,Order cancelled by customer,re_d01d5e1cf832537a593dcdd1,2025-11-22T04:04:27+00:00
1440,14283,144.79,Order cancelled by customer,re_35b5623fd1a10a4bcaaea2b3,2025-11-22T04:39:45+00:00
1441,13523,19.76,Return received,re_29a1023e682cccff8fed0bfd,2025-11-22T06:59:29+00:00
1442,13426,91.51,Return received,re_07962b3d443188c8d37ef384,2025-11-22T07:16:45+00:00
1443,14289,276.51,Order cancelled by customer,re_140548ffa1fbea71c5730786,2025-11-22T10:57:59+00:00
1444,14294,194.81,Order cancelled by customer,re_0f94c825d40821c22e7ff1b9,2025-11-22T15:28:56+00:00
1445,13150,121.81,Return received,re_04d8f94de29aafc97d6c79e4,2025-11-22T20:44:09+00:00
1446,14317,576.97,Order cancelled by customer,re_f01305108e8a54af420d90f4,2025-11-23T03:53:49+00:00
1447,14375,32.64,Order cancelled by customer,re_b3816a0fc248295cd60c2533,2025-11-23T04:28:12+00:00
1448,12997,97.51,Return received,re_a499eaa094909385e3f4865d,2025-11-23T04:28:37+00:00
1449,14310,75.66,Order cancelled by customer,re_4b8b904371fd0def1eea6c16,2025-11-23T07:32:13+00:00
1450,14359,56.86,Order cancelled by customer,re_0e2fa980252750258f1ceba9,2025-11-23T11:22:05+00:00
1451,13526,182.30,Return received,re_5db7cbf642423442ddd555e0,2025-11-23T16:06:27+00:00
1452,13552,181.24,Return received,re_1a45f0807667649732ec985a,2025-11-23T16:38:49+00:00
1453,14346,65.90,Order cancelled by customer,re_39247f473b1a1227da6005f4,2025-11-24T02:38:45+00:00
1454,14378,261.29,Order cancelled by customer,re_4fb5e84efe3e366a94b7e1e3,2025-11-24T06:49:39+00:00
1455,14398,26.12,Order cancelled by customer,re_2210639efd2a8a012a8722d3,2025-11-24T06:58:44+00:00
1456,14355,308.87,Order cancelled by customer,re_7bcccf8937415278be9fb462,2025-11-24T08:44:02+00:00
1457,13989,161.72,Return received,re_1f06508d592925e74d62d298,2025-11-24T21:09:10+00:00
1458,14420,59.35,Order cancelled by customer,re_594df010761abf6f2ef261ec,2025-11-25T01:21:02+00:00
1459,13391,206.09,Return received,re_898d0ae46ae58a01ccccd859,2025-11-25T09:29:20+00:00
1460,14482,33.54,Order cancelled by customer,re_22eca83e21f0253d72e52867,2025-11-26T02:29:53+00:00
1461,14480,97.02,Order cancelled by customer,re_c66130069b2bfa1c6c9826f9,2025-11-26T07:18:25+00:00
1462,14454,33.99,Order cancelled by customer,re_fc9cbfc537a9f8b8d445b499,2025-11-26T08:43:38+00:00
1463,14502,190.15,Order cancelled by customer,re_07762a8cc6679b003b0e90da,2025-11-26T10:22:46+00:00
1464,14483,49.15,Order cancelled by customer,re_2e6f3708905339b4d0866a0f,2025-11-26T12:20:51+00:00
1465,13627,504.04,Return received,re_62543cfbffcc99037c93136e,2025-11-26T17:46:43+00:00
1466,13505,625.23,Return received,re_059fcffeec20c8ef56850fca,2025-11-26T23:46:36+00:00
1467,14520,341.04,Order cancelled by customer,re_a8033545532778f18da25083,2025-11-26T23:57:24+00:00
1468,13339,217.86,Return received,re_2dab6f4688d84cbec585245b,2025-11-28T03:18:57+00:00
1469,14545,186.59,Order cancelled by customer,re_100210a6580d3673ccda3afa,2025-11-28T03:51:21+00:00
1470,13694,164.65,Return received,re_a8f694daef73b07b11acc576,2025-11-28T05:22:04+00:00
1471,13679,73.45,Return received,re_d5a3aa9da87a21f853923831,2025-11-28T06:13:46+00:00
1472,13574,28.24,Return received,re_3c97b50827d208269f4c12fe,2025-11-28T16:50:16+00:00
1473,13265,173.86,Return received,re_8c458579d88523257370f846,2025-11-29T02:15:42+00:00
1474,13858,37.01,Return received,re_5d2fbf2334d7f187e21e159d,2025-11-29T07:44:55+00:00
1475,13807,298.51,Return received,re_53178f25d192d68ef90c0d24,2025-11-29T08:05:21+00:00
1476,14675,234.22,Order cancelled by customer,re_c86af77f5da0daa1e526f369,2025-11-29T08:40:01+00:00
1477,13503,110.49,Return received,re_143e64796d5368f6e4e2655a,2025-11-29T11:06:30+00:00
1478,13820,62.38,Return received,re_a7ec2efdcb5676077646bc42,2025-11-29T11:42:14+00:00
1479,14632,185.03,Order cancelled by customer,re_3fc96f190868331d38bb9314,2025-11-29T13:35:12+00:00
1480,13795,268.11,Return received,re_cf055c4b6c8317cc11fcb9a5,2025-11-29T14:29:52+00:00
1481,14653,69.71,Order cancelled by customer,re_63bf511aea47b0d2300e297d,2025-11-29T17:46:51+00:00
1482,13940,171.70,Return received,re_e4327674e9da37f5ece2455b,2025-11-30T02:56:32+00:00
1483,14657,210.63,Order cancelled by customer,re_255a16779fdc20f8b15c23e8,2025-11-30T04:19:58+00:00
1484,14643,61.95,Order cancelled by customer,re_7c886a24aa2484863a0611d0,2025-11-30T04:25:45+00:00
1485,13796,114.47,Return received,re_eb03e3c1d971603ee29b6251,2025-11-30T08:51:19+00:00
1486,13659,131.74,Return received,re_2cbe90dd5d468f4cbc5c05a9,2025-11-30T20:00:40+00:00
1487,13846,96.84,Return received,re_72a726d57a61e87225fd912a,2025-11-30T22:54:58+00:00
1488,14710,143.40,Order cancelled by customer,re_85b2a9fede7feeb55d9f9240,2025-12-01T01:08:33+00:00
1489,14746,144.37,Order cancelled by customer,re_6e09b57904dd7ba08903ce07,2025-12-01T23:23:12+00:00
1490,14755,435.47,Order cancelled by customer,re_7b4c1929029085beb96ea851,2025-12-02T01:28:28+00:00
1491,13216,132.05,Return received,re_bf7fdbc35b19869a00fd505b,2025-12-02T06:16:51+00:00
1492,14158,34.11,Return received,re_b5e4806f401d1cf170a5e830,2025-12-02T10:40:29+00:00
1493,13614,310.74,Return received,re_468a038f8571cb9656c281b5,2025-12-02T16:16:24+00:00
1494,14239,95.38,Return received,re_43b8cc4ae3b68c3fddc6ef01,2025-12-02T18:56:27+00:00
1495,14800,159.90,Order cancelled by customer,re_7965e60d26923773cdcfb122,2025-12-02T19:58:16+00:00
1496,14784,158.90,Order cancelled by customer,re_fe3f819307ed786979d757db,2025-12-02T20:22:01+00:00
1497,14789,147.41,Order cancelled by customer,re_21a27e5e1040cf1f5b2f9c1d,2025-12-03T08:06:13+00:00
1498,14023,243.00,Return received,re_dfc4f9fce11fbd93f433f7a7,2025-12-03T18:56:56+00:00
1499,14843,25.10,Order cancelled by customer,re_c47e952817da5ac130b02126,2025-12-04T01:08:22+00:00
1500,14219,108.99,Return received,re_cf46e07baca79cc891f98263,2025-12-04T01:51:22+00:00
1501,14148,272.16,Return received,re_f0e521baba805f5e5329d4d2,2025-12-04T02:28:46+00:00
1502,14873,50.52,Order cancelled by customer,re_50ba392997dcb97d46c104a5,2025-12-04T04:59:38+00:00
1503,14350,91.51,Return received,re_ee6296c8ecefac77b9df75e8,2025-12-04T05:18:07+00:00
1504,14840,254.36,Order cancelled by customer,re_bb8e7bd2f953b42201ee8fa1,2025-12-04T08:27:40+00:00
1505,14835,55.92,Order cancelled by customer,re_570438e30a1bc5f75f006a8d,2025-12-04T09:07:59+00:00
1506,14874,121.52,Order cancelled by customer,re_a5b7ea26c34475e1efdb790c,2025-12-04T13:14:56+00:00
1507,13386,44.63,Return received,re_5f3b9cf3ede91b416e330f4e,2025-12-04T18:47:29+00:00
1508,14871,112.31,Order cancelled by customer,re_047cf3a93ba9677d3cbd7062,2025-12-05T01:00:37+00:00
1509,14882,265.70,Order cancelled by customer,re_dac7736aaa5d44c7f6677d2b,2025-12-05T05:17:27+00:00
1510,14932,119.82,Order cancelled by customer,re_560eb9bd17f306838648870f,2025-12-05T05:41:07+00:00
1511,14118,311.46,Return received,re_a72dfe5cbf912fc4a56f5d54,2025-12-05T22:56:50+00:00
1512,13642,51.58,Return received,re_68d73b79a99ed6a53adeb5c1,2025-12-06T01:22:54+00:00
1513,14258,344.23,Return received,re_bc3a4035c54c0b07dd694255,2025-12-06T03:09:01+00:00
1514,14934,162.17,Order cancelled by customer,re_50c9246b77a0762310c3f59c,2025-12-06T10:24:30+00:00
1515,14970,82.12,Order cancelled by customer,re_13de868c977c355a19e553d2,2025-12-06T23:35:48+00:00
1516,15057,537.96,Order cancelled by customer,re_08e5ae7f590fdab1ea6869e7,2025-12-07T12:44:47+00:00
1517,13822,75.44,Return received,re_31ba5d2649934cd67a9a62d2,2025-12-07T12:52:03+00:00
1518,13910,61.12,Return received,re_e83d8e30b982ef26002d55e4,2025-12-07T18:14:34+00:00
1519,13915,262.74,Return received,re_8edd208897e6aae262cf526e,2025-12-07T22:56:59+00:00
1520,14204,49.95,Return received,re_b4741b81129b11ee6cb98cb1,2025-12-08T01:10:50+00:00
1521,14146,34.10,Return received,re_64abcea854e652cd6ce95769,2025-12-08T13:37:06+00:00
1522,13670,8.63,Return received,re_fbcd049e5f7979dfcdfecd3e,2025-12-08T14:11:16+00:00
1523,15070,234.42,Order cancelled by customer,re_5278985dfafd024f54236fb2,2025-12-09T02:14:15+00:00
1524,15106,256.93,Order cancelled by customer,re_9a8ac9d1c127a1726f21dbf8,2025-12-09T05:56:50+00:00
1525,15139,175.92,Order cancelled by customer,re_050b0ac9fe7dc565e5999602,2025-12-09T16:34:51+00:00
1526,15137,121.05,Order cancelled by customer,re_898a4693376bf447865b74aa,2025-12-10T01:57:25+00:00
1527,15113,45.09,Order cancelled by customer,re_a805803e8d25ab6ac946cd29,2025-12-10T06:56:23+00:00
1528,14507,1008.26,Return received,re_d0cde870a5bc369d13921b69,2025-12-10T19:07:11+00:00
1529,13594,667.25,Return received,re_ebb25cf4369834cd7cd9fbe4,2025-12-10T21:08:22+00:00
1530,14040,230.50,Return received,re_96eb261692e82289c0e8d3ab,2025-12-10T22:53:19+00:00
1531,14128,49.44,Return received,re_721f33eb18d6d0d1566ff836,2025-12-11T00:36:30+00:00
1532,13953,101.99,Return received,re_208e9b0ed8266db2554719e5,2025-12-11T03:52:34+00:00
1533,14030,50.99,Return received,re_459a016a345561e35bd2d9b3,2025-12-11T04:04:25+00:00
1534,13691,676.63,Return received,re_90b5f3adb789eb1e028332b7,2025-12-11T10:45:00+00:00
1535,14371,116.99,Return received,re_3c685647a65bf44b2a2e31fe,2025-12-11T14:07:28+00:00
1536,13789,140.44,Return received,re_e5584c746f323f14c571e2c0,2025-12-11T20:37:40+00:00
1537,15196,109.97,Order cancelled by customer,re_d45f89990ff96a9d56219868,2025-12-11T21:06:20+00:00
1538,13869,73.91,Return received,re_f0d0e32806f3e71388a61d1d,2025-12-11T21:39:42+00:00
1539,15245,285.11,Order cancelled by customer,re_7b3469f4ed8584a8f630fd83,2025-12-12T10:35:35+00:00
1540,15265,110.23,Order cancelled by customer,re_4c0e8e0e1c21a43aa698a252,2025-12-12T19:56:53+00:00
1541,15268,216.21,Order cancelled by customer,re_396c554361f9b44c59c7970f,2025-12-12T22:15:12+00:00
1542,15272,122.24,Order cancelled by customer,re_b85eb7cadaa8f7c8148c1c6c,2025-12-12T22:25:38+00:00
1543,15260,108.35,Order cancelled by customer,re_7a298b886461f47ca07bcd54,2025-12-12T23:10:49+00:00
1544,13540,367.80,Return received,re_ad45098b80f9e1eb3dc9fbd4,2025-12-13T03:00:02+00:00
1545,13699,145.71,Return received,re_fbfb144fc1255df9649d4999,2025-12-13T05:41:27+00:00
1546,13950,111.53,Return received,re_cd50f5afee759ad9bee6b375,2025-12-13T13:18:56+00:00
1547,15296,265.97,Order cancelled by customer,re_400398758a91541c4e2cbd18,2025-12-14T03:05:34+00:00
1548,15306,194.43,Order cancelled by customer,re_345bec4648aceecbde884679,2025-12-14T03:37:54+00:00
1549,14013,115.82,Return received,re_aed69c6c9dee942223e103cd,2025-12-14T06:48:53+00:00
1550,15304,41.93,Order cancelled by customer,re_d36ba1e88dd723f6ffb7aebb,2025-12-14T07:15:58+00:00
1551,15376,22.07,Order cancelled by customer,re_88bed31549a563ae4d872d49,2025-12-14T09:54:13+00:00
1552,15366,112.31,Order cancelled by customer,re_5e2ac7a890fccc0812e5ffd1,2025-12-14T12:38:39+00:00
1553,15300,283.00,Order cancelled by customer,re_32530d2d36629f87adcc05c7,2025-12-14T16:12:33+00:00
1554,13643,367.77,Return received,re_3ff046eb22f4be78db647d11,2025-12-14T18:20:48+00:00
1555,14486,114.47,Return received,re_c4e02d253c8c44d630fb94e9,2025-12-14T19:17:43+00:00
1556,13608,96.68,Return received,re_5b936cb7a88b2e0ec6cd3dec,2025-12-15T02:07:42+00:00
1557,14680,67.68,Return received,re_d5c5ba2c52fe1b7aba516c2f,2025-12-15T03:50:46+00:00
1558,15367,626.83,Order cancelled by customer,re_5d29aff0b62453a0cb59074e,2025-12-15T06:56:20+00:00
1559,14083,58.78,Return received,re_1a3c751a16d8d649aa74cdda,2025-12-15T13:27:10+00:00
1560,13809,97.41,Return received,re_23287d57399c70d52186959e,2025-12-15T21:22:27+00:00
1561,15406,260.60,Order cancelled by customer,re_3170ca1e43a1f85dd5129313,2025-12-15T23:30:04+00:00
1562,13930,145.58,Return received,re_8a5a43402634e83c03c44da9,2025-12-16T00:33:37+00:00
1563,13836,299.19,Return received,re_4021af737f6c7b6aa8ba5a05,2025-12-16T11:46:19+00:00
1564,14566,602.68,Return received,re_2d381c38c9d72f0fbee720a2,2025-12-16T15:02:47+00:00
1565,15459,219.81,Order cancelled by customer,re_7346f144fdea05d15163bb15,2025-12-16T19:18:35+00:00
1566,15446,138.35,Order cancelled by customer,re_7079d9d23f98c5902496b6ce,2025-12-16T20:05:34+00:00
1567,15460,158.30,Order cancelled by customer,re_66f79eff9504cd6f76bceadc,2025-12-17T00:20:22+00:00
1568,15480,1291.05,Order cancelled by customer,re_011507a59cfe6209b78a883c,2025-12-17T01:37:16+00:00
1569,15043,90.55,Return received,re_245442989495518b3766f5f8,2025-12-17T02:13:33+00:00
1570,15471,84.60,Order cancelled by customer,re_a956c4e3b8d6050f925396ef,2025-12-17T03:24:28+00:00
1571,14782,111.28,Return received,re_df023d2dcfb6276c64ade9c4,2025-12-17T04:26:25+00:00
1572,14227,89.03,Return received,re_36b1f73ae07a4f507cd113d9,2025-12-17T05:00:09+00:00
1573,15487,57.16,Order cancelled by customer,re_5f5631b61b60ed8d9ae8f669,2025-12-17T06:00:50+00:00
1574,14669,242.23,Return received,re_600d4f8255b23d3ca26efc87,2025-12-17T06:59:20+00:00
1575,14027,230.56,Return received,re_da975e59e7610b30c5b9bb3d,2025-12-17T09:43:02+00:00
1576,13682,49.70,Return received,re_58e7344fe3ab8933ad1d1ca8,2025-12-17T12:39:45+00:00
1577,14889,121.33,Return received,re_a0c78510d64a213d6eb1e4b7,2025-12-17T14:48:05+00:00
1578,14999,492.93,Return received,re_70c8df79ddeeb727f1df7d49,2025-12-17T17:56:22+00:00
1579,15533,18.46,Order cancelled by customer,re_3b0bc30c025ce80fa37163cd,2025-12-17T19:47:57+00:00
1580,15527,57.64,Order cancelled by customer,re_5a25728c4b51ea768175cb5c,2025-12-17T21:24:02+00:00
1581,15528,1263.38,Order cancelled by customer,re_09b65bd09fe856b3caaa44a5,2025-12-17T22:14:28+00:00
1582,13811,141.68,Return received,re_5dc4a2f9547ac82bc2613c5f,2025-12-17T22:36:27+00:00
1583,13899,114.04,Return received,re_4633ce79c54494d575ff4905,2025-12-17T23:41:48+00:00
1584,15523,63.34,Order cancelled by customer,re_c6e23d78dc9e58560b29d3ed,2025-12-18T01:39:26+00:00
1585,15577,235.16,Order cancelled by customer,re_6b06e63c21e7e77cdf683c52,2025-12-18T18:54:22+00:00
1586,14760,1216.22,Return received,re_00a604d0f54702750d98afa2,2025-12-18T22:17:35+00:00
1587,15594,28.50,Order cancelled by customer,re_eed18c4332a78e54549fca6e,2025-12-18T23:34:58+00:00
1588,15608,36.14,Order cancelled by customer,re_ea2e74af49908f7d1e388e4a,2025-12-19T01:07:55+00:00
1589,15547,33.16,Order cancelled by customer,re_9171d3aef1849ee313db0194,2025-12-19T01:27:00+00:00
1590,14860,127.18,Return received,re_4d506a4b156a4f0e5bcece7c,2025-12-19T04:06:42+00:00
1591,13960,114.47,Return received,re_a7787873e1bdd2f3298d6813,2025-12-19T08:39:52+00:00
1592,13919,136.39,Return received,re_2fde9e92c377045d4805f412,2025-12-19T11:48:35+00:00
1593,14236,151.55,Return received,re_81c8648aa62c7f268408ae1d,2025-12-19T14:47:05+00:00
1594,15584,88.18,Order cancelled by customer,re_6b9399e0c1b4451717fa4a15,2025-12-19T15:10:19+00:00
1595,15615,283.36,Order cancelled by customer,re_52cfca1a97a77cba3632b01e,2025-12-19T17:18:42+00:00
1596,15627,97.50,Order cancelled by customer,re_d2cf6cc2486cead5f9aa18f1,2025-12-19T21:00:20+00:00
1597,14349,102.58,Return received,re_2a362c64aa6d9ee8665bced4,2025-12-20T00:03:08+00:00
1598,15597,164.18,Order cancelled by customer,re_83eb7e474e619e2316cf6650,2025-12-20T00:29:50+00:00
1599,15618,189.11,Order cancelled by customer,re_877c05d4254e5404b78b3fa9,2025-12-20T10:45:31+00:00
1600,14079,116.58,Return received,re_bc7ecb0bb5365567c076acf8,2025-12-20T11:03:31+00:00
1601,15698,91.22,Order cancelled by customer,re_83bef1078db565f5a461c394,2025-12-20T21:12:18+00:00
1602,14788,107.01,Return received,re_6c69a3e9434a40c21af3a702,2025-12-21T01:57:44+00:00
1603,15693,75.52,Order cancelled by customer,re_32562cd93c165653187fe0a0,2025-12-21T02:49:24+00:00
1604,13946,22.51,Return received,re_2562ee74748e73097dcdf686,2025-12-21T15:21:34+00:00
1605,15727,194.28,Order cancelled by customer,re_9871b94c1192783b9d211dcb,2025-12-21T16:56:27+00:00
1606,15713,46.73,Order cancelled by customer,re_ab00204026393b788a8ed776,2025-12-21T23:59:54+00:00
1607,14747,315.86,Return received,re_53bd570850a66ed421cc3b3b,2025-12-22T05:46:19+00:00
1608,15754,394.62,Order cancelled by customer,re_50fbd26a28c2c35b03515e42,2025-12-22T17:51:39+00:00
1609,15793,51.23,Order cancelled by customer,re_51eec9f2324148e6981587bf,2025-12-22T19:40:44+00:00
1610,14536,118.27,Return received,re_8a753108337be83b08594031,2025-12-23T02:22:20+00:00
1611,15824,159.90,Order cancelled by customer,re_0dc9fe491ea568faadcaee98,2025-12-23T07:17:03+00:00
1612,15811,322.46,Order cancelled by customer,re_f67bac3ea9049223ef355107,2025-12-23T08:29:15+00:00
1613,14592,52.05,Return received,re_a934789d706781ef28ddfbdb,2025-12-23T09:14:18+00:00
1614,15028,209.84,Return received,re_162bbad9206a8935c79175f1,2025-12-23T10:06:53+00:00
1615,14945,274.06,Return received,re_6f90828c7ddf4fefe2e4ab93,2025-12-23T13:25:12+00:00
1616,14571,380.53,Return received,re_5bb0b3952c0f05a3ce41c08d,2025-12-23T20:25:55+00:00
1617,15338,118.66,Return received,re_2bd0c542f8b01322b0c153ca,2025-12-23T22:03:55+00:00
1618,14344,50.50,Return received,re_2a84b91521fb4b97022752bd,2025-12-24T03:48:07+00:00
1619,15815,25.74,Order cancelled by customer,re_24e37911bf38b739a1bcdf4e,2025-12-24T04:01:15+00:00
1620,15826,111.53,Order cancelled by customer,re_b098c5899130ca4a4846c9e7,2025-12-24T07:21:00+00:00
1621,15842,401.60,Order cancelled by customer,re_088f08017a357dd5004d3fe9,2025-12-24T09:20:34+00:00
1622,15840,475.89,Order cancelled by customer,re_33a0e1cc9a721835f2005490,2025-12-24T10:06:55+00:00
1623,15832,89.24,Order cancelled by customer,re_8599c2e7948b8c829815142b,2025-12-24T10:32:36+00:00
1624,14543,18.09,Return received,re_595a34eb5e1d4c37c6a1eb84,2025-12-24T17:58:47+00:00
1625,14986,40.99,Return received,re_2f1073168ed942ce039f6919,2025-12-24T18:56:37+00:00
1626,14365,797.97,Return received,re_58c04c83c0a8fdb6cc0d257a,2025-12-24T21:22:05+00:00
1627,15922,133.88,Order cancelled by customer,re_1e4b9003af3338a6d43ebe06,2025-12-25T04:39:58+00:00
1628,14488,51.35,Return received,re_4ad81e1bdafd32158e6a5b41,2025-12-25T06:23:28+00:00
1629,14815,162.40,Return received,re_1229f9e1ca083469e41d7f66,2025-12-25T06:23:37+00:00
1630,14647,235.02,Return received,re_ffa3f9a7c4e4c9b17c6650c2,2025-12-25T14:09:17+00:00
1631,15924,67.06,Order cancelled by customer,re_be6e7699012f5a1f6efa2147,2025-12-25T22:32:38+00:00
1632,14312,229.49,Return received,re_b12941198edcc0c3e2535dc3,2025-12-25T22:46:59+00:00
1633,15103,46.73,Return received,re_6e8a6970cc066ddd55653b56,2025-12-26T04:57:00+00:00
1634,15914,29.90,Order cancelled by customer,re_4973e92587b2bcaa39e90d95,2025-12-26T10:10:09+00:00
1635,14802,278.34,Return received,re_f5d759860f02f08761e1937d,2025-12-26T18:09:27+00:00
1636,15018,33.17,Return received,re_207e5b0faf0ceb12f5f803c0,2025-12-26T21:23:44+00:00
1637,15201,54.05,Return received,re_215f92a6d3d63b3ecd76b470,2025-12-27T00:39:22+00:00
1638,14441,95.39,Return received,re_06384756fc7d80b78771f114,2025-12-27T02:04:07+00:00
1639,15994,190.16,Order cancelled by customer,re_5e668122aa9b7acd40a8d93f,2025-12-27T04:20:03+00:00
1640,14453,17.52,Return received,re_59018a8329a0534675229dd5,2025-12-27T09:48:52+00:00
1641,15083,159.42,Return received,re_84c5d8bbb9306e0d16841aa0,2025-12-27T16:04:02+00:00
1642,16022,228.34,Order cancelled by customer,re_ca31ee4246768b29dc3ce925,2025-12-27T18:10:41+00:00
1643,14780,326.73,Return received,re_fb65e359a170e69bcb5460de,2025-12-28T00:28:26+00:00
1644,14559,121.11,Return received,re_13905676f3340866d96b7663,2025-12-28T01:31:11+00:00
1645,14405,37.08,Return received,re_4514837bdb287cf1b25ea35c,2025-12-28T09:25:34+00:00
1646,14795,115.82,Return received,re_52b6e11538094ff2e70539b2,2025-12-28T14:56:27+00:00
1647,16104,515.96,Order cancelled by customer,re_ec42d71476b729478d904aa6,2025-12-29T08:11:55+00:00
1648,16142,225.42,Order cancelled by customer,re_8f24569f78e158709849c3bd,2025-12-29T14:33:20+00:00
1649,14467,78.19,Return received,re_ad1f62a5e83fb20f00ec3b02,2025-12-29T16:40:37+00:00
1650,16133,188.67,Order cancelled by customer,re_18698afb2b56f465a8b83201,2025-12-29T17:57:53+00:00
1651,14629,75.69,Return received,re_49cce05215464350d03da1a6,2025-12-30T11:32:32+00:00
1652,15297,92.15,Return received,re_e2a17fd0d9d905602415acf1,2025-12-30T12:46:19+00:00
1653,16162,141.48,Order cancelled by customer,re_fd4946386a7ed13ba6ae62e7,2025-12-30T17:37:54+00:00
1654,16168,177.06,Order cancelled by customer,re_57b829fe089cf7951f7f9c66,2025-12-30T18:35:07+00:00
1655,14674,286.44,Return received,re_d6e95a8241fff4fc8199524a,2025-12-30T20:31:16+00:00
1656,14989,83.63,Return received,re_29330eef1c26fab519187bde,2025-12-31T06:16:58+00:00
1657,16218,123.01,Order cancelled by customer,re_f0f23060e21c35fc3dd7ed95,2025-12-31T09:17:02+00:00
1658,14762,460.93,Return received,re_5992db6389d2baed80dd4310,2025-12-31T10:11:49+00:00
1659,15462,511.39,Return received,re_c41bc0f9163c2b83bec03941,2025-12-31T19:52:03+00:00
1660,16223,114.47,Order cancelled by customer,re_9831f72f2dff84ffa9bece1b,2026-01-01T04:40:02+00:00
1661,15495,39.23,Return received,re_ce715f7cbb72f5f5952505d4,2026-01-01T05:15:08+00:00
1662,15388,57.28,Return received,re_1ee78df6ba7aa21e92b64099,2026-01-01T06:12:48+00:00
1663,15400,55.23,Return received,re_08d745c39e2320d88e6f3583,2026-01-01T11:04:39+00:00
1664,14805,63.14,Return received,re_0ae68338df2149894c446cde,2026-01-01T13:24:53+00:00
1665,16279,282.16,Order cancelled by customer,re_d91ed4a08da8f496e70fcbe4,2026-01-01T16:04:43+00:00
1666,16289,83.83,Order cancelled by customer,re_bbcf2104972eb814cc423406,2026-01-01T16:19:02+00:00
1667,15102,177.42,Return received,re_ec3a267d19bf769701ceba95,2026-01-01T17:47:08+00:00
1668,14496,75.06,Return received,re_bb2566f28017b52a9560f7ec,2026-01-01T21:32:39+00:00
1669,14607,114.47,Return received,re_0c0338746f2703df17cbbf25,2026-01-02T02:19:51+00:00
1670,14714,183.80,Return received,re_9bf31dfe05ad1770fa1cb200,2026-01-03T05:27:59+00:00
1671,15288,114.74,Return received,re_2a92ca9ce1f43c82a579267e,2026-01-03T06:31:41+00:00
1672,16306,33.60,Order cancelled by customer,re_1c9086548eaa7856ecca3851,2026-01-03T10:14:54+00:00
1673,16309,397.47,Order cancelled by customer,re_4506da5096631e91dac43645,2026-01-03T12:09:54+00:00
1674,15267,256.58,Return received,re_ebae6a3f939f576308be72fa,2026-01-03T18:49:22+00:00
1675,16320,306.31,Order cancelled by customer,re_1e42b4221df693f894cbb964,2026-01-04T00:54:09+00:00
1676,15247,261.65,Return received,re_72bbe9620592f2ab6ae05aa4,2026-01-04T01:25:51+00:00
1677,16335,81.02,Order cancelled by customer,re_67d8b10cb86c6c08699e2481,2026-01-04T23:49:23+00:00
1678,15415,26.89,Return received,re_6ff22027dcd547941f694ddb,2026-01-05T08:13:12+00:00
1679,14704,51.66,Return received,re_8ac54dfa1f9553569f31ad3f,2026-01-05T09:13:14+00:00
1680,16352,259.53,Order cancelled by customer,re_bbddfb0743ee709b358c0180,2026-01-05T11:56:36+00:00
1681,15000,51.17,Return received,re_b31613ecf3b29169ce690720,2026-01-05T19:34:21+00:00
1682,16349,574.79,Order cancelled by customer,re_d2e75d6bf30ae55323ba5012,2026-01-06T01:00:31+00:00
1683,15655,968.91,Return received,re_181f06c5e44f4a4bc0e79e36,2026-01-06T11:25:50+00:00
1684,14904,87.75,Return received,re_d66ddf49603af103faad1656,2026-01-07T01:11:56+00:00
1685,14879,31.56,Return received,re_0343efc38db71cd108ec3fae,2026-01-07T20:25:06+00:00
1686,16406,59.68,Order cancelled by customer,re_dcc9c952e510c4ecf6e00c55,2026-01-08T01:58:18+00:00
1687,16421,3045.57,Order cancelled by customer,re_62666c33e916d25dc40661e5,2026-01-08T06:09:15+00:00
1688,14655,275.07,Return received,re_54f7f8923dbb69c8cb0753e1,2026-01-08T06:55:46+00:00
1689,14893,117.37,Return received,re_9c2689d7ae031cf43ea3a7a4,2026-01-08T09:48:16+00:00
1690,15878,132.98,Return received,re_e3dae4bdacff7af52b004d8f,2026-01-08T11:45:36+00:00
1691,15660,323.38,Return received,re_0beac2730aa8a3eccbcb7431,2026-01-08T12:46:03+00:00
1692,15686,34.83,Return received,re_506328b62a75ec39dc8b493b,2026-01-08T17:26:48+00:00
1693,15714,897.77,Return received,re_549df9288176fdfe7f4b8ecc,2026-01-08T21:19:39+00:00
1694,15160,52.50,Return received,re_b4fff17b1cce23ea3f039da8,2026-01-09T03:50:44+00:00
1695,15702,118.70,Return received,re_7dd643e70ed1e33f13dca22c,2026-01-09T04:58:44+00:00
1696,15798,60.55,Return received,re_1cccf67ef438a8f57d478829,2026-01-09T16:55:12+00:00
1697,15105,133.02,Return received,re_2e4121b5b27378fa61d24ed5,2026-01-10T04:04:45+00:00
1698,15729,114.31,Return received,re_7eabf29dc7e70a831fb0ea61,2026-01-10T04:54:48+00:00
1699,15595,43.96,Return received,re_1f2307011aa9c8ee9c010105,2026-01-10T19:41:31+00:00
1700,15311,50.62,Return received,re_7780fe86f003cc72a9d56ad3,2026-01-11T04:03:03+00:00
1701,15762,310.89,Return received,re_b4367736eb30a6956ab2488d,2026-01-11T04:56:26+00:00
1702,15202,233.78,Return received,re_5681267c6b5f1ba169520d90,2026-01-11T05:56:41+00:00
1703,15661,48.98,Return received,re_75d8b288f303e7cca7afd50e,2026-01-11T20:00:15+00:00
1704,16467,332.63,Order cancelled by customer,re_795c5027bf7c9871ff0403ca,2026-01-12T06:09:33+00:00
1705,15404,49.44,Return received,re_64dca6009336b512748cfc86,2026-01-12T22:00:43+00:00
1706,16233,51.17,Return received,re_23c1f99ba70bb6e2eab75793,2026-01-13T11:16:04+00:00
1707,15704,62.19,Return received,re_08cdc9bd15a109509dec4916,2026-01-13T12:45:53+00:00
1708,15869,130.98,Return received,re_ae175a103fd3d7eb7a030198,2026-01-14T01:50:07+00:00
1709,16054,362.25,Return received,re_502f14c08442e62126113835,2026-01-14T15:23:15+00:00
1710,15823,54.42,Return received,re_36c0d1ee070331204d787dfb,2026-01-14T15:37:58+00:00
1711,16256,300.68,Return received,re_c0a119bbef672a33e6dfd1a2,2026-01-14T19:37:53+00:00
1712,15612,59.48,Return received,re_c0a8b989565205a073887da4,2026-01-14T22:50:43+00:00
1713,16541,259.28,Order cancelled by customer,re_f9092c300c792fd074061a94,2026-01-15T10:18:40+00:00
1714,15682,65.26,Return received,re_7b663c055688e0f9b3bd3be3,2026-01-15T14:05:45+00:00
1715,15619,61.19,Return received,re_87b45b6d523a9dd5e980e5b6,2026-01-15T22:50:14+00:00
1716,16151,167.78,Return received,re_d6b1007db9aa3ce9ca7ab56a,2026-01-17T02:18:34+00:00
1717,16011,417.49,Return received,re_6cc551572cbf73a204973b5c,2026-01-17T02:42:25+00:00
1718,15237,152.98,Return received,re_bc389e43b22a098d9e7adcf2,2026-01-17T03:08:55+00:00
1719,15410,231.88,Return received,re_234c6ab9734a676ded6659a5,2026-01-18T00:47:27+00:00
1720,16138,51.77,Return received,re_a45aa8312dedab78f127da5f,2026-01-18T18:36:55+00:00
1721,15780,192.71,Return received,re_f838d3590c4d75430386839b,2026-01-19T04:42:30+00:00
1722,16177,111.53,Return received,re_483b68a4b4094e7bd9217313,2026-01-19T08:24:25+00:00
1723,16059,113.11,Return received,re_fc545b68f33c424445229bf5,2026-01-20T20:12:28+00:00
1724,15982,35.94,Return received,re_d81a73320079443ca8b9dc59,2026-01-21T14:20:16+00:00
1725,16661,33.60,Order cancelled by customer,re_00b61a7919922030a0dc6cf0,2026-01-21T17:27:43+00:00
1726,15923,57.69,Return received,re_c620f46d11b70b0b513ea1e8,2026-01-21T20:34:14+00:00
1727,16375,82.67,Return received,re_9cc5276fe24652a211a4d6a3,2026-01-21T21:41:21+00:00
1728,16683,370.22,Order cancelled by customer,re_1737e612a06a5b1a829a1b5c,2026-01-23T08:23:07+00:00
1729,15844,82.86,Return received,re_6e9a0e8c87569fc004879695,2026-01-23T16:47:54+00:00
1730,15800,121.17,Return received,re_78deb62a7467baeeccdd9928,2026-01-23T19:40:40+00:00
1731,15863,28.13,Return received,re_b76ca5af078fec4a91110cb7,2026-01-23T22:01:03+00:00
1732,16303,95.31,Return received,re_16b04fb377b602b4439e6998,2026-01-24T18:22:35+00:00
1733,15947,185.07,Return received,re_821f80e45643bf9cd435e31f,2026-01-25T01:47:51+00:00
1734,15689,45.68,Return received,re_3bb0e8065ed4881453f03eac,2026-01-25T15:39:05+00:00
1735,16713,92.47,Order cancelled by customer,re_a4aa2fa14e1b8482c827208a,2026-01-25T21:16:38+00:00
1736,16076,173.42,Return received,re_77ff0afc455608b666a69218,2026-01-26T11:31:09+00:00
1737,15827,71.88,Return received,re_9327c547d487a336ee66ede4,2026-01-26T22:56:39+00:00
1738,16743,232.42,Order cancelled by customer,re_2eba116b8cb202fc0e143837,2026-01-27T00:59:38+00:00
1739,15900,110.23,Return received,re_a52e68c2c69c463c85c50fd2,2026-01-27T07:45:38+00:00
1740,16057,137.05,Return received,re_6cdfd33b3abacc2e414f49d8,2026-01-27T15:33:16+00:00
1741,16473,57.90,Return received,re_0d88fd18eeded4427c41d4b7,2026-01-27T16:16:10+00:00
1742,15944,62.16,Return received,re_76a8121c8d2122ddf1bc7897,2026-01-27T22:53:04+00:00
1743,16037,165.34,Return received,re_a5f12cf61508ef1393b7bc1a,2026-01-28T02:38:24+00:00
1744,16788,234.24,Order cancelled by customer,re_e8cd2b0c600ca19bb40f364a,2026-01-29T00:37:10+00:00
1745,16288,2953.14,Return received,re_eb97f18a8202062347867cb8,2026-01-29T00:47:02+00:00
1746,16451,40.06,Return received,re_6a86e1ba72c634b802cd3ce8,2026-01-29T01:11:17+00:00
1747,16372,93.30,Return received,re_befc773052bfdadd5a6eb542,2026-01-29T05:04:51+00:00
1748,16102,76.14,Return received,re_310b6e540e339e1a36876ada,2026-01-29T15:59:11+00:00
1749,16809,545.22,Order cancelled by customer,re_7841d19f133338bb9895abc5,2026-01-30T04:50:47+00:00
1750,16122,359.31,Return received,re_7332237d1c712cc919dc13ad,2026-01-30T18:21:01+00:00
1751,16420,22.62,Return received,re_4c21a4334e7563824f170666,2026-01-30T18:36:05+00:00
1752,16003,159.42,Return received,re_7feab4e69e1c59a6ede07b86,2026-01-31T01:16:20+00:00
1753,16209,51.47,Return received,re_dd88857da51841e8a5dc1209,2026-01-31T03:16:29+00:00
1754,16243,73.98,Return received,re_e5551680741565ea677cbc01,2026-01-31T05:54:17+00:00
1755,16611,73.55,Return received,re_f3775bed9464ec688c8add5e,2026-02-01T05:13:21+00:00
1756,16848,231.09,Order cancelled by customer,re_5fa1bc6c3e63ecfc54abb342,2026-02-01T06:13:45+00:00
1757,16513,46.90,Return received,re_7da167ff09b9dd2343b888d5,2026-02-01T10:10:10+00:00
1758,16261,302.07,Return received,re_af920f0877ae7249968030d7,2026-02-01T14:21:08+00:00
1759,16854,316.90,Order cancelled by customer,re_9cd5d572cc0e4aa2c0e1d925,2026-02-01T19:52:43+00:00
1760,16861,298.51,Order cancelled by customer,re_a5167f5770bac79d6600d501,2026-02-01T22:37:20+00:00
1761,16867,33.47,Order cancelled by customer,re_7fd4c5f9e0747c9b8e36e049,2026-02-02T00:38:56+00:00
1762,16254,1021.75,Return received,re_76e0f8b7dd1eb334f31158be,2026-02-02T03:39:53+00:00
1763,16310,87.92,Return received,re_6b9971a05a3e6e142182d98e,2026-02-02T14:18:19+00:00
1764,16109,27.48,Return received,re_6aa62520c6f3d1d5f1e2f252,2026-02-02T17:27:00+00:00
1765,16374,58.77,Return received,re_5106a1e534372f849ac80fc9,2026-02-02T23:03:19+00:00
1766,15934,451.76,Return received,re_a35a3b30c8c9b2c00589b153,2026-02-03T01:54:48+00:00
1767,16385,111.53,Return received,re_0b92643156d7836820ae0237,2026-02-03T05:04:56+00:00
1768,16079,116.36,Return received,re_b517f0a62f8387d2e21c3f2d,2026-02-04T11:40:29+00:00
1769,16520,118.98,Return received,re_8160a7c0346d28917ce5ef61,2026-02-04T13:37:41+00:00
1770,16398,76.31,Return received,re_6c770a7318a1a811325c5083,2026-02-04T15:29:48+00:00
1771,16367,92.99,Return received,re_baed1da92f76dc3124cc7302,2026-02-04T17:23:18+00:00
1772,16158,743.41,Return received,re_007e5dc02c6a7a4e71d1ca41,2026-02-05T03:55:05+00:00
1773,16397,58.35,Return received,re_7346943702b09a9b6287c4ee,2026-02-05T03:55:51+00:00
1774,16569,91.78,Return received,re_ece419195fa38aab150a265d,2026-02-05T06:33:47+00:00
1775,16498,1210.75,Return received,re_fce597505527046e96d1e7b3,2026-02-06T16:07:56+00:00
1776,16974,1252.66,Order cancelled by customer,re_5fdfa95acb1fb52e649dd738,2026-02-06T22:54:18+00:00
1777,16724,241.65,Return received,re_59c4cc458451be242e6d3fe4,2026-02-07T07:18:10+00:00
1778,16997,508.01,Order cancelled by customer,re_9e91a3123a1f46a37614c980,2026-02-07T09:48:15+00:00
1779,16998,368.06,Order cancelled by customer,re_bba092d926ef074aecfc997f,2026-02-07T11:09:21+00:00
1780,16715,40.05,Return received,re_fd2f57ac9f9d4c5ab5addd97,2026-02-07T17:31:04+00:00
1781,16351,44.10,Return received,re_51b299e2436971d8ccadfaf0,2026-02-08T01:14:31+00:00
1782,16315,275.37,Return received,re_6b0b9b332d41053a2839fcf4,2026-02-08T02:50:40+00:00
1783,17005,71.45,Order cancelled by customer,re_eaada36c2fe1b5aebee2ca0d,2026-02-08T05:41:35+00:00
1784,17021,54.85,Order cancelled by customer,re_9cc7221ec9f02c78f02d1293,2026-02-09T07:39:46+00:00
1785,16488,50.17,Return received,re_af41e19cf1f067af5b4ecebe,2026-02-09T08:11:43+00:00
1786,16585,205.88,Return received,re_ed94eb4fd842d39d10dbeb50,2026-02-09T17:00:18+00:00
1787,16601,65.55,Return received,re_f271935864dde0e130ece1aa,2026-02-10T00:40:52+00:00
1788,16543,1229.38,Return received,re_3408db907391e46210352aa3,2026-02-10T05:20:54+00:00
1789,17055,208.90,Order cancelled by customer,re_3205d88a4afea0d014c5b207,2026-02-10T15:34:30+00:00
1790,17047,154.58,Order cancelled by customer,re_d1c8222eea8613ffa3c00ae0,2026-02-11T04:12:57+00:00
1791,16278,198.58,Return received,re_21adcb61dc0c4379bd5de8a5,2026-02-11T07:19:22+00:00
1792,16564,413.87,Return received,re_43fae9ce60fb54fbcfa0f681,2026-02-11T21:28:18+00:00
1793,17088,127.46,Order cancelled by customer,re_2bc0bae870dba43b8164cf3e,2026-02-11T21:31:15+00:00
1794,16839,195.49,Return received,re_c8b79bb9905f6036077477dc,2026-02-12T17:53:09+00:00
1795,16507,270.80,Return received,re_1f99be5cc04163227d58bc1f,2026-02-14T10:53:36+00:00
1796,17125,33.54,Order cancelled by customer,re_9fb628dab087d053777f2aa8,2026-02-14T13:01:56+00:00
1797,16417,59.35,Return received,re_44dcfeb374552141179b48d9,2026-02-14T20:16:32+00:00
1798,17179,83.72,Order cancelled by customer,re_fc44f647108a8b18106196d8,2026-02-15T15:11:32+00:00
1799,17193,158.85,Order cancelled by customer,re_628205022b8cf298f4b764a8,2026-02-16T08:12:15+00:00
1800,16792,165.26,Return received,re_3d672a14ad3abfcbb5ee64ff,2026-02-16T22:34:09+00:00
1801,16710,35.60,Return received,re_27ab0b8c8f14cc837dbe412d,2026-02-17T00:23:37+00:00
1802,17218,121.49,Order cancelled by customer,re_cdd7a09f86470621bd0ecea3,2026-02-17T12:47:16+00:00
1803,17231,403.82,Order cancelled by customer,re_fd90a4b08abca4c3d24d8537,2026-02-17T13:14:14+00:00
1804,17230,83.00,Order cancelled by customer,re_4fba48a867f9cbd364a7522a,2026-02-18T01:49:10+00:00
1805,16546,61.46,Return received,re_cf2c43e209de9158e771731e,2026-02-18T02:46:54+00:00
1806,16856,292.45,Return received,re_2e423dde21e134ca500cef78,2026-02-18T06:58:23+00:00
1807,16729,58.56,Return received,re_78ae8f89e16684bed6cea507,2026-02-18T10:04:35+00:00
1808,16723,260.46,Return received,re_c46aa506e37c7ad8557d8cd6,2026-02-18T12:23:01+00:00
1809,17006,139.46,Return received,re_c01bf17e75adf2bb8934f0af,2026-02-18T22:07:12+00:00
1810,17254,186.98,Order cancelled by customer,re_c82ab20c8f8c9c8d4e0fb908,2026-02-18T22:59:31+00:00
1811,16583,33.86,Return received,re_416bfac4913632dd659a5866,2026-02-19T00:47:26+00:00
1812,16643,62.53,Return received,re_eca71f268b062878d197cba4,2026-02-19T13:48:39+00:00
1813,17280,277.70,Order cancelled by customer,re_309dd9e592648c0a17038235,2026-02-19T18:10:22+00:00
1814,17273,60.41,Order cancelled by customer,re_9fde27906395edb0bf144c50,2026-02-19T20:16:16+00:00
1815,17276,173.71,Order cancelled by customer,re_bb0ff8959b0eb54e9faa97c1,2026-02-20T10:32:25+00:00
1816,17301,122.55,Order cancelled by customer,re_00ab2cdf552c5a7d3d5a6109,2026-02-20T18:01:24+00:00
1817,16927,63.17,Return received,re_d48890a202b1a50b27130d21,2026-02-20T21:44:38+00:00
1818,17300,137.04,Order cancelled by customer,re_6383239bca17511d9e52087b,2026-02-21T02:07:48+00:00
1819,17285,84.98,Order cancelled by customer,re_359427ec4e5e759d700fafa2,2026-02-21T09:09:43+00:00
1820,16960,90.47,Return received,re_46ac488c2e202cccf588131b,2026-02-23T22:05:37+00:00
1821,16831,205.41,Return received,re_bb23ef6a44ee527819fc59af,2026-02-24T08:54:22+00:00
1822,16463,362.88,Return received,re_e0aec8bf69a2dc85b4a797fb,2026-02-24T11:31:36+00:00
1823,17029,93.30,Return received,re_353ddb5836cfdae4c3062de0,2026-02-24T23:31:34+00:00
1824,17394,89.51,Order cancelled by customer,re_dedfe117306477f958f2c34d,2026-02-25T00:55:26+00:00
1825,16627,85.85,Return received,re_0e871dc5bae1d48792436977,2026-02-25T07:56:46+00:00
1826,16651,1279.26,Return received,re_076ad189a2d1db0f5ff7df1a,2026-02-25T14:41:54+00:00
1827,16701,214.72,Return received,re_0e597a0f20f3a2beffeb458a,2026-02-26T14:47:41+00:00
1828,16826,71.01,Return received,re_f830323296706ad403ca51c3,2026-02-26T17:11:59+00:00
1829,17439,83.27,Order cancelled by customer,re_494d3b620ca825178f5dbf4f,2026-02-26T18:35:57+00:00
1830,16882,95.66,Return received,re_c183fc60c295180d167d6481,2026-02-26T19:03:30+00:00
1831,16802,56.17,Return received,re_62249f7d36f0ba60dc7a777d,2026-02-27T12:31:58+00:00
1832,17471,188.25,Order cancelled by customer,re_948b8fc4a90dc306b753a398,2026-02-27T17:04:15+00:00
1833,17135,80.43,Return received,re_e81bbcaebd60d74ea59b00de,2026-02-27T20:49:34+00:00
1834,17040,416.97,Return received,re_d45f184e719aa8be71725605,2026-02-28T01:51:56+00:00
1835,17482,333.81,Order cancelled by customer,re_92828a5212e8c1a32f6cb33c,2026-02-28T09:10:33+00:00
1836,17481,114.99,Order cancelled by customer,re_835c20cd5802b65128f877d5,2026-02-28T09:40:57+00:00
1837,17478,272.10,Order cancelled by customer,re_3ab17d31e0261577d76fc17f,2026-02-28T12:35:41+00:00
1838,16981,1657.08,Return received,re_8ae8a15e50f55ddf0b7d152c,2026-02-28T16:37:59+00:00
1839,16778,115.81,Return received,re_055e0c86aac96e73329dea8e,2026-03-01T07:35:55+00:00
1840,17511,60.68,Order cancelled by customer,re_27b7c1af067a9fa07601be7b,2026-03-01T11:36:31+00:00
1841,16791,242.48,Return received,re_6ebce18e6e4dc147738ecab8,2026-03-01T12:04:42+00:00
1842,17509,156.77,Order cancelled by customer,re_39108d82e1ad1d6aa932abf8,2026-03-01T18:28:43+00:00
1843,16696,157.75,Return received,re_1fdd02a779f4524db359bb42,2026-03-01T20:37:56+00:00
1844,16972,118.84,Return received,re_1d9f38a8c3973622c3d2f2fe,2026-03-03T00:46:40+00:00
1845,17530,307.81,Order cancelled by customer,re_9e1534216afa5d91672dc804,2026-03-03T01:43:15+00:00
1846,17233,90.36,Return received,re_743583587c828bab0846a8ad,2026-03-03T21:10:28+00:00
1847,16842,95.39,Return received,re_da61c60196dd19208de12152,2026-03-03T22:31:30+00:00
1848,16875,154.59,Return received,re_65d8aae3eed28aa022aa7456,2026-03-04T01:12:51+00:00
1849,17097,366.98,Return received,re_290f0ccd6ab33c96c3e781ae,2026-03-04T14:35:10+00:00
1850,16949,257.53,Return received,re_b8a4c5e4781d9e5b2a7e7efd,2026-03-04T21:34:09+00:00
1851,17572,42.99,Order cancelled by customer,re_303de682da4c0350b9231262,2026-03-05T07:12:42+00:00
1852,16905,43.45,Return received,re_a6577fc5f00e47d4db65fcba,2026-03-05T07:44:47+00:00
1853,16995,29.93,Return received,re_7227a0f88b8e8ecf8ac9820e,2026-03-05T08:27:31+00:00
1854,17629,1911.50,Order cancelled by customer,re_78cefcc73e537fe0b1ca805f,2026-03-06T04:30:26+00:00
1855,17588,609.72,Order cancelled by customer,re_86feb285c12ff2925500e1a3,2026-03-06T08:46:51+00:00
1856,16807,151.83,Return received,re_e5e23cb6d889f324c4cc7be3,2026-03-06T15:38:38+00:00
1857,16837,214.59,Return received,re_05c8a5271fc7cf2bc925a7e0,2026-03-06T18:20:32+00:00
1858,16727,466.70,Return received,re_60796feada139c85a0ebbfa5,2026-03-06T23:12:14+00:00
1859,17622,218.34,Order cancelled by customer,re_4ab8bfd04ecf39aa7a09fb32,2026-03-06T23:18:48+00:00
1860,17645,42.23,Order cancelled by customer,re_26a035d5f41c1bd43c7b64e1,2026-03-07T18:32:31+00:00
1861,17176,123.03,Return received,re_1095e30b687c59a07dfd3de1,2026-03-07T19:22:35+00:00
1862,16976,169.82,Return received,re_511b2151b84ce27a1b11de98,2026-03-08T06:32:26+00:00
1863,17655,1500.22,Order cancelled by customer,re_6e85f97edf5f36bddb2fe66c,2026-03-08T10:12:39+00:00
1864,17660,144.15,Order cancelled by customer,re_7ff2b697ce0a54c9969fe664,2026-03-09T12:18:57+00:00
1865,16966,290.02,Return received,re_88a3cbd09e3a52fd5babb4a3,2026-03-09T20:04:47+00:00
1866,17690,88.80,Order cancelled by customer,re_abffe839b3c0272fe69b398e,2026-03-09T23:26:33+00:00
1867,17689,270.49,Order cancelled by customer,re_7ec6186c535e8cec605598ce,2026-03-10T02:24:06+00:00
1868,17715,83.64,Order cancelled by customer,re_0fab1a827f9179768bc65e4a,2026-03-11T13:00:45+00:00
1869,17170,200.32,Return received,re_ad956c4b050a8837f8235f20,2026-03-11T14:07:29+00:00
1870,17751,197.93,Order cancelled by customer,re_162449057a505e75de771acb,2026-03-12T14:33:47+00:00
1871,17318,400.67,Return received,re_0db713e757659aa4487faff6,2026-03-15T03:09:52+00:00
1872,17199,55.10,Return received,re_7138e7b2549885d0fdb2599f,2026-03-15T09:39:37+00:00
1873,17829,219.85,Order cancelled by customer,re_bbaa1c6b1e84c2fde1f02c1a,2026-03-15T20:23:01+00:00
1874,16895,69.58,Return received,re_cc52d08d4932802ec5b35aae,2026-03-16T13:59:37+00:00
1875,17244,56.54,Return received,re_fdb7eeb8fe0e36230f63d13b,2026-03-16T14:59:58+00:00
1876,17332,180.16,Return received,re_d4b39c58d893c42c88b05cd8,2026-03-16T15:06:54+00:00
1877,17853,141.59,Order cancelled by customer,re_085d0fd771c2e561780efc87,2026-03-16T22:19:21+00:00
1878,17848,159.35,Order cancelled by customer,re_f8f0a08725d2d105f8095b73,2026-03-17T00:43:08+00:00
1879,17227,38.22,Return received,re_d1446f0f04ae21ed815e168d,2026-03-17T05:03:01+00:00
1880,17087,44.51,Return received,re_77d7680139f9f7b9650f8dc1,2026-03-19T20:57:55+00:00
1881,17945,178.06,Order cancelled by customer,re_bb60e1614f59d210cf40ffc2,2026-03-21T04:02:54+00:00
1882,17304,210.00,Return received,re_1e6e6368920c4fcf8a8ed2da,2026-03-21T08:22:50+00:00
1883,17649,111.53,Return received,re_e3e3dda43b4f6a7a7a326383,2026-03-21T21:36:00+00:00
1884,17985,108.15,Order cancelled by customer,re_5cee19b284ec1d35906530dd,2026-03-22T16:54:01+00:00
1885,17732,142.62,Return received,re_66c2ac9b0642f2eba1e25992,2026-03-23T00:57:14+00:00
1886,17991,48.62,Order cancelled by customer,re_d631526fcab266e33c3707df,2026-03-23T12:07:49+00:00
1887,17185,24.04,Return received,re_ca311f4ead4a45f40398cb70,2026-03-23T22:40:27+00:00
1888,18036,42.44,Order cancelled by customer,re_83cfaf44089fcc82dbae1d95,2026-03-24T07:36:22+00:00
1889,17459,337.78,Return received,re_13943c333f5fefb0ebae8b2e,2026-03-24T08:18:45+00:00
1890,18039,257.67,Order cancelled by customer,re_c7b9e487aad8d7adaf7a1ffe,2026-03-25T01:10:21+00:00
1891,18047,200.65,Order cancelled by customer,re_43ac960c3b07142e34d0281a,2026-03-25T03:16:37+00:00
1892,18087,206.97,Order cancelled by customer,re_4ece5696457ae4c5004e9874,2026-03-26T10:45:47+00:00
1893,17606,262.86,Return received,re_82ba49a6f7ee40814bffd563,2026-03-27T21:06:26+00:00
1894,17741,77.49,Return received,re_bc14a2cd710c1e9870eec9f5,2026-03-28T06:21:09+00:00
1895,18143,24.98,Order cancelled by customer,re_5f129dcb8426424daf4938db,2026-03-28T13:59:42+00:00
1896,17754,119.54,Return received,re_4b213b3c8ccef903cc6e219f,2026-03-28T14:54:58+00:00
1897,18164,197.84,Order cancelled by customer,re_e7d5d67051d362c4c478b293,2026-03-29T19:58:32+00:00
1898,18158,373.06,Order cancelled by customer,re_12d1b2b1cb52649107632123,2026-03-30T02:44:22+00:00
1899,17539,51.31,Return received,re_d738946e4a7b27c505ab75f7,2026-03-30T20:01:58+00:00
1900,17493,273.48,Return received,re_b5d1fa521c3d443f76e7e0b0,2026-03-31T00:53:27+00:00
1901,18195,416.45,Order cancelled by customer,re_0242c01dc2a797bafc4977a7,2026-03-31T12:59:51+00:00
1902,17777,1828.00,Return received,re_cf52dba58a6f63f034cb95db,2026-03-31T15:05:14+00:00
1903,17374,137.05,Return received,re_a5808686b18838a895bb0bf1,2026-04-01T00:31:37+00:00
1904,18240,630.72,Order cancelled by customer,re_3f8d7c23c9b46b2a54084f39,2026-04-02T18:48:16+00:00
1905,18239,142.61,Order cancelled by customer,re_a245f146e1f92a5c1622a21e,2026-04-03T01:54:00+00:00
1906,17727,163.00,Return received,re_168c315c7c3a7e56799aadc6,2026-04-03T11:59:31+00:00
1907,18274,505.59,Order cancelled by customer,re_0287656d0033f10887a83a02,2026-04-03T16:10:59+00:00
1908,18258,94.70,Order cancelled by customer,re_df79721531e6538ab8df0828,2026-04-03T21:46:08+00:00
1909,17836,39.10,Return received,re_99e8ff244306d0e9d84364cb,2026-04-04T19:02:04+00:00
1910,17831,126.86,Return received,re_ad1c0cdc94deac715921405b,2026-04-05T03:38:12+00:00
1911,18294,61.23,Order cancelled by customer,re_bce030c61fb9a99f9d8858a4,2026-04-05T05:27:23+00:00
1912,18299,164.31,Order cancelled by customer,re_db90d94fcca342b0c6e7c4a3,2026-04-05T13:31:04+00:00
1913,17827,47.02,Return received,re_c14538b0b32fbbfc1d5f6cdb,2026-04-05T15:42:23+00:00
1914,17845,58.67,Return received,re_6e7abc8fcdf26454f9ca46fa,2026-04-05T16:32:44+00:00
1915,17666,439.83,Return received,re_b4b1dd4ef9333837068c45a4,2026-04-06T13:48:29+00:00
1916,17838,341.53,Return received,re_6ca9722f58d732f22663c840,2026-04-06T16:40:01+00:00
1917,18320,79.60,Order cancelled by customer,re_bd653379e237ad818eab6872,2026-04-06T21:40:08+00:00
1918,17526,156.07,Return received,re_ea821150c56d6eabfed248ff,2026-04-07T16:26:31+00:00
1919,18362,46.77,Order cancelled by customer,re_b2246824b18270ebf194bf33,2026-04-07T21:06:23+00:00
1920,17580,49.54,Return received,re_fb633589ea8a73893efc9513,2026-04-08T12:26:08+00:00
1921,17818,114.47,Return received,re_e89a9adddcf97998bcd17fa7,2026-04-08T14:44:17+00:00
1922,18395,56.98,Order cancelled by customer,re_5c69f867e53f855e46cc852c,2026-04-09T19:57:29+00:00
1923,18387,31.42,Order cancelled by customer,re_eb350bb9d3de61b378fb1cdd,2026-04-10T13:24:03+00:00
1924,18433,70.76,Order cancelled by customer,re_aa1de2e88c373e9b8afe12d4,2026-04-10T22:41:57+00:00
1925,17735,227.34,Return received,re_efdc444c817bb2e4021ffb3c,2026-04-11T01:03:18+00:00
1926,17613,105.02,Return received,re_6225a4c0238b6908f5b4d337,2026-04-11T03:19:18+00:00
1927,18413,165.34,Order cancelled by customer,re_e4d93a1f3273f5d6976a2ccf,2026-04-11T06:15:40+00:00
1928,18420,49.54,Order cancelled by customer,re_07355445b2e126acc84c3953,2026-04-11T07:20:02+00:00
1929,18455,2259.36,Order cancelled by customer,re_d24693439ef1502412598ad5,2026-04-11T14:16:16+00:00
1930,18472,242.46,Order cancelled by customer,re_3b3fce26ebd75877ee9f2400,2026-04-13T03:54:51+00:00
1931,18465,227.35,Order cancelled by customer,re_48023d5348d90c7d1153f737,2026-04-13T08:21:45+00:00
1932,18466,1038.04,Order cancelled by customer,re_b5c0a10624ccf3fa38e90e8e,2026-04-13T10:37:21+00:00
1933,18096,303.47,Return received,re_1a422daba704341101ef4bc5,2026-04-13T11:31:27+00:00
1934,18502,334.59,Order cancelled by customer,re_fc08178a16cb7c7eb5462ad8,2026-04-13T20:20:29+00:00
1935,18506,257.82,Order cancelled by customer,re_59c1acc9f5352cdb96fe5b45,2026-04-14T04:12:15+00:00
1936,18511,111.27,Order cancelled by customer,re_733ca3a47da9cff7f7c7881b,2026-04-15T07:37:41+00:00
1937,17951,143.69,Return received,re_50c31cee6273c6f5076c36c3,2026-04-15T10:18:59+00:00
1938,18233,159.23,Return received,re_806c0adc4409212174afb9f8,2026-04-15T23:00:34+00:00
1939,18536,204.55,Order cancelled by customer,re_f4efb4c0467b9e567fe6c35a,2026-04-16T03:14:16+00:00
1940,17722,181.51,Return received,re_eab13eae383fe5224f1afd60,2026-04-16T06:31:30+00:00
1941,18554,210.32,Order cancelled by customer,re_d6b69582f569a01785abfd28,2026-04-17T01:21:04+00:00
1942,18202,17.03,Return received,re_5514027074ecc0724f32f228,2026-04-17T06:21:34+00:00
1943,18587,175.20,Order cancelled by customer,re_5bce0d29c37614ecd016cc1f,2026-04-17T20:39:56+00:00
1944,18585,679.24,Order cancelled by customer,re_7f3275b2c9ae278721f37d56,2026-04-17T23:18:28+00:00
1945,18601,138.18,Order cancelled by customer,re_c3b8a01e6ee625f8d6b6ac39,2026-04-18T00:18:31+00:00
1946,18613,286.34,Order cancelled by customer,re_215934269404acdd8982013c,2026-04-19T10:17:23+00:00
1947,18642,42.01,Order cancelled by customer,re_522fc4a3d4e6ba786e5bbd59,2026-04-20T04:33:58+00:00
1948,18655,253.57,Order cancelled by customer,re_bf56eb7cd0c5271b1a1b3695,2026-04-20T10:39:45+00:00
1949,18127,22.94,Return received,re_7d83720b434b541ebc07e1f0,2026-04-20T15:07:20+00:00
1950,18687,100.92,Order cancelled by customer,re_09ba568e8a0f5adfea666b6f,2026-04-20T17:29:17+00:00
1951,18067,48.17,Return received,re_245cd56c6f80bd175d459908,2026-04-20T22:43:19+00:00
1952,17875,70.18,Return received,re_27316b8df04791cd802b524d,2026-04-21T00:08:19+00:00
1953,18717,145.89,Order cancelled by customer,re_4a0fa1c6df77a96fd324ecb8,2026-04-21T08:49:56+00:00
1954,18692,151.74,Order cancelled by customer,re_74461d98f41363af4043832d,2026-04-21T09:24:46+00:00
1955,17898,83.18,Return received,re_edd9d4736d575a5b3512a536,2026-04-21T11:22:27+00:00
1956,18409,45.95,Return received,re_14461c185422b496f8e6b662,2026-04-21T15:21:18+00:00
1957,18219,121.10,Return received,re_34a1332b5aa28f6d584c8beb,2026-04-22T05:17:20+00:00
1958,18049,43.97,Return received,re_71d7a393797f4732efb84275,2026-04-22T16:23:44+00:00
1959,18733,175.28,Order cancelled by customer,re_0e33c2c5604efd6eecde13ea,2026-04-22T16:23:55+00:00
1960,18739,39.73,Order cancelled by customer,re_9e9b3a5c44fa1c7e146b85c1,2026-04-23T09:32:25+00:00
1961,18776,58.24,Order cancelled by customer,re_93bd188cc1ab07230a7a0522,2026-04-23T12:46:50+00:00
1962,17863,54.69,Return received,re_9c9f20df28028bfd82068ef6,2026-04-23T22:10:35+00:00
1963,17766,129.91,Return received,re_4f8bf8fd8cff087b7165e11c,2026-04-24T19:39:06+00:00
1964,18786,110.58,Order cancelled by customer,re_108cf2568eb5c128d7228752,2026-04-24T23:40:43+00:00
1965,18791,170.20,Order cancelled by customer,re_d938cdeddc41a04314e2ac88,2026-04-25T10:23:16+00:00
1966,18803,195.29,Order cancelled by customer,re_f7ba6f7a8c8b83822c32147e,2026-04-25T19:53:31+00:00
1967,18849,42.44,Order cancelled by customer,re_936d079d4f95c45c5383807b,2026-04-26T13:44:51+00:00
1968,18224,352.28,Return received,re_d99c79b6f8d52315009b6769,2026-04-26T16:09:07+00:00
1969,18851,86.85,Order cancelled by customer,re_3751b61a935bbbe175a4b66b,2026-04-27T06:31:49+00:00
1970,18874,49.64,Order cancelled by customer,re_b4a1a6b4e41c4ea219b51c51,2026-04-27T19:39:40+00:00
1971,18401,228.43,Return received,re_070cb030ac5a5efe5298b989,2026-04-27T21:22:48+00:00
1972,18857,228.94,Order cancelled by customer,re_a711c5a62fea1ca0aefcf113,2026-04-28T17:00:24+00:00
1973,18452,36.03,Return received,re_2cdd22a3afe3cb1b3ee8cfbc,2026-04-28T17:48:34+00:00
1974,18888,236.22,Order cancelled by customer,re_7141abc8efc079c83058cb8f,2026-04-29T02:27:12+00:00
1975,18905,115.82,Order cancelled by customer,re_175b4c8a296f9a2a2cce6fd0,2026-04-29T07:14:43+00:00
1976,18408,101.99,Return received,re_928f0f62e1c6385680eae622,2026-04-29T07:30:42+00:00
1977,18048,251.21,Return received,re_020a31561a7bdc941e8fae2e,2026-04-29T22:53:49+00:00
1978,18113,65.86,Return received,re_c8208c6da4b64780f0c2fa91,2026-04-30T05:38:23+00:00
1979,18918,103.87,Order cancelled by customer,re_88ab216c708b3ab8ca968a8d,2026-04-30T09:46:49+00:00
1980,18945,63.35,Order cancelled by customer,re_c4e8b938be40159954a527bb,2026-04-30T13:08:49+00:00
1981,18037,114.20,Return received,re_939b09dedaa031ae3a8b2e7f,2026-04-30T21:38:57+00:00
1982,18142,51.93,Return received,re_5c24d993c634fc56979ece42,2026-05-01T02:34:33+00:00
1983,18235,97.39,Return received,re_153800a82aa29a3ad819d39a,2026-05-01T19:14:49+00:00
1984,18363,102.95,Return received,re_7c89e293d143b0f37c366ad0,2026-05-02T02:29:19+00:00
1985,18212,24.43,Return received,re_121de810c3b1dc0fe7effe1a,2026-05-02T04:53:40+00:00
1986,18619,25.43,Return received,re_5f8a92b8656da2968f873a4c,2026-05-02T05:02:13+00:00
1987,18681,492.87,Return received,re_f9e8791c3f193c1a37e15213,2026-05-02T14:19:56+00:00
1988,19000,213.05,Order cancelled by customer,re_941d14dcbe0a532790de5224,2026-05-02T19:44:18+00:00
1989,19033,142.02,Order cancelled by customer,re_b9dd0078be5fc2b7bc0eec53,2026-05-04T04:16:30+00:00
1990,18218,445.26,Return received,re_a9d05d4b7d4fc0907ece2dbc,2026-05-05T05:19:56+00:00
1991,18468,318.73,Return received,re_158a994abace07ffb72f7e75,2026-05-05T11:02:27+00:00
1992,18620,115.82,Return received,re_60faeabb58ff24bb93228d92,2026-05-06T01:43:45+00:00
1993,19084,27.23,Order cancelled by customer,re_a53ee86c404eaf3044427d29,2026-05-06T04:24:33+00:00
1994,18649,88.42,Return received,re_b5bc0fab55129e64553d1e6d,2026-05-06T08:31:30+00:00
1995,19079,53.03,Order cancelled by customer,re_6b8e5fa39cc321e6b7f3bd9c,2026-05-07T05:19:31+00:00
1996,19096,100.86,Order cancelled by customer,re_4afb7390d7480125607b7bca,2026-05-07T12:29:05+00:00
1997,19080,285.24,Order cancelled by customer,re_8b8c717e2151dd736667893d,2026-05-07T13:25:16+00:00
1998,19119,174.17,Order cancelled by customer,re_057a3655917e78f816f8a434,2026-05-07T15:24:24+00:00
1999,18708,75.94,Return received,re_eb8483ffcb96eff7c5560150,2026-05-07T17:44:09+00:00
2000,19102,78.98,Order cancelled by customer,re_e856ab5d9fba5ae7099398a0,2026-05-08T00:29:22+00:00
2001,18217,327.67,Return received,re_0338dcbe0128981759e8f47c,2026-05-08T12:47:41+00:00
2002,18591,42.74,Return received,re_fd05e4568b2ad4243e79b80c,2026-05-08T19:14:15+00:00
2003,18422,89.02,Return received,re_723096422027ab8c6f29c39b,2026-05-09T00:04:09+00:00
2004,18359,198.21,Return received,re_b5b26adaa2507ccd1b019b7a,2026-05-09T07:39:20+00:00
2005,18211,160.05,Return received,re_38193a11f1841f2fd5cf8082,2026-05-09T09:22:52+00:00
2006,19154,283.60,Order cancelled by customer,re_8a7fd2e1360dcc5c2a862937,2026-05-09T13:48:31+00:00
2007,19151,125.60,Order cancelled by customer,re_0d32277b2db8359895357ca7,2026-05-10T01:39:03+00:00
2008,19163,76.76,Order cancelled by customer,re_5f0cb656a4e01ec6e29bea66,2026-05-10T07:22:55+00:00
2009,18533,315.61,Return received,re_581c1b595b164bdfe17538c2,2026-05-11T08:05:46+00:00
2010,18310,279.89,Return received,re_d2d64ea1489d2c9f206de111,2026-05-12T21:05:00+00:00
2011,19238,188.34,Order cancelled by customer,re_5f738411f3a21c5a3d1ab212,2026-05-13T00:26:56+00:00
2012,19237,117.57,Order cancelled by customer,re_4a5a60a72fac907796983684,2026-05-13T01:25:38+00:00
2013,18546,205.89,Return received,re_1eacffdebbd3721d3d5f6631,2026-05-13T02:09:39+00:00
2014,18890,52.54,Return received,re_dfec5fef624f522a4f694d60,2026-05-13T02:12:58+00:00
2015,18589,15.29,Return received,re_22d409081e7f96f77b2c5cd7,2026-05-13T10:26:18+00:00
2016,18721,97.51,Return received,re_d4e21af1147a24696b5bc223,2026-05-13T11:39:17+00:00
2017,19236,92.59,Order cancelled by customer,re_28fe18cb184d416d2b52d2cf,2026-05-13T13:24:30+00:00
2018,18703,98.30,Return received,re_9abd3d9cc811039e0f453619,2026-05-13T14:28:21+00:00
2019,18698,32.05,Return received,re_fc11d53ca2096c6d2798e205,2026-05-14T11:23:29+00:00
2020,19306,135.97,Order cancelled by customer,re_77a6e3139059090fc5aef3bc,2026-05-16T06:24:44+00:00
2021,18956,589.84,Return received,re_9452c8299389e370d5acc1b4,2026-05-16T14:49:37+00:00
2022,18400,132.67,Return received,re_ddbf9d5e0d51b0411b01efa9,2026-05-16T14:52:39+00:00
2023,18568,132.98,Return received,re_3ba6317d02c3b644b7eebb15,2026-05-16T15:36:12+00:00
2024,18740,486.30,Return received,re_1a49f5a582b27bd61c4a8e56,2026-05-16T18:51:21+00:00
2025,18718,133.74,Return received,re_905e6b801fbbfc19c78766b4,2026-05-17T12:49:53+00:00
2026,19356,284.04,Order cancelled by customer,re_3f19f61161002a100f84de73,2026-05-17T15:56:52+00:00
2027,19349,153.98,Order cancelled by customer,re_234566948af735fd6164af4d,2026-05-17T18:16:27+00:00
2028,18319,124.39,Return received,re_beeffaa1f515df3fa0d8af8b,2026-05-17T18:22:04+00:00
2029,19361,134.99,Order cancelled by customer,re_8afb50952881a12ab00a57ad,2026-05-18T02:15:26+00:00
2030,19410,492.91,Order cancelled by customer,re_a2d867e3e39f621fc2740e64,2026-05-18T04:06:31+00:00
2031,19394,81.24,Order cancelled by customer,re_f03e780ca4074a504b6f09b4,2026-05-18T14:34:01+00:00
2032,18748,84.60,Return received,re_afa0b72e299afd0309707c1e,2026-05-19T04:19:15+00:00
2033,18488,61.12,Return received,re_3d60395740fea0c869a11525,2026-05-19T20:56:56+00:00
2034,19073,27.55,Return received,re_690ed53dbdd36ad05d8dc515,2026-05-20T00:26:54+00:00
2035,18606,445.00,Return received,re_996910ddc77d9e2de320bbdb,2026-05-20T16:05:48+00:00
2036,18844,30.37,Return received,re_ee5f04907e57d73ce655dcd2,2026-05-20T18:13:26+00:00
2037,19094,41.12,Return received,re_6f083e3433731d099dc808ac,2026-05-21T01:56:28+00:00
2038,19469,232.52,Order cancelled by customer,re_7c6b1ceb2913d1caad2013a4,2026-05-21T03:01:39+00:00
2039,18953,149.50,Return received,re_6d646ded4c69d6e819db119f,2026-05-21T06:48:21+00:00
2040,19476,367.98,Order cancelled by customer,re_feb943c723e276bf9f2e5368,2026-05-22T00:10:10+00:00
2041,18817,62.53,Return received,re_8fcaa26e2689b266eca52e57,2026-05-22T03:38:56+00:00
2042,18625,50.99,Return received,re_8ec511468c2b018a08130d83,2026-05-22T12:51:10+00:00
2043,18584,58.55,Return received,re_3387602876804f5fa7076133,2026-05-23T00:22:20+00:00
2044,19093,75.06,Return received,re_edcc74c43ff9c34669371c68,2026-05-24T04:26:13+00:00
2045,19014,155.11,Return received,re_0d91bb064763f8039110954f,2026-05-24T09:18:22+00:00
2046,18962,315.28,Return received,re_68e63a7d838a241793efbfb1,2026-05-24T13:44:22+00:00
2047,19565,55.59,Order cancelled by customer,re_7bb76175df6f716b7df53b0d,2026-05-25T02:35:47+00:00
2048,18729,99.63,Return received,re_acc2f624d0a9cae5a827dda2,2026-05-25T04:14:51+00:00
2049,18677,113.12,Return received,re_3c0c2824864dd02bb8a3cae8,2026-05-25T17:06:39+00:00
2050,18989,239.51,Return received,re_45048ba6d50c22d6c38bf45b,2026-05-26T04:30:38+00:00
2051,19616,188.01,Order cancelled by customer,re_2c452a4dbfd2c51fe38b87bc,2026-05-26T08:38:14+00:00
2052,18639,302.42,Return received,re_9b72c68a52f59931fd9ea5df,2026-05-26T12:24:07+00:00
2053,19623,60.42,Order cancelled by customer,re_ea91fcfe3a98cb5186ce9b75,2026-05-26T15:38:11+00:00
2054,19604,91.44,Order cancelled by customer,re_a0702567e56f50d071620fc2,2026-05-26T18:11:02+00:00
2055,19632,195.03,Order cancelled by customer,re_1861bb0c9c5e252368147b34,2026-05-26T22:14:27+00:00
2056,19201,47.29,Return received,re_919b3ae126bc1f997bf0a5e7,2026-05-27T10:54:46+00:00
2057,19650,177.45,Order cancelled by customer,re_5391d681f431b4abdf22c06d,2026-05-28T05:57:36+00:00
2058,18975,274.81,Return received,re_004d0bea638df8ea0e972b64,2026-05-28T19:57:56+00:00
2059,19675,317.65,Order cancelled by customer,re_8c7f1e33a630e5894fe0de90,2026-05-29T11:44:53+00:00
2060,18852,71.18,Return received,re_39004673ee58454f4f47edaf,2026-05-29T17:52:13+00:00
2061,18860,60.31,Return received,re_ce30d7b3af5aa3a1f43c9123,2026-05-31T10:24:54+00:00
2062,19311,62.53,Return received,re_d9ee22dd20f7b7660cd92c00,2026-06-01T08:53:16+00:00
2063,19802,62.82,Order cancelled by customer,re_a95bad020ab25ad205cf3af4,2026-06-02T22:39:28+00:00
2064,19222,80.35,Return received,re_d69e3251cd3bbeea46d8f50d,2026-06-03T12:41:16+00:00
2065,19815,141.45,Order cancelled by customer,re_876a919f66749e2710d0cbe4,2026-06-04T01:22:31+00:00
2066,19048,294.30,Return received,re_96abb7e5e94be4edbd4c3735,2026-06-05T01:29:21+00:00
2067,19495,64.77,Return received,re_3b3792133a4f6cfca4644348,2026-06-05T10:53:53+00:00
2068,19876,199.82,Order cancelled by customer,re_2b569703f96ab8dbcec5e8b4,2026-06-06T16:08:31+00:00
2069,19893,161.68,Order cancelled by customer,re_dd0cd1fdef52016d45ff5e77,2026-06-06T19:18:04+00:00
2070,19887,41.37,Order cancelled by customer,re_a5bb0ad9355169006617734f,2026-06-06T19:56:43+00:00
2071,19174,945.91,Return received,re_a0fd8a40474649a71619c068,2026-06-07T05:43:39+00:00
2072,19918,106.98,Order cancelled by customer,re_c9fcfb540d0258f0dbe42fbd,2026-06-08T08:00:15+00:00
2073,19963,165.34,Order cancelled by customer,re_b9944a7e09c36cdd06b01f7b,2026-06-08T20:44:18+00:00
2074,19966,61.44,Order cancelled by customer,re_5d4d19629dd9bb11f0a23624,2026-06-09T07:30:01+00:00
2075,19047,77.83,Return received,re_798afdb5624b637c06ed1ad5,2026-06-10T03:59:58+00:00
2076,20013,233.16,Order cancelled by customer,re_00b6a4b24a9b8b872959170a,2026-06-10T21:03:19+00:00
2077,19275,1279.15,Return received,re_ab7670da63f8a60e22fc361c,2026-06-10T22:52:03+00:00
2078,19284,40.17,Return received,re_8f71afb5b9b4916d1b062742,2026-06-11T01:22:41+00:00
2079,19312,24.15,Return received,re_bef88ff548a3926748cb1ecd,2026-06-11T15:40:16+00:00
2080,19063,232.69,Return received,re_5c4308857cf0baf07a9e7a0f,2026-06-12T15:54:42+00:00
2081,19658,23.99,Return received,re_ee08486fc76605ddd7f004bd,2026-06-12T22:32:23+00:00
2082,19408,148.74,Return received,re_01ff49afafcb7ee1a1dbd80d,2026-06-14T07:17:25+00:00
2083,19543,19.06,Return received,re_d194efec329658ae7f576368,2026-06-14T12:11:21+00:00
2084,19256,64.34,Return received,re_25d3f0295210aac429912c8d,2026-06-14T23:51:09+00:00
2085,19518,129.92,Return received,re_374f1539c02d48eac0c1c15e,2026-06-15T10:50:27+00:00
2086,19432,25.06,Return received,re_932acabfa519cf31da9b466e,2026-06-15T11:30:38+00:00
2087,19428,25.48,Return received,re_67b6fea6b7fa1b1f86746363,2026-06-15T13:52:47+00:00
2088,20133,37.40,Order cancelled by customer,re_757be70ac01f09f4371afca4,2026-06-16T03:49:46+00:00
2089,20173,112.31,Order cancelled by customer,re_6d1803b004054890881d7ebc,2026-06-16T16:54:40+00:00
2090,20177,60.66,Order cancelled by customer,re_e4205f3793b29e17b4864ef9,2026-06-16T20:41:49+00:00
2091,19708,225.67,Return received,re_a3fd7872669ba6d4561d99f3,2026-06-17T04:49:01+00:00
2092,20195,145.21,Order cancelled by customer,re_063214a22ab9781c7ee0587e,2026-06-17T08:59:48+00:00
2093,19327,1035.07,Return received,re_04d01f371ee392be181a89ea,2026-06-18T01:20:08+00:00
2094,19445,49.91,Return received,re_d3b02073742e31bae78a20bd,2026-06-18T08:47:05+00:00
2095,19347,257.54,Return received,re_f5e47feeb351595d3ccee777,2026-06-18T13:53:10+00:00
2096,19589,106.83,Return received,re_3d667acdd8710fbe0e3559f7,2026-06-19T10:44:48+00:00
2097,19438,2233.98,Return received,re_848be0d0cc8f02254349f518,2026-06-19T21:06:40+00:00
2098,19662,15.29,Return received,re_b4c7235b6feecbe89b037818,2026-06-20T00:22:58+00:00
2099,20256,204.82,Order cancelled by customer,re_cfb4b5fd903a8f0809566de3,2026-06-20T06:12:47+00:00
2100,20259,136.72,Order cancelled by customer,re_27918fac03503fa3e5240f5e,2026-06-20T06:51:20+00:00
2101,19331,251.21,Return received,re_20b7282775ea6cbbc9c02fd9,2026-06-20T13:08:46+00:00
2102,20280,160.04,Order cancelled by customer,re_c945eb8e944ae40725b932cc,2026-06-20T14:08:08+00:00
2103,20274,168.92,Order cancelled by customer,re_778bd2d0c11f76d23be8a786,2026-06-21T02:20:42+00:00
2104,20300,75.06,Order cancelled by customer,re_c40c53f51aefe0091cb9968c,2026-06-21T03:50:30+00:00
2105,20287,630.32,Order cancelled by customer,re_2eb5afc7a818d6b37265c1ca,2026-06-21T05:09:50+00:00
2106,19454,57.02,Return received,re_4ff06609d0b72868744443c6,2026-06-21T22:37:33+00:00
2107,19680,216.08,Return received,re_55ec21e2d8a9c23284912064,2026-06-22T11:43:13+00:00
2108,19791,215.98,Return received,re_69a907b7c4fd48144121063e,2026-06-22T13:19:42+00:00
2109,20313,142.35,Order cancelled by customer,re_4b81a1de5cdd0d7557890027,2026-06-22T21:57:24+00:00
2110,19839,48.57,Return received,re_efea4ddb476b17c0a35fd67d,2026-06-23T00:36:56+00:00
2111,20328,174.86,Order cancelled by customer,re_1dbb5d5f96274f80dd525c41,2026-06-23T17:31:41+00:00
2112,20347,248.54,Order cancelled by customer,re_b3df730efd2484836d91f132,2026-06-23T18:52:25+00:00
2113,20343,146.17,Order cancelled by customer,re_00a3c56f0934e15e87f6624f,2026-06-24T05:31:28+00:00
2114,20370,109.89,Order cancelled by customer,re_af664c15358b79598377ce76,2026-06-24T05:42:48+00:00
2115,20329,59.10,Order cancelled by customer,re_a2b1a8a87dbb5ac69e7acd2d,2026-06-24T09:02:56+00:00
2116,19497,94.77,Return received,re_47d3ae11c1f16da65bb6e844,2026-06-24T11:32:10+00:00
2117,19654,88.17,Return received,re_473c0a440191499bdca57a91,2026-06-24T21:41:35+00:00
2118,20390,99.21,Order cancelled by customer,re_f915616fa9eab669129e22a9,2026-06-25T04:20:26+00:00
2119,19981,68.62,Return received,re_746eb342f05c33831493b39d,2026-06-25T04:21:24+00:00
2120,20379,262.86,Order cancelled by customer,re_20f872ca1f2e34b6244852b5,2026-06-25T09:34:15+00:00
2121,20380,49.44,Order cancelled by customer,re_03b3fde91d7c215d32c226b4,2026-06-25T16:23:34+00:00
2122,19513,77.89,Return received,re_2166c8fbce40692aefb7b1b0,2026-06-26T11:55:36+00:00
2123,19587,27.66,Return received,re_9f528dda1a3b6c247d1cbfb1,2026-06-26T15:33:25+00:00
2124,20407,774.25,Order cancelled by customer,re_ca70b4135f64175ff57df5f9,2026-06-26T21:41:54+00:00
2125,20415,139.90,Order cancelled by customer,re_c044ff3acb73d5506aea45e6,2026-06-27T03:58:25+00:00
2126,19923,270.48,Return received,re_f290e0cd236152e200f4cf44,2026-06-27T17:20:12+00:00
2127,20009,118.98,Return received,re_235b6e212c1ff6a7a73f18e3,2026-06-27T19:07:56+00:00
2128,20446,1894.91,Order cancelled by customer,re_6b074f1f2225dcb1a95de71f,2026-06-28T02:37:36+00:00
2129,20451,33.77,Order cancelled by customer,re_943b6d043617e3860c9b5229,2026-06-28T08:55:48+00:00
2130,20192,37.78,Return received,re_e0cc099127d5b8296c5d5c5d,2026-06-28T15:45:08+00:00
2131,20466,136.23,Order cancelled by customer,re_c3cf399bfda51499789b3af7,2026-06-28T17:15:25+00:00
2132,19945,131.41,Return received,re_98642a04a543e53103813a03,2026-06-28T19:19:44+00:00
2133,19842,201.38,Return received,re_edbc5d47ec0f1cb9cc026237,2026-06-29T00:04:29+00:00
2134,20006,665.81,Return received,re_c907cdb53c477632cf761852,2026-06-29T01:48:12+00:00
2135,19769,146.53,Return received,re_f2048234668a512fec563587,2026-06-29T08:36:05+00:00
2136,20497,160.66,Order cancelled by customer,re_1d2ff46d3bfa24bd7fb15d22,2026-06-29T12:55:12+00:00
2137,19741,131.43,Return received,re_d0eb910347682c13cc9b7e08,2026-06-30T17:57:17+00:00
2138,19562,336.27,Return received,re_612ad243707554566562968b,2026-07-01T02:00:26+00:00
2139,19668,321.47,Return received,re_fa2477ceb336ed61a14f4700,2026-07-01T07:03:39+00:00
2140,20535,132.04,Order cancelled by customer,re_212362d5cb7b1cde3bec43f5,2026-07-01T08:06:16+00:00
2141,20560,203.48,Order cancelled by customer,re_648aa54909d38a93e333f654,2026-07-02T07:47:02+00:00
2142,20574,144.25,Order cancelled by customer,re_75967199aa7bb52288504ab5,2026-07-02T08:55:21+00:00
2143,20571,57.70,Order cancelled by customer,re_bc0e6a2e310d200d86d73a28,2026-07-02T20:38:01+00:00
2144,19655,191.22,Return received,re_1c7c17e91d64202299f4f740,2026-07-03T14:40:48+00:00
2145,20609,174.89,Order cancelled by customer,re_4bb149b21b69f51da1d159d9,2026-07-04T09:20:12+00:00
2146,20621,295.17,Order cancelled by customer,re_97da2ff54e43afe200b99893,2026-07-04T11:56:39+00:00
2147,20626,67.46,Order cancelled by customer,re_5e14912c373d48f26a89ce75,2026-07-04T14:57:37+00:00
2148,19766,179.91,Return received,re_e2f0f66de22eebf85a3009fe,2026-07-04T20:34:52+00:00
2149,20636,161.46,Order cancelled by customer,re_eac9bae0d301b32370d71d05,2026-07-04T21:26:23+00:00
2150,20637,231.12,Order cancelled by customer,re_14571577600fef9c7d391cd0,2026-07-05T12:10:23+00:00
2151,20218,152.26,Return received,re_2ccebde89f521030efadd5ad,2026-07-06T02:09:35+00:00
2152,20163,102.94,Return received,re_d06c48f80a88147a5f43442b,2026-07-07T06:14:14+00:00
2153,20228,162.60,Return received,re_21acda57628b37daf74156d3,2026-07-07T10:52:08+00:00
2154,19811,106.23,Return received,re_dc8fb2c18f2da495030a1b12,2026-07-07T19:44:30+00:00
2155,20703,632.78,Order cancelled by customer,re_bd67c6628350113c24bc6b3e,2026-07-07T23:45:57+00:00
2156,20335,114.74,Return received,re_bdfdba497efa440ac3ff9194,2026-07-08T01:27:37+00:00
2157,20706,124.01,Order cancelled by customer,re_08ba2f4db770d9090f2c51f4,2026-07-08T02:30:21+00:00
2158,20692,137.03,Order cancelled by customer,re_9b7de12b41acb8c7061893b2,2026-07-08T15:09:55+00:00
2159,19965,43.54,Return received,re_53cefc04edfd24382adba6de,2026-07-08T16:59:34+00:00
2160,20763,310.09,Order cancelled by customer,re_aff92c2cb8b0b510e86e9009,2026-07-09T01:23:09+00:00
2161,20117,188.74,Return received,re_07dcf2e87f6ee590d92b1dce,2026-07-09T05:42:19+00:00
2162,20782,110.46,Order cancelled by customer,re_1bbd946ada4d8ab863ab234f,2026-07-10T06:42:47+00:00
2163,19789,16.75,Return received,re_3abecdc05ca29c699721fe7a,2026-07-10T09:06:01+00:00
2164,20780,123.33,Order cancelled by customer,re_ceddbd1d02fa9363579f3965,2026-07-10T20:50:46+00:00
2165,20768,269.64,Order cancelled by customer,re_117167d5ea5354b7ea349078,2026-07-11T03:04:13+00:00
2166,19982,195.03,Return received,re_d298c165e58425b6b698e946,2026-07-11T15:38:52+00:00
2167,20791,222.54,Order cancelled by customer,re_fa26ccc0d3e51fffc1492704,2026-07-11T23:51:01+00:00
2168,20815,48.52,Order cancelled by customer,re_fc09ba9dfc5d0d040036d76c,2026-07-12T07:22:53+00:00
2169,20797,44.34,Order cancelled by customer,re_7d66c628764030f6e9f823ae,2026-07-12T12:16:13+00:00
2170,20406,78.13,Return received,re_cc0d9ee983297485100abe3c,2026-07-12T20:31:42+00:00
2171,20073,30.80,Return received,re_b7ce473efb8570e7a0be4982,2026-07-13T05:30:25+00:00
2172,20855,227.30,Order cancelled by customer,re_b1efff0959f9beac0c8b20d4,2026-07-13T13:27:31+00:00
2173,20894,102.70,Order cancelled by customer,re_f2ff047e032fcbecca6dd688,2026-07-13T15:24:26+00:00
2174,19935,82.30,Return received,re_9fb95aae1abcef91009eba13,2026-07-14T13:52:00+00:00
2175,19959,101.51,Return received,re_2f8817fb27245627c9dc9549,2026-07-15T09:40:20+00:00
2176,20087,224.11,Return received,re_024ed68d3bd536b1645fe8b3,2026-07-15T12:22:28+00:00
2177,20904,80.55,Order cancelled by customer,re_29e86a57f62b9cf91db2cfbd,2026-07-15T12:44:59+00:00
2178,20935,40.73,Order cancelled by customer,re_16ec05249b05b07af81c1682,2026-07-15T17:36:01+00:00
2179,20075,115.82,Return received,re_f3c890280e59b045c8b9edde,2026-07-16T00:15:10+00:00
2180,20978,83.73,Order cancelled by customer,re_0446ee10146ba03448c667df,2026-07-16T10:32:17+00:00
2181,20982,139.40,Order cancelled by customer,re_84789ab3c326aaea6a54374f,2026-07-17T02:34:01+00:00
2182,20089,43.04,Return received,re_dd6baeff79c83078af3aa309,2026-07-17T16:43:39+00:00
2183,20505,158.69,Return received,re_29b1d12c111c530b8432b067,2026-07-17T22:59:37+00:00
2184,21021,56.78,Order cancelled by customer,re_cf8afa14d4021d2241b1fe8b,2026-07-18T15:33:36+00:00
2185,21029,69.58,Order cancelled by customer,re_aa52239396ca64ba7e387ec6,2026-07-18T22:31:44+00:00
2186,20710,117.57,Return received,re_db0130c8aae2f9775e9ddce0,2026-07-19T03:31:55+00:00
2187,21010,162.83,Order cancelled by customer,re_e4c39f7760c85751d2f33c2a,2026-07-19T05:21:17+00:00
2188,20033,206.94,Return received,re_1f7622c1254ac23d55a0f65e,2026-07-19T14:11:23+00:00
2189,21066,279.73,Order cancelled by customer,re_dafdef0868ec1277206c69db,2026-07-19T22:01:57+00:00
2190,21046,2117.85,Order cancelled by customer,re_d5c5f890420d28ed0e8cd240,2026-07-20T05:11:41+00:00
2191,21074,142.46,Order cancelled by customer,re_adf5edade1fd3f1736dc3baa,2026-07-20T07:22:40+00:00
2192,20509,114.74,Return received,re_e95e53482520213fab4e3f90,2026-07-20T23:45:50+00:00
2193,20417,91.56,Return received,re_0e2ec423bff232338a3908e0,2026-07-21T02:51:14+00:00
2194,20094,87.09,Return received,re_aed433adaed6cb0138c306f4,2026-07-21T05:58:53+00:00
2195,20409,72.94,Return received,re_2f07d87b9dc018a0deb8dc6c,2026-07-21T08:29:01+00:00
2196,20193,171.76,Return received,re_53d4ddee6feb054a286f0285,2026-07-21T13:23:58+00:00
2197,21116,291.06,Order cancelled by customer,re_1bd0dc74f895c3f602ed39bc,2026-07-21T23:08:13+00:00
2198,21137,27.82,Order cancelled by customer,re_9036485f7bc16d524c15f70a,2026-07-23T00:06:34+00:00
2199,21162,899.91,Order cancelled by customer,re_fc5378685d2262213084e9b6,2026-07-23T10:37:27+00:00
2200,21170,341.32,Order cancelled by customer,re_6a1db27090d15568fb173213,2026-07-23T19:44:56+00:00
2201,21152,490.10,Order cancelled by customer,re_34deeb498799675fc95cf6e0,2026-07-24T01:23:22+00:00
2202,21201,104.24,Order cancelled by customer,re_8030e9f65b0d77d22c7a6fc3,2026-07-24T05:32:04+00:00
2203,21223,205.89,Order cancelled by customer,re_15a426a8728c7761e48db13a,2026-07-25T11:34:24+00:00
2204,21230,65.85,Order cancelled by customer,re_5e6a85a97809c0c1c2737034,2026-07-25T16:17:09+00:00
2205,21263,162.97,Order cancelled by customer,re_ea650e5fc8d2536e2961b02d,2026-07-26T09:16:18+00:00
2206,21261,893.50,Order cancelled by customer,re_74cfa916ecfccbd2f17f8084,2026-07-26T16:55:33+00:00
2207,20799,226.82,Return received,re_a3eb24d2c3a422287c01d0e1,2026-07-26T18:24:52+00:00
2208,21240,158.86,Order cancelled by customer,re_8426d735da02e2c0fc31a3f2,2026-07-26T20:33:06+00:00
2209,21255,247.03,Order cancelled by customer,re_3fddaacb09d07e096a81ecda,2026-07-27T15:52:10+00:00
2210,21269,114.20,Order cancelled by customer,re_dd908fc09f50d979bdaedd61,2026-07-28T10:35:21+00:00
2211,21312,215.56,Order cancelled by customer,re_a8d294f1ba0e4f240436c5e4,2026-07-28T23:02:10+00:00
2212,20386,27.61,Return received,re_e16f3b4fa7e295753880fd8f,2026-07-29T03:19:12+00:00
2213,20372,82.67,Return received,re_ea9be9d13e482a8347074171,2026-07-29T08:44:29+00:00
2214,21337,73.86,Order cancelled by customer,re_627c63ee916e0de2c1a3d608,2026-07-29T17:28:29+00:00
2215,20971,1546.54,Return received,re_6f0120f3878b8fd27bf708b9,2026-07-29T20:47:15+00:00
2216,20679,105.53,Return received,re_cb6fca194fa484e8ec854200,2026-07-30T18:35:57+00:00
2217,20928,115.53,Return received,re_f546cbffcbd624703b1c6e0f,2026-07-30T22:03:11+00:00
2218,21373,143.50,Order cancelled by customer,re_2d54dcdb951e968fe81b4478,2026-07-31T05:22:07+00:00
2219,21396,220.46,Order cancelled by customer,re_398fd5bb33e060a019d790f8,2026-07-31T15:28:02+00:00
2220,20539,376.07,Return received,re_725aeea6f5707663869c6ba8,2026-07-31T17:10:11+00:00
2221,21442,66.96,Order cancelled by customer,re_b1691a22d85edd3b616591cc,2026-08-02T02:10:34+00:00
2222,21441,228.94,Order cancelled by customer,re_81b7082619ed590f5499d37b,2026-08-03T06:01:44+00:00
2223,20927,317.65,Return received,re_3a300015dc30c1a889b4871b,2026-08-03T08:51:43+00:00
2224,21462,239.23,Order cancelled by customer,re_7dbedb5a2053f38cac72a5f7,2026-08-04T07:50:13+00:00
2225,21505,133.33,Order cancelled by customer,re_4eb441aae8e8d919b982eeff,2026-08-04T16:17:02+00:00
2226,20825,67.56,Return received,re_c77e659182a447a809ee6ffe,2026-08-04T16:58:03+00:00
2227,21478,216.72,Order cancelled by customer,re_947e707e266076c820e58fc8,2026-08-04T17:38:07+00:00
2228,20822,28.29,Return received,re_3c5faa0475691d68a581f26b,2026-08-05T08:59:35+00:00
2229,21531,174.91,Order cancelled by customer,re_56f95294996381a6c7f4dda4,2026-08-05T23:31:45+00:00
2230,20914,128.42,Return received,re_88d83d2c1721aa921aa514f4,2026-08-06T01:32:24+00:00
2231,21525,191.68,Order cancelled by customer,re_0284df1252b2127d50ef2a44,2026-08-06T08:59:28+00:00
2232,20601,338.89,Return received,re_d80cc31d57da737a9e8bafbc,2026-08-06T10:59:52+00:00
2233,21097,181.24,Return received,re_56ec80dd8aecbf4af1f59bfa,2026-08-07T03:30:53+00:00
2234,21160,69.13,Return received,re_0a07b9ea91f9e09fd5c52a1f,2026-08-07T04:45:20+00:00
2235,21558,75.28,Order cancelled by customer,re_b7afcf445c5a6dd307f3e7d4,2026-08-07T14:26:56+00:00
2236,20875,392.80,Return received,re_2776abc27ec9d8bd23a05a11,2026-08-08T10:53:15+00:00
2237,21613,128.79,Order cancelled by customer,re_3ff4fd998dfbee018216b38e,2026-08-08T13:20:10+00:00
2238,21218,60.04,Return received,re_640c7d2c226ff89fa88e393b,2026-08-08T22:39:02+00:00
2239,20471,63.74,Return received,re_4b8f2b4b52251a22d5c19207,2026-08-09T01:12:07+00:00
2240,21145,162.16,Return received,re_38abac87d4ff257dacc1ec11,2026-08-09T02:09:47+00:00
2241,21075,435.59,Return received,re_8b5a586e1ffc6ad885ad68cf,2026-08-09T05:13:30+00:00
2242,21195,62.19,Return received,re_5d98b1b5def03390fcb94157,2026-08-09T08:16:49+00:00
2243,21636,99.73,Order cancelled by customer,re_9bf5129e153c427f0734afe3,2026-08-10T01:35:22+00:00
2244,21669,64.68,Order cancelled by customer,re_66fac28b252a5a501ad2e400,2026-08-10T17:39:13+00:00
2245,21030,102.81,Return received,re_14d9cac4e136fd88c04e0533,2026-08-11T09:35:54+00:00
2246,21124,401.69,Return received,re_d5907bb2b37ad97d564fbb9d,2026-08-11T12:25:17+00:00
2247,21679,48.44,Order cancelled by customer,re_2abe7bd343a2301260b0886b,2026-08-11T18:02:22+00:00
2248,21086,464.28,Return received,re_e5522564cc33e7911951b22a,2026-08-11T23:24:18+00:00
2249,20645,159.79,Return received,re_4ce5d3f6738acb5d77557c6e,2026-08-12T05:24:16+00:00
2250,21406,28.24,Return received,re_758b325ea8c77a048d9922b6,2026-08-13T03:33:33+00:00
2251,21167,27.55,Return received,re_8ba61ad8a8909a3962330d93,2026-08-13T08:56:08+00:00
2252,21722,326.40,Order cancelled by customer,re_be5ae2b220ff52685a0c93cc,2026-08-13T11:43:03+00:00
2253,20838,132.23,Return received,re_5fdaefb2018d4ed54fb45deb,2026-08-13T16:43:18+00:00
2254,20910,140.62,Return received,re_4d41c2d7e11d76996a93c990,2026-08-14T23:16:37+00:00
2255,21161,28.61,Return received,re_b563d956ce48ea7312e19835,2026-08-15T02:58:44+00:00
2256,21047,112.48,Return received,re_1521f4959bc74549c085e98f,2026-08-15T07:44:33+00:00
2257,21770,362.29,Order cancelled by customer,re_bfb60f668a5bd786162fff29,2026-08-15T12:58:36+00:00
2258,21104,26.55,Return received,re_f9bf6ffdc54e249bbd113917,2026-08-15T13:20:56+00:00
2259,21273,116.61,Return received,re_7c5210faabb04bc8316afed4,2026-08-15T16:28:43+00:00
2260,21237,167.86,Return received,re_2479c06d02069712e38485e4,2026-08-15T18:29:01+00:00
2261,21779,382.61,Order cancelled by customer,re_c067042990ba8f01b8f3546b,2026-08-16T00:25:31+00:00
2262,21073,63.58,Return received,re_a20b70c897f52c13352905f4,2026-08-16T03:52:43+00:00
2263,21820,27.21,Order cancelled by customer,re_4cbbce8c27074c1a58ae25b6,2026-08-16T18:03:54+00:00
2264,21793,96.50,Order cancelled by customer,re_04e13c7c246f6c75ca768527,2026-08-16T19:42:03+00:00
2265,21805,81.23,Order cancelled by customer,re_86d0ad64c0bd5ca3f6d91d60,2026-08-17T02:20:05+00:00
2266,21326,67.56,Return received,re_17c3ba3109fae9b23aed1abf,2026-08-17T11:41:45+00:00
2267,21835,144.78,Order cancelled by customer,re_889d10d0e30ff477785015a4,2026-08-17T13:53:45+00:00
2268,21185,61.06,Return received,re_f6702aeb5214c56cd0850945,2026-08-17T22:08:17+00:00
2269,21867,33.76,Order cancelled by customer,re_6e68eb7e165f74f9f404b4b1,2026-08-18T15:07:27+00:00
2270,21852,272.46,Order cancelled by customer,re_a4b16dab6b28e415b4f0366e,2026-08-18T20:58:48+00:00
2271,21317,47.58,Return received,re_5ea139f50887cf7a3fcd0ded,2026-08-19T19:09:48+00:00
2272,21363,99.44,Return received,re_721fb2a56287f282f3642392,2026-08-20T19:45:11+00:00
2273,21057,87.35,Return received,re_a119ce619b82085895db973e,2026-08-21T06:46:33+00:00
2274,21921,53.11,Order cancelled by customer,re_0c124702eec0c56431455a2d,2026-08-21T16:40:12+00:00
2275,21915,277.93,Order cancelled by customer,re_0273cab8fda38846e526d32f,2026-08-21T23:20:20+00:00
2276,21081,130.93,Return received,re_af30e84bac9acc14c4dcd0e5,2026-08-22T01:07:19+00:00
2277,21413,135.98,Return received,re_57626b8379897c90c3ce9ce4,2026-08-22T02:17:07+00:00
2278,21958,58.24,Order cancelled by customer,re_f11d4b1ad3ba7d8bc312f393,2026-08-22T19:35:45+00:00
2279,21950,91.58,Order cancelled by customer,re_141842cfa89af594f96007d2,2026-08-23T02:07:42+00:00
2280,21334,56.04,Return received,re_f32d2b95c8cfe038df205778,2026-08-23T04:13:04+00:00
2281,21303,458.93,Return received,re_5fdc46ee3f58e8457833daf6,2026-08-23T06:17:32+00:00
2282,21327,36.36,Return received,re_fc14bfe7afa171a2fef4ce3a,2026-08-23T10:49:37+00:00
2283,22001,142.01,Order cancelled by customer,re_51fdd4dd5f8adefcea4b99e5,2026-08-23T14:51:22+00:00
2284,21973,379.72,Order cancelled by customer,re_47671ba3d4759880a9ed47e1,2026-08-23T21:52:40+00:00
2285,21389,303.14,Return received,re_bb0024feb85ab5e2770bb583,2026-08-25T09:41:02+00:00
2286,21280,214.99,Return received,re_c24a8a18e50dcfd161efc1e7,2026-08-25T09:57:13+00:00
2287,21732,15.23,Return received,re_685101baa8d856a2a5a896b4,2026-08-25T13:59:51+00:00
2288,21616,354.90,Return received,re_c5b4c2dbe58bfdddb58cefb7,2026-08-26T07:25:32+00:00
2289,21569,1904.82,Return received,re_133d8cccd586322b1e693af9,2026-08-26T07:59:00+00:00
2290,21283,36.45,Return received,re_53ca937f968f373a921a3274,2026-08-26T12:59:49+00:00
2291,21624,591.45,Return received,re_70db6194a460e6e87c590203,2026-08-26T17:32:56+00:00
2292,22087,219.38,Order cancelled by customer,re_9719de792ffd704929b26a64,2026-08-26T19:35:26+00:00
2293,22081,268.39,Order cancelled by customer,re_b057575c41475fe40576f04e,2026-08-27T00:56:15+00:00
2294,22100,92.42,Order cancelled by customer,re_c9e5e63dea5d88f1ceb5befb,2026-08-28T05:16:32+00:00
2295,21257,1419.98,Return received,re_5bed8c5f9fb714967c68dcfa,2026-08-28T05:42:26+00:00
2296,22146,303.51,Order cancelled by customer,re_1b0303bac7add0b1c620d083,2026-08-28T11:37:55+00:00
2297,21350,744.68,Return received,re_6ff2ce2658200be9d67119b9,2026-08-28T19:27:33+00:00
2298,22160,140.78,Order cancelled by customer,re_3774f4c16a47de534be2d8f0,2026-08-29T14:34:02+00:00
2299,21750,201.09,Return received,re_582efc9636ea83199d9cee0b,2026-08-29T15:58:39+00:00
2300,22178,84.42,Order cancelled by customer,re_b071487bd1ac9b642122227f,2026-08-30T03:31:59+00:00
2301,22177,114.74,Order cancelled by customer,re_08e78a740586fbb6b292264b,2026-08-30T07:53:58+00:00
2302,22198,144.44,Order cancelled by customer,re_6318c2ea6166c03be8f5db0e,2026-08-30T20:25:06+00:00
2303,21247,106.83,Return received,re_329d06ace7f8f62ba9925938,2026-08-30T22:04:59+00:00
2304,21128,175.53,Return received,re_0e1f28d4bbc9627071ec414d,2026-08-31T04:27:29+00:00
2305,21627,877.57,Return received,re_fe6040556759f42964e7aab1,2026-08-31T11:59:38+00:00
2306,22219,2368.39,Order cancelled by customer,re_b9e5ceedc019aa26b3246919,2026-09-01T01:37:30+00:00
2307,22266,28.29,Order cancelled by customer,re_8e18d5263aaf6abf2c5639e8,2026-09-01T21:34:38+00:00
2308,21215,134.99,Return received,re_8b10858e61cdf4d84751224d,2026-09-02T03:05:40+00:00
2309,21469,143.70,Return received,re_6d53dcd352d1126b809ab1e8,2026-09-02T23:30:26+00:00
2310,21476,116.86,Return received,re_cf9d3e37e8467ee37da34365,2026-09-03T03:05:10+00:00
2311,21385,83.53,Return received,re_7d83386eb8b8bd174fdd41d9,2026-09-03T06:26:48+00:00
2312,21620,82.67,Return received,re_4ae7bfebf8157dc847b6c6cb,2026-09-03T06:35:21+00:00
2313,22295,113.22,Order cancelled by customer,re_893d812628ed9f7f95fd5293,2026-09-04T03:07:03+00:00
2314,21285,79.34,Return received,re_b16e60d72dfd7f8ac7011761,2026-09-04T06:23:22+00:00
2315,21826,63.74,Return received,re_c6c28febf507e92bf327e472,2026-09-04T09:14:56+00:00
2316,21555,195.00,Return received,re_77ad931c720c5e8a924a3591,2026-09-04T23:15:47+00:00
2317,22340,28.84,Order cancelled by customer,re_ce0cd2b77af6c9ef25f47374,2026-09-04T23:31:22+00:00
2318,22337,60.84,Order cancelled by customer,re_e2a46588a2d17891de4934b7,2026-09-05T08:16:53+00:00
2319,22384,132.82,Order cancelled by customer,re_3deffcda5b806316d0fd9eb8,2026-09-05T09:47:22+00:00
2320,21774,114.74,Return received,re_6716422e70cac41a0b76666a,2026-09-05T09:56:25+00:00
2321,22365,30.36,Order cancelled by customer,re_d154ac408bbd5e6cedfa19cb,2026-09-05T11:29:36+00:00
2322,22376,74.67,Order cancelled by customer,re_f86204de20ea5ffffeffbec7,2026-09-05T16:32:12+00:00
2323,22374,63.59,Order cancelled by customer,re_b7894e60559b9aeeef79fffa,2026-09-06T02:08:13+00:00
2324,21802,77.45,Return received,re_e1364e1e0097d962977e798c,2026-09-06T11:25:42+00:00
2325,21720,232.72,Return received,re_82dfc49d5d0654b50fd6d775,2026-09-06T20:47:03+00:00
2326,22412,1035.91,Order cancelled by customer,re_61d45fb5e83cb71613135a54,2026-09-07T16:55:52+00:00
2327,21475,70.68,Return received,re_10731bf3e6f115311516b808,2026-09-08T12:22:20+00:00
2328,22447,119.68,Order cancelled by customer,re_f95b5342aa236150e6db7fb0,2026-09-08T14:24:55+00:00
2329,22444,43.08,Order cancelled by customer,re_fe8849770397f97cb1904133,2026-09-09T03:50:35+00:00
2330,22442,129.55,Order cancelled by customer,re_8d33c770b339ed512a05abbe,2026-09-09T14:23:16+00:00
2331,21964,175.94,Return received,re_3e4db3bdce390c68e9b8680a,2026-09-09T17:15:18+00:00
2332,22518,181.25,Order cancelled by customer,re_e323557da90707a51f9e855c,2026-09-10T09:18:06+00:00
2333,22521,407.00,Order cancelled by customer,re_bfa464c066c3f83f3c7522ce,2026-09-10T11:35:52+00:00
2334,22540,1276.44,Order cancelled by customer,re_268ff9fd3edce24d0c35ff37,2026-09-11T10:48:55+00:00
2335,21860,58.33,Return received,re_536528c677de1162e05954f2,2026-09-11T12:56:59+00:00
2336,21583,108.99,Return received,re_d225bf4851b8b829961f827d,2026-09-11T14:01:57+00:00
2337,22545,580.31,Order cancelled by customer,re_59c42ab07b18b0955e682e1a,2026-09-11T15:44:35+00:00
2338,22539,835.34,Order cancelled by customer,re_0b0de3bc502af8cf8b106a5c,2026-09-11T18:24:20+00:00
2339,21922,85.12,Return received,re_c118f1bd7df2bfab2593940f,2026-09-12T03:49:38+00:00
2340,22543,210.40,Order cancelled by customer,re_5d3a29320174e61ce6482491,2026-09-12T10:02:18+00:00
2341,22036,221.51,Return received,re_bb1e37d4989655b90c95fb2c,2026-09-12T11:03:47+00:00
2342,21622,91.15,Return received,re_25c06db20b39305bcc51a04e,2026-09-12T13:33:39+00:00
2343,22558,78.06,Order cancelled by customer,re_9fcbd3a3e97e627e94ee3a33,2026-09-13T00:46:50+00:00
2344,21580,245.00,Return received,re_ba07d5e0a06212697aac190b,2026-09-13T02:52:08+00:00
2345,21853,170.20,Return received,re_eb189cc4f111c26d0d28478f,2026-09-14T03:11:15+00:00
2346,22092,186.54,Return received,re_9bba9762634ac13bc5c0b391,2026-09-14T04:03:02+00:00
2347,22626,169.52,Order cancelled by customer,re_4bc482841541615cd7f60884,2026-09-14T11:41:16+00:00
2348,22599,248.22,Order cancelled by customer,re_ade496c50f1d54438fffcce3,2026-09-14T11:57:01+00:00
2349,22199,38.24,Return received,re_e1fee5ac47e1a7f7b1f5ea88,2026-09-14T13:37:50+00:00
2350,22614,68.81,Order cancelled by customer,re_cddd407858074c8ac3902697,2026-09-15T03:40:53+00:00
2351,21976,230.42,Return received,re_7e4a37cbfec6d82534cce404,2026-09-15T10:54:04+00:00
2352,21961,150.77,Return received,re_275091e5b997cdabd4f49c7d,2026-09-15T11:18:31+00:00
2353,22401,30.19,Return received,re_ed2fa1a427e8f76d800f94f1,2026-09-15T18:15:26+00:00
2354,21856,573.94,Return received,re_0ff8d5ae8050b7321d5e907d,2026-09-15T18:55:39+00:00
2355,22671,110.23,Order cancelled by customer,re_95c00877757a7ec92f63e961,2026-09-16T13:38:05+00:00
2356,22693,255.13,Order cancelled by customer,re_440377f0b497a7cf10985389,2026-09-16T14:56:38+00:00
2357,21974,94.43,Return received,re_2ac3ec8657826ed32d0bda0d,2026-09-17T16:35:30+00:00
2358,22697,197.13,Order cancelled by customer,re_175f932864fa1e9b9d6cce16,2026-09-17T20:35:34+00:00
2359,22720,129.57,Order cancelled by customer,re_ceba6f5dcd7014838e21df71,2026-09-17T20:43:18+00:00
2360,22751,242.75,Order cancelled by customer,re_f20ed7378ac79398100610a2,2026-09-18T11:38:06+00:00
2361,22715,226.44,Order cancelled by customer,re_087cc21a5c8c6f4e34c151c6,2026-09-18T13:44:38+00:00
2362,21777,148.38,Return received,re_7aebfb6a744271b407fdcf82,2026-09-18T13:46:16+00:00
2363,22424,169.05,Return received,re_7ebd753e3a87a429f352e00d,2026-09-18T18:03:22+00:00
2364,22768,448.62,Order cancelled by customer,re_2e11f78d77bb194f0b8dd8f1,2026-09-19T23:49:00+00:00
2365,22168,106.08,Return received,re_30cd46d7ab272d97ceeae03a,2026-09-20T01:40:33+00:00
2366,22766,75.65,Order cancelled by customer,re_63f05139aa83fe7ad4811bf6,2026-09-20T10:13:56+00:00
2367,22071,98.45,Return received,re_0376a4fe043c17ba3e30b279,2026-09-20T17:25:34+00:00
2368,22817,69.13,Order cancelled by customer,re_876aa90bcddbac7330967d18,2026-09-21T11:18:14+00:00
2369,21873,75.04,Return received,re_fa4e73244ab009336d4a5c4f,2026-09-22T07:23:05+00:00
2370,22826,199.73,Order cancelled by customer,re_ac63031f1fd7cf89b70853be,2026-09-22T09:33:02+00:00
2371,22844,219.00,Order cancelled by customer,re_ecf2234a335630b48245b600,2026-09-22T19:40:09+00:00
2372,21946,152.40,Return received,re_d4b3daff9f233c38bf24bbc5,2026-09-23T03:59:21+00:00
2373,22225,864.86,Return received,re_bf8c011055bcbea2766416c2,2026-09-24T14:08:31+00:00
2374,22125,26.57,Return received,re_f516b254a61f5d296ee0d0fc,2026-09-25T06:09:06+00:00
2375,22056,198.20,Return received,re_a353c50e0b75060a359fe2da,2026-09-25T11:34:58+00:00
2376,22116,551.96,Return received,re_f4451b2450d24108c1810d1c,2026-09-25T19:09:05+00:00
2377,21947,190.20,Return received,re_75b252400370d38376a6163a,2026-09-26T03:06:37+00:00
2378,22322,80.52,Return received,re_b0e8bbeb104a0778b4f9fcbe,2026-09-26T14:59:19+00:00
2379,22226,114.74,Return received,re_5b49a987872600b6839f7a20,2026-09-27T19:00:00+00:00
2380,22453,94.79,Return received,re_6e1b703a42faab131f4ba5c3,2026-09-27T19:00:00+00:00
2381,22084,111.14,Return received,re_2fe676c941515fdf48b8c3d6,2026-09-28T03:38:36+00:00
2382,22246,79.81,Return received,re_8a22c419d8b6fa5cc2f367fc,2026-09-28T19:00:00+00:00
2383,22500,293.22,Return received,re_c30dee1e42f0934ee61439b5,2026-09-28T19:00:00+00:00
2384,22632,308.15,Return received,re_d35a275eb5ecea6882794c2b,2026-09-28T19:00:00+00:00
2385,22058,558.84,Return received,re_bc3bc1f3bcf9542c08c4dd06,2026-09-30T19:00:00+00:00
2386,22510,913.75,Return received,re_9f04c75a3240b87068bbaf69,2026-10-01T13:38:31+00:00
2387,22347,75.17,Return received,re_6c9f1b57c8c6a73e7b5cfda8,2026-10-01T19:00:00+00:00
2388,22597,23.14,Return received,re_930d291b6bd3355075cb4e79,2026-10-01T19:00:00+00:00
2389,21932,132.67,Return received,re_f0aac810fb089483ba9ad50b,2026-10-01T21:12:31+00:00
2390,22578,1542.73,Return received,re_38de3fe6922b61b879e06290,2026-10-02T18:51:27+00:00
