shipment_id,order_item_id,quantity
1,1,2
2,2,1
3,3,1
4,4,1
5,5,1
6,6,1
7,7,1
8,8,1
9,10,1
10,11,1
11,12,2
12,13,2
13,14,2
14,15,1
15,16,1
16,17,1
17,18,2
18,19,1
19,20,1
20,21,1
21,22,1
22,23,1
23,24,2
24,25,1
25,26,2
26,27,1
27,28,2
28,29,2
29,30,1
30,31,1
31,32,1
32,33,1
33,34,1
34,35,1
34,36,1
35,37,2
36,38,1
37,39,1
38,40,1
39,41,2
39,42,1
40,44,1
41,45,1
42,46,1
43,47,1
44,48,1
45,49,1
46,50,1
47,51,1
48,53,1
49,54,1
50,55,1
51,56,1
52,57,1
53,58,3
54,59,1
55,60,1
56,61,1
57,62,1
58,63,1
59,64,1
60,65,1
61,66,1
62,67,2
63,68,1
64,69,1
65,70,1
66,71,2
66,72,1
67,73,1
68,74,1
69,75,1
70,76,1
71,77,1
72,78,1
73,79,1
74,81,1
75,82,3
76,83,1
77,84,1
78,86,1
79,87,1
80,88,3
81,90,1
82,91,1
83,92,1
84,93,1
85,94,1
86,95,1
87,96,2
88,97,1
89,98,2
89,99,1
90,100,1
91,101,1
92,102,1
93,103,1
94,104,3
95,105,2
96,106,1
97,107,1
98,109,1
99,110,2
100,111,1
101,112,1
102,113,1
103,114,1
104,115,1
105,117,1
106,118,1
107,119,1
108,121,1
109,122,1
109,123,1
110,124,1
111,125,3
112,126,1
113,127,1
114,128,3
115,129,1
116,130,2
117,131,1
118,132,1
119,133,1
120,134,1
121,135,2
122,136,1
123,137,1
124,138,1
125,139,2
126,140,1
127,141,3
128,142,1
129,144,1
130,145,1
130,146,1
131,147,1
132,148,1
133,149,2
134,150,1
135,151,1
136,154,1
137,155,1
138,156,1
139,157,1
140,158,1
141,159,1
142,160,1
143,162,1
144,163,1
145,164,1
146,165,1
147,166,1
148,167,1
149,168,1
150,169,1
151,170,1
152,171,1
153,172,1
154,174,1
155,175,1
156,176,1
157,177,1
158,178,1
159,179,1
159,180,3
160,181,1
161,182,1
162,183,1
163,184,1
164,185,1
165,186,1
166,187,3
167,188,1
168,189,1
169,191,1
170,192,1
171,193,2
172,194,1
173,195,1
174,196,1
175,197,1
176,198,1
177,199,1
178,200,1
179,201,1
180,202,1
181,203,1
182,204,1
183,205,1
184,206,1
185,207,1
186,208,1
187,209,2
188,210,1
189,211,1
190,213,1
191,215,1
192,216,1
193,217,1
194,218,1
195,219,1
196,220,1
197,221,1
198,222,1
199,223,1
200,224,1
201,225,1
202,226,1
203,227,1
204,228,1
205,229,1
206,230,1
207,231,1
208,232,1
209,233,1
210,234,1
211,235,1
212,236,1
213,237,1
214,238,1
215,239,1
216,240,1
217,241,1
218,242,1
219,244,1
220,246,1
221,247,2
222,248,1
223,249,1
224,250,1
225,251,1
226,252,1
227,253,1
228,254,1
229,255,1
230,256,1
231,258,1
232,259,1
233,260,2
234,261,1
235,262,1
236,263,1
237,264,1
238,265,1
239,266,1
240,267,1
241,268,1
242,269,1
243,270,1
244,271,1
245,272,1
246,273,3
247,274,1
248,278,1
249,279,1
250,280,1
251,281,1
252,282,2
253,283,3
254,284,1
255,285,1
256,286,1
257,287,1
258,288,1
259,289,2
260,290,1
261,292,1
262,293,1
263,294,2
264,295,1
265,296,1
265,297,1
266,298,1
267,299,1
268,300,1
269,301,1
270,302,2
271,303,2
272,304,1
273,305,1
274,306,1
275,307,1
276,308,1
277,310,2
278,311,1
279,312,2
280,313,1
281,314,1
282,315,1
283,316,1
284,317,1
285,318,1
286,319,1
287,321,1
287,322,1
288,323,1
289,324,2
290,326,1
291,327,1
291,328,1
292,329,1
293,330,1
294,331,1
295,332,1
296,333,1
297,334,1
298,335,1
299,336,1
300,337,1
301,338,1
302,339,1
302,340,1
303,341,1
304,342,1
305,343,1
306,344,2
307,345,1
308,346,1
309,347,1
310,348,1
311,349,2
312,350,1
313,351,2
314,353,1
315,355,1
316,356,1
317,357,1
317,358,1
318,359,2
319,360,1
320,361,1
321,362,2
322,363,1
323,364,1
324,365,1
325,366,1
326,367,2
327,369,1
328,370,1
329,371,1
330,373,1
331,375,1
332,376,1
333,377,1
334,378,1
335,379,1
336,380,1
337,381,1
338,382,1
339,383,1
340,384,1
341,385,1
342,386,1
343,387,1
344,388,1
345,389,1
346,390,1
347,391,1
348,392,1
349,394,1
349,395,1
350,396,1
351,397,1
352,399,1
353,400,1
354,401,1
355,402,1
356,403,3
357,404,1
358,405,1
359,406,1
360,407,1
361,408,1
362,409,1
363,412,1
364,413,1
365,414,1
366,415,1
367,417,1
368,418,1
369,419,3
370,420,1
371,421,1
372,422,3
373,423,1
374,424,2
375,425,1
376,426,1
377,427,1
378,428,1
379,429,1
380,430,1
381,431,1
382,432,1
383,433,1
384,434,1
385,435,1
386,436,1
387,437,1
388,438,1
389,439,1
390,440,3
391,441,1
392,442,2
393,443,1
394,444,2
394,445,1
395,446,1
396,447,1
397,448,1
398,449,1
399,450,2
400,451,1
401,452,1
402,453,1
403,454,1
403,455,1
404,456,1
405,457,1
406,458,1
407,459,1
408,460,1
409,461,1
410,462,1
411,463,1
412,464,1
413,467,1
413,468,1
413,469,2
414,470,1
415,471,1
416,472,1
417,473,1
418,474,1
419,475,1
420,476,1
421,477,1
422,478,1
423,479,1
423,480,1
424,481,1
425,482,1
426,483,3
427,484,1
428,485,2
429,486,1
430,487,1
431,488,1
432,489,1
433,490,1
434,491,1
435,493,1
436,494,1
437,495,1
438,497,1
439,498,1
440,499,1
441,500,2
442,501,1
443,502,1
443,503,1
444,504,1
445,505,1
446,506,1
447,507,1
448,508,2
449,509,1
450,510,2
451,511,2
452,512,1
453,513,1
454,514,1
455,515,2
456,516,1
457,517,1
458,518,3
459,519,1
460,520,1
461,521,1
462,522,1
463,523,1
464,524,1
465,525,1
466,526,1
467,527,1
468,528,1
469,529,1
469,530,1
470,531,1
471,532,1
472,533,1
473,535,1
474,536,1
475,537,1
476,538,1
477,540,1
478,541,1
479,542,1
480,543,1
481,545,1
482,546,1
483,547,1
484,548,1
485,549,1
486,550,1
487,551,1
488,552,1
489,553,1
490,555,1
490,556,1
491,557,1
492,558,1
493,559,1
494,560,1
495,561,1
495,562,2
496,563,1
497,564,1
498,565,1
499,566,1
500,568,1
501,569,1
502,570,1
503,571,1
504,572,2
505,573,1
506,574,1
507,575,1
507,576,1
508,577,1
509,578,1
510,579,1
511,580,1
512,581,1
513,582,1
514,583,1
515,584,3
516,585,1
517,586,1
518,587,1
519,588,1
520,589,1
521,590,1
522,591,2
523,592,2
524,593,1
525,594,1
526,595,2
527,596,1
528,597,1
529,598,1
530,599,1
530,600,1
531,601,1
532,602,1
533,603,1
534,604,2
535,605,1
536,606,1
537,607,1
538,608,1
539,609,1
540,610,1
541,611,1
542,612,3
543,613,1
544,614,1
545,615,1
546,616,1
547,617,1
548,618,1
549,619,1
550,620,1
551,621,1
552,622,1
553,623,1
554,624,1
555,625,1
556,626,1
557,627,1
558,628,1
559,629,1
560,630,1
561,631,1
562,632,1
563,633,1
564,634,1
565,635,2
566,636,1
567,637,1
568,638,1
569,639,1
570,640,1
571,641,1
572,642,2
573,643,1
574,644,1
575,645,2
576,646,1
577,647,1
578,648,1
579,650,1
580,651,1
581,652,1
582,653,1
583,654,1
584,655,1
585,656,1
586,657,1
587,658,1
588,659,1
589,660,1
590,661,1
591,662,1
592,663,1
593,664,1
594,665,1
595,666,1
596,667,1
597,668,1
598,669,1
599,670,1
600,671,1
601,672,1
601,673,2
602,674,1
603,675,3
604,676,1
605,677,1
606,678,1
607,679,1
608,680,1
609,681,2
610,682,1
611,683,1
612,684,1
613,685,1
614,686,1
615,687,1
616,689,1
617,690,1
618,691,1
619,692,1
619,693,1
619,694,1
620,695,2
621,696,1
622,697,1
623,698,1
624,699,2
625,700,1
626,701,1
627,702,1
628,703,2
629,704,1
630,705,1
631,706,1
631,707,1
632,708,2
633,709,1
634,710,2
635,711,1
636,712,1
637,713,1
638,714,1
639,716,1
640,717,3
641,718,1
642,719,2
643,720,1
644,721,1
645,722,2
646,723,1
647,724,1
648,725,1
649,726,1
650,727,1
651,728,1
651,729,1
652,730,1
653,731,2
654,732,2
655,733,1
656,734,1
657,735,1
658,736,1
659,737,1
660,738,1
661,739,1
662,740,1
663,741,1
664,742,1
665,743,1
666,745,1
667,746,1
668,747,2
669,748,1
670,749,1
671,750,1
672,751,1
673,752,1
674,753,1
675,754,1
676,756,1
677,757,2
678,758,1
679,759,2
680,760,1
681,761,1
682,762,1
683,763,1
684,765,1
685,766,2
686,767,1
687,768,1
688,769,1
689,770,1
690,771,1
691,772,1
692,773,1
693,774,1
693,775,1
694,776,1
695,777,1
696,778,1
697,779,2
698,780,1
699,781,1
700,782,1
701,783,1
702,785,1
703,786,2
704,787,1
705,788,1
706,789,1
707,790,1
708,791,1
709,792,1
710,793,1
711,794,1
712,795,1
713,796,1
714,798,1
715,799,1
716,800,1
716,801,1
717,802,1
718,803,1
719,804,1
720,805,1
721,806,1
722,807,1
723,808,1
724,809,2
725,810,1
725,811,1
726,812,1
727,813,2
728,814,1
729,815,1
730,816,1
730,817,1
730,818,2
731,819,1
732,820,1
733,821,1
734,822,1
735,823,1
736,824,1
737,825,2
738,826,1
739,827,1
740,828,1
741,829,1
742,830,2
743,831,1
744,832,1
745,833,1
746,834,1
747,835,1
748,836,1
749,837,1
750,838,1
751,839,1
752,840,1
753,841,2
754,842,1
755,843,1
756,844,2
757,845,1
758,846,1
759,847,3
760,848,1
761,849,1
762,850,1
763,851,1
764,852,1
765,853,1
766,854,1
767,855,2
768,856,2
769,857,1
770,858,2
771,859,1
772,860,1
773,861,1
774,862,1
775,863,1
776,864,1
777,865,2
778,866,1
779,867,1
780,868,1
781,869,1
781,870,1
782,871,1
783,872,1
784,873,1
785,874,1
786,875,2
787,877,2
788,878,1
789,879,1
790,880,1
791,882,1
792,883,1
793,885,1
794,886,1
795,887,1
796,888,3
797,889,3
798,890,1
799,891,1
800,892,1
801,893,1
802,894,1
803,895,1
804,896,1
805,897,1
806,898,1
807,899,1
808,900,1
809,901,1
810,902,1
811,903,1
812,904,1
813,905,1
814,906,1
815,907,1
816,908,1
817,909,1
818,910,1
819,911,2
820,912,1
821,913,1
822,916,1
823,917,1
824,918,2
824,919,1
825,920,2
826,921,3
827,922,1
828,923,1
829,924,1
830,925,2
831,926,1
831,927,2
832,928,1
833,929,1
834,930,1
834,931,2
835,932,1
836,933,1
837,934,1
838,936,2
839,937,1
839,938,1
840,939,1
841,940,1
842,941,1
843,942,2
844,943,1
845,944,1
846,945,2
847,946,1
848,947,2
849,948,1
850,949,1
851,950,2
852,951,1
853,952,1
854,953,1
854,954,2
854,955,1
854,956,1
855,957,1
856,958,1
857,959,1
858,960,1
859,962,1
860,964,1
861,965,1
862,966,1
863,967,1
864,968,1
864,969,1
865,970,1
866,971,2
867,972,1
868,974,2
869,975,1
870,976,1
871,977,1
872,978,1
873,979,1
874,980,1
875,981,1
876,982,1
877,983,1
878,984,1
879,985,1
880,986,1
881,987,1
882,988,1
882,989,1
883,990,1
884,991,1
885,992,1
886,993,1
887,994,1
888,995,1
889,996,1
890,997,1
891,998,1
892,999,2
893,1000,1
894,1001,2
895,1002,1
896,1003,1
897,1004,1
898,1005,1
899,1006,1
900,1007,1
901,1008,2
902,1009,1
903,1010,1
904,1011,1
905,1012,1
906,1013,2
907,1014,2
908,1015,1
909,1016,1
910,1017,1
911,1018,1
912,1019,2
912,1020,2
913,1021,1
914,1022,1
915,1023,1
916,1024,1
916,1025,1
917,1027,2
918,1028,1
919,1029,1
920,1030,1
921,1031,1
922,1032,1
923,1033,1
924,1034,1
925,1035,1
926,1036,1
927,1037,2
928,1038,1
929,1039,1
930,1040,1
931,1041,1
931,1042,3
932,1043,1
933,1044,1
934,1045,1
935,1046,3
936,1047,1
937,1048,1
938,1049,1
939,1050,1
940,1051,1
941,1052,1
942,1054,3
943,1055,1
944,1056,1
945,1057,2
946,1058,1
947,1059,1
948,1060,1
949,1061,1
950,1062,1
951,1063,1
952,1064,1
953,1065,1
954,1066,1
955,1067,1
956,1068,1
957,1069,1
958,1070,1
958,1071,1
959,1072,1
960,1073,2
961,1074,2
962,1075,1
962,1076,1
962,1077,1
963,1078,1
964,1079,1
965,1080,1
966,1081,1
967,1082,1
968,1083,1
969,1084,1
970,1085,1
971,1086,1
972,1087,1
973,1088,1
974,1089,1
975,1090,2
976,1091,3
977,1092,1
978,1093,1
979,1094,2
980,1096,1
980,1097,1
981,1098,1
982,1099,1
983,1100,1
984,1101,1
985,1102,1
985,1103,1
986,1104,1
987,1105,1
987,1106,1
988,1107,1
988,1108,1
989,1109,1
990,1110,1
991,1112,1
992,1113,1
993,1114,1
994,1115,1
995,1116,1
996,1117,1
997,1118,1
998,1119,1
999,1120,1
999,1121,1
1000,1122,2
1001,1123,1
1002,1124,1
1003,1125,1
1004,1127,1
1005,1128,1
1006,1129,1
1007,1130,1
1008,1131,1
1009,1132,1
1009,1133,1
1010,1134,1
1011,1135,1
1012,1136,1
1013,1137,2
1014,1138,1
1015,1139,1
1016,1140,1
1017,1141,1
1018,1142,2
1019,1143,3
1020,1144,1
1021,1145,1
1021,1146,1
1021,1147,1
1022,1149,2
1023,1151,1
1024,1152,1
1025,1153,3
1026,1154,1
1027,1155,2
1028,1156,1
1029,1157,1
1030,1158,1
1031,1159,1
1032,1160,1
1033,1161,1
1033,1162,1
1034,1163,1
1035,1164,1
1036,1165,1
1037,1166,1
1038,1167,1
1039,1168,1
1040,1169,1
1041,1170,1
1042,1171,1
1043,1172,1
1044,1173,2
1045,1174,1
1046,1175,3
1047,1176,1
1048,1178,1
1049,1179,1
1050,1180,1
1051,1182,1
1052,1183,1
1052,1184,1
1053,1185,1
1054,1186,1
1055,1187,1
1056,1188,1
1057,1189,1
1058,1190,1
1059,1191,1
1060,1192,1
1061,1193,1
1062,1194,1
1063,1195,1
1064,1196,1
1065,1197,1
1065,1198,1
1066,1199,1
1066,1200,1
1066,1201,1
1067,1202,1
1068,1203,1
1069,1204,1
1070,1205,1
1071,1206,1
1072,1208,1
1073,1209,1
1074,1211,1
1075,1212,1
1076,1213,1
1077,1214,1
1078,1215,1
1079,1216,2
1080,1217,1
1081,1218,1
1082,1219,2
1083,1220,1
1084,1221,1
1085,1222,1
1086,1223,1
1087,1224,1
1088,1225,1
1089,1226,1
1090,1227,2
1091,1228,1
1092,1229,1
1093,1230,1
1094,1231,2
1095,1232,2
1096,1233,1
1096,1234,1
1097,1235,1
1098,1236,1
1099,1237,1
1100,1238,1
1101,1239,1
1102,1240,1
1103,1241,1
1104,1242,1
1105,1243,1
1105,1244,1
1105,1245,1
1106,1246,1
1107,1247,1
1108,1248,1
1109,1249,1
1110,1250,3
1111,1251,2
1112,1253,3
1112,1254,2
1113,1255,1
1114,1256,1
1115,1257,2
1116,1259,1
1117,1260,1
1118,1261,1
1119,1262,1
1120,1263,1
1121,1264,2
1122,1265,1
1123,1267,1
1124,1268,1
1125,1269,2
1126,1270,1
1126,1271,1
1127,1272,1
1128,1273,1
1129,1274,1
1130,1275,1
1131,1276,1
1132,1277,1
1133,1278,3
1134,1279,1
1135,1282,1
1136,1283,1
1136,1284,1
1137,1285,1
1138,1286,1
1139,1287,1
1140,1288,1
1141,1289,1
1142,1290,1
1143,1292,1
1144,1293,1
1144,1294,1
1145,1295,1
1146,1296,1
1147,1297,1
1148,1298,1
1149,1299,1
1149,1300,1
1150,1301,1
1150,1302,1
1151,1303,1
1152,1305,1
1153,1306,1
1154,1307,1
1155,1308,2
1155,1309,2
1156,1310,1
1157,1312,2
1158,1313,1
1159,1314,1
1159,1315,1
1160,1316,2
1161,1317,1
1162,1318,1
1163,1319,1
1164,1320,1
1165,1321,1
1166,1322,1
1167,1323,1
1168,1324,1
1169,1325,2
1170,1326,1
1171,1327,2
1172,1328,1
1173,1329,3
1174,1330,1
1175,1331,1
1176,1332,1
1177,1334,1
1177,1335,1
1178,1336,1
1179,1337,1
1180,1338,2
1181,1339,1
1182,1340,1
1183,1341,1
1184,1342,1
1184,1343,1
1185,1344,2
1186,1345,1
1187,1346,1
1188,1347,1
1189,1349,1
1190,1350,2
1191,1351,1
1192,1352,3
1193,1353,1
1193,1354,1
1194,1355,1
1195,1356,1
1196,1357,1
1197,1358,1
1198,1359,1
1199,1361,1
1200,1362,1
1201,1363,1
1202,1365,1
1203,1366,1
1204,1367,3
1205,1368,1
1206,1369,1
1207,1370,1
1208,1371,1
1209,1372,1
1210,1373,1
1211,1374,1
1212,1375,1
1212,1376,1
1213,1377,3
1214,1378,1
1215,1380,1
1216,1381,1
1217,1382,1
1218,1383,1
1219,1384,1
1220,1385,1
1221,1386,1
1222,1387,1
1223,1388,1
1224,1389,1
1224,1390,1
1225,1391,1
1226,1392,1
1227,1393,1
1228,1394,1
1229,1395,1
1229,1396,2
1230,1399,1
1231,1400,1
1232,1403,2
1233,1404,1
1234,1405,1
1235,1406,1
1236,1407,1
1237,1408,1
1238,1409,2
1239,1411,1
1240,1412,1
1241,1413,2
1242,1414,1
1243,1415,2
1244,1416,1
1245,1417,1
1246,1418,1
1247,1420,1
1248,1421,1
1249,1423,1
1250,1424,1
1251,1425,1
1252,1426,1
1253,1427,1
1254,1428,2
1255,1429,1
1256,1430,1
1257,1431,1
1258,1432,1
1259,1433,1
1260,1434,2
1261,1436,1
1262,1438,1
1262,1439,1
1263,1440,2
1264,1441,1
1265,1442,1
1266,1443,1
1267,1444,1
1267,1445,1
1268,1446,1
1268,1447,1
1269,1448,1
1270,1449,1
1271,1450,1
1271,1451,1
1272,1452,2
1273,1453,1
1273,1454,1
1274,1455,1
1275,1456,1
1276,1457,1
1277,1459,1
1278,1460,1
1279,1461,1
1280,1463,1
1280,1464,1
1281,1465,1
1282,1466,1
1283,1467,1
1284,1468,1
1285,1469,1
1286,1470,1
1287,1471,1
1288,1472,1
1289,1473,1
1290,1474,1
1291,1475,1
1292,1477,1
1293,1478,1
1294,1480,2
1295,1481,1
1296,1482,1
1297,1484,1
1298,1485,1
1299,1486,1
1300,1487,1
1301,1488,1
1302,1489,1
1303,1490,1
1304,1491,1
1305,1492,2
1306,1493,1
1307,1494,1
1308,1495,2
1309,1496,1
1310,1497,1
1311,1498,1
1312,1499,1
1313,1500,1
1314,1501,1
1315,1502,1
1316,1503,1
1317,1504,1
1318,1505,1
1319,1506,1
1320,1507,1
1320,1508,1
1321,1509,1
1322,1510,1
1323,1511,1
1324,1512,1
1325,1513,1
1326,1514,1
1327,1516,1
1328,1517,1
1329,1518,1
1330,1519,1
1331,1520,1
1332,1521,1
1333,1522,1
1334,1523,2
1335,1524,1
1336,1525,1
1337,1526,2
1337,1527,1
1338,1528,1
1339,1530,1
1340,1531,1
1341,1532,1
1342,1533,1
1343,1534,1
1344,1535,1
1345,1536,1
1346,1537,1
1347,1538,1
1348,1539,1
1349,1540,2
1349,1541,1
1350,1542,1
1351,1543,1
1352,1544,1
1353,1545,1
1354,1546,2
1355,1547,1
1356,1548,1
1357,1549,1
1358,1550,1
1359,1551,3
1360,1552,1
1361,1553,1
1362,1554,1
1363,1555,2
1364,1556,1
1365,1557,1
1366,1559,1
1366,1560,1
1367,1561,1
1368,1562,1
1369,1563,2
1370,1564,1
1371,1565,1
1372,1566,1
1373,1567,1
1374,1568,1
1375,1569,1
1376,1570,1
1377,1571,1
1378,1572,1
1379,1573,1
1380,1574,2
1381,1575,1
1382,1576,1
1383,1577,1
1384,1579,1
1385,1580,1
1386,1581,2
1387,1582,1
1388,1583,1
1389,1584,2
1390,1585,1
1391,1586,1
1392,1587,1
1393,1588,1
1394,1589,1
1395,1590,1
1396,1591,1
1397,1592,1
1398,1593,1
1399,1594,2
1400,1595,1
1401,1596,2
1402,1597,1
1403,1598,1
1404,1599,1
1405,1600,1
1406,1601,1
1407,1602,1
1408,1603,1
1409,1604,1
1410,1605,1
1411,1606,1
1412,1607,2
1413,1609,1
1414,1610,1
1415,1611,1
1416,1612,1
1416,1613,1
1417,1614,1
1418,1615,1
1419,1616,1
1420,1617,1
1421,1618,1
1422,1619,1
1423,1620,1
1424,1622,1
1425,1623,1
1426,1624,3
1427,1625,1
1428,1626,1
1429,1627,1
1430,1628,1
1431,1629,1
1432,1630,1
1433,1631,1
1434,1632,3
1435,1633,1
1436,1634,1
1437,1635,1
1438,1636,1
1438,1637,1
1439,1638,1
1440,1639,1
1441,1640,1
1442,1641,1
1443,1642,1
1444,1644,1
1445,1645,1
1446,1646,1
1447,1647,1
1447,1648,1
1448,1649,1
1449,1650,1
1450,1651,1
1451,1652,1
1452,1653,1
1453,1654,2
1454,1655,3
1455,1656,1
1455,1657,1
1456,1658,1
1457,1659,1
1458,1660,1
1459,1661,1
1460,1665,1
1461,1666,1
1461,1667,2
1462,1668,1
1463,1669,1
1464,1670,2
1464,1671,1
1465,1672,1
1466,1673,2
1467,1674,1
1468,1675,1
1469,1677,1
1470,1678,2
1471,1679,3
1472,1680,1
1473,1681,2
1473,1682,1
1474,1683,1
1475,1684,1
1476,1685,3
1477,1686,1
1477,1687,1
1478,1688,1
1479,1689,1
1480,1690,1
1481,1692,1
1482,1693,2
1483,1694,3
1484,1695,1
1485,1696,1
1486,1697,1
1487,1698,1
1488,1699,2
1489,1700,1
1490,1701,1
1491,1702,1
1492,1703,1
1493,1704,1
1494,1705,1
1495,1706,1
1496,1707,1
1497,1708,1
1497,1709,1
1498,1710,1
1499,1711,1
1500,1712,1
1501,1713,1
1502,1714,1
1503,1715,1
1504,1716,1
1505,1717,1
1506,1718,1
1507,1720,1
1508,1721,1
1509,1722,1
1510,1723,1
1511,1724,2
1512,1725,1
1513,1727,1
1514,1728,1
1515,1729,2
1516,1730,1
1517,1731,1
1518,1732,1
1519,1733,1
1520,1734,2
1521,1736,1
1522,1737,1
1523,1738,3
1524,1739,1
1525,1740,1
1526,1742,1
1527,1743,1
1528,1744,1
1529,1745,3
1530,1747,1
1531,1749,1
1531,1750,1
1532,1753,1
1533,1754,1
1534,1755,1
1535,1756,1
1536,1757,2
1537,1758,1
1537,1759,1
1538,1760,1
1539,1761,1
1540,1763,1
1541,1764,1
1542,1765,1
1543,1766,1
1544,1767,1
1545,1769,2
1546,1770,1
1547,1771,1
1548,1772,1
1549,1774,1
1550,1775,2
1551,1776,1
1552,1777,1
1553,1778,2
1554,1779,1
1555,1780,1
1556,1781,1
1557,1782,1
1558,1784,1
1559,1785,1
1560,1786,1
1561,1787,1
1562,1788,1
1563,1789,1
1564,1790,3
1565,1791,1
1566,1793,1
1567,1794,1
1568,1795,2
1568,1796,1
1569,1797,1
1570,1798,1
1571,1799,1
1572,1800,1
1573,1801,1
1574,1802,1
1575,1803,1
1575,1804,1
1576,1805,1
1577,1806,1
1578,1807,1
1579,1808,1
1580,1809,2
1581,1810,2
1582,1811,1
1583,1812,1
1584,1813,1
1585,1814,1
1586,1815,1
1587,1816,1
1588,1817,1
1589,1818,1
1590,1819,1
1591,1820,1
1592,1821,1
1593,1822,1
1594,1823,1
1595,1824,1
1596,1825,1
1597,1826,1
1598,1828,1
1599,1829,1
1600,1830,3
1601,1831,1
1602,1832,1
1603,1833,1
1604,1834,1
1605,1835,1
1606,1836,1
1607,1837,2
1608,1838,2
1609,1839,1
1610,1840,1
1611,1841,1
1612,1842,1
1613,1843,2
1614,1844,1
1615,1845,2
1615,1846,1
1615,1847,1
1616,1848,1
1617,1849,1
1618,1850,1
1619,1851,1
1620,1852,1
1621,1853,1
1622,1854,1
1623,1855,1
1624,1856,1
1625,1857,1
1626,1858,1
1626,1859,1
1626,1860,1
1626,1861,1
1627,1862,1
1627,1863,1
1627,1864,1
1628,1865,1
1629,1866,1
1630,1867,1
1631,1868,1
1632,1869,1
1633,1870,1
1634,1871,2
1635,1872,1
1636,1873,1
1637,1874,1
1638,1875,2
1639,1876,2
1640,1877,1
1640,1878,2
1641,1879,1
1642,1880,1
1643,1881,1
1644,1883,1
1645,1884,1
1646,1885,1
1647,1886,1
1648,1887,2
1649,1888,1
1650,1889,1
1651,1890,1
1652,1891,1
1653,1892,1
1654,1893,1
1655,1894,1
1656,1895,1
1657,1896,1
1658,1897,1
1659,1898,1
1660,1899,1
1661,1900,1
1662,1901,1
1663,1902,1
1664,1903,1
1665,1904,1
1666,1905,2
1667,1906,1
1668,1907,2
1669,1908,1
1670,1909,1
1671,1910,1
1672,1911,1
1673,1912,1
1674,1913,1
1674,1914,1
1674,1915,1
1675,1916,1
1675,1917,1
1676,1918,1
1677,1919,2
1678,1920,1
1679,1921,1
1680,1922,1
1680,1923,2
1681,1924,1
1682,1925,1
1683,1926,1
1684,1927,1
1685,1928,1
1686,1930,1
1687,1931,1
1688,1932,1
1689,1933,1
1689,1934,1
1690,1935,1
1691,1936,1
1692,1937,1
1693,1939,2
1694,1940,2
1694,1941,1
1695,1942,1
1695,1943,1
1695,1944,1
1696,1945,1
1697,1946,1
1698,1947,1
1699,1948,1
1700,1951,1
1701,1952,1
1702,1953,1
1703,1954,2
1703,1955,1
1704,1956,1
1705,1957,1
1706,1958,1
1707,1959,2
1708,1960,1
1709,1961,1
1710,1962,1
1711,1963,1
1712,1964,1
1713,1965,1
1714,1966,1
1715,1967,1
1716,1968,1
1717,1969,1
1718,1970,1
1719,1971,1
1719,1972,2
1720,1973,1
1721,1974,1
1722,1976,1
1723,1979,1
1724,1981,1
1725,1982,1
1726,1983,1
1727,1984,1
1727,1985,2
1727,1986,1
1728,1988,1
1729,1989,1
1730,1990,1
1731,1991,1
1732,1992,1
1732,1993,1
1733,1995,1
1734,1996,1
1735,1997,1
1736,1998,1
1737,1999,3
1737,2000,1
1738,2001,1
1739,2002,1
1740,2003,1
1741,2004,1
1742,2005,1
1743,2006,1
1744,2007,1
1745,2008,1
1746,2009,2
1747,2010,1
1748,2011,2
1749,2012,1
1750,2013,1
1751,2014,1
1752,2015,2
1753,2016,1
1754,2017,1
1755,2018,3
1756,2019,1
1757,2021,2
1758,2022,1
1759,2023,1
1760,2024,1
1761,2025,1
1762,2026,1
1763,2027,1
1764,2028,1
1765,2029,2
1766,2030,1
1766,2031,3
1767,2032,1
1768,2035,1
1769,2037,1
1770,2038,1
1771,2039,1
1771,2040,1
1772,2041,1
1773,2042,1
1774,2043,1
1775,2044,1
1776,2045,1
1777,2046,2
1778,2047,1
1779,2048,1
1780,2049,1
1781,2050,1
1782,2051,1
1783,2052,2
1784,2053,2
1784,2054,1
1785,2055,1
1786,2056,1
1787,2057,1
1788,2058,1
1789,2059,1
1790,2060,1
1790,2062,1
1791,2061,1
1792,2063,1
1793,2064,1
1794,2065,1
1795,2066,1
1796,2067,1
1797,2068,1
1798,2069,1
1799,2070,1
1800,2071,1
1801,2072,1
1802,2074,1
1803,2075,1
1804,2076,1
1805,2077,1
1806,2078,1
1807,2079,1
1808,2080,1
1808,2081,1
1809,2082,2
1810,2083,2
1811,2084,2
1812,2085,1
1813,2086,2
1814,2087,2
1815,2088,1
1816,2089,1
1817,2090,1
1818,2091,1
1818,2092,1
1819,2093,1
1820,2094,1
1821,2098,1
1822,2099,1
1823,2100,2
1824,2102,1
1825,2103,1
1826,2104,1
1827,2106,1
1828,2107,1
1829,2108,1
1830,2109,1
1831,2110,3
1832,2111,1
1833,2112,1
1834,2113,1
1834,2114,1
1835,2115,1
1836,2116,1
1836,2117,3
1837,2118,1
1838,2119,1
1839,2120,1
1840,2121,1
1840,2122,1
1840,2123,1
1841,2124,2
1842,2125,1
1843,2126,1
1844,2127,1
1844,2128,1
1845,2129,1
1846,2130,1
1847,2131,1
1848,2132,1
1849,2133,1
1850,2134,1
1851,2135,1
1852,2136,1
1853,2137,1
1854,2138,1
1855,2139,1
1856,2140,1
1857,2141,1
1858,2142,1
1859,2143,1
1860,2144,1
1861,2145,1
1862,2146,1
1863,2147,2
1864,2148,1
1865,2149,1
1866,2150,1
1867,2152,1
1868,2153,1
1869,2154,1
1870,2155,2
1871,2156,1
1871,2157,1
1872,2158,1
1873,2159,1
1874,2160,2
1875,2164,1
1876,2165,1
1877,2166,1
1878,2167,1
1879,2168,1
1880,2169,1
1881,2170,1
1882,2171,1
1883,2172,2
1884,2173,1
1885,2174,1
1886,2175,1
1887,2176,1
1888,2177,1
1889,2178,1
1890,2179,2
1891,2180,1
1891,2181,1
1891,2182,2
1891,2183,2
1892,2184,1
1893,2185,2
1894,2186,1
1895,2187,1
1896,2188,2
1897,2189,1
1898,2190,1
1899,2191,1
1900,2192,1
1900,2193,1
1901,2194,1
1902,2195,1
1903,2196,1
1904,2197,1
1905,2198,1
1906,2199,1
1907,2200,1
1908,2201,1
1909,2203,1
1910,2204,1
1911,2205,2
1912,2206,1
1913,2207,1
1914,2208,1
1914,2209,1
1915,2210,1
1916,2211,2
1917,2212,1
1918,2213,2
1919,2215,1
1920,2216,1
1921,2217,1
1922,2218,2
1923,2219,1
1923,2220,1
1924,2221,1
1925,2222,1
1926,2223,2
1927,2224,1
1927,2225,1
1928,2226,1
1929,2227,1
1930,2228,1
1931,2229,1
1932,2230,1
1933,2231,2
1934,2232,1
1935,2233,1
1936,2234,1
1937,2235,1
1938,2236,1
1939,2237,1
1940,2238,3
1941,2239,1
1942,2240,1
1943,2241,1
1944,2242,1
1945,2243,1
1946,2244,1
1947,2245,1
1948,2246,1
1949,2247,1
1950,2248,2
1951,2249,2
1952,2250,2
1953,2251,1
1954,2252,1
1955,2254,1
1956,2255,1
1957,2256,1
1958,2257,1
1959,2258,2
1960,2259,1
1961,2260,1
1962,2261,1
1963,2262,1
1963,2263,2
1963,2264,1
1964,2265,1
1965,2266,1
1965,2267,1
1966,2269,1
1967,2270,1
1968,2272,1
1969,2273,1
1970,2274,1
1971,2275,1
1972,2276,1
1973,2277,1
1974,2279,1
1975,2280,3
1976,2281,1
1977,2282,1
1977,2283,1
1977,2284,3
1978,2285,3
1979,2286,1
1980,2287,1
1981,2288,1
1982,2289,1
1983,2290,1
1984,2291,1
1985,2292,2
1986,2293,2
1987,2294,1
1988,2295,2
1989,2296,1
1989,2297,1
1990,2298,1
1991,2299,1
1992,2300,1
1993,2301,1
1994,2302,1
1995,2303,1
1996,2304,1
1997,2305,1
1998,2306,1
1999,2307,1
1999,2309,1
2000,2308,1
2001,2310,1
2002,2311,2
2003,2312,1
2003,2313,1
2004,2314,1
2005,2315,1
2006,2316,1
2007,2317,1
2008,2318,1
2009,2319,1
2010,2320,1
2011,2321,1
2012,2322,1
2012,2323,1
2013,2324,1
2014,2325,2
2015,2326,1
2016,2327,1
2017,2329,2
2018,2330,2
2019,2331,1
2020,2332,1
2021,2333,1
2022,2335,1
2023,2336,1
2024,2337,1
2025,2338,1
2026,2339,1
2027,2340,1
2028,2341,1
2029,2342,1
2030,2343,1
2031,2344,1
2032,2347,1
2033,2348,2
2034,2349,1
2035,2350,1
2036,2351,1
2037,2352,1
2038,2353,1
2039,2354,1
2040,2358,2
2041,2359,2
2042,2360,1
2043,2361,1
2044,2362,1
2045,2363,1
2045,2364,2
2046,2365,1
2047,2366,1
2048,2367,1
2049,2368,1
2050,2369,1
2051,2371,1
2052,2372,1
2053,2373,1
2053,2374,2
2054,2375,2
2055,2376,1
2055,2377,1
2056,2380,1
2057,2381,1
2058,2382,1
2059,2383,1
2060,2384,1
2061,2385,1
2061,2386,1
2062,2387,1
2063,2388,1
2064,2389,1
2065,2390,1
2066,2391,1
2067,2392,1
2067,2394,1
2068,2393,1
2069,2395,1
2070,2396,1
2071,2397,1
2072,2399,2
2073,2400,1
2074,2401,1
2075,2402,2
2076,2403,1
2077,2404,1
2078,2405,1
2079,2406,1
2079,2407,1
2080,2408,1
2081,2409,1
2082,2410,1
2083,2411,1
2084,2412,1
2084,2413,1
2085,2414,2
2086,2415,1
2087,2416,1
2088,2417,1
2089,2418,1
2090,2420,1
2091,2421,1
2092,2422,1
2093,2423,3
2094,2424,1
2095,2425,1
2096,2426,1
2097,2428,1
2098,2429,2
2099,2430,1
2100,2431,1
2101,2432,1
2101,2433,1
2102,2434,1
2103,2435,3
2104,2436,1
2105,2437,2
2106,2438,1
2107,2439,1
2108,2442,1
2108,2443,1
2109,2444,2
2110,2445,1
2111,2446,1
2112,2447,2
2113,2448,1
2114,2451,1
2115,2452,1
2116,2453,1
2117,2454,1
2118,2458,3
2119,2459,1
2120,2460,1
2120,2461,1
2121,2462,1
2122,2463,1
2123,2464,1
2123,2465,1
2124,2466,2
2125,2467,1
2126,2468,2
2127,2470,1
2128,2471,1
2128,2472,2
2129,2473,1
2130,2474,1
2131,2475,2
2132,2476,1
2133,2477,1
2134,2478,1
2135,2479,1
2136,2480,1
2137,2481,1
2138,2482,1
2139,2483,1
2140,2484,2
2141,2485,1
2142,2486,1
2143,2487,1
2144,2488,1
2145,2489,2
2146,2490,2
2147,2491,1
2148,2492,1
2149,2493,1
2150,2494,1
2151,2495,1
2152,2496,1
2153,2497,1
2154,2498,1
2155,2499,1
2156,2500,1
2157,2501,1
2158,2502,3
2159,2503,1
2160,2504,1
2161,2505,1
2161,2506,1
2162,2507,2
2163,2508,1
2163,2509,1
2164,2510,1
2165,2511,1
2165,2512,3
2166,2513,1
2167,2514,1
2168,2515,1
2169,2516,1
2169,2517,1
2170,2518,1
2171,2519,2
2172,2521,1
2173,2523,2
2174,2524,1
2174,2525,1
2174,2526,1
2175,2527,1
2176,2528,1
2177,2529,1
2178,2532,1
2179,2533,1
2180,2534,1
2181,2535,1
2182,2536,1
2183,2538,1
2184,2539,1
2185,2540,1
2186,2541,1
2187,2543,1
2188,2544,3
2189,2545,1
2189,2546,2
2190,2547,1
2190,2548,1
2191,2549,1
2192,2550,1
2193,2551,3
2194,2552,1
2195,2554,2
2196,2555,1
2197,2556,1
2198,2557,1
2199,2558,2
2200,2559,1
2201,2560,1
2202,2562,1
2203,2563,1
2204,2564,1
2205,2565,1
2206,2566,1
2207,2567,1
2208,2568,3
2209,2569,1
2210,2570,1
2211,2571,2
2212,2572,1
2213,2573,1
2214,2574,1
2214,2575,1
2215,2576,1
2215,2577,2
2216,2578,1
2216,2579,1
2217,2580,1
2218,2581,1
2219,2582,2
2220,2583,1
2221,2585,1
2222,2587,1
2223,2588,1
2224,2589,1
2225,2590,1
2226,2591,1
2227,2592,1
2228,2593,1
2229,2594,1
2230,2595,1
2231,2596,1
2232,2597,1
2233,2598,1
2234,2599,1
2235,2600,3
2235,2601,1
2236,2602,1
2237,2603,1
2238,2604,1
2239,2605,1
2240,2606,1
2241,2607,1
2242,2608,2
2243,2609,2
2244,2610,1
2245,2611,1
2246,2612,1
2247,2613,1
2248,2614,1
2249,2615,1
2250,2616,1
2251,2617,1
2252,2618,1
2252,2619,2
2253,2620,1
2254,2621,1
2255,2622,1
2256,2623,2
2257,2624,1
2258,2625,1
2259,2626,1
2260,2627,1
2261,2628,1
2262,2630,1
2263,2631,2
2264,2632,1
2265,2633,1
2266,2635,2
2267,2636,1
2268,2638,1
2268,2639,2
2269,2640,1
2270,2641,1
2271,2642,3
2272,2643,1
2273,2644,1
2274,2645,1
2275,2646,1
2276,2647,1
2277,2648,1
2278,2649,1
2279,2650,1
2280,2651,1
2281,2652,1
2282,2653,1
2283,2654,1
2284,2657,1
2285,2658,1
2286,2659,1
2287,2660,1
2288,2661,1
2289,2662,1
2290,2663,1
2291,2664,1
2292,2665,1
2293,2666,1
2294,2668,1
2295,2669,1
2295,2670,1
2296,2671,1
2297,2672,1
2298,2673,1
2299,2674,2
2300,2675,1
2301,2676,1
2301,2677,1
2302,2678,1
2303,2679,1
2303,2680,1
2304,2681,1
2305,2682,1
2306,2683,1
2307,2684,1
2308,2685,1
2309,2686,1
2310,2687,2
2311,2688,1
2312,2689,1
2313,2690,1
2314,2691,1
2315,2692,1
2316,2695,1
2317,2696,1
2318,2698,1
2319,2699,1
2320,2700,1
2321,2701,1
2322,2702,1
2323,2703,2
2324,2704,1
2325,2705,2
2326,2707,1
2327,2708,1
2327,2709,1
2327,2710,1
2328,2711,1
2329,2712,1
2330,2713,1
2331,2714,2
2332,2715,3
2333,2716,1
2334,2717,1
2334,2718,3
2335,2719,1
2336,2720,1
2337,2721,1
2338,2722,2
2339,2723,1
2340,2724,1
2341,2725,1
2342,2726,1
2343,2727,2
2344,2728,1
2345,2729,1
2346,2730,1
2346,2731,1
2346,2732,1
2347,2733,2
2347,2734,1
2348,2735,1
2349,2736,2
2350,2737,2
2350,2738,1
2351,2739,1
2352,2740,1
2353,2741,1
2354,2742,1
2355,2743,1
2356,2744,1
2357,2745,1
2358,2746,2
2359,2747,1
2360,2748,1
2361,2749,1
2362,2750,1
2363,2751,1
2363,2752,1
2364,2753,1
2365,2754,1
2366,2755,2
2367,2756,1
2368,2758,1
2369,2759,1
2369,2760,1
2370,2761,1
2371,2762,1
2371,2763,1
2372,2764,1
2372,2765,1
2373,2766,1
2374,2767,1
2375,2768,2
2376,2769,1
2377,2770,1
2378,2771,1
2379,2772,1
2380,2774,2
2380,2775,1
2381,2776,1
2382,2777,1
2383,2778,1
2384,2779,1
2385,2780,1
2386,2781,1
2386,2782,1
2387,2783,1
2388,2784,1
2389,2785,1
2389,2786,1
2390,2787,1
2391,2788,1
2392,2789,3
2393,2790,1
2394,2791,1
2395,2792,1
2396,2793,1
2396,2794,2
2397,2795,1
2398,2796,1
2399,2797,1
2400,2798,2
2401,2799,1
2402,2800,1
2403,2801,1
2404,2802,1
2405,2803,1
2406,2804,1
2407,2805,1
2408,2806,1
2409,2807,1
2409,2808,1
2410,2809,1
2411,2810,1
2411,2811,1
2412,2812,1
2413,2813,1
2414,2814,1
2415,2815,1
2416,2816,1
2417,2817,2
2418,2818,1
2419,2819,1
2420,2820,1
2421,2821,1
2422,2822,1
2423,2823,3
2424,2825,1
2424,2826,1
2425,2827,1
2426,2828,1
2427,2829,1
2428,2830,1
2429,2831,1
2430,2832,1
2431,2833,1
2432,2834,1
2433,2836,1
2434,2837,1
2435,2839,1
2436,2840,1
2437,2841,1
2438,2842,2
2439,2843,2
2440,2844,1
2441,2845,1
2442,2846,1
2443,2847,2
2444,2848,1
2445,2849,1
2446,2850,2
2447,2851,1
2448,2852,1
2449,2853,2
2449,2854,2
2450,2855,1
2451,2856,1
2452,2857,2
2453,2858,1
2454,2859,1
2455,2860,1
2456,2861,1
2457,2862,1
2457,2863,1
2457,2864,3
2458,2865,1
2459,2866,1
2460,2867,1
2461,2868,1
2461,2869,1
2462,2870,1
2463,2871,1
2464,2872,1
2465,2874,1
2466,2875,1
2467,2876,2
2468,2877,1
2469,2878,1
2470,2879,1
2471,2880,1
2472,2881,1
2473,2882,1
2474,2883,2
2475,2884,1
2476,2885,1
2477,2886,1
2478,2890,1
2479,2891,1
2480,2892,1
2481,2893,1
2482,2894,1
2483,2895,1
2484,2896,1
2484,2897,2
2485,2898,1
2486,2899,1
2487,2900,1
2488,2901,1
2489,2902,1
2490,2903,1
2491,2905,1
2492,2906,1
2493,2907,1
2494,2908,1
2495,2909,1
2496,2910,1
2497,2911,1
2498,2912,1
2499,2913,1
2500,2914,1
2501,2915,1
2502,2916,1
2503,2917,1
2504,2918,1
2505,2919,1
2506,2920,1
2506,2921,1
2507,2922,2
2508,2923,1
2509,2924,1
2510,2925,1
2511,2926,1
2512,2927,1
2513,2928,1
2514,2929,1
2515,2930,1
2516,2931,1
2517,2932,1
2518,2933,1
2519,2934,1
2520,2935,2
2521,2936,1
2522,2937,1
2523,2938,1
2524,2939,1
2525,2940,1
2526,2941,3
2526,2942,1
2527,2943,1
2528,2944,1
2529,2945,1
2530,2946,2
2531,2947,2
2532,2948,1
2532,2949,1
2533,2952,1
2534,2953,1
2535,2954,2
2536,2955,1
2537,2956,1
2538,2957,1
2539,2959,1
2540,2960,1
2541,2961,1
2542,2962,1
2543,2963,1
2543,2964,1
2544,2965,1
2544,2966,3
2545,2967,1
2546,2968,1
2547,2969,1
2548,2970,1
2549,2971,1
2550,2972,1
2551,2973,1
2552,2974,1
2553,2975,1
2554,2976,1
2555,2977,1
2556,2978,2
2557,2979,1
2558,2980,1
2559,2981,1
2560,2982,1
2561,2983,1
2562,2984,1
2563,2985,1
2564,2986,2
2565,2987,1
2566,2988,1
2567,2989,1
2567,2990,1
2567,2991,1
2567,2992,1
2568,2993,1
2569,2994,1
2570,2995,1
2571,2996,1
2572,2998,1
2572,2999,1
2573,3000,1
2574,3001,1
2574,3002,1
2575,3004,1
2576,3005,1
2577,3006,1
2578,3007,1
2578,3008,1
2579,3009,1
2580,3010,1
2581,3011,1
2582,3012,1
2582,3013,1
2582,3014,1
2583,3015,1
2584,3016,1
2585,3017,1
2586,3018,1
2587,3019,2
2588,3020,3
2589,3021,1
2590,3022,1
2591,3023,1
2592,3024,1
2593,3025,1
2594,3026,1
2594,3027,1
2595,3028,1
2596,3029,1
2597,3030,1
2597,3031,1
2597,3032,1
2598,3033,1
2599,3034,1
2600,3035,1
2601,3036,1
2602,3037,1
2603,3038,1
2604,3039,1
2605,3040,1
2606,3041,1
2607,3042,1
2608,3043,2
2608,3044,1
2608,3045,2
2609,3047,1
2610,3048,1
2611,3049,2
2612,3050,2
2613,3052,1
2614,3053,2
2615,3055,1
2616,3056,1
2617,3057,1
2618,3058,1
2619,3059,1
2620,3060,1
2621,3061,1
2622,3062,2
2623,3063,1
2623,3064,1
2624,3065,3
2624,3066,1
2625,3067,1
2626,3068,1
2626,3069,1
2627,3070,1
2628,3071,1
2629,3072,2
2630,3073,1
2631,3074,1
2632,3075,2
2633,3076,1
2634,3077,1
2635,3078,1
2636,3079,1
2637,3080,1
2638,3081,1
2639,3082,1
2640,3083,1
2641,3084,2
2642,3085,1
2643,3086,1
2644,3087,1
2645,3088,1
2646,3089,1
2647,3090,2
2648,3091,1
2649,3092,1
2650,3093,1
2651,3094,2
2651,3095,1
2652,3096,1
2652,3097,1
2653,3098,1
2654,3099,1
2655,3100,1
2656,3101,1
2657,3103,2
2658,3104,3
2659,3105,1
2660,3106,1
2660,3107,1
2660,3108,1
2661,3109,1
2662,3110,1
2663,3111,1
2664,3112,1
2665,3113,1
2666,3114,1
2667,3115,1
2668,3116,1
2668,3117,1
2669,3118,1
2670,3119,1
2671,3120,1
2672,3121,1
2673,3122,1
2674,3123,1
2675,3124,1
2676,3125,1
2677,3126,1
2678,3127,1
2679,3128,1
2680,3129,1
2681,3130,1
2681,3131,2
2682,3132,1
2683,3133,1
2684,3134,1
2685,3135,2
2686,3136,1
2687,3137,1
2687,3138,1
2688,3139,1
2689,3140,1
2690,3141,1
2691,3142,2
2692,3143,1
2693,3144,1
2694,3145,1
2695,3146,1
2696,3147,2
2697,3148,1
2698,3149,2
2699,3150,1
2700,3151,2
2701,3152,1
2702,3153,1
2703,3154,1
2704,3155,1
2705,3156,2
2706,3157,1
2707,3158,1
2708,3159,2
2709,3160,1
2710,3161,1
2711,3162,3
2712,3163,1
2713,3164,1
2714,3165,3
2715,3166,1
2716,3167,1
2717,3168,1
2718,3169,1
2719,3170,1
2720,3171,1
2721,3172,1
2722,3173,2
2723,3174,1
2724,3175,1
2725,3176,1
2726,3177,1
2726,3178,2
2726,3179,1
2727,3180,1
2728,3181,1
2728,3182,1
2729,3183,1
2730,3184,1
2731,3185,1
2732,3186,2
2733,3187,1
2734,3188,2
2735,3189,1
2736,3190,1
2737,3191,2
2738,3192,1
2739,3193,1
2740,3194,1
2741,3196,1
2742,3197,1
2743,3198,1
2744,3199,1
2745,3200,1
2746,3201,1
2747,3202,3
2748,3203,1
2749,3204,1
2749,3205,1
2750,3206,1
2751,3207,1
2752,3208,1
2753,3209,1
2754,3210,1
2755,3211,1
2756,3213,1
2757,3214,1
2758,3215,1
2759,3217,1
2760,3218,1
2761,3219,1
2762,3220,1
2763,3221,1
2764,3222,2
2765,3223,1
2766,3225,3
2766,3226,2
2767,3227,1
2768,3228,1
2768,3229,1
2769,3230,1
2769,3231,1
2770,3232,1
2770,3233,1
2771,3234,1
2772,3235,1
2773,3236,1
2774,3237,1
2774,3238,1
2775,3239,2
2776,3240,1
2777,3241,1
2778,3242,1
2779,3243,1
2780,3244,1
2781,3245,1
2782,3246,1
2783,3247,1
2784,3248,1
2784,3249,2
2785,3250,1
2786,3251,1
2787,3252,1
2788,3253,2
2789,3254,2
2790,3255,1
2791,3256,1
2792,3257,1
2793,3258,1
2794,3259,1
2795,3260,1
2796,3261,1
2797,3262,1
2798,3263,1
2799,3264,2
2800,3265,1
2800,3266,1
2801,3267,2
2802,3268,1
2803,3269,1
2804,3270,1
2805,3271,1
2806,3272,1
2807,3273,1
2808,3274,1
2809,3275,1
2810,3277,1
2810,3278,1
2811,3280,1
2811,3281,1
2811,3282,1
2812,3283,1
2813,3284,1
2814,3285,1
2815,3286,2
2816,3287,1
2817,3288,1
2818,3289,1
2818,3290,2
2818,3291,1
2819,3292,2
2820,3293,1
2821,3294,1
2821,3295,1
2822,3296,1
2823,3297,1
2824,3298,1
2825,3299,1
2826,3300,2
2827,3301,2
2828,3302,1
2829,3303,1
2830,3304,1
2831,3305,1
2832,3307,1
2833,3308,1
2834,3309,1
2835,3310,1
2836,3311,1
2837,3312,1
2838,3313,2
2839,3314,1
2840,3315,2
2841,3316,1
2842,3317,1
2843,3318,1
2844,3319,1
2845,3320,1
2846,3322,1
2847,3323,2
2848,3324,1
2849,3326,1
2850,3328,1
2851,3329,1
2852,3330,1
2853,3331,1
2854,3332,2
2855,3333,1
2856,3334,1
2857,3335,1
2858,3336,1
2859,3337,2
2860,3338,1
2861,3339,1
2862,3341,1
2863,3342,1
2864,3343,1
2864,3344,1
2865,3345,1
2866,3346,1
2867,3347,1
2868,3348,1
2868,3349,1
2869,3350,2
2870,3351,2
2871,3352,1
2872,3353,3
2873,3354,1
2874,3355,2
2875,3356,1
2876,3357,1
2877,3358,1
2878,3359,1
2879,3360,1
2880,3361,1
2881,3363,1
2881,3364,1
2882,3365,1
2883,3366,1
2884,3367,1
2885,3368,1
2886,3369,1
2887,3370,1
2888,3371,1
2889,3372,2
2890,3373,1
2891,3374,1
2892,3375,1
2893,3376,1
2894,3377,1
2895,3378,1
2896,3379,1
2897,3380,1
2898,3381,1
2899,3382,1
2900,3383,1
2901,3384,1
2901,3385,1
2902,3386,1
2903,3389,1
2904,3390,2
2904,3391,1
2905,3392,1
2906,3393,1
2907,3394,1
2907,3395,1
2908,3396,1
2909,3397,1
2910,3398,1
2911,3399,1
2912,3401,1
2913,3402,1
2914,3403,1
2915,3404,2
2916,3405,1
2917,3408,1
2918,3409,1
2918,3410,1
2919,3411,3
2920,3412,1
2921,3413,1
2922,3416,1
2923,3417,1
2924,3418,1
2925,3420,1
2926,3421,1
2927,3422,1
2928,3423,1
2929,3424,1
2930,3425,1
2931,3426,1
2931,3427,1
2932,3428,1
2933,3429,1
2933,3430,1
2933,3431,1
2934,3432,1
2935,3433,1
2936,3434,3
2937,3435,1
2938,3436,1
2939,3438,1
2940,3439,1
2941,3440,1
2942,3441,2
2943,3442,1
2944,3443,1
2945,3444,1
2946,3445,1
2947,3446,1
2947,3447,1
2948,3448,2
2948,3449,1
2949,3450,1
2950,3451,1
2951,3452,1
2952,3453,2
2953,3454,3
2954,3455,1
2955,3456,1
2955,3457,2
2955,3458,1
2956,3459,1
2957,3460,1
2958,3461,1
2959,3462,1
2960,3463,1
2961,3464,2
2962,3465,1
2963,3466,1
2964,3467,1
2965,3468,1
2966,3469,1
2967,3470,1
2968,3471,1
2968,3472,1
2969,3473,1
2969,3474,2
2970,3475,1
2971,3476,1
2972,3477,1
2972,3478,1
2973,3479,2
2974,3480,1
2975,3481,2
2976,3482,2
2976,3483,1
2977,3484,1
2978,3485,1
2979,3486,1
2980,3487,1
2981,3488,1
2981,3489,2
2982,3490,1
2983,3491,1
2984,3492,2
2985,3493,1
2986,3494,1
2987,3495,3
2988,3496,1
2989,3499,1
2990,3500,1
2990,3501,1
2991,3502,1
2992,3503,1
2993,3504,1
2994,3505,1
2995,3506,3
2996,3507,1
2997,3508,2
2997,3509,1
2997,3510,3
2998,3511,1
2998,3512,1
2999,3513,1
3000,3514,1
3000,3515,1
3001,3517,1
3002,3518,1
3003,3519,1
3004,3520,1
3005,3521,1
3005,3522,1
3006,3523,1
3007,3524,1
3008,3525,1
3009,3526,1
3010,3527,1
3011,3528,2
3012,3529,1
3012,3530,2
3012,3531,1
3013,3532,1
3013,3533,3
3013,3534,1
3014,3535,1
3015,3536,1
3016,3537,1
3017,3538,1
3018,3539,1
3019,3540,1
3020,3541,1
3021,3542,1
3022,3543,1
3023,3544,1
3024,3545,1
3025,3546,1
3025,3548,1
3026,3547,2
3027,3549,1
3028,3550,1
3029,3551,1
3030,3552,1
3031,3553,1
3032,3554,1
3033,3555,1
3034,3556,1
3035,3557,1
3036,3558,1
3037,3559,1
3038,3560,1
3039,3561,1
3040,3562,1
3041,3563,1
3042,3564,1
3043,3565,2
3043,3566,1
3044,3567,1
3045,3568,1
3046,3569,2
3047,3570,2
3048,3571,2
3049,3572,1
3050,3573,1
3051,3574,1
3052,3575,1
3053,3576,1
3054,3577,1
3055,3578,1
3056,3579,1
3057,3580,3
3058,3581,2
3059,3582,1
3059,3583,1
3060,3584,1
3061,3585,1
3062,3586,1
3063,3587,1
3064,3588,1
3065,3589,1
3066,3590,1
3066,3591,1
3067,3592,1
3068,3593,1
3069,3594,1
3070,3595,1
3070,3596,2
3071,3597,1
3072,3598,2
3072,3599,1
3073,3600,1
3074,3601,1
3075,3602,1
3076,3603,1
3077,3604,1
3078,3605,1
3079,3606,1
3080,3607,1
3081,3609,1
3082,3610,2
3083,3611,1
3084,3612,2
3085,3613,2
3086,3614,1
3087,3615,1
3087,3616,1
3088,3617,2
3089,3620,1
3090,3621,1
3091,3622,1
3092,3623,1
3093,3624,1
3094,3625,1
3094,3626,1
3094,3627,1
3095,3628,3
3096,3629,1
3097,3630,2
3098,3631,1
3099,3632,1
3100,3633,1
3101,3634,1
3102,3635,1
3103,3636,3
3104,3637,1
3105,3638,1
3106,3642,1
3107,3643,2
3108,3644,1
3109,3645,1
3109,3646,1
3110,3647,1
3111,3648,3
3112,3649,1
3113,3650,1
3114,3652,1
3115,3653,1
3116,3654,2
3117,3655,2
3118,3656,1
3119,3657,1
3120,3658,1
3121,3659,1
3122,3661,1
3123,3662,1
3124,3663,1
3124,3664,1
3125,3665,1
3126,3667,1
3127,3668,1
3128,3669,2
3129,3670,1
3130,3671,1
3131,3672,1
3132,3673,1
3133,3674,1
3134,3675,1
3135,3676,1
3136,3677,1
3137,3678,1
3138,3679,1
3139,3680,1
3140,3681,1
3141,3682,3
3142,3683,1
3143,3684,1
3144,3685,1
3145,3686,1
3146,3687,1
3147,3688,1
3148,3689,1
3149,3690,1
3150,3691,1
3151,3692,1
3152,3693,1
3153,3694,1
3154,3695,1
3155,3696,1
3156,3697,2
3157,3698,1
3158,3699,1
3159,3700,1
3160,3701,1
3161,3702,1
3162,3703,2
3163,3705,1
3164,3706,1
3165,3707,1
3166,3708,1
3167,3710,1
3168,3711,1
3169,3712,1
3170,3713,1
3171,3714,1
3172,3715,2
3173,3716,1
3174,3718,1
3175,3719,3
3176,3720,2
3177,3721,1
3178,3722,2
3179,3723,1
3180,3724,1
3181,3725,1
3182,3726,1
3183,3727,1
3184,3728,1
3185,3729,1
3186,3730,1
3187,3733,1
3188,3734,1
3188,3735,1
3189,3736,1
3190,3737,1
3190,3738,1
3190,3739,1
3191,3740,1
3192,3741,1
3193,3742,1
3194,3744,1
3194,3745,1
3195,3746,1
3195,3747,1
3196,3748,1
3197,3749,1
3198,3751,1
3199,3752,1
3200,3754,1
3200,3755,1
3201,3756,1
3202,3757,1
3203,3758,1
3204,3759,1
3205,3760,1
3206,3761,1
3207,3762,1
3208,3763,1
3208,3764,3
3209,3765,1
3210,3766,1
3211,3768,1
3212,3769,1
3213,3770,1
3214,3771,2
3215,3772,2
3216,3774,1
3217,3775,1
3218,3776,1
3219,3777,2
3220,3778,2
3220,3779,1
3221,3780,1
3222,3781,1
3223,3782,3
3224,3783,2
3225,3784,1
3226,3785,1
3227,3786,1
3228,3787,1
3229,3788,1
3230,3789,2
3231,3790,1
3232,3791,1
3233,3792,1
3234,3793,1
3235,3794,1
3236,3795,1
3237,3796,1
3238,3797,1
3238,3798,1
3239,3799,1
3239,3800,1
3240,3801,3
3241,3802,1
3242,3803,1
3242,3804,1
3242,3805,1
3243,3806,1
3244,3807,1
3245,3808,1
3246,3809,1
3247,3810,1
3248,3811,1
3249,3812,1
3250,3813,1
3251,3814,1
3252,3815,1
3253,3816,1
3254,3818,1
3255,3819,2
3256,3820,1
3257,3821,1
3257,3822,1
3258,3823,1
3259,3824,1
3260,3825,1
3260,3826,1
3261,3827,2
3262,3828,1
3263,3829,1
3264,3830,2
3265,3831,1
3266,3832,1
3267,3833,1
3268,3834,1
3269,3835,1
3270,3836,2
3271,3837,1
3272,3838,3
3273,3839,1
3273,3840,1
3274,3841,1
3275,3842,1
3276,3843,2
3277,3844,1
3278,3845,1
3278,3846,2
3279,3847,1
3280,3848,2
3281,3849,1
3282,3850,1
3283,3851,2
3284,3852,1
3285,3853,1
3286,3854,1
3287,3855,1
3288,3856,1
3289,3857,2
3290,3858,1
3291,3859,1
3292,3860,1
3293,3861,1
3294,3862,1
3295,3863,1
3296,3864,1
3297,3865,1
3298,3866,1
3299,3869,1
3300,3870,1
3301,3871,1
3302,3872,1
3303,3873,3
3304,3874,1
3305,3875,1
3306,3876,1
3307,3877,1
3307,3878,1
3308,3879,1
3309,3880,1
3310,3881,1
3311,3882,1
3312,3883,1
3312,3884,1
3312,3885,1
3313,3886,1
3314,3887,1
3314,3888,1
3314,3889,1
3315,3890,2
3316,3891,2
3317,3892,1
3318,3893,1
3319,3894,2
3319,3895,1
3320,3896,1
3321,3897,1
3322,3898,1
3323,3899,1
3324,3900,1
3324,3901,1
3325,3902,1
3326,3903,1
3327,3904,1
3327,3905,2
3328,3906,1
3329,3907,1
3330,3908,1
3331,3909,1
3332,3910,1
3332,3911,1
3332,3912,1
3333,3913,2
3334,3914,1
3335,3915,1
3336,3916,1
3337,3917,3
3337,3918,1
3338,3919,1
3339,3921,2
3340,3922,1
3341,3923,1
3342,3924,1
3343,3925,2
3344,3926,2
3345,3927,1
3346,3928,1
3346,3929,1
3347,3930,1
3348,3931,1
3349,3932,1
3350,3934,1
3351,3935,1
3352,3937,1
3353,3938,1
3354,3939,1
3355,3940,1
3356,3941,1
3357,3942,1
3358,3943,1
3359,3944,1
3359,3945,1
3359,3946,1
3360,3947,1
3361,3948,1
3362,3949,1
3362,3950,1
3363,3951,1
3364,3952,1
3365,3953,1
3366,3954,1
3367,3955,1
3367,3956,1
3368,3957,1
3368,3958,1
3368,3959,1
3369,3960,1
3369,3961,1
3370,3962,2
3371,3963,2
3372,3964,1
3372,3965,1
3373,3966,1
3374,3967,1
3374,3968,1
3375,3969,1
3376,3970,1
3377,3971,1
3378,3972,1
3379,3973,1
3380,3974,1
3381,3975,1
3382,3977,2
3383,3979,1
3384,3980,1
3385,3981,1
3386,3982,1
3387,3983,1
3388,3984,1
3389,3985,2
3390,3986,1
3390,3987,1
3391,3988,2
3392,3989,2
3393,3990,1
3394,3991,1
3395,3992,1
3396,3993,2
3397,3994,1
3398,3995,1
3399,3996,1
3400,3997,1
3401,3999,1
3402,4000,1
3403,4001,1
3403,4002,1
3403,4003,2
3404,4004,1
3405,4005,2
3406,4006,1
3407,4007,1
3408,4008,3
3409,4009,1
3410,4010,1
3410,4011,1
3411,4012,2
3412,4013,1
3413,4014,1
3414,4015,2
3415,4016,2
3415,4017,1
3416,4018,2
3417,4019,1
3418,4020,1
3419,4021,1
3420,4022,1
3421,4023,1
3421,4024,1
3422,4025,1
3423,4026,1
3424,4027,1
3425,4028,1
3426,4029,3
3427,4030,1
3428,4031,2
3429,4032,1
3430,4033,1
3431,4034,1
3432,4035,1
3433,4036,1
3434,4037,1
3435,4038,1
3436,4039,1
3436,4040,1
3437,4041,2
3438,4042,1
3439,4043,1
3440,4044,1
3441,4045,1
3442,4046,1
3443,4047,1
3444,4048,1
3445,4049,1
3446,4050,1
3447,4051,1
3448,4052,3
3449,4053,1
3450,4054,1
3451,4055,2
3452,4057,1
3453,4058,3
3454,4059,1
3455,4060,1
3456,4061,1
3457,4062,1
3458,4063,1
3459,4064,1
3460,4065,2
3461,4066,1
3462,4067,1
3463,4068,1
3464,4069,1
3465,4070,1
3466,4071,1
3467,4072,1
3467,4073,1
3468,4074,2
3469,4075,1
3470,4076,1
3471,4077,1
3472,4078,1
3473,4079,1
3474,4080,2
3475,4081,1
3476,4082,1
3477,4083,1
3478,4084,1
3479,4086,1
3480,4087,1
3481,4088,1
3482,4089,1
3483,4090,1
3484,4091,1
3485,4092,1
3486,4093,1
3487,4094,1
3488,4095,1
3489,4098,1
3490,4099,1
3491,4100,1
3492,4101,1
3492,4102,1
3493,4103,1
3494,4104,1
3495,4105,1
3496,4106,1
3497,4107,1
3498,4108,2
3499,4109,1
3500,4110,2
3501,4111,1
3502,4112,1
3503,4113,2
3504,4114,3
3505,4115,1
3506,4116,2
3507,4117,1
3508,4118,1
3509,4119,2
3510,4120,1
3511,4123,1
3512,4124,1
3513,4125,1
3514,4126,1
3515,4128,3
3516,4129,1
3517,4130,1
3518,4131,1
3519,4132,1
3520,4133,1
3520,4134,2
3521,4135,2
3522,4136,1
3522,4137,1
3523,4138,1
3524,4139,1
3525,4141,1
3526,4142,1
3527,4143,1
3528,4146,1
3529,4147,1
3530,4148,1
3531,4149,1
3532,4150,1
3533,4151,1
3534,4152,1
3535,4153,1
3536,4154,1
3536,4155,1
3537,4156,1
3538,4157,1
3539,4158,1
3540,4159,1
3541,4160,2
3542,4163,1
3542,4164,1
3543,4165,1
3544,4166,1
3545,4167,2
3546,4168,3
3547,4169,1
3547,4170,1
3548,4171,1
3549,4172,1
3550,4173,1
3551,4174,1
3552,4175,2
3553,4176,1
3554,4177,1
3554,4178,1
3555,4179,1
3556,4180,1
3557,4181,1
3558,4182,1
3559,4184,1
3560,4185,1
3561,4187,1
3562,4188,1
3562,4189,1
3563,4190,1
3564,4191,1
3565,4192,1
3566,4193,1
3566,4194,1
3567,4195,2
3568,4196,1
3569,4197,1
3569,4198,1
3570,4199,1
3571,4200,1
3572,4201,2
3573,4202,2
3574,4203,2
3575,4204,2
3576,4205,1
3577,4206,1
3578,4207,1
3579,4208,1
3580,4210,1
3581,4211,1
3582,4212,3
3582,4213,1
3583,4214,1
3584,4215,1
3585,4216,1
3586,4217,1
3587,4218,1
3588,4219,1
3589,4220,1
3590,4221,1
3591,4222,1
3591,4225,2
3592,4223,1
3592,4224,1
3593,4226,1
3593,4227,1
3594,4228,1
3595,4229,1
3596,4230,2
3597,4231,1
3598,4232,1
3599,4233,1
3600,4234,1
3601,4236,1
3601,4237,2
3602,4238,1
3603,4239,1
3603,4240,1
3604,4241,1
3604,4242,1
3604,4243,1
3605,4245,1
3606,4246,1
3606,4247,1
3606,4248,1
3606,4249,1
3607,4250,1
3608,4251,1
3609,4252,1
3610,4253,1
3611,4254,1
3612,4255,1
3613,4256,2
3613,4257,1
3614,4258,1
3615,4259,1
3616,4260,1
3617,4261,2
3618,4262,1
3619,4263,2
3620,4264,1
3620,4265,1
3621,4266,1
3622,4267,3
3623,4268,1
3624,4269,2
3625,4270,1
3626,4271,1
3627,4272,1
3628,4273,1
3629,4274,1
3630,4275,1
3631,4276,1
3632,4277,1
3633,4278,1
3634,4279,1
3635,4280,1
3636,4281,2
3637,4284,1
3638,4285,2
3639,4286,1
3640,4287,1
3641,4288,2
3642,4289,2
3643,4290,1
3644,4291,1
3645,4292,1
3645,4293,1
3646,4294,1
3647,4295,1
3648,4296,1
3649,4298,1
3650,4299,1
3651,4300,1
3652,4301,1
3653,4302,1
3654,4303,1
3655,4307,1
3656,4308,1
3657,4309,1
3658,4310,1
3659,4311,1
3660,4312,1
3661,4314,1
3662,4315,1
3663,4316,1
3664,4317,1
3665,4318,1
3666,4319,1
3667,4320,1
3668,4321,1
3668,4322,2
3669,4323,1
3670,4324,1
3670,4325,1
3670,4326,2
3671,4327,1
3672,4328,1
3673,4329,1
3674,4330,1
3675,4331,1
3676,4332,1
3677,4333,1
3678,4334,1
3679,4336,1
3680,4337,1
3681,4338,1
3682,4339,1
3683,4340,1
3684,4341,3
3685,4343,1
3686,4344,1
3687,4345,1
3688,4346,1
3688,4347,1
3688,4348,1
3689,4349,2
3690,4350,2
3690,4351,1
3691,4352,1
3692,4353,1
3693,4354,1
3694,4355,1
3694,4356,1
3695,4357,1
3696,4358,1
3697,4359,1
3698,4360,1
3699,4361,1
3700,4362,1
3701,4363,1
3702,4364,1
3703,4366,1
3703,4367,1
3704,4368,1
3705,4370,1
3706,4371,1
3707,4372,1
3708,4373,1
3709,4374,1
3710,4375,1
3710,4376,1
3710,4377,1
3711,4378,3
3712,4381,3
3712,4382,1
3713,4383,1
3714,4384,1
3715,4385,1
3716,4386,1
3717,4387,1
3718,4388,1
3719,4389,1
3720,4390,1
3720,4391,1
3721,4392,1
3722,4393,1
3723,4394,1
3724,4395,1
3724,4396,1
3725,4397,2
3726,4398,1
3727,4399,1
3728,4400,1
3729,4401,1
3730,4402,1
3731,4403,1
3732,4404,1
3733,4405,1
3734,4406,1
3735,4407,1
3736,4408,1
3737,4409,1
3738,4410,2
3739,4411,2
3739,4412,1
3740,4413,1
3741,4414,1
3742,4415,1
3743,4417,1
3744,4418,1
3744,4419,2
3745,4420,1
3746,4421,1
3747,4422,1
3747,4423,1
3748,4424,1
3749,4425,1
3750,4426,1
3751,4427,1
3752,4428,1
3753,4429,1
3754,4430,1
3754,4431,1
3755,4433,1
3756,4434,1
3756,4435,1
3757,4436,1
3758,4437,1
3759,4438,1
3760,4439,1
3760,4440,2
3760,4441,1
3761,4442,1
3762,4443,2
3763,4444,1
3764,4445,1
3765,4446,2
3766,4447,1
3767,4448,1
3768,4449,1
3769,4450,1
3770,4451,1
3771,4452,1
3772,4453,1
3773,4454,1
3773,4455,1
3774,4456,1
3775,4457,1
3776,4458,2
3777,4459,1
3778,4460,1
3779,4461,1
3780,4462,1
3781,4463,1
3782,4464,1
3782,4465,1
3783,4466,1
3783,4467,3
3784,4468,1
3785,4469,2
3786,4470,1
3787,4471,1
3788,4472,1
3788,4473,2
3789,4474,1
3790,4475,1
3791,4476,3
3792,4477,1
3793,4478,1
3794,4479,1
3795,4480,2
3796,4482,1
3797,4483,1
3798,4484,1
3799,4485,1
3800,4486,1
3801,4487,1
3802,4488,1
3803,4489,1
3804,4490,1
3804,4491,1
3805,4492,1
3805,4493,1
3806,4494,1
3807,4495,1
3808,4496,1
3809,4497,1
3810,4498,1
3811,4499,3
3812,4500,1
3813,4501,1
3813,4502,1
3814,4503,1
3814,4504,1
3815,4505,1
3816,4507,1
3817,4508,2
3818,4514,1
3819,4515,1
3820,4516,1
3821,4517,1
3822,4518,1
3822,4519,1
3823,4520,1
3824,4521,1
3824,4522,1
3825,4523,1
3826,4525,1
3827,4526,2
3828,4527,1
3829,4528,1
3830,4529,1
3831,4532,1
3831,4533,1
3831,4534,1
3832,4535,1
3833,4536,1
3834,4537,1
3835,4538,2
3836,4539,1
3837,4540,2
3838,4541,1
3839,4542,1
3839,4543,1
3840,4544,1
3841,4545,1
3842,4546,1
3842,4547,2
3843,4548,1
3844,4549,2
3845,4550,1
3846,4551,1
3847,4552,3
3848,4553,1
3849,4554,1
3850,4555,1
3851,4556,2
3852,4557,1
3852,4558,1
3852,4559,3
3853,4560,1
3854,4561,1
3855,4562,1
3856,4563,2
3857,4564,1
3858,4565,1
3859,4566,1
3859,4567,1
3860,4568,3
3861,4570,1
3861,4571,1
3862,4572,1
3863,4573,1
3864,4575,1
3864,4576,1
3865,4577,1
3866,4578,1
3867,4579,1
3868,4581,2
3869,4582,1
3870,4583,2
3871,4584,1
3872,4585,1
3873,4586,1
3874,4587,1
3875,4588,1
3876,4589,2
3877,4590,1
3878,4591,1
3879,4592,1
3879,4593,1
3880,4594,1
3881,4595,1
3882,4596,1
3883,4597,2
3884,4598,1
3884,4599,1
3885,4600,1
3886,4601,2
3887,4602,1
3888,4603,1
3888,4604,1
3889,4605,1
3889,4607,1
3889,4609,1
3890,4606,2
3890,4608,1
3891,4610,1
3892,4611,1
3893,4612,1
3894,4613,1
3895,4615,1
3896,4617,1
3897,4618,1
3898,4619,1
3899,4620,1
3899,4621,1
3900,4622,1
3901,4623,2
3902,4624,1
3902,4625,1
3902,4626,1
3903,4627,1
3904,4628,1
3905,4629,1
3906,4630,2
3907,4631,1
3908,4632,1
3909,4633,1
3909,4634,1
3909,4635,3
3909,4636,1
3910,4637,1
3910,4638,1
3911,4639,1
3912,4640,2
3913,4641,1
3914,4642,1
3915,4643,1
3916,4644,1
3917,4648,1
3918,4649,1
3919,4650,1
3920,4651,1
3921,4652,1
3922,4653,1
3923,4654,1
3924,4656,1
3925,4657,1
3925,4658,1
3926,4659,1
3926,4660,1
3927,4661,1
3928,4662,1
3929,4663,1
3930,4664,1
3931,4665,1
3932,4666,1
3933,4667,1
3934,4668,2
3935,4669,1
3936,4670,1
3936,4671,1
3937,4672,1
3938,4674,1
3939,4675,1
3940,4676,1
3941,4677,1
3942,4678,1
3943,4679,1
3944,4680,1
3944,4681,1
3944,4682,1
3945,4684,1
3946,4685,1
3947,4687,1
3948,4688,1
3949,4689,2
3950,4690,1
3951,4691,1
3952,4692,1
3953,4693,1
3954,4694,2
3955,4695,1
3956,4696,1
3957,4697,1
3958,4699,1
3959,4700,2
3959,4701,1
3960,4702,1
3961,4703,1
3962,4704,1
3963,4705,1
3964,4706,1
3965,4707,1
3966,4709,1
3967,4710,1
3968,4711,1
3969,4712,1
3969,4713,1
3969,4714,1
3970,4715,1
3971,4716,1
3972,4717,1
3973,4718,1
3974,4719,1
3975,4720,1
3976,4721,1
3977,4722,1
3978,4723,1
3979,4724,1
3980,4725,1
3981,4726,1
3981,4727,1
3982,4728,1
3982,4729,1
3983,4730,1
3983,4731,1
3984,4732,1
3985,4733,1
3986,4734,1
3987,4735,1
3988,4736,1
3989,4737,1
3990,4738,1
3991,4739,1
3992,4740,1
3993,4741,1
3993,4742,1
3993,4743,3
3994,4744,1
3995,4745,1
3996,4746,1
3996,4747,1
3997,4748,1
3998,4749,1
3999,4750,1
4000,4752,1
4001,4753,3
4002,4754,2
4003,4755,1
4003,4756,1
4003,4757,1
4004,4758,1
4005,4759,1
4006,4760,1
4007,4761,1
4008,4762,1
4009,4763,1
4010,4764,1
4011,4765,1
4012,4766,1
4013,4767,1
4013,4768,1
4014,4769,1
4014,4770,1
4015,4771,1
4016,4772,1
4017,4773,1
4018,4774,1
4019,4775,1
4019,4776,1
4020,4777,1
4021,4778,2
4021,4779,1
4022,4780,1
4023,4781,1
4024,4782,1
4025,4783,1
4026,4784,1
4026,4785,1
4026,4786,1
4027,4787,1
4028,4788,1
4029,4789,1
4029,4790,1
4030,4791,1
4031,4792,1
4032,4793,1
4033,4794,2
4034,4795,1
4035,4796,1
4036,4797,2
4037,4798,2
4038,4799,1
4039,4800,1
4040,4801,1
4041,4802,2
4042,4803,1
4043,4804,1
4044,4805,1
4045,4806,2
4046,4807,1
4047,4808,1
4048,4809,1
4049,4810,1
4050,4811,2
4051,4812,1
4052,4813,1
4053,4814,1
4054,4815,1
4055,4816,1
4056,4817,1
4057,4818,1
4058,4819,2
4059,4821,1
4060,4822,1
4061,4823,1
4062,4824,1
4062,4825,1
4063,4826,1
4064,4827,1
4065,4828,1
4066,4829,1
4067,4830,1
4068,4831,1
4069,4832,1
4070,4833,1
4071,4835,2
4072,4836,1
4073,4837,1
4074,4838,1
4075,4839,1
4075,4840,1
4076,4841,1
4077,4842,1
4078,4843,1
4079,4844,1
4080,4845,1
4081,4846,1
4082,4847,1
4083,4848,1
4084,4849,1
4085,4850,2
4086,4851,1
4086,4852,1
4087,4853,1
4088,4854,1
4089,4855,1
4090,4856,1
4091,4857,1
4092,4858,1
4093,4859,1
4093,4860,1
4094,4861,1
4094,4863,1
4095,4862,1
4096,4864,1
4097,4865,1
4098,4866,1
4099,4867,1
4099,4868,1
4100,4869,1
4101,4870,1
4101,4871,1
4101,4872,1
4102,4873,1
4103,4874,1
4104,4875,1
4105,4876,1
4106,4877,1
4107,4878,1
4108,4879,1
4108,4880,1
4108,4881,1
4109,4882,1
4110,4883,1
4111,4884,1
4111,4885,1
4112,4886,1
4113,4887,1
4114,4889,1
4115,4890,1
4115,4891,1
4116,4892,1
4117,4893,1
4118,4894,1
4119,4895,1
4120,4896,1
4121,4897,2
4122,4898,1
4123,4899,1
4124,4900,1
4125,4902,2
4125,4903,1
4125,4904,1
4126,4905,1
4127,4906,1
4128,4908,2
4129,4909,1
4130,4910,1
4131,4911,1
4132,4912,2
4133,4913,1
4134,4914,1
4135,4915,1
4136,4916,1
4137,4917,1
4138,4918,1
4139,4919,1
4140,4920,2
4141,4921,1
4142,4922,1
4143,4923,1
4144,4924,1
4145,4925,1
4145,4926,1
4146,4927,1
4147,4928,1
4148,4929,1
4149,4930,1
4150,4931,1
4150,4932,1
4151,4933,1
4151,4934,1
4152,4937,1
4153,4938,1
4154,4939,1
4155,4940,2
4156,4941,1
4157,4942,1
4158,4943,2
4159,4944,1
4160,4945,2
4161,4946,1
4161,4947,1
4162,4948,1
4162,4949,1
4163,4950,1
4164,4951,3
4165,4952,2
4166,4955,1
4167,4956,2
4167,4957,1
4168,4958,1
4169,4959,1
4170,4960,2
4171,4961,1
4171,4962,1
4172,4963,1
4173,4964,1
4174,4965,1
4175,4966,1
4176,4967,1
4177,4968,1
4178,4969,1
4179,4970,1
4180,4971,1
4181,4973,1
4182,4974,1
4183,4975,1
4184,4976,1
4185,4977,1
4186,4978,1
4187,4979,1
4188,4980,1
4189,4981,1
4190,4982,1
4191,4983,1
4192,4984,1
4193,4985,1
4193,4986,1
4194,4987,1
4195,4988,1
4196,4989,1
4197,4990,2
4198,4991,1
4199,4993,2
4200,4994,1
4201,4995,1
4202,4996,1
4203,4997,1
4204,4998,1
4205,4999,1
4206,5000,1
4207,5001,1
4208,5002,2
4209,5003,1
4210,5004,1
4211,5005,1
4212,5006,1
4213,5007,1
4214,5008,2
4215,5009,1
4216,5010,1
4216,5011,1
4217,5012,1
4218,5013,1
4219,5014,1
4220,5015,1
4221,5016,1
4221,5017,1
4222,5018,1
4223,5019,1
4224,5020,1
4225,5021,1
4225,5022,1
4226,5023,1
4227,5024,1
4228,5025,1
4228,5027,1
4229,5026,1
4230,5028,1
4231,5029,1
4232,5030,2
4233,5031,1
4234,5032,1
4235,5033,1
4236,5034,1
4237,5036,1
4238,5037,1
4239,5038,1
4240,5039,1
4241,5041,1
4242,5042,2
4242,5043,1
4242,5044,1
4243,5045,1
4244,5046,2
4245,5047,1
4246,5048,3
4247,5049,1
4247,5050,1
4247,5051,1
4248,5052,1
4249,5053,1
4249,5054,1
4249,5055,1
4250,5056,2
4251,5057,1
4252,5058,3
4253,5059,1
4254,5060,1
4254,5061,1
4255,5062,2
4256,5063,2
4257,5064,1
4258,5065,1
4258,5066,1
4259,5067,1
4260,5068,1
4261,5069,1
4262,5070,1
4263,5071,2
4264,5072,1
4265,5073,1
4266,5074,1
4266,5075,1
4267,5076,1
4268,5077,1
4269,5078,1
4270,5080,1
4271,5081,1
4272,5082,1
4273,5083,2
4274,5084,2
4275,5085,1
4276,5089,1
4277,5090,1
4278,5091,1
4279,5092,1
4280,5095,1
4281,5096,1
4282,5097,1
4283,5098,1
4284,5099,1
4285,5103,1
4286,5104,1
4287,5105,2
4288,5106,1
4289,5107,1
4290,5108,1
4291,5109,1
4292,5110,1
4293,5111,1
4294,5112,1
4295,5113,2
4296,5114,3
4296,5115,1
4297,5116,1
4298,5117,2
4299,5118,1
4300,5119,2
4301,5120,1
4302,5121,1
4303,5122,1
4304,5123,1
4305,5124,1
4306,5125,1
4307,5126,1
4308,5127,1
4309,5128,1
4309,5129,2
4310,5130,1
4310,5131,2
4311,5132,1
4312,5133,1
4313,5134,2
4314,5135,1
4315,5136,1
4316,5137,1
4316,5138,3
4317,5139,2
4318,5140,1
4319,5141,1
4319,5143,1
4320,5142,1
4321,5144,1
4322,5145,1
4323,5146,1
4324,5147,1
4324,5148,1
4325,5149,1
4326,5150,1
4327,5151,1
4328,5152,2
4329,5153,2
4330,5154,1
4331,5155,1
4332,5156,1
4332,5157,1
4333,5158,1
4334,5159,1
4335,5160,1
4336,5161,1
4336,5162,1
4337,5163,1
4338,5164,1
4339,5165,1
4340,5166,1
4341,5167,1
4342,5168,1
4343,5169,2
4343,5170,1
4344,5171,1
4345,5172,1
4346,5173,1
4347,5174,1
4348,5175,1
4349,5176,1
4350,5177,1
4351,5178,1
4352,5179,1
4353,5180,1
4354,5181,1
4355,5182,1
4356,5183,1
4357,5184,1
4358,5185,1
4359,5186,2
4360,5187,1
4361,5188,1
4362,5189,1
4363,5190,1
4364,5191,1
4364,5192,1
4365,5193,1
4366,5194,1
4367,5195,1
4368,5196,2
4369,5197,1
4370,5198,1
4371,5199,1
4372,5200,2
4372,5201,1
4373,5202,1
4374,5203,1
4375,5204,1
4376,5205,1
4377,5206,1
4378,5207,1
4379,5208,1
4380,5209,2
4381,5210,3
4381,5211,1
4382,5212,1
4383,5213,1
4384,5214,1
4385,5215,1
4386,5216,1
4387,5217,1
4388,5218,1
4388,5219,1
4389,5220,1
4390,5221,3
4391,5222,1
4391,5223,1
4392,5224,1
4393,5225,2
4393,5226,1
4393,5227,1
4394,5228,3
4395,5229,1
4396,5230,1
4397,5231,1
4398,5232,1
4399,5233,1
4400,5234,1
4401,5235,1
4401,5236,1
4402,5237,1
4403,5238,3
4404,5239,2
4405,5240,1
4406,5241,3
4406,5242,1
4407,5243,1
4408,5244,2
4409,5245,1
4410,5246,1
4411,5247,1
4412,5248,2
4413,5249,1
4414,5250,3
4415,5251,1
4416,5252,1
4417,5253,1
4418,5254,1
4419,5255,1
4420,5256,1
4421,5257,1
4422,5258,1
4423,5259,1
4423,5260,1
4423,5261,1
4424,5262,2
4425,5263,1
4426,5264,1
4427,5265,1
4428,5266,1
4429,5267,1
4430,5269,1
4431,5270,1
4431,5271,1
4431,5272,1
4432,5273,1
4433,5274,1
4434,5277,1
4434,5278,1
4434,5279,1
4434,5280,1
4435,5281,2
4436,5282,1
4437,5283,1
4438,5284,1
4439,5285,1
4439,5286,3
4440,5288,1
4441,5289,1
4442,5290,1
4443,5291,1
4444,5292,1
4445,5293,1
4446,5294,1
4446,5295,1
4446,5296,1
4447,5297,1
4448,5298,1
4449,5299,1
4450,5300,1
4451,5301,1
4452,5302,1
4453,5303,2
4454,5304,1
4454,5305,2
4455,5306,1
4456,5307,1
4456,5308,1
4457,5309,1
4458,5310,1
4459,5311,1
4460,5312,1
4461,5313,1
4462,5315,1
4463,5317,1
4464,5318,1
4465,5319,1
4466,5322,1
4467,5323,1
4468,5324,1
4469,5325,1
4470,5326,1
4471,5327,1
4471,5328,1
4472,5329,1
4473,5330,1
4474,5332,1
4474,5333,1
4475,5334,1
4476,5335,1
4477,5336,1
4478,5337,1
4479,5338,1
4480,5339,1
4481,5340,1
4482,5341,1
4483,5342,3
4484,5343,1
4485,5344,3
4486,5345,1
4487,5346,1
4488,5347,1
4489,5348,1
4489,5349,1
4490,5350,1
4491,5351,1
4491,5352,1
4492,5353,1
4493,5354,1
4494,5355,1
4495,5357,1
4496,5358,2
4497,5359,1
4498,5360,1
4499,5361,1
4500,5362,2
4501,5363,1
4502,5365,1
4503,5366,1
4503,5367,2
4504,5368,1
4505,5369,1
4506,5370,1
4507,5372,2
4507,5373,1
4508,5374,1
4509,5375,1
4510,5376,1
4511,5377,1
4512,5378,1
4513,5379,2
4514,5380,1
4515,5381,1
4516,5382,1
4516,5383,1
4517,5384,1
4517,5385,1
4518,5386,1
4519,5387,1
4520,5388,1
4520,5389,1
4520,5390,1
4520,5391,1
4520,5392,1
4521,5393,1
4522,5394,1
4523,5395,1
4524,5396,1
4525,5397,1
4526,5398,1
4527,5399,1
4528,5400,3
4528,5401,1
4529,5404,2
4530,5405,1
4530,5407,1
4531,5406,1
4532,5408,1
4533,5409,1
4534,5410,3
4534,5411,1
4535,5412,1
4536,5413,1
4537,5414,1
4538,5415,1
4539,5416,1
4540,5417,1
4541,5418,1
4541,5419,2
4541,5420,1
4542,5421,2
4543,5422,1
4544,5423,3
4545,5424,1
4546,5425,1
4547,5426,1
4547,5427,1
4548,5428,1
4548,5429,1
4548,5431,2
4549,5430,1
4550,5432,1
4550,5433,1
4551,5434,1
4551,5435,1
4552,5436,1
4553,5437,2
4553,5438,2
4554,5442,1
4555,5443,1
4556,5445,2
4556,5446,1
4556,5447,1
4557,5448,1
4557,5449,1
4558,5450,1
4559,5451,1
4560,5452,1
4561,5453,1
4562,5454,1
4562,5455,1
4563,5456,1
4564,5457,1
4565,5458,1
4566,5459,1
4567,5460,1
4567,5461,1
4567,5462,1
4568,5463,1
4569,5464,1
4570,5465,1
4571,5466,1
4572,5467,1
4573,5468,1
4574,5469,1
4575,5470,1
4576,5471,1
4577,5472,1
4577,5473,1
4577,5474,1
4577,5475,1
4578,5476,1
4579,5477,1
4580,5478,1
4580,5480,1
4581,5479,2
4582,5481,1
4583,5482,1
4584,5483,1
4585,5484,2
4586,5485,1
4587,5486,1
4588,5487,1
4589,5488,1
4590,5489,1
4591,5492,1
4592,5493,1
4593,5494,1
4594,5495,1
4594,5496,1
4595,5497,3
4596,5498,1
4596,5499,1
4597,5502,1
4598,5503,1
4599,5504,1
4600,5505,1
4601,5506,1
4602,5507,2
4603,5508,1
4603,5509,1
4604,5510,2
4605,5511,1
4605,5513,1
4606,5512,1
4607,5514,1
4607,5515,1
4608,5516,1
4609,5517,2
4610,5518,1
4611,5519,1
4612,5520,1
4613,5521,1
4614,5522,2
4615,5523,1
4616,5524,1
4617,5525,2
4617,5526,1
4618,5527,1
4618,5528,1
4619,5529,2
4619,5530,3
4620,5531,1
4621,5532,1
4622,5533,3
4623,5534,1
4624,5535,1
4625,5536,1
4626,5537,1
4627,5538,1
4628,5539,1
4629,5540,1
4630,5541,1
4631,5542,1
4631,5543,1
4631,5544,1
4632,5545,1
4633,5546,1
4634,5547,1
4635,5548,1
4636,5549,1
4637,5550,1
4638,5551,1
4639,5552,1
4640,5553,3
4641,5554,1
4642,5555,1
4642,5556,1
4643,5557,1
4643,5558,1
4644,5559,1
4644,5560,1
4644,5561,1
4645,5562,2
4646,5563,1
4646,5564,1
4647,5565,1
4648,5566,1
4648,5567,2
4649,5568,1
4650,5569,2
4651,5570,1
4651,5571,1
4652,5572,1
4653,5573,1
4654,5574,2
4655,5575,1
4656,5576,1
4657,5577,1
4658,5579,1
4659,5580,1
4660,5581,1
4660,5582,1
4661,5583,1
4662,5584,1
4663,5585,1
4664,5586,1
4665,5588,1
4665,5589,1
4666,5590,1
4667,5591,1
4668,5592,1
4669,5593,1
4670,5594,1
4670,5595,1
4671,5596,1
4672,5597,1
4672,5598,1
4673,5599,2
4674,5600,2
4675,5601,1
4676,5602,1
4677,5603,1
4678,5605,1
4679,5606,1
4679,5607,1
4680,5608,1
4681,5609,1
4682,5610,1
4683,5611,1
4684,5612,1
4685,5613,2
4686,5614,1
4687,5616,1
4688,5617,1
4689,5618,1
4690,5619,1
4691,5620,2
4692,5621,1
4693,5622,3
4693,5623,2
4694,5624,1
4695,5625,1
4696,5626,1
4697,5627,1
4698,5628,1
4699,5629,1
4700,5630,1
4701,5631,1
4702,5632,1
4702,5633,1
4702,5634,1
4703,5635,1
4704,5636,2
4704,5637,2
4705,5638,1
4706,5639,1
4707,5641,1
4708,5642,1
4709,5643,1
4710,5644,2
4711,5645,1
4712,5646,2
4713,5647,1
4714,5648,1
4714,5649,1
4715,5650,1
4715,5651,1
4716,5652,1
4717,5653,1
4717,5654,1
4718,5655,1
4719,5656,2
4720,5657,1
4721,5658,1
4721,5659,1
4722,5660,1
4723,5661,1
4723,5662,2
4724,5663,1
4725,5664,1
4725,5665,1
4726,5667,2
4727,5668,1
4728,5669,1
4729,5670,1
4730,5671,2
4730,5672,1
4731,5673,1
4731,5674,1
4732,5675,1
4733,5676,1
4734,5677,1
4735,5678,1
4735,5679,1
4735,5680,2
4736,5681,1
4737,5682,1
4738,5683,2
4739,5684,2
4740,5685,1
4741,5686,1
4742,5687,1
4743,5688,1
4744,5692,1
4745,5693,1
4746,5694,1
4746,5695,1
4746,5696,1
4747,5697,1
4748,5698,1
4749,5699,1
4750,5700,1
4751,5703,1
4751,5704,1
4752,5705,1
4753,5706,1
4754,5707,1
4755,5708,1
4755,5709,1
4756,5710,1
4757,5711,1
4757,5712,1
4758,5713,1
4758,5714,1
4759,5715,1
4760,5716,1
4761,5717,1
4762,5718,1
4763,5719,1
4764,5720,1
4765,5721,1
4765,5722,1
4766,5723,1
4767,5724,1
4768,5725,1
4769,5726,1
4770,5727,1
4771,5728,1
4772,5730,1
4773,5731,1
4774,5732,1
4775,5733,2
4776,5734,1
4777,5735,2
4778,5736,1
4779,5737,1
4780,5738,1
4781,5739,1
4782,5740,1
4783,5741,1
4783,5742,1
4783,5743,1
4783,5744,1
4783,5745,1
4784,5746,2
4785,5747,1
4786,5748,1
4786,5749,1
4787,5750,1
4788,5751,1
4789,5752,2
4790,5753,1
4791,5754,1
4791,5755,1
4792,5756,1
4793,5757,1
4794,5758,1
4795,5759,1
4796,5760,1
4797,5761,1
4798,5762,2
4798,5763,1
4799,5765,1
4800,5766,1
4800,5767,1
4801,5768,1
4802,5769,1
4802,5770,1
4803,5771,1
4804,5772,1
4805,5774,2
4806,5775,1
4807,5776,1
4808,5777,1
4809,5778,1
4810,5779,1
4811,5780,3
4812,5781,1
4813,5782,1
4814,5783,1
4815,5784,1
4815,5785,1
4816,5786,1
4816,5787,1
4817,5788,1
4818,5789,1
4819,5790,3
4820,5791,1
4821,5792,1
4821,5793,1
4822,5795,1
4823,5796,1
4824,5798,1
4825,5799,1
4826,5800,1
4826,5802,1
4827,5801,1
4828,5803,1
4829,5804,1
4830,5805,1
4830,5806,1
4831,5808,2
4832,5809,1
4832,5810,2
4833,5811,1
4834,5813,1
4835,5814,1
4836,5815,1
4837,5816,2
4838,5817,1
4839,5818,1
4840,5819,1
4840,5820,2
4841,5821,1
4842,5822,3
4843,5823,1
4844,5824,1
4845,5825,1
4846,5826,1
4847,5827,1
4848,5828,1
4849,5829,2
4849,5830,1
4850,5831,1
4851,5832,1
4851,5833,1
4851,5834,2
4852,5835,1
4853,5836,1
4854,5837,1
4855,5838,2
4856,5839,1
4857,5840,1
4858,5841,1
4858,5842,1
4859,5843,2
4860,5844,1
4861,5845,1
4862,5846,1
4863,5847,1
4864,5848,1
4865,5849,1
4865,5850,2
4866,5851,1
4867,5852,1
4868,5853,1
4869,5854,1
4869,5855,1
4870,5856,1
4871,5857,1
4872,5858,1
4873,5859,1
4874,5860,1
4875,5861,2
4875,5862,1
4875,5863,1
4876,5864,1
4877,5865,2
4878,5866,1
4879,5867,2
4879,5868,1
4879,5869,1
4880,5870,2
4881,5871,1
4882,5872,2
4882,5873,1
4883,5874,1
4884,5875,1
4885,5876,1
4886,5877,1
4887,5878,1
4888,5879,1
4889,5880,1
4890,5881,1
4891,5882,1
4892,5883,2
4893,5884,2
4894,5885,1
4895,5886,1
4896,5887,2
4897,5888,1
4898,5889,1
4899,5890,1
4900,5891,1
4901,5893,1
4902,5894,2
4903,5895,1
4904,5896,1
4905,5897,1
4906,5898,2
4907,5899,1
4908,5900,1
4909,5901,1
4910,5902,1
4911,5903,3
4911,5904,1
4911,5905,1
4912,5906,1
4913,5907,2
4914,5908,1
4915,5909,1
4916,5911,1
4917,5913,1
4918,5914,1
4918,5915,3
4919,5916,1
4920,5917,1
4920,5918,1
4921,5919,1
4922,5920,1
4923,5921,1
4924,5923,1
4925,5924,1
4926,5925,1
4927,5926,1
4928,5927,1
4929,5928,1
4930,5929,1
4931,5930,1
4931,5931,1
4932,5932,1
4933,5933,1
4934,5934,2
4935,5935,1
4935,5936,1
4936,5938,3
4937,5939,1
4937,5940,1
4937,5941,1
4938,5942,2
4939,5943,1
4940,5944,2
4941,5945,2
4942,5946,1
4943,5947,1
4944,5948,1
4945,5950,3
4946,5951,1
4947,5952,1
4948,5953,2
4949,5954,1
4950,5955,1
4951,5956,1
4952,5957,1
4953,5959,1
4954,5960,1
4955,5961,1
4956,5962,1
4957,5963,1
4958,5964,1
4959,5965,1
4960,5966,1
4961,5967,1
4962,5968,1
4962,5969,1
4963,5970,1
4964,5971,2
4965,5972,1
4966,5973,1
4966,5974,1
4967,5975,1
4968,5976,1
4969,5977,1
4970,5978,1
4971,5979,1
4972,5980,1
4973,5981,1
4974,5982,2
4975,5983,1
4976,5984,1
4977,5985,3
4978,5986,1
4979,5987,1
4980,5988,1
4981,5989,1
4982,5990,1
4983,5991,3
4984,5992,3
4985,5993,1
4986,5994,1
4987,5995,1
4988,5996,1
4989,5997,1
4989,5998,1
4990,6000,1
4990,6001,1
4991,6002,1
4992,6003,1
4993,6004,1
4994,6005,1
4995,6006,2
4996,6007,1
4997,6008,1
4998,6009,1
4999,6010,2
5000,6011,1
5000,6012,1
5001,6013,1
5002,6014,1
5003,6015,1
5003,6016,1
5004,6017,1
5005,6018,2
5006,6019,1
5007,6020,1
5008,6021,1
5008,6022,2
5009,6023,1
5010,6024,1
5010,6025,1
5011,6026,1
5012,6027,2
5012,6028,1
5013,6029,1
5014,6030,1
5014,6031,1
5014,6032,1
5015,6033,1
5016,6034,1
5016,6035,1
5016,6036,1
5017,6037,1
5018,6038,1
5019,6039,1
5020,6040,1
5020,6041,1
5021,6042,1
5022,6043,2
5022,6044,1
5023,6045,1
5023,6046,1
5024,6047,1
5025,6048,2
5025,6049,1
5026,6050,1
5027,6051,1
5028,6052,1
5028,6053,1
5029,6054,1
5030,6055,3
5031,6056,1
5032,6057,1
5033,6058,1
5034,6059,1
5035,6060,1
5036,6061,1
5037,6062,3
5037,6063,1
5038,6064,1
5039,6065,1
5040,6066,1
5041,6067,1
5041,6068,1
5041,6069,2
5042,6070,1
5042,6071,1
5043,6072,1
5044,6073,1
5045,6074,1
5046,6075,1
5047,6076,1
5047,6077,1
5047,6078,1
5048,6079,1
5048,6081,2
5049,6080,1
5050,6082,1
5051,6083,1
5052,6084,1
5053,6085,1
5054,6086,1
5055,6087,2
5055,6088,1
5056,6089,1
5056,6090,1
5057,6091,1
5058,6093,1
5059,6094,1
5060,6095,1
5061,6096,1
5062,6097,1
5063,6098,1
5063,6099,1
5064,6100,1
5065,6101,2
5066,6102,1
5067,6103,1
5068,6104,1
5069,6105,1
5069,6106,1
5070,6107,1
5070,6108,1
5070,6109,1
5071,6110,1
5071,6111,1
5072,6112,2
5073,6113,1
5074,6114,1
5075,6115,1
5076,6116,2
5076,6117,1
5077,6118,1
5078,6120,1
5079,6121,1
5080,6122,1
5080,6123,1
5081,6124,1
5082,6125,1
5082,6126,3
5083,6127,2
5084,6128,1
5085,6130,1
5086,6131,1
5087,6132,2
5088,6133,1
5089,6134,1
5090,6136,2
5091,6137,1
5092,6138,1
5093,6139,1
5093,6140,1
5093,6141,2
5094,6142,1
5095,6143,1
5096,6144,1
5097,6145,3
5098,6146,1
5099,6147,1
5100,6148,1
5101,6149,1
5102,6150,1
5103,6151,1
5104,6152,1
5105,6153,1
5106,6154,2
5107,6155,1
5107,6156,1
5108,6157,1
5109,6158,1
5110,6159,1
5111,6160,1
5111,6161,1
5112,6162,1
5113,6163,1
5114,6164,2
5115,6166,3
5116,6167,1
5117,6168,2
5117,6169,1
5118,6170,3
5119,6171,1
5120,6172,2
5121,6173,1
5122,6174,1
5123,6175,1
5124,6176,1
5125,6177,1
5125,6178,1
5126,6179,1
5127,6180,2
5128,6181,1
5129,6182,1
5130,6184,1
5130,6185,1
5130,6187,1
5131,6186,1
5132,6188,1
5133,6189,1
5134,6190,2
5135,6191,1
5136,6192,1
5137,6193,1
5137,6194,1
5137,6195,2
5138,6196,1
5139,6197,1
5140,6198,1
5141,6199,1
5142,6200,2
5143,6201,1
5143,6202,1
5143,6203,2
5144,6204,1
5145,6205,2
5146,6206,1
5147,6207,1
5148,6208,2
5149,6209,1
5150,6210,1
5151,6211,1
5152,6212,2
5153,6213,1
5154,6214,1
5155,6215,1
5156,6216,1
5157,6217,2
5158,6218,3
5159,6219,1
5160,6221,1
5160,6222,1
5161,6223,1
5161,6224,1
5162,6225,1
5163,6226,1
5164,6227,1
5165,6228,1
5166,6229,1
5167,6230,1
5168,6231,1
5169,6232,1
5170,6233,2
5171,6234,1
5172,6235,1
5172,6236,1
5173,6237,1
5174,6238,1
5175,6239,1
5176,6240,2
5176,6241,1
5177,6242,1
5177,6243,3
5178,6244,1
5179,6245,2
5180,6246,1
5181,6247,1
5182,6248,2
5183,6249,1
5184,6250,1
5185,6251,1
5185,6252,1
5186,6253,2
5187,6254,1
5188,6255,1
5189,6257,1
5190,6258,1
5190,6259,1
5191,6260,1
5192,6261,1
5193,6262,2
5194,6264,1
5195,6265,1
5196,6266,1
5197,6267,2
5198,6268,1
5198,6269,1
5199,6270,1
5200,6271,1
5201,6273,1
5202,6274,1
5203,6275,1
5204,6276,1
5204,6277,1
5205,6278,1
5206,6279,1
5207,6280,1
5208,6281,1
5209,6282,1
5210,6283,1
5211,6284,1
5212,6285,1
5213,6286,1
5214,6287,1
5215,6288,2
5216,6289,1
5217,6290,1
5217,6291,1
5218,6292,1
5219,6294,1
5220,6296,1
5221,6297,1
5222,6298,1
5223,6299,1
5224,6300,1
5225,6301,1
5226,6302,3
5226,6303,1
5227,6304,2
5228,6305,1
5229,6306,1
5230,6307,1
5231,6308,1
5231,6309,1
5232,6310,1
5233,6311,2
5234,6312,1
5235,6313,1
5236,6314,1
5237,6315,1
5238,6316,1
5238,6317,1
5239,6318,1
5240,6319,1
5241,6320,2
5241,6321,1
5241,6322,1
5242,6323,1
5242,6324,1
5242,6325,1
5242,6326,2
5243,6331,1
5243,6332,1
5244,6333,1
5245,6334,1
5246,6335,1
5247,6336,3
5248,6337,1
5248,6338,1
5249,6339,1
5250,6340,1
5251,6341,1
5252,6343,1
5253,6344,1
5254,6345,1
5255,6346,1
5255,6347,1
5256,6348,1
5257,6349,1
5258,6350,1
5259,6351,1
5259,6352,1
5260,6353,1
5261,6354,2
5262,6355,1
5263,6356,1
5264,6357,1
5265,6359,2
5266,6360,1
5266,6361,1
5267,6362,1
5268,6363,1
5268,6364,1
5269,6365,1
5270,6366,1
5270,6367,1
5271,6368,1
5272,6369,1
5273,6370,1
5274,6371,1
5275,6372,1
5276,6373,3
5277,6374,1
5278,6375,1
5279,6376,1
5279,6377,1
5280,6378,1
5280,6379,1
5281,6380,1
5281,6381,1
5282,6382,1
5283,6383,1
5284,6384,1
5285,6385,1
5286,6386,1
5287,6387,1
5288,6388,1
5289,6389,1
5290,6390,1
5291,6391,1
5292,6393,1
5292,6394,1
5292,6395,1
5293,6396,1
5294,6397,1
5294,6398,1
5294,6400,1
5295,6399,1
5296,6401,1
5297,6402,1
5298,6403,1
5299,6404,1
5300,6406,1
5301,6407,1
5301,6408,1
5302,6409,1
5303,6410,1
5304,6411,1
5305,6412,1
5306,6413,1
5307,6414,1
5307,6415,2
5307,6417,1
5308,6416,1
5309,6418,1
5310,6419,1
5311,6420,2
5312,6421,1
5313,6422,1
5314,6423,1
5315,6424,1
5316,6425,1
5317,6426,1
5317,6427,1
5317,6428,1
5318,6429,1
5318,6430,1
5319,6431,3
5319,6432,1
5320,6433,1
5320,6434,1
5321,6435,1
5322,6436,2
5323,6437,1
5324,6438,1
5325,6439,1
5326,6440,1
5327,6441,1
5328,6442,1
5329,6443,1
5330,6444,1
5331,6445,1
5332,6446,2
5332,6447,1
5332,6448,1
5333,6449,1
5334,6450,1
5335,6451,1
5336,6452,1
5337,6453,2
5338,6454,1
5339,6455,2
5340,6456,1
5341,6457,1
5342,6458,1
5343,6459,1
5344,6460,1
5345,6461,1
5346,6462,1
5347,6463,1
5348,6464,1
5349,6465,1
5350,6467,1
5351,6468,1
5351,6469,1
5352,6470,1
5353,6471,1
5354,6472,1
5355,6473,1
5356,6474,1
5357,6475,1
5358,6476,2
5359,6477,1
5360,6478,2
5361,6479,1
5361,6481,1
5362,6480,2
5362,6482,1
5363,6483,2
5364,6484,1
5365,6485,1
5366,6486,2
5367,6487,1
5368,6488,1
5369,6489,1
5369,6490,1
5369,6491,1
5370,6492,2
5371,6493,2
5372,6497,1
5373,6498,1
5374,6499,1
5375,6500,1
5376,6501,1
5377,6502,1
5378,6503,1
5379,6504,1
5380,6505,1
5381,6506,1
5382,6507,1
5383,6508,2
5384,6509,1
5384,6510,1
5384,6511,1
5385,6513,2
5386,6514,1
5387,6515,1
5388,6516,1
5389,6517,1
5390,6518,1
5391,6519,2
5392,6520,1
5393,6521,1
5394,6522,1
5395,6523,1
5396,6524,1
5397,6525,1
5398,6526,1
5399,6527,1
5400,6528,1
5401,6529,2
5402,6530,1
5403,6531,1
5404,6532,1
5405,6534,1
5406,6535,1
5407,6536,1
5408,6537,1
5409,6538,1
5410,6539,2
5411,6540,1
5411,6541,2
5412,6542,1
5413,6543,1
5414,6544,1
5414,6545,1
5414,6546,1
5415,6547,1
5416,6548,1
5417,6549,1
5418,6550,1
5419,6551,1
5420,6552,2
5421,6553,1
5421,6554,1
5422,6556,1
5423,6557,1
5424,6558,1
5425,6559,1
5426,6560,2
5427,6561,1
5428,6562,1
5429,6563,1
5430,6564,1
5431,6565,1
5432,6566,1
5432,6567,1
5432,6568,1
5433,6569,1
5433,6570,1
5434,6571,2
5435,6572,1
5436,6573,1
5437,6575,1
5438,6576,1
5439,6577,1
5440,6579,1
5441,6580,1
5441,6581,2
5441,6582,3
5442,6583,1
5443,6584,1
5443,6585,1
5444,6586,1
5445,6587,1
5446,6588,1
5447,6589,1
5448,6590,1
5449,6591,1
5450,6592,1
5451,6593,1
5452,6594,1
5453,6595,3
5454,6596,1
5455,6597,1
5456,6598,1
5457,6599,1
5458,6600,1
5459,6601,1
5460,6602,1
5461,6603,1
5462,6604,2
5463,6605,1
5464,6606,1
5465,6607,1
5466,6608,1
5467,6609,1
5468,6610,1
5469,6611,1
5470,6612,1
5471,6613,1
5472,6614,1
5473,6615,1
5474,6617,1
5475,6618,2
5476,6619,2
5476,6620,2
5476,6621,2
5477,6622,1
5478,6623,1
5479,6624,1
5479,6625,1
5479,6626,1
5480,6627,1
5481,6628,1
5482,6629,1
5483,6630,1
5484,6631,1
5485,6632,1
5486,6633,1
5486,6634,1
5487,6635,1
5488,6636,1
5489,6637,1
5490,6638,1
5491,6639,1
5492,6640,1
5492,6641,1
5493,6642,2
5494,6643,1
5495,6644,2
5496,6645,1
5496,6646,1
5497,6648,1
5498,6649,1
5499,6650,1
5500,6651,1
5501,6652,1
5502,6653,1
5503,6654,1
5503,6655,1
5504,6656,1
5505,6657,1
5506,6658,1
5507,6659,1
5508,6661,1
5509,6662,1
5510,6663,1
5511,6664,1
5512,6665,1
5513,6666,1
5514,6667,1
5515,6669,1
5516,6670,2
5516,6671,1
5516,6672,2
5517,6675,1
5518,6676,1
5519,6677,1
5519,6678,1
5520,6679,1
5521,6680,1
5522,6681,1
5523,6682,1
5524,6683,1
5525,6684,1
5526,6685,3
5527,6686,1
5528,6687,1
5529,6688,1
5530,6689,1
5531,6690,2
5532,6691,1
5533,6692,1
5533,6693,1
5534,6694,1
5535,6695,1
5536,6696,1
5537,6697,1
5538,6698,1
5538,6699,2
5538,6700,1
5539,6702,1
5540,6703,2
5541,6704,1
5542,6705,1
5543,6706,1
5544,6707,1
5545,6708,1
5546,6709,1
5546,6710,1
5546,6711,1
5546,6712,1
5547,6713,1
5548,6714,2
5549,6715,1
5550,6716,1
5551,6717,2
5552,6718,1
5553,6719,2
5554,6720,1
5555,6721,1
5556,6722,1
5556,6723,1
5557,6724,1
5558,6725,1
5559,6726,1
5560,6727,1
5561,6728,1
5562,6729,1
5563,6730,1
5563,6731,1
5564,6732,1
5565,6733,1
5565,6734,1
5566,6735,1
5567,6736,1
5568,6737,1
5569,6738,1
5570,6739,2
5571,6740,1
5572,6741,1
5573,6742,1
5574,6743,1
5575,6744,2
5576,6745,2
5577,6746,2
5578,6747,1
5578,6748,2
5578,6749,1
5579,6750,1
5580,6751,1
5581,6752,1
5582,6753,1
5583,6754,1
5584,6755,1
5585,6756,3
5585,6757,1
5586,6758,1
5586,6759,3
5587,6760,2
5588,6761,1
5589,6762,1
5590,6763,1
5590,6765,1
5591,6764,1
5592,6766,1
5593,6767,2
5594,6768,1
5594,6769,1
5594,6770,1
5595,6771,1
5596,6773,1
5597,6774,1
5598,6776,2
5598,6777,1
5598,6778,1
5599,6779,2
5600,6780,1
5601,6781,2
5602,6782,2
5603,6783,1
5604,6784,2
5605,6785,2
5606,6786,1
5607,6787,2
5608,6788,1
5609,6789,1
5610,6790,1
5611,6791,1
5612,6792,1
5613,6793,1
5614,6794,1
5615,6795,1
5616,6796,1
5616,6797,1
5616,6798,1
5617,6799,1
5617,6800,1
5618,6801,3
5618,6803,2
5619,6802,3
5620,6804,1
5621,6805,1
5622,6806,1
5622,6807,1
5623,6808,2
5624,6809,1
5625,6810,1
5625,6811,1
5625,6812,1
5626,6814,1
5627,6815,1
5628,6816,1
5629,6817,1
5630,6818,2
5631,6819,2
5632,6820,1
5633,6821,1
5634,6822,1
5635,6823,2
5636,6824,1
5637,6825,1
5638,6826,1
5639,6827,2
5639,6828,1
5640,6829,1
5641,6830,3
5642,6831,1
5643,6832,1
5644,6833,1
5645,6834,1
5646,6835,1
5647,6836,1
5648,6837,1
5649,6838,1
5650,6839,1
5651,6840,1
5651,6841,1
5651,6842,1
5651,6843,1
5652,6844,1
5653,6845,1
5654,6846,1
5655,6847,1
5656,6848,1
5657,6849,1
5658,6850,1
5659,6851,1
5660,6852,1
5661,6853,2
5662,6855,1
5663,6856,1
5664,6857,1
5665,6858,1
5666,6859,1
5667,6860,1
5668,6861,1
5669,6862,3
5670,6864,1
5671,6865,1
5671,6866,1
5672,6867,1
5673,6868,1
5674,6869,1
5674,6870,1
5675,6871,1
5676,6872,1
5677,6873,1
5678,6874,1
5679,6875,1
5679,6877,1
5680,6876,1
5681,6878,1
5682,6879,1
5683,6880,1
5684,6881,1
5685,6882,1
5686,6883,1
5687,6884,1
5688,6885,1
5689,6887,1
5689,6888,1
5690,6889,1
5690,6890,1
5690,6891,1
5691,6892,1
5692,6893,1
5693,6894,1
5694,6895,1
5695,6896,2
5696,6897,1
5697,6898,1
5698,6899,1
5699,6900,1
5700,6901,1
5701,6902,1
5702,6903,1
5703,6904,1
5704,6905,2
5705,6906,1
5706,6907,1
5707,6908,1
5708,6909,1
5709,6910,1
5710,6911,2
5711,6912,1
5712,6913,1
5713,6914,1
5714,6915,3
5715,6916,1
5716,6917,1
5717,6918,1
5718,6919,1
5719,6920,1
5720,6921,1
5721,6922,1
5722,6923,1
5723,6924,2
5724,6925,1
5725,6926,1
5726,6927,1
5727,6928,1
5728,6929,1
5729,6930,1
5730,6931,1
5731,6932,1
5732,6933,2
5733,6934,1
5734,6936,1
5735,6937,1
5735,6938,1
5736,6939,1
5737,6940,1
5738,6941,1
5738,6942,1
5739,6943,1
5740,6944,1
5741,6945,1
5742,6946,1
5743,6947,2
5744,6948,1
5745,6949,1
5746,6950,1
5747,6951,1
5748,6952,1
5749,6953,1
5750,6954,1
5750,6955,1
5751,6956,1
5752,6957,1
5753,6959,1
5754,6961,1
5755,6962,3
5756,6963,1
5757,6964,1
5758,6965,1
5758,6966,1
5759,6967,1
5760,6968,1
5761,6969,1
5762,6970,1
5763,6971,1
5764,6972,1
5765,6973,1
5766,6974,1
5766,6975,1
5767,6976,1
5768,6977,1
5769,6978,1
5770,6979,1
5771,6980,1
5772,6981,2
5772,6982,1
5773,6983,1
5774,6984,3
5775,6985,2
5776,6986,2
5776,6987,2
5777,6988,2
5778,6989,1
5779,6990,1
5780,6991,1
5781,6992,2
5782,6993,1
5783,6994,1
5784,6995,1
5785,6996,1
5786,6997,1
5787,6998,1
5788,6999,2
5788,7000,1
5789,7001,1
5790,7002,1
5791,7003,1
5792,7004,1
5792,7005,1
5793,7006,3
5794,7007,1
5795,7008,2
5796,7009,1
5797,7010,1
5798,7011,1
5799,7012,1
5800,7013,1
5800,7014,1
5801,7015,1
5802,7016,3
5803,7018,1
5804,7019,1
5805,7020,1
5805,7021,1
5806,7022,2
5807,7023,1
5808,7024,1
5809,7026,1
5809,7027,1
5809,7028,2
5810,7029,1
5811,7030,1
5811,7031,1
5812,7032,2
5813,7033,1
5814,7034,1
5815,7035,1
5816,7036,1
5817,7037,1
5817,7038,2
5818,7039,2
5819,7040,2
5820,7041,1
5821,7042,1
5822,7043,1
5823,7044,2
5824,7045,1
5825,7046,1
5826,7047,2
5827,7048,1
5828,7049,3
5829,7050,3
5829,7051,1
5830,7052,1
5831,7053,1
5832,7054,1
5833,7055,1
5834,7056,1
5835,7057,1
5836,7058,1
5837,7059,1
5838,7060,1
5839,7061,3
5840,7062,2
5841,7063,1
5842,7064,1
5842,7065,2
5843,7066,1
5844,7067,1
5845,7068,1
5846,7069,1
5847,7070,1
5848,7071,1
5849,7073,1
5850,7074,1
5851,7075,1
5852,7076,2
5853,7077,1
5854,7078,3
5855,7079,2
5856,7080,1
5857,7081,2
5858,7082,1
5859,7083,1
5860,7084,1
5861,7085,1
5862,7086,1
5863,7087,1
5864,7089,1
5865,7090,1
5866,7091,1
5866,7093,1
5867,7092,1
5868,7094,1
5869,7095,1
5870,7097,1
5871,7098,1
5872,7099,1
5873,7100,1
5874,7101,1
5875,7102,1
5876,7103,1
5877,7104,1
5878,7105,1
5879,7106,2
5880,7107,1
5881,7108,1
5881,7109,1
5882,7110,1
5883,7111,1
5884,7112,1
5885,7113,1
5886,7114,1
5887,7115,2
5887,7116,1
5888,7117,1
5889,7118,1
5890,7119,1
5891,7120,1
5892,7121,1
5892,7122,1
5892,7123,1
5893,7124,1
5894,7125,1
5895,7126,1
5896,7127,1
5897,7128,1
5897,7129,1
5898,7130,3
5899,7131,1
5900,7132,1
5901,7133,1
5902,7134,1
5902,7135,1
5902,7136,1
5903,7137,1
5904,7138,1
5905,7139,1
5906,7140,1
5907,7141,1
5908,7142,1
5909,7143,1
5909,7145,1
5910,7144,2
5911,7146,1
5912,7147,1
5913,7148,3
5914,7149,1
5914,7150,1
5915,7151,1
5916,7152,2
5917,7153,2
5918,7154,1
5918,7155,1
5919,7156,3
5920,7157,1
5921,7158,1
5922,7159,1
5923,7160,1
5924,7161,1
5925,7162,1
5926,7163,1
5926,7164,1
5927,7165,2
5928,7166,2
5929,7167,1
5929,7168,1
5929,7169,1
5930,7170,1
5931,7172,2
5932,7173,1
5933,7174,1
5934,7175,1
5935,7176,2
5935,7177,1
5936,7179,1
5937,7180,2
5938,7181,1
5939,7182,1
5939,7183,1
5940,7184,2
5941,7185,3
5942,7186,1
5943,7187,1
5944,7188,1
5945,7189,1
5946,7190,1
5947,7191,1
5948,7192,1
5949,7193,1
5950,7194,1
5951,7195,1
5952,7196,1
5953,7197,1
5954,7198,1
5955,7199,1
5956,7200,1
5957,7201,1
5958,7202,1
5959,7203,1
5960,7204,1
5961,7205,1
5962,7206,2
5963,7207,2
5963,7208,1
5964,7209,2
5964,7210,1
5965,7211,1
5966,7212,1
5967,7213,1
5967,7214,3
5968,7215,2
5969,7216,1
5970,7218,1
5970,7219,2
5971,7220,1
5972,7221,1
5973,7222,1
5973,7223,1
5973,7224,1
5974,7226,1
5975,7227,1
5976,7228,1
5977,7229,1
5978,7230,1
5979,7231,1
5980,7232,1
5980,7233,1
5980,7234,1
5981,7235,1
5982,7236,1
5983,7237,3
5984,7238,1
5985,7239,2
5986,7240,2
5986,7241,1
5986,7242,1
5986,7243,1
5986,7244,1
5987,7245,1
5988,7246,1
5989,7247,1
5990,7248,1
5991,7249,1
5992,7250,3
5993,7251,1
5994,7252,1
5995,7253,1
5996,7254,1
5997,7255,1
5998,7257,1
5999,7258,1
6000,7259,1
6000,7260,1
6001,7261,1
6001,7262,1
6002,7263,1
6003,7264,2
6004,7265,1
6004,7266,1
6005,7267,1
6006,7268,1
6007,7269,1
6008,7271,1
6009,7272,1
6009,7273,1
6010,7274,1
6011,7275,1
6012,7276,1
6012,7277,3
6013,7278,1
6013,7279,1
6014,7280,1
6015,7281,1
6016,7282,1
6017,7283,2
6018,7284,1
6019,7285,1
6020,7286,1
6021,7288,2
6022,7289,1
6022,7290,1
6023,7291,1
6024,7292,1
6025,7293,2
6026,7294,1
6027,7295,1
6028,7296,1
6029,7297,1
6030,7298,3
6031,7299,1
6032,7300,1
6033,7301,1
6034,7302,1
6034,7303,1
6034,7304,2
6035,7305,1
6036,7306,1
6037,7307,2
6037,7308,1
6037,7309,1
6038,7310,1
6039,7311,1
6040,7312,1
6041,7313,2
6042,7314,2
6043,7315,1
6044,7316,1
6045,7317,1
6046,7318,1
6047,7319,1
6048,7320,1
6048,7321,1
6049,7323,1
6050,7324,1
6051,7326,1
6052,7327,1
6053,7328,1
6054,7329,1
6055,7330,1
6055,7331,1
6055,7332,1
6056,7333,1
6056,7334,1
6057,7335,2
6058,7336,1
6059,7337,1
6060,7338,1
6061,7339,3
6062,7340,1
6063,7341,2
6064,7342,1
6065,7343,1
6066,7344,1
6067,7345,1
6068,7346,1
6068,7347,1
6068,7348,1
6069,7349,1
6070,7350,1
6071,7351,1
6072,7352,1
6073,7353,1
6074,7354,1
6075,7355,1
6076,7356,1
6077,7357,1
6078,7358,1
6079,7359,1
6080,7360,1
6081,7361,1
6082,7363,1
6083,7364,3
6084,7365,1
6085,7366,3
6086,7367,1
6087,7368,1
6088,7369,1
6089,7370,1
6090,7371,3
6091,7372,1
6091,7373,1
6091,7374,1
6092,7375,1
6093,7376,1
6094,7377,1
6095,7378,1
6096,7380,3
6097,7381,2
6098,7382,1
6099,7383,1
6099,7384,1
6100,7385,1
6101,7386,1
6102,7387,1
6103,7388,3
6103,7389,2
6104,7390,1
6105,7391,1
6106,7392,1
6107,7393,1
6108,7394,1
6109,7395,1
6110,7396,1
6111,7397,1
6112,7398,2
6113,7400,1
6114,7401,3
6115,7402,2
6115,7403,1
6116,7404,1
6117,7405,1
6118,7406,1
6119,7412,1
6120,7413,2
6121,7414,1
6121,7415,1
6122,7416,1
6123,7417,1
6124,7418,1
6125,7420,1
6126,7421,1
6127,7422,1
6127,7423,1
6127,7424,1
6128,7425,1
6129,7426,1
6130,7427,1
6131,7428,1
6132,7429,1
6133,7431,1
6134,7432,1
6135,7434,1
6135,7435,1
6136,7436,1
6137,7437,1
6138,7438,2
6138,7439,2
6139,7440,1
6140,7441,2
6141,7442,1
6142,7443,1
6143,7444,1
6144,7445,1
6145,7446,1
6146,7447,1
6147,7448,1
6148,7449,1
6149,7450,1
6150,7451,1
6150,7452,1
6151,7453,2
6152,7454,1
6153,7455,1
6154,7456,2
6155,7457,1
6155,7458,1
6156,7459,1
6157,7460,1
6158,7461,1
6159,7462,1
6159,7463,1
6159,7464,1
6160,7465,2
6161,7466,1
6161,7467,2
6162,7468,1
6163,7469,1
6163,7470,1
6163,7471,1
6164,7473,1
6165,7474,1
6166,7475,1
6167,7476,1
6168,7477,1
6169,7479,1
6170,7480,1
6171,7481,1
6172,7482,1
6173,7483,1
6174,7484,1
6175,7485,1
6175,7486,1
6176,7487,1
6177,7488,1
6178,7489,3
6178,7490,2
6179,7491,1
6180,7492,1
6181,7493,1
6182,7494,1
6182,7495,2
6183,7496,1
6184,7497,1
6185,7498,2
6186,7499,1
6187,7500,1
6187,7501,1
6188,7502,1
6188,7503,1
6189,7504,1
6190,7505,1
6191,7506,2
6192,7507,1
6192,7508,1
6193,7509,1
6194,7510,1
6195,7511,1
6196,7512,1
6197,7513,3
6198,7514,1
6199,7515,1
6200,7516,2
6201,7517,1
6202,7518,1
6203,7519,1
6204,7520,1
6204,7521,1
6204,7522,1
6205,7523,1
6206,7524,1
6207,7525,1
6208,7526,1
6209,7527,2
6210,7528,1
6211,7530,1
6212,7532,2
6213,7533,1
6214,7534,1
6215,7535,1
6216,7536,1
6217,7537,1
6218,7538,1
6219,7539,1
6220,7540,1
6221,7541,1
6222,7542,3
6222,7543,1
6223,7544,1
6224,7547,1
6225,7548,2
6226,7549,1
6226,7550,1
6227,7551,2
6228,7552,1
6229,7553,1
6229,7554,1
6230,7555,1
6231,7556,1
6232,7557,1
6232,7558,1
6233,7559,1
6234,7560,1
6235,7561,1
6236,7562,1
6237,7563,3
6238,7564,2
6239,7565,1
6240,7566,2
6240,7567,1
6241,7568,1
6242,7569,1
6243,7570,1
6243,7571,1
6244,7572,1
6245,7573,1
6246,7574,1
6247,7577,1
6248,7578,1
6249,7579,1
6250,7580,1
6251,7581,1
6252,7582,1
6253,7583,1
6254,7586,1
6255,7587,1
6256,7588,1
6257,7589,1
6258,7590,1
6259,7591,1
6259,7592,1
6259,7593,1
6260,7594,1
6261,7595,1
6262,7596,1
6262,7597,3
6263,7598,1
6263,7599,1
6264,7600,1
6265,7601,1
6266,7602,2
6267,7603,1
6268,7604,1
6269,7605,2
6270,7606,1
6271,7607,1
6272,7608,2
6273,7609,1
6274,7610,1
6275,7611,1
6276,7613,1
6277,7614,2
6278,7615,1
6278,7616,1
6279,7618,1
6280,7619,1
6281,7620,1
6282,7621,1
6283,7622,1
6283,7623,1
6284,7624,1
6285,7625,1
6286,7626,1
6286,7627,1
6287,7628,1
6287,7629,1
6287,7630,1
6287,7631,1
6288,7632,2
6289,7633,1
6290,7634,2
6290,7635,1
6291,7636,1
6291,7637,1
6292,7638,1
6293,7639,1
6294,7640,1
6294,7641,1
6295,7642,1
6296,7643,1
6297,7644,1
6298,7645,1
6298,7646,1
6299,7647,1
6299,7648,1
6300,7649,1
6301,7650,1
6302,7651,1
6303,7652,1
6304,7653,1
6305,7654,1
6305,7655,1
6306,7656,1
6307,7657,1
6308,7658,1
6309,7659,1
6310,7660,1
6311,7661,1
6312,7664,1
6313,7665,1
6314,7666,1
6314,7667,1
6314,7668,3
6315,7669,1
6316,7671,1
6317,7672,1
6317,7673,1
6318,7674,1
6319,7675,2
6320,7677,1
6321,7678,1
6322,7679,1
6323,7680,2
6324,7681,1
6325,7682,1
6325,7683,1
6326,7684,1
6327,7685,1
6328,7686,2
6329,7687,1
6330,7688,1
6331,7689,1
6332,7690,1
6333,7691,2
6334,7692,1
6335,7693,1
6335,7694,2
6335,7695,1
6335,7697,1
6336,7696,1
6337,7698,1
6337,7699,1
6338,7700,1
6339,7701,1
6340,7702,2
6341,7703,1
6342,7704,1
6343,7705,2
6344,7706,1
6345,7707,1
6345,7708,1
6345,7709,2
6346,7710,1
6347,7711,1
6348,7712,1
6349,7713,1
6349,7714,1
6350,7715,1
6351,7716,1
6352,7717,1
6353,7718,2
6354,7719,2
6355,7720,1
6356,7721,3
6357,7722,1
6358,7723,1
6359,7724,1
6360,7725,1
6361,7726,1
6361,7727,1
6362,7728,1
6363,7729,1
6364,7730,1
6365,7731,1
6366,7732,1
6366,7733,1
6367,7734,1
6367,7735,1
6368,7736,1
6369,7737,1
6369,7738,2
6370,7740,2
6371,7742,1
6372,7743,1
6373,7744,1
6374,7745,1
6375,7746,1
6376,7747,1
6376,7748,1
6376,7750,1
6377,7749,1
6378,7751,1
6379,7752,1
6380,7753,1
6381,7754,1
6381,7757,1
6382,7755,1
6382,7756,1
6383,7758,1
6383,7759,1
6384,7760,1
6385,7761,1
6385,7762,2
6386,7763,1
6387,7764,1
6387,7765,2
6387,7766,1
6388,7767,1
6389,7769,1
6390,7770,1
6391,7771,1
6392,7774,1
6393,7776,1
6394,7777,1
6395,7778,1
6396,7779,1
6397,7780,1
6398,7781,1
6399,7782,1
6400,7783,1
6401,7784,1
6402,7785,1
6403,7786,3
6404,7787,1
6404,7788,2
6405,7789,1
6406,7793,1
6407,7794,1
6408,7795,3
6409,7796,1
6410,7797,1
6411,7798,1
6412,7799,1
6413,7800,1
6414,7802,1
6415,7803,2
6416,7804,1
6417,7805,1
6418,7806,1
6419,7807,1
6420,7808,1
6421,7809,1
6422,7810,1
6423,7811,2
6423,7812,2
6424,7813,1
6425,7814,1
6426,7816,1
6427,7817,1
6427,7818,1
6428,7819,1
6428,7820,1
6429,7821,1
6430,7822,1
6431,7823,1
6432,7824,3
6433,7825,1
6434,7826,1
6434,7827,1
6435,7828,1
6436,7829,2
6437,7830,1
6438,7831,1
6439,7832,1
6439,7833,1
6440,7834,1
6441,7835,1
6442,7836,1
6443,7837,2
6444,7838,1
6445,7839,1
6446,7840,1
6447,7841,2
6448,7842,1
6449,7844,1
6450,7845,1
6451,7846,1
6452,7847,1
6453,7849,1
6454,7850,1
6455,7851,1
6456,7852,1
6457,7853,1
6458,7854,2
6459,7855,1
6460,7856,1
6461,7857,1
6462,7858,1
6463,7859,1
6463,7860,1
6464,7861,1
6465,7862,1
6466,7863,1
6467,7864,1
6468,7865,1
6469,7866,1
6470,7867,1
6471,7868,1
6471,7869,1
6472,7871,1
6473,7874,1
6474,7875,1
6474,7877,1
6475,7876,3
6476,7878,2
6477,7879,1
6478,7880,1
6479,7881,1
6480,7882,1
6481,7883,2
6482,7884,1
6483,7886,1
6484,7887,1
6484,7888,1
6484,7889,1
6485,7890,1
6486,7892,1
6487,7893,1
6488,7894,1
6489,7895,1
6490,7896,1
6491,7897,1
6492,7898,1
6493,7899,1
6494,7900,2
6495,7901,1
6496,7902,1
6497,7903,1
6498,7904,1
6499,7905,2
6500,7906,1
6501,7907,1
6502,7908,1
6503,7909,1
6504,7910,2
6504,7911,1
6505,7912,1
6506,7914,1
6507,7917,1
6508,7918,1
6508,7919,1
6509,7920,1
6510,7921,3
6511,7922,2
6511,7923,1
6512,7924,1
6513,7925,1
6514,7926,1
6515,7927,1
6516,7928,1
6516,7929,3
6517,7930,2
6518,7931,1
6518,7932,3
6519,7933,2
6520,7934,1
6521,7935,1
6521,7936,1
6522,7937,1
6523,7938,1
6524,7939,1
6525,7940,2
6526,7941,1
6527,7942,1
6528,7943,1
6529,7944,1
6530,7945,1
6531,7946,1
6532,7947,1
6533,7949,1
6534,7950,1
6535,7951,1
6535,7952,1
6535,7953,1
6535,7954,1
6536,7955,2
6537,7956,1
6538,7957,1
6539,7958,1
6540,7960,1
6541,7961,1
6541,7962,1
6542,7963,1
6543,7965,1
6544,7966,1
6544,7967,1
6545,7968,1
6546,7969,1
6547,7970,1
6548,7971,2
6549,7972,1
6550,7973,1
6550,7974,1
6551,7975,1
6551,7976,1
6551,7977,1
6552,7978,1
6553,7979,1
6554,7980,1
6555,7981,1
6556,7982,3
6557,7983,1
6558,7984,1
6558,7985,3
6559,7986,1
6560,7987,1
6561,7988,1
6562,7991,1
6563,7992,1
6564,7993,1
6564,7994,1
6565,7995,1
6566,7996,1
6567,7997,1
6567,7998,1
6568,7999,1
6569,8000,2
6570,8001,1
6571,8003,1
6572,8004,1
6573,8005,1
6574,8006,2
6575,8007,1
6576,8008,1
6576,8009,1
6576,8010,1
6577,8011,1
6578,8012,1
6579,8013,1
6580,8014,1
6581,8015,2
6582,8016,1
6583,8017,2
6584,8018,2
6585,8019,1
6586,8020,1
6587,8021,1
6587,8022,1
6588,8023,1
6589,8024,2
6590,8025,1
6591,8026,1
6592,8027,1
6593,8028,1
6594,8029,1
6595,8030,1
6596,8031,1
6597,8032,1
6597,8033,1
6598,8034,3
6599,8035,1
6600,8036,2
6600,8037,1
6601,8038,1
6602,8039,1
6603,8040,1
6603,8041,1
6603,8042,1
6604,8043,2
6605,8044,2
6605,8045,3
6605,8046,1
6605,8047,1
6606,8048,1
6607,8049,1
6608,8050,1
6608,8051,1
6608,8052,1
6609,8053,1
6610,8054,1
6611,8055,1
6612,8056,1
6612,8057,1
6613,8058,1
6613,8059,2
6614,8060,1
6615,8061,1
6615,8062,1
6616,8063,2
6617,8064,1
6618,8065,1
6619,8066,1
6620,8067,1
6621,8068,1
6622,8069,1
6622,8070,2
6623,8071,2
6624,8072,1
6625,8073,1
6625,8074,1
6626,8075,1
6627,8076,1
6628,8077,1
6628,8078,3
6629,8079,1
6630,8080,1
6631,8081,2
6632,8082,1
6633,8083,1
6634,8084,2
6634,8085,1
6635,8087,1
6636,8088,2
6637,8089,1
6638,8090,1
6638,8091,1
6639,8092,3
6639,8093,1
6640,8094,1
6641,8095,3
6641,8096,1
6641,8097,2
6642,8098,1
6642,8099,1
6643,8100,1
6643,8101,1
6643,8102,1
6643,8103,3
6644,8104,1
6645,8105,1
6645,8106,2
6646,8107,1
6647,8108,1
6648,8109,1
6649,8110,1
6650,8111,1
6651,8112,1
6652,8113,1
6653,8114,1
6654,8115,1
6655,8116,2
6656,8117,1
6657,8118,2
6658,8119,1
6659,8120,1
6660,8121,2
6661,8122,1
6662,8123,1
6663,8124,2
6664,8125,1
6665,8126,1
6666,8127,1
6667,8128,1
6668,8129,1
6668,8130,1
6668,8131,1
6668,8132,2
6669,8133,1
6669,8134,1
6670,8135,2
6671,8136,1
6672,8137,1
6673,8138,2
6674,8139,1
6675,8141,1
6676,8142,1
6677,8143,1
6678,8144,2
6679,8145,1
6679,8146,1
6680,8147,1
6681,8148,2
6682,8149,1
6683,8150,1
6684,8151,1
6685,8152,1
6685,8153,1
6686,8154,1
6687,8155,1
6688,8156,1
6689,8157,1
6690,8158,1
6691,8160,2
6692,8161,1
6693,8163,1
6694,8164,1
6694,8165,1
6695,8166,1
6696,8167,1
6697,8168,1
6698,8169,1
6699,8170,1
6700,8171,1
6700,8172,3
6701,8173,1
6702,8174,1
6703,8175,1
6704,8176,1
6705,8177,2
6706,8178,1
6707,8179,1
6708,8180,1
6709,8181,1
6710,8182,1
6711,8183,1
6712,8184,1
6713,8185,1
6713,8186,1
6713,8187,1
6714,8188,1
6715,8189,1
6716,8190,2
6716,8191,1
6716,8192,1
6716,8193,1
6717,8194,1
6718,8195,1
6719,8196,1
6720,8197,1
6721,8198,1
6721,8200,1
6722,8199,1
6723,8201,2
6724,8202,3
6725,8204,1
6726,8205,1
6727,8206,1
6728,8207,2
6729,8208,1
6730,8209,1
6731,8211,1
6732,8212,1
6733,8213,1
6734,8214,1
6735,8215,1
6736,8216,2
6737,8217,1
6737,8218,1
6738,8219,1
6738,8220,1
6738,8221,1
6739,8223,1
6740,8224,1
6741,8225,1
6742,8227,1
6743,8228,1
6743,8229,1
6744,8230,1
6745,8231,1
6746,8232,1
6746,8233,1
6746,8234,2
6747,8235,1
6748,8236,2
6748,8238,2
6749,8237,1
6750,8239,1
6751,8240,1
6752,8241,1
6753,8245,2
6754,8246,1
6754,8247,1
6755,8251,1
6756,8252,1
6757,8256,1
6757,8257,1
6757,8258,1
6758,8259,1
6758,8260,1
6759,8262,1
6760,8263,1
6761,8264,1
6762,8265,1
6763,8267,2
6764,8268,1
6765,8269,1
6766,8270,1
6767,8271,1
6768,8272,2
6769,8273,1
6770,8274,1
6770,8276,1
6770,8277,2
6771,8275,1
6772,8278,1
6773,8279,1
6774,8280,2
6775,8281,1
6776,8282,1
6777,8283,1
6778,8284,1
6779,8285,2
6780,8286,2
6781,8288,1
6781,8289,2
6782,8290,1
6783,8291,1
6784,8293,1
6785,8294,1
6786,8295,1
6787,8296,1
6788,8297,1
6788,8298,1
6789,8299,1
6789,8300,1
6790,8302,1
6791,8303,1
6792,8305,1
6792,8306,1
6793,8307,1
6794,8308,1
6795,8309,2
6796,8310,2
6797,8311,1
6798,8312,1
6799,8313,1
6799,8314,3
6800,8315,1
6801,8316,2
6802,8317,1
6803,8318,1
6804,8319,2
6805,8320,1
6806,8321,1
6807,8322,2
6808,8323,1
6809,8324,1
6810,8325,1
6810,8326,1
6811,8327,2
6812,8328,1
6813,8329,1
6813,8330,1
6814,8331,1
6815,8332,1
6816,8333,1
6817,8334,1
6817,8335,1
6818,8336,2
6818,8337,1
6819,8338,1
6820,8339,1
6821,8340,1
6821,8341,1
6822,8342,1
6823,8343,1
6824,8344,1
6825,8345,1
6825,8346,1
6826,8347,2
6827,8348,1
6828,8349,1
6829,8350,3
6830,8351,1
6831,8352,2
6832,8355,1
6833,8356,1
6834,8357,1
6835,8358,1
6836,8359,1
6836,8360,1
6836,8361,1
6837,8363,1
6838,8364,1
6839,8365,1
6840,8366,1
6841,8367,2
6842,8368,1
6843,8369,1
6844,8370,1
6845,8371,1
6846,8372,3
6846,8373,1
6847,8374,1
6848,8375,1
6848,8376,2
6849,8377,2
6849,8378,1
6850,8379,1
6851,8380,1
6852,8381,1
6852,8382,2
6853,8383,2
6854,8384,1
6855,8385,1
6855,8386,1
6856,8387,1
6857,8388,1
6858,8389,1
6859,8391,1
6860,8392,2
6860,8393,1
6861,8394,1
6861,8395,1
6862,8396,2
6862,8397,3
6863,8398,1
6864,8399,1
6865,8400,1
6866,8401,1
6867,8402,1
6867,8403,1
6867,8404,1
6868,8405,1
6869,8406,1
6870,8407,1
6870,8408,2
6871,8409,3
6871,8410,1
6872,8411,2
6873,8412,1
6874,8413,1
6875,8414,1
6876,8415,1
6877,8416,1
6877,8417,1
6878,8419,2
6879,8420,2
6880,8421,1
6881,8422,1
6882,8423,1
6883,8424,1
6884,8425,1
6885,8426,1
6886,8427,1
6887,8428,1
6888,8429,1
6889,8430,1
6889,8431,2
6889,8432,1
6890,8433,1
6891,8434,2
6892,8435,1
6893,8436,1
6894,8437,1
6895,8438,1
6896,8439,1
6896,8440,1
6897,8441,1
6898,8442,2
6898,8443,1
6899,8444,1
6900,8445,1
6901,8447,2
6902,8448,1
6902,8449,1
6903,8450,2
6904,8451,1
6905,8452,1
6906,8453,1
6907,8454,1
6908,8455,2
6909,8456,1
6910,8457,2
6911,8458,2
6912,8459,1
6913,8460,2
6914,8461,1
6915,8462,1
6916,8463,1
6916,8464,1
6916,8465,2
6917,8466,1
6918,8467,3
6919,8468,1
6920,8469,1
6921,8470,1
6921,8471,2
6922,8472,2
6922,8473,2
6923,8474,1
6924,8475,1
6925,8476,1
6926,8477,1
6927,8478,1
6928,8479,2
6929,8480,2
6930,8481,1
6931,8482,1
6932,8483,1
6933,8484,1
6933,8485,1
6933,8486,1
6934,8487,1
6935,8488,3
6936,8489,1
6937,8490,1
6937,8491,1
6937,8492,1
6938,8493,1
6939,8494,1
6939,8495,1
6940,8496,1
6941,8497,1
6942,8498,2
6943,8499,1
6944,8500,1
6945,8501,1
6946,8502,1
6947,8503,1
6948,8504,1
6949,8505,1
6950,8506,1
6951,8507,1
6952,8508,1
6952,8509,1
6953,8510,1
6953,8511,1
6954,8512,1
6955,8513,1
6956,8514,2
6957,8515,1
6957,8516,1
6958,8517,1
6958,8518,1
6958,8519,1
6958,8520,1
6959,8521,1
6960,8522,2
6961,8523,1
6962,8524,1
6963,8525,1
6963,8526,1
6964,8527,1
6965,8530,1
6966,8531,1
6967,8532,1
6968,8533,1
6969,8534,2
6970,8535,3
6970,8536,1
6971,8537,2
6971,8538,1
6972,8539,1
6973,8540,1
6974,8541,1
6975,8542,2
6976,8543,1
6977,8544,1
6978,8545,1
6979,8546,1
6980,8547,2
6980,8548,1
6981,8549,1
6982,8550,2
6983,8551,1
6984,8552,1
6984,8553,1
6985,8555,1
6986,8556,1
6987,8557,1
6987,8558,1
6988,8559,1
6989,8560,1
6990,8561,1
6991,8562,1
6991,8563,1
6992,8564,1
6993,8565,1
6994,8566,1
6995,8567,3
6996,8568,1
6997,8569,1
6997,8570,2
6998,8572,1
6999,8573,3
7000,8574,1
7001,8575,1
7002,8576,1
7003,8577,1
7004,8578,2
7005,8581,1
7006,8582,2
7007,8583,1
7008,8584,1
7009,8585,1
7009,8586,1
7010,8587,1
7011,8588,1
7012,8589,2
7013,8590,1
7014,8591,1
7014,8592,2
7014,8593,1
7015,8594,2
7015,8595,1
7016,8596,1
7017,8597,1
7018,8598,1
7018,8599,1
7018,8601,1
7019,8600,1
7020,8602,1
7021,8603,1
7022,8604,1
7023,8605,1
7024,8606,1
7025,8607,1
7026,8608,2
7027,8609,1
7028,8610,1
7029,8611,1
7030,8612,2
7031,8616,1
7032,8617,3
7033,8618,1
7034,8619,1
7034,8620,1
7035,8622,2
7036,8623,2
7037,8624,1
7038,8625,1
7039,8626,1
7040,8627,1
7041,8628,1
7042,8629,1
7043,8630,1
7043,8631,1
7044,8632,1
7045,8633,1
7046,8634,2
7047,8635,2
7048,8636,1
7049,8638,1
7050,8639,1
7051,8640,1
7052,8641,1
7053,8642,1
7054,8643,3
7054,8645,1
7055,8644,1
7056,8646,1
7057,8647,1
7058,8648,1
7058,8649,3
7059,8650,1
7060,8651,1
7061,8652,1
7062,8653,1
7062,8654,1
7063,8655,1
7064,8657,2
7065,8658,1
7065,8659,1
7065,8660,1
7065,8661,1
7066,8662,1
7067,8663,1
7068,8664,1
7068,8665,1
7069,8666,1
7070,8667,2
7071,8668,1
7071,8669,2
7072,8672,2
7072,8673,1
7072,8674,1
7072,8675,1
7073,8676,1
7074,8677,1
7075,8678,1
7076,8679,1
7076,8680,1
7077,8681,1
7078,8682,1
7079,8683,1
7079,8684,1
7080,8687,1
7080,8688,1
7081,8689,1
7081,8690,1
7082,8691,1
7083,8692,1
7084,8693,3
7084,8694,1
7084,8695,1
7085,8699,1
7086,8700,1
7087,8701,2
7088,8702,1
7089,8703,1
7090,8704,2
7091,8705,1
7092,8706,1
7092,8707,1
7093,8708,1
7094,8709,1
7095,8710,1
7096,8711,1
7097,8712,1
7098,8713,1
7098,8714,1
7098,8715,1
7099,8716,1
7100,8717,1
7101,8718,1
7102,8719,1
7103,8720,1
7104,8722,1
7104,8723,1
7105,8724,1
7106,8725,1
7107,8726,1
7108,8727,1
7109,8728,1
7110,8729,1
7111,8730,1
7112,8731,1
7112,8732,2
7112,8733,1
7113,8734,1
7113,8735,1
7114,8736,1
7115,8738,1
7115,8739,1
7116,8740,1
7117,8741,2
7118,8742,1
7119,8743,1
7119,8744,1
7120,8745,1
7121,8746,1
7122,8747,1
7123,8748,1
7123,8750,1
7124,8749,1
7125,8751,1
7125,8752,1
7126,8753,1
7127,8754,1
7128,8755,1
7129,8756,2
7130,8757,1
7131,8758,1
7132,8759,2
7133,8760,1
7133,8762,1
7134,8761,3
7135,8763,1
7136,8765,1
7137,8766,2
7138,8767,2
7138,8768,1
7138,8769,1
7138,8770,2
7139,8771,1
7140,8772,1
7140,8773,1
7141,8774,1
7142,8775,1
7143,8776,2
7144,8777,2
7145,8778,1
7146,8779,1
7147,8780,1
7148,8781,1
7148,8782,2
7149,8783,1
7149,8784,1
7149,8785,1
7150,8786,1
7151,8787,1
7152,8788,1
7152,8789,1
7153,8790,1
7154,8791,1
7155,8794,1
7156,8795,1
7157,8796,1
7158,8797,1
7158,8798,1
7159,8799,1
7160,8800,1
7160,8801,1
7160,8802,2
7161,8803,1
7162,8804,1
7162,8805,1
7163,8806,2
7164,8808,1
7165,8809,1
7166,8810,1
7166,8812,1
7167,8811,1
7168,8813,1
7169,8814,1
7170,8818,1
7170,8819,2
7171,8820,2
7172,8821,2
7173,8822,3
7174,8823,1
7175,8824,1
7175,8825,1
7176,8826,2
7177,8827,2
7178,8828,1
7179,8829,1
7180,8830,1
7181,8831,1
7182,8832,1
7183,8833,1
7184,8835,1
7185,8836,1
7186,8841,2
7187,8842,1
7188,8843,1
7189,8844,1
7190,8845,1
7190,8846,1
7191,8847,1
7192,8848,1
7193,8849,1
7194,8850,1
7195,8851,1
7196,8852,1
7197,8853,1
7198,8854,1
7199,8855,1
7200,8856,1
7201,8857,1
7202,8858,1
7203,8861,1
7204,8862,1
7205,8863,1
7206,8864,1
7207,8865,1
7208,8866,1
7209,8867,3
7210,8868,1
7210,8869,1
7210,8870,1
7211,8871,1
7212,8872,1
7213,8873,1
7214,8874,1
7214,8875,1
7215,8876,2
7216,8877,2
7217,8878,1
7218,8879,1
7219,8880,1
7219,8881,1
7220,8882,1
7221,8883,1
7222,8884,1
7222,8885,2
7223,8886,1
7224,8887,1
7224,8888,1
7225,8889,1
7225,8890,1
7226,8891,1
7227,8892,1
7228,8893,3
7229,8894,1
7229,8895,1
7230,8896,1
7231,8897,1
7232,8898,1
7233,8899,1
7234,8900,1
7234,8901,3
7235,8902,1
7236,8903,1
7236,8904,1
7237,8905,1
7238,8906,1
7239,8907,1
7239,8908,1
7240,8909,1
7241,8910,3
7242,8911,1
7242,8912,1
7242,8913,1
7243,8914,1
7244,8915,1
7245,8916,1
7246,8917,1
7247,8918,1
7247,8919,1
7248,8920,1
7249,8921,1
7250,8923,1
7251,8924,1
7251,8925,1
7252,8926,1
7252,8927,1
7252,8928,1
7253,8929,1
7254,8931,1
7255,8932,1
7256,8933,2
7256,8934,1
7256,8936,1
7257,8935,1
7258,8937,1
7259,8938,2
7260,8941,1
7261,8942,1
7262,8943,1
7263,8944,1
7264,8945,1
7265,8946,2
7266,8947,2
7266,8948,1
7267,8949,1
7268,8950,1
7269,8951,1
7269,8952,1
7269,8953,1
7270,8954,1
7271,8955,1
7272,8956,1
7273,8957,1
7274,8958,1
7275,8959,2
7276,8960,1
7277,8961,1
7278,8962,1
7279,8963,1
7279,8964,1
7280,8966,1
7281,8967,1
7281,8968,1
7282,8971,1
7283,8972,1
7284,8973,1
7285,8976,1
7286,8977,1
7286,8978,1
7287,8979,1
7288,8980,1
7289,8981,1
7290,8982,2
7291,8983,1
7292,8984,1
7293,8985,1
7294,8986,1
7294,8987,1
7295,8988,1
7295,8989,1
7296,8992,1
7297,8993,1
7298,8994,1
7299,8995,1
7300,8996,1
7301,8997,1
7301,8998,1
7302,8999,2
7303,9000,1
7304,9001,1
7305,9002,2
7306,9007,1
7306,9008,1
7307,9009,1
7308,9010,3
7309,9011,3
7310,9012,1
7311,9013,1
7311,9014,1
7312,9015,1
7312,9016,1
7312,9017,1
7312,9018,1
7313,9019,1
7314,9020,1
7315,9022,1
7316,9023,2
7317,9024,2
7318,9025,1
7319,9026,3
7320,9028,1
7321,9029,1
7322,9030,1
7323,9031,1
7324,9032,1
7325,9033,1
7326,9034,1
7327,9035,1
7328,9036,1
7329,9037,1
7330,9038,1
7330,9039,1
7331,9040,1
7332,9041,2
7333,9042,1
7334,9043,1
7334,9044,3
7335,9045,1
7336,9046,1
7337,9047,1
7337,9048,1
7338,9049,1
7339,9050,1
7340,9051,1
7341,9052,1
7342,9053,1
7343,9054,1
7344,9055,1
7344,9056,2
7345,9057,1
7346,9058,1
7347,9059,1
7347,9060,2
7348,9061,1
7349,9062,1
7350,9063,1
7351,9064,1
7352,9065,1
7353,9066,1
7354,9067,1
7355,9068,1
7356,9069,1
7357,9070,1
7358,9071,1
7359,9072,1
7360,9073,3
7361,9074,1
7362,9075,2
7362,9076,1
7363,9077,1
7364,9078,1
7365,9079,1
7366,9080,1
7367,9081,1
7368,9082,2
7368,9083,1
7368,9084,1
7369,9085,1
7370,9086,1
7371,9087,1
7372,9088,3
7373,9089,1
7374,9090,3
7375,9091,1
7376,9092,2
7377,9093,1
7378,9094,1
7379,9095,1
7380,9096,2
7381,9097,1
7381,9098,1
7382,9099,3
7382,9100,1
7383,9101,1
7384,9102,1
7385,9103,1
7386,9104,1
7387,9105,1
7387,9106,1
7388,9107,1
7389,9108,1
7390,9109,1
7391,9110,2
7392,9111,2
7393,9112,1
7394,9113,1
7395,9114,1
7396,9115,1
7397,9116,1
7398,9117,1
7398,9118,2
7399,9119,1
7400,9120,1
7401,9121,1
7402,9122,1
7403,9123,1
7403,9124,1
7404,9125,2
7405,9126,1
7406,9127,1
7407,9128,1
7408,9129,1
7409,9130,1
7410,9131,1
7411,9132,2
7412,9133,1
7413,9134,1
7414,9135,2
7415,9136,1
7416,9137,1
7417,9138,1
7418,9139,1
7419,9140,1
7419,9141,1
7420,9142,1
7421,9143,3
7422,9144,1
7422,9145,1
7423,9146,1
7424,9150,1
7425,9151,1
7426,9152,1
7427,9153,1
7428,9154,1
7429,9155,1
7430,9156,2
7431,9157,1
7432,9158,1
7433,9159,2
7434,9160,2
7435,9161,1
7436,9162,1
7437,9163,2
7438,9164,2
7439,9165,1
7440,9166,3
7441,9167,2
7442,9168,1
7443,9169,1
7443,9171,1
7443,9172,1
7444,9170,1
7445,9173,2
7446,9174,1
7446,9175,1
7446,9176,1
7447,9177,1
7448,9178,1
7449,9179,1
7449,9180,1
7449,9181,2
7450,9182,1
7451,9183,1
7452,9184,1
7453,9185,1
7454,9186,2
7455,9187,1
7456,9188,1
7457,9189,1
7457,9191,1
7458,9190,1
7459,9192,1
7460,9193,1
7461,9194,1
7461,9195,1
7462,9196,1
7462,9197,2
7463,9198,1
7464,9199,1
7465,9200,2
7466,9201,1
7467,9202,1
7467,9203,1
7468,9204,1
7469,9205,3
7470,9206,1
7470,9207,1
7471,9208,1
7472,9210,1
7473,9211,1
7474,9212,1
7475,9213,1
7476,9214,1
7477,9215,2
7478,9216,1
7479,9217,1
7479,9218,1
7480,9219,1
7480,9220,1
7481,9221,1
7481,9222,1
7482,9223,1
7483,9224,1
7484,9225,1
7484,9226,1
7485,9227,1
7486,9228,1
7487,9229,1
7488,9230,1
7488,9231,1
7488,9232,3
7488,9233,1
7489,9234,1
7490,9235,1
7491,9236,3
7491,9237,1
7491,9238,1
7492,9239,1
7493,9240,1
7494,9242,1
7495,9243,1
7496,9244,2
7497,9245,1
7497,9246,1
7498,9247,1
7499,9248,1
7500,9249,1
7501,9250,1
7502,9252,2
7502,9253,1
7502,9254,1
7503,9256,2
7504,9258,1
7505,9259,1
7506,9260,1
7507,9261,1
7508,9262,1
7509,9263,1
7509,9264,1
7509,9265,1
7510,9266,1
7511,9267,1
7512,9268,2
7513,9269,2
7514,9271,1
7514,9272,1
7515,9273,1
7516,9274,1
7517,9275,1
7518,9276,1
7518,9278,1
7519,9277,1
7520,9279,1
7521,9280,1
7522,9281,1
7522,9282,1
7523,9283,1
7523,9284,1
7523,9285,1
7524,9286,1
7525,9287,1
7526,9288,1
7527,9289,1
7528,9290,1
7529,9291,1
7529,9293,1
7530,9292,1
7531,9294,1
7532,9295,1
7533,9296,1
7534,9297,1
7535,9298,1
7536,9299,2
7537,9300,1
7538,9301,1
7539,9302,1
7540,9303,1
7541,9304,1
7542,9305,1
7543,9306,1
7544,9307,1
7544,9308,1
7544,9309,1
7545,9310,1
7546,9311,1
7547,9312,1
7548,9313,2
7549,9314,1
7550,9315,2
7551,9316,1
7552,9317,1
7553,9318,1
7554,9319,1
7554,9320,1
7555,9321,1
7556,9322,1
7556,9323,1
7557,9325,1
7558,9326,1
7559,9327,2
7559,9328,1
7560,9329,1
7561,9330,2
7562,9331,1
7563,9332,1
7564,9333,1
7565,9334,1
7566,9335,1
7567,9336,1
7568,9337,3
7569,9338,1
7569,9339,1
7570,9340,1
7570,9341,1
7571,9342,1
7572,9345,1
7573,9346,2
7573,9347,2
7574,9348,1
7575,9349,1
7575,9350,1
7575,9351,1
7576,9352,1
7577,9353,1
7577,9354,2
7577,9355,1
7578,9359,2
7579,9360,1
7580,9361,1
7581,9362,1
7582,9363,1
7583,9364,2
7583,9365,1
7584,9366,1
7585,9367,1
7586,9369,1
7587,9370,1
7588,9371,1
7589,9372,1
7590,9373,1
7591,9374,1
7592,9375,1
7592,9376,2
7593,9377,1
7594,9378,1
7595,9379,1
7596,9380,1
7597,9381,1
7598,9382,1
7598,9383,1
7598,9384,1
7598,9385,1
7599,9386,2
7600,9387,1
7600,9388,1
7600,9389,2
7601,9390,1
7602,9391,1
7603,9392,1
7604,9393,1
7605,9395,1
7605,9396,1
7605,9397,1
7606,9398,1
7606,9399,1
7607,9400,1
7608,9401,1
7609,9402,1
7610,9403,1
7611,9404,1
7611,9405,1
7612,9406,1
7613,9407,1
7614,9409,1
7615,9410,1
7616,9411,1
7617,9414,1
7618,9415,1
7619,9416,1
7620,9417,1
7621,9418,2
7622,9419,1
7623,9420,1
7624,9421,2
7624,9422,1
7625,9427,2
7626,9428,1
7627,9429,1
7628,9430,2
7629,9431,1
7630,9432,3
7631,9433,1
7632,9434,1
7632,9435,1
7633,9436,1
7634,9437,1
7635,9438,1
7635,9439,1
7636,9440,1
7637,9441,1
7638,9443,2
7639,9444,1
7640,9445,1
7641,9447,1
7642,9448,1
7642,9449,1
7642,9450,1
7643,9451,1
7643,9452,1
7644,9453,1
7645,9454,1
7646,9455,2
7647,9456,1
7648,9457,1
7649,9458,1
7650,9460,1
7650,9461,1
7651,9462,1
7651,9463,1
7652,9464,1
7653,9465,2
7654,9466,1
7654,9467,1
7655,9468,1
7656,9469,1
7657,9470,1
7658,9471,1
7659,9472,1
7659,9473,1
7660,9474,1
7661,9475,1
7662,9476,1
7663,9477,1
7664,9478,1
7665,9479,1
7665,9480,3
7666,9482,1
7667,9483,1
7668,9484,1
7669,9485,1
7670,9486,1
7671,9487,1
7672,9488,1
7673,9489,2
7674,9490,2
7675,9491,1
7676,9492,1
7677,9493,2
7677,9494,1
7678,9495,1
7679,9496,1
7680,9497,1
7681,9498,1
7682,9499,1
7683,9501,1
7683,9502,1
7684,9503,1
7685,9504,1
7686,9505,1
7687,9506,2
7688,9507,1
7688,9508,2
7688,9509,1
7689,9510,1
7690,9511,1
7691,9512,1
7692,9513,1
7693,9514,1
7694,9515,1
7695,9516,1
7696,9517,1
7696,9518,1
7696,9519,1
7697,9520,1
7697,9521,2
7697,9522,1
7698,9523,2
7699,9524,1
7699,9525,1
7699,9526,2
7700,9527,1
7701,9528,1
7702,9529,3
7703,9530,1
7704,9531,1
7705,9532,2
7706,9533,1
7707,9534,1
7708,9535,2
7709,9536,2
7710,9537,1
7711,9538,3
7712,9539,1
7713,9540,1
7713,9541,1
7714,9542,1
7715,9545,1
7716,9546,1
7717,9547,1
7718,9548,1
7719,9549,1
7720,9550,1
7721,9551,1
7722,9552,1
7723,9553,1
7724,9554,1
7725,9555,1
7726,9556,1
7727,9557,1
7727,9558,1
7728,9559,1
7729,9560,1
7730,9561,1
7731,9562,1
7732,9563,1
7733,9564,1
7734,9565,1
7735,9566,1
7735,9567,1
7735,9568,1
7736,9569,1
7737,9570,1
7737,9571,1
7738,9572,1
7739,9574,1
7740,9575,1
7741,9576,1
7742,9577,1
7742,9578,1
7743,9579,1
7744,9580,1
7745,9581,1
7745,9582,1
7746,9583,1
7747,9584,1
7747,9585,1
7748,9586,1
7749,9587,1
7749,9588,1
7750,9589,1
7751,9590,2
7752,9591,1
7753,9592,2
7754,9593,1
7755,9594,1
7756,9595,1
7756,9596,1
7756,9597,1
7757,9598,1
7758,9599,1
7759,9600,1
7759,9601,2
7760,9602,1
7761,9603,1
7762,9604,2
7762,9605,1
7763,9606,1
7764,9607,1
7765,9608,1
7766,9609,1
7767,9610,1
7768,9611,1
7769,9613,1
7770,9615,1
7771,9616,2
7772,9617,1
7772,9618,3
7773,9620,1
7774,9621,1
7775,9622,1
7776,9623,1
7776,9624,1
7776,9626,1
7777,9625,1
7778,9627,2
7779,9628,1
7779,9629,1
7780,9630,2
7781,9631,1
7782,9632,1
7782,9633,1
7783,9634,1
7784,9635,1
7785,9636,1
7785,9637,1
7785,9638,1
7786,9639,1
7787,9640,1
7788,9641,1
7789,9642,1
7790,9643,1
7791,9644,1
7792,9645,1
7793,9646,1
7794,9647,1
7795,9648,1
7795,9649,1
7795,9650,1
7796,9651,2
7797,9652,1
7798,9653,1
7799,9654,1
7800,9655,1
7801,9656,1
7802,9657,1
7803,9658,1
7804,9659,3
7805,9660,1
7806,9661,3
7806,9662,2
7807,9663,1
7808,9664,1
7809,9665,2
7809,9666,1
7810,9667,1
7811,9668,1
7812,9669,1
7812,9670,1
7813,9671,1
7813,9672,1
7814,9673,1
7815,9674,1
7815,9675,1
7816,9676,1
7816,9677,1
7817,9678,1
7817,9679,2
7818,9680,3
7819,9681,3
7820,9683,1
7820,9684,1
7820,9685,1
7821,9686,1
7822,9687,1
7823,9688,1
7824,9689,1
7825,9690,1
7826,9691,1
7827,9692,1
7828,9693,1
7829,9694,2
7829,9695,1
7830,9696,2
7831,9697,1
7832,9698,1
7833,9699,1
7834,9700,2
7835,9701,2
7835,9702,1
7835,9703,2
7836,9704,1
7836,9705,1
7836,9706,1
7837,9707,1
7838,9708,1
7839,9709,1
7840,9710,1
7841,9711,2
7842,9712,1
7843,9713,2
7844,9714,2
7845,9715,2
7846,9719,1
7847,9720,1
7848,9721,1
7849,9722,1
7850,9723,1
7851,9724,1
7852,9725,1
7853,9726,1
7854,9727,1
7855,9728,1
7856,9729,1
7856,9730,1
7856,9731,1
7857,9732,1
7858,9733,1
7859,9734,1
7860,9735,1
7861,9736,1
7861,9737,1
7861,9738,1
7862,9739,1
7863,9740,1
7863,9741,1
7864,9742,1
7865,9744,1
7866,9745,2
7867,9746,1
7868,9747,1
7869,9748,1
7870,9749,1
7871,9750,1
7872,9751,1
7873,9752,1
7874,9753,1
7875,9754,1
7875,9755,1
7876,9756,1
7877,9757,1
7878,9758,1
7879,9759,1
7879,9760,1
7880,9761,1
7881,9762,1
7881,9763,1
7882,9764,1
7883,9765,2
7884,9766,1
7884,9767,1
7885,9768,1
7886,9769,1
7887,9770,1
7887,9771,1
7888,9772,1
7889,9776,2
7890,9777,1
7891,9778,1
7892,9779,1
7893,9780,1
7893,9781,1
7893,9782,1
7894,9783,1
7895,9784,1
7895,9785,1
7896,9786,1
7897,9787,1
7897,9788,2
7898,9789,1
7899,9790,2
7900,9793,1
7901,9794,1
7902,9795,1
7903,9796,1
7904,9797,1
7905,9798,1
7906,9800,1
7907,9801,1
7908,9802,3
7909,9803,1
7910,9804,2
7911,9805,1
7912,9806,1
7913,9807,1
7914,9808,1
7915,9809,1
7916,9810,1
7916,9811,1
7916,9812,1
7917,9813,2
7918,9814,1
7919,9815,1
7920,9816,1
7921,9818,1
7922,9819,1
7923,9820,1
7923,9821,1
7924,9822,1
7925,9823,1
7926,9824,2
7926,9825,1
7927,9826,2
7927,9827,1
7928,9828,1
7929,9829,2
7930,9830,1
7931,9831,1
7932,9832,1
7933,9833,2
7934,9834,1
7935,9836,2
7935,9837,1
7936,9838,1
7937,9839,1
7938,9840,2
7939,9841,1
7939,9842,1
7940,9843,2
7941,9844,1
7942,9845,2
7942,9846,1
7942,9847,1
7943,9848,1
7943,9849,1
7944,9850,1
7944,9851,1
7945,9854,1
7946,9855,1
7947,9857,1
7948,9858,1
7949,9859,1
7950,9860,1
7951,9861,1
7951,9862,1
7952,9863,1
7952,9864,1
7953,9865,2
7954,9866,2
7954,9867,1
7955,9868,1
7956,9869,1
7957,9870,1
7958,9871,1
7959,9872,1
7960,9873,1
7961,9874,1
7961,9875,1
7961,9876,1
7962,9877,1
7963,9878,1
7964,9879,1
7964,9880,1
7965,9881,1
7966,9887,1
7967,9888,1
7968,9889,1
7969,9890,2
7970,9891,1
7971,9893,1
7971,9894,1
7972,9895,1
7973,9896,1
7974,9897,1
7975,9898,3
7975,9899,1
7975,9900,1
7976,9901,1
7977,9902,1
7978,9903,1
7978,9905,1
7979,9904,1
7980,9907,1
7981,9908,1
7982,9909,1
7983,9911,1
7983,9912,1
7984,9913,1
7985,9914,1
7986,9915,1
7986,9916,2
7986,9917,1
7987,9918,1
7988,9919,1
7989,9920,1
7990,9921,1
7990,9922,1
7990,9923,1
7991,9924,1
7992,9925,1
7993,9926,1
7993,9927,1
7993,9928,2
7994,9929,1
7995,9930,2
7996,9931,1
7997,9932,2
7998,9933,1
7999,9934,1
8000,9935,1
8001,9936,3
8001,9937,1
8001,9938,1
8002,9939,1
8003,9940,1
8004,9941,1
8005,9942,1
8005,9943,1
8006,9944,2
8007,9945,1
8008,9946,1
8008,9947,1
8009,9948,1
8010,9949,1
8011,9952,1
8012,9953,1
8012,9954,1
8013,9955,1
8014,9956,1
8015,9957,1
8015,9958,1
8016,9959,2
8016,9960,1
8017,9961,1
8017,9962,1
8018,9963,1
8019,9964,1
8020,9965,1
8020,9966,1
8021,9967,1
8022,9968,1
8023,9969,1
8024,9970,1
8025,9971,1
8026,9972,1
8027,9973,1
8028,9974,2
8029,9975,1
8030,9976,1
8031,9977,1
8032,9978,1
8033,9979,1
8034,9980,1
8035,9981,1
8036,9982,1
8037,9983,1
8037,9984,1
8037,9985,1
8038,9986,2
8039,9987,1
8040,9988,1
8041,9989,1
8042,9990,1
8042,9991,3
8043,9992,1
8044,9993,1
8045,9994,1
8046,9996,1
8047,9997,1
8048,9998,2
8049,9999,1
8050,10001,2
8051,10002,1
8052,10003,2
8053,10004,2
8053,10005,1
8053,10006,1
8054,10009,1
8055,10010,1
8056,10011,3
8057,10012,1
8058,10013,1
8058,10014,2
8059,10015,2
8059,10016,1
8060,10017,3
8061,10018,1
8062,10019,3
8063,10020,3
8063,10021,1
8064,10023,1
8065,10024,1
8066,10025,1
8067,10026,1
8068,10027,1
8069,10028,2
8069,10029,1
8070,10030,1
8070,10031,1
8070,10032,1
8070,10033,1
8071,10034,1
8072,10037,1
8073,10038,1
8074,10039,1
8075,10040,1
8076,10041,1
8076,10042,2
8077,10043,1
8077,10044,1
8077,10045,1
8078,10046,2
8079,10047,1
8080,10049,1
8080,10050,1
8081,10051,1
8082,10052,1
8082,10053,1
8083,10054,1
8083,10055,1
8084,10056,1
8085,10057,2
8085,10058,2
8086,10059,1
8087,10060,2
8088,10061,1
8088,10062,1
8089,10063,1
8090,10064,1
8091,10065,2
8092,10066,1
8093,10067,1
8094,10069,1
8094,10070,1
8095,10072,1
8096,10073,2
8096,10074,1
8096,10075,1
8097,10076,1
8098,10077,2
8099,10078,1
8100,10079,1
8101,10081,2
8102,10082,2
8102,10083,1
8103,10084,1
8104,10085,1
8105,10086,1
8106,10087,1
8107,10088,1
8107,10089,1
8108,10090,1
8109,10091,1
8109,10092,1
8109,10093,1
8110,10094,2
8111,10095,1
8112,10096,2
8113,10097,1
8114,10098,2
8115,10099,2
8116,10100,1
8117,10101,1
8118,10102,1
8119,10103,2
8120,10104,1
8121,10105,2
8122,10106,1
8122,10107,1
8122,10108,1
8123,10109,1
8124,10110,1
8125,10111,1
8125,10112,1
8125,10113,1
8125,10114,1
8126,10115,3
8126,10118,1
8127,10116,1
8128,10117,1
8129,10119,1
8130,10120,2
8131,10121,1
8131,10122,1
8131,10123,1
8132,10124,1
8133,10125,1
8134,10126,1
8135,10127,2
8135,10128,1
8136,10129,1
8136,10130,2
8137,10132,2
8138,10133,1
8139,10134,1
8139,10135,1
8140,10136,1
8141,10137,1
8142,10138,1
8142,10139,1
8142,10140,1
8142,10141,1
8143,10142,2
8144,10143,2
8145,10144,1
8146,10145,1
8147,10146,1
8148,10147,1
8149,10148,1
8150,10149,1
8150,10150,1
8150,10151,1
8151,10152,1
8152,10153,1
8153,10154,1
8154,10155,1
8155,10156,1
8156,10157,1
8157,10158,1
8157,10159,1
8157,10160,1
8158,10161,1
8159,10162,1
8160,10163,2
8160,10164,2
8160,10165,1
8161,10166,1
8162,10167,1
8162,10169,1
8162,10170,1
8163,10168,1
8164,10171,1
8165,10172,1
8165,10173,1
8166,10174,1
8167,10175,1
8168,10176,2
8168,10177,2
8169,10178,1
8170,10179,1
8171,10180,1
8172,10181,1
8173,10183,1
8174,10184,1
8175,10185,1
8176,10186,1
8177,10187,1
8178,10188,1
8179,10189,2
8179,10190,1
8180,10191,2
8181,10192,1
8182,10193,1
8183,10194,1
8184,10195,1
8184,10196,1
8185,10197,2
8186,10200,1
8187,10201,1
8188,10202,2
8189,10203,1
8190,10204,1
8190,10205,3
8190,10206,1
8191,10211,1
8192,10212,1
8192,10213,1
8193,10214,1
8193,10215,1
8194,10216,1
8195,10217,1
8196,10218,1
8197,10219,1
8198,10220,1
8199,10221,1
8200,10222,1
8201,10223,1
8201,10224,1
8201,10225,1
8202,10226,1
8203,10227,1
8204,10228,1
8205,10229,1
8206,10230,1
8206,10231,1
8206,10232,1
8207,10236,1
8208,10237,1
8209,10238,1
8210,10239,1
8210,10240,1
8211,10241,1
8212,10242,2
8213,10243,3
8214,10244,3
8215,10245,1
8215,10246,1
8215,10247,1
8216,10248,1
8216,10249,1
8216,10250,1
8217,10251,2
8218,10252,1
8219,10253,1
8220,10254,1
8221,10255,1
8221,10256,3
8221,10257,1
8222,10258,2
8223,10259,1
8224,10260,1
8225,10261,1
8226,10262,1
8227,10263,1
8228,10264,1
8229,10265,1
8229,10266,1
8230,10267,1
8231,10268,1
8232,10269,2
8233,10271,2
8234,10272,1
8234,10273,1
8235,10274,1
8236,10275,1
8237,10276,1
8238,10277,2
8239,10278,1
8240,10279,1
8241,10280,1
8242,10281,1
8243,10282,1
8243,10283,1
8244,10284,1
8245,10285,1
8246,10286,2
8247,10287,2
8247,10288,1
8248,10289,1
8249,10290,1
8250,10291,1
8251,10292,2
8252,10293,1
8253,10294,1
8253,10295,3
8254,10296,1
8255,10297,1
8256,10298,2
8257,10299,1
8258,10300,2
8259,10301,1
8260,10302,1
8260,10303,1
8261,10304,1
8261,10305,1
8262,10306,1
8263,10307,1
8263,10308,2
8264,10309,1
8265,10310,1
8266,10311,1
8266,10312,1
8267,10313,1
8268,10314,1
8268,10315,2
8269,10316,1
8270,10317,2
8271,10318,1
8272,10319,1
8273,10320,1
8273,10321,1
8274,10322,1
8274,10323,2
8275,10324,1
8276,10325,1
8277,10326,1
8277,10327,1
8278,10328,1
8279,10329,1
8279,10330,1
8280,10331,3
8281,10332,1
8282,10333,3
8283,10334,1
8283,10335,1
8284,10336,1
8285,10337,1
8286,10338,1
8287,10339,1
8287,10340,1
8288,10341,1
8288,10342,1
8289,10343,1
8290,10344,1
8290,10345,1
8291,10346,1
8292,10347,1
8293,10350,2
8294,10352,1
8294,10353,1
8295,10354,1
8296,10355,1
8297,10356,1
8298,10357,1
8299,10358,1
8300,10359,2
8301,10360,1
8301,10361,1
8302,10362,1
8303,10363,3
8303,10364,1
8303,10365,1
8304,10367,1
8305,10368,1
8306,10369,1
8307,10370,1
8308,10371,1
8309,10372,2
8309,10373,1
8310,10374,1
8311,10375,1
8312,10377,1
8313,10378,1
8314,10379,1
8315,10380,1
8316,10381,1
8317,10382,1
8318,10383,1
8319,10384,1
8320,10385,2
8321,10386,1
8322,10387,1
8323,10388,1
8324,10389,1
8325,10390,1
8325,10391,1
8326,10392,1
8327,10393,2
8327,10394,1
8328,10395,1
8329,10396,1
8329,10397,1
8330,10398,1
8330,10399,1
8331,10400,1
8331,10401,1
8332,10402,1
8333,10403,3
8334,10404,1
8334,10405,1
8335,10406,1
8335,10407,1
8336,10408,1
8337,10410,1
8337,10411,1
8337,10412,1
8338,10413,1
8339,10414,1
8340,10415,1
8341,10417,2
8341,10418,1
8342,10419,2
8343,10420,1
8344,10421,1
8345,10422,1
8346,10423,1
8347,10428,1
8348,10429,1
8349,10430,1
8350,10431,3
8351,10432,1
8351,10433,2
8351,10434,1
8352,10435,2
8352,10436,1
8353,10437,1
8354,10438,2
8354,10439,1
8355,10440,1
8356,10441,3
8357,10442,1
8358,10443,1
8359,10444,1
8360,10445,1
8361,10446,1
8362,10447,1
8363,10448,1
8364,10449,1
8365,10450,1
8366,10451,3
8367,10452,1
8367,10453,1
8367,10454,1
8368,10455,1
8368,10456,1
8369,10457,1
8370,10459,1
8370,10460,1
8370,10461,2
8371,10462,1
8372,10463,1
8373,10465,1
8373,10466,2
8374,10467,1
8374,10468,1
8375,10469,2
8376,10470,1
8377,10471,1
8378,10474,1
8378,10475,1
8378,10476,1
8379,10477,1
8379,10478,1
8379,10479,1
8379,10480,1
8380,10481,1
8381,10482,1
8382,10483,1
8382,10485,1
8382,10486,1
8382,10487,1
8383,10484,2
8384,10488,1
8385,10489,1
8386,10490,2
8387,10491,2
8388,10492,1
8389,10496,1
8390,10497,1
8391,10498,1
8392,10499,1
8393,10500,1
8394,10501,1
8395,10502,1
8396,10503,1
8397,10504,1
8398,10505,2
8399,10506,1
8400,10507,1
8400,10508,1
8400,10509,1
8401,10510,1
8401,10511,2
8401,10512,1
8402,10514,1
8403,10515,1
8404,10516,1
8404,10517,1
8404,10518,1
8405,10519,1
8405,10520,1
8405,10521,1
8406,10522,1
8407,10523,2
8408,10524,2
8409,10525,1
8410,10526,1
8411,10528,1
8412,10529,1
8413,10530,1
8414,10531,2
8414,10532,1
8415,10533,1
8415,10534,1
8416,10535,1
8417,10536,1
8418,10537,1
8419,10538,1
8419,10539,1
8420,10540,1
8420,10541,1
8421,10542,1
8422,10543,1
8422,10544,1
8423,10545,2
8423,10546,2
8423,10547,1
8424,10548,2
8425,10549,1
8426,10550,1
8427,10551,1
8428,10553,1
8428,10554,1
8429,10555,1
8430,10556,1
8430,10557,1
8430,10558,1
8431,10559,1
8432,10560,1
8432,10561,1
8433,10562,1
8434,10563,1
8435,10564,1
8436,10565,1
8437,10566,1
8438,10567,2
8438,10568,1
8438,10569,2
8439,10570,1
8440,10571,1
8441,10572,2
8442,10573,2
8442,10574,1
8443,10575,2
8444,10576,1
8444,10577,1
8444,10578,1
8445,10579,1
8446,10580,2
8447,10581,1
8448,10582,1
8449,10583,1
8450,10584,1
8451,10585,3
8452,10586,1
8453,10587,1
8454,10588,3
8455,10589,1
8456,10590,1
8457,10591,1
8458,10592,1
8459,10595,1
8459,10596,1
8460,10597,1
8461,10598,1
8462,10599,2
8463,10600,1
8464,10603,1
8464,10604,1
8465,10605,1
8466,10606,1
8467,10607,1
8468,10608,1
8469,10609,2
8470,10610,2
8471,10611,2
8472,10612,1
8473,10613,1
8474,10614,1
8474,10615,1
8475,10616,1
8476,10617,1
8477,10618,1
8478,10619,1
8479,10620,2
8479,10621,1
8480,10622,1
8480,10623,1
8481,10624,1
8482,10625,1
8483,10626,1
8484,10627,2
8485,10628,2
8486,10629,1
8487,10630,1
8488,10631,2
8489,10632,2
8490,10633,1
8491,10634,1
8492,10635,1
8492,10636,1
8493,10637,2
8493,10638,1
8494,10639,1
8495,10640,1
8495,10641,1
8496,10642,1
8497,10643,1
8498,10644,1
8499,10645,1
8500,10646,1
8501,10647,1
8502,10648,1
8503,10649,2
8503,10651,2
8504,10650,1
8505,10652,1
8506,10653,1
8507,10655,1
8508,10656,2
8509,10658,1
8510,10659,1
8511,10660,1
8512,10663,1
8512,10664,1
8513,10665,1
8514,10666,1
8515,10667,1
8515,10668,1
8516,10669,1
8517,10670,1
8518,10671,1
8519,10672,1
8520,10673,1
8521,10674,2
8522,10675,1
8522,10676,1
8522,10677,1
8523,10678,1
8523,10679,1
8524,10680,1
8525,10681,1
8526,10682,1
8526,10683,1
8527,10684,1
8528,10685,1
8528,10686,2
8529,10687,1
8530,10688,1
8531,10689,2
8532,10690,1
8533,10691,2
8533,10692,1
8534,10693,1
8535,10694,1
8536,10695,1
8537,10696,1
8537,10697,1
8538,10698,1
8539,10699,1
8540,10700,1
8540,10701,1
8540,10702,1
8541,10703,1
8542,10704,1
8543,10705,1
8544,10706,1
8545,10707,1
8545,10708,1
8546,10709,1
8547,10710,1
8548,10711,1
8548,10712,1
8549,10713,1
8550,10714,1
8551,10715,1
8552,10716,2
8553,10717,1
8554,10718,1
8555,10719,1
8556,10720,1
8557,10721,1
8558,10722,1
8559,10723,3
8560,10724,1
8561,10725,3
8562,10726,1
8562,10727,2
8563,10728,1
8563,10729,1
8564,10730,1
8564,10731,2
8565,10732,1
8566,10733,1
8566,10734,1
8567,10735,1
8568,10736,2
8569,10737,1
8570,10738,2
8571,10739,1
8572,10740,1
8572,10741,1
8573,10742,1
8574,10743,1
8575,10744,1
8575,10745,1
8576,10746,1
8577,10747,1
8578,10748,1
8579,10749,1
8580,10750,1
8581,10751,1
8582,10753,1
8583,10754,1
8583,10755,2
8584,10756,1
8585,10757,1
8586,10758,1
8587,10759,2
8588,10760,1
8589,10761,1
8590,10762,3
8591,10763,1
8592,10764,1
8593,10765,1
8593,10766,1
8593,10767,1
8594,10768,1
8595,10771,1
8595,10772,1
8595,10773,1
8595,10774,1
8596,10775,1
8597,10776,2
8598,10777,1
8599,10778,1
8599,10780,1
8599,10781,1
8600,10779,1
8601,10783,1
8602,10784,1
8603,10785,1
8604,10786,2
8605,10787,1
8605,10788,1
8606,10789,1
8607,10791,1
8607,10792,1
8608,10793,2
8609,10794,1
8610,10795,1
8610,10796,1
8610,10797,1
8611,10798,1
8611,10799,1
8612,10800,2
8612,10801,1
8612,10802,1
8613,10803,1
8614,10804,1
8614,10805,1
8615,10806,1
8616,10807,1
8617,10809,1
8618,10811,1
8619,10812,3
8619,10813,2
8620,10814,1
8621,10815,1
8622,10816,1
8623,10817,1
8624,10818,2
8625,10819,1
8626,10820,1
8627,10821,1
8627,10822,1
8627,10823,1
8628,10824,1
8628,10825,2
8629,10826,1
8630,10827,1
8630,10828,1
8630,10829,2
8631,10830,1
8632,10831,1
8632,10832,1
8633,10833,1
8634,10834,1
8635,10835,1
8636,10836,1
8637,10837,2
8638,10838,1
8639,10839,1
8640,10840,3
8641,10841,1
8641,10842,1
8642,10843,1
8643,10844,1
8644,10845,1
8644,10846,1
8645,10847,1
8646,10848,1
8647,10849,2
8648,10850,1
8648,10851,1
8649,10852,1
8649,10853,1
8650,10854,1
8651,10855,1
8652,10856,1
8652,10858,2
8653,10857,1
8654,10859,2
8655,10860,1
8656,10861,1
8657,10862,1
8658,10863,1
8659,10864,1
8659,10865,1
8660,10866,1
8661,10867,1
8661,10868,1
8662,10869,1
8663,10870,1
8663,10871,1
8664,10872,1
8665,10873,3
8666,10874,2
8666,10875,1
8666,10876,1
8667,10877,1
8668,10878,2
8669,10879,1
8669,10880,1
8670,10881,1
8671,10882,2
8672,10883,1
8673,10884,2
8674,10885,2
8674,10886,1
8675,10887,1
8676,10889,2
8677,10890,1
8677,10891,2
8677,10892,1
8678,10893,1
8679,10894,1
8680,10895,1
8681,10896,1
8681,10897,1
8682,10898,1
8683,10899,1
8683,10900,1
8683,10901,2
8683,10902,1
8684,10903,1
8685,10904,1
8686,10905,1
8687,10906,1
8688,10907,1
8689,10908,1
8690,10909,1
8691,10910,1
8692,10911,1
8693,10912,1
8694,10913,1
8695,10914,1
8695,10915,1
8696,10916,1
8697,10917,1
8698,10918,1
8699,10919,2
8700,10920,1
8700,10921,1
8700,10922,1
8701,10923,1
8702,10924,1
8702,10925,1
8703,10926,1
8704,10927,1
8705,10928,1
8705,10929,2
8706,10930,1
8707,10931,1
8708,10933,1
8709,10934,1
8709,10935,2
8710,10936,1
8711,10937,1
8712,10938,1
8713,10939,1
8714,10940,2
8715,10941,3
8716,10942,1
8717,10943,1
8718,10944,1
8719,10945,1
8719,10946,1
8720,10947,1
8721,10948,1
8722,10949,2
8723,10950,1
8724,10951,1
8725,10952,1
8726,10953,1
8727,10954,1
8728,10955,2
8729,10956,1
8729,10957,1
8730,10958,1
8731,10961,1
8731,10962,2
8731,10963,1
8732,10964,1
8733,10965,1
8733,10966,1
8734,10967,1
8735,10968,3
8736,10969,1
8737,10970,1
8738,10971,1
8738,10972,1
8738,10973,1
8739,10974,1
8740,10975,2
8741,10976,1
8742,10977,1
8742,10978,1
8743,10979,2
8744,10980,1
8745,10982,1
8746,10983,2
8747,10987,1
8748,10988,1
8748,10989,1
8749,10990,1
8749,10991,1
8750,10992,1
8750,10993,1
8751,10994,1
8752,10995,1
8753,10996,1
8753,10997,1
8753,10998,1
8754,10999,1
8755,11000,2
8755,11001,2
8755,11002,1
8756,11004,3
8757,11005,1
8758,11006,1
8759,11007,2
8760,11008,1
8761,11009,3
8762,11010,2
8762,11011,1
8763,11012,1
8764,11013,1
8764,11014,2
8764,11015,1
8764,11016,1
8765,11017,1
8766,11018,1
8767,11019,1
8768,11020,1
8769,11021,1
8770,11022,1
8771,11024,1
8772,11025,1
8773,11026,2
8774,11029,1
8775,11030,1
8776,11031,1
8777,11035,1
8777,11036,1
8778,11037,1
8779,11038,1
8780,11039,1
8781,11040,1
8782,11041,2
8783,11042,1
8784,11043,1
8785,11044,1
8786,11045,1
8787,11046,1
8788,11047,1
8789,11048,1
8790,11049,1
8790,11050,1
8791,11051,2
8792,11052,1
8793,11053,1
8793,11054,1
8794,11055,3
8795,11056,1
8795,11057,1
8795,11058,1
8796,11059,2
8797,11060,1
8797,11061,2
8798,11062,2
8798,11063,1
8799,11064,1
8800,11065,1
8801,11066,1
8802,11067,1
8802,11068,1
8803,11069,1
8804,11070,1
8805,11071,1
8806,11072,1
8807,11074,1
8808,11075,1
8809,11076,1
8810,11077,1
8811,11078,1
8812,11079,1
8813,11080,1
8814,11081,1
8815,11083,1
8815,11084,1
8816,11085,1
8816,11086,1
8817,11087,1
8818,11088,2
8819,11089,3
8819,11090,2
8820,11091,1
8821,11092,1
8822,11093,1
8823,11094,1
8824,11095,1
8824,11096,1
8825,11097,2
8826,11098,1
8827,11099,1
8828,11100,1
8829,11101,1
8830,11102,1
8830,11104,1
8831,11103,1
8832,11105,3
8832,11106,1
8833,11107,1
8834,11108,1
8835,11109,1
8836,11110,1
8837,11111,1
8838,11112,1
8839,11113,3
8840,11114,1
8841,11115,2
8842,11116,1
8842,11118,1
8843,11117,1
8844,11119,3
8845,11120,1
8846,11121,1
8847,11122,1
8847,11123,1
8848,11124,1
8848,11125,1
8848,11127,1
8848,11128,1
8849,11126,1
8850,11130,1
8850,11131,1
8850,11132,1
8851,11133,1
8852,11134,1
8853,11135,2
8854,11136,3
8855,11137,1
8856,11138,1
8856,11139,1
8856,11140,1
8857,11141,1
8858,11142,1
8859,11143,1
8860,11144,1
8861,11145,1
8861,11146,1
8861,11147,1
8862,11148,3
8863,11149,3
8864,11151,1
8865,11152,1
8866,11153,1
8867,11154,1
8868,11155,1
8869,11156,1
8870,11157,1
8871,11158,1
8872,11159,1
8872,11160,1
8873,11161,1
8873,11162,1
8873,11163,1
8873,11164,1
8873,11165,1
8874,11166,1
8875,11167,1
8876,11168,2
8876,11169,1
8876,11171,1
8877,11170,1
8878,11172,2
8878,11173,1
8879,11174,1
8879,11175,1
8879,11176,1
8880,11177,1
8881,11178,1
8881,11179,1
8882,11180,1
8883,11181,1
8883,11182,1
8884,11185,1
8884,11186,1
8884,11187,1
8884,11188,1
8885,11189,1
8885,11190,1
8886,11191,1
8887,11192,1
8888,11193,1
8889,11194,1
8889,11195,1
8889,11196,1
8890,11197,1
8891,11198,1
8892,11199,2
8892,11200,1
8893,11201,1
8894,11202,1
8895,11203,1
8896,11204,1
8896,11205,1
8897,11206,1
8898,11207,1
8898,11208,1
8898,11209,1
8899,11210,1
8899,11211,1
8899,11212,1
8900,11213,1
8900,11215,1
8900,11216,1
8901,11214,1
8902,11217,1
8902,11218,1
8903,11219,1
8904,11220,1
8905,11221,2
8906,11222,1
8907,11223,1
8907,11224,1
8907,11225,1
8908,11226,1
8909,11227,3
8910,11228,1
8911,11229,1
8912,11231,1
8913,11234,1
8914,11235,1
8914,11236,1
8914,11237,1
8915,11238,1
8916,11239,1
8917,11240,1
8917,11241,1
8918,11242,1
8918,11243,2
8919,11244,1
8919,11245,1
8919,11246,1
8920,11247,1
8921,11248,1
8922,11249,3
8923,11250,1
8924,11251,1
8925,11252,1
8925,11253,1
8925,11254,1
8926,11255,2
8927,11256,1
8927,11257,1
8927,11258,1
8927,11259,1
8928,11262,1
8928,11263,1
8929,11264,1
8930,11265,1
8930,11266,1
8931,11267,1
8932,11268,1
8933,11273,1
8934,11274,1
8935,11275,1
8936,11276,1
8937,11277,1
8938,11278,1
8939,11279,1
8940,11280,1
8940,11282,1
8941,11281,1
8942,11283,1
8943,11284,1
8944,11285,1
8945,11286,1
8946,11287,1
8947,11288,1
8947,11289,1
8947,11290,1
8948,11291,1
8949,11292,1
8950,11293,1
8950,11294,1
8951,11295,2
8952,11296,1
8953,11297,1
8953,11298,1
8954,11299,1
8955,11300,1
8956,11303,1
8957,11304,1
8958,11305,3
8959,11306,2
8960,11307,1
8961,11308,2
8962,11309,1
8963,11310,1
8964,11313,1
8965,11314,1
8966,11315,2
8967,11316,1
8967,11317,1
8968,11318,1
8968,11319,1
8969,11320,1
8970,11321,1
8971,11322,1
8972,11323,1
8973,11324,1
8974,11325,1
8975,11326,1
8976,11327,1
8977,11330,1
8978,11331,2
8979,11332,1
8980,11333,1
8981,11334,1
8982,11335,1
8983,11336,2
8983,11337,1
8984,11338,1
8985,11339,2
8986,11340,1
8987,11341,1
8988,11342,1
8989,11343,1
8990,11344,1
8991,11345,1
8992,11346,2
8993,11347,1
8994,11348,2
8994,11349,1
8995,11350,1
8996,11351,1
8997,11352,1
8998,11354,1
8999,11357,1
9000,11358,2
9001,11359,2
9002,11360,1
9003,11361,1
9004,11362,1
9005,11363,1
9005,11364,1
9006,11365,2
9007,11366,1
9008,11367,1
9009,11368,1
9010,11369,1
9011,11370,1
9011,11371,3
9012,11372,1
9013,11373,1
9013,11374,1
9013,11375,1
9014,11376,1
9015,11377,2
9016,11378,2
9016,11379,1
9017,11380,1
9017,11381,1
9018,11382,1
9018,11384,1
9019,11383,1
9020,11385,1
9020,11386,1
9021,11387,1
9022,11388,1
9023,11389,1
9023,11391,1
9024,11390,1
9025,11392,1
9026,11393,2
9027,11394,1
9028,11395,1
9029,11396,1
9030,11397,1
9030,11398,1
9030,11399,1
9031,11400,1
9032,11401,1
9033,11402,1
9034,11403,2
9035,11404,1
9036,11405,1
9036,11406,1
9037,11407,1
9038,11408,1
9039,11409,1
9040,11410,2
9041,11411,1
9042,11412,1
9042,11413,1
9043,11414,1
9044,11415,1
9045,11416,2
9046,11419,1
9046,11420,1
9047,11421,1
9048,11422,1
9048,11423,1
9049,11424,1
9049,11425,1
9050,11426,1
9051,11427,1
9052,11428,1
9053,11429,1
9054,11430,1
9055,11431,1
9056,11432,1
9057,11433,1
9057,11434,1
9058,11435,1
9059,11436,2
9060,11437,1
9061,11438,1
9062,11439,1
9063,11440,1
9064,11441,1
9064,11442,1
9064,11443,1
9064,11444,2
9065,11445,1
9066,11446,2
9066,11447,2
9067,11448,1
9067,11449,2
9068,11450,1
9069,11451,1
9069,11452,1
9070,11453,1
9071,11454,1
9071,11455,1
9072,11456,1
9072,11457,1
9073,11458,1
9074,11459,1
9075,11460,1
9076,11461,1
9077,11462,1
9078,11463,1
9078,11464,1
9079,11465,1
9079,11467,1
9080,11466,1
9081,11468,1
9082,11469,1
9082,11470,1
9082,11471,1
9083,11472,1
9083,11473,1
9084,11474,1
9085,11475,1
9085,11476,3
9086,11477,2
9087,11478,1
9088,11479,1
9088,11480,1
9089,11481,1
9089,11483,1
9090,11482,1
9091,11484,1
9092,11485,1
9093,11486,1
9093,11487,1
9094,11488,1
9094,11489,1
9095,11490,3
9096,11491,1
9097,11493,2
9098,11494,1
9099,11495,1
9100,11496,1
9100,11497,1
9101,11498,1
9102,11499,2
9103,11500,1
9104,11501,1
9105,11502,1
9106,11503,1
9107,11504,1
9108,11506,1
9109,11507,1
9110,11508,1
9111,11509,3
9112,11510,1
9113,11511,1
9114,11512,2
9114,11513,1
9115,11514,1
9116,11515,2
9116,11516,2
9116,11517,1
9117,11518,3
9118,11519,1
9119,11520,1
9120,11523,1
9121,11524,1
9122,11525,1
9123,11526,1
9123,11527,1
9124,11529,1
9125,11530,1
9126,11531,1
9127,11532,1
9128,11533,1
9129,11534,1
9130,11535,2
9131,11536,2
9132,11537,1
9133,11538,1
9134,11539,1
9135,11540,1
9136,11545,1
9137,11546,1
9138,11547,1
9138,11548,1
9139,11549,1
9139,11550,1
9140,11551,1
9141,11552,1
9141,11553,1
9141,11554,2
9142,11555,1
9143,11556,1
9144,11557,2
9145,11558,1
9145,11559,1
9146,11560,1
9147,11561,1
9148,11562,1
9149,11563,1
9150,11565,1
9150,11566,1
9151,11567,1
9152,11568,1
9153,11569,1
9154,11570,1
9155,11571,1
9156,11572,1
9157,11573,1
9157,11574,2
9158,11575,1
9159,11576,1
9160,11577,1
9160,11578,1
9160,11579,1
9161,11580,1
9161,11581,1
9161,11582,2
9162,11583,1
9163,11584,1
9164,11585,1
9165,11586,2
9166,11587,2
9167,11588,1
9168,11589,1
9169,11590,1
9169,11591,1
9169,11592,1
9170,11593,1
9170,11594,2
9171,11595,1
9172,11596,1
9173,11597,1
9174,11598,3
9175,11599,1
9175,11600,1
9176,11601,1
9176,11602,1
9176,11603,1
9176,11604,1
9177,11605,1
9178,11608,2
9179,11609,1
9180,11610,1
9181,11611,1
9181,11612,1
9182,11616,1
9182,11617,1
9182,11618,1
9182,11619,1
9182,11620,1
9183,11621,1
9184,11622,1
9185,11623,1
9186,11624,2
9187,11625,1
9188,11626,1
9188,11627,2
9189,11629,1
9190,11630,1
9191,11631,1
9192,11632,1
9193,11633,1
9194,11634,1
9195,11635,1
9196,11636,1
9197,11638,1
9198,11639,2
9198,11640,1
9198,11641,1
9199,11642,1
9200,11643,1
9201,11644,1
9201,11645,1
9201,11646,1
9201,11647,1
9202,11648,2
9202,11649,1
9203,11650,1
9203,11651,1
9204,11652,1
9205,11653,1
9206,11654,1
9207,11655,2
9208,11656,1
9208,11657,1
9209,11658,3
9209,11659,3
9210,11660,1
9211,11661,1
9212,11662,1
9213,11663,1
9214,11664,1
9215,11665,1
9216,11666,1
9217,11667,1
9218,11668,1
9219,11669,1
9220,11670,2
9220,11671,1
9221,11672,1
9222,11674,1
9223,11675,1
9224,11676,2
9225,11677,1
9226,11678,1
9227,11679,1
9228,11680,1
9228,11681,3
9229,11682,1
9230,11683,1
9231,11684,1
9231,11685,1
9231,11686,1
9231,11687,1
9232,11688,1
9232,11689,1
9233,11690,1
9233,11691,1
9234,11692,1
9235,11693,1
9236,11694,1
9237,11695,1
9238,11696,1
9239,11697,1
9239,11698,1
9240,11699,2
9241,11700,1
9242,11701,1
9243,11702,1
9244,11703,1
9245,11704,1
9245,11705,2
9246,11706,1
9246,11707,1
9247,11710,1
9247,11711,1
9247,11712,1
9248,11713,2
9249,11714,1
9250,11715,2
9250,11716,1
9251,11717,1
9252,11718,1
9253,11719,2
9254,11720,1
9255,11721,3
9256,11722,1
9257,11724,1
9258,11725,1
9259,11726,1
9260,11727,1
9260,11728,1
9260,11729,1
9260,11730,2
9261,11731,1
9262,11732,1
9263,11733,1
9264,11734,1
9265,11735,1
9265,11736,1
9266,11737,1
9267,11738,1
9268,11739,1
9268,11740,1
9268,11741,1
9269,11742,1
9270,11743,1
9271,11744,2
9272,11745,1
9273,11746,1
9274,11747,1
9275,11748,1
9276,11749,1
9277,11750,1
9278,11751,2
9279,11752,1
9279,11753,1
9279,11754,1
9280,11755,1
9280,11756,1
9281,11757,1
9282,11758,1
9283,11759,1
9283,11760,1
9284,11761,2
9284,11762,1
9285,11763,1
9286,11764,1
9286,11766,1
9287,11765,1
9288,11767,1
9289,11768,2
9290,11770,1
9290,11771,2
9291,11772,1
9292,11773,1
9293,11774,1
9294,11775,1
9294,11776,1
9295,11777,2
9295,11778,1
9296,11779,1
9297,11780,1
9298,11782,2
9298,11783,1
9299,11784,2
9300,11785,1
9301,11786,1
9302,11787,1
9303,11788,1
9304,11789,1
9305,11790,1
9306,11791,2
9306,11792,1
9306,11793,2
9307,11794,2
9308,11795,1
9309,11796,1
9309,11797,1
9310,11798,1
9311,11799,2
9312,11800,1
9313,11801,1
9314,11802,1
9314,11803,1
9315,11804,1
9316,11805,1
9316,11806,1
9317,11807,1
9318,11808,1
9318,11809,1
9319,11810,1
9320,11811,2
9321,11812,1
9322,11813,1
9322,11814,1
9323,11815,1
9323,11816,1
9323,11817,2
9324,11818,2
9325,11819,1
9326,11820,1
9326,11821,1
9327,11822,1
9328,11823,1
9329,11824,2
9329,11825,1
9330,11826,1
9331,11827,1
9332,11828,1
9333,11829,1
9334,11830,1
9335,11831,1
9335,11832,1
9336,11833,1
9337,11834,1
9338,11835,1
9339,11836,1
9340,11837,1
9341,11838,2
9342,11839,1
9342,11840,1
9343,11841,1
9344,11842,1
9344,11843,3
9345,11844,1
9346,11845,2
9346,11847,3
9347,11846,1
9348,11849,1
9348,11850,2
9349,11851,1
9350,11852,1
9351,11853,1
9352,11854,1
9352,11855,1
9352,11856,1
9352,11857,1
9353,11858,1
9354,11859,2
9355,11860,1
9356,11861,1
9356,11862,1
9357,11863,1
9358,11864,2
9358,11865,1
9359,11866,1
9359,11867,1
9360,11868,1
9360,11869,1
9361,11870,1
9362,11871,1
9363,11872,1
9364,11873,1
9365,11874,1
9365,11875,1
9365,11876,1
9366,11877,2
9367,11878,1
9368,11879,1
9369,11880,1
9370,11882,1
9371,11883,1
9372,11884,1
9373,11885,1
9374,11886,1
9375,11887,1
9376,11888,1
9377,11889,1
9377,11890,1
9377,11891,1
9378,11892,1
9379,11893,1
9380,11894,1
9381,11895,2
9382,11896,1
9383,11897,1
9384,11898,2
9385,11903,1
9385,11904,1
9385,11905,1
9386,11906,1
9386,11907,1
9387,11908,1
9388,11912,1
9389,11913,1
9389,11914,1
9389,11915,1
9389,11916,2
9390,11917,1
9391,11918,1
9392,11919,1
9392,11920,2
9393,11921,2
9394,11922,2
9395,11923,1
9396,11927,1
9396,11928,1
9397,11929,1
9398,11930,1
9398,11931,1
9399,11932,1
9400,11933,1
9400,11934,1
9401,11935,1
9401,11936,3
9401,11937,2
9402,11938,1
9403,11939,2
9403,11941,1
9404,11940,2
9405,11942,1
9406,11943,1
9407,11944,1
9407,11945,2
9408,11946,1
9409,11947,2
9410,11949,1
9411,11951,1
9412,11952,1
9413,11953,1
9414,11954,1
9414,11955,2
9415,11956,1
9415,11958,2
9416,11957,1
9417,11959,1
9418,11960,1
9419,11961,1
9419,11962,1
9420,11965,1
9421,11966,1
9421,11967,1
9422,11968,1
9423,11969,2
9424,11970,2
9425,11971,1
9426,11972,1
9426,11973,1
9427,11974,1
9427,11975,1
9428,11976,1
9429,11977,1
9430,11979,1
9431,11980,2
9432,11981,1
9433,11983,1
9434,11986,2
9435,11987,1
9436,11988,1
9437,11989,1
9438,11990,1
9439,11991,1
9440,11992,1
9441,11993,1
9442,11994,2
9442,11995,1
9443,11996,1
9444,11997,3
9445,11998,2
9445,11999,1
9446,12000,1
9447,12001,1
9448,12002,1
9449,12003,1
9450,12004,1
9451,12005,1
9451,12006,1
9452,12007,1
9453,12009,1
9454,12010,3
9455,12011,1
9455,12012,1
9455,12013,1
9456,12014,1
9457,12015,1
9458,12016,1
9458,12017,1
9459,12018,1
9460,12019,1
9460,12020,2
9460,12021,1
9461,12022,1
9462,12023,1
9462,12024,1
9463,12027,3
9464,12028,1
9464,12029,1
9465,12030,1
9465,12031,1
9466,12032,1
9467,12033,1
9467,12034,1
9467,12035,1
9468,12036,1
9469,12037,1
9470,12038,1
9471,12039,1
9472,12040,1
9472,12041,1
9472,12042,1
9473,12043,2
9474,12044,1
9475,12045,1
9475,12046,1
9475,12047,1
9476,12048,1
9477,12049,1
9478,12050,1
9478,12051,1
9479,12052,1
9480,12053,1
9481,12054,1
9482,12055,1
9482,12056,1
9483,12057,1
9484,12058,1
9484,12059,1
9484,12060,1
9485,12061,1
9486,12062,1
9487,12063,1
9487,12064,1
9487,12065,1
9488,12066,2
9489,12067,1
9489,12068,1
9490,12069,1
9491,12070,1
9492,12071,1
9493,12072,1
9494,12073,1
9495,12074,1
9496,12075,1
9497,12076,1
9498,12077,1
9499,12078,1
9499,12079,2
9500,12080,1
9501,12081,1
9501,12082,1
9501,12083,1
9502,12084,1
9503,12085,1
9504,12086,1
9505,12087,1
9506,12088,1
9507,12089,1
9508,12090,1
9509,12091,1
9510,12092,1
9511,12093,1
9512,12094,1
9513,12095,2
9514,12096,1
9515,12097,1
9516,12098,1
9517,12099,3
9518,12100,1
9519,12101,1
9520,12102,1
9521,12103,1
9521,12104,2
9522,12105,1
9523,12106,1
9523,12107,1
9524,12108,1
9525,12109,2
9526,12112,1
9527,12113,1
9528,12114,1
9529,12115,1
9530,12116,1
9531,12117,1
9532,12118,1
9533,12119,1
9534,12120,2
9535,12121,1
9536,12122,1
9537,12123,1
9538,12124,1
9539,12125,2
9540,12126,3
9541,12127,1
9542,12128,1
9542,12129,1
9543,12130,3
9544,12131,1
9545,12132,1
9546,12133,1
9546,12134,1
9547,12135,1
9548,12136,2
9549,12137,3
9550,12138,1
9551,12139,1
9551,12140,1
9552,12141,2
9552,12142,1
9552,12143,1
9553,12144,1
9554,12145,1
9555,12146,1
9556,12147,1
9557,12148,1
9558,12149,1
9559,12150,1
9559,12151,1
9560,12152,1
9561,12154,1
9561,12155,1
9562,12156,1
9563,12157,2
9563,12158,1
9564,12159,1
9565,12160,1
9565,12161,1
9566,12162,1
9566,12163,1
9567,12165,2
9568,12166,1
9569,12167,1
9570,12168,1
9571,12171,1
9572,12172,1
9573,12173,1
9574,12174,1
9575,12175,1
9576,12176,1
9577,12177,1
9578,12178,1
9579,12179,1
9580,12180,1
9581,12181,1
9581,12183,1
9582,12182,1
9583,12184,1
9584,12185,1
9585,12186,1
9586,12187,1
9587,12188,1
9588,12190,1
9588,12191,1
9588,12192,1
9588,12193,1
9589,12194,1
9589,12195,1
9590,12196,2
9590,12197,1
9590,12198,1
9591,12199,2
9592,12200,2
9593,12201,1
9594,12202,1
9594,12203,1
9594,12204,1
9594,12205,2
9595,12206,1
9596,12207,1
9597,12208,2
9598,12209,3
9598,12210,1
9599,12211,1
9600,12212,1
9600,12213,1
9601,12214,1
9601,12215,1
9602,12216,1
9603,12217,1
9604,12218,1
9605,12219,1
9606,12220,1
9607,12221,1
9608,12222,1
9609,12223,1
9610,12224,1
9611,12225,1
9612,12227,1
9613,12228,1
9614,12229,2
9615,12230,1
9616,12231,2
9617,12232,1
9618,12233,1
9618,12234,1
9619,12235,1
9620,12236,1
9621,12237,1
9622,12238,1
9623,12239,1
9623,12240,1
9623,12241,2
9624,12242,2
9624,12243,1
9625,12244,1
9625,12245,1
9625,12246,1
9626,12247,1
9627,12248,1
9627,12249,1
9628,12250,1
9629,12251,1
9630,12252,1
9631,12253,1
9632,12254,2
9633,12255,1
9634,12256,1
9635,12257,1
9636,12258,1
9636,12259,2
9636,12260,1
9637,12261,1
9638,12262,3
9639,12263,1
9640,12264,1
9641,12265,1
9641,12266,1
9642,12267,1
9643,12268,1
9644,12269,1
9645,12270,1
9645,12271,1
9646,12272,1
9647,12273,1
9648,12274,1
9649,12275,1
9649,12276,1
9650,12277,1
9651,12278,1
9652,12279,1
9653,12280,1
9654,12281,1
9655,12282,1
9656,12283,2
9657,12284,2
9658,12285,3
9659,12286,2
9660,12287,1
9661,12288,1
9661,12289,1
9661,12290,1
9662,12291,2
9663,12292,1
9663,12294,1
9663,12295,1
9664,12293,2
9665,12296,1
9666,12297,1
9667,12298,2
9668,12299,1
9668,12300,1
9669,12305,1
9669,12306,1
9670,12307,1
9670,12308,1
9671,12309,1
9672,12310,1
9673,12311,1
9674,12312,1
9675,12313,1
9676,12314,1
9676,12315,2
9676,12316,1
9677,12317,1
9678,12318,1
9678,12319,1
9679,12320,1
9680,12321,2
9680,12322,2
9681,12323,1
9682,12324,1
9683,12325,1
9683,12326,1
9684,12327,1
9685,12328,1
9685,12329,1
9686,12330,1
9687,12331,1
9688,12332,1
9688,12333,2
9689,12334,1
9689,12335,2
9690,12336,3
9691,12337,1
9692,12338,2
9693,12339,1
9694,12340,1
9694,12341,1
9695,12343,1
9696,12344,1
9697,12345,1
9698,12346,1
9699,12348,1
9699,12349,2
9700,12350,1
9701,12351,1
9702,12352,1
9702,12353,1
9703,12355,1
9703,12356,1
9704,12357,1
9705,12358,1
9706,12359,1
9706,12360,1
9707,12361,1
9708,12362,1
9709,12363,1
9710,12364,1
9711,12365,1
9712,12366,1
9713,12367,1
9714,12368,1
9714,12369,1
9715,12370,1
9715,12371,1
9716,12372,1
9717,12373,2
9718,12374,1
9719,12375,1
9720,12376,2
9721,12377,1
9722,12378,2
9722,12379,2
9723,12380,1
9724,12381,1
9725,12382,2
9725,12383,1
9726,12384,1
9726,12385,1
9727,12386,1
9727,12387,1
9728,12388,1
9728,12390,1
9729,12389,1
9730,12391,1
9730,12392,1
9730,12393,1
9731,12394,1
9732,12395,1
9733,12396,1
9734,12397,1
9734,12398,2
9735,12399,1
9735,12400,3
9736,12401,1
9737,12402,1
9738,12403,3
9739,12405,1
9740,12408,1
9741,12409,1
9741,12410,1
9742,12411,1
9743,12413,1
9744,12414,3
9745,12415,1
9746,12416,1
9747,12417,1
9748,12418,1
9749,12419,1
9750,12420,1
9751,12421,1
9752,12422,1
9753,12423,1
9754,12424,2
9755,12425,1
9756,12426,1
9757,12428,1
9757,12429,1
9758,12430,1
9759,12431,2
9760,12432,1
9760,12433,1
9761,12434,1
9762,12435,2
9763,12436,1
9764,12437,1
9765,12438,2
9766,12440,1
9767,12441,1
9768,12442,2
9769,12443,1
9770,12447,1
9771,12448,1
9772,12449,1
9773,12450,1
9774,12452,1
9775,12453,1
9776,12454,1
9777,12455,1
9778,12456,1
9779,12457,1
9779,12458,1
9780,12459,1
9781,12463,1
9782,12464,1
9783,12465,1
9784,12466,1
9784,12467,2
9784,12468,1
9784,12469,1
9785,12470,1
9785,12471,3
9786,12472,1
9787,12473,1
9787,12474,1
9788,12475,1
9788,12476,1
9789,12477,2
9790,12478,1
9791,12479,2
9792,12481,1
9793,12482,1
9794,12483,1
9795,12484,1
9796,12485,1
9796,12486,1
9797,12487,1
9797,12488,1
9798,12489,2
9799,12490,1
9800,12491,1
9800,12492,2
9801,12493,2
9802,12494,1
9803,12495,1
9804,12496,1
9805,12497,1
9806,12498,1
9807,12499,1
9808,12500,1
9808,12501,1
9809,12502,1
9809,12504,1
9810,12503,1
9811,12505,1
9811,12506,1
9812,12507,1
9813,12508,1
9814,12509,1
9814,12510,1
9815,12511,1
9816,12512,1
9817,12514,1
9817,12515,1
9818,12516,1
9819,12517,1
9820,12518,1
9821,12519,1
9822,12520,1
9823,12521,1
9824,12522,1
9824,12523,1
9824,12524,1
9825,12525,2
9825,12526,1
9826,12527,1
9826,12528,1
9827,12530,2
9828,12531,1
9829,12532,1
9830,12533,3
9830,12534,1
9831,12535,1
9832,12536,2
9832,12537,1
9832,12538,1
9833,12539,1
9834,12540,1
9835,12541,2
9836,12542,1
9836,12543,1
9837,12544,1
9838,12545,1
9838,12546,3
9839,12547,1
9840,12548,1
9841,12549,1
9842,12550,1
9843,12551,1
9843,12553,1
9843,12554,1
9844,12552,1
9844,12555,1
9845,12556,2
9846,12557,1
9847,12558,1
9848,12559,1
9848,12560,1
9849,12561,1
9850,12562,2
9851,12563,1
9851,12564,1
9852,12567,1
9853,12568,1
9854,12569,2
9854,12570,1
9855,12571,1
9856,12572,1
9857,12573,1
9858,12574,1
9859,12575,1
9859,12576,1
9859,12577,1
9860,12578,1
9861,12579,1
9861,12580,1
9862,12581,1
9863,12582,1
9864,12583,1
9865,12584,1
9866,12585,1
9867,12586,1
9868,12587,1
9869,12588,1
9869,12589,1
9870,12590,1
9871,12591,1
9871,12592,1
9872,12593,1
9873,12594,2
9874,12595,1
9875,12596,3
9876,12597,3
9877,12598,1
9878,12599,1
9879,12600,1
9880,12601,1
9881,12602,1
9882,12604,1
9883,12605,1
9883,12606,1
9884,12607,1
9885,12608,1
9886,12609,1
9886,12610,1
9887,12611,2
9888,12612,1
9889,12613,2
9889,12614,3
9890,12615,2
9891,12616,1
9892,12617,1
9892,12618,2
9893,12619,1
9894,12620,1
9894,12621,1
9895,12622,1
9895,12623,1
9896,12624,1
9896,12625,1
9897,12626,1
9898,12627,1
9899,12628,1
9900,12629,1
9901,12630,1
9902,12631,1
9903,12632,1
9904,12633,1
9905,12634,1
9906,12635,2
9907,12636,1
9908,12637,1
9909,12638,1
9910,12639,1
9911,12640,1
9911,12641,2
9912,12642,1
9912,12643,1
9913,12644,1
9914,12645,1
9915,12646,1
9916,12647,1
9916,12648,1
9917,12649,1
9918,12650,1
9919,12651,1
9920,12654,2
9921,12655,1
9922,12656,1
9923,12657,1
9924,12658,1
9924,12659,1
9925,12661,1
9926,12662,1
9926,12663,2
9927,12664,1
9928,12667,2
9929,12668,1
9930,12669,1
9931,12670,1
9931,12671,1
9932,12672,1
9933,12673,1
9934,12674,1
9934,12675,2
9935,12676,1
9936,12677,1
9937,12678,1
9938,12679,1
9939,12680,1
9939,12681,1
9940,12682,1
9941,12683,2
9942,12684,2
9942,12685,1
9942,12686,1
9943,12687,1
9944,12688,1
9945,12690,1
9946,12691,1
9947,12692,1
9948,12693,1
9949,12694,1
9950,12695,1
9951,12696,1
9952,12697,1
9953,12698,1
9954,12699,1
9955,12700,1
9956,12701,1
9956,12702,1
9957,12703,2
9957,12704,1
9958,12705,1
9959,12706,1
9959,12707,1
9960,12708,1
9961,12709,1
9961,12710,1
9962,12711,1
9962,12712,1
9963,12713,2
9964,12714,1
9965,12715,2
9965,12716,1
9966,12717,1
9966,12718,1
9966,12719,1
9967,12720,3
9967,12721,1
9968,12722,1
9969,12723,1
9970,12724,1
9971,12725,1
9972,12726,2
9973,12727,1
9974,12728,1
9975,12729,1
9976,12730,1
9977,12731,1
9977,12732,1
9978,12733,1
9979,12734,1
9980,12735,1
9981,12736,1
9982,12737,1
9982,12738,2
9982,12739,1
9982,12740,1
9983,12741,1
9983,12742,1
9984,12743,1
9985,12744,1
9986,12745,1
9987,12746,1
9987,12749,2
9988,12747,1
9989,12748,1
9990,12750,1
9991,12751,1
9992,12752,1
9993,12753,1
9993,12754,1
9993,12755,2
9994,12756,1
9995,12757,1
9996,12758,1
9996,12759,1
9997,12760,1
9997,12761,1
9998,12762,1
9999,12763,1
9999,12764,1
9999,12765,2
10000,12766,1
10001,12767,1
10002,12768,1
10003,12769,1
10003,12770,1
10004,12771,1
10005,12772,1
10006,12773,1
10007,12774,1
10008,12775,1
10009,12776,1
10009,12777,1
10010,12778,1
10011,12779,1
10012,12780,1
10012,12781,1
10013,12782,1
10014,12783,1
10014,12784,1
10015,12785,1
10016,12786,1
10017,12787,1
10018,12788,1
10019,12789,1
10020,12790,1
10020,12791,1
10020,12792,1
10021,12793,1
10022,12794,2
10022,12795,1
10023,12796,1
10024,12797,1
10025,12798,1
10026,12799,2
10027,12800,1
10028,12802,1
10029,12803,1
10030,12804,1
10031,12805,1
10031,12806,3
10032,12807,1
10032,12808,2
10033,12809,1
10034,12810,1
10035,12811,1
10036,12812,1
10036,12813,1
10037,12814,1
10038,12815,1
10038,12816,1
10039,12821,2
10040,12822,1
10041,12823,1
10042,12824,1
10043,12825,1
10044,12826,1
10045,12827,1
10045,12828,2
10046,12829,1
10047,12830,1
10048,12831,1
10049,12832,1
10050,12833,1
10051,12834,1
10051,12835,1
10052,12836,1
10052,12837,3
10053,12838,1
10054,12839,1
10055,12840,1
10055,12841,2
10055,12842,2
10056,12843,1
10057,12844,1
10058,12845,1
10059,12846,2
10059,12848,1
10059,12849,1
10059,12850,1
10060,12847,3
10061,12851,1
10061,12852,1
10062,12853,1
10063,12854,1
10064,12855,1
10065,12856,1
10065,12857,1
10066,12858,1
10067,12859,1
10067,12860,2
10068,12861,1
10069,12862,1
10070,12863,2
10071,12864,1
10072,12866,1
10073,12867,1
10074,12868,1
10075,12871,1
10075,12872,1
10076,12873,1
10076,12874,1
10077,12875,1
10078,12877,1
10079,12878,1
10079,12879,1
10080,12880,1
10081,12881,1
10081,12882,1
10082,12885,1
10083,12886,1
10084,12887,2
10085,12888,1
10086,12889,1
10087,12890,1
10088,12891,1
10088,12892,2
10088,12893,1
10088,12894,1
10089,12895,1
10090,12896,1
10090,12897,2
10090,12898,1
10091,12899,1
10092,12900,2
10092,12902,1
10093,12901,1
10094,12903,1
10094,12904,1
10094,12905,1
10094,12906,1
10095,12911,1
10096,12912,1
10096,12913,1
10097,12914,1
10098,12916,1
10099,12917,2
10100,12918,1
10101,12919,1
10102,12920,1
10103,12921,1
10104,12922,1
10105,12923,2
10106,12924,1
10107,12925,1
10107,12926,2
10107,12927,1
10107,12928,3
10108,12929,1
10108,12930,2
10109,12931,2
10110,12932,1
10111,12933,1
10112,12934,1
10113,12935,1
10113,12936,1
10113,12937,1
10114,12938,1
10115,12939,1
10116,12942,1
10116,12943,1
10117,12944,1
10118,12945,1
10119,12946,1
10119,12947,1
10120,12948,1
10121,12949,1
10122,12950,2
10123,12951,3
10123,12952,3
10124,12953,1
10125,12954,1
10125,12955,1
10126,12957,1
10127,12958,2
10127,12959,1
10128,12960,1
10129,12961,2
10130,12962,1
10130,12963,2
10131,12964,1
10132,12965,1
10132,12966,1
10133,12967,1
10134,12968,1
10135,12971,1
10135,12972,1
10136,12973,1
10137,12974,1
10138,12975,1
10139,12976,2
10140,12977,1
10141,12978,1
10142,12979,1
10143,12980,1
10144,12981,1
10145,12982,1
10146,12983,1
10146,12984,1
10147,12985,1
10148,12986,1
10149,12987,1
10150,12988,2
10151,12989,1
10152,12990,1
10153,12991,1
10154,12996,1
10155,12997,1
10155,12998,1
10156,12999,1
10157,13000,1
10158,13001,1
10159,13002,3
10159,13004,1
10160,13003,1
10161,13005,1
10161,13006,1
10162,13007,1
10162,13008,1
10163,13009,1
10163,13010,1
10164,13011,2
10165,13012,2
10166,13013,1
10166,13014,2
10166,13015,2
10167,13016,1
10168,13017,1
10169,13018,1
10170,13019,1
10170,13020,1
10171,13021,1
10171,13022,1
10172,13023,1
10172,13024,1
10172,13025,1
10173,13026,1
10173,13027,1
10173,13028,1
10174,13029,1
10174,13030,1
10174,13031,1
10175,13032,1
10176,13033,1
10177,13034,1
10178,13035,1
10179,13036,1
10180,13037,1
10180,13038,2
10181,13039,1
10182,13040,1
10183,13041,1
10184,13042,1
10185,13043,1
10186,13044,1
10187,13045,1
10188,13046,1
10188,13047,1
10189,13048,1
10190,13049,1
10191,13050,1
10192,13051,1
10193,13052,1
10194,13053,1
10194,13054,1
10195,13055,1
10196,13056,1
10197,13057,1
10198,13058,1
10199,13059,1
10199,13060,1
10200,13061,1
10201,13062,1
10202,13063,3
10202,13064,1
10203,13065,1
10203,13067,1
10204,13066,1
10205,13068,1
10206,13069,1
10207,13070,1
10208,13071,1
10209,13072,1
10210,13077,1
10211,13078,1
10212,13079,1
10213,13080,2
10214,13081,1
10214,13082,1
10214,13083,1
10214,13084,1
10215,13085,1
10216,13086,2
10217,13087,2
10218,13088,1
10219,13089,1
10220,13090,1
10221,13091,1
10221,13092,1
10221,13093,1
10222,13094,1
10223,13095,2
10224,13096,1
10225,13097,1
10225,13099,1
10226,13098,2
10227,13100,1
10228,13101,1
10228,13102,1
10228,13103,2
10228,13104,1
10228,13105,1
10229,13106,1
10230,13108,1
10231,13109,1
10231,13111,1
10232,13110,1
10233,13112,1
10234,13113,1
10235,13114,1
10235,13115,1
10236,13116,1
10237,13117,1
10237,13118,1
10238,13119,1
10238,13120,1
10239,13121,1
10240,13122,1
10241,13123,2
10242,13124,1
10242,13125,2
10243,13126,1
10244,13127,1
10244,13128,1
10244,13129,1
10245,13130,1
10246,13131,1
10247,13132,1
10248,13133,1
10249,13134,1
10250,13135,1
10251,13136,1
10252,13137,1
10253,13138,2
10253,13139,1
10253,13140,1
10254,13141,1
10255,13142,1
10256,13143,1
10257,13144,1
10258,13145,1
10259,13146,1
10260,13147,1
10260,13148,1
10260,13150,1
10261,13149,1
10262,13151,1
10263,13152,1
10264,13153,2
10265,13154,3
10266,13155,1
10267,13156,1
10268,13157,1
10269,13158,1
10270,13159,1
10271,13160,1
10272,13161,1
10273,13162,2
10273,13163,1
10274,13164,1
10275,13165,2
10276,13166,1
10277,13167,1
10277,13168,1
10278,13169,1
10279,13170,1
10280,13171,1
10281,13172,1
10281,13173,1
10282,13174,2
10282,13175,1
10283,13176,1
10284,13177,1
10284,13178,1
10285,13179,1
10285,13180,1
10285,13181,1
10286,13182,1
10287,13183,1
10287,13185,1
10288,13184,1
10289,13186,3
10290,13187,1
10290,13188,1
10290,13189,1
10290,13190,1
10291,13191,1
10292,13192,1
10292,13193,1
10293,13194,1
10294,13195,1
10295,13196,2
10296,13197,1
10297,13198,1
10298,13199,2
10298,13200,1
10299,13201,1
10300,13202,1
10300,13203,1
10301,13204,2
10302,13205,1
10302,13207,1
10303,13206,1
10304,13209,1
10304,13210,1
10305,13211,1
10306,13212,1
10307,13215,1
10308,13216,1
10309,13217,1
10309,13218,1
10310,13219,1
10311,13220,2
10312,13221,1
10312,13222,1
10313,13223,1
10313,13224,1
10314,13225,1
10315,13226,1
10316,13227,1
10317,13228,3
10318,13229,1
10319,13234,1
10320,13235,2
10320,13236,1
10321,13237,3
10322,13238,1
10322,13239,1
10323,13240,1
10324,13241,1
10324,13242,1
10325,13243,1
10326,13244,1
10327,13245,1
10328,13246,1
10329,13247,2
10330,13248,1
10331,13249,1
10331,13250,2
10332,13251,2
10333,13252,1
10333,13253,1
10333,13255,1
10334,13254,1
10335,13256,1
10335,13257,1
10335,13258,1
10336,13259,1
10337,13260,1
10338,13261,1
10338,13262,1
10338,13263,1
10338,13264,1
10339,13265,2
10340,13266,2
10341,13267,2
10341,13268,1
10342,13269,1
10343,13270,1
10344,13271,1
10345,13272,1
10346,13273,1
10347,13274,1
10348,13277,1
10349,13278,1
10350,13279,1
10351,13280,1
10352,13281,1
10353,13282,1
10354,13284,2
10355,13285,1
10356,13286,1
10357,13287,1
10358,13288,1
10359,13289,3
10360,13290,1
10360,13291,1
10360,13292,1
10361,13293,1
10362,13294,1
10363,13295,1
10364,13296,1
10364,13297,1
10364,13298,1
10365,13299,1
10365,13300,1
10366,13301,1
10367,13303,1
10368,13304,1
10369,13305,1
10370,13306,1
10371,13307,1
10372,13308,1
10373,13309,1
10374,13310,1
10375,13311,1
10375,13312,1
10376,13313,1
10377,13314,2
10377,13315,1
10377,13316,1
10378,13317,1
10379,13318,1
10380,13319,1
10381,13320,2
10382,13321,1
10383,13322,1
10384,13323,1
10384,13324,1
10385,13325,2
10385,13326,1
10385,13327,2
10386,13328,1
10387,13329,1
10388,13332,1
10388,13333,1
10389,13334,1
10389,13335,1
10390,13336,1
10391,13337,1
10391,13338,1
10392,13339,1
10393,13340,1
10394,13343,1
10394,13345,1
10394,13346,1
10395,13344,1
10396,13347,1
10397,13348,1
10398,13349,1
10399,13350,1
10400,13351,1
10401,13352,1
10402,13353,1
10403,13354,2
10404,13355,2
10405,13356,1
10406,13357,1
10407,13358,1
10408,13359,1
10409,13360,1
10410,13361,1
10411,13362,1
10412,13363,1
10412,13364,1
10412,13365,1
10413,13366,1
10414,13367,1
10414,13368,2
10415,13370,1
10416,13371,1
10416,13372,1
10417,13373,2
10418,13374,1
10419,13375,1
10420,13376,1
10421,13377,1
10422,13378,1
10423,13379,1
10423,13380,1
10424,13381,2
10425,13382,1
10426,13384,2
10427,13385,1
10428,13386,1
10429,13387,1
10430,13388,2
10431,13389,1
10432,13390,1
10433,13391,1
10433,13392,1
10434,13393,1
10435,13395,1
10436,13396,1
10436,13397,1
10436,13398,1
10437,13399,2
10437,13400,1
10438,13401,1
10438,13402,1
10439,13403,1
10439,13404,1
10439,13406,1
10439,13407,1
10440,13405,1
10441,13408,1
10442,13409,1
10443,13410,3
10444,13411,1
10444,13412,2
10444,13413,2
10445,13414,1
10446,13415,1
10447,13416,1
10448,13417,1
10449,13418,1
10450,13419,1
10450,13420,1
10450,13421,1
10451,13422,1
10451,13423,1
10451,13424,2
10452,13426,2
10452,13427,2
10453,13431,1
10454,13432,1
10455,13433,2
10456,13434,1
10457,13435,1
10458,13436,1
10458,13437,2
10459,13438,1
10459,13439,1
10459,13440,1
10460,13441,1
10460,13442,1
10460,13443,1
10460,13444,1
10461,13445,1
10462,13447,1
10463,13449,1
10463,13450,1
10464,13451,2
10465,13453,1
10466,13454,2
10467,13455,1
10468,13457,1
10468,13458,1
10468,13460,1
10469,13459,1
10470,13461,1
10471,13462,1
10472,13463,1
10473,13464,1
10473,13465,1
10474,13466,1
10475,13467,1
10475,13468,2
10475,13469,2
10475,13470,1
10476,13473,3
10477,13474,1
10478,13475,1
10479,13476,1
10480,13477,1
10481,13478,1
10482,13479,1
10482,13480,1
10483,13481,2
10484,13482,1
10485,13483,1
10486,13484,1
10487,13485,1
10488,13486,1
10489,13487,1
10490,13488,3
10491,13489,1
10491,13490,1
10492,13491,1
10493,13492,1
10494,13493,2
10495,13494,1
10496,13495,1
10497,13496,1
10498,13497,1
10499,13498,1
10500,13499,1
10501,13500,1
10502,13501,2
10503,13502,1
10503,13503,2
10504,13504,1
10505,13505,1
10506,13506,1
10506,13507,3
10506,13508,1
10507,13510,1
10507,13511,1
10507,13512,1
10508,13513,1
10509,13514,1
10509,13515,1
10509,13516,2
10510,13517,1
10511,13519,3
10512,13520,1
10513,13521,1
10514,13522,1
10515,13523,1
10515,13524,2
10516,13525,1
10517,13526,1
10518,13527,1
10519,13528,1
10520,13529,1
10521,13530,1
10522,13531,1
10523,13532,1
10523,13533,2
10524,13534,1
10525,13535,1
10526,13536,1
10527,13537,1
10528,13538,1
10529,13539,1
10529,13540,1
10529,13541,1
10530,13542,1
10531,13543,1
10532,13544,1
10533,13545,1
10533,13546,1
10534,13547,1
10534,13548,2
10534,13549,1
10534,13550,1
10535,13551,1
10536,13552,2
10537,13553,1
10537,13554,1
10538,13555,1
10539,13556,1
10539,13557,1
10540,13558,1
10541,13559,1
10542,13560,1
10543,13561,2
10544,13562,1
10545,13563,1
10545,13564,2
10545,13565,1
10546,13566,1
10546,13567,2
10547,13569,1
10548,13570,1
10548,13571,1
10548,13572,1
10549,13573,1
10550,13574,1
10550,13576,1
10551,13575,1
10552,13579,1
10553,13580,1
10553,13581,1
10554,13582,1
10555,13583,1
10556,13584,1
10557,13585,1
10557,13586,1
10558,13587,1
10559,13588,1
10560,13589,1
10560,13590,1
10561,13591,1
10562,13592,1
10563,13593,1
10564,13594,1
10565,13595,1
10566,13596,1
10567,13597,1
10567,13598,1
10568,13599,1
10569,13600,1
10569,13601,1
10570,13602,1
10571,13603,2
10572,13604,1
10573,13605,1
10573,13606,1
10573,13607,1
10574,13608,2
10574,13609,1
10575,13610,1
10576,13611,1
10577,13612,1
10578,13615,1
10579,13616,1
10580,13617,3
10581,13618,1
10582,13619,1
10582,13620,1
10583,13621,1
10584,13622,1
10585,13623,1
10586,13624,2
10586,13625,1
10586,13626,1
10587,13627,1
10588,13628,1
10589,13629,1
10589,13630,2
10590,13631,2
10590,13632,1
10590,13633,1
10590,13634,1
10591,13635,1
10592,13636,1
10592,13637,1
10592,13638,3
10593,13640,1
10594,13641,1
10594,13642,1
10594,13643,1
10595,13644,1
10596,13645,2
10597,13646,1
10598,13647,1
10599,13648,1
10599,13649,1
10599,13650,1
10600,13653,1
10601,13654,2
10602,13655,1
10603,13656,1
10603,13657,1
10604,13658,2
10604,13659,1
10605,13661,2
10605,13662,1
10606,13663,2
10607,13664,1
10608,13665,1
10608,13666,1
10609,13667,1
10610,13668,3
10611,13669,2
10612,13670,1
10613,13671,1
10614,13672,1
10615,13673,1
10615,13674,2
10615,13675,1
10616,13676,1
10617,13677,1
10618,13678,1
10618,13679,1
10618,13680,1
10619,13684,1
10620,13685,2
10620,13686,1
10620,13687,1
10620,13688,1
10621,13689,1
10622,13690,1
10623,13691,2
10624,13692,1
10625,13693,1
10626,13694,1
10627,13695,1
10627,13696,1
10628,13697,2
10628,13698,1
10629,13699,1
10630,13701,1
10631,13702,1
10631,13703,1
10632,13704,1
10633,13705,2
10634,13706,2
10635,13707,1
10636,13708,2
10637,13709,1
10637,13711,1
10638,13710,1
10639,13712,1
10640,13713,1
10640,13714,1
10641,13715,1
10642,13716,1
10643,13717,1
10644,13718,1
10645,13719,1
10646,13720,2
10647,13721,1
10648,13722,1
10648,13723,1
10649,13724,1
10649,13725,1
10649,13726,1
10649,13727,1
10650,13728,1
10651,13729,2
10652,13730,1
10653,13731,1
10653,13732,1
10653,13734,1
10654,13733,1
10655,13735,1
10655,13736,1
10656,13737,1
10657,13738,1
10657,13739,1
10658,13740,1
10659,13742,1
10660,13743,3
10661,13744,1
10661,13745,2
10662,13746,1
10663,13747,2
10664,13748,2
10664,13749,1
10664,13750,1
10664,13751,1
10665,13752,1
10666,13753,1
10667,13754,1
10668,13755,1
10669,13756,1
10670,13757,1
10671,13758,1
10671,13759,1
10672,13761,1
10672,13762,1
10672,13763,1
10673,13764,1
10673,13765,1
10673,13766,1
10673,13767,1
10673,13768,1
10674,13769,1
10674,13770,2
10674,13771,1
10675,13773,1
10676,13774,1
10677,13775,1
10678,13776,2
10679,13777,1
10680,13778,2
10681,13779,1
10682,13780,1
10683,13781,1
10683,13782,2
10684,13783,1
10685,13784,1
10686,13785,1
10687,13786,1
10688,13787,1
10689,13788,1
10689,13789,1
10689,13790,1
10690,13791,1
10691,13792,1
10692,13793,2
10693,13794,1
10693,13795,1
10694,13798,1
10695,13799,2
10696,13800,3
10697,13801,1
10698,13803,1
10698,13804,1
10699,13805,1
10700,13806,1
10701,13807,1
10702,13808,2
10703,13809,1
10704,13810,1
10705,13811,1
10706,13812,1
10707,13813,1
10707,13814,1
10708,13815,2
10709,13816,1
10710,13817,1
10711,13818,1
10711,13819,1
10711,13820,1
10712,13821,1
10713,13822,1
10714,13823,1
10715,13824,1
10716,13825,1
10716,13826,1
10717,13827,1
10717,13828,1
10718,13829,1
10719,13830,1
10720,13831,1
10720,13832,1
10721,13833,1
10722,13834,1
10723,13835,1
10724,13836,1
10725,13837,1
10726,13838,1
10726,13839,1
10727,13840,1
10728,13841,1
10728,13842,1
10728,13843,1
10729,13844,1
10730,13845,2
10731,13846,1
10732,13847,1
10733,13848,2
10734,13849,1
10735,13850,1
10736,13851,1
10737,13852,2
10738,13853,1
10738,13854,1
10739,13855,1
10740,13856,1
10741,13857,1
10742,13858,1
10743,13859,1
10743,13860,1
10743,13861,1
10744,13862,1
10744,13863,1
10745,13864,1
10745,13865,1
10746,13866,1
10747,13867,1
10748,13868,1
10749,13869,1
10750,13870,1
10751,13871,1
10752,13872,1
10753,13873,1
10754,13874,1
10755,13875,1
10756,13876,1
10756,13877,1
10757,13878,1
10758,13879,1
10759,13880,2
10760,13881,2
10761,13884,1
10761,13885,1
10762,13886,3
10762,13887,2
10762,13888,1
10762,13889,1
10763,13892,1
10764,13893,1
10765,13894,1
10766,13895,2
10767,13896,2
10768,13897,2
10768,13898,1
10769,13899,1
10770,13900,2
10771,13901,1
10772,13902,1
10773,13903,1
10773,13904,1
10774,13905,1
10774,13907,1
10775,13906,1
10776,13908,1
10777,13909,1
10778,13910,1
10779,13911,2
10780,13912,1
10781,13913,1
10782,13914,1
10783,13915,1
10784,13916,2
10785,13917,1
10786,13919,1
10787,13920,1
10788,13921,1
10788,13922,1
10788,13923,1
10789,13924,1
10790,13925,1
10791,13926,1
10792,13928,1
10793,13929,1
10794,13930,1
10794,13931,1
10794,13932,1
10795,13936,2
10796,13937,1
10797,13938,1
10798,13939,3
10799,13940,1
10800,13941,1
10801,13942,1
10801,13943,1
10801,13944,1
10802,13945,1
10802,13946,1
10803,13947,1
10804,13948,1
10805,13949,1
10806,13950,1
10807,13951,1
10808,13952,1
10809,13953,1
10810,13954,2
10810,13956,1
10810,13957,1
10811,13955,2
10812,13958,1
10812,13959,1
10813,13960,1
10814,13961,1
10815,13962,1
10816,13963,1
10816,13964,1
10817,13965,1
10818,13966,1
10819,13967,1
10820,13969,1
10821,13970,2
10822,13971,1
10822,13972,1
10823,13973,1
10823,13974,1
10824,13975,1
10825,13976,1
10826,13977,1
10827,13978,3
10827,13979,1
10827,13980,1
10828,13981,1
10829,13982,1
10830,13983,1
10831,13984,1
10832,13985,1
10833,13986,1
10834,13987,1
10834,13988,2
10834,13989,1
10835,13990,1
10836,13991,2
10837,13992,1
10838,13993,1
10839,13994,1
10840,13995,2
10841,13996,2
10841,13997,1
10842,13998,1
10843,13999,3
10843,14000,2
10844,14001,1
10844,14002,2
10844,14003,1
10845,14004,1
10846,14005,1
10846,14006,1
10847,14007,2
10848,14008,1
10849,14009,1
10850,14010,2
10851,14011,1
10852,14012,1
10853,14013,1
10854,14014,1
10854,14015,1
10855,14016,2
10855,14017,1
10856,14018,1
10857,14019,1
10858,14020,1
10859,14021,2
10860,14022,1
10861,14023,1
10862,14027,1
10863,14028,1
10864,14030,1
10865,14031,1
10865,14032,1
10865,14033,1
10865,14034,2
10866,14035,1
10867,14036,1
10867,14037,1
10868,14038,2
10868,14039,1
10869,14040,1
10870,14041,1
10870,14042,1
10870,14043,1
10870,14044,1
10870,14045,1
10871,14047,1
10871,14048,1
10872,14049,1
10873,14050,1
10874,14051,1
10875,14052,1
10876,14053,1
10877,14054,1
10878,14055,1
10879,14056,1
10880,14057,1
10881,14058,1
10882,14059,1
10883,14060,1
10884,14061,2
10885,14062,1
10886,14063,1
10886,14064,1
10887,14065,1
10888,14066,1
10889,14067,1
10890,14068,2
10890,14069,1
10891,14070,1
10891,14071,1
10892,14072,1
10892,14073,1
10893,14074,1
10894,14075,1
10894,14077,1
10895,14076,1
10896,14078,1
10896,14079,1
10897,14080,1
10898,14081,1
10898,14082,1
10899,14083,1
10900,14084,1
10901,14085,1
10902,14086,1
10903,14087,2
10904,14088,1
10904,14089,2
10904,14090,1
10905,14091,1
10905,14092,2
10906,14093,2
10906,14094,1
10906,14095,1
10907,14096,1
10907,14097,1
10908,14098,1
10909,14099,1
10909,14100,1
10910,14101,1
10911,14102,1
10912,14103,1
10913,14104,1
10913,14105,1
10914,14106,1
10914,14107,2
10915,14108,2
10915,14110,1
10916,14109,1
10917,14111,1
10918,14112,2
10919,14113,1
10920,14114,1
10921,14115,1
10922,14116,1
10923,14117,1
10924,14118,3
10925,14119,1
10926,14120,1
10927,14121,2
10928,14122,1
10928,14123,2
10928,14124,1
10929,14125,1
10930,14126,3
10931,14127,1
10932,14128,1
10933,14129,1
10934,14130,2
10935,14131,1
10935,14132,1
10936,14134,2
10937,14135,1
10938,14136,1
10939,14137,1
10940,14138,1
10941,14139,1
10942,14140,1
10942,14141,2
10943,14142,3
10944,14143,1
10945,14145,1
10946,14146,1
10947,14147,1
10948,14148,2
10949,14149,1
10950,14150,2
10950,14151,1
10950,14152,2
10950,14153,1
10951,14154,1
10951,14155,1
10952,14156,1
10953,14157,1
10954,14158,2
10955,14159,1
10956,14160,1
10957,14162,1
10958,14163,2
10959,14164,2
10960,14165,2
10961,14166,1
10962,14167,1
10963,14168,1
10964,14169,1
10965,14170,1
10965,14171,2
10965,14172,1
10966,14173,2
10966,14174,1
10967,14175,1
10968,14176,1
10968,14177,1
10969,14178,1
10970,14179,1
10970,14180,1
10971,14181,1
10972,14184,1
10973,14185,1
10974,14186,1
10974,14187,1
10974,14188,2
10975,14189,2
10976,14190,1
10977,14191,1
10977,14192,1
10978,14193,1
10979,14194,1
10980,14195,1
10981,14196,1
10982,14197,2
10983,14198,1
10983,14199,1
10984,14200,1
10985,14201,1
10986,14202,1
10986,14203,2
10987,14204,2
10988,14205,2
10989,14207,3
10990,14208,1
10991,14209,1
10992,14210,1
10993,14211,1
10994,14212,1
10995,14214,1
10996,14215,1
10997,14216,1
10998,14217,1
10998,14218,1
10999,14219,2
10999,14221,1
11000,14220,1
11001,14222,1
11002,14223,2
11003,14226,1
11004,14227,1
11005,14230,2
11006,14231,1
11007,14232,1
11007,14233,1
11008,14234,1
11009,14235,1
11009,14236,1
11010,14237,1
11011,14238,1
11012,14239,1
11013,14240,1
11014,14241,2
11014,14242,1
11014,14243,1
11014,14244,2
11015,14245,1
11016,14246,2
11016,14247,1
11017,14248,1
11017,14249,1
11018,14250,2
11019,14251,1
11020,14252,2
11020,14253,1
11020,14254,1
11021,14255,1
11022,14256,1
11023,14257,1
11024,14258,2
11025,14259,1
11026,14260,1
11026,14261,1
11027,14262,1
11028,14263,1
11029,14264,1
11030,14265,3
11031,14266,1
11031,14267,1
11031,14268,1
11032,14269,1
11033,14270,1
11033,14271,1
11034,14272,1
11035,14273,1
11036,14274,1
11037,14275,1
11038,14276,1
11038,14277,1
11039,14278,1
11040,14279,1
11041,14280,1
11042,14281,1
11043,14282,1
11044,14283,1
11045,14284,1
11046,14285,1
11047,14286,1
11047,14287,1
11047,14288,1
11048,14289,1
11049,14290,1
11050,14291,1
11051,14292,1
11052,14293,1
11053,14294,3
11054,14295,1
11055,14296,2
11056,14297,1
11056,14298,1
11056,14299,2
11057,14300,1
11058,14301,2
11058,14302,1
11059,14304,1
11059,14305,1
11059,14306,1
11060,14307,1
11061,14308,1
11062,14309,1
11063,14310,1
11064,14311,1
11065,14312,1
11066,14313,1
11067,14314,1
11068,14315,1
11069,14316,3
11070,14317,1
11071,14318,1
11072,14319,1
11072,14320,1
11073,14321,1
11074,14322,2
11075,14323,1
11075,14325,1
11076,14324,1
11077,14326,1
11077,14327,1
11078,14328,2
11079,14329,2
11079,14330,1
11080,14331,1
11080,14332,1
11081,14333,1
11082,14334,1
11083,14335,1
11084,14336,1
11085,14337,1
11086,14338,1
11087,14339,1
11088,14340,2
11088,14341,1
11088,14342,1
11089,14343,2
11090,14344,1
11091,14345,1
11091,14346,2
11092,14347,1
11093,14348,1
11094,14349,1
11095,14350,1
11095,14351,1
11096,14352,1
11097,14353,1
11098,14354,1
11098,14355,1
11099,14356,1
11100,14357,1
11101,14358,1
11102,14363,1
11103,14364,1
11104,14365,2
11105,14366,1
11105,14367,1
11106,14368,1
11107,14369,1
11108,14370,1
11109,14371,1
11110,14372,2
11110,14373,1
11111,14374,1
11112,14375,1
11112,14376,2
11113,14377,1
11113,14378,1
11113,14379,1
11114,14380,1
11115,14381,1
11116,14382,1
11116,14383,1
11117,14384,1
11118,14387,2
11119,14388,1
11120,14389,1
11121,14390,1
11122,14391,1
11123,14392,1
11124,14393,1
11125,14394,3
11125,14395,1
11126,14396,1
11127,14397,1
11128,14398,1
11129,14399,1
11129,14400,1
11129,14401,1
11129,14402,1
11130,14403,1
11131,14404,1
11131,14405,1
11132,14406,1
11132,14407,2
11133,14408,1
11133,14409,1
11133,14410,1
11134,14411,1
11135,14412,1
11136,14413,1
11137,14414,1
11138,14415,1
11139,14416,1
11140,14417,1
11140,14418,1
11141,14419,1
11142,14420,1
11143,14421,1
11144,14422,2
11145,14423,1
11146,14425,1
11147,14426,1
11148,14427,1
11149,14428,1
11150,14429,1
11150,14430,1
11150,14431,1
11151,14432,1
11152,14433,1
11153,14434,1
11153,14435,1
11154,14436,1
11155,14437,1
11156,14438,3
11156,14439,2
11157,14440,1
11158,14441,1
11159,14442,1
11160,14443,1
11160,14444,1
11160,14446,2
11161,14445,1
11162,14447,1
11163,14448,2
11164,14449,1
11164,14450,1
11164,14451,1
11165,14452,1
11165,14453,1
11165,14454,1
11166,14455,3
11167,14456,1
11168,14457,1
11169,14458,1
11170,14459,1
11171,14460,1
11171,14461,1
11172,14462,1
11172,14463,1
11173,14464,1
11173,14465,1
11174,14466,1
11175,14467,2
11176,14468,3
11176,14469,2
11177,14470,1
11178,14471,1
11179,14472,1
11179,14473,1
11180,14475,2
11180,14476,2
11181,14477,1
11182,14478,1
11183,14479,1
11184,14480,1
11185,14481,1
11185,14482,1
11186,14483,1
11187,14484,2
11188,14485,1
11188,14486,1
11189,14487,1
11190,14488,1
11191,14489,1
11192,14490,1
11192,14491,1
11193,14492,1
11194,14493,1
11194,14494,1
11195,14495,1
11195,14496,2
11195,14497,1
11196,14498,1
11197,14499,1
11198,14500,1
11198,14501,2
11199,14503,1
11200,14504,1
11201,14505,1
11202,14507,2
11202,14508,1
11202,14509,1
11203,14510,1
11203,14511,2
11204,14512,1
11204,14513,1
11205,14514,1
11205,14515,1
11206,14516,1
11207,14517,2
11208,14518,2
11209,14519,1
11210,14520,2
11211,14521,1
11211,14522,1
11211,14523,1
11212,14524,1
11212,14525,1
11212,14526,1
11212,14527,2
11213,14528,1
11213,14529,1
11214,14530,1
11215,14531,3
11216,14532,1
11217,14534,1
11218,14535,1
11219,14536,1
11220,14537,1
11220,14538,1
11221,14539,1
11221,14540,1
11221,14541,1
11222,14542,2
11223,14543,1
11224,14544,1
11225,14545,1
11226,14546,2
11226,14547,1
11226,14548,1
11227,14549,1
11228,14550,1
11229,14551,1
11229,14552,1
11229,14553,1
11229,14554,2
11229,14555,1
11230,14556,1
11231,14557,1
11232,14558,1
11233,14559,1
11234,14560,2
11235,14561,1
11236,14562,2
11237,14563,1
11238,14564,1
11239,14565,1
11240,14566,2
11241,14567,1
11241,14568,1
11241,14569,1
11241,14570,1
11242,14571,1
11243,14572,1
11244,14573,1
11245,14574,1
11245,14575,1
11246,14576,1
11246,14577,1
11247,14578,1
11248,14579,2
11249,14580,1
11250,14581,1
11250,14582,1
11251,14583,3
11252,14584,1
11253,14585,1
11253,14586,1
11254,14587,1
11255,14588,1
11256,14589,1
11257,14590,1
11258,14591,2
11258,14592,1
11259,14593,1
11259,14594,1
11259,14595,1
11260,14596,1
11261,14597,1
11261,14598,1
11261,14599,1
11261,14600,1
11261,14601,1
11262,14602,1
11263,14603,2
11264,14604,1
11265,14605,2
11265,14606,1
11266,14607,1
11267,14608,1
11267,14609,1
11268,14610,1
11268,14611,1
11268,14612,1
11269,14613,1
11270,14614,1
11271,14615,1
11271,14616,1
11272,14617,1
11272,14619,1
11272,14620,2
11273,14618,2
11274,14621,1
11275,14622,1
11275,14623,1
11275,14624,1
11275,14625,1
11276,14626,3
11277,14627,1
11278,14628,1
11279,14629,1
11279,14630,1
11280,14631,1
11280,14632,1
11281,14633,3
11281,14634,2
11282,14635,1
11283,14636,1
11284,14637,1
11285,14638,1
11285,14639,1
11286,14640,1
11287,14641,1
11288,14642,1
11289,14643,2
11290,14644,1
11291,14645,1
11292,14646,1
11292,14647,2
11293,14648,1
11294,14649,1
11295,14650,1
11296,14651,1
11297,14652,1
11298,14653,1
11299,14654,1
11300,14655,2
11301,14656,1
11301,14657,1
11302,14658,1
11302,14659,2
11303,14660,2
11303,14662,1
11304,14661,1
11305,14663,1
11306,14664,2
11307,14665,1
11308,14666,1
11309,14667,1
11310,14668,1
11310,14669,1
11311,14670,2
11312,14671,3
11313,14674,1
11313,14675,1
11314,14676,1
11315,14677,2
11316,14678,1
11317,14679,1
11317,14680,1
11318,14681,1
11319,14682,1
11320,14683,1
11321,14684,2
11322,14685,1
11322,14686,2
11323,14687,1
11323,14688,1
11324,14689,1
11325,14690,2
11326,14691,1
11327,14692,1
11328,14693,2
11329,14694,2
11330,14695,1
11330,14696,1
11330,14697,1
11331,14698,1
11332,14699,1
11333,14700,1
11334,14701,1
11334,14702,3
11335,14703,1
11335,14704,1
11335,14706,1
11335,14707,1
11336,14705,1
11337,14708,1
11338,14709,1
11339,14710,1
11340,14711,2
11340,14713,1
11341,14712,1
11342,14714,1
11343,14715,1
11344,14716,1
11345,14717,1
11346,14718,1
11346,14719,1
11347,14720,1
11348,14721,1
11349,14722,1
11349,14723,3
11349,14725,1
11350,14724,1
11351,14726,1
11352,14727,2
11353,14728,1
11354,14729,2
11355,14730,1
11355,14731,1
11356,14732,1
11357,14733,1
11358,14734,1
11358,14735,1
11359,14736,1
11360,14738,2
11361,14739,1
11361,14740,1
11362,14741,1
11363,14742,1
11364,14743,1
11365,14744,1
11365,14745,1
11366,14746,1
11366,14747,1
11367,14748,2
11368,14749,1
11369,14750,1
11369,14751,1
11370,14752,1
11371,14753,1
11372,14754,1
11373,14755,1
11374,14756,2
11374,14757,1
11374,14758,1
11375,14759,1
11376,14760,1
11376,14761,1
11376,14762,1
11376,14763,1
11377,14764,3
11378,14765,1
11379,14766,1
11380,14767,1
11381,14768,1
11381,14769,1
11382,14770,1
11383,14771,1
11384,14772,2
11385,14773,2
11386,14774,2
11387,14775,1
11388,14776,1
11388,14777,1
11388,14778,1
11389,14779,1
11390,14780,1
11391,14784,1
11392,14785,1
11392,14786,1
11393,14787,1
11394,14788,1
11395,14789,2
11396,14790,1
11397,14791,2
11398,14792,1
11399,14793,1
11400,14794,1
11401,14795,1
11402,14796,1
11403,14797,1
11404,14798,2
11405,14799,1
11406,14800,1
11407,14801,1
11408,14802,2
11408,14803,1
11408,14804,2
11409,14805,1
11410,14806,3
11410,14807,1
11411,14808,1
11412,14809,1
11413,14810,1
11414,14814,2
11414,14815,1
11415,14816,1
11415,14817,1
11415,14818,1
11416,14819,1
11416,14820,1
11417,14821,1
11418,14822,2
11419,14823,1
11420,14824,1
11421,14825,2
11421,14826,1
11422,14829,1
11422,14831,2
11422,14833,1
11423,14830,1
11423,14832,1
11424,14834,1
11425,14835,1
11426,14836,1
11426,14837,1
11427,14838,2
11428,14839,1
11429,14840,1
11429,14841,1
11430,14842,1
11431,14843,1
11432,14844,1
11433,14845,1
11434,14846,1
11435,14847,1
11435,14848,1
11436,14849,1
11437,14850,1
11437,14851,1
11438,14852,1
11438,14854,1
11439,14853,2
11440,14855,1
11440,14856,1
11441,14859,1
11441,14860,2
11442,14865,1
11443,14866,1
11444,14867,1
11445,14868,2
11446,14869,1
11447,14870,1
11448,14871,2
11449,14872,2
11450,14873,1
11451,14874,1
11452,14875,1
11453,14876,1
11454,14877,1
11455,14878,2
11455,14879,1
11455,14880,1
11456,14881,1
11456,14882,1
11457,14883,1
11458,14884,1
11459,14885,1
11460,14887,1
11461,14888,1
11462,14889,1
11462,14890,1
11462,14891,1
11463,14892,1
11463,14893,1
11463,14894,1
11464,14895,1
11464,14896,1
11464,14897,1
11465,14898,1
11466,14899,2
11467,14900,3
11468,14901,1
11469,14902,1
11469,14903,1
11469,14904,1
11469,14905,1
11470,14906,1
11471,14907,1
11472,14908,1
11473,14909,2
11474,14910,1
11474,14913,1
11475,14911,2
11475,14912,2
11476,14914,1
11477,14915,1
11478,14916,1
11479,14917,1
11479,14918,2
11479,14919,1
11479,14920,1
11480,14921,1
11481,14922,1
11482,14924,1
11482,14925,1
11483,14926,2
11483,14927,1
11484,14928,1
11484,14929,1
11485,14930,1
11486,14931,1
11487,14932,1
11488,14933,2
11489,14934,2
11490,14935,1
11491,14936,1
11492,14937,1
11493,14938,1
11493,14939,1
11493,14941,1
11493,14942,1
11494,14940,1
11495,14943,1
11496,14944,1
11497,14945,1
11498,14946,1
11499,14947,1
11500,14948,1
11500,14949,3
11501,14950,1
11502,14951,1
11502,14952,1
11503,14953,1
11504,14954,1
11505,14955,1
11506,14956,1
11506,14957,3
11507,14958,1
11508,14959,1
11509,14960,1
11510,14962,1
11510,14963,1
11511,14964,1
11512,14965,1
11512,14966,1
11513,14967,2
11514,14968,1
11515,14969,1
11516,14970,1
11516,14971,1
11517,14972,1
11518,14973,1
11519,14974,1
11519,14975,1
11520,14976,1
11521,14977,1
11522,14978,2
11523,14979,1
11523,14980,1
11524,14982,2
11525,14983,1
11526,14984,1
11527,14985,1
11528,14986,1
11529,14987,1
11530,14988,1
11531,14989,1
11532,14990,1
11533,14991,1
11534,14992,1
11534,14993,1
11535,14994,1
11536,14995,1
11537,14996,2
11538,14997,1
11539,14998,1
11540,14999,1
11541,15000,1
11542,15001,1
11543,15002,1
11544,15003,1
11545,15004,2
11546,15005,1
11546,15006,1
11547,15007,1
11547,15008,1
11548,15009,2
11549,15010,1
11550,15012,1
11550,15013,1
11551,15014,1
11551,15015,1
11552,15016,1
11553,15017,2
11554,15018,2
11555,15019,2
11556,15020,1
11556,15021,2
11557,15022,1
11558,15023,1
11558,15024,1
11558,15025,1
11559,15026,1
11560,15027,1
11560,15028,1
11560,15029,2
11560,15030,1
11561,15031,1
11562,15032,3
11563,15033,1
11564,15034,1
11565,15035,1
11566,15036,1
11566,15037,1
11566,15038,1
11567,15039,1
11568,15040,1
11569,15041,2
11569,15042,1
11570,15045,1
11571,15046,1
11572,15047,1
11573,15048,1
11573,15049,1
11574,15050,3
11574,15051,1
11575,15052,1
11576,15053,1
11577,15054,1
11577,15055,1
11578,15056,1
11579,15057,1
11580,15058,1
11580,15059,1
11581,15060,1
11582,15061,1
11583,15062,2
11584,15063,1
11584,15064,1
11584,15065,1
11585,15067,1
11586,15068,1
11587,15069,1
11588,15070,1
11588,15071,1
11588,15072,1
11588,15073,2
11589,15074,1
11590,15075,2
11591,15077,1
11591,15078,1
11592,15079,1
11593,15080,1
11594,15081,1
11595,15082,1
11596,15083,1
11597,15084,1
11597,15085,1
11597,15086,1
11598,15090,1
11598,15091,1
11599,15092,2
11599,15093,1
11600,15094,1
11601,15095,1
11602,15096,1
11603,15097,1
11604,15098,1
11605,15099,1
11606,15100,2
11607,15101,1
11607,15102,1
11608,15103,1
11609,15104,1
11610,15105,1
11610,15107,3
11611,15106,1
11612,15108,1
11613,15109,2
11614,15110,1
11614,15111,1
11615,15112,1
11616,15113,1
11617,15114,1
11618,15115,1
11618,15116,1
11619,15117,1
11620,15118,1
11621,15119,1
11622,15120,1
11622,15121,1
11622,15122,1
11622,15123,1
11622,15124,1
11623,15125,1
11624,15126,1
11625,15127,1
11626,15128,1
11627,15130,1
11628,15131,1
11628,15132,1
11629,15133,1
11630,15134,1
11630,15135,1
11631,15136,1
11632,15137,1
11632,15138,1
11632,15139,1
11633,15140,1
11634,15141,1
11635,15144,1
11636,15145,1
11637,15146,1
11638,15147,1
11639,15148,1
11639,15149,1
11640,15150,1
11641,15151,1
11641,15152,1
11642,15153,1
11642,15154,1
11642,15155,1
11643,15156,2
11644,15157,2
11645,15158,1
11646,15159,1
11646,15160,1
11647,15161,1
11648,15162,1
11649,15163,2
11650,15164,1
11650,15165,1
11651,15166,2
11652,15167,2
11653,15169,1
11653,15170,1
11653,15171,1
11654,15172,1
11655,15173,1
11656,15174,1
11656,15176,1
11656,15177,1
11656,15178,2
11657,15175,1
11658,15179,1
11659,15180,1
11659,15181,1
11660,15182,2
11661,15183,1
11662,15184,1
11662,15185,1
11662,15186,1
11663,15187,1
11663,15188,1
11664,15189,1
11665,15190,1
11666,15193,1
11667,15194,2
11668,15195,3
11668,15196,1
11669,15197,1
11669,15198,1
11670,15199,1
11671,15200,1
11672,15201,2
11672,15202,1
11672,15203,1
11673,15204,1
11674,15205,2
11675,15206,1
11676,15207,1
11677,15208,2
11677,15210,1
11678,15209,2
11679,15211,1
11680,15212,2
11681,15213,1
11682,15214,1
11683,15215,1
11683,15216,2
11684,15217,1
11685,15218,1
11686,15219,1
11687,15220,1
11688,15221,1
11689,15222,1
11689,15223,2
11689,15224,1
11690,15225,1
11690,15226,1
11691,15227,1
11691,15228,1
11691,15229,1
11692,15230,1
11692,15231,1
11693,15232,1
11694,15233,1
11694,15234,1
11694,15235,2
11695,15238,1
11696,15240,1
11696,15241,2
11697,15242,1
11698,15243,1
11698,15244,1
11699,15245,2
11699,15246,1
11700,15247,1
11700,15248,1
11701,15249,1
11702,15250,2
11702,15251,1
11703,15252,2
11704,15253,1
11704,15254,2
11705,15255,2
11705,15256,1
11706,15257,2
11707,15258,1
11707,15259,1
11707,15260,1
11708,15261,2
11708,15262,1
11709,15263,1
11710,15264,1
11711,15265,1
11711,15266,1
11712,15267,1
11713,15268,1
11714,15269,2
11715,15270,1
11715,15271,1
11716,15272,1
11716,15273,1
11717,15274,1
11718,15275,1
11719,15276,1
11719,15277,1
11720,15278,1
11721,15279,1
11721,15280,1
11722,15281,1
11722,15282,2
11723,15283,1
11723,15285,1
11724,15284,2
11725,15286,1
11726,15287,1
11727,15288,1
11728,15289,1
11728,15290,1
11729,15291,1
11729,15292,1
11729,15293,1
11729,15294,2
11729,15295,2
11730,15296,1
11730,15297,1
11730,15298,1
11731,15299,1
11732,15300,1
11733,15301,1
11734,15302,1
11734,15303,1
11734,15304,1
11734,15305,2
11735,15306,1
11735,15307,1
11736,15308,1
11737,15309,1
11738,15310,3
11738,15311,1
11739,15312,1
11740,15313,1
11741,15314,1
11742,15315,1
11743,15316,1
11744,15317,1
11745,15318,1
11746,15321,1
11747,15322,1
11747,15323,1
11748,15324,1
11748,15325,1
11749,15326,1
11749,15327,1
11749,15328,1
11749,15329,2
11749,15330,2
11750,15331,1
11750,15332,1
11750,15333,1
11751,15334,1
11751,15335,1
11752,15336,1
11753,15337,1
11753,15338,1
11754,15339,1
11755,15340,2
11756,15341,1
11757,15342,1
11758,15343,2
11759,15344,1
11760,15345,1
11760,15346,1
11760,15347,1
11761,15348,1
11762,15349,1
11763,15350,1
11764,15351,1
11764,15352,1
11765,15353,1
11765,15354,1
11766,15355,1
11766,15356,1
11767,15357,1
11768,15359,1
11769,15361,1
11769,15362,1
11770,15364,1
11771,15365,2
11772,15366,1
11773,15367,1
11773,15368,1
11774,15369,1
11775,15370,1
11776,15371,3
11777,15372,1
11778,15373,2
11778,15374,1
11778,15375,1
11778,15376,1
11778,15377,1
11779,15378,1
11780,15379,1
11781,15380,1
11782,15381,1
11783,15382,1
11784,15383,1
11785,15384,1
11786,15385,1
11786,15386,2
11786,15387,1
11786,15388,3
11787,15389,1
11788,15390,1
11789,15391,1
11790,15392,1
11790,15393,1
11790,15394,2
11791,15395,1
11792,15396,1
11793,15397,1
11794,15398,1
11795,15399,1
11796,15400,1
11797,15401,1
11797,15402,1
11797,15403,2
11797,15404,1
11797,15405,2
11798,15407,1
11799,15412,1
11800,15413,1
11801,15414,1
11802,15415,2
11803,15418,2
11804,15419,1
11805,15420,1
11806,15421,1
11807,15422,1
11808,15423,1
11809,15424,1
11810,15425,1
11811,15426,1
11812,15427,1
11812,15428,1
11812,15429,1
11812,15430,1
11813,15431,1
11814,15433,1
11815,15434,1
11816,15435,1
11817,15436,1
11818,15437,1
11819,15438,2
11819,15439,1
11820,15440,1
11821,15441,1
11821,15442,1
11822,15443,1
11823,15444,2
11824,15445,1
11824,15446,1
11824,15447,1
11825,15448,1
11826,15449,2
11826,15450,1
11826,15451,2
11827,15452,1
11827,15454,1
11828,15453,1
11829,15455,1
11830,15456,1
11830,15457,1
11831,15458,1
11831,15459,1
11832,15460,1
11833,15461,2
11834,15462,1
11835,15463,1
11836,15464,1
11837,15465,1
11838,15467,1
11838,15469,1
11839,15468,2
11840,15471,1
11840,15472,2
11841,15473,1
11842,15474,1
11843,15475,1
11844,15476,2
11845,15477,1
11845,15478,1
11846,15479,1
11846,15480,1
11847,15481,1
11847,15482,1
11848,15483,2
11849,15484,2
11850,15485,1
11851,15487,1
11852,15488,1
11852,15489,1
11852,15491,1
11853,15490,1
11854,15492,1
11855,15493,1
11855,15494,1
11856,15495,1
11857,15496,1
11857,15497,1
11858,15498,1
11858,15499,1
11859,15502,1
11860,15503,1
11861,15504,2
11862,15505,3
11862,15506,1
11862,15507,1
11863,15508,1
11864,15509,1
11865,15510,1
11866,15511,1
11866,15512,1
11867,15513,1
11867,15514,2
11868,15515,1
11869,15516,1
11870,15517,1
11871,15518,1
11872,15519,1
11872,15520,2
11873,15521,1
11874,15522,1
11875,15523,1
11876,15524,1
11877,15525,1
11878,15526,3
11879,15527,1
11880,15528,1
11880,15529,1
11881,15530,1
11882,15531,1
11882,15532,1
11883,15533,1
11883,15534,1
11883,15535,1
11884,15536,2
11885,15538,1
11886,15539,1
11887,15540,1
11888,15541,2
11889,15542,1
11890,15543,1
11891,15544,2
11891,15545,2
11891,15546,1
11892,15547,2
11893,15548,3
11894,15549,1
11894,15550,1
11894,15551,2
11895,15552,2
11895,15553,1
11896,15554,2
11896,15555,1
11896,15556,1
11896,15557,1
11897,15558,1
11898,15559,2
11899,15560,1
11900,15561,1
11901,15562,1
11902,15563,1
11903,15564,1
11904,15565,1
11905,15566,1
11906,15567,1
11906,15568,3
11907,15569,2
11908,15570,1
11909,15571,2
11910,15572,1
11911,15573,1
11912,15574,1
11912,15575,1
11913,15576,1
11914,15577,1
11914,15578,1
11915,15579,1
11915,15580,1
11916,15581,1
11917,15582,1
11918,15583,1
11918,15584,1
11919,15585,1
11919,15586,1
11920,15587,1
11921,15588,2
11922,15589,1
11922,15590,1
11923,15591,1
11924,15592,1
11925,15593,1
11926,15594,1
11927,15595,1
11928,15596,1
11929,15597,1
11930,15598,3
11931,15601,2
11932,15602,2
11932,15603,1
11932,15604,1
11933,15606,1
11934,15607,1
11935,15608,1
11936,15609,1
11937,15611,1
11938,15612,1
11938,15613,1
11938,15614,1
11939,15615,1
11940,15616,1
11941,15617,1
11942,15618,1
11942,15619,1
11943,15620,1
11943,15621,1
11943,15622,1
11944,15623,1
11945,15624,1
11946,15625,1
11947,15626,1
11948,15627,1
11949,15628,1
11949,15629,2
11950,15630,2
11950,15631,1
11951,15632,1
11952,15633,1
11953,15638,2
11954,15639,2
11955,15640,1
11956,15641,1
11957,15642,1
11958,15643,1
11959,15644,1
11960,15645,1
11960,15646,1
11961,15647,2
11962,15648,1
11963,15649,1
11964,15650,2
11964,15651,1
11965,15652,1
11966,15653,1
11967,15654,1
11968,15655,1
11969,15656,1
11970,15657,1
11971,15658,1
11972,15659,1
11973,15660,2
11974,15661,1
11975,15662,1
11975,15663,1
11976,15664,1
11977,15665,1
11977,15666,1
11977,15667,1
11978,15668,2
11979,15669,1
11980,15670,1
11981,15671,1
11982,15672,2
11983,15673,1
11984,15674,1
11984,15675,2
11984,15676,1
11984,15677,2
11985,15678,1
11985,15679,1
11986,15680,1
11986,15681,1
11987,15682,1
11988,15683,1
11988,15684,1
11989,15685,1
11990,15686,1
11991,15687,1
11991,15688,1
11992,15689,1
11993,15690,1
11993,15691,2
11994,15692,1
11995,15693,1
11996,15694,1
11997,15695,1
11998,15696,1
11999,15697,1
12000,15698,1
12000,15699,1
12001,15700,1
12002,15701,2
12003,15702,1
12003,15703,1
12004,15704,1
12004,15705,1
12004,15706,1
12005,15707,1
12005,15708,1
12006,15709,1
12007,15710,2
12008,15711,1
12009,15712,2
12010,15713,1
12011,15714,1
12011,15715,1
12012,15716,2
12012,15717,2
12013,15718,1
12014,15719,1
12015,15720,3
12016,15721,1
12017,15722,1
12018,15723,1
12019,15724,1
12019,15725,2
12019,15726,1
12020,15727,1
12020,15728,1
12021,15729,3
12021,15730,1
12021,15731,3
12022,15732,2
12023,15733,3
12023,15734,1
12024,15735,2
12025,15736,1
12026,15737,1
12026,15738,1
12027,15739,1
12027,15740,2
12027,15741,1
12028,15742,1
12029,15743,1
12030,15744,1
12031,15745,1
12032,15746,1
12033,15747,1
12033,15748,1
12034,15749,1
12035,15750,1
12036,15751,1
12037,15752,1
12037,15753,1
12038,15754,1
12039,15755,1
12040,15756,2
12040,15757,1
12041,15758,1
12041,15759,2
12042,15760,1
12043,15761,1
12044,15762,1
12045,15763,1
12045,15764,1
12046,15765,2
12047,15766,2
12048,15767,1
12049,15768,1
12049,15769,1
12050,15770,1
12051,15771,1
12052,15772,1
12053,15773,1
12053,15774,1
12054,15775,1
12055,15776,1
12056,15777,1
12057,15778,1
12057,15779,1
12058,15780,1
12059,15781,1
12060,15782,1
12061,15783,2
12062,15784,1
12063,15785,1
12063,15786,1
12063,15787,1
12064,15788,1
12064,15789,1
12065,15791,1
12066,15792,1
12066,15794,1
12066,15795,1
12066,15796,1
12067,15793,1
12068,15797,1
12069,15798,1
12070,15799,1
12070,15800,1
12071,15801,1
12072,15802,1
12073,15803,1
12073,15804,1
12074,15805,1
12075,15806,1
12076,15807,1
12077,15808,2
12078,15809,1
12078,15810,1
12079,15814,1
12079,15815,1
12079,15816,1
12080,15817,2
12080,15818,1
12080,15819,1
12081,15820,1
12081,15821,1
12081,15822,1
12082,15823,1
12083,15824,1
12084,15825,1
12084,15826,2
12085,15827,1
12086,15828,1
12086,15829,1
12087,15830,1
12088,15831,2
12089,15832,1
12090,15833,1
12091,15834,1
12092,15835,1
12093,15836,3
12094,15837,1
12095,15838,1
12096,15839,1
12097,15840,1
12098,15841,1
12099,15842,1
12100,15843,1
12101,15844,1
12102,15845,1
12103,15846,2
12103,15847,1
12104,15848,1
12104,15849,1
12104,15850,1
12105,15851,1
12105,15852,1
12106,15853,1
12106,15854,1
12106,15855,1
12107,15856,2
12108,15857,1
12108,15858,3
12109,15859,1
12110,15860,1
12111,15861,1
12112,15862,1
12113,15863,1
12114,15864,1
12115,15865,1
12115,15866,1
12116,15867,1
12116,15868,1
12117,15869,1
12118,15870,1
12118,15871,1
12118,15872,1
12119,15873,1
12120,15874,1
12120,15875,1
12121,15876,1
12122,15877,1
12123,15878,1
12124,15879,1
12125,15880,1
12126,15881,1
12127,15882,1
12127,15883,1
12128,15884,1
12129,15887,1
12130,15888,1
12131,15889,1
12132,15890,1
12133,15891,1
12134,15892,1
12135,15893,1
12135,15894,2
12136,15895,1
12137,15896,1
12137,15897,1
12138,15898,2
12139,15899,1
12139,15900,1
12140,15901,1
12141,15902,1
12141,15903,1
12142,15904,1
12142,15905,1
12143,15906,1
12144,15907,1
12145,15910,1
12145,15911,1
12146,15912,1
12147,15913,1
12148,15914,1
12149,15915,1
12150,15916,1
12150,15917,2
12151,15918,1
12152,15919,1
12153,15920,2
12154,15921,1
12155,15922,1
12156,15923,1
12157,15924,1
12158,15925,1
12159,15926,1
12159,15927,3
12159,15928,2
12160,15929,1
12161,15930,1
12162,15931,1
12163,15932,1
12164,15933,1
12165,15934,1
12165,15935,2
12165,15936,2
12166,15937,2
12166,15938,1
12167,15939,1
12168,15940,1
12169,15941,1
12170,15942,1
12171,15943,1
12172,15944,1
12173,15945,2
12174,15946,1
12175,15947,1
12176,15948,1
12177,15949,2
12178,15950,1
12178,15951,1
12179,15952,1
12179,15953,1
12180,15954,1
12181,15955,1
12182,15956,1
12183,15957,1
12183,15958,1
12184,15959,1
12185,15960,1
12185,15961,1
12186,15962,3
12187,15963,1
12187,15965,1
12188,15964,2
12189,15966,2
12190,15967,1
12191,15968,1
12192,15969,1
12193,15970,1
12193,15971,2
12193,15973,2
12194,15972,1
12195,15974,1
12196,15975,1
12197,15976,1
12198,15977,1
12199,15978,1
12200,15979,1
12201,15980,1
12202,15981,1
12203,15982,1
12204,15983,1
12205,15984,2
12206,15989,1
12207,15990,1
12208,15991,1
12209,15992,2
12210,15993,1
12211,15994,1
12212,15995,1
12212,15996,1
12213,15997,1
12214,15998,1
12215,15999,1
12216,16000,1
12216,16001,1
12217,16002,1
12218,16003,2
12219,16004,2
12220,16005,1
12221,16006,1
12222,16007,1
12222,16008,1
12222,16009,1
12222,16010,1
12223,16011,1
12223,16012,1
12224,16013,1
12225,16014,1
12225,16015,1
12226,16016,1
12227,16017,1
12228,16018,3
12229,16019,1
12230,16020,1
12230,16021,1
12231,16024,1
12232,16025,2
12233,16026,1
12234,16027,1
12235,16029,1
12236,16030,1
12237,16031,1
12238,16032,1
12239,16033,1
12240,16034,1
12241,16035,1
12242,16036,2
12243,16037,3
12244,16038,1
12245,16039,1
12245,16040,2
12246,16045,1
12247,16046,1
12248,16047,1
12249,16048,2
12250,16049,1
12250,16050,1
12250,16051,1
12251,16052,1
12252,16053,1
12253,16054,2
12254,16055,1
12255,16056,2
12255,16057,1
12256,16058,1
12256,16059,1
12257,16060,1
12258,16061,1
12258,16062,2
12259,16063,1
12260,16064,1
12261,16065,1
12262,16066,1
12263,16067,1
12263,16068,1
12263,16069,1
12264,16070,1
12265,16071,1
12266,16073,1
12267,16074,1
12268,16075,1
12269,16076,1
12270,16077,1
12271,16078,1
12272,16079,1
12272,16080,1
12273,16081,1
12273,16082,1
12273,16083,1
12274,16084,1
12275,16085,1
12276,16086,1
12276,16087,1
12276,16088,1
12276,16089,1
12277,16090,1
12278,16091,1
12279,16092,1
12280,16093,1
12281,16094,1
12282,16095,2
12283,16096,1
12284,16097,1
12284,16098,1
12285,16099,1
12285,16100,1
12285,16101,1
12286,16102,2
12287,16103,1
12288,16104,2
12288,16105,1
12288,16106,1
12289,16107,1
12290,16108,1
12291,16109,1
12292,16110,1
12292,16111,1
12293,16112,1
12293,16113,1
12294,16114,1
12295,16115,1
12295,16116,1
12296,16117,1
12297,16118,1
12298,16119,1
12298,16120,1
12299,16121,1
12300,16122,1
12301,16123,2
12302,16124,1
12303,16125,1
12304,16126,2
12304,16127,1
12304,16128,2
12305,16129,1
12306,16130,3
12307,16131,1
12308,16132,1
12308,16134,1
12309,16133,2
12310,16135,1
12311,16136,1
12312,16137,1
12313,16138,1
12314,16139,1
12315,16140,1
12316,16141,1
12317,16142,1
12318,16143,1
12318,16144,1
12319,16145,1
12319,16146,1
12320,16147,1
12320,16148,1
12321,16149,1
12322,16150,1
12323,16151,1
12324,16152,1
12325,16153,1
12326,16154,1
12326,16155,1
12327,16156,1
12328,16157,1
12328,16158,1
12329,16159,1
12330,16160,1
12330,16161,1
12331,16162,1
12332,16163,1
12332,16164,1
12333,16165,1
12333,16166,1
12334,16167,1
12334,16168,1
12334,16169,2
12334,16170,1
12335,16171,1
12335,16172,1
12335,16173,1
12336,16174,1
12337,16175,1
12337,16176,1
12337,16177,1
12338,16178,1
12339,16179,1
12340,16180,2
12341,16181,1
12342,16182,1
12343,16183,1
12343,16184,1
12344,16185,2
12345,16186,1
12345,16187,1
12346,16188,1
12347,16189,1
12348,16190,1
12348,16192,1
12348,16193,1
12349,16191,1
12350,16194,1
12350,16195,1
12351,16196,1
12352,16197,1
12352,16198,1
12353,16199,1
12354,16200,1
12355,16201,2
12356,16202,1
12357,16203,1
12358,16204,1
12359,16205,1
12360,16206,2
12361,16207,1
12361,16208,1
12362,16209,1
12362,16210,2
12362,16211,1
12363,16212,1
12363,16214,1
12364,16213,1
12365,16215,2
12366,16216,1
12367,16217,1
12367,16218,1
12368,16219,2
12369,16220,1
12370,16221,1
12371,16222,1
12372,16223,1
12372,16224,1
12373,16225,1
12374,16226,1
12375,16227,1
12376,16228,1
12376,16229,1
12377,16230,1
12378,16231,1
12379,16236,2
12379,16237,1
12380,16238,1
12381,16239,1
12382,16240,1
12383,16241,1
12384,16242,1
12385,16243,1
12385,16244,2
12386,16245,1
12386,16246,1
12387,16247,1
12387,16248,2
12388,16249,1
12389,16250,1
12390,16251,1
12390,16252,1
12390,16253,1
12391,16257,1
12392,16258,1
12393,16259,1
12394,16260,2
12395,16261,1
12395,16262,1
12396,16263,1
12397,16264,1
12398,16265,1
12399,16266,1
12399,16268,1
12400,16267,1
12401,16269,1
12402,16270,1
12403,16271,1
12404,16272,1
12405,16273,1
12406,16274,1
12407,16275,1
12408,16276,2
12409,16277,1
12410,16278,2
12410,16279,1
12411,16280,1
12411,16281,1
12412,16282,2
12412,16283,1
12412,16284,1
12413,16285,1
12413,16286,1
12413,16288,1
12414,16287,1
12415,16289,1
12416,16290,1
12416,16291,1
12417,16292,2
12417,16293,1
12418,16294,1
12419,16295,1
12420,16296,1
12421,16297,1
12422,16298,1
12423,16299,1
12424,16300,1
12425,16301,3
12426,16303,1
12427,16304,1
12428,16305,2
12429,16306,2
12430,16307,1
12431,16308,1
12432,16309,1
12433,16310,2
12434,16311,1
12434,16312,1
12435,16313,1
12436,16314,1
12437,16315,2
12437,16316,1
12437,16317,1
12437,16318,2
12437,16319,1
12438,16320,1
12438,16321,1
12438,16322,1
12438,16323,1
12439,16324,1
12440,16325,1
12441,16326,1
12442,16327,1
12442,16328,2
12442,16329,2
12443,16330,1
12444,16331,1
12445,16332,1
12446,16333,3
12446,16334,1
12446,16335,1
12447,16336,1
12448,16337,1
12448,16338,1
12449,16339,1
12450,16340,1
12451,16341,1
12452,16342,1
12453,16343,3
12454,16344,2
12454,16345,1
12454,16346,3
12455,16347,1
12456,16348,2
12457,16349,1
12458,16350,2
12458,16351,1
12458,16352,1
12459,16353,1
12460,16354,2
12461,16355,1
12461,16356,1
12462,16357,2
12463,16358,1
12463,16359,1
12464,16360,1
12465,16361,2
12466,16362,1
12466,16363,1
12467,16364,1
12467,16366,2
12468,16365,2
12468,16367,2
12469,16368,2
12470,16369,1
12470,16371,1
12471,16370,1
12472,16372,1
12472,16373,1
12473,16374,1
12473,16375,1
12474,16376,1
12475,16377,1
12476,16378,1
12477,16379,1
12477,16381,1
12477,16382,1
12478,16380,1
12479,16383,1
12479,16384,1
12479,16385,1
12480,16390,2
12480,16391,1
12481,16392,2
12482,16393,1
12483,16394,1
12483,16395,1
12484,16396,1
12485,16397,1
12486,16398,1
12487,16399,1
12487,16400,1
12488,16401,1
12489,16402,1
12490,16403,2
12491,16404,2
12492,16405,1
12492,16406,1
12493,16407,1
12494,16409,1
12495,16410,2
12496,16411,1
12497,16412,1
12498,16413,1
12499,16414,1
12500,16415,1
12501,16416,1
12502,16417,2
12503,16418,1
12504,16419,2
12504,16420,1
12505,16421,1
12506,16422,1
12506,16423,2
12507,16424,1
12508,16425,1
12509,16426,2
12509,16427,1
12510,16428,1
12511,16430,1
12512,16431,2
12512,16432,1
12513,16433,3
12514,16434,1
12515,16435,1
12515,16436,1
12515,16437,2
12516,16438,3
12516,16441,1
12517,16439,3
12517,16440,1
12518,16442,2
12519,16443,1
12520,16444,1
12521,16445,1
12521,16446,2
12521,16447,1
12522,16448,3
12523,16449,1
12523,16450,1
12524,16451,1
12525,16452,1
12526,16453,1
12527,16454,1
12528,16457,1
12529,16458,1
12529,16459,1
12530,16460,1
12531,16461,1
12532,16462,1
12533,16463,1
12534,16464,2
12535,16465,2
12536,16466,1
12536,16468,1
12537,16467,1
12538,16469,3
12539,16470,1
12540,16471,2
12540,16472,3
12541,16473,1
12541,16474,1
12542,16475,1
12543,16476,1
12544,16477,1
12544,16478,1
12545,16479,1
12546,16480,1
12546,16481,1
12547,16482,1
12548,16483,1
12549,16484,1
12550,16485,1
12551,16486,1
12551,16487,1
12552,16488,1
12553,16489,1
12553,16490,1
12554,16491,2
12554,16492,1
12555,16493,1
12555,16494,1
12556,16495,2
12557,16496,1
12558,16497,2
12559,16498,1
12559,16499,1
12559,16500,3
12560,16501,1
12561,16502,2
12561,16503,1
12561,16504,1
12562,16505,1
12563,16507,1
12563,16508,1
12563,16509,1
12564,16510,1
12565,16511,1
12566,16512,1
12567,16514,1
12567,16515,1
12568,16516,1
12569,16518,1
12570,16519,1
12571,16520,1
12572,16521,1
12573,16522,1
12574,16523,1
12575,16524,2
12576,16525,1
12577,16526,1
12578,16527,2
12579,16528,1
12580,16529,1
12580,16530,3
12581,16531,1
12582,16533,1
12582,16535,1
12583,16534,2
12584,16536,1
12584,16537,1
12585,16538,1
12586,16539,1
12587,16540,1
12588,16541,1
12588,16542,2
12589,16543,1
12590,16544,2
12591,16545,1
12592,16546,1
12593,16547,2
12594,16548,1
12595,16549,1
12596,16550,1
12597,16551,1
12598,16552,2
12599,16553,1
12600,16554,1
12600,16555,2
12601,16556,1
12601,16557,1
12602,16558,2
12603,16559,1
12604,16560,1
12605,16561,1
12606,16562,1
12607,16563,2
12608,16564,1
12608,16565,1
12609,16566,1
12610,16567,1
12611,16568,1
12612,16569,1
12612,16570,1
12613,16571,1
12613,16572,1
12613,16573,1
12614,16574,1
12615,16575,1
12616,16576,1
12617,16577,2
12618,16578,1
12619,16579,1
12619,16580,1
12619,16581,1
12620,16582,1
12621,16583,1
12622,16586,2
12622,16587,1
12623,16588,1
12624,16589,1
12624,16590,1
12624,16591,1
12625,16592,1
12626,16593,1
12627,16594,3
12628,16595,1
12629,16597,1
12629,16598,1
12630,16599,2
12631,16600,1
12632,16602,3
12633,16603,2
12634,16604,1
12634,16605,1
12635,16606,2
12636,16607,1
12637,16608,1
12638,16609,1
12639,16610,1
12639,16611,1
12639,16612,1
12640,16613,2
12640,16614,1
12640,16615,1
12641,16616,1
12642,16617,1
12643,16621,1
12643,16622,3
12644,16623,2
12644,16624,1
12645,16625,1
12646,16626,2
12647,16627,1
12648,16628,1
12649,16629,1
12650,16630,2
12650,16632,1
12650,16633,1
12651,16631,1
12652,16634,1
12653,16635,1
12653,16636,1
12653,16637,2
12653,16638,1
12654,16641,1
12654,16642,1
12655,16643,1
12656,16644,1
12656,16645,1
12657,16646,1
12658,16647,1
12659,16648,1
12659,16649,1
12659,16650,2
12660,16651,1
12661,16652,1
12662,16653,2
12662,16654,1
12662,16655,1
12663,16656,1
12663,16657,1
12664,16658,1
12665,16659,1
12665,16660,1
12666,16661,1
12666,16662,1
12667,16663,1
12667,16664,2
12667,16665,1
12668,16666,1
12669,16667,1
12670,16668,1
12670,16670,1
12671,16669,1
12672,16671,2
12673,16672,1
12674,16673,2
12674,16674,1
12675,16675,1
12676,16678,1
12676,16679,2
12676,16680,1
12677,16681,3
12678,16682,1
12679,16683,1
12679,16684,1
12680,16685,1
12680,16686,1
12680,16687,1
12681,16688,2
12682,16689,1
12683,16690,1
12684,16691,2
12685,16692,1
12685,16693,1
12686,16694,1
12686,16695,1
12687,16696,2
12687,16698,1
12688,16697,1
12689,16699,1
12689,16700,1
12690,16701,1
12690,16702,1
12690,16703,1
12691,16704,1
12691,16705,1
12692,16706,1
12693,16707,1
12694,16708,3
12695,16709,1
12695,16710,1
12696,16711,1
12697,16712,1
12698,16713,1
12698,16714,1
12698,16715,1
12699,16716,1
12700,16717,1
12701,16718,2
12702,16719,1
12703,16720,2
12704,16721,1
12705,16722,1
12706,16723,3
12707,16724,1
12707,16725,1
12707,16726,1
12708,16730,1
12709,16731,1
12710,16732,1
12710,16733,1
12711,16734,2
12712,16735,1
12713,16736,2
12714,16737,2
12714,16738,1
12715,16739,1
12716,16743,1
12717,16744,1
12718,16746,1
12719,16747,1
12720,16748,1
12721,16749,1
12721,16750,1
12722,16751,1
12723,16752,1
12724,16753,1
12725,16754,1
12726,16755,1
12727,16756,1
12727,16757,1
12727,16759,1
12728,16758,2
12729,16760,1
12730,16761,1
12731,16762,1
12732,16763,1
12733,16764,1
12734,16765,2
12735,16766,2
12736,16767,1
12737,16768,1
12737,16769,1
12738,16770,1
12739,16771,1
12739,16772,2
12740,16773,2
12740,16775,1
12741,16774,1
12742,16776,1
12743,16777,1
12744,16778,1
12745,16779,1
12746,16780,2
12747,16781,1
12747,16782,1
12748,16783,1
12749,16784,1
12750,16785,1
12751,16786,1
12752,16787,1
12752,16788,1
12753,16790,1
12754,16791,1
12755,16792,2
12755,16793,1
12756,16794,2
12757,16795,1
12758,16796,1
12759,16797,1
12760,16798,3
12760,16799,1
12761,16800,1
12762,16801,1
12763,16802,2
12763,16803,1
12764,16804,3
12765,16805,1
12766,16806,2
12767,16807,1
12768,16808,1
12768,16809,1
12768,16810,1
12769,16811,1
12770,16812,1
12771,16813,2
12772,16814,1
12773,16815,1
12774,16816,1
12775,16817,2
12775,16818,1
12775,16819,2
12775,16820,1
12776,16821,1
12776,16822,1
12777,16823,1
12778,16824,1
12779,16825,1
12780,16826,1
12781,16827,1
12782,16828,1
12783,16829,1
12784,16830,3
12785,16835,1
12785,16836,2
12786,16837,2
12786,16838,1
12786,16839,2
12787,16840,1
12788,16841,1
12788,16842,1
12789,16843,2
12790,16844,1
12790,16846,2
12790,16847,1
12791,16845,2
12792,16848,1
12793,16849,1
12794,16850,2
12794,16852,1
12795,16851,1
12796,16853,1
12796,16854,1
12796,16855,1
12796,16856,1
12797,16857,1
12798,16858,1
12799,16859,1
12799,16860,1
12799,16861,1
12800,16862,1
12800,16863,3
12801,16864,1
12802,16865,1
12803,16866,2
12804,16867,1
12805,16868,1
12806,16869,1
12806,16870,1
12806,16871,1
12807,16872,1
12808,16873,1
12809,16874,1
12809,16875,1
12810,16876,1
12811,16877,1
12812,16878,1
12813,16879,1
12814,16880,1
12815,16881,1
12816,16882,1
12817,16883,1
12817,16884,1
12818,16885,1
12819,16886,1
12820,16887,1
12821,16888,1
12822,16889,1
12822,16891,1
12823,16890,2
12824,16892,2
12825,16893,1
12826,16894,1
12827,16895,1
12828,16896,1
12829,16897,1
12830,16898,2
12831,16899,1
12831,16900,1
12831,16901,1
12832,16902,1
12833,16903,1
12834,16904,2
12835,16905,1
12835,16906,1
12836,16907,1
12836,16908,1
12837,16909,1
12838,16910,2
12839,16911,1
12840,16912,1
12840,16913,2
12841,16914,2
12842,16915,1
12843,16916,3
12844,16917,2
12844,16918,1
12845,16919,3
12845,16920,1
12845,16921,1
12846,16922,1
12846,16923,1
12847,16924,1
12847,16925,3
12847,16927,1
12848,16926,1
12849,16928,1
12850,16929,1
12851,16930,1
12851,16931,1
12851,16932,1
12852,16933,2
12853,16934,2
12854,16935,1
12855,16936,1
12856,16937,1
12856,16938,1
12857,16939,1
12857,16940,1
12858,16941,1
12859,16942,1
12860,16943,1
12861,16944,1
12861,16945,1
12862,16946,1
12863,16947,1
12864,16948,2
12865,16949,1
12866,16950,1
12866,16951,1
12867,16952,1
12868,16953,1
12868,16954,3
12869,16955,1
12869,16956,1
12870,16957,1
12870,16958,1
12871,16959,1
12872,16960,1
12873,16961,1
12874,16962,1
12875,16963,1
12876,16964,1
12877,16965,1
12878,16966,1
12879,16967,1
12880,16968,1
12880,16969,1
12881,16970,1
12882,16971,2
12883,16972,2
12884,16973,1
12884,16974,1
12885,16975,1
12886,16976,1
12887,16977,1
12887,16978,2
12888,16979,1
12888,16980,1
12889,16985,1
12889,16986,1
12889,16987,1
12890,16988,1
12891,16989,1
12892,16990,2
12892,16991,1
12893,16992,1
12894,16993,1
12895,16994,1
12896,16995,1
12896,16996,1
12896,16997,1
12897,16998,1
12897,16999,1
12898,17000,1
12899,17001,1
12900,17002,1
12900,17004,1
12901,17003,1
12902,17005,1
12902,17006,1
12903,17007,2
12904,17008,1
12905,17009,1
12905,17011,1
12906,17010,1
12907,17012,1
12908,17013,1
12909,17014,1
12910,17015,1
12911,17016,1
12911,17017,2
12911,17018,1
12912,17019,1
12912,17020,1
12913,17021,1
12913,17022,1
12914,17023,2
12915,17024,3
12915,17025,1
12915,17026,2
12916,17027,1
12917,17028,1
12917,17029,1
12918,17030,1
12919,17031,2
12920,17032,3
12921,17033,1
12922,17034,1
12923,17035,3
12924,17036,1
12925,17037,2
12925,17039,1
12926,17038,1
12927,17040,1
12927,17041,2
12928,17042,1
12929,17047,1
12930,17048,1
12930,17049,1
12930,17050,1
12931,17052,1
12932,17053,1
12933,17054,1
12934,17055,2
12935,17058,1
12936,17059,1
12937,17060,3
12938,17061,1
12939,17062,1
12939,17063,1
12939,17064,1
12940,17065,1
12941,17066,1
12942,17067,1
12942,17068,1
12943,17069,1
12943,17070,1
12944,17071,1
12945,17072,1
12946,17073,1
12946,17074,1
12946,17075,1
12947,17076,1
12948,17077,1
12949,17078,1
12949,17079,1
12950,17080,1
12950,17081,1
12951,17082,1
12952,17083,1
12953,17084,1
12954,17085,1
12955,17086,1
12955,17087,1
12955,17088,1
12955,17089,1
12956,17090,1
12956,17091,1
12956,17092,1
12956,17093,1
12957,17094,1
12957,17095,1
12958,17096,2
12959,17097,1
12960,17098,1
12960,17099,1
12961,17100,1
12962,17102,1
12963,17103,2
12963,17104,1
12964,17105,1
12964,17106,1
12964,17107,2
12965,17108,2
12966,17109,1
12967,17110,1
12968,17111,1
12968,17113,1
12969,17112,1
12970,17114,2
12971,17116,1
12972,17117,2
12972,17118,1
12973,17119,2
12974,17121,1
12975,17122,1
12976,17123,1
12977,17124,1
12978,17125,1
12979,17126,1
12980,17127,1
12981,17128,1
12982,17129,1
12982,17130,1
12983,17131,1
12984,17132,1
12985,17133,1
12986,17134,1
12987,17135,1
12988,17136,1
12989,17137,1
12990,17138,1
12991,17139,1
12992,17140,1
12993,17141,1
12994,17142,1
12995,17143,1
12996,17144,1
12997,17145,1
12998,17146,1
12998,17147,1
12998,17148,1
12999,17151,1
12999,17152,1
12999,17153,1
13000,17154,1
13001,17155,1
13001,17156,2
13001,17157,1
13002,17158,1
13002,17159,1
13002,17160,1
13002,17161,1
13003,17162,1
13003,17163,1
13004,17164,1
13005,17165,1
13006,17166,2
13007,17167,1
13008,17168,1
13009,17169,2
13010,17170,1
13010,17171,2
13011,17172,1
13012,17173,2
13012,17174,1
13013,17175,1
13013,17176,1
13014,17177,2
13015,17178,1
13015,17179,1
13016,17180,1
13017,17181,1
13018,17182,1
13018,17183,1
13019,17184,1
13020,17185,2
13021,17186,1
13021,17187,1
13022,17188,2
13023,17189,1
13024,17190,1
13025,17191,1
13026,17192,1
13027,17193,1
13027,17194,1
13027,17195,1
13028,17196,1
13028,17197,1
13028,17198,1
13029,17199,1
13029,17200,1
13030,17201,1
13031,17202,1
13032,17204,1
13033,17205,1
13033,17206,1
13033,17207,3
13034,17208,1
13035,17209,1
13035,17210,1
13036,17211,1
13037,17212,1
13038,17213,1
13039,17214,1
13040,17215,1
13041,17217,2
13042,17218,1
13043,17219,1
13044,17220,1
13045,17222,1
13046,17223,1
13047,17224,1
13048,17225,1
13048,17226,1
13049,17227,1
13050,17228,1
13051,17229,1
13051,17230,1
13052,17231,1
13052,17233,1
13053,17232,1
13054,17234,1
13055,17235,1
13056,17236,1
13057,17237,1
13058,17238,1
13059,17239,1
13059,17240,1
13059,17241,1
13059,17242,1
13060,17243,2
13060,17244,1
13061,17246,2
13062,17247,1
13063,17248,1
13064,17249,2
13065,17250,1
13066,17251,2
13067,17252,1
13068,17253,1
13069,17254,1
13070,17255,1
13071,17256,2
13071,17257,2
13072,17258,1
13073,17259,1
13073,17260,1
13073,17261,1
13074,17262,1
13075,17263,1
13076,17264,1
13077,17265,1
13078,17266,1
13079,17267,1
13079,17268,1
13079,17269,1
13080,17270,1
13081,17271,1
13082,17272,1
13082,17273,1
13083,17274,2
13084,17275,1
13085,17276,2
13086,17277,1
13087,17278,1
13087,17279,1
13088,17280,1
13088,17281,1
13089,17282,1
13089,17283,1
13089,17284,1
13090,17285,2
13090,17286,1
13090,17287,1
13091,17288,1
13091,17289,1
13092,17290,1
13093,17291,1
13093,17292,1
13093,17293,1
13094,17294,1
13095,17295,1
13095,17296,1
13095,17297,1
13096,17298,1
13097,17299,1
13098,17300,1
13099,17301,1
13100,17302,1
13101,17303,1
13102,17304,1
13103,17305,2
13104,17306,1
13105,17307,1
13106,17308,1
13106,17309,1
13107,17310,1
13108,17311,1
13109,17312,1
13110,17313,1
13111,17314,1
13112,17315,2
13113,17320,3
13114,17321,1
13114,17322,2
13115,17323,2
13116,17324,1
13117,17325,3
13118,17326,1
13118,17327,1
13118,17328,1
13119,17329,1
13119,17330,1
13120,17331,1
13120,17333,3
13121,17332,1
13122,17334,1
13123,17335,1
13124,17336,1
13125,17337,1
13125,17338,1
13125,17339,1
13125,17341,1
13126,17340,1
13127,17342,1
13128,17343,1
13129,17344,1
13130,17345,2
13131,17346,1
13131,17347,1
13132,17348,1
13133,17349,1
13133,17350,1
13134,17351,1
13134,17352,1
13134,17353,1
13134,17354,1
13135,17356,1
13136,17357,1
13137,17358,3
13137,17359,1
13138,17360,1
13139,17361,1
13140,17362,1
13141,17363,1
13142,17364,1
13142,17365,1
13143,17366,2
13144,17367,3
13144,17368,2
13145,17369,1
13146,17370,1
13147,17371,1
13148,17372,1
13149,17373,1
13150,17374,1
13150,17375,1
13151,17376,1
13152,17377,1
13153,17378,1
13154,17379,1
13155,17380,3
13156,17381,1
13157,17382,1
13158,17383,1
13159,17385,1
13159,17386,1
13160,17387,2
13161,17392,1
13161,17393,1
13161,17394,1
13162,17395,1
13162,17396,3
13162,17397,3
13163,17398,1
13164,17399,1
13165,17400,1
13165,17401,1
13166,17402,1
13166,17403,2
13167,17404,1
13168,17405,1
13168,17406,1
13169,17407,1
13170,17408,1
13170,17409,1
13170,17410,1
13171,17411,2
13172,17412,1
13173,17413,2
13173,17414,3
13174,17415,2
13175,17416,1
13176,17417,1
13177,17418,1
13178,17419,1
13179,17420,1
13179,17422,2
13179,17423,1
13180,17421,1
13181,17424,1
13181,17425,1
13181,17426,2
13182,17427,1
13183,17428,1
13184,17429,2
13185,17430,1
13186,17431,1
13187,17434,1
13188,17435,1
13188,17436,1
13188,17437,1
13189,17438,1
13189,17439,1
13189,17440,1
13189,17441,1
13190,17442,1
13190,17443,1
13191,17444,1
13191,17445,1
13191,17446,1
13191,17447,1
13192,17448,2
13192,17449,1
13193,17450,2
13193,17451,2
13194,17452,1
13195,17453,1
13196,17454,1
13197,17455,1
13197,17456,1
13198,17457,1
13199,17460,1
13199,17461,1
13199,17462,1
13200,17463,1
13201,17464,1
13202,17465,1
13203,17466,1
13204,17467,1
13204,17468,1
13205,17469,1
13206,17470,1
13207,17471,1
13207,17472,1
13207,17473,1
13208,17474,1
13208,17475,1
13209,17476,1
13209,17477,1
13209,17478,1
13209,17479,1
13209,17480,1
13210,17481,2
13211,17482,1
13211,17483,1
13212,17485,1
13212,17486,1
13213,17487,1
13214,17488,1
13215,17489,1
13216,17490,1
13217,17491,1
13218,17492,1
13219,17493,1
13220,17494,1
13220,17495,1
13221,17496,1
13222,17497,1
13223,17498,1
13224,17499,1
13225,17500,1
13226,17501,1
13227,17502,1
13228,17503,1
13229,17504,3
13230,17505,1
13231,17506,1
13231,17507,1
13232,17508,2
13232,17509,1
13233,17510,1
13234,17511,2
13234,17513,1
13235,17512,1
13236,17514,1
13237,17515,1
13238,17516,1
13239,17517,1
13240,17518,1
13241,17519,1
13241,17520,1
13242,17521,1
13243,17522,1
13244,17523,1
13245,17525,1
13246,17526,1
13247,17527,1
13248,17528,1
13249,17529,1
13250,17530,2
13250,17531,1
13251,17532,1
13252,17533,1
13253,17534,1
13254,17535,2
13255,17536,1
13256,17537,1
13257,17538,1
13258,17539,1
13259,17540,2
13259,17543,1
13260,17541,1
13260,17542,1
13261,17546,1
13262,17547,2
13263,17548,1
13264,17549,1
13264,17550,1
13264,17551,1
13264,17552,1
13265,17553,1
13266,17554,1
13267,17555,1
13267,17556,1
13267,17557,1
13267,17558,1
13268,17561,1
13268,17562,1
13269,17563,1
13270,17567,1
13271,17568,1
13271,17569,2
13272,17570,1
13273,17571,1
13274,17572,1
13275,17573,3
13276,17574,1
13277,17575,1
13278,17576,1
13278,17577,3
13278,17578,1
13279,17579,1
13280,17580,1
13280,17581,1
13280,17582,1
13281,17583,1
13282,17584,1
13283,17585,2
13284,17586,1
13285,17587,2
13285,17588,1
13286,17589,1
13287,17590,2
13288,17591,1
13288,17593,1
13288,17594,1
13289,17592,1
13290,17595,1
13290,17596,1
13291,17597,2
13292,17598,1
13293,17599,2
13294,17600,1
13295,17601,2
13296,17602,1
13297,17603,1
13298,17604,1
13298,17606,1
13299,17605,1
13300,17607,1
13301,17608,1
13302,17609,1
13302,17610,1
13303,17611,1
13304,17612,1
13304,17613,1
13304,17614,1
13304,17615,1
13305,17616,1
13305,17617,1
13305,17618,1
13305,17619,1
13306,17620,1
13306,17621,1
13307,17622,1
13307,17623,1
13308,17624,1
13308,17625,1
13309,17626,1
13309,17627,1
13309,17628,1
13310,17629,2
13311,17630,1
13312,17631,1
13313,17632,1
13313,17633,2
13314,17634,1
13315,17636,1
13316,17637,2
13317,17638,1
13318,17639,1
13319,17640,2
13320,17641,1
13321,17642,1
13321,17643,1
13321,17644,1
13321,17645,1
13322,17646,1
13323,17647,1
13324,17648,1
13324,17649,2
13324,17650,1
13325,17651,2
13325,17652,2
13326,17653,1
13327,17654,2
13327,17655,2
13327,17656,1
13328,17657,1
13329,17658,1
13330,17659,1
13331,17662,1
13332,17663,1
13333,17664,1
13334,17665,1
13335,17666,1
13335,17667,1
13335,17668,2
13336,17669,1
13336,17670,1
13337,17671,1
13337,17672,2
13337,17673,1
13338,17674,1
13339,17675,1
13340,17676,1
13340,17677,1
13340,17678,1
13341,17679,1
13341,17680,1
13342,17681,1
13343,17682,1
13344,17683,1
13345,17684,1
13346,17685,1
13347,17686,1
13348,17687,1
13348,17688,1
13349,17689,2
13350,17691,2
13350,17692,1
13350,17693,1
13350,17694,1
13351,17695,2
13351,17696,1
13352,17697,1
13353,17698,3
13354,17699,1
13354,17700,2
13355,17701,1
13355,17702,1
13356,17703,2
13357,17704,1
13358,17705,1
13359,17706,1
13360,17707,1
13360,17708,2
13360,17709,3
13361,17710,2
13362,17711,1
13363,17712,1
13364,17713,1
13365,17714,1
13365,17715,1
13366,17716,1
13367,17717,1
13368,17718,1
13369,17719,1
13370,17720,1
13371,17721,1
13372,17723,1
13373,17724,1
13374,17725,1
13375,17726,1
13376,17727,1
13377,17728,1
13378,17729,1
13379,17730,2
13380,17731,3
13381,17732,1
13381,17733,1
13381,17734,1
13381,17735,1
13382,17736,1
13382,17737,2
13382,17738,1
13383,17739,1
13384,17741,3
13385,17742,1
13385,17743,1
13385,17744,1
13386,17745,1
13387,17749,1
13388,17750,1
13389,17751,1
13389,17752,1
13389,17753,1
13389,17754,1
13390,17755,1
13391,17756,1
13392,17757,1
13393,17758,1
13394,17759,1
13395,17760,1
13396,17761,1
13397,17762,1
13398,17763,1
13399,17764,1
13400,17765,1
13400,17766,1
13400,17767,1
13401,17768,1
13402,17769,1
13403,17770,1
13404,17771,1
13405,17772,2
13406,17773,1
13407,17774,2
13407,17775,1
13408,17776,1
13409,17777,2
13410,17778,1
13411,17779,1
13412,17780,1
13413,17781,1
13414,17782,1
13414,17783,1
13415,17784,1
13416,17785,1
13416,17786,1
13417,17787,2
13417,17788,1
13418,17789,1
13418,17790,1
13418,17791,1
13418,17792,1
13419,17793,1
13420,17794,1
13420,17795,1
13420,17796,1
13421,17797,1
13422,17798,1
13423,17799,1
13424,17800,1
13425,17801,1
13426,17802,1
13427,17803,1
13428,17804,1
13429,17805,1
13429,17806,1
13429,17807,1
13430,17808,1
13430,17810,2
13431,17809,1
13432,17811,1
13432,17812,1
13433,17813,1
13434,17814,1
13435,17815,2
13435,17816,1
13435,17817,1
13436,17818,1
13437,17819,1
13438,17820,1
13439,17821,1
13440,17822,1
13441,17823,1
13441,17824,1
13442,17825,1
13443,17826,1
13443,17827,1
13444,17828,1
13445,17829,1
13446,17830,1
13447,17831,2
13448,17832,3
13449,17833,1
13450,17834,2
13451,17835,1
13451,17836,1
13452,17837,1
13452,17838,1
13453,17839,1
13454,17840,1
13455,17841,1
13455,17842,1
13456,17843,1
13457,17844,1
13458,17845,1
13459,17846,1
13460,17847,1
13461,17848,1
13462,17849,1
13463,17850,1
13463,17851,1
13464,17852,1
13465,17853,1
13465,17854,1
13466,17855,1
13467,17857,1
13467,17858,1
13467,17859,1
13468,17860,1
13469,17861,1
13470,17862,1
13470,17863,2
13470,17864,2
13471,17865,1
13472,17866,2
13473,17867,2
13474,17868,1
13475,17869,1
13476,17871,2
13477,17872,1
13477,17873,1
13478,17874,2
13478,17875,1
13479,17876,1
13480,17877,2
13481,17878,2
13482,17879,1
13483,17880,2
13484,17881,1
13485,17882,2
13486,17884,1
13487,17885,1
13488,17886,1
13489,17887,1
13490,17888,1
13491,17889,1
13492,17890,1
13493,17891,2
13494,17892,1
13495,17893,1
13496,17894,1
13496,17895,3
13496,17896,1
13496,17897,1
13497,17898,1
13498,17899,1
13498,17900,2
13499,17901,1
13499,17902,1
13499,17903,1
13500,17904,1
13500,17905,1
13500,17906,2
13500,17907,1
13500,17908,2
13501,17909,1
13501,17910,1
13502,17911,1
13503,17912,1
13504,17914,1
13505,17915,1
13506,17916,1
13507,17917,1
13507,17918,1
13507,17919,1
13508,17920,1
13509,17921,1
13510,17922,1
13511,17923,1
13512,17924,1
13513,17925,1
13514,17926,1
13515,17927,1
13516,17928,1
13517,17929,1
13518,17930,1
13519,17931,1
13520,17932,1
13520,17933,1
13521,17935,1
13522,17936,1
13522,17937,2
13523,17938,1
13524,17939,1
13524,17940,1
13525,17941,1
13526,17942,1
13527,17943,1
13528,17944,1
13529,17945,1
13530,17946,1
13531,17947,1
13532,17948,2
13533,17949,1
13534,17950,1
13535,17951,1
13536,17952,1
13537,17953,1
13537,17954,1
13537,17955,1
13538,17956,1
13538,17957,1
13539,17958,1
13540,17959,1
13541,17960,1
13541,17961,1
13542,17962,3
13542,17963,1
13543,17964,1
13543,17965,1
13543,17966,1
13544,17967,1
13545,17968,1
13545,17969,2
13546,17970,1
13547,17971,2
13547,17972,1
13548,17973,2
13549,17974,1
13549,17975,2
13549,17976,1
13550,17977,1
13550,17978,1
13551,17979,1
13552,17980,1
13552,17981,1
13553,17982,1
13553,17983,1
13554,17984,2
13554,17985,2
13555,17986,1
13555,17987,1
13556,17988,2
13557,17989,1
13557,17990,2
13558,17991,1
13559,17992,1
13559,17993,1
13559,17994,1
13559,17995,1
13560,17996,1
13561,17997,1
13561,17998,1
13562,17999,1
13563,18000,1
13564,18001,1
13565,18002,2
13566,18003,1
13566,18004,1
13567,18005,1
13567,18006,1
13568,18007,1
13569,18008,2
13570,18009,1
13570,18010,1
13570,18012,1
13571,18011,1
13572,18014,1
13572,18015,1
13572,18016,2
13573,18017,1
13574,18018,2
13575,18019,1
13576,18020,1
13577,18021,1
13578,18022,1
13579,18023,1
13580,18024,1
13581,18025,1
13582,18026,1
13583,18027,2
13583,18029,1
13584,18028,1
13585,18030,1
13585,18031,1
13586,18032,1
13587,18033,1
13588,18034,1
13589,18035,1
13590,18036,1
13591,18037,1
13592,18038,1
13593,18039,1
13594,18040,1
13594,18041,1
13595,18042,1
13596,18043,1
13597,18044,1
13598,18045,1
13599,18046,1
13599,18047,1
13600,18048,1
13601,18049,1
13602,18050,1
13603,18051,1
13604,18052,1
13604,18053,1
13605,18054,1
13606,18055,1
13606,18056,1
13607,18057,1
13608,18058,1
13608,18059,1
13609,18060,1
13610,18061,1
13611,18062,3
13612,18063,3
13613,18064,1
13614,18065,1
13615,18066,1
13616,18067,1
13616,18068,1
13617,18069,1
13618,18070,1
13619,18071,1
13619,18073,1
13619,18074,1
13620,18072,1
13621,18075,3
13622,18076,1
13623,18077,1
13624,18078,1
13625,18079,2
13626,18080,1
13626,18081,1
13627,18082,3
13627,18083,1
13628,18084,1
13629,18085,1
13630,18086,1
13631,18087,1
13632,18088,1
13633,18089,1
13634,18090,1
13634,18091,1
13635,18092,3
13635,18093,1
13635,18094,1
13636,18095,1
13637,18096,2
13638,18097,2
13638,18098,1
13639,18099,1
13640,18100,1
13641,18101,1
13642,18102,1
13643,18103,1
13643,18104,1
13643,18105,1
13644,18106,2
13645,18107,1
13645,18108,1
13646,18109,2
13647,18110,1
13647,18111,2
13648,18112,1
13649,18113,1
13650,18116,2
13651,18117,1
13652,18118,1
13652,18119,1
13653,18120,1
13653,18121,1
13653,18122,2
13654,18123,1
13654,18124,1
13655,18125,2
13655,18126,3
13655,18127,1
13656,18128,1
13657,18129,1
13658,18130,2
13658,18131,1
13659,18132,2
13660,18133,1
13661,18134,1
13662,18135,1
13663,18136,1
13664,18137,3
13665,18138,1
13665,18139,1
13666,18140,1
13667,18141,1
13668,18142,1
13669,18143,3
13669,18144,1
13670,18145,1
13671,18146,1
13671,18147,1
13672,18148,1
13672,18149,1
13672,18150,1
13672,18151,1
13673,18152,1
13674,18153,1
13675,18154,1
13675,18155,1
13676,18156,1
13676,18157,1
13676,18158,1
13677,18159,2
13677,18160,1
13678,18161,1
13678,18162,2
13678,18163,1
13679,18164,1
13680,18165,1
13680,18166,1
13681,18167,3
13682,18168,1
13683,18169,1
13684,18170,2
13684,18171,1
13684,18172,1
13685,18173,1
13685,18174,1
13686,18175,1
13687,18176,2
13688,18177,1
13688,18178,1
13688,18179,1
13689,18180,1
13690,18181,1
13691,18182,1
13692,18184,1
13693,18185,1
13694,18186,1
13695,18187,1
13696,18188,1
13696,18189,1
13696,18190,2
13697,18191,2
13698,18192,1
13698,18193,1
13699,18194,3
13700,18195,1
13700,18196,1
13701,18197,1
13702,18198,1
13702,18199,1
13703,18200,1
13704,18201,1
13704,18202,1
13704,18203,1
13705,18204,1
13706,18205,1
13706,18206,1
13707,18207,2
13708,18208,3
13709,18209,1
13710,18212,1
13711,18213,1
13712,18214,1
13713,18215,1
13714,18216,1
13714,18217,1
13714,18218,1
13715,18219,1
13716,18220,1
13716,18221,1
13717,18222,1
13717,18223,2
13718,18224,1
13718,18226,3
13718,18228,1
13719,18225,2
13720,18227,1
13721,18229,1
13722,18230,1
13723,18231,1
13724,18232,2
13724,18233,1
13724,18234,1
13725,18235,1
13725,18236,1
13726,18237,1
13727,18238,1
13727,18239,1
13727,18240,1
13727,18241,1
13727,18242,1
13728,18243,1
13729,18244,1
13730,18245,1
13730,18246,2
13730,18247,1
13730,18248,2
13731,18249,1
13732,18250,2
13733,18251,1
13734,18252,1
13735,18253,1
13736,18254,3
13737,18255,1
13738,18256,2
13738,18257,1
13738,18258,2
13739,18259,1
13740,18260,1
13741,18261,2
13742,18262,1
13742,18263,2
13743,18264,1
13744,18265,1
13745,18266,2
13746,18267,1
13746,18268,1
13746,18269,1
13746,18270,1
13747,18271,1
13748,18272,2
13749,18273,2
13750,18274,1
13750,18275,1
13750,18276,2
13751,18282,1
13752,18283,1
13753,18284,1
13754,18285,1
13755,18286,1
13756,18287,1
13757,18288,1
13758,18289,2
13759,18290,1
13759,18291,2
13760,18292,1
13760,18293,1
13761,18295,1
13762,18296,1
13762,18297,1
13762,18298,1
13763,18299,1
13764,18300,1
13764,18301,1
13764,18302,1
13764,18303,1
13765,18304,2
13766,18305,1
13766,18306,1
13767,18307,1
13767,18308,1
13767,18309,1
13768,18310,1
13768,18311,1
13769,18312,1
13770,18313,1
13771,18314,1
13772,18315,1
13772,18316,1
13773,18317,1
13773,18318,1
13774,18319,1
13774,18320,1
13775,18321,1
13776,18322,1
13777,18323,1
13778,18324,1
13779,18325,1
13780,18326,1
13780,18327,3
13781,18328,1
13782,18329,2
13783,18330,1
13783,18331,1
13783,18332,1
13783,18333,1
13784,18334,2
13785,18335,1
13785,18336,1
13786,18337,1
13787,18338,1
13788,18339,1
13788,18340,2
13789,18341,1
13789,18342,1
13790,18343,1
13791,18344,1
13792,18345,1
13792,18346,2
13793,18347,1
13793,18348,1
13793,18349,1
13794,18350,1
13794,18351,1
13795,18352,1
13795,18353,1
13796,18354,1
13797,18355,1
13798,18356,2
13799,18357,1
13800,18358,1
13801,18360,2
13802,18361,1
13803,18362,1
13804,18363,1
13804,18364,1
13804,18365,1
13805,18366,3
13806,18368,1
13807,18369,1
13808,18370,1
13808,18371,1
13809,18372,1
13810,18374,1
13810,18375,1
13811,18376,1
13812,18377,1
13813,18378,1
13813,18379,1
13813,18380,2
13813,18381,1
13814,18383,1
13814,18384,1
13814,18385,1
13815,18388,2
13815,18389,1
13816,18390,1
13817,18391,1
13818,18392,2
13819,18396,1
13820,18397,1
13821,18398,1
13821,18399,1
13822,18400,1
13823,18401,2
13824,18402,1
13825,18403,1
13826,18404,1
13827,18405,1
13827,18406,1
13828,18407,1
13828,18408,1
13828,18409,1
13829,18410,1
13830,18411,1
13830,18412,1
13831,18414,1
13832,18415,1
13833,18416,1
13833,18417,1
13834,18418,2
13835,18419,1
13836,18420,1
13837,18421,1
13838,18425,1
13838,18426,1
13839,18427,1
13840,18428,1
13841,18429,1
13842,18430,1
13843,18431,1
13844,18432,1
13845,18433,1
13846,18434,1
13847,18435,1
13847,18436,1
13847,18437,1
13848,18440,1
13849,18441,1
13850,18442,3
13851,18443,1
13852,18444,1
13853,18445,1
13853,18446,1
13854,18447,1
13855,18448,1
13855,18449,1
13855,18450,1
13856,18451,2
13857,18452,1
13858,18453,2
13858,18454,1
13859,18455,1
13860,18456,1
13861,18457,1
13862,18458,1
13863,18459,1
13864,18460,1
13865,18461,1
13866,18463,1
13866,18464,1
13866,18465,1
13867,18466,1
13868,18467,2
13869,18468,1
13870,18469,2
13870,18470,1
13871,18471,1
13872,18472,1
13873,18473,1
13874,18475,1
13874,18476,1
13875,18477,1
13875,18478,1
13876,18479,1
13877,18481,1
13878,18482,1
13879,18483,1
13879,18484,1
13879,18485,1
13880,18486,1
13881,18487,1
13882,18488,1
13882,18489,1
13882,18490,1
13882,18491,1
13882,18492,2
13883,18493,2
13883,18494,1
13883,18495,1
13883,18496,3
13883,18497,1
13884,18498,1
13885,18499,1
13886,18500,1
13887,18501,1
13887,18502,1
13887,18503,1
13888,18504,1
13889,18505,1
13890,18506,1
13891,18507,1
13892,18508,1
13893,18509,1
13894,18510,1
13895,18512,1
13896,18513,1
13897,18515,1
13898,18516,1
13899,18517,1
13900,18518,1
13901,18519,1
13902,18520,1
13903,18521,1
13904,18522,1
13904,18523,2
13905,18524,1
13905,18525,1
13905,18526,1
13906,18527,3
13907,18528,1
13907,18529,1
13907,18530,2
13908,18531,1
13909,18532,1
13910,18533,1
13911,18534,1
13912,18535,1
13913,18536,1
13914,18537,2
13914,18538,1
13915,18539,1
13916,18540,2
13917,18541,1
13918,18543,1
13918,18544,1
13919,18545,1
13920,18546,1
13920,18547,1
13920,18548,1
13921,18549,2
13922,18550,1
13922,18551,1
13923,18552,1
13924,18553,1
13925,18554,1
13926,18555,1
13927,18556,1
13928,18557,2
13929,18558,1
13930,18559,1
13930,18560,1
13931,18561,1
13932,18562,1
13933,18563,1
13934,18564,2
13934,18565,1
13935,18566,1
13936,18567,2
13937,18568,2
13938,18569,1
13939,18570,1
13940,18571,1
13941,18573,1
13942,18574,1
13943,18575,1
13944,18576,1
13944,18577,1
13945,18578,1
13946,18579,1
13946,18580,3
13947,18581,3
13948,18582,1
13949,18583,1
13950,18584,1
13951,18585,1
13952,18586,1
13953,18587,1
13954,18589,1
13954,18590,2
13955,18591,1
13956,18592,1
13957,18593,1
13958,18594,1
13958,18595,2
13959,18596,1
13960,18597,1
13961,18598,2
13962,18599,1
13962,18600,2
13963,18601,1
13964,18602,1
13964,18603,1
13964,18604,1
13965,18605,2
13966,18606,2
13967,18607,1
13968,18608,1
13969,18609,2
13970,18610,2
13971,18611,1
13972,18613,1
13973,18614,1
13973,18615,1
13973,18616,1
13974,18617,1
13975,18618,1
13975,18619,3
13975,18620,1
13976,18621,1
13977,18622,2
13977,18623,1
13978,18624,1
13978,18625,1
13979,18626,3
13980,18627,1
13980,18628,1
13981,18629,1
13981,18630,1
13981,18631,1
13982,18632,1
13983,18633,1
13983,18634,1
13984,18635,1
13985,18636,1
13986,18637,2
13987,18638,1
13988,18639,1
13988,18640,1
13989,18641,1
13990,18642,1
13990,18643,1
13991,18644,1
13992,18645,2
13993,18646,1
13994,18647,1
13995,18648,1
13996,18649,1
13996,18650,1
13996,18651,1
13997,18652,1
13998,18653,1
13999,18654,1
14000,18655,1
14001,18656,2
14001,18657,1
14002,18658,1
14003,18659,1
14004,18660,1
14005,18661,1
14005,18662,1
14006,18664,1
14007,18665,1
14008,18668,2
14009,18669,1
14009,18670,1
14009,18671,1
14010,18672,1
14011,18673,1
14012,18674,1
14013,18675,1
14013,18676,1
14014,18677,2
14015,18678,1
14015,18679,1
14016,18680,3
14017,18681,1
14018,18682,1
14019,18683,1
14020,18684,1
14021,18685,1
14022,18686,1
14023,18687,1
14024,18688,1
14025,18689,1
14025,18690,1
14026,18691,1
14027,18692,1
14027,18693,1
14028,18694,1
14029,18695,1
14029,18696,1
14030,18700,1
14031,18701,1
14032,18702,2
14033,18703,1
14033,18704,1
14033,18705,1
14034,18706,1
14035,18707,2
14035,18708,2
14035,18709,3
14036,18710,2
14037,18711,1
14037,18712,1
14038,18713,1
14039,18714,1
14040,18715,1
14041,18716,1
14042,18717,1
14042,18718,1
14043,18719,1
14043,18720,1
14043,18721,1
14043,18722,1
14044,18723,1
14045,18724,1
14046,18725,1
14047,18726,1
14048,18729,1
14049,18730,3
14050,18731,1
14051,18732,1
14052,18733,1
14053,18734,1
14053,18735,1
14054,18736,1
14054,18737,1
14055,18738,1
14056,18739,2
14056,18741,2
14056,18742,1
14057,18740,1
14058,18743,1
14058,18745,1
14059,18744,1
14060,18746,1
14061,18747,1
14061,18748,1
14061,18749,1
14061,18750,1
14062,18751,1
14062,18752,1
14062,18753,1
14063,18754,3
14064,18755,3
14065,18756,2
14066,18757,2
14067,18758,3
14068,18759,1
14068,18760,1
14068,18761,2
14069,18762,1
14070,18763,1
14070,18764,1
14071,18765,2
14071,18766,1
14072,18767,1
14072,18768,1
14073,18769,1
14074,18770,2
14075,18773,1
14076,18774,1
14077,18775,2
14077,18776,1
14078,18777,1
14079,18778,1
14080,18779,2
14081,18780,1
14082,18781,2
14083,18782,1
14084,18783,1
14085,18784,1
14086,18785,1
14087,18786,1
14088,18787,1
14088,18788,1
14089,18789,1
14089,18790,1
14089,18791,1
14090,18792,2
14090,18793,1
14091,18794,1
14092,18795,1
14093,18796,1
14094,18797,1
14095,18798,1
14096,18799,1
14096,18800,1
14097,18801,2
14097,18802,1
14098,18803,3
14099,18804,1
14100,18805,1
14101,18806,2
14101,18807,1
14102,18808,1
14103,18809,1
14104,18810,1
14105,18811,1
14105,18812,1
14106,18813,1
14107,18814,1
14107,18815,1
14107,18816,1
14108,18817,1
14109,18818,1
14110,18819,1
14111,18820,1
14112,18821,1
14113,18822,1
14114,18823,2
14115,18824,2
14116,18825,1
14116,18826,1
14117,18827,1
14118,18828,1
14119,18829,1
14119,18830,1
14120,18831,3
14121,18832,1
14121,18833,1
14122,18834,1
14122,18835,1
14123,18836,1
14124,18837,1
14125,18838,1
14126,18839,1
14127,18841,1
14128,18842,2
14129,18843,1
14130,18844,2
14131,18845,1
14132,18846,3
14133,18847,1
14134,18848,1
14134,18849,1
14135,18850,1
14136,18851,1
14136,18852,1
14137,18853,1
14137,18854,1
14138,18855,1
14138,18856,1
14139,18857,1
14140,18858,3
14141,18859,1
14141,18860,2
14141,18862,1
14142,18861,1
14143,18863,2
14144,18864,1
14145,18865,1
14146,18869,2
14146,18870,1
14147,18871,1
14147,18872,1
14148,18873,1
14149,18874,1
14150,18875,1
14151,18876,1
14152,18877,1
14153,18878,1
14154,18879,1
14155,18880,1
14156,18881,2
14157,18882,1
14157,18883,3
14158,18884,1
14159,18885,1
14160,18886,1
14161,18887,1
14162,18888,1
14163,18889,1
14164,18890,1
14164,18891,2
14164,18892,1
14164,18893,1
14165,18894,1
14165,18895,2
14166,18896,1
14167,18897,1
14168,18898,1
14168,18899,1
14169,18905,1
14170,18906,1
14170,18907,1
14170,18908,1
14170,18909,1
14171,18910,1
14171,18911,1
14172,18912,3
14173,18913,2
14174,18914,1
14174,18915,2
14175,18916,1
14176,18917,1
14177,18918,1
14177,18919,1
14178,18920,1
14178,18921,1
14179,18923,1
14180,18924,1
14181,18925,1
14182,18926,1
14182,18927,1
14182,18928,1
14183,18929,2
14184,18930,1
14184,18931,2
14185,18932,1
14186,18933,2
14187,18934,1
14188,18936,1
14188,18937,1
14188,18938,1
14189,18939,2
14190,18942,3
14191,18943,1
14191,18944,1
14191,18945,1
14191,18946,1
14192,18947,1
14192,18948,1
14192,18949,1
14193,18950,1
14194,18951,1
14195,18952,2
14196,18953,1
14197,18954,1
14198,18955,1
14199,18956,1
14199,18957,1
14200,18958,1
14201,18959,1
14202,18960,2
14203,18961,1
14204,18962,1
14205,18963,1
14206,18964,2
14207,18965,2
14208,18966,1
14209,18967,1
14210,18968,1
14210,18969,2
14210,18970,1
14211,18975,2
14212,18976,1
14213,18977,1
14214,18978,1
14215,18979,1
14216,18980,1
14217,18981,1
14217,18982,1
14217,18983,1
14218,18984,1
14219,18985,1
14220,18986,1
14221,18987,2
14222,18988,1
14223,18989,1
14224,18990,1
14224,18991,1
14224,18992,2
14225,18993,1
14225,18994,1
14225,18995,1
14226,18996,1
14227,18997,1
14228,18998,2
14229,18999,2
14230,19000,2
14231,19001,1
14232,19002,1
14233,19003,1
14234,19004,1
14234,19005,2
14235,19006,1
14236,19007,1
14236,19008,1
14236,19009,1
14237,19010,1
14237,19011,1
14238,19012,1
14239,19013,1
14240,19014,1
14241,19015,1
14242,19016,1
14243,19017,1
14244,19018,1
14245,19019,1
14245,19020,3
14246,19021,2
14247,19024,1
14247,19025,1
14247,19026,1
14248,19027,1
14249,19028,1
14249,19029,1
14250,19030,1
14251,19031,1
14252,19032,1
14253,19033,1
14253,19035,1
14253,19036,2
14254,19034,1
14255,19037,2
14255,19038,1
14255,19039,1
14256,19040,1
14257,19041,2
14257,19042,1
14258,19043,1
14259,19044,1
14260,19045,1
14261,19046,1
14261,19047,1
14262,19048,1
14263,19049,1
14263,19050,1
14264,19051,1
14265,19052,1
14265,19053,1
14266,19054,1
14266,19055,1
14267,19056,1
14268,19057,1
14269,19058,1
14269,19059,1
14270,19060,1
14271,19061,1
14271,19062,2
14272,19063,1
14273,19064,1
14274,19065,1
14275,19066,1
14276,19067,1
14276,19068,1
14277,19069,1
14277,19070,1
14278,19071,1
14278,19072,3
14279,19073,1
14280,19074,1
14281,19075,1
14282,19076,2
14283,19077,1
14284,19078,1
14285,19079,1
14286,19080,1
14287,19083,2
14288,19084,1
14289,19085,1
14289,19086,1
14289,19087,1
14290,19088,2
14290,19089,1
14291,19090,1
14292,19091,1
14292,19092,1
14292,19093,1
14293,19094,1
14294,19095,2
14294,19096,1
14294,19097,1
14295,19100,1
14296,19101,1
14297,19102,3
14297,19103,1
14297,19105,1
14298,19104,1
14299,19106,1
14299,19108,1
14300,19107,1
14301,19109,1
14302,19110,1
14303,19111,1
14304,19112,3
14304,19113,1
14304,19114,1
14304,19115,1
14304,19116,1
14305,19117,1
14305,19118,1
14306,19119,1
14306,19120,1
14307,19121,2
14308,19122,1
14309,19123,1
14310,19124,2
14310,19125,1
14311,19126,1
14312,19127,1
14313,19128,1
14313,19129,1
14314,19130,1
14315,19131,1
14316,19132,3
14317,19133,1
14318,19134,1
14319,19135,1
14320,19136,3
14321,19137,1
14321,19138,1
14322,19139,2
14322,19140,3
14323,19141,1
14323,19142,1
14323,19143,1
14324,19144,1
14325,19145,1
14326,19146,1
14327,19147,1
14328,19148,1
14329,19150,1
14330,19151,1
14331,19152,1
14332,19153,1
14333,19155,2
14334,19156,1
14335,19157,1
14336,19158,1
14337,19159,2
14337,19160,1
14338,19161,1
14339,19162,1
14340,19163,1
14341,19164,1
14342,19165,1
14343,19166,1
14343,19167,1
14344,19170,1
14344,19171,1
14345,19172,1
14345,19174,1
14346,19173,1
14347,19175,1
14347,19176,1
14348,19177,1
14349,19178,1
14350,19179,1
14350,19180,1
14351,19181,2
14352,19182,1
14352,19183,1
14353,19184,1
14353,19185,1
14353,19186,1
14353,19187,1
14353,19188,1
14354,19189,1
14355,19190,1
14355,19191,2
14356,19192,1
14357,19193,1
14358,19194,2
14359,19195,2
14359,19196,1
14359,19197,1
14360,19198,1
14361,19199,1
14362,19200,2
14363,19201,1
14364,19202,1
14365,19203,1
14366,19204,1
14367,19205,1
14367,19206,2
14368,19207,1
14368,19208,1
14369,19209,1
14370,19210,1
14371,19211,1
14372,19212,1
14372,19213,1
14373,19214,1
14373,19215,1
14374,19216,1
14375,19217,1
14375,19218,1
14375,19219,1
14375,19220,1
14376,19221,1
14377,19222,1
14377,19223,1
14378,19224,1
14379,19226,1
14380,19227,1
14381,19228,1
14382,19229,1
14383,19230,1
14383,19231,1
14384,19236,1
14384,19237,1
14384,19238,1
14385,19239,1
14386,19241,1
14387,19242,1
14388,19243,3
14389,19244,1
14390,19245,1
14391,19246,1
14392,19247,1
14393,19248,3
14394,19249,1
14394,19250,2
14394,19251,1
14394,19252,1
14395,19253,1
14396,19254,1
14397,19255,1
14398,19256,1
14399,19257,1
14400,19258,1
14400,19259,1
14401,19260,1
14402,19261,1
14403,19262,1
14404,19263,2
14405,19264,1
14406,19265,1
14407,19266,1
14408,19267,1
14408,19269,1
14409,19268,1
14410,19270,1
14411,19271,1
14412,19275,1
14412,19276,1
14413,19277,2
14414,19278,1
14414,19279,1
14414,19281,1
14414,19282,3
14415,19280,1
14416,19284,1
14417,19288,1
14417,19289,1
14418,19290,1
14419,19291,2
14419,19292,1
14419,19293,1
14420,19294,1
14421,19295,1
14421,19297,2
14422,19296,1
14423,19298,2
14423,19299,1
14424,19300,2
14425,19302,1
14425,19303,1
14426,19304,2
14427,19305,1
14428,19307,1
14429,19308,2
14429,19309,1
14430,19310,3
14431,19311,1
14432,19312,2
14433,19313,1
14433,19314,2
14433,19315,1
14434,19316,1
14435,19317,2
14436,19318,1
14436,19319,1
14437,19320,1
14438,19321,1
14439,19322,1
14440,19323,1
14441,19324,1
14442,19325,1
14443,19326,1
14444,19327,1
14445,19328,1
14446,19329,1
14447,19330,1
14448,19331,1
14449,19332,1
14450,19333,1
14451,19334,1
14452,19335,1
14452,19337,1
14453,19336,1
14454,19338,1
14455,19339,1
14456,19340,1
14457,19341,1
14457,19342,1
14458,19343,1
14458,19344,1
14459,19345,2
14459,19346,1
14459,19347,1
14460,19348,1
14461,19349,1
14462,19350,1
14463,19351,1
14464,19352,1
14465,19353,1
14466,19354,1
14467,19355,1
14468,19356,2
14469,19357,1
14470,19358,1
14471,19359,1
14471,19360,1
14471,19361,2
14472,19362,1
14473,19363,1
14473,19364,1
14474,19365,1
14474,19366,1
14475,19371,2
14475,19372,1
14475,19373,2
14475,19374,1
14476,19375,1
14476,19376,1
14477,19377,1
14477,19378,1
14478,19379,1
14479,19380,1
14480,19381,1
14481,19382,1
14481,19383,1
14482,19384,1
14483,19385,1
14484,19386,1
14485,19387,1
14485,19388,1
14485,19389,1
14486,19390,1
14486,19391,1
14487,19392,1
14488,19393,2
14488,19394,1
14488,19395,2
14489,19396,1
14490,19397,1
14490,19398,1
14491,19399,2
14492,19400,1
14493,19401,1
14494,19402,1
14495,19403,1
14496,19404,1
14497,19405,2
14498,19406,1
14499,19407,1
14500,19408,2
14500,19409,1
14501,19410,1
14501,19411,1
14501,19412,1
14502,19413,1
14503,19414,1
14503,19415,1
14504,19416,1
14505,19417,1
14506,19418,1
14507,19419,1
14508,19420,1
14509,19421,1
14509,19422,1
14510,19423,1
14510,19424,2
14511,19426,2
14512,19427,1
14513,19428,2
14514,19429,1
14514,19430,1
14514,19431,1
14515,19432,1
14516,19433,3
14517,19434,1
14517,19435,1
14518,19436,1
14519,19437,1
14519,19438,1
14520,19439,1
14521,19440,1
14521,19441,1
14522,19442,1
14522,19443,1
14523,19444,1
14524,19445,1
14525,19446,1
14526,19447,2
14526,19448,1
14526,19449,1
14527,19450,1
14528,19451,1
14529,19452,1
14530,19453,1
14531,19454,2
14531,19455,1
14532,19456,1
14532,19457,1
14533,19458,1
14533,19459,1
14533,19460,1
14534,19461,1
14534,19463,1
14535,19462,1
14536,19464,1
14536,19465,1
14537,19466,1
14538,19467,1
14539,19468,1
14539,19469,1
14539,19470,1
14540,19471,2
14540,19472,1
14540,19473,3
14540,19474,1
14541,19475,1
14542,19476,1
14543,19477,1
14544,19478,1
14544,19479,1
14545,19480,1
14546,19481,1
14547,19482,1
14547,19483,2
14547,19484,1
14548,19485,1
14549,19486,1
14550,19487,1
14551,19488,2
14552,19489,1
14553,19490,1
14554,19491,1
14555,19492,1
14555,19493,1
14555,19495,1
14556,19494,1
14557,19496,1
14557,19497,1
14558,19498,1
14559,19499,1
14560,19500,2
14560,19501,1
14561,19502,1
14562,19503,1
14563,19504,1
14563,19505,1
14564,19506,2
14565,19507,1
14566,19508,1
14566,19509,1
14566,19510,1
14567,19511,1
14568,19512,1
14569,19513,1
14569,19514,1
14570,19515,1
14571,19516,1
14572,19517,1
14572,19518,2
14573,19519,1
14574,19520,1
14575,19521,1
14576,19522,1
14577,19523,1
14577,19524,1
14578,19525,1
14579,19526,1
14580,19527,1
14580,19528,2
14581,19529,1
14581,19530,1
14582,19531,1
14583,19532,1
14583,19534,2
14584,19533,1
14585,19535,2
14586,19536,1
14587,19537,1
14588,19538,1
14589,19539,2
14589,19540,1
14589,19541,1
14589,19542,1
14590,19543,1
14591,19544,2
14592,19545,1
14593,19546,1
14594,19547,1
14595,19548,1
14596,19549,1
14597,19550,1
14598,19551,1
14598,19552,1
14599,19553,1
14600,19554,1
14600,19555,1
14600,19556,1
14601,19557,1
14602,19558,1
14602,19559,1
14602,19560,1
14603,19561,1
14604,19562,1
14605,19563,1
14606,19564,1
14607,19567,1
14608,19568,1
14609,19569,3
14610,19570,1
14611,19571,1
14612,19572,1
14613,19573,1
14614,19574,1
14615,19575,1
14616,19576,2
14617,19577,1
14618,19578,1
14619,19579,1
14620,19580,1
14621,19581,1
14621,19582,2
14621,19583,1
14621,19584,1
14621,19585,1
14622,19586,1
14622,19587,1
14623,19589,1
14624,19590,1
14625,19591,1
14625,19592,2
14626,19593,1
14626,19594,1
14626,19595,1
14627,19596,1
14628,19597,1
14629,19598,2
14630,19599,1
14631,19600,1
14632,19601,1
14633,19602,1
14633,19603,1
14633,19604,1
14634,19605,1
14635,19606,1
14635,19607,1
14636,19608,1
14637,19609,1
14637,19610,1
14638,19611,1
14639,19612,3
14639,19613,1
14639,19614,1
14639,19615,1
14640,19616,1
14640,19617,1
14641,19618,1
14642,19619,2
14642,19620,1
14643,19621,1
14644,19622,1
14645,19623,1
14645,19624,1
14646,19625,1
14647,19626,1
14648,19627,1
14649,19628,1
14650,19629,1
14650,19630,1
14650,19631,1
14650,19633,1
14651,19632,2
14652,19634,1
14652,19635,1
14653,19636,2
14654,19637,2
14654,19639,1
14655,19638,1
14656,19640,1
14657,19641,2
14657,19642,1
14657,19643,1
14658,19647,1
14658,19648,1
14658,19649,1
14659,19650,1
14660,19651,1
14661,19652,1
14662,19657,1
14662,19658,1
14663,19659,2
14664,19660,1
14665,19661,1
14666,19662,1
14667,19663,1
14668,19665,1
14669,19666,1
14669,19667,1
14670,19668,3
14671,19669,1
14672,19670,1
14673,19671,1
14674,19672,1
14675,19673,1
14675,19674,2
14675,19675,1
14675,19676,1
14676,19677,1
14676,19678,1
14677,19679,1
14678,19680,1
14678,19681,1
14678,19682,1
14678,19683,1
14679,19684,1
14680,19685,2
14681,19686,1
14682,19687,1
14683,19688,2
14683,19689,2
14683,19690,1
14684,19691,1
14685,19692,1
14686,19693,1
14687,19694,1
14688,19695,1
14688,19696,1
14688,19697,1
14688,19698,1
14689,19699,1
14689,19700,1
14689,19701,1
14690,19702,1
14690,19703,1
14690,19704,1
14691,19705,1
14692,19708,1
14693,19712,1
14693,19713,1
14694,19714,1
14695,19715,1
14696,19716,1
14697,19717,1
14697,19718,1
14698,19719,1
14699,19720,1
14700,19721,1
14701,19723,1
14701,19724,1
14702,19725,1
14702,19726,1
14703,19727,1
14704,19728,1
14705,19729,1
14706,19730,1
14706,19731,1
14706,19732,1
14707,19733,1
14708,19734,1
14709,19735,1
14710,19736,1
14710,19737,1
14711,19738,1
14712,19739,1
14713,19740,2
14714,19741,1
14714,19742,2
14714,19744,1
14714,19745,1
14715,19743,2
14716,19746,1
14716,19747,2
14716,19748,1
14717,19749,1
14718,19750,1
14719,19751,1
14720,19752,1
14721,19753,2
14722,19754,1
14723,19755,1
14723,19756,1
14724,19757,1
14724,19758,1
14725,19759,1
14726,19760,1
14727,19761,1
14728,19762,1
14729,19763,1
14730,19764,1
14730,19765,1
14730,19766,1
14730,19767,2
14731,19768,1
14732,19769,1
14733,19770,2
14734,19771,1
14735,19772,1
14736,19773,1
14736,19774,1
14737,19775,3
14738,19776,1
14739,19777,2
14739,19778,1
14740,19779,1
14740,19780,1
14740,19781,1
14741,19782,1
14742,19783,1
14743,19784,1
14743,19785,1
14744,19786,1
14745,19787,1
14745,19788,1
14746,19789,1
14747,19790,1
14748,19791,1
14749,19792,2
14749,19793,1
14750,19795,1
14751,19796,1
14751,19797,1
14751,19798,1
14752,19799,1
14752,19800,2
14753,19801,1
14754,19802,1
14755,19803,1
14756,19804,1
14756,19805,1
14757,19806,1
14758,19807,1
14759,19808,1
14760,19809,1
14761,19810,2
14762,19811,1
14763,19812,1
14763,19813,1
14763,19814,1
14764,19815,1
14765,19816,1
14765,19817,1
14765,19818,1
14765,19819,1
14766,19820,3
14767,19821,2
14767,19822,1
14768,19823,1
14769,19824,1
14769,19825,1
14769,19826,1
14769,19827,1
14770,19828,1
14771,19829,1
14771,19830,1
14772,19831,1
14773,19832,1
14774,19833,2
14775,19834,1
14776,19835,2
14777,19836,2
14778,19837,2
14778,19838,1
14778,19839,1
14779,19840,1
14780,19841,1
14781,19842,1
14782,19843,1
14782,19844,1
14783,19845,1
14784,19846,1
14784,19847,1
14785,19848,2
14786,19849,1
14787,19850,1
14787,19851,1
14788,19852,1
14788,19854,1
14789,19853,1
14790,19855,1
14790,19856,1
14790,19857,1
14791,19858,1
14792,19859,1
14793,19860,1
14793,19861,1
14794,19862,1
14795,19863,1
14796,19864,1
14797,19865,3
14798,19866,1
14799,19867,1
14800,19868,1
14801,19869,1
14802,19871,1
14803,19872,1
14803,19873,1
14803,19874,1
14804,19875,1
14805,19876,1
14806,19877,1
14807,19878,1
14807,19879,2
14808,19880,1
14808,19881,1
14809,19882,1
14809,19883,1
14810,19884,1
14811,19885,1
14812,19886,2
14813,19887,1
14813,19888,1
14813,19889,1
14814,19890,1
14815,19891,1
14816,19894,1
14817,19895,1
14818,19896,1
14818,19897,1
14819,19899,1
14819,19900,1
14820,19901,1
14820,19902,1
14821,19906,1
14822,19907,1
14823,19908,1
14824,19909,1
14825,19910,1
14826,19912,1
14827,19913,1
14828,19919,1
14829,19920,1
14830,19921,1
14830,19922,1
14831,19923,2
14831,19924,1
14832,19925,1
14832,19926,1
14833,19927,1
14834,19928,1
14835,19929,1
14836,19930,1
14837,19931,1
14838,19932,1
14838,19933,2
14839,19934,1
14840,19935,1
14841,19936,1
14842,19937,1
14843,19938,1
14844,19939,1
14845,19940,1
14846,19941,1
14847,19942,1
14848,19943,1
14849,19944,3
14849,19945,1
14850,19946,1
14850,19947,2
14851,19948,2
14851,19949,2
14852,19950,1
14853,19952,1
14853,19954,1
14854,19953,1
14855,19955,1
14856,19956,1
14856,19957,1
14857,19960,1
14858,19961,1
14859,19962,1
14860,19964,1
14860,19965,1
14861,19967,1
14861,19968,1
14861,19969,1
14861,19970,2
14861,19971,2
14862,19972,1
14862,19973,1
14862,19974,2
14863,19975,1
14863,19976,2
14863,19977,1
14863,19978,2
14864,19979,1
14864,19980,1
14865,19981,1
14866,19982,1
14866,19983,1
14867,19984,2
14867,19985,3
14867,19986,1
14868,19987,1
14869,19988,1
14870,19989,1
14871,19990,1
14872,19991,1
14872,19992,1
14873,19993,1
14873,19994,1
14873,19995,1
14873,19996,1
14873,19997,2
14874,19998,1
14874,19999,1
14875,20000,1
14876,20001,1
14876,20002,1
14877,20003,1
14877,20004,1
14877,20006,1
14878,20005,1
14879,20007,1
14880,20008,3
14881,20009,1
14882,20010,1
14883,20011,1
14883,20012,1
14883,20013,1
14884,20014,1
14884,20015,1
14884,20016,2
14884,20017,2
14885,20018,1
14886,20019,2
14887,20020,1
14888,20021,1
14888,20022,1
14888,20023,1
14889,20024,1
14890,20025,1
14890,20026,1
14890,20027,1
14891,20028,1
14891,20029,2
14892,20030,1
14893,20031,1
14894,20032,1
14894,20033,2
14895,20034,1
14895,20035,1
14896,20036,1
14897,20037,1
14897,20038,1
14898,20039,1
14898,20040,1
14899,20041,1
14900,20042,1
14901,20043,1
14901,20044,2
14902,20045,1
14902,20046,1
14903,20047,1
14904,20048,1
14905,20049,1
14906,20050,1
14907,20051,1
14908,20052,3
14909,20053,2
14910,20054,1
14911,20055,2
14912,20056,1
14912,20057,1
14913,20058,1
14913,20059,1
14914,20060,1
14915,20061,1
14915,20064,1
14916,20062,1
14916,20063,1
14917,20065,1
14918,20066,1
14919,20067,2
14920,20068,1
14921,20069,1
14922,20070,1
14922,20071,1
14923,20072,1
14923,20073,1
14923,20074,1
14924,20079,2
14924,20080,1
14925,20081,1
14926,20082,2
14927,20083,1
14928,20084,1
14928,20085,1
14928,20086,1
14928,20087,1
14929,20088,1
14930,20089,1
14931,20090,1
14931,20091,1
14932,20092,1
14933,20093,1
14934,20094,1
14934,20095,1
14935,20097,1
14936,20098,1
14936,20099,1
14936,20100,1
14936,20101,1
14937,20102,1
14938,20103,1
14939,20104,1
14940,20105,1
14941,20106,1
14941,20107,1
14942,20108,1
14943,20109,1
14943,20110,1
14944,20111,1
14945,20112,1
14946,20113,1
14947,20114,2
14948,20115,1
14949,20116,1
14949,20117,2
14949,20118,1
14950,20119,1
14950,20120,1
14951,20121,1
14952,20122,1
14952,20123,2
14952,20124,2
14953,20125,1
14954,20126,1
14955,20127,1
14956,20128,1
14957,20129,1
14957,20130,1
14957,20131,1
14957,20132,1
14958,20133,1
14959,20134,1
14960,20135,2
14961,20136,1
14962,20137,1
14963,20138,3
14964,20139,1
14965,20140,1
14966,20141,1
14967,20144,1
14967,20145,1
14968,20146,2
14969,20147,1
14969,20148,1
14969,20149,2
14970,20150,1
14970,20151,1
14971,20152,2
14972,20153,2
14972,20154,1
14973,20155,1
14974,20156,1
14974,20157,1
14975,20158,1
14976,20159,1
14977,20160,1
14978,20161,1
14979,20162,1
14980,20163,2
14981,20164,1
14981,20165,1
14981,20166,2
14981,20167,1
14982,20168,1
14982,20169,3
14983,20170,1
14984,20171,1
14985,20172,1
14985,20173,1
14986,20174,1
14987,20175,1
14988,20176,1
14989,20177,1
14990,20178,2
14990,20179,1
14990,20180,1
14991,20181,1
14991,20182,1
14992,20183,1
14993,20184,1
14994,20185,1
14995,20186,2
14995,20187,2
14996,20188,1
14997,20189,1
14998,20190,3
14998,20191,1
14999,20192,1
15000,20193,1
15001,20194,1
15001,20195,1
15002,20196,1
15002,20197,1
15003,20198,1
15004,20199,1
15005,20200,1
15006,20201,1
15006,20202,1
15007,20203,1
15007,20204,1
15008,20206,2
15009,20207,2
15010,20208,1
15010,20209,1
15011,20210,1
15011,20211,2
15011,20212,1
15012,20213,1
15013,20214,1
15014,20215,1
15014,20216,1
15014,20217,1
15015,20218,1
15016,20219,1
15016,20220,1
15017,20221,1
15018,20222,1
15019,20223,2
15020,20227,1
15021,20228,1
15021,20229,1
15021,20230,1
15022,20231,3
15022,20232,1
15022,20233,1
15022,20234,1
15023,20235,1
15024,20238,1
15024,20239,1
15025,20240,1
15026,20241,1
15026,20242,1
15027,20243,1
15027,20244,1
15027,20245,1
15028,20246,1
15028,20247,2
15029,20250,2
15030,20251,1
15031,20252,1
15031,20253,1
15032,20254,1
15033,20255,1
15033,20256,1
15034,20257,1
15035,20258,2
15035,20259,1
15035,20260,1
15036,20261,1
15037,20265,1
15037,20266,1
15037,20267,1
15038,20268,1
15039,20269,1
15039,20270,1
15040,20271,1
15041,20272,1
15042,20273,1
15043,20275,1
15044,20276,1
15045,20277,1
15046,20278,1
15047,20279,1
15047,20280,1
15047,20282,1
15048,20281,1
15049,20283,1
15049,20284,3
15050,20285,1
15050,20286,1
15051,20287,1
15052,20288,1
15053,20289,2
15053,20290,2
15054,20291,1
15055,20292,1
15056,20293,1
15057,20294,1
15058,20295,1
15059,20296,3
15060,20297,1
15061,20298,1
15061,20299,1
15061,20300,1
15061,20301,1
15061,20302,2
15062,20303,1
15063,20304,1
15064,20305,3
15064,20306,1
15065,20307,1
15065,20308,1
15065,20309,1
15065,20310,1
15066,20311,1
15067,20312,1
15068,20313,1
15069,20314,1
15070,20315,3
15071,20316,1
15071,20317,1
15072,20318,1
15072,20319,1
15072,20321,1
15073,20320,1
15073,20322,1
15074,20323,1
15074,20324,1
15074,20325,2
15075,20326,1
15076,20327,3
15077,20328,1
15077,20329,1
15078,20330,1
15079,20331,1
15080,20332,1
15081,20333,1
15082,20334,1
15082,20335,1
15083,20336,1
15083,20337,1
15084,20339,1
15085,20340,2
15085,20341,1
15086,20342,1
15087,20346,1
15087,20347,1
15087,20348,1
15087,20349,1
15088,20350,1
15089,20351,1
15090,20352,1
15090,20353,2
15090,20354,1
15090,20355,1
15091,20356,1
15091,20357,1
15092,20359,1
15092,20360,1
15093,20361,1
15093,20363,1
15093,20364,1
15094,20362,1
15095,20365,1
15096,20366,3
15097,20367,1
15098,20368,1
15099,20369,1
15100,20370,2
15101,20371,1
15101,20372,1
15102,20373,1
15102,20374,1
15102,20375,1
15103,20381,1
15103,20382,1
15103,20383,1
15103,20384,1
15104,20385,1
15105,20386,2
15105,20387,1
15105,20388,1
15105,20389,1
15106,20390,1
15107,20392,1
15107,20393,1
15108,20394,2
15108,20395,1
15108,20396,1
15109,20397,1
15109,20398,2
15110,20399,1
15111,20400,1
15111,20401,1
15111,20402,1
15112,20403,1
15113,20404,1
15113,20405,1
15113,20406,1
15113,20407,1
15114,20408,1
15114,20409,1
15114,20410,1
15115,20411,1
15115,20412,1
15116,20413,1
15117,20414,1
15118,20415,1
15119,20416,1
15119,20417,3
15120,20418,1
15121,20419,1
15122,20420,1
15123,20421,1
15124,20422,1
15125,20423,1
15125,20424,1
15126,20425,1
15127,20426,1
15127,20427,1
15128,20428,2
15128,20429,1
15129,20430,1
15130,20431,1
15131,20432,2
15131,20433,1
15132,20434,1
15133,20435,1
15134,20436,1
15135,20437,2
15136,20438,1
15137,20439,1
15138,20440,2
15139,20441,2
15139,20442,2
15140,20444,1
15140,20445,1
15141,20446,1
15142,20447,2
15142,20448,2
15143,20449,1
15144,20453,1
15144,20454,1
15144,20455,1
15145,20456,1
15146,20457,1
15147,20459,2
15147,20460,2
15147,20461,1
15148,20462,1
15149,20463,1
15149,20465,1
15150,20464,2
15151,20466,1
15152,20467,1
15153,20468,1
15154,20469,1
15155,20470,1
15155,20471,2
15155,20472,1
15156,20473,1
15157,20474,2
15158,20476,1
15158,20477,1
15159,20479,1
15159,20480,1
15160,20481,1
15161,20482,2
15162,20483,1
15163,20484,1
15163,20485,1
15163,20486,2
15164,20487,1
15164,20488,1
15164,20489,1
15165,20490,1
15166,20491,1
15167,20492,1
15168,20493,1
15169,20495,1
15169,20496,1
15170,20497,1
15171,20498,1
15172,20499,2
15173,20500,1
15173,20501,1
15173,20502,1
15174,20503,1
15175,20507,1
15176,20508,1
15176,20509,1
15177,20511,1
15178,20512,1
15178,20513,1
15179,20514,1
15179,20515,1
15180,20516,1
15181,20517,1
15182,20518,3
15183,20519,1
15184,20520,1
15185,20521,2
15186,20523,1
15187,20524,1
15187,20525,1
15187,20526,1
15188,20527,1
15188,20528,2
15189,20529,1
15190,20530,1
15191,20531,1
15192,20532,1
15193,20533,2
15193,20534,1
15194,20535,3
15195,20536,1
15196,20537,1
15196,20538,1
15196,20539,1
15197,20540,1
15198,20541,1
15199,20542,1
15199,20543,1
15200,20544,2
15200,20545,1
15201,20546,3
15201,20547,2
15201,20548,1
15201,20549,2
15201,20550,2
15202,20551,1
15203,20552,1
15203,20553,1
15203,20554,1
15204,20555,1
15204,20556,1
15205,20557,1
15205,20558,1
15206,20559,1
15207,20560,1
15208,20561,1
15208,20562,1
15208,20563,1
15209,20564,1
15210,20565,3
15211,20566,1
15212,20567,1
15213,20568,1
15214,20569,1
15215,20570,1
15215,20571,1
15216,20572,1
15217,20573,1
15218,20574,1
15219,20575,2
15219,20576,1
15219,20577,1
15219,20578,2
15220,20579,1
15220,20580,1
15221,20581,1
15222,20582,1
15222,20583,1
15223,20584,1
15224,20585,2
15225,20586,1
15226,20587,3
15227,20588,1
15228,20589,1
15229,20590,1
15230,20591,1
15231,20592,1
15232,20593,1
15233,20594,1
15234,20595,1
15235,20596,1
15235,20597,1
15236,20598,1
15236,20599,1
15237,20600,1
15237,20601,1
15238,20602,1
15239,20603,1
15239,20604,1
15240,20605,1
15241,20606,1
15242,20607,1
15242,20608,2
15242,20609,1
15242,20611,1
15243,20610,1
15244,20612,1
15244,20613,1
15245,20614,1
15245,20615,1
15245,20616,1
15246,20617,1
15247,20618,1
15248,20619,1
15249,20620,1
15250,20621,2
15251,20622,1
15252,20623,1
15253,20625,1
15254,20626,2
15255,20627,3
15256,20630,1
15257,20631,1
15257,20632,1
15257,20633,1
15258,20634,1
15259,20635,1
15260,20636,1
15261,20637,1
15262,20638,1
15262,20639,1
15262,20641,1
15263,20640,1
15264,20642,1
15265,20643,2
15266,20644,1
15267,20645,1
15267,20646,1
15268,20647,1
15269,20648,1
15270,20649,1
15271,20650,2
15271,20651,2
15272,20652,1
15273,20654,1
15273,20655,2
15273,20656,1
15273,20657,1
15274,20658,1
15275,20659,2
15276,20660,1
15277,20661,1
15278,20664,1
15279,20665,1
15280,20666,1
15281,20667,1
15281,20668,1
15282,20669,2
15282,20670,1
15283,20671,1
15284,20674,1
15284,20675,1
15285,20676,1
15286,20677,1
15287,20678,1
15287,20679,1
15288,20680,1
15289,20681,1
15289,20682,1
15290,20683,2
15291,20684,1
15291,20685,2
15291,20686,2
15292,20687,2
15292,20688,1
15292,20689,1
15293,20690,1
15293,20693,1
15294,20691,1
15294,20692,1
15295,20694,1
15296,20695,1
15296,20696,1
15296,20697,1
15297,20698,2
15298,20699,1
15298,20700,1
15299,20701,2
15299,20702,1
15300,20703,2
15301,20704,1
15302,20705,1
15303,20706,1
15304,20707,1
15304,20708,1
15304,20709,1
15305,20710,1
15305,20711,1
15306,20712,1
15307,20713,2
15307,20714,1
15308,20715,1
15309,20716,1
15310,20717,1
15311,20718,1
15311,20719,1
15312,20720,1
15313,20726,1
15314,20727,1
15315,20728,1
15316,20729,2
15317,20730,1
15317,20731,2
15318,20732,1
15319,20733,1
15320,20734,1
15321,20735,2
15321,20736,1
15322,20737,2
15322,20738,1
15323,20739,1
15324,20740,1
15324,20741,1
15325,20742,2
15326,20743,1
15327,20744,3
15328,20745,1
15329,20746,1
15329,20747,1
15330,20748,1
15330,20749,1
15331,20750,1
15331,20751,1
15332,20752,1
15333,20753,1
15333,20754,1
15333,20755,1
15333,20756,1
15333,20757,1
15334,20758,1
15335,20759,1
15336,20760,1
15337,20761,1
15338,20762,1
15339,20763,1
15340,20765,1
15341,20766,1
15342,20767,1
15343,20768,2
15344,20769,1
15344,20770,1
15345,20771,3
15346,20772,1
15347,20773,1
15348,20774,1
15349,20775,1
15350,20776,1
15351,20777,1
15352,20778,1
15353,20779,1
15353,20780,1
15354,20781,1
15355,20782,1
15356,20783,1
15357,20785,1
15357,20786,1
15358,20787,1
15359,20788,1
15360,20789,2
15360,20791,1
15361,20790,1
15362,20792,1
15363,20793,1
15363,20794,1
15363,20795,3
15364,20796,1
15365,20797,1
15366,20798,1
15367,20799,1
15368,20800,2
15369,20801,1
15370,20802,1
15371,20803,1
15372,20804,1
15373,20805,1
15374,20806,1
15374,20807,1
15375,20808,1
15375,20809,1
15376,20812,1
15377,20813,1
15378,20814,1
15378,20816,1
15379,20815,1
15380,20818,1
15381,20819,1
15382,20820,1
15382,20821,2
15382,20822,1
15383,20823,1
15383,20824,1
15384,20825,1
15385,20826,1
15386,20827,1
15387,20828,1
15388,20832,2
15389,20833,1
15390,20835,1
15390,20836,1
15390,20837,1
15391,20838,2
15392,20839,1
15393,20840,1
15394,20841,2
15394,20842,1
15394,20843,1
15395,20844,1
15396,20846,1
15397,20847,1
15397,20848,1
15397,20849,1
15398,20850,1
15399,20851,1
15400,20852,1
15400,20853,2
15401,20854,1
15402,20858,1
15403,20860,1
15403,20862,1
15403,20863,1
15403,20864,1
15404,20861,1
15405,20865,1
15406,20866,1
15407,20867,1
15407,20871,1
15408,20868,1
15408,20869,2
15408,20870,1
15409,20872,1
15410,20873,1
15411,20874,1
15412,20875,1
15413,20876,2
15413,20877,2
15413,20878,1
15413,20879,1
15414,20880,1
15415,20881,1
15416,20882,2
15417,20883,1
15417,20884,1
15417,20885,1
15417,20886,2
15418,20887,1
15418,20888,1
15418,20889,1
15418,20890,2
15419,20891,1
15420,20892,1
15421,20893,2
15422,20894,1
15423,20895,1
15423,20896,1
15424,20897,2
15424,20898,2
15425,20899,1
15426,20900,1
15426,20901,1
15426,20902,1
15427,20903,2
15428,20904,1
15429,20905,1
15430,20906,1
15431,20907,2
15432,20908,1
15433,20909,1
15434,20910,1
15434,20911,1
15435,20912,2
15436,20913,2
15437,20914,1
15438,20915,1
15439,20916,1
15440,20917,1
15441,20918,1
15442,20919,1
15442,20920,1
15443,20921,1
15444,20922,1
15444,20923,1
15444,20924,1
15444,20925,1
15444,20926,1
15445,20927,2
15446,20928,1
15447,20929,2
15448,20930,1
15449,20931,1
15450,20932,1
15451,20933,1
15451,20934,2
15452,20935,1
15453,20936,1
15454,20937,1
15455,20938,1
15456,20939,1
15456,20940,1
15456,20941,1
15456,20942,1
15457,20943,1
15458,20944,1
15459,20945,1
15460,20946,2
15461,20947,1
15462,20948,1
15462,20949,1
15463,20950,1
15464,20951,1
15465,20952,1
15466,20953,1
15467,20954,1
15468,20955,1
15469,20956,1
15470,20957,1
15470,20958,1
15471,20959,1
15471,20960,1
15471,20961,1
15472,20962,1
15473,20963,1
15474,20964,1
15475,20965,2
15475,20967,2
15476,20966,1
15477,20968,1
15478,20969,1
15479,20970,1
15479,20972,1
15479,20973,1
15480,20971,1
15481,20974,1
15481,20975,1
15481,20976,1
15481,20977,1
15482,20978,3
15483,20980,1
15484,20981,1
15485,20982,1
15485,20983,1
15486,20984,2
15486,20985,1
15487,20986,1
15488,20987,1
15488,20988,3
15488,20989,1
15489,20990,1
15490,20991,1
15490,20993,1
15491,20992,1
15492,20995,1
15493,20997,1
15493,20998,1
15494,20999,2
15495,21000,1
15496,21001,1
15497,21002,1
15498,21003,1
15498,21004,2
15499,21005,1
15499,21006,1
15499,21008,2
15499,21009,1
15500,21007,1
15501,21010,1
15502,21011,1
15503,21012,1
15503,21013,1
15503,21014,1
15503,21015,1
15504,21016,1
15505,21017,1
15506,21018,1
15507,21019,1
15508,21020,1
15509,21021,1
15510,21022,1
15511,21023,1
15512,21025,1
15513,21026,1
15514,21027,1
15514,21028,2
15515,21029,1
15515,21030,1
15516,21031,1
15517,21032,1
15518,21033,2
15519,21034,2
15520,21035,1
15520,21036,1
15520,21037,2
15521,21038,1
15522,21039,1
15523,21040,2
15524,21041,1
15524,21042,2
15525,21043,1
15525,21044,2
15526,21045,1
15527,21046,3
15527,21047,1
15528,21048,1
15529,21049,1
15530,21050,2
15531,21051,1
15532,21052,1
15533,21053,1
15534,21054,1
15535,21055,1
15535,21056,1
15535,21057,1
15536,21058,2
15536,21060,1
15537,21059,1
15538,21061,1
15538,21062,2
15538,21063,1
15539,21064,1
15540,21065,1
15541,21066,3
15542,21067,1
15543,21068,1
15544,21069,1
15544,21070,1
15544,21071,2
15545,21072,1
15545,21075,1
15546,21073,1
15547,21074,1
15548,21076,1
15549,21077,1
15549,21078,1
15549,21079,1
15550,21080,2
15551,21081,1
15552,21082,1
15553,21083,1
15554,21084,1
15555,21085,1
15556,21086,1
15557,21087,1
15557,21088,1
15558,21089,1
15559,21090,1
15560,21091,1
15561,21092,1
15562,21093,1
15562,21094,1
15563,21095,1
15563,21096,1
15564,21097,1
15565,21098,1
15566,21099,1
15566,21100,1
15567,21101,1
15568,21104,1
15569,21105,2
15569,21106,1
15569,21107,1
15570,21108,1
15571,21109,1
15572,21110,2
15573,21111,1
15573,21112,1
15573,21113,1
15573,21114,1
15574,21115,1
15575,21116,1
15576,21117,1
15577,21118,1
15578,21119,1
15579,21120,1
15580,21121,1
15581,21122,1
15582,21123,1
15583,21124,1
15584,21125,1
15585,21126,1
15585,21127,1
15586,21128,1
15587,21129,2
15587,21130,1
15587,21131,1
15587,21132,1
15588,21133,1
15589,21134,1
15589,21135,1
15589,21136,2
15590,21137,1
15590,21138,1
15591,21139,1
15592,21140,2
15593,21141,1
15594,21142,1
15595,21143,1
15596,21144,1
15597,21145,3
15597,21146,1
15598,21147,1
15598,21148,3
15599,21151,1
15600,21152,1
15601,21153,2
15602,21154,1
15603,21155,1
15604,21156,1
15604,21157,1
15605,21158,1
15606,21159,1
15606,21160,1
15606,21161,1
15607,21162,1
15608,21163,1
15609,21164,1
15610,21165,1
15610,21166,1
15611,21167,1
15612,21168,1
15612,21169,1
15613,21170,1
15614,21171,1
15615,21172,2
15616,21173,1
15616,21174,1
15617,21175,1
15618,21176,1
15619,21177,1
15620,21178,2
15620,21179,1
15621,21180,2
15622,21181,1
15623,21182,1
15624,21183,1
15624,21184,1
15624,21185,1
15625,21186,1
15626,21187,1
15627,21188,1
15628,21189,1
15629,21190,1
15630,21191,1
15631,21192,2
15631,21194,1
15631,21195,1
15632,21193,1
15633,21196,1
15634,21197,1
15634,21198,1
15634,21199,2
15634,21200,2
15635,21201,2
15636,21202,1
15637,21203,1
15637,21204,1
15637,21206,1
15638,21205,1
15639,21207,2
15640,21208,1
15641,21209,2
15641,21210,1
15641,21212,1
15642,21211,1
15643,21213,1
15643,21214,1
15644,21215,3
15645,21216,1
15645,21217,1
15646,21218,1
15647,21219,1
15647,21220,3
15647,21221,1
15647,21222,1
15648,21223,1
15649,21224,1
15650,21225,1
15651,21226,2
15652,21227,3
15653,21228,1
15654,21229,1
15654,21230,1
15655,21231,1
15656,21232,1
15657,21233,1
15658,21234,1
15658,21235,1
15659,21236,2
15660,21237,1
15661,21238,1
15661,21239,1
15662,21240,1
15663,21241,1
15664,21242,1
15665,21243,1
15666,21244,1
15667,21245,3
15668,21246,3
15668,21249,1
15669,21247,1
15670,21248,1
15671,21250,1
15672,21251,1
15673,21252,1
15674,21253,1
15675,21254,1
15676,21255,1
15677,21256,1
15678,21257,1
15679,21258,2
15680,21259,1
15681,21260,1
15682,21261,1
15683,21262,1
15684,21263,1
15685,21264,1
15685,21265,1
15686,21266,1
15687,21267,1
15687,21268,1
15687,21269,1
15687,21270,1
15688,21271,1
15688,21272,1
15689,21276,3
15689,21277,1
15689,21278,1
15689,21279,2
15690,21280,1
15691,21281,1
15692,21282,3
15693,21283,1
15694,21284,1
15695,21285,1
15696,21286,1
15697,21287,2
15697,21288,1
15698,21289,1
15698,21290,1
15699,21291,1
15700,21292,1
15700,21293,1
15701,21294,1
15701,21295,2
15702,21296,3
15703,21297,3
15704,21298,1
15705,21299,1
15706,21300,1
15707,21301,1
15707,21302,1
15707,21303,1
15708,21304,1
15708,21305,2
15709,21306,1
15710,21307,1
15711,21308,1
15711,21309,1
15712,21310,1
15713,21311,1
15713,21313,2
15713,21314,1
15714,21312,1
15715,21315,1
15716,21317,1
15716,21318,1
15717,21319,1
15717,21320,1
15718,21321,1
15718,21322,2
15719,21323,1
15719,21324,1
15720,21325,1
15721,21326,1
15721,21327,2
15722,21328,1
15723,21329,1
15724,21332,1
15725,21333,1
15726,21334,1
15727,21335,1
15728,21336,1
15729,21337,1
15730,21338,1
15730,21339,1
15731,21340,1
15731,21341,1
15732,21342,1
15733,21343,1
15734,21344,1
15734,21345,1
15735,21346,1
15735,21347,1
15735,21348,1
15736,21349,1
15737,21350,1
15737,21351,1
15738,21352,1
15739,21353,1
15740,21354,1
15741,21355,1
15741,21356,1
15741,21357,1
15741,21358,1
15741,21359,1
15742,21360,1
15743,21361,1
15743,21362,1
15744,21365,1
15745,21366,1
15746,21367,1
15747,21368,1
15748,21369,1
15749,21372,1
15750,21373,1
15750,21374,1
15751,21375,1
15752,21376,1
15753,21377,1
15753,21378,1
15754,21379,1
15754,21380,1
15754,21381,1
15754,21382,1
15755,21383,1
15756,21384,1
15757,21385,1
15758,21386,1
15759,21387,1
15760,21388,1
15761,21389,1
15762,21390,1
15762,21392,1
15763,21391,1
15764,21393,1
15765,21394,1
15765,21395,1
15766,21396,2
15766,21397,1
15767,21398,1
15768,21399,1
15769,21400,3
15770,21401,1
15770,21402,1
15770,21403,3
15770,21404,1
15771,21405,1
15772,21406,2
15772,21407,1
15772,21408,1
15772,21409,1
15773,21410,1
15773,21411,1
15774,21412,1
15774,21413,1
15775,21414,1
15775,21416,1
15776,21415,1
15777,21417,3
15778,21418,1
15779,21419,1
15780,21420,1
15781,21421,1
15782,21422,1
15783,21423,1
15784,21424,2
15785,21425,1
15786,21426,1
15787,21427,1
15788,21428,1
15789,21429,1
15789,21430,1
15790,21431,2
15791,21432,1
15791,21433,1
15791,21434,1
15792,21435,1
15793,21436,1
15794,21437,1
15795,21438,1
15796,21439,1
15796,21440,1
15797,21441,2
15798,21442,1
15799,21443,2
15799,21444,1
15800,21445,1
15801,21448,1
15801,21449,2
15802,21450,1
15803,21451,1
15804,21452,1
15804,21453,3
15804,21454,1
15805,21456,1
15806,21457,1
15806,21458,2
15807,21459,1
15808,21460,1
15809,21461,1
15810,21462,1
15811,21463,1
15812,21464,1
15813,21465,1
15814,21466,2
15815,21467,1
15815,21468,1
15816,21469,1
15817,21470,1
15818,21471,1
15819,21472,2
15820,21473,1
15821,21474,1
15822,21475,1
15823,21476,1
15824,21477,1
15825,21478,1
15826,21479,1
15827,21480,1
15828,21481,1
15828,21482,1
15829,21483,1
15830,21484,1
15831,21485,1
15832,21486,1
15833,21487,1
15834,21488,1
15834,21489,2
15834,21490,1
15835,21491,1
15835,21492,1
15836,21493,1
15837,21494,1
15838,21495,1
15839,21496,1
15840,21497,1
15841,21498,3
15842,21499,1
15843,21500,1
15843,21501,2
15844,21502,1
15844,21503,1
15845,21504,2
15846,21505,1
15847,21506,2
15848,21507,1
15849,21508,1
15850,21509,1
15851,21510,1
15852,21511,1
15852,21512,1
15853,21513,1
15854,21514,1
15854,21515,1
15855,21516,1
15855,21517,1
15856,21518,1
15857,21519,1
15857,21520,1
15858,21525,1
15859,21526,2
15860,21527,1
15861,21528,1
15861,21529,2
15862,21530,1
15863,21531,1
15864,21532,2
15865,21533,1
15866,21534,1
15867,21535,2
15867,21536,1
15867,21537,1
15868,21538,2
15869,21540,1
15870,21541,2
15871,21542,1
15872,21543,1
15872,21544,1
15873,21545,1
15874,21546,1
15875,21547,1
15876,21548,1
15876,21549,1
15877,21550,1
15878,21551,1
15879,21552,1
15880,21553,2
15880,21554,2
15880,21555,1
15881,21556,1
15882,21557,1
15882,21559,1
15883,21558,1
15884,21560,1
15885,21561,1
15885,21562,1
15885,21563,1
15886,21564,2
15886,21565,1
15887,21567,1
15888,21568,1
15889,21572,2
15890,21573,1
15891,21574,2
15891,21575,2
15892,21576,1
15893,21577,1
15894,21578,1
15895,21579,1
15895,21580,1
15895,21581,1
15896,21582,1
15897,21583,1
15897,21584,1
15897,21585,1
15898,21586,1
15899,21587,1
15900,21588,1
15900,21589,1
15900,21590,1
15901,21593,1
15901,21594,1
15902,21595,1
15903,21596,1
15904,21597,2
15904,21598,1
15904,21599,1
15905,21600,1
15905,21601,1
15906,21602,1
15907,21603,1
15908,21604,1
15908,21605,1
15908,21606,1
15909,21607,1
15909,21608,1
15909,21609,1
15910,21610,1
15911,21611,1
15912,21612,1
15912,21613,1
15912,21614,1
15913,21615,2
15914,21617,1
15915,21618,2
15915,21619,1
15915,21620,1
15916,21621,2
15916,21622,1
15917,21623,3
15917,21624,1
15917,21625,1
15918,21626,1
15919,21627,1
15920,21628,1
15921,21629,2
15922,21630,1
15922,21631,1
15923,21632,1
15924,21633,2
15925,21634,1
15925,21635,1
15925,21636,1
15926,21637,1
15926,21638,1
15927,21639,1
15928,21642,1
15928,21643,1
15928,21644,2
15929,21645,1
15930,21647,3
15931,21648,2
15931,21649,1
15932,21650,1
15933,21651,1
15934,21652,1
15935,21653,1
15936,21654,1
15937,21655,1
15938,21656,1
15939,21657,1
15939,21658,1
15940,21659,1
15941,21660,1
15942,21661,1
15942,21662,1
15943,21663,1
15943,21664,1
15943,21665,1
15943,21666,1
15943,21667,1
15944,21668,1
15945,21669,1
15946,21670,1
15946,21672,1
15947,21671,1
15948,21673,1
15949,21674,2
15950,21675,1
15950,21676,1
15950,21678,1
15951,21677,1
15952,21679,1
15953,21680,1
15954,21681,1
15955,21682,1
15956,21683,1
15957,21684,1
15958,21685,1
15959,21686,1
15960,21687,1
15961,21688,1
15961,21689,1
15962,21690,1
15963,21691,1
15964,21692,1
15965,21693,1
15965,21694,1
15965,21695,1
15966,21696,1
15967,21697,1
15967,21698,1
15968,21699,2
15969,21700,1
15969,21701,1
15969,21702,1
15969,21703,1
15969,21704,1
15970,21705,1
15971,21706,1
15972,21707,1
15973,21708,1
15974,21709,1
15975,21710,1
15976,21711,1
15977,21712,1
15978,21713,1
15979,21714,1
15979,21715,1
15980,21716,1
15980,21717,1
15981,21718,1
15982,21719,1
15983,21720,1
15984,21721,1
15984,21722,2
15985,21723,1
15986,21726,1
15987,21727,1
15988,21728,1
15989,21729,1
15989,21730,1
15990,21731,1
15990,21732,1
15991,21733,1
15992,21734,1
15993,21735,1
15994,21736,1
15995,21737,1
15995,21738,2
15996,21739,1
15997,21740,1
15997,21741,2
15997,21742,1
15998,21743,1
15999,21744,1
16000,21747,1
16001,21748,1
16001,21749,1
16002,21750,1
16002,21751,2
16003,21752,1
16004,21753,1
16005,21754,1
16006,21755,1
16007,21756,1
16007,21757,1
16007,21759,1
16008,21758,1
16009,21760,1
16010,21761,1
16010,21762,2
16010,21763,1
16010,21764,3
16011,21765,1
16012,21767,2
16013,21768,1
16013,21769,1
16013,21770,1
16013,21771,1
16013,21772,1
16014,21773,1
16015,21774,1
16016,21775,1
16016,21776,3
16017,21777,1
16018,21778,2
16019,21779,1
16019,21780,1
16020,21781,1
16021,21782,1
16022,21783,1
16023,21784,2
16024,21785,1
16025,21786,1
16026,21787,1
16027,21788,1
16028,21789,1
16028,21790,1
16029,21791,2
16030,21792,1
16031,21793,2
16031,21794,2
16031,21795,3
16032,21796,1
16032,21797,1
16032,21798,1
16032,21799,1
16033,21800,1
16034,21801,1
16035,21802,1
16035,21803,1
16035,21804,1
16035,21805,1
16036,21806,2
16037,21807,1
16037,21808,1
16038,21809,1
16039,21810,1
16040,21811,2
16041,21812,1
16042,21813,3
16043,21814,2
16044,21815,1
16045,21816,1
16046,21817,1
16047,21818,1
16047,21820,1
16048,21819,1
16049,21821,3
16050,21822,1
16050,21824,1
16051,21823,1
16052,21825,1
16053,21830,2
16053,21831,1
16054,21832,1
16055,21833,1
16055,21834,1
16055,21835,1
16055,21836,1
16055,21837,1
16056,21838,1
16057,21839,1
16058,21840,1
16059,21841,1
16060,21842,1
16061,21843,1
16062,21844,1
16062,21845,1
16062,21846,3
16063,21847,1
16064,21848,1
16065,21849,1
16065,21850,1
16066,21851,1
16066,21852,3
16067,21853,1
16068,21854,1
16069,21855,1
16070,21856,2
16070,21857,1
16070,21858,3
16071,21859,1
16072,21860,2
16073,21861,1
16074,21862,1
16075,21863,1
16076,21864,1
16077,21865,1
16077,21866,1
16077,21867,1
16077,21868,1
16077,21869,1
16078,21870,1
16079,21871,1
16079,21872,1
16080,21873,1
16081,21874,1
16081,21875,1
16081,21876,1
16081,21878,2
16082,21877,3
16083,21879,1
16083,21880,1
16084,21881,1
16085,21882,1
16086,21883,1
16087,21884,1
16087,21885,1
16088,21886,1
16089,21887,1
16090,21889,1
16090,21890,1
16090,21891,1
16090,21892,1
16091,21893,1
16092,21894,1
16092,21895,1
16092,21896,1
16093,21897,1
16093,21898,1
16094,21899,2
16094,21900,1
16095,21901,1
16096,21902,2
16097,21903,1
16098,21904,1
16099,21905,2
16100,21906,1
16101,21907,3
16102,21908,1
16103,21909,1
16103,21910,1
16104,21911,1
16105,21912,1
16105,21913,1
16105,21914,1
16106,21915,1
16107,21916,1
16107,21917,1
16108,21918,1
16108,21919,2
16109,21920,2
16110,21921,1
16111,21922,1
16112,21923,1
16113,21924,1
16113,21925,1
16114,21926,1
16114,21928,1
16115,21927,1
16116,21929,1
16117,21930,1
16117,21931,1
16118,21932,1
16118,21934,1
16118,21935,2
16119,21933,1
16120,21936,1
16120,21937,1
16121,21938,1
16122,21939,1
16123,21940,1
16124,21941,1
16125,21942,1
16126,21943,1
16127,21944,1
16128,21945,2
16128,21946,1
16128,21947,1
16129,21948,1
16129,21949,1
16130,21952,1
16131,21953,1
16132,21954,1
16133,21955,2
16134,21956,1
16135,21957,2
16136,21958,1
16137,21959,1
16138,21960,2
16138,21961,1
16138,21962,1
16139,21963,1
16140,21964,1
16141,21965,1
16142,21966,1
16143,21967,1
16144,21968,1
16145,21969,1
16145,21970,1
16145,21971,1
16146,21972,2
16147,21973,2
16147,21974,1
16148,21975,1
16149,21976,1
16150,21977,1
16151,21978,1
16152,21979,1
16152,21980,1
16152,21981,2
16153,21982,1
16154,21983,1
16154,21984,1
16155,21985,1
16156,21986,1
16156,21987,1
16156,21988,1
16156,21989,1
16156,21990,1
16157,21991,1
16157,21994,1
16158,21992,1
16158,21993,1
16159,21995,2
16159,21996,1
16160,21997,1
16160,21999,1
16161,21998,1
16162,22000,2
16162,22001,1
16163,22002,1
16164,22003,1
16164,22004,2
16164,22005,3
16165,22006,1
16166,22007,1
16167,22008,1
16168,22009,2
16168,22010,1
16169,22011,1
16169,22012,1
16170,22013,1
16171,22014,1
16172,22015,1
16173,22016,1
16174,22017,1
16174,22018,1
16175,22019,1
16176,22020,1
16177,22021,2
16178,22022,2
16179,22023,1
16180,22024,1
16181,22025,2
16182,22026,3
16182,22027,1
16183,22028,1
16183,22029,1
16184,22030,1
16185,22031,1
16186,22032,1
16187,22033,1
16188,22034,1
16189,22035,1
16190,22036,1
16191,22037,1
16192,22038,1
16193,22039,1
16194,22040,1
16194,22041,1
16195,22042,2
16196,22043,1
16197,22044,1
16197,22045,1
16198,22046,1
16199,22047,1
16200,22048,1
16201,22050,1
16202,22051,1
16203,22052,1
16204,22053,1
16205,22054,2
16206,22055,1
16207,22056,1
16207,22057,1
16208,22058,1
16209,22059,1
16210,22060,1
16210,22061,1
16210,22062,1
16211,22063,1
16212,22064,1
16213,22065,2
16214,22066,3
16214,22067,1
16214,22068,1
16215,22069,1
16215,22070,1
16216,22071,1
16217,22072,1
16218,22073,1
16219,22074,1
16219,22076,1
16220,22075,1
16221,22077,1
16221,22078,1
16221,22079,1
16221,22080,2
16221,22081,2
16222,22082,1
16223,22083,1
16224,22084,1
16225,22085,1
16225,22086,1
16225,22087,1
16226,22088,1
16227,22089,1
16227,22090,1
16228,22091,1
16229,22092,1
16230,22093,1
16230,22095,2
16231,22094,1
16232,22099,1
16232,22100,1
16232,22101,1
16233,22102,1
16234,22103,1
16235,22104,1
16236,22105,1
16236,22106,1
16237,22107,1
16238,22108,1
16239,22109,1
16239,22110,2
16240,22111,1
16241,22112,1
16242,22113,1
16242,22115,1
16243,22114,1
16244,22116,1
16245,22117,1
16246,22118,1
16247,22119,1
16247,22120,1
16248,22121,1
16249,22122,1
16250,22123,1
16250,22124,1
16251,22125,1
16251,22127,1
16252,22126,2
16253,22128,1
16253,22129,1
16254,22130,1
16254,22131,1
16255,22132,1
16256,22133,1
16257,22134,2
16258,22135,1
16259,22137,1
16260,22138,1
16261,22139,1
16261,22140,1
16261,22141,1
16261,22142,1
16262,22143,1
16262,22144,1
16263,22145,2
16263,22146,2
16264,22148,1
16265,22149,1
16266,22150,1
16267,22151,1
16268,22152,1
16268,22153,1
16269,22154,1
16270,22155,2
16271,22156,1
16272,22157,1
16273,22158,1
16274,22159,1
16274,22160,1
16275,22161,1
16276,22162,1
16277,22163,3
16278,22166,1
16279,22167,2
16279,22168,1
16279,22169,1
16280,22170,1
16281,22171,1
16282,22172,1
16283,22173,1
16284,22174,1
16285,22175,1
16286,22177,3
16287,22178,1
16287,22179,1
16287,22180,1
16288,22181,1
16289,22182,3
16289,22183,1
16289,22184,1
16290,22185,1
16291,22186,2
16291,22187,1
16291,22188,1
16292,22189,1
16293,22190,1
16293,22191,1
16293,22192,1
16294,22193,1
16295,22194,1
16296,22197,1
16297,22198,2
16298,22199,1
16298,22200,2
16299,22201,1
16300,22202,1
16300,22203,1
16301,22204,1
16302,22205,1
16302,22206,1
16302,22207,1
16303,22208,1
16304,22209,1
16304,22210,1
16304,22211,1
16305,22212,1
16306,22213,1
16307,22214,1
16307,22215,1
16308,22216,1
16309,22217,1
16310,22218,1
16310,22219,1
16311,22220,1
16312,22221,1
16313,22222,1
16314,22223,1
16314,22225,1
16314,22226,2
16314,22227,1
16315,22224,2
16316,22228,1
16317,22230,1
16317,22231,1
16318,22232,2
16319,22233,1
16319,22234,1
16320,22237,3
16321,22238,1
16322,22239,1
16322,22241,1
16323,22240,3
16324,22242,2
16325,22243,1
16325,22244,1
16325,22245,1
16326,22246,2
16327,22247,1
16328,22248,2
16328,22249,1
16329,22250,1
16330,22251,1
16330,22252,2
16330,22253,1
16331,22254,1
16331,22255,1
16332,22256,1
16333,22257,1
16333,22258,1
16334,22259,1
16335,22260,1
16335,22261,1
16336,22262,3
16337,22263,1
16337,22264,1
16338,22265,1
16339,22266,1
16340,22267,1
16341,22268,3
16342,22269,1
16343,22270,1
16344,22271,1
16345,22272,1
16346,22273,1
16347,22275,1
16348,22276,1
16349,22277,1
16350,22278,1
16350,22279,1
16351,22280,1
16352,22281,1
16353,22282,1
16354,22283,2
16355,22284,1
16356,22285,1
16356,22286,1
16357,22287,1
16357,22288,1
16358,22289,1
16359,22290,1
16360,22291,1
16360,22292,3
16361,22293,1
16361,22294,1
16362,22295,1
16363,22296,1
16364,22297,1
16365,22298,1
16365,22299,1
16365,22300,1
16366,22301,1
16367,22302,2
16367,22303,1
16368,22304,1
16369,22305,2
16370,22306,1
16371,22307,1
16372,22308,1
16373,22309,1
16373,22310,1
16374,22311,2
16375,22312,1
16376,22313,1
16377,22314,1
16378,22315,1
16379,22316,1
16379,22317,1
16380,22318,1
16380,22319,1
16381,22321,1
16382,22322,1
16383,22323,1
16384,22324,1
16385,22325,1
16386,22326,1
16387,22328,1
16387,22330,1
16388,22329,2
16389,22331,1
16390,22332,1
16390,22333,1
16391,22336,1
16392,22337,1
16392,22338,1
16393,22339,1
16394,22340,1
16395,22341,1
16396,22342,1
16397,22343,1
16397,22344,1
16398,22345,1
16398,22346,1
16399,22347,1
16400,22348,1
16400,22349,2
16400,22350,1
16400,22351,1
16401,22352,1
16402,22353,1
16403,22354,1
16404,22355,1
16405,22356,1
16406,22357,1
16407,22358,1
16408,22359,1
16408,22360,2
16409,22361,3
16410,22362,1
16411,22363,1
16412,22364,1
16413,22365,1
16414,22370,1
16415,22371,1
16415,22372,1
16415,22373,1
16415,22374,1
16416,22375,1
16417,22376,1
16418,22377,1
16419,22378,2
16420,22379,1
16421,22380,1
16421,22381,1
16422,22382,1
16422,22384,1
16423,22383,1
16424,22385,1
16425,22386,1
16425,22387,3
16426,22388,1
16427,22389,2
16428,22390,1
16429,22391,1
16430,22392,1
16431,22393,1
16432,22394,1
16433,22395,1
16434,22396,1
16435,22397,1
16435,22398,1
16435,22399,1
16435,22400,1
16436,22401,1
16436,22402,1
16437,22403,1
16438,22404,1
16439,22405,2
16440,22406,1
16441,22411,1
16442,22412,1
16443,22413,1
16443,22414,1
16444,22415,1
16445,22416,1
16446,22417,1
16447,22418,1
16448,22419,1
16448,22420,1
16448,22421,1
16448,22422,1
16449,22423,1
16450,22424,1
16450,22425,1
16451,22426,1
16452,22427,1
16453,22428,1
16454,22429,3
16455,22432,1
16455,22433,1
16456,22434,1
16457,22435,1
16458,22436,2
16458,22437,1
16458,22438,1
16459,22439,1
16460,22445,1
16460,22446,1
16461,22447,1
16461,22448,1
16462,22449,1
16463,22450,1
16464,22451,1
16465,22452,1
16466,22454,1
16467,22455,1
16468,22456,1
16469,22457,1
16470,22458,1
16471,22459,1
16472,22460,1
16473,22462,1
16474,22463,1
16474,22464,1
16475,22465,1
16476,22466,1
16477,22467,1
16478,22470,1
16479,22471,2
16480,22472,1
16481,22473,1
16481,22474,1
16482,22475,1
16483,22476,1
16484,22477,1
16484,22478,1
16485,22479,1
16486,22480,1
16487,22481,1
16488,22482,1
16489,22483,1
16489,22484,1
16490,22485,1
16490,22486,2
16491,22487,1
16491,22489,2
16492,22488,1
16493,22490,1
16493,22491,1
16494,22492,1
16495,22493,3
16496,22494,1
16497,22495,1
16497,22496,1
16497,22497,1
16498,22498,2
16498,22499,2
16498,22500,1
16499,22501,1
16499,22502,2
16500,22503,1
16501,22504,1
16501,22505,1
16502,22506,1
16503,22507,1
16504,22508,1
16504,22509,1
16505,22510,1
16505,22511,1
16506,22512,3
16507,22513,1
16508,22514,1
16509,22515,1
16509,22516,1
16510,22517,1
16510,22518,1
16510,22519,1
16511,22520,1
16512,22521,1
16513,22522,1
16514,22523,1
16515,22524,1
16516,22525,2
16516,22526,1
16517,22527,1
16518,22528,1
16518,22529,1
16518,22530,1
16518,22531,1
16519,22532,1
16519,22533,1
16520,22534,1
16521,22535,1
16521,22537,1
16522,22536,1
16523,22538,1
16523,22539,1
16523,22540,1
16524,22541,1
16525,22542,1
16525,22543,2
16525,22544,1
16526,22545,1
16526,22546,2
16526,22547,1
16527,22548,1
16527,22549,2
16528,22550,1
16528,22551,1
16528,22552,1
16529,22553,1
16530,22554,1
16531,22555,1
16531,22556,1
16531,22558,1
16532,22557,1
16533,22559,1
16533,22560,1
16534,22561,1
16534,22562,1
16534,22563,1
16535,22564,1
16536,22565,1
16537,22566,1
16538,22567,1
16539,22568,1
16540,22569,1
16541,22570,3
16542,22571,1
16543,22572,1
16543,22573,2
16543,22574,1
16544,22575,1
16544,22576,1
16545,22577,1
16546,22578,1
16546,22579,1
16546,22580,1
16546,22581,1
16547,22582,2
16548,22583,1
16548,22584,1
16549,22585,1
16550,22586,1
16551,22587,1
16552,22588,1
16553,22589,2
16554,22590,1
16554,22592,1
16554,22593,2
16555,22591,1
16556,22594,1
16557,22595,1
16558,22596,1
16559,22597,1
16560,22598,1
16560,22599,2
16561,22600,1
16561,22601,1
16561,22602,1
16562,22603,1
16562,22604,1
16562,22605,1
16563,22606,1
16564,22607,1
16564,22608,1
16564,22610,2
16565,22609,1
16566,22611,1
16566,22613,3
16566,22614,1
16567,22612,1
16568,22615,1
16569,22616,1
16570,22617,1
16570,22618,1
16570,22619,1
16571,22620,1
16572,22621,2
16572,22622,2
16572,22623,1
16573,22624,1
16574,22625,1
16575,22626,1
16576,22627,2
16577,22628,1
16578,22629,1
16579,22630,1
16580,22631,1
16581,22632,1
16581,22633,2
16581,22634,1
16582,22635,1
16583,22636,1
16583,22637,1
16583,22638,1
16584,22639,1
16584,22640,1
16584,22641,1
16585,22642,1
16585,22643,2
16586,22644,1
16586,22645,2
16587,22646,1
16587,22647,1
16588,22648,1
16589,22649,1
16589,22650,1
16590,22651,2
16590,22652,1
16591,22653,1
16592,22654,1
16593,22658,1
16593,22659,2
16594,22660,1
16594,22661,1
16595,22662,1
16595,22663,3
16596,22664,1
16596,22666,1
16597,22665,1
16598,22667,1
16598,22669,1
16598,22670,1
16599,22668,1
16600,22671,2
16600,22672,1
16601,22673,1
16601,22674,1
16601,22675,1
16602,22676,1
16603,22677,1
16604,22678,1
16605,22679,1
16605,22680,1
16606,22681,1
16606,22682,1
16607,22683,1
16608,22684,1
16609,22685,1
16610,22686,1
16610,22687,1
16611,22688,2
16612,22689,2
16612,22690,1
16613,22691,1
16613,22692,1
16613,22693,2
16613,22694,1
16614,22695,1
16615,22696,1
16616,22697,2
16616,22698,1
16617,22705,1
16618,22706,1
16618,22707,1
16618,22708,1
16619,22709,2
16619,22710,1
16619,22711,1
16620,22712,1
16620,22713,1
16621,22714,1
16622,22715,1
16623,22717,1
16624,22718,1
16625,22719,1
16626,22720,2
16627,22721,1
16627,22722,1
16627,22723,2
16627,22724,1
16628,22725,2
16628,22726,2
16628,22727,1
16629,22728,1
16629,22729,1
16630,22730,1
16630,22731,2
16631,22732,1
16632,22733,3
16633,22734,1
16633,22735,1
16633,22736,1
16633,22738,1
16634,22737,1
16635,22741,1
16635,22742,1
16635,22743,1
16636,22744,1
16636,22745,1
16637,22747,2
16638,22748,1
16639,22749,1
16640,22750,2
16641,22751,1
16641,22752,1
16641,22753,1
16641,22754,1
16642,22755,1
16643,22756,1
16643,22757,1
16644,22758,1
16645,22759,1
16646,22760,1
16647,22761,1
16648,22762,1
16649,22763,1
16650,22764,1
16651,22765,1
16652,22766,1
16653,22767,1
16654,22768,1
16655,22769,1
16656,22770,1
16656,22772,1
16656,22773,1
16656,22774,2
16657,22771,1
16658,22775,2
16659,22776,1
16660,22777,2
16661,22778,1
16662,22779,1
16662,22780,2
16662,22781,2
16663,22782,1
16664,22783,1
16665,22786,1
16666,22787,1
16667,22788,1
16668,22789,2
16669,22790,2
16670,22791,3
16671,22795,1
16672,22796,1
16673,22797,1
16674,22798,1
16674,22799,1
16675,22800,1
16675,22801,1
16676,22802,1
16677,22803,1
16677,22804,1
16677,22805,1
16677,22806,1
16678,22807,1
16678,22808,1
16678,22809,1
16679,22811,1
16679,22812,2
16680,22813,1
16681,22815,1
16682,22816,1
16682,22817,1
16683,22818,1
16684,22819,1
16685,22820,1
16685,22821,3
16686,22822,1
16687,22823,1
16688,22824,1
16689,22825,1
16690,22826,1
16690,22827,1
16691,22828,1
16691,22829,1
16692,22830,1
16693,22831,2
16694,22832,1
16694,22833,2
16694,22834,1
16694,22835,1
16695,22836,1
16696,22837,2
16696,22838,1
16696,22839,1
16697,22840,1
16698,22841,1
16699,22842,1
16700,22843,1
16701,22844,1
16701,22845,1
16702,22846,2
16702,22847,1
16703,22848,2
16703,22849,1
16704,22850,1
16705,22851,1
16706,22853,1
16707,22854,1
16708,22855,1
16708,22856,1
16708,22857,1
16709,22858,1
16710,22859,1
16711,22860,2
16712,22861,1
16713,22862,1
16713,22863,1
16713,22864,1
16714,22865,3
16715,22866,1
16715,22867,1
16715,22868,2
16716,22869,1
16716,22870,1
16717,22871,1
16717,22872,1
16717,22873,1
16718,22874,2
16719,22875,1
16720,22876,1
16721,22877,1
16722,22878,1
16723,22879,1
16723,22880,2
16724,22881,1
16725,22882,1
16726,22883,1
16727,22884,1
16728,22885,1
16729,22886,3
16730,22887,1
16730,22888,1
16730,22889,2
16730,22890,1
16730,22891,1
16731,22892,1
16732,22893,1
16732,22894,1
16732,22895,1
16732,22896,1
16733,22897,1
16734,22898,2
16735,22899,1
16736,22900,1
16736,22901,1
16737,22902,1
16738,22903,1
16739,22904,1
16740,22905,1
16741,22906,1
16741,22907,1
16742,22908,1
16743,22909,1
16744,22910,1
16745,22911,1
16746,22912,1
16746,22913,1
16747,22914,1
16747,22915,1
16747,22916,1
16748,22918,1
16748,22920,1
16749,22919,2
16750,22921,1
16751,22922,1
16751,22923,1
16751,22924,1
16752,22925,1
16753,22926,1
16753,22927,1
16754,22928,1
16754,22929,1
16755,22930,1
16756,22931,1
16756,22932,1
16757,22933,1
16758,22934,1
16759,22935,2
16760,22936,2
16761,22937,1
16762,22940,1
16763,22941,1
16763,22942,1
16764,22943,1
16764,22944,1
16765,22945,1
16766,22946,1
16766,22947,1
16767,22948,1
16767,22949,1
16768,22950,2
16769,22951,1
16769,22952,1
16770,22953,2
16771,22954,1
16772,22955,1
16772,22956,1
16773,22957,1
16774,22958,1
16775,22959,1
16776,22960,1
16776,22961,1
16777,22962,1
16778,22963,2
16778,22964,1
16779,22965,1
16780,22966,1
16781,22967,1
16781,22968,1
16781,22969,1
16782,22970,2
16783,22971,2
16783,22972,1
16784,22973,1
16785,22974,1
16785,22975,1
16786,22976,1
16787,22977,1
16788,22978,1
16789,22979,1
16789,22980,1
16789,22981,1
16790,22982,1
16791,22984,1
16792,22985,1
16793,22986,1
16794,22987,2
16795,22988,1
16795,22989,1
16796,22990,1
16796,22991,1
16796,22992,1
16797,22993,1
16798,22994,2
16799,22995,1
16799,22996,1
16799,22997,1
16799,22998,1
16800,22999,1
16800,23000,2
16801,23001,1
16802,23003,1
16803,23004,1
16804,23005,1
16804,23006,1
16805,23007,1
16806,23008,1
16807,23009,1
16808,23010,1
16808,23011,1
16809,23012,1
16810,23013,1
16810,23014,2
16811,23015,1
16812,23016,1
16813,23017,1
16814,23018,1
16815,23019,1
16816,23022,1
16817,23023,1
16818,23024,1
16819,23025,1
16819,23026,1
16819,23027,1
16819,23028,1
16820,23029,1
16821,23030,1
16822,23031,1
16823,23032,1
16824,23033,1
16824,23034,3
16825,23035,1
16826,23036,2
16827,23037,1
16828,23038,2
16829,23039,1
16830,23040,1
16830,23041,1
16830,23042,1
16831,23043,1
16831,23044,1
16832,23045,2
16832,23046,1
16832,23047,1
16832,23048,1
16833,23049,1
16834,23050,1
16835,23051,1
16836,23052,3
16837,23053,1
16838,23054,1
16838,23055,1
16838,23056,1
16839,23057,1
16839,23058,1
16840,23059,1
16840,23060,2
16841,23061,1
16841,23062,1
16842,23063,1
16843,23065,2
16844,23066,1
16845,23067,1
16846,23068,2
16847,23069,1
16848,23070,1
16849,23071,1
16850,23072,1
16851,23073,1
16852,23074,1
16853,23075,1
16854,23081,1
16855,23082,1
16856,23083,1
16857,23084,1
16857,23085,1
16858,23086,1
16859,23087,1
16859,23088,1
16859,23089,1
16859,23090,2
16860,23091,1
16860,23092,1
16860,23093,1
16861,23094,1
16862,23095,2
16863,23096,1
16864,23097,2
16865,23098,1
16866,23099,1
16866,23100,1
16867,23101,2
16868,23102,1
16869,23103,1
16869,23104,2
16869,23105,1
16870,23106,1
16871,23107,1
16871,23108,2
16871,23109,1
16872,23110,1
16873,23111,1
16874,23112,1
16875,23113,1
16875,23114,1
16876,23115,1
16877,23116,1
16878,23119,1
16879,23121,1
16879,23122,1
16879,23123,1
16879,23124,1
16880,23125,1
16880,23126,1
16881,23127,1
16882,23128,1
16883,23129,1
16883,23130,1
16883,23131,1
16884,23132,1
16884,23133,1
16884,23134,1
16884,23135,1
16884,23136,2
16885,23137,1
16886,23138,1
16887,23139,1
16888,23142,1
16888,23143,2
16889,23144,3
16889,23145,2
16890,23146,1
16890,23147,1
16891,23148,1
16892,23149,1
16892,23150,1
16892,23151,1
16893,23152,1
16894,23153,1
16894,23154,1
16895,23156,1
16895,23157,1
16896,23158,2
16896,23159,1
16896,23160,1
16896,23161,1
16897,23164,1
16898,23165,1
16899,23168,1
16899,23169,1
16899,23170,1
16899,23171,1
16900,23172,1
16901,23173,1
16902,23174,1
16903,23176,2
16904,23177,1
16905,23178,1
16906,23179,1
16907,23180,1
16908,23181,1
16908,23182,1
16909,23183,1
16910,23184,1
16910,23185,1
16911,23186,1
16911,23187,1
16912,23188,1
16913,23189,1
16914,23190,1
16914,23191,1
16914,23192,1
16915,23193,1
16915,23194,1
16915,23195,1
16916,23196,1
16917,23207,1
16918,23208,3
16918,23209,1
16918,23210,1
16919,23211,1
16920,23212,1
16921,23213,1
16922,23214,1
16923,23215,1
16924,23216,3
16925,23217,1
16926,23218,1
16927,23219,1
16928,23220,2
16929,23221,1
16930,23222,1
16931,23223,1
16932,23224,1
16933,23225,1
16934,23226,1
16934,23227,1
16934,23228,1
16935,23229,1
16936,23230,1
16936,23231,1
16936,23232,1
16937,23233,1
16938,23234,1
16939,23235,1
16940,23236,1
16941,23237,1
16942,23240,2
16942,23241,1
16943,23242,1
16944,23243,1
16945,23244,1
16946,23245,1
16946,23247,1
16947,23246,1
16948,23248,1
16948,23249,1
16949,23250,1
16950,23251,1
16951,23252,1
16952,23253,1
16953,23254,2
16954,23255,1
16955,23256,1
16955,23257,1
16956,23258,1
16956,23260,1
16956,23261,1
16957,23259,1
16958,23262,1
16959,23263,1
16960,23264,1
16961,23265,1
16962,23266,1
16962,23267,1
16963,23268,1
16963,23269,1
16964,23270,1
16964,23271,1
16964,23272,1
16965,23273,3
16965,23274,1
16966,23275,1
16967,23276,1
16968,23277,2
16969,23278,1
16969,23279,1
16970,23281,1
16970,23282,1
16971,23283,1
16971,23284,1
16971,23285,1
16972,23286,1
16973,23287,1
16974,23288,1
16974,23290,1
16975,23289,1
16976,23291,1
16977,23292,2
16977,23293,1
16978,23294,1
16979,23295,1
16979,23296,1
16980,23297,2
16981,23298,1
16982,23299,1
16983,23300,1
16983,23301,1
16983,23302,1
16984,23303,2
16984,23304,1
16985,23305,1
16985,23306,1
16986,23307,1
16987,23308,1
16987,23309,1
16988,23310,1
16988,23311,1
16989,23312,1
16989,23313,1
16990,23314,1
16991,23315,1
16992,23316,2
16992,23317,2
16993,23318,1
16994,23319,1
16994,23320,1
16995,23321,1
16996,23322,1
16996,23323,1
16996,23324,1
16996,23325,1
16997,23326,1
16998,23327,1
16998,23328,1
16999,23329,1
17000,23330,2
17000,23331,1
17001,23332,1
17002,23333,1
17003,23334,1
17003,23336,1
17003,23337,2
17003,23338,1
17004,23335,1
17005,23339,1
17006,23340,2
17007,23341,1
17008,23342,1
17008,23343,1
17008,23344,2
17009,23345,1
17010,23346,1
17010,23347,1
17011,23348,1
17012,23349,1
17013,23350,1
17014,23351,1
17015,23352,1
17016,23353,1
17017,23354,1
17017,23355,1
17018,23357,2
17019,23358,2
17019,23359,2
17020,23360,1
17020,23361,1
17020,23362,2
17021,23363,1
17021,23364,1
17021,23365,2
17022,23366,2
17022,23367,1
17023,23368,1
17024,23369,1
17025,23370,1
17026,23371,1
17026,23372,1
17026,23373,1
17027,23374,2
17028,23375,1
17029,23376,1
17029,23377,1
17029,23378,3
17030,23379,1
17031,23380,1
17031,23381,2
17031,23382,1
17031,23383,1
17032,23384,1
17033,23385,1
17034,23386,1
17035,23387,1
17036,23388,1
17037,23389,1
17038,23390,1
17039,23391,1
17040,23392,1
17041,23393,1
17042,23394,2
17042,23395,1
17043,23396,1
17044,23397,2
17045,23398,1
17045,23400,1
17045,23402,1
17046,23399,1
17047,23401,1
17048,23403,1
17048,23404,1
17048,23405,1
17049,23406,1
17050,23407,1
17051,23408,1
17052,23409,2
17053,23410,1
17053,23412,3
17054,23411,1
17055,23413,1
17056,23414,1
17056,23415,1
17056,23416,2
17056,23417,1
17056,23418,1
17057,23419,1
17058,23420,1
17059,23421,1
17059,23422,2
17060,23424,1
17060,23425,1
17061,23426,1
17062,23427,2
17062,23428,1
17062,23429,2
17063,23430,1
17064,23431,1
17064,23432,2
17065,23433,1
17066,23434,1
17066,23435,1
17066,23436,1
17067,23437,1
17068,23440,1
17069,23441,1
17069,23442,1
17069,23444,1
17070,23443,2
17071,23445,2
17071,23446,1
17071,23447,3
17072,23448,1
17073,23449,2
17074,23450,1
17075,23451,1
17076,23452,1
17077,23453,1
17077,23454,2
17078,23455,1
17079,23456,1
17079,23457,1
17079,23458,2
17079,23459,1
17079,23460,1
17080,23461,1
17080,23462,2
17080,23463,1
17080,23464,1
17081,23465,1
17082,23466,1
17082,23467,1
17083,23468,1
17084,23469,1
17085,23470,1
17086,23471,1
17086,23472,1
17087,23473,1
17088,23474,1
17088,23475,1
17089,23476,2
17089,23477,1
17090,23478,1
17091,23479,1
17091,23480,2
17092,23481,1
17093,23482,1
17093,23483,1
17094,23484,1
17094,23485,2
17095,23486,1
17095,23487,1
17095,23488,1
17095,23489,1
17096,23490,1
17096,23491,1
17096,23492,1
17097,23493,1
17097,23494,1
17097,23495,1
17098,23496,1
17099,23497,1
17099,23498,1
17099,23499,3
17100,23500,1
17101,23501,1
17101,23502,1
17101,23503,1
17101,23504,1
17102,23505,3
17102,23507,1
17103,23506,1
17104,23508,1
17105,23509,1
17106,23512,1
17106,23513,1
17107,23514,1
17107,23515,1
17108,23516,2
17108,23517,1
17109,23518,1
17110,23519,2
17111,23520,1
17111,23521,1
17111,23522,1
17112,23523,1
17113,23524,2
17114,23528,2
17114,23529,1
17115,23537,1
17115,23538,2
17116,23539,1
17117,23540,1
17118,23541,3
17119,23542,1
17120,23543,1
17120,23544,1
17121,23545,1
17122,23546,1
17122,23548,1
17122,23549,1
17122,23550,1
17123,23547,1
17124,23551,1
17124,23552,2
17125,23553,1
17125,23554,1
17125,23555,2
17126,23556,1
17127,23557,1
17128,23558,1
17129,23559,1
17130,23560,1
17131,23561,1
17131,23562,1
17131,23563,1
17132,23564,1
17133,23565,1
17134,23566,1
17135,23567,1
17135,23569,1
17136,23568,2
17137,23570,1
17138,23571,2
17139,23572,1
17140,23573,1
17141,23574,1
17141,23575,1
17142,23576,1
17143,23577,1
17144,23578,2
17145,23580,1
17145,23581,1
17146,23583,1
17147,23584,1
17147,23585,1
17147,23586,1
17148,23587,1
17149,23588,1
17150,23589,2
17151,23590,1
17151,23591,1
17151,23592,1
17151,23593,1
17152,23594,1
17153,23595,1
17154,23596,1
17155,23597,1
17156,23598,1
17157,23599,1
17157,23600,1
17157,23601,1
17158,23602,1
17159,23603,1
17160,23604,1
17160,23605,1
17161,23606,1
17162,23607,1
17163,23608,2
17164,23609,1
17164,23610,2
17165,23611,1
17166,23615,1
17167,23616,1
17168,23617,1
17169,23618,1
17169,23619,1
17170,23620,1
17171,23621,1
17172,23622,1
17173,23623,1
17173,23624,1
17173,23625,1
17174,23626,1
17175,23627,1
17176,23628,1
17177,23629,1
17177,23630,1
17178,23631,1
17178,23632,1
17178,23633,1
17179,23634,1
17179,23635,1
17180,23636,1
17181,23637,1
17181,23638,1
17182,23639,1
17182,23640,2
17183,23641,1
17183,23642,1
17184,23643,1
17184,23644,1
17185,23645,1
17186,23646,1
17186,23647,1
17187,23648,2
17188,23649,2
17188,23650,1
17189,23651,1
17189,23652,1
17190,23653,1
17191,23654,2
17191,23656,1
17192,23655,1
17193,23657,1
17194,23658,1
17195,23659,1
17196,23660,1
17197,23661,2
17198,23662,1
17198,23663,1
17198,23664,1
17198,23665,1
17199,23666,1
17199,23667,1
17199,23668,1
17200,23669,1
17201,23670,1
17202,23671,3
17202,23673,1
17203,23672,1
17204,23674,1
17205,23675,2
17206,23676,1
17207,23677,1
17207,23678,2
17207,23679,1
17208,23680,1
17209,23681,1
17210,23682,1
17210,23683,1
17211,23684,1
17212,23685,1
17213,23687,1
17213,23688,1
17213,23689,1
17213,23690,3
17213,23691,1
17214,23692,3
17215,23693,1
17215,23694,1
17216,23695,2
17216,23696,1
17216,23697,1
17217,23698,1
17218,23699,1
17219,23700,1
17219,23701,1
17219,23702,1
17220,23703,1
17221,23704,1
17222,23705,1
17222,23706,1
17222,23707,1
17223,23708,2
17224,23709,1
17225,23710,1
17226,23711,1
17227,23712,1
17227,23713,1
17228,23718,1
17229,23719,3
17229,23720,1
17230,23721,2
17231,23722,1
17232,23723,1
17233,23724,2
17234,23725,1
17234,23726,1
17234,23727,1
17235,23728,1
17236,23729,1
17237,23730,1
17237,23731,1
17238,23732,1
17239,23733,1
17240,23734,1
17240,23735,1
17240,23736,1
17241,23737,1
17242,23738,1
17243,23739,1
17244,23740,1
17245,23741,1
17246,23742,1
17246,23743,2
17246,23744,1
17247,23745,1
17248,23746,2
17248,23747,1
17249,23748,2
17249,23749,1
17250,23750,1
17251,23751,1
17252,23752,1
17253,23753,1
17253,23754,1
17253,23755,1
17254,23756,1
17255,23757,1
17256,23758,1
17257,23759,1
17257,23761,1
17257,23762,1
17257,23763,2
17258,23760,1
17259,23764,2
17260,23766,1
17261,23769,1
17262,23770,1
17263,23771,1
17263,23772,1
17264,23773,1
17265,23774,1
17266,23775,1
17266,23776,1
17267,23778,1
17268,23779,1
17269,23780,1
17270,23781,1
17270,23782,2
17271,23783,1
17271,23784,1
17272,23785,1
17273,23786,1
17274,23787,1
17275,23788,3
17276,23789,3
17277,23790,1
17277,23791,1
17278,23792,3
17279,23793,2
17280,23794,1
17281,23796,1
17282,23797,1
17283,23798,1
17284,23799,1
17285,23800,1
17286,23801,1
17287,23804,2
17287,23805,1
17288,23806,1
17289,23809,1
17289,23810,1
17289,23811,1
17290,23812,1
17291,23813,1
17291,23814,1
17292,23815,1
17293,23817,1
17293,23818,1
17293,23819,1
17293,23820,1
17294,23821,1
17294,23822,1
17295,23823,2
17296,23824,1
17297,23825,1
17298,23826,1
17298,23827,1
17298,23828,1
17299,23829,1
17300,23830,1
17301,23831,2
17302,23832,1
17303,23833,2
17304,23834,1
17304,23835,1
17305,23836,1
17305,23837,2
17305,23838,3
17305,23839,1
17306,23840,1
17306,23841,1
17306,23842,1
17306,23843,1
17307,23844,1
17308,23845,1
17309,23846,2
17310,23847,1
17311,23848,1
17312,23849,1
17313,23850,1
17314,23851,2
17315,23852,1
17316,23853,2
17317,23854,1
17318,23855,1
17319,23856,1
17320,23857,1
17321,23858,1
17321,23859,1
17322,23860,1
17322,23861,1
17323,23864,2
17323,23865,1
17324,23866,1
17324,23867,1
17324,23868,1
17324,23869,1
17324,23870,1
17325,23871,2
17326,23872,3
17327,23873,1
17327,23874,1
17328,23875,1
17329,23876,1
17329,23878,2
17329,23879,2
17330,23877,2
17331,23880,1
17332,23881,1
17333,23882,1
17334,23883,1
17335,23884,1
17336,23885,1
17337,23886,1
17337,23887,2
17338,23888,1
17338,23889,1
17339,23890,1
17340,23891,1
17341,23892,1
17342,23893,2
17342,23894,1
17343,23895,1
17344,23896,1
17344,23898,1
17345,23897,2
17346,23899,1
17346,23900,1
17347,23901,1
17348,23902,1
17348,23903,1
17348,23905,1
17348,23906,1
17349,23904,1
17350,23907,1
17350,23908,1
17351,23909,1
17351,23910,1
17352,23911,1
17353,23912,1
17353,23913,3
17354,23915,1
17354,23916,1
17355,23917,1
17356,23918,2
17356,23919,1
17356,23920,1
17357,23921,1
17357,23922,1
17358,23923,3
17359,23924,1
17360,23925,1
17360,23926,1
17361,23927,2
17361,23928,1
17362,23929,1
17363,23930,1
17364,23931,1
17365,23932,2
17366,23933,1
17367,23934,1
17368,23935,1
17368,23936,2
17369,23937,1
17369,23938,1
17369,23939,1
17370,23940,1
17371,23941,1
17372,23942,1
17372,23943,1
17372,23944,1
17373,23945,1
17373,23946,2
17373,23947,1
17374,23948,1
17375,23949,2
17376,23950,1
17377,23952,1
17377,23953,1
17378,23954,2
17379,23955,1
17380,23956,1
17381,23957,3
17382,23958,1
17382,23959,1
17382,23960,1
17383,23961,1
17384,23962,1
17385,23963,1
17385,23964,1
17386,23965,2
17387,23966,1
17387,23967,1
17387,23968,1
17388,23972,1
17388,23973,1
17388,23974,1
17389,23975,1
17390,23976,1
17391,23977,1
17392,23978,1
17392,23979,2
17392,23980,1
17393,23981,1
17394,23982,2
17395,23984,1
17395,23985,1
17395,23986,1
17395,23987,1
17396,23988,1
17397,23989,1
17398,23990,1
17399,23991,1
17400,23992,1
17401,23993,2
17402,23994,1
17403,23995,1
17404,23996,1
17405,23997,1
17406,23998,1
17407,23999,1
17408,24000,1
17408,24001,1
17409,24002,1
17410,24003,3
17411,24004,1
17412,24005,1
17413,24006,2
17413,24007,1
17414,24008,3
17415,24009,1
17416,24010,1
17417,24011,1
17417,24012,3
17418,24013,1
17419,24014,2
17419,24015,1
17419,24016,1
17420,24017,1
17420,24018,1
17420,24019,1
17421,24020,1
17421,24021,1
17421,24022,1
17421,24023,1
17422,24024,1
17423,24025,1
17424,24026,1
17425,24027,1
17426,24028,3
17427,24029,1
17428,24030,1
17429,24031,1
17430,24032,1
17430,24033,2
17431,24034,1
17432,24035,1
17433,24036,1
17433,24037,1
17434,24038,1
17435,24039,1
17436,24040,1
17436,24041,2
17437,24042,1
17438,24043,2
17439,24044,1
17440,24045,1
17440,24046,2
17441,24047,1
17442,24048,1
17443,24049,2
17444,24050,1
17445,24051,1
17445,24052,1
17445,24053,1
17445,24054,3
17446,24055,1
17446,24056,1
17447,24057,1
17448,24058,1
17449,24059,1
17450,24060,1
17451,24061,2
17452,24062,1
17453,24063,1
17454,24064,1
17455,24065,1
17456,24066,1
17457,24067,1
17458,24068,1
17459,24069,1
17459,24070,1
17459,24071,1
17460,24072,1
17461,24073,1
17461,24074,1
17462,24075,1
17463,24076,1
17464,24077,1
17464,24078,1
17465,24079,1
17466,24080,1
17467,24081,1
17467,24082,1
17467,24083,1
17467,24084,1
17468,24086,1
17468,24087,1
17468,24088,3
17469,24089,1
17469,24091,1
17469,24092,1
17470,24090,1
17471,24093,1
17472,24094,1
17473,24095,1
17473,24096,2
17473,24097,1
17474,24098,1
17474,24099,1
17474,24100,1
17474,24101,1
17475,24102,1
17475,24103,2
17476,24104,1
17476,24105,2
17477,24106,1
17477,24108,2
17478,24107,1
17479,24109,1
17480,24110,1
17481,24111,2
17481,24112,1
17482,24113,1
17483,24114,1
17484,24115,1
17485,24116,1
17486,24117,1
17487,24118,1
17488,24120,1
17488,24121,1
17489,24122,2
17490,24123,1
17490,24124,1
17491,24127,1
17492,24128,1
17492,24129,1
17493,24130,1
17494,24131,1
17495,24132,1
17496,24133,1
17496,24134,1
17497,24135,1
17498,24136,1
17499,24137,1
17500,24138,1
17501,24139,1
17502,24140,1
17503,24141,1
17504,24142,1
17504,24143,1
17504,24144,1
17505,24145,1
17505,24146,1
17506,24147,1
17507,24148,1
17508,24149,1
17509,24150,1
17509,24151,1
17509,24152,1
17510,24153,1
17511,24154,1
17512,24155,1
17513,24156,1
17514,24157,1
17515,24158,1
17516,24159,1
17517,24160,1
17518,24161,1
17519,24162,1
17520,24163,1
17520,24164,1
17520,24165,1
17520,24166,1
17520,24167,1
17521,24168,1
17521,24169,1
17521,24170,2
17522,24171,1
17523,24172,1
17524,24173,1
17524,24174,1
17525,24175,1
17525,24176,2
17526,24177,2
17527,24178,1
17528,24179,1
17529,24180,1
17530,24181,1
17530,24182,1
17530,24183,1
17531,24184,1
17531,24185,1
17531,24186,1
17532,24187,1
17533,24188,1
17533,24189,2
17534,24190,2
17535,24191,1
17536,24192,1
17537,24193,1
17538,24194,1
17538,24195,1
17538,24196,1
17538,24197,1
17539,24198,1
17539,24199,1
17540,24200,1
17541,24201,1
17542,24202,1
17543,24203,1
17544,24204,1
17544,24205,1
17545,24206,2
17545,24207,1
17545,24208,1
17546,24209,1
17547,24210,2
17548,24211,1
17548,24212,1
17548,24213,1
17548,24214,1
17549,24215,2
17550,24216,1
17551,24217,1
17552,24218,1
17553,24219,1
17553,24220,2
17554,24221,1
17554,24222,1
17555,24223,1
17556,24224,1
17556,24225,1
17557,24226,3
17558,24227,2
17558,24228,1
17559,24229,1
17560,24230,1
17561,24231,1
17562,24232,1
17563,24233,2
17564,24234,1
17564,24235,1
17565,24236,1
17565,24238,1
17565,24239,1
17565,24240,1
17566,24237,1
17567,24241,1
17568,24242,1
17569,24243,1
17570,24244,1
17571,24245,1
17571,24246,1
17572,24247,1
17573,24248,1
17573,24249,1
17574,24250,1
17575,24251,1
17575,24252,1
17575,24254,1
17575,24255,2
17576,24253,1
17577,24256,1
17577,24257,1
17577,24258,1
17577,24259,2
17578,24260,3
17578,24262,1
17579,24261,3
17580,24263,1
17581,24264,1
17582,24265,1
17583,24266,1
17583,24267,1
17584,24268,1
17585,24269,1
17585,24270,1
17585,24271,1
17586,24272,1
17587,24273,1
17588,24274,1
17588,24275,1
17588,24276,1
17589,24277,1
17590,24278,1
17591,24279,1
17592,24280,3
17592,24281,1
17592,24282,1
17592,24283,1
17593,24284,2
17593,24285,1
17594,24286,1
17594,24287,1
17595,24290,1
17596,24291,1
17597,24292,3
17598,24293,1
17599,24294,1
17599,24295,1
17600,24296,1
17600,24297,1
17600,24298,1
17601,24299,1
17602,24300,1
17603,24301,3
17603,24302,1
17604,24303,1
17605,24304,1
17606,24305,1
17607,24306,1
17607,24307,1
17608,24308,1
17609,24309,2
17610,24310,1
17611,24311,1
17612,24312,1
17613,24313,1
17614,24314,1
17615,24315,1
17616,24316,1
17617,24317,1
17617,24318,1
17618,24319,1
17619,24320,1
17620,24321,1
17621,24322,2
17621,24323,1
17622,24324,1
17622,24325,1
17622,24326,1
17622,24327,1
17623,24328,1
17623,24329,1
17624,24330,2
17625,24331,2
17625,24332,1
17626,24333,1
17627,24334,2
17627,24335,1
17628,24336,1
17628,24337,1
17628,24338,1
17628,24339,1
17628,24340,1
17629,24341,1
17630,24342,1
17631,24343,1
17632,24345,1
17633,24346,1
17633,24347,1
17634,24348,1
17635,24349,1
17635,24350,1
17636,24351,1
17637,24352,1
17638,24353,1
17639,24354,2
17640,24356,1
17641,24357,1
17642,24358,1
17643,24359,1
17644,24360,1
17645,24364,1
17646,24365,1
17646,24366,1
17646,24367,1
17647,24368,1
17648,24369,1
17649,24370,1
17650,24371,1
17651,24372,1
17652,24373,2
17653,24374,2
17654,24375,1
17654,24376,1
17655,24377,1
17656,24378,1
17657,24379,1
17658,24380,1
17659,24381,1
17660,24382,2
17660,24383,1
17661,24384,2
17662,24385,1
17662,24386,1
17663,24387,1
17664,24388,1
17665,24389,1
17666,24390,1
17666,24391,1
17667,24392,1
17668,24393,1
17669,24394,1
17669,24395,1
17669,24396,1
17670,24397,1
17670,24398,2
17671,24399,1
17672,24400,1
17673,24401,1
17673,24402,1
17673,24403,1
17674,24404,1
17674,24405,2
17674,24406,1
17675,24407,1
17676,24408,1
17677,24409,1
17677,24410,2
17678,24411,1
17679,24412,1
17680,24413,2
17680,24414,1
17681,24415,1
17681,24416,1
17681,24417,1
17682,24418,1
17682,24419,1
17682,24420,1
17683,24421,1
17683,24422,1
17684,24423,1
17685,24424,1
17686,24425,1
17687,24426,1
17688,24427,1
17689,24428,1
17689,24429,1
17689,24430,2
17690,24431,1
17691,24432,1
17692,24433,1
17692,24434,1
17693,24435,1
17694,24437,1
17694,24438,1
17695,24439,3
17696,24442,1
17697,24443,1
17697,24444,1
17698,24445,3
17699,24446,2
17699,24447,1
17700,24448,1
17700,24450,1
17701,24449,1
17702,24451,2
17703,24452,1
17704,24455,1
17705,24456,2
17706,24457,1
17707,24458,1
17708,24459,2
17709,24460,1
17710,24461,1
17711,24462,2
17711,24463,1
17711,24464,1
17712,24465,1
17712,24466,1
17713,24467,1
17713,24468,3
17713,24469,1
17714,24470,3
17715,24471,1
17716,24472,1
17716,24473,1
17716,24474,1
17717,24475,2
17718,24476,1
17719,24477,1
17720,24478,3
17720,24479,1
17720,24480,1
17721,24481,1
17721,24482,2
17722,24483,1
17722,24484,1
17723,24485,1
17724,24486,2
17725,24487,1
17726,24488,1
17727,24489,1
17728,24490,1
17729,24491,1
17730,24492,1
17731,24493,1
17732,24494,1
17732,24495,1
17733,24496,1
17734,24497,1
17734,24498,1
17735,24499,1
17735,24501,2
17735,24502,1
17735,24503,1
17736,24500,1
17737,24504,1
17738,24505,1
17738,24506,1
17739,24507,1
17740,24508,1
17741,24509,1
17742,24510,1
17743,24511,1
17744,24512,1
17745,24513,1
17746,24516,1
17747,24517,1
17748,24518,1
17749,24519,1
17750,24520,1
17751,24521,2
17752,24522,2
17752,24523,1
17753,24524,2
17754,24525,1
17755,24526,3
17756,24527,1
17756,24528,2
17757,24529,1
17757,24530,2
17758,24531,1
17759,24532,1
17760,24533,1
17761,24534,1
17762,24535,1
17762,24536,2
17762,24538,1
17763,24537,1
17764,24539,1
17764,24540,1
17765,24541,2
17766,24542,3
17766,24543,1
17767,24544,1
17768,24545,1
17769,24546,1
17770,24547,1
17771,24548,2
17772,24549,1
17772,24550,1
17773,24551,1
17774,24552,1
17775,24553,1
17775,24554,2
17775,24555,1
17776,24556,1
17777,24557,1
17777,24558,1
17777,24559,1
17778,24560,2
17779,24561,1
17780,24562,1
17781,24563,1
17782,24564,1
17783,24565,1
17784,24566,1
17784,24567,1
17785,24568,1
17786,24569,2
17787,24570,1
17788,24571,3
17789,24572,1
17790,24573,1
17791,24574,2
17791,24575,1
17792,24576,1
17793,24577,1
17794,24578,1
17794,24579,1
17794,24580,2
17794,24581,1
17795,24584,1
17796,24585,1
17797,24586,1
17797,24587,1
17798,24588,1
17799,24589,2
17799,24590,1
17800,24591,1
17801,24592,2
17802,24593,1
17803,24594,1
17804,24595,1
17805,24596,1
17806,24597,1
17807,24598,1
17808,24599,2
17809,24600,1
17810,24601,1
17811,24603,1
17812,24604,1
17812,24605,1
17813,24606,1
17813,24607,2
17813,24608,1
17814,24609,1
17814,24610,1
17815,24611,2
17816,24612,1
17817,24613,1
17817,24614,1
17817,24615,1
17818,24616,1
17818,24617,1
17819,24618,3
17820,24619,1
17821,24620,1
17821,24621,1
17822,24622,1
17823,24623,1
17823,24624,1
17824,24627,3
17824,24628,1
17825,24629,1
17826,24630,2
17827,24631,1
17827,24632,1
17828,24633,1
17829,24634,1
17830,24636,2
17831,24637,1
17832,24638,1
17833,24639,1
17834,24640,1
17834,24641,1
17835,24642,1
17836,24643,1
17837,24644,2
17838,24645,1
17839,24646,1
17840,24647,1
17841,24648,1
17841,24649,1
17841,24650,1
17841,24651,1
17841,24652,1
17842,24653,3
17843,24654,1
17844,24655,1
17844,24656,3
17845,24657,1
17846,24658,1
17846,24659,1
17847,24660,1
17848,24661,2
17848,24662,1
17848,24663,1
17849,24664,1
17850,24665,1
17851,24666,1
17852,24667,1
17852,24668,1
17853,24669,1
17854,24670,3
17854,24671,1
17854,24673,1
17855,24672,2
17856,24674,1
17857,24675,1
17858,24676,1
17859,24677,1
17860,24678,2
17860,24679,1
17861,24680,1
17862,24681,1
17863,24686,1
17863,24687,2
17864,24688,1
17865,24689,1
17865,24690,1
17866,24691,1
17867,24692,1
17868,24693,1
17869,24695,1
17870,24696,2
17870,24697,1
17870,24698,1
17871,24699,1
17871,24700,1
17872,24701,1
17873,24702,1
17874,24703,1
17874,24704,1
17875,24705,1
17876,24706,1
17876,24707,1
17876,24708,1
17877,24709,1
17877,24710,1
17878,24711,2
17878,24712,1
17878,24714,1
17879,24713,1
17880,24715,1
17880,24717,1
17881,24716,1
17882,24718,1
17883,24719,1
17883,24720,1
17883,24721,2
17884,24722,1
17885,24723,3
17885,24724,1
17886,24725,1
17886,24726,1
17886,24727,1
17886,24728,1
17887,24729,2
17888,24730,1
17888,24731,1
17889,24732,1
17889,24733,1
17890,24734,3
17890,24736,2
17890,24737,1
17890,24738,1
17891,24735,1
17892,24739,1
17893,24740,1
17893,24741,1
17893,24742,1
17893,24743,1
17894,24744,1
17895,24745,1
17896,24746,1
17896,24747,1
17896,24748,1
17896,24749,1
17897,24750,1
17898,24751,1
17899,24752,1
17900,24753,1
17901,24754,1
17902,24755,1
17902,24756,2
17902,24757,1
17903,24758,1
17904,24759,1
17904,24760,1
17905,24761,3
17906,24762,1
17907,24763,1
17907,24764,1
17907,24765,1
17908,24766,1
17909,24773,1
17909,24774,1
17909,24776,1
17910,24775,1
17911,24777,1
17912,24778,1
17913,24779,1
17914,24780,3
17915,24781,1
17916,24782,1
17917,24783,1
17918,24785,1
17919,24786,2
17920,24787,1
17921,24788,1
17921,24789,2
17922,24790,1
17922,24791,1
17922,24792,1
17922,24794,1
17923,24793,2
17924,24795,1
17924,24796,1
17924,24797,1
17924,24798,2
17924,24799,1
17925,24801,2
17925,24802,1
17925,24803,1
17926,24804,1
17927,24805,1
17927,24806,1
17928,24807,1
17929,24810,1
17930,24811,1
17930,24812,1
17931,24813,1
17932,24814,1
17933,24815,1
17934,24816,1
17934,24817,2
17935,24818,1
17935,24819,2
17936,24820,1
17936,24821,1
17937,24822,1
17938,24823,1
17939,24824,1
17940,24825,1
17941,24826,1
17942,24827,1
17942,24828,1
17942,24830,1
17942,24831,2
17943,24829,1
17944,24832,1
17945,24833,1
17946,24835,1
17947,24836,1
17947,24837,1
17948,24838,1
17948,24839,1
17949,24840,1
17949,24841,1
17950,24842,1
17951,24843,1
17952,24844,1
17953,24845,1
17954,24846,1
17955,24847,1
17956,24848,1
17957,24849,2
17958,24850,1
17959,24851,1
17960,24852,1
17961,24853,1
17961,24854,1
17962,24855,1
17962,24856,1
17963,24857,1
17964,24858,2
17965,24859,1
17966,24861,1
17967,24862,1
17967,24863,1
17968,24864,1
17969,24866,1
17970,24867,1
17971,24868,1
17972,24869,1
17972,24870,1
17972,24871,1
17973,24872,2
17974,24873,2
17975,24874,1
17976,24875,1
17976,24876,1
17976,24877,1
17977,24878,1
17978,24879,1
17979,24880,3
17979,24881,1
17980,24882,1
17981,24883,2
17981,24884,1
17982,24885,3
17983,24886,1
17983,24887,1
17984,24888,1
17985,24889,1
17986,24890,1
17987,24891,1
17988,24892,1
17989,24893,2
17989,24894,1
17989,24895,2
17990,24897,1
17990,24898,1
17991,24899,2
17992,24900,2
17993,24901,1
17993,24902,1
17993,24903,1
17993,24904,2
17994,24905,1
17995,24906,1
17996,24907,3
17996,24908,1
17996,24909,1
17996,24910,1
17997,24911,1
17997,24912,1
17997,24913,1
17997,24914,1
17998,24915,1
17999,24916,1
17999,24917,1
18000,24918,1
18000,24919,1
18001,24920,1
18001,24921,1
18002,24922,1
18002,24923,1
18003,24924,1
18003,24925,1
18003,24926,1
18004,24927,1
18005,24928,1
18006,24929,1
18007,24930,1
18008,24931,1
18009,24932,1
18010,24933,2
18010,24934,2
18011,24935,1
18011,24936,1
18012,24937,2
18013,24940,1
18014,24941,1
18014,24942,1
18015,24943,1
18015,24944,1
18016,24945,1
18016,24946,1
18016,24947,1
18016,24948,1
18017,24949,2
18018,24950,1
18019,24951,1
18019,24952,1
18019,24953,1
18020,24954,1
18021,24955,1
18021,24956,1
18021,24957,1
18021,24958,1
18022,24959,1
18022,24960,1
18023,24961,1
18024,24962,1
18024,24963,1
18024,24964,2
18025,24965,1
18026,24966,1
18026,24967,1
18026,24968,1
18027,24969,1
18027,24970,2
18028,24971,2
18028,24972,1
18029,24973,1
18029,24974,1
18029,24975,1
18029,24976,1
18030,24979,1
18031,24980,2
18032,24981,1
18033,24982,1
18034,24983,1
18034,24984,1
18035,24985,2
18036,24986,1
18036,24987,1
18037,24988,1
18038,24989,1
18039,24990,1
18040,24991,1
18041,24992,1
18041,24993,1
18042,24994,1
18043,24995,1
18044,24996,1
18045,24997,1
18046,24998,2
18047,24999,1
18048,25000,3
18049,25001,1
18050,25002,1
18050,25003,1
18050,25004,1
18051,25005,1
18052,25006,1
18052,25007,1
18053,25008,1
18053,25009,1
18053,25010,1
18054,25011,1
18054,25012,3
18055,25013,1
18056,25014,1
18057,25015,2
18058,25016,1
18059,25018,1
18060,25019,1
18060,25020,1
18061,25021,1
18062,25022,1
18062,25023,1
18062,25024,2
18063,25025,1
18064,25026,1
18065,25027,1
18066,25028,1
18066,25029,1
18066,25030,1
18067,25031,1
18067,25032,1
18067,25033,2
18067,25034,1
18068,25036,2
18069,25037,1
18070,25038,1
18070,25039,1
18070,25040,1
18070,25041,1
18070,25042,1
18071,25044,1
18072,25045,1
18073,25046,1
18074,25047,1
18074,25048,1
18075,25049,1
18076,25050,1
18076,25051,1
18077,25052,1
18077,25053,1
18077,25054,1
18077,25055,1
18078,25056,1
18079,25057,1
18079,25058,1
18079,25060,1
18080,25059,1
18081,25061,1
18082,25062,1
18083,25064,2
18084,25065,1
18084,25066,1
18085,25069,1
18086,25070,1
18087,25071,1
18088,25072,1
18089,25073,1
18089,25074,1
18090,25076,3
18091,25077,1
18091,25078,2
18091,25079,2
18092,25080,1
18092,25081,1
18093,25082,1
18094,25083,2
18095,25084,1
18096,25085,1
18096,25086,1
18097,25087,1
18098,25088,1
18099,25089,1
18099,25090,1
18100,25091,1
18100,25092,1
18100,25093,1
18100,25094,1
18101,25095,1
18101,25096,1
18102,25097,1
18103,25099,2
18104,25100,2
18105,25101,1
18105,25102,1
18105,25103,1
18106,25104,1
18106,25105,2
18107,25106,1
18107,25107,2
18108,25108,2
18109,25109,2
18110,25110,2
18110,25111,1
18110,25112,1
18111,25113,1
18112,25114,1
18112,25115,1
18112,25116,1
18112,25117,1
18113,25118,1
18113,25119,1
18114,25120,1
18115,25121,1
18115,25122,1
18116,25123,1
18117,25124,1
18118,25125,1
18118,25126,1
18118,25127,1
18118,25128,1
18119,25129,1
18119,25130,1
18119,25131,1
18120,25132,1
18120,25135,1
18120,25136,2
18121,25133,1
18122,25134,1
18123,25137,1
18124,25138,1
18124,25139,1
18124,25140,1
18125,25141,1
18126,25142,1
18127,25143,1
18127,25144,1
18128,25147,1
18129,25148,1
18129,25149,1
18129,25150,1
18130,25151,1
18130,25152,1
18131,25153,1
18132,25154,1
18133,25155,1
18133,25157,1
18134,25156,2
18135,25158,1
18135,25159,1
18135,25160,1
18136,25161,2
18137,25162,1
18137,25163,1
18137,25164,1
18138,25165,1
18139,25166,1
18140,25167,1
18141,25172,1
18141,25173,1
18142,25174,1
18143,25175,2
18144,25177,2
18144,25178,1
18145,25183,1
18146,25184,1
18146,25185,2
18147,25186,1
18148,25187,1
18149,25188,1
18150,25189,1
18151,25190,1
18152,25191,1
18152,25192,1
18152,25193,2
18153,25194,1
18153,25195,1
18154,25196,1
18155,25197,1
18156,25198,1
18157,25199,1
18158,25200,1
18158,25201,1
18159,25202,1
18159,25203,1
18160,25204,2
18161,25205,1
18162,25206,1
18163,25207,1
18163,25208,1
18164,25209,1
18165,25210,1
18166,25211,1
18167,25212,1
18168,25213,1
18168,25214,2
18169,25215,1
18169,25216,1
18169,25217,1
18170,25218,1
18171,25219,1
18172,25220,1
18173,25221,1
18174,25223,3
18174,25224,1
18175,25225,1
18176,25226,1
18176,25227,1
18176,25228,1
18177,25230,1
18178,25231,1
18179,25232,2
18180,25233,1
18181,25235,2
18182,25236,2
18183,25237,2
18184,25238,1
18185,25239,1
18186,25240,1
18187,25241,1
18188,25242,2
18189,25243,1
18189,25244,1
18190,25245,1
18190,25246,2
18191,25247,1
18192,25248,1
18193,25249,1
18194,25250,1
18195,25251,1
18195,25252,1
18196,25253,1
18197,25254,3
18198,25255,1
18199,25256,1
18200,25257,1
18201,25258,1
18201,25259,1
18201,25260,1
18202,25261,2
18203,25262,1
18204,25263,1
18205,25264,1
18206,25265,2
18207,25266,1
18208,25267,1
18209,25268,1
18210,25269,1
18211,25270,1
18211,25271,2
18212,25275,1
18213,25276,1
18213,25277,1
18213,25278,1
18214,25279,1
18215,25280,1
18215,25281,1
18215,25282,1
18216,25283,1
18216,25284,2
18217,25285,1
18218,25286,1
18219,25287,2
18219,25288,1
18219,25289,2
18220,25290,2
18221,25291,1
18221,25292,1
18222,25293,1
18222,25294,1
18223,25295,1
18224,25296,1
18225,25297,1
18225,25298,2
18226,25299,2
18227,25300,2
18227,25301,1
18228,25302,1
18229,25303,1
18230,25305,1
18230,25306,1
18231,25307,1
18232,25308,1
18232,25309,1
18233,25310,1
18234,25311,2
18235,25312,1
18236,25313,1
18237,25314,1
18238,25315,1
18238,25316,1
18239,25317,1
18239,25318,1
18240,25319,1
18241,25320,1
18242,25321,1
18243,25322,1
18244,25323,2
18245,25324,1
18246,25325,1
18246,25326,1
18247,25327,1
18248,25328,2
18249,25329,1
18249,25330,1
18249,25331,1
18250,25332,1
18250,25334,1
18250,25335,1
18251,25333,1
18252,25336,2
18253,25337,1
18254,25338,1
18255,25341,1
18256,25342,1
18256,25343,1
18256,25344,1
18257,25345,1
18258,25346,1
18258,25347,1
18259,25348,1
18260,25349,1
18261,25350,1
18262,25354,1
18262,25355,1
18262,25356,1
18263,25358,1
18264,25359,1
18265,25360,1
18265,25361,1
18265,25362,1
18266,25363,1
18267,25364,1
18268,25365,3
18269,25366,1
18270,25367,2
18271,25368,1
18271,25369,1
18271,25370,1
18272,25371,1
18272,25372,1
18272,25373,1
18273,25374,1
18274,25375,1
18275,25376,1
18275,25378,2
18276,25377,2
18277,25379,1
18278,25380,1
18279,25381,1
18279,25382,1
18280,25385,2
18281,25386,1
18282,25387,1
18283,25388,1
18283,25389,1
18284,25390,1
18284,25391,1
18284,25392,1
18285,25393,1
18286,25394,1
18287,25395,1
18288,25396,1
18288,25397,1
18289,25398,1
18289,25399,1
18290,25400,1
18290,25401,2
18291,25402,1
18292,25405,1
18293,25406,1
18293,25407,1
18294,25408,1
18295,25409,1
18296,25410,1
18297,25411,1
18297,25412,1
18297,25413,1
18298,25414,1
18299,25415,1
18299,25416,1
18300,25417,2
18300,25418,1
18301,25419,3
18302,25420,2
18303,25421,1
18303,25422,1
18303,25423,1
18304,25424,1
18305,25425,1
18306,25426,1
18307,25427,1
18308,25428,1
18309,25429,1
18310,25430,1
18311,25431,1
18311,25432,1
18312,25433,1
18313,25434,1
18314,25435,1
18315,25436,2
18316,25437,1
18316,25438,3
18317,25439,1
18318,25440,1
18318,25441,1
18318,25442,1
18319,25443,1
18319,25444,1
18320,25445,2
18321,25446,1
18322,25447,1
18322,25448,1
18323,25449,1
18324,25450,2
18325,25452,2
18325,25453,1
18325,25454,1
18325,25455,1
18326,25456,2
18327,25457,1
18328,25458,1
18329,25459,1
18329,25460,1
18330,25461,1
18330,25462,1
18330,25463,1
18330,25464,1
18330,25465,1
18331,25466,2
18332,25467,1
18333,25468,1
18333,25469,1
18333,25470,1
18333,25471,1
18334,25472,2
18335,25473,1
18336,25474,1
18336,25475,1
18337,25479,1
18338,25480,1
18339,25481,1
18340,25482,1
18341,25483,1
18342,25484,1
18342,25485,3
18343,25486,2
18344,25487,1
18345,25488,1
18345,25489,1
18346,25490,1
18347,25491,1
18348,25492,2
18349,25493,1
18349,25495,1
18350,25494,1
18351,25496,3
18351,25497,1
18351,25498,1
18351,25499,1
18352,25500,1
18353,25501,1
18354,25502,1
18354,25503,2
18355,25504,1
18356,25505,1
18357,25506,1
18357,25509,1
18358,25507,1
18359,25508,1
18360,25510,1
18361,25511,1
18362,25512,1
18362,25513,1
18362,25514,1
18363,25515,1
18363,25516,2
18364,25517,1
18365,25518,1
18366,25519,2
18366,25520,2
18367,25521,1
18368,25522,2
18369,25523,1
18370,25524,1
18370,25525,2
18371,25526,1
18371,25527,1
18371,25528,1
18372,25529,1
18373,25530,1
18373,25531,1
18374,25532,2
18375,25533,1
18375,25534,1
18375,25535,1
18376,25537,1
18377,25538,1
18378,25539,1
18378,25540,1
18379,25541,1
18380,25544,1
18381,25545,1
18382,25546,1
18383,25547,2
18383,25548,1
18384,25549,1
18384,25550,1
18385,25551,1
18386,25552,1
18387,25553,1
18388,25554,1
18389,25555,1
18390,25556,2
18391,25557,1
18391,25558,1
18392,25559,1
18392,25561,2
18393,25560,1
18394,25562,1
18395,25563,1
18396,25564,1
18397,25565,3
18398,25566,1
18399,25567,1
18399,25568,1
18400,25569,1
18401,25570,1
18402,25571,1
18403,25572,1
18404,25573,1
18405,25577,1
18406,25578,1
18406,25579,2
18406,25580,2
18407,25581,1
18408,25582,1
18409,25583,1
18410,25584,1
18410,25585,1
18411,25586,2
18412,25587,1
18413,25588,1
18414,25589,1
18414,25590,2
18414,25591,1
18415,25592,1
18416,25593,2
18417,25594,1
18418,25595,1
18419,25596,1
18419,25597,1
18420,25598,1
18421,25599,1
18422,25603,1
18423,25604,1
18424,25605,1
18425,25606,1
18426,25607,1
18426,25608,1
18427,25609,1
18428,25610,1
18429,25612,1
18429,25613,1
18429,25615,1
18430,25614,1
18431,25616,1
18432,25617,1
18432,25618,1
18433,25619,1
18434,25620,1
18435,25621,1
18436,25622,3
18437,25623,1
18438,25624,1
18439,25625,1
18440,25626,1
18440,25627,1
18440,25628,2
18441,25629,1
18441,25630,1
18441,25631,1
18442,25632,1
18442,25633,1
18443,25634,1
18444,25635,1
18445,25636,1
18446,25637,1
18446,25638,1
18446,25639,1
18446,25641,1
18447,25640,1
18448,25642,1
18448,25644,1
18449,25643,1
18450,25645,1
18450,25646,1
18450,25647,1
18451,25648,1
18451,25649,1
18452,25650,1
18452,25651,1
18452,25652,1
18453,25653,1
18454,25654,1
18455,25655,1
18456,25656,1
18456,25657,2
18457,25658,1
18457,25659,2
18458,25660,3
18458,25661,1
18458,25662,2
18459,25663,1
18460,25664,1
18461,25665,1
18462,25666,2
18463,25667,2
18463,25668,1
18464,25669,1
18464,25670,1
18465,25671,1
18465,25672,1
18466,25673,2
18466,25674,1
18466,25675,1
18466,25676,1
18466,25677,1
18467,25678,1
18467,25679,1
18467,25680,1
18467,25681,1
18467,25682,2
18468,25683,1
18469,25684,1
18469,25685,1
18470,25686,1
18470,25687,1
18470,25688,1
18470,25689,1
18471,25690,1
18472,25691,1
18473,25693,2
18473,25694,1
18474,25695,1
18475,25696,1
18476,25697,1
18477,25698,1
18477,25699,2
18478,25700,1
18479,25701,2
18480,25702,1
18481,25703,1
18482,25704,1
18483,25706,1
18484,25707,1
18485,25711,1
18486,25712,1
18486,25713,1
18487,25714,1
18487,25716,1
18488,25715,1
18488,25717,1
18489,25718,1
18489,25719,1
18490,25720,2
18491,25721,1
18492,25722,1
18492,25723,1
18492,25724,1
18493,25725,1
18493,25726,1
18494,25727,1
18495,25728,1
18495,25729,1
18496,25731,1
18497,25732,2
18497,25733,1
18497,25734,1
18497,25735,1
18498,25736,1
18499,25737,2
18499,25739,1
18500,25738,1
18501,25740,1
18502,25741,1
18502,25742,1
18502,25743,1
18503,25744,1
18504,25745,2
18504,25746,2
18504,25747,1
18504,25748,1
18504,25749,1
18505,25750,1
18506,25751,1
18507,25752,1
18508,25753,1
18509,25754,2
18509,25755,1
18510,25756,1
18510,25757,1
18511,25758,1
18511,25760,1
18512,25759,1
18513,25761,1
18514,25762,1
18515,25763,1
18515,25764,1
18516,25765,1
18517,25766,1
18518,25767,1
18519,25768,2
18519,25769,1
18520,25770,3
18521,25771,2
18522,25772,1
18523,25773,1
18524,25774,1
18525,25775,1
18525,25776,1
18525,25778,1
18526,25777,1
18527,25779,1
18528,25780,1
18529,25781,2
18529,25782,1
18529,25783,1
18529,25784,1
18530,25785,1
18531,25786,1
18532,25787,1
18532,25788,1
18533,25789,1
18533,25790,1
18533,25792,2
18534,25791,2
18535,25793,1
18536,25794,1
18536,25795,1
18537,25796,2
18537,25797,1
18538,25798,1
18539,25799,1
18540,25800,1
18541,25801,1
18542,25802,1
18543,25803,2
18544,25804,1
18545,25805,1
18546,25806,1
18546,25807,1
18547,25808,2
18547,25809,1
18547,25810,1
18548,25811,3
18548,25812,1
18549,25813,1
18550,25815,1
18551,25818,1
18552,25819,1
18553,25820,1
18554,25821,2
18555,25822,1
18556,25824,1
18556,25825,1
18556,25826,1
18556,25827,1
18557,25828,1
18558,25829,1
18559,25830,1
18559,25831,1
18560,25832,1
18560,25834,1
18561,25833,2
18562,25835,1
18562,25836,1
18562,25838,1
18563,25837,1
18564,25839,1
18564,25840,1
18564,25841,1
18565,25842,2
18566,25843,1
18567,25844,1
18567,25845,1
18568,25846,1
18568,25847,1
18569,25848,2
18570,25849,2
18570,25850,1
18571,25852,1
18571,25853,1
18571,25854,2
18572,25855,1
18572,25856,1
18572,25857,1
18573,25859,1
18574,25860,1
18575,25861,1
18576,25862,2
18577,25863,1
18578,25864,1
18579,25865,1
18579,25866,1
18579,25868,1
18580,25867,1
18581,25869,2
18582,25870,1
18583,25871,3
18584,25875,3
18585,25876,1
18586,25877,1
18586,25878,1
18587,25879,1
18588,25880,1
18589,25881,1
18590,25882,2
18591,25883,1
18592,25884,1
18593,25885,1
18593,25886,3
18593,25887,1
18594,25888,1
18595,25889,1
18596,25890,1
18597,25891,1
18598,25892,1
18599,25893,1
18600,25894,1
18601,25896,2
18602,25897,1
18603,25898,2
18604,25899,1
18605,25900,2
18606,25901,1
18607,25902,1
18608,25903,1
18609,25904,1
18610,25905,1
18611,25906,2
18611,25907,1
18611,25908,1
18611,25909,1
18612,25910,1
18613,25911,1
18613,25912,1
18614,25914,1
18615,25915,2
18615,25918,1
18616,25916,2
18616,25917,1
18617,25919,1
18618,25920,1
18619,25921,3
18620,25922,3
18620,25923,1
18620,25924,1
18620,25925,1
18621,25926,1
18621,25927,1
18622,25928,1
18623,25929,1
18624,25930,1
18624,25931,1
18624,25932,1
18625,25933,1
18626,25934,1
18626,25935,1
18627,25936,2
18628,25937,1
18629,25938,2
18630,25939,1
18631,25940,1
18631,25941,1
18631,25942,1
18632,25943,1
18632,25945,1
18632,25946,1
18633,25944,3
18634,25947,1
18635,25948,1
18635,25949,1
18635,25950,1
18636,25951,1
18637,25952,1
18638,25953,2
18639,25954,2
18640,25956,1
18640,25958,1
18641,25957,1
18642,25959,1
18643,25960,1
18644,25961,1
18645,25962,1
18645,25963,1
18646,25964,1
18647,25965,1
18648,25966,1
18649,25967,1
18649,25968,1
18650,25969,1
18651,25970,1
18652,25971,1
18652,25972,1
18652,25973,1
18653,25974,1
18654,25975,1
18655,25976,1
18656,25977,1
18657,25978,2
18658,25979,1
18659,25980,1
18660,25981,2
18661,25982,1
18662,25983,1
18663,25984,1
18664,25985,1
18665,25986,1
18665,25987,2
18666,25988,1
18667,25989,3
18668,25990,1
18669,25991,2
18670,25992,1
18671,25993,1
18671,25994,1
18671,25995,1
18672,25996,2
18673,25997,2
18674,25998,1
18674,25999,1
18675,26000,2
18676,26003,1
18676,26004,1
18677,26005,1
18677,26006,1
18678,26007,1
18679,26008,1
18679,26009,1
18679,26010,1
18680,26011,2
18680,26012,1
18680,26013,1
18681,26014,1
18682,26015,1
18682,26016,2
18683,26017,1
18684,26018,1
18685,26019,1
18686,26020,1
18687,26021,2
18687,26022,3
18688,26023,1
18689,26024,1
18690,26025,1
18691,26026,2
18692,26027,1
18692,26028,2
18693,26029,1
18693,26030,1
18694,26031,2
18694,26032,2
18695,26033,1
18695,26034,1
18696,26035,2
18697,26036,1
18698,26037,1
18699,26038,2
18700,26040,1
18700,26041,2
18701,26042,1
18702,26043,1
18702,26044,1
18702,26045,1
18703,26046,1
18704,26047,1
18705,26048,1
18706,26049,1
18706,26050,2
18707,26052,1
18707,26053,1
18708,26054,1
18709,26055,1
18710,26056,1
18710,26057,1
18710,26058,2
18711,26059,1
18712,26060,1
18713,26061,1
18714,26062,1
18715,26063,1
18715,26064,1
18715,26065,2
18715,26066,1
18716,26067,1
18717,26068,1
18718,26069,1
18719,26070,2
18719,26071,1
18719,26072,1
18720,26073,1
18721,26074,1
18722,26075,1
18723,26076,1
18724,26077,1
18725,26078,1
18726,26079,1
18727,26080,1
18727,26081,1
18728,26082,1
18729,26083,1
18730,26084,1
18730,26085,1
18731,26086,1
18732,26087,2
18733,26088,1
18734,26091,1
18735,26092,1
18735,26093,1
18736,26094,1
18736,26095,2
18737,26096,1
18737,26097,1
18738,26098,1
18738,26099,2
18739,26100,1
18740,26101,1
18741,26102,1
18741,26103,1
18742,26104,1
18743,26105,1
18744,26106,2
18745,26107,1
18746,26108,1
18746,26109,1
18747,26110,2
18748,26111,1
18749,26112,1
18749,26113,1
18750,26114,1
18751,26115,1
18751,26116,1
18752,26117,1
18753,26118,1
18754,26119,1
18755,26120,1
18755,26121,1
18755,26122,3
18756,26123,2
18757,26124,1
18757,26125,2
18758,26126,1
18758,26127,2
18759,26128,1
18760,26129,1
18761,26130,1
18761,26131,1
18761,26132,1
18762,26133,1
18763,26134,1
18764,26135,1
18765,26136,1
18765,26137,1
18765,26138,1
18766,26139,1
18766,26141,1
18767,26140,1
18768,26142,3
18768,26143,2
18769,26144,1
18769,26146,1
18770,26145,1
18771,26147,1
18772,26148,1
18772,26149,2
18773,26150,1
18774,26151,1
18775,26152,1
18776,26157,1
18777,26158,1
18778,26159,1
18779,26160,1
18780,26161,1
18781,26162,1
18782,26163,1
18783,26164,1
18784,26165,1
18784,26166,1
18784,26167,2
18785,26168,1
18785,26169,1
18785,26170,1
18785,26171,1
18786,26174,1
18787,26175,1
18788,26176,1
18788,26177,1
18789,26179,1
18789,26181,1
18789,26182,1
18790,26180,2
18791,26183,1
18792,26184,1
18793,26185,1
18793,26186,1
18793,26187,1
18794,26188,1
18795,26189,1
18795,26191,1
18796,26190,1
18797,26192,1
18798,26193,1
18799,26194,1
18800,26195,1
18801,26196,1
18802,26200,1
18802,26201,1
18802,26202,1
18802,26203,1
18803,26204,1
18804,26205,1
18805,26206,1
18806,26207,1
18806,26208,1
18807,26209,1
18808,26210,2
18809,26213,1
18810,26214,1
18810,26215,2
18810,26216,1
18810,26217,1
18810,26218,3
18811,26219,1
18812,26220,3
18812,26221,1
18813,26222,1
18813,26223,1
18814,26224,1
18815,26225,1
18815,26226,1
18816,26227,2
18817,26228,1
18818,26229,1
18818,26230,1
18819,26231,1
18820,26232,1
18821,26233,2
18821,26234,1
18822,26235,1
18822,26237,1
18822,26239,2
18823,26236,2
18824,26238,1
18825,26240,1
18826,26241,1
18826,26242,1
18827,26243,1
18828,26246,1
18829,26247,1
18830,26248,1
18831,26249,1
18831,26250,1
18832,26251,1
18832,26252,1
18832,26253,1
18833,26254,1
18834,26255,1
18835,26256,1
18835,26257,1
18836,26258,2
18837,26259,1
18837,26260,1
18838,26261,1
18839,26262,1
18839,26263,1
18840,26264,1
18841,26265,1
18841,26266,1
18842,26267,1
18843,26268,1
18843,26269,1
18844,26270,1
18845,26271,1
18846,26272,1
18847,26273,1
18848,26274,2
18848,26275,1
18849,26276,1
18849,26278,1
18850,26277,1
18850,26279,1
18851,26280,1
18852,26281,1
18853,26282,1
18853,26283,1
18854,26284,1
18855,26285,2
18856,26286,1
18857,26287,1
18857,26288,1
18857,26289,1
18857,26290,1
18858,26291,1
18858,26292,1
18859,26293,1
18860,26294,1
18861,26296,1
18862,26297,1
18862,26298,1
18862,26301,1
18863,26299,1
18864,26300,1
18865,26303,1
18865,26304,1
18865,26305,1
18866,26306,1
18866,26307,2
18866,26308,1
18867,26309,1
18867,26311,2
18868,26310,1
18869,26312,1
18869,26314,1
18869,26315,1
18870,26313,1
18871,26316,1
18872,26317,1
18872,26318,3
18872,26319,1
18873,26320,1
18874,26321,1
18874,26322,1
18875,26324,3
18875,26325,1
18876,26326,1
18877,26327,1
18877,26328,1
18878,26332,2
18879,26333,1
18879,26335,3
18879,26336,1
18880,26334,1
18881,26337,1
18881,26338,1
18881,26339,1
18882,26340,1
18882,26341,1
18883,26342,1
18884,26343,3
18885,26344,1
18885,26345,1
18886,26346,1
18887,26347,2
18887,26348,1
18887,26349,2
18888,26350,2
18889,26351,1
18890,26352,1
18891,26353,1
18892,26354,1
18893,26355,1
18894,26356,1
18894,26357,1
18894,26358,1
18894,26359,1
18894,26360,1
18895,26361,1
18896,26362,1
18896,26363,1
18896,26364,1
18897,26365,1
18898,26366,1
18899,26367,1
18900,26368,1
18901,26369,1
18902,26370,1
18902,26371,1
18902,26372,3
18903,26373,1
18904,26374,1
18904,26375,1
18905,26376,1
18906,26377,1
18906,26378,2
18907,26379,2
18907,26380,1
18908,26381,1
18908,26383,2
18909,26382,2
18910,26384,1
18911,26385,1
18912,26386,3
18912,26387,2
18913,26388,2
18914,26389,2
18915,26390,1
18916,26391,1
18916,26392,1
18917,26393,1
18918,26394,1
18918,26395,1
18918,26396,1
18918,26397,1
18919,26398,1
18920,26400,1
18920,26401,1
18921,26402,1
18922,26403,1
18923,26404,1
18924,26405,1
18924,26406,1
18925,26407,1
18925,26408,1
18926,26410,1
18927,26411,1
18928,26412,1
18929,26413,1
18930,26414,1
18931,26415,1
18931,26416,1
18932,26417,1
18932,26418,1
18932,26421,1
18933,26419,1
18933,26420,1
18934,26424,1
18935,26425,1
18935,26426,1
18936,26429,1
18937,26430,1
18938,26431,1
18939,26432,1
18940,26433,2
18941,26434,1
18942,26435,1
18942,26436,1
18943,26437,1
18944,26438,1
18945,26439,1
18945,26440,1
18946,26441,1
18947,26442,1
18948,26446,2
18948,26447,1
18949,26448,1
18950,26449,1
18951,26450,1
18952,26451,2
18953,26452,1
18953,26453,1
18954,26454,1
18954,26455,2
18955,26456,1
18955,26457,1
18956,26458,1
18956,26459,2
18956,26460,1
18957,26461,1
18957,26462,1
18957,26463,2
18958,26464,2
18959,26465,1
18960,26466,1
18961,26467,2
18961,26468,1
18962,26469,1
18962,26470,1
18963,26471,1
18963,26472,1
18964,26473,1
18965,26474,1
18966,26475,1
18967,26476,1
18968,26477,1
18969,26478,1
18970,26479,1
18971,26480,2
18972,26481,1
18973,26482,1
18973,26483,1
18974,26484,2
18974,26485,1
18974,26486,1
18974,26487,2
18975,26488,1
18976,26489,2
18977,26490,1
18978,26491,1
18979,26492,3
18979,26493,1
18979,26494,1
18980,26495,1
18980,26496,1
18981,26497,1
18981,26498,2
18981,26499,1
18982,26500,1
18983,26501,1
18984,26502,1
18985,26503,2
18986,26504,2
18986,26505,1
18986,26506,2
18987,26507,1
18988,26508,1
18989,26509,1
18989,26510,1
18990,26511,1
18991,26512,1
18992,26513,1
18992,26514,1
18992,26515,1
18993,26516,1
18993,26517,2
18993,26518,1
18994,26519,1
18994,26520,1
18995,26521,1
18995,26522,1
18995,26523,1
18996,26524,1
18997,26525,1
18997,26526,2
18998,26527,1
18999,26528,1
19000,26529,1
19001,26530,1
19001,26531,1
19002,26532,1
19003,26533,1
19003,26534,1
19004,26535,1
19004,26536,2
19005,26537,1
19006,26538,1
19007,26539,1
19008,26540,1
19008,26541,2
19009,26542,1
19009,26543,3
19009,26544,1
19009,26545,1
19010,26546,1
19011,26547,1
19011,26548,1
19012,26549,1
19012,26550,1
19013,26551,2
19013,26552,2
19014,26553,1
19015,26554,1
19016,26555,1
19016,26556,1
19016,26557,1
19017,26558,1
19018,26559,1
19019,26563,1
19020,26564,1
19021,26565,1
19021,26566,1
19021,26567,2
19022,26568,1
19022,26569,1
19023,26570,3
19024,26571,1
19025,26572,1
19026,26573,1
19027,26574,3
19027,26575,1
19028,26576,1
19029,26577,1
19030,26578,1
19031,26579,1
19032,26580,1
19033,26581,1
19033,26583,2
19034,26582,3
19035,26584,1
19035,26585,1
19035,26586,1
19036,26587,1
19036,26588,1
19036,26589,2
19036,26590,1
19036,26591,1
19037,26592,1
19038,26593,1
19038,26594,1
19039,26596,1
19040,26597,1
19041,26598,2
19041,26599,1
19042,26600,1
19042,26601,2
19043,26602,1
19044,26603,1
19044,26604,1
19045,26605,1
19045,26607,1
19046,26606,1
19047,26608,1
19048,26609,1
19049,26610,1
19049,26611,1
19050,26612,1
19051,26613,1
19052,26614,1
19052,26616,1
19053,26615,1
19054,26617,1
19055,26618,1
19056,26619,1
19057,26620,1
19057,26621,2
19058,26622,2
19059,26623,1
19060,26624,2
19061,26625,1
19062,26626,1
19062,26627,1
19063,26628,1
19063,26630,2
19064,26629,1
19065,26631,2
19066,26632,1
19067,26633,1
19067,26634,1
19068,26635,1
19069,26636,3
19069,26637,1
19070,26638,1
19071,26641,1
19071,26643,1
19071,26644,1
19071,26645,1
19072,26642,1
19073,26646,1
19074,26647,2
19075,26648,3
19076,26649,1
19077,26650,1
19078,26651,2
19079,26655,1
19079,26656,1
19079,26657,1
19079,26658,1
19080,26659,1
19081,26660,1
19082,26661,1
19083,26662,1
19084,26664,1
19085,26665,1
19086,26666,1
19087,26667,1
19087,26668,1
19088,26669,1
19089,26670,2
19090,26671,1
19090,26672,2
19091,26673,1
19092,26674,1
19092,26675,1
19093,26676,1
19094,26677,1
19095,26678,1
19095,26679,3
19095,26681,1
19095,26682,1
19096,26680,1
19097,26683,1
19098,26684,1
19099,26685,1
19100,26686,1
19101,26687,1
19102,26688,2
19103,26689,1
19103,26690,1
19104,26691,1
19105,26692,1
19106,26693,2
19106,26694,1
19106,26695,1
19106,26696,1
19107,26697,1
19108,26698,1
19109,26699,1
19110,26700,1
19110,26701,1
19111,26702,1
19111,26703,1
19112,26704,1
19113,26705,1
19114,26706,1
19115,26707,1
19116,26708,1
19117,26709,1
19118,26710,1
19118,26711,1
19118,26712,1
19118,26713,1
19119,26714,1
19120,26715,1
19120,26716,1
19120,26717,1
19121,26719,3
19122,26720,1
19122,26721,1
19123,26722,1
19124,26723,1
19125,26724,1
19126,26725,1
19127,26726,2
19127,26727,1
19127,26728,1
19128,26729,1
19129,26730,1
19130,26731,1
19131,26732,1
19132,26733,1
19133,26734,1
19134,26735,1
19135,26736,1
19136,26737,1
19137,26742,1
19138,26743,1
19138,26744,1
19139,26745,1
19140,26746,1
19140,26747,1
19141,26748,1
19141,26749,1
19142,26750,1
19142,26751,1
19142,26752,1
19142,26753,1
19142,26754,1
19143,26755,1
19144,26756,1
19145,26757,1
19145,26758,3
19145,26759,1
19145,26760,3
19146,26761,1
19146,26762,1
19146,26763,1
19147,26764,1
19148,26765,2
19149,26767,1
19150,26768,1
19150,26769,1
19151,26770,1
19151,26771,1
19152,26772,2
19153,26773,2
19154,26774,3
19155,26775,1
19155,26776,1
19156,26777,1
19157,26778,1
19158,26779,1
19159,26780,1
19160,26781,1
19161,26782,3
19162,26783,1
19163,26784,1
19164,26785,1
19164,26786,1
19165,26787,1
19165,26788,1
19165,26789,1
19166,26790,2
19166,26791,1
19166,26792,1
19166,26793,1
19167,26794,2
19167,26795,1
19168,26796,1
19169,26797,2
19170,26798,1
19171,26799,1
19172,26800,1
19173,26801,1
19174,26802,1
19174,26803,1
19175,26804,1
19175,26805,1
19175,26806,2
19176,26807,1
19177,26808,1
19178,26809,1
19178,26810,1
19178,26812,1
19179,26811,1
19180,26813,1
19181,26814,1
19182,26815,1
19182,26816,1
19183,26817,1
19184,26818,2
19185,26819,1
19186,26820,1
19186,26821,1
19187,26822,1
19187,26823,1
19188,26824,1
19188,26825,1
19189,26826,1
19189,26827,3
19190,26828,1
19191,26829,1
19191,26830,1
19191,26831,1
19192,26832,2
19193,26833,1
19193,26834,1
19194,26835,1
19195,26836,2
19195,26837,1
19196,26838,1
19196,26839,2
19197,26840,1
19198,26841,3
19199,26843,1
19200,26844,1
19200,26845,1
19201,26846,1
19201,26847,1
19202,26848,1
19203,26849,1
19204,26850,1
19204,26851,1
19205,26852,1
19206,26854,1
19207,26855,1
19208,26856,1
19209,26857,1
19210,26858,1
19211,26859,2
19212,26860,1
19213,26861,1
19213,26862,1
19214,26863,1
19214,26864,2
19214,26865,1
19214,26866,1
19214,26867,1
19215,26868,1
19216,26869,1
19217,26870,1
19218,26871,1
19219,26872,1
19219,26873,1
19219,26874,1
19219,26875,1
19220,26876,1
19221,26877,1
19222,26878,2
19223,26879,1
19223,26880,1
19224,26881,2
19225,26882,1
19226,26883,1
19227,26884,2
19228,26885,1
19229,26886,2
19229,26887,1
19230,26888,2
19230,26889,2
19230,26890,1
19231,26891,1
19232,26892,1
19233,26893,1
19234,26894,1
19235,26895,1
19236,26896,1
19237,26897,1
19238,26898,1
19239,26899,1
19239,26900,2
19240,26901,1
19240,26902,1
19240,26903,2
19240,26904,1
19240,26905,1
19241,26906,1
19241,26907,1
19241,26909,1
19241,26910,1
19242,26908,1
19243,26911,1
19243,26912,1
19244,26913,1
19245,26914,1
19246,26915,1
19247,26916,1
19247,26917,2
19247,26918,1
19248,26919,1
19249,26920,1
19250,26921,1
19250,26922,1
19250,26923,1
19250,26925,1
19251,26924,1
19252,26926,1
19253,26927,1
19253,26928,1
19254,26929,1
19255,26930,1
19256,26931,2
19257,26932,1
19258,26933,1
19259,26934,2
19259,26935,1
19260,26936,1
19260,26938,1
19260,26939,2
19261,26937,1
19262,26940,1
19263,26941,1
19263,26942,2
19264,26943,1
19265,26944,1
19266,26945,1
19267,26946,3
19267,26947,1
19268,26948,1
19269,26949,1
19270,26950,1
19271,26951,1
19272,26952,1
19272,26953,1
19272,26954,1
19272,26955,1
19273,26956,2
19274,26957,1
19275,26958,1
19276,26959,1
19276,26960,2
19277,26961,1
19277,26962,2
19277,26963,2
19278,26964,1
19279,26965,1
19280,26966,2
19280,26967,1
19281,26968,1
19282,26969,1
19283,26970,1
19284,26971,2
19285,26972,2
19285,26973,1
19286,26974,1
19287,26979,1
19287,26980,1
19288,26981,1
19288,26982,2
19288,26983,1
19288,26984,1
19289,26985,1
19290,26986,1
19291,26987,1
19292,26988,1
19293,26989,2
19294,26990,1
19294,26991,1
19294,26992,1
19295,26993,3
19296,26994,1
19297,26995,1
19298,26996,1
19298,26997,1
19299,26998,1
19300,26999,2
19301,27000,1
19301,27001,1
19301,27002,1
19302,27003,1
19303,27004,1
19304,27005,1
19305,27006,1
19305,27007,1
19306,27008,1
19306,27009,1
19307,27010,1
19308,27011,1
19309,27013,1
19310,27018,1
19311,27019,2
19311,27020,1
19312,27021,1
19312,27022,1
19312,27024,1
19313,27023,1
19314,27025,1
19314,27026,3
19314,27027,2
19315,27028,1
19315,27029,2
19316,27030,1
19317,27031,2
19318,27032,1
19319,27033,1
19320,27034,3
19321,27035,1
19321,27036,1
19322,27037,2
19323,27038,1
19324,27039,2
19325,27040,1
19325,27041,3
19325,27042,1
19325,27043,1
19326,27044,2
19326,27045,1
19327,27046,1
19328,27047,1
19329,27048,1
19329,27049,1
19329,27050,1
19329,27051,1
19329,27052,1
19330,27053,1
19331,27054,1
19332,27055,1
19332,27056,1
19333,27057,1
19334,27058,1
19335,27059,1
19335,27060,1
19335,27061,1
19336,27062,1
19337,27063,1
19338,27065,1
19338,27066,2
19339,27067,1
19339,27068,1
19340,27069,1
19341,27070,1
19341,27071,1
19342,27072,1
19343,27073,2
19343,27074,1
19343,27075,1
19344,27076,1
19344,27077,1
19345,27078,1
19345,27079,1
19346,27080,2
19347,27081,1
19347,27082,1
19347,27083,1
19348,27085,1
19348,27086,1
19348,27087,2
19349,27088,1
19349,27089,1
19349,27090,2
19349,27091,1
19349,27092,2
19350,27093,2
19351,27094,2
19352,27095,1
19353,27096,1
19354,27097,1
19355,27098,1
19356,27099,1
19357,27100,1
19358,27101,1
19358,27102,1
19358,27103,1
19358,27104,1
19358,27105,1
19359,27106,1
19359,27107,1
19360,27108,1
19360,27109,1
19360,27110,1
19360,27111,1
19360,27112,1
19361,27116,1
19361,27117,1
19362,27118,1
19362,27120,1
19363,27119,1
19364,27121,1
19365,27122,1
19365,27123,1
19366,27124,1
19366,27125,1
19367,27127,1
19367,27128,1
19368,27129,2
19368,27130,1
19368,27131,3
19369,27132,1
19369,27133,1
19370,27134,1
19371,27135,1
19371,27136,1
19372,27137,1
19373,27138,1
19374,27139,2
19374,27142,1
19375,27140,1
19375,27141,1
19376,27143,1
19376,27145,1
19377,27144,1
19378,27146,1
19378,27147,1
19379,27149,1
19380,27150,1
19380,27151,1
19380,27152,1
19380,27153,1
19381,27154,1
19382,27155,2
19383,27156,1
19383,27157,3
19384,27158,1
19385,27159,1
19386,27160,1
19386,27161,1
19386,27162,1
19387,27163,2
19387,27164,1
19388,27165,1
19388,27166,1
19389,27167,1
19390,27168,1
19391,27169,1
19392,27170,1
19393,27171,1
19394,27172,1
19395,27173,1
19396,27174,1
19397,27175,1
19397,27176,1
19398,27177,1
19398,27178,1
19399,27181,1
19399,27182,1
19400,27183,2
19400,27184,2
19401,27185,1
19402,27186,1
19402,27187,1
19403,27188,3
19404,27189,2
19405,27190,1
19406,27191,1
19406,27192,1
19407,27193,1
19408,27194,1
19408,27195,1
19409,27196,1
19410,27197,1
19411,27198,1
19412,27199,1
19413,27200,1
19414,27201,1
19414,27202,1
19415,27203,1
19415,27204,1
19416,27205,1
19417,27206,1
19417,27207,1
19417,27208,1
19418,27209,1
19419,27210,1
19420,27211,2
19421,27212,2
19422,27213,2
19423,27214,1
19424,27215,1
19425,27216,1
19425,27217,1
19425,27218,1
19426,27223,1
19427,27224,1
19427,27225,1
19428,27226,1
19428,27227,1
19429,27229,1
19430,27230,1
19431,27231,1
19431,27232,1
19432,27233,1
19433,27234,1
19433,27235,1
19434,27236,1
19435,27237,1
19435,27238,1
19435,27239,1
19436,27240,1
19437,27241,1
19438,27242,1
19438,27243,1
19438,27244,1
19439,27245,1
19440,27250,1
19441,27251,1
19442,27252,1
19443,27253,1
19444,27254,1
19444,27255,1
19444,27256,1
19445,27257,1
19446,27258,1
19447,27259,1
19447,27260,1
19447,27261,1
19448,27262,1
19448,27263,1
19448,27264,1
19449,27265,1
19449,27266,1
19449,27267,1
19450,27268,1
19451,27269,1
19452,27270,1
19453,27271,2
19454,27272,1
19455,27273,1
19456,27274,1
19456,27275,1
19457,27276,1
19458,27277,1
19459,27278,1
19459,27279,1
19460,27280,1
19461,27281,1
19462,27282,1
19463,27283,1
19464,27284,1
19465,27285,1
19466,27286,1
19466,27287,1
19466,27288,2
19466,27289,1
19467,27290,1
19468,27291,1
19468,27292,1
19469,27293,2
19469,27294,2
19469,27295,2
19470,27296,1
19471,27297,1
19471,27298,1
19471,27299,1
19471,27300,1
19472,27301,1
19473,27302,2
19474,27303,1
19475,27304,1
19475,27305,1
19475,27306,1
19476,27307,1
19476,27308,1
19477,27309,1
19477,27310,2
19477,27311,1
19477,27312,1
19477,27313,1
19478,27314,2
19478,27315,1
19478,27316,1
19479,27317,1
19480,27318,1
19481,27324,1
19481,27325,1
19482,27326,1
19483,27327,1
19484,27328,1
19485,27329,1
19485,27331,2
19486,27330,1
19487,27332,1
19488,27333,1
19489,27334,1
19490,27335,1
19491,27336,1
19492,27337,1
19493,27338,1
19493,27339,1
19494,27340,2
19495,27341,1
19495,27342,2
19495,27343,1
19496,27344,3
19496,27345,1
19496,27346,1
19497,27347,1
19498,27348,1
19499,27349,1
19500,27350,1
19501,27351,1
19501,27352,1
19502,27353,1
19503,27354,2
19504,27355,1
19505,27356,1
19506,27357,1
19507,27358,1
19508,27359,1
19508,27360,1
19509,27361,1
19510,27362,3
19510,27363,1
19510,27364,1
19510,27365,2
19511,27366,1
19511,27367,3
19511,27368,1
19512,27369,1
19513,27370,1
19514,27371,1
19515,27372,1
19516,27373,2
19517,27374,1
19518,27375,2
19518,27376,1
19518,27377,1
19519,27378,1
19520,27379,1
19521,27380,1
19522,27381,1
19523,27382,1
19524,27383,1
19524,27384,2
19524,27385,1
19525,27386,2
19526,27387,1
19526,27388,1
19527,27389,1
19528,27390,1
19529,27391,2
19530,27392,2
19530,27393,1
19531,27394,3
19532,27395,1
19532,27396,1
19533,27397,2
19534,27398,1
19535,27399,1
19536,27400,1
19536,27401,1
19537,27402,1
19537,27403,2
19537,27404,1
19538,27405,1
19538,27407,1
19539,27406,1
19540,27408,1
19541,27409,1
19541,27410,1
19542,27411,1
19542,27412,1
19542,27413,1
19543,27414,1
19544,27415,1
19545,27416,1
19546,27417,1
19547,27418,1
19548,27419,1
19548,27420,1
19548,27421,2
19549,27422,2
19550,27423,1
19550,27424,1
19551,27425,1
19552,27426,1
19553,27427,1
19554,27428,1
19554,27429,1
19555,27430,2
19556,27431,1
19557,27432,1
19558,27433,2
19559,27434,2
19560,27435,1
19560,27436,1
19561,27437,1
19561,27438,1
19561,27439,1
19562,27440,2
19563,27443,2
19564,27444,2
19565,27445,1
19565,27446,1
19566,27447,1
19567,27448,1
19568,27450,1
19569,27451,2
19570,27452,1
19570,27453,1
19571,27454,1
19572,27455,2
19573,27456,1
19574,27457,1
19575,27458,1
19576,27459,1
19576,27460,1
19576,27461,1
19576,27462,1
19577,27463,1
19577,27464,1
19578,27465,1
19579,27466,1
19579,27467,1
19580,27470,1
19580,27471,2
19581,27473,1
19581,27474,1
19582,27475,3
19583,27476,1
19584,27477,1
19585,27478,1
19586,27479,3
19586,27480,2
19586,27481,1
19587,27482,2
19588,27483,1
19589,27484,1
19590,27485,1
19591,27486,1
19592,27487,2
19593,27488,1
19594,27489,1
19595,27490,1
19595,27492,3
19596,27491,2
19597,27493,3
19598,27494,1
19598,27495,1
19599,27496,2
19600,27497,1
19600,27498,1
19601,27499,1
19602,27500,1
19603,27501,1
19603,27502,1
19604,27503,1
19605,27504,1
19605,27505,1
19606,27506,1
19606,27507,2
19606,27509,1
19607,27508,2
19608,27510,2
19608,27511,1
19609,27512,1
19609,27513,1
19610,27514,1
19610,27515,1
19611,27516,1
19612,27517,1
19613,27518,1
19614,27520,1
19615,27521,1
19615,27522,1
19615,27523,1
19616,27524,1
19616,27525,1
19617,27526,1
19618,27527,3
19619,27528,1
19620,27529,1
19620,27530,1
19620,27531,1
19621,27532,1
19621,27533,1
19621,27534,1
19621,27535,1
19622,27536,1
19622,27537,1
19622,27538,1
19623,27539,1
19623,27540,2
19624,27541,3
19625,27542,1
19626,27543,1
19626,27544,1
19627,27545,1
19628,27546,1
19629,27547,1
19630,27548,1
19630,27549,1
19631,27550,1
19632,27551,1
19633,27552,1
19634,27553,1
19634,27554,1
19635,27555,2
19635,27556,1
19636,27557,1
19637,27558,1
19638,27559,1
19639,27560,2
19639,27561,1
19640,27562,3
19640,27563,1
19641,27564,2
19641,27565,2
19642,27566,1
19643,27567,1
19644,27568,1
19645,27572,1
19645,27573,1
19645,27574,1
19646,27575,1
19646,27576,1
19647,27577,2
19647,27578,1
19648,27579,1
19648,27580,1
19649,27581,1
19650,27582,1
19651,27583,2
19651,27584,3
19652,27585,1
19652,27586,2
19653,27587,1
19653,27588,2
19653,27590,1
19654,27589,1
19655,27591,1
19655,27592,1
19655,27593,1
19656,27595,3
19656,27596,3
19657,27597,1
19658,27598,1
19658,27599,2
19658,27600,1
19659,27601,1
19660,27602,1
19661,27603,1
19661,27605,1
19662,27604,1
19663,27608,1
19664,27609,3
19665,27610,1
19665,27611,1
19666,27612,1
19667,27613,2
19668,27614,1
19669,27615,1
19669,27616,1
19670,27617,1
19670,27618,1
19670,27619,1
19671,27620,1
19672,27621,1
19672,27622,1
19672,27623,1
19673,27624,1
19673,27625,1
19674,27626,1
19675,27627,1
19676,27628,1
19676,27629,1
19677,27630,1
19677,27631,1
19677,27632,1
19678,27633,1
19679,27634,1
19679,27635,1
19680,27636,3
19681,27637,1
19682,27638,2
19683,27639,3
19684,27640,2
19685,27641,1
19686,27642,1
19687,27643,1
19688,27646,1
19688,27647,2
19689,27648,1
19690,27649,1
19690,27650,1
19691,27651,1
19691,27652,1
19691,27653,1
19691,27654,1
19692,27655,3
19693,27656,2
19693,27657,1
19693,27658,1
19694,27659,1
19695,27660,1
19696,27661,1
19697,27662,2
19698,27663,1
19699,27664,1
19699,27665,1
19700,27666,3
19700,27667,2
19700,27668,1
19700,27669,1
19701,27670,1
19701,27671,1
19702,27676,1
19702,27677,1
19702,27678,1
19703,27679,1
19704,27680,1
19704,27681,3
19705,27682,1
19706,27683,1
19707,27684,1
19708,27685,1
19709,27686,1
19709,27687,3
19710,27688,1
19710,27690,1
19710,27691,1
19711,27689,1
19712,27692,2
19713,27693,1
19714,27694,1
19714,27695,2
19715,27696,1
19716,27697,2
19716,27698,1
19717,27699,3
19718,27700,1
19719,27701,1
19720,27702,1
19720,27703,1
19721,27704,1
19722,27705,1
19723,27706,1
19723,27707,1
19724,27708,1
19725,27709,1
19725,27710,1
19725,27711,1
19725,27712,1
19726,27713,1
19727,27714,1
19728,27715,1
19728,27716,1
19728,27717,1
19728,27718,1
19729,27719,1
19730,27720,1
19731,27721,1
19731,27722,1
19731,27723,1
19732,27724,1
19732,27725,1
19733,27726,1
19733,27727,1
19734,27728,1
19735,27731,1
19736,27732,1
19737,27734,1
19737,27735,1
19737,27736,1
19737,27737,1
19738,27738,1
19738,27739,1
19738,27740,1
19739,27741,1
19739,27742,1
19740,27743,1
19740,27744,1
19740,27745,2
19741,27746,1
19742,27747,1
19743,27748,2
19744,27749,2
19745,27750,3
19745,27751,1
19746,27752,1
19747,27753,1
19748,27754,2
19748,27755,1
19748,27756,3
19749,27757,1
19750,27758,1
19751,27759,1
19751,27760,1
19752,27761,3
19753,27762,1
19754,27763,2
19755,27764,1
19756,27765,1
19757,27766,1
19758,27767,1
19758,27768,1
19759,27769,1
19760,27770,2
19761,27771,2
19761,27772,2
19762,27773,1
19763,27774,2
19763,27776,1
19764,27775,1
19765,27777,2
19766,27778,1
19766,27779,1
19766,27780,1
19767,27781,1
19768,27782,1
19769,27783,1
19769,27784,1
19770,27785,1
19771,27786,1
19771,27787,1
19771,27788,1
19772,27789,2
19773,27790,3
19774,27791,1
19775,27792,1
19776,27793,1
19777,27794,1
19778,27795,1
19778,27797,1
19779,27796,1
19780,27798,1
19781,27799,2
19782,27800,2
19782,27801,1
19782,27802,1
19783,27803,1
19784,27804,2
19785,27805,1
19785,27806,1
19786,27807,1
19787,27808,1
19787,27809,1
19787,27810,2
19788,27811,1
19789,27815,1
19789,27816,1
19790,27817,1
19790,27818,1
19791,27819,1
19792,27820,1
19793,27821,1
19793,27822,1
19794,27823,2
19795,27824,1
19795,27825,1
19795,27826,1
19796,27827,2
19797,27828,1
19798,27829,1
19799,27830,1
19800,27831,2
19801,27832,1
19801,27833,2
19802,27834,1
19802,27835,1
19803,27836,1
19804,27837,3
19805,27838,1
19805,27839,1
19806,27840,3
19807,27841,1
19808,27842,3
19809,27843,1
19810,27844,1
19811,27845,2
19812,27846,1
19813,27847,1
19813,27848,1
19814,27849,1
19814,27850,1
19815,27851,1
19815,27852,1
19816,27853,1
19816,27854,1
19817,27855,3
19818,27856,1
19818,27857,1
19819,27858,1
19820,27859,1
19821,27860,1
19822,27861,1
19822,27862,1
19823,27863,1
19824,27864,1
19825,27865,1
19826,27866,1
19827,27867,1
19828,27868,1
19829,27869,1
19829,27870,2
19829,27871,1
19829,27873,1
19830,27872,1
19831,27874,1
19832,27875,1
19833,27876,1
19834,27877,1
19835,27878,1
19836,27879,1
19837,27880,1
19837,27881,1
19837,27882,1
19838,27883,1
19838,27884,1
19839,27885,1
19839,27886,1
19839,27887,1
19840,27888,2
19841,27889,1
19842,27890,2
19842,27891,1
19843,27892,1
19844,27893,1
19845,27894,1
19846,27895,1
19847,27896,2
19847,27897,1
19848,27898,1
19849,27899,1
19850,27902,1
19850,27903,1
19851,27904,1
19852,27905,1
19852,27906,1
19853,27907,1
19854,27908,1
19855,27909,1
19856,27910,1
19857,27911,1
19857,27912,1
19858,27913,2
19858,27914,1
19859,27915,1
19859,27916,1
19859,27917,1
19859,27918,2
19860,27919,1
19860,27920,1
19861,27921,1
19862,27922,1
19863,27923,1
19864,27924,1
19865,27925,1
19866,27926,1
19866,27927,1
19867,27928,1
19868,27929,1
19869,27930,1
19870,27931,1
19871,27932,1
19872,27933,1
19872,27934,3
19872,27935,1
19872,27936,1
19873,27937,1
19874,27938,1
19874,27939,1
19874,27940,1
19875,27941,1
19876,27942,1
19877,27943,1
19878,27944,1
19879,27945,1
19879,27946,1
19880,27947,3
19880,27948,1
19880,27949,1
19880,27950,1
19881,27951,1
19882,27952,1
19882,27953,1
19882,27954,1
19883,27955,1
19883,27956,1
19883,27957,1
19884,27958,1
19885,27959,1
19885,27960,1
19885,27961,3
19886,27962,1
19886,27963,1
19887,27964,2
19888,27965,1
19888,27966,1
19889,27967,1
19890,27968,1
19890,27969,1
19891,27970,1
19891,27971,2
19892,27972,2
19893,27973,1
19893,27974,2
19894,27975,1
19895,27976,1
19896,27977,1
19897,27978,3
19898,27979,1
19899,27980,1
19899,27981,1
19900,27982,1
19901,27983,1
19901,27984,3
19901,27985,1
19901,27986,1
19901,27987,1
19902,27988,1
19903,27989,1
19904,27990,1
19905,27991,2
19906,27992,1
19907,27993,1
19908,27994,1
19908,27995,1
19909,27996,1
19910,27997,1
19911,28002,1
19912,28003,1
19913,28005,1
19914,28006,2
19914,28007,1
19915,28008,3
19916,28009,1
19917,28010,1
19917,28011,1
19918,28014,1
19919,28015,1
19920,28016,1
19920,28017,1
19920,28018,1
19921,28019,1
19922,28020,1
19923,28021,1
19924,28022,1
19925,28024,1
19926,28025,2
19927,28026,1
19927,28027,1
19927,28028,1
19928,28029,1
19929,28030,1
19929,28031,1
19930,28032,1
19930,28033,2
19931,28034,2
19932,28035,1
19933,28036,1
19934,28037,1
19934,28038,2
19935,28039,1
19936,28040,3
19936,28041,1
19937,28042,1
19938,28043,1
19938,28044,3
19939,28045,1
19940,28046,1
19940,28047,1
19940,28049,2
19941,28048,2
19942,28050,1
19942,28051,1
19942,28052,1
19943,28053,1
19944,28054,2
19944,28055,1
19945,28056,1
19946,28057,1
19947,28058,1
19948,28059,1
19948,28060,1
19949,28061,1
19950,28062,1
19951,28063,1
19951,28064,2
19951,28065,1
19951,28066,1
19952,28067,1
19952,28068,1
19953,28069,2
19954,28070,1
19955,28072,1
19956,28073,1
19956,28074,1
19957,28075,1
19958,28077,1
19959,28078,1
19960,28079,1
19961,28080,1
19962,28081,1
19962,28082,1
19962,28083,1
19962,28084,1
19963,28085,1
19964,28086,1
19964,28087,1
19964,28088,1
19964,28089,2
19965,28090,1
19966,28091,1
19967,28092,1
19968,28093,1
19968,28094,1
19968,28095,3
19969,28096,3
19970,28097,1
19970,28098,1
19970,28100,1
19971,28099,1
19972,28101,1
19973,28102,1
19974,28103,1
19974,28105,1
19975,28104,1
19976,28106,1
19976,28108,2
19977,28107,1
19978,28110,1
19979,28111,3
19980,28112,2
19981,28113,1
19981,28114,1
19981,28115,1
19982,28116,1
19982,28117,1
19983,28118,1
19984,28119,1
19984,28120,1
19984,28121,1
19984,28122,2
19984,28123,1
19985,28124,1
19985,28126,1
19986,28125,1
19987,28127,1
19987,28128,1
19988,28129,1
19989,28130,1
19990,28131,3
19990,28132,2
19991,28133,1
19992,28134,1
19992,28135,1
19993,28136,2
19994,28137,1
19994,28138,1
19994,28139,1
19995,28140,1
19996,28141,1
19997,28142,1
19997,28143,1
19997,28144,1
19997,28145,1
19998,28146,1
19998,28147,1
19998,28148,1
19999,28149,1
20000,28150,2
20001,28151,1
20002,28152,1
20003,28153,1
20004,28154,1
20005,28155,1
20005,28156,1
20006,28157,1
20006,28158,2
20007,28159,1
20008,28160,2
20009,28161,1
20010,28162,1
20011,28163,1
20011,28164,1
20012,28165,1
20013,28166,2
20013,28167,1
20014,28168,1
20015,28169,1
20016,28170,2
20017,28171,1
20018,28172,1
20019,28173,1
20020,28174,1
20021,28175,1
20022,28176,1
20022,28177,3
20022,28179,1
20023,28178,1
20024,28180,1
20025,28181,1
20026,28182,1
20026,28183,1
20027,28184,2
20028,28185,1
20029,28186,1
20029,28188,1
20030,28187,1
20031,28189,1
20032,28190,1
20032,28191,1
20033,28192,1
20034,28193,1
20034,28194,2
20035,28195,1
20035,28196,1
20036,28197,2
20037,28198,1
20038,28200,2
20039,28201,1
20040,28202,1
20040,28204,2
20041,28203,1
20042,28205,1
20042,28206,1
20042,28207,1
20043,28208,1
20043,28210,1
20044,28209,1
20045,28211,1
20046,28212,1
20047,28213,1
20048,28214,1
20048,28215,1
20049,28216,1
20050,28219,1
20051,28220,1
20052,28223,1
20053,28224,1
20054,28225,3
20055,28226,1
20056,28227,1
20057,28228,1
20058,28229,1
20059,28230,1
20060,28231,1
20061,28232,1
20062,28233,1
20063,28234,1
20063,28235,1
20064,28236,1
20065,28237,1
20065,28239,1
20066,28238,1
20067,28240,1
20068,28241,1
20069,28244,1
20069,28246,1
20069,28247,1
20069,28248,1
20070,28245,1
20071,28249,1
20071,28250,2
20072,28251,1
20073,28252,1
20074,28253,1
20074,28254,3
20075,28257,1
20076,28258,1
20077,28259,1
20077,28260,1
20077,28261,1
20078,28262,1
20079,28263,1
20080,28264,1
20081,28265,1
20082,28269,1
20082,28270,1
20083,28271,1
20084,28272,1
20085,28273,1
20086,28274,2
20086,28277,1
20087,28275,2
20088,28276,1
20088,28278,1
20089,28279,1
20089,28280,2
20090,28281,1
20091,28282,1
20092,28283,1
20093,28284,1
20094,28285,2
20095,28286,2
20096,28287,1
20097,28288,1
20097,28289,2
20097,28290,1
20098,28292,1
20099,28293,1
20100,28294,2
20101,28295,1
20101,28296,1
20102,28297,1
20103,28298,1
20104,28299,2
20104,28300,3
20104,28301,2
20104,28302,2
20105,28303,1
20105,28304,2
20106,28305,2
20107,28306,1
20108,28307,1
20108,28308,1
20109,28309,2
20110,28312,2
20111,28313,1
20112,28314,1
20112,28315,1
20113,28316,1
20114,28317,1
20114,28318,1
20115,28319,1
20116,28320,1
20117,28321,1
20117,28323,1
20117,28324,2
20118,28322,1
20118,28325,1
20119,28326,1
20119,28327,1
20119,28328,1
20119,28329,2
20120,28330,1
20121,28331,1
20122,28332,1
20122,28334,1
20123,28333,1
20124,28335,1
20125,28336,1
20126,28337,1
20127,28338,1
20127,28339,1
20128,28340,1
20128,28341,1
20129,28346,2
20130,28349,1
20131,28350,1
20132,28351,1
20133,28352,1
20134,28353,1
20135,28354,1
20135,28355,1
20135,28356,1
20136,28357,1
20136,28358,1
20137,28359,2
20138,28360,1
20138,28361,1
20138,28362,1
20138,28363,1
20139,28364,1
20139,28365,3
20140,28366,1
20141,28367,1
20142,28368,1
20143,28373,1
20144,28374,1
20145,28375,1
20146,28376,1
20147,28379,1
20147,28380,3
20148,28381,1
20149,28382,1
20149,28383,1
20150,28384,1
20151,28385,1
20151,28386,1
20152,28387,1
20153,28388,1
20154,28389,3
20154,28390,1
20155,28391,1
20156,28392,1
20157,28393,1
20157,28394,1
20158,28395,1
20159,28396,1
20160,28397,1
20161,28398,3
20161,28399,1
20162,28400,1
20163,28401,1
20164,28402,1
20165,28403,1
20165,28404,1
20166,28405,2
20167,28406,1
20168,28407,1
20169,28408,1
20170,28409,1
20171,28410,1
20171,28411,2
20171,28412,2
20172,28413,1
20173,28416,1
20173,28417,1
20173,28418,1
20174,28419,1
20175,28420,2
20175,28421,2
20175,28422,1
20176,28423,1
20176,28424,1
20177,28425,2
20177,28426,1
20177,28427,3
20178,28428,1
20179,28429,1
20180,28430,1
20181,28431,1
20182,28436,1
20182,28437,1
20182,28438,1
20183,28439,1
20184,28440,1
20184,28441,1
20185,28442,1
20185,28443,1
20185,28444,1
20186,28445,1
20186,28446,1
20187,28447,1
20188,28448,1
20188,28449,2
20189,28450,1
20190,28451,1
20191,28453,1
20192,28454,1
20193,28455,1
20193,28456,1
20193,28457,1
20194,28458,2
20194,28459,1
20195,28460,1
20196,28461,1
20197,28462,1
20198,28463,1
20199,28464,1
20199,28465,1
20200,28466,2
20201,28467,1
20201,28468,1
20201,28469,1
20202,28470,1
20202,28471,1
20202,28472,1
20203,28473,1
20203,28475,1
20204,28474,1
20205,28476,1
20206,28477,1
20207,28478,1
20208,28479,1
20208,28480,1
20208,28481,1
20209,28482,1
20210,28483,1
20211,28484,1
20212,28485,1
20212,28486,1
20213,28492,1
20213,28493,2
20214,28494,3
20214,28495,1
20215,28496,1
20216,28497,1
20216,28498,3
20217,28499,1
20217,28500,1
20217,28501,1
20217,28502,1
20218,28503,1
20218,28504,1
20219,28505,1
20220,28508,1
20220,28509,1
20221,28510,2
20222,28511,1
20223,28512,2
20224,28513,1
20224,28514,1
20224,28515,1
20225,28516,1
20226,28517,1
20226,28518,1
20226,28519,1
20227,28520,2
20228,28521,1
20229,28522,1
20229,28523,1
20229,28524,1
20230,28525,2
20231,28526,1
20231,28528,1
20231,28529,1
20232,28527,1
20233,28530,1
20233,28531,1
20234,28532,1
20235,28533,1
20236,28534,1
20237,28535,1
20237,28536,1
20238,28537,1
20239,28538,1
20240,28539,2
20240,28540,2
20241,28541,1
20241,28543,1
20242,28542,1
20243,28544,2
20243,28545,2
20243,28546,1
20243,28547,1
20244,28548,1
20245,28549,1
20246,28550,1
20247,28551,1
20247,28552,1
20248,28553,2
20248,28554,1
20248,28555,1
20249,28556,1
20250,28557,1
20250,28558,1
20250,28559,1
20251,28560,1
20252,28561,1
20252,28562,1
20253,28563,1
20253,28564,1
20254,28565,1
20255,28568,1
20256,28569,2
20257,28570,1
20258,28571,1
20258,28572,1
20258,28574,1
20259,28573,1
20260,28576,1
20261,28577,1
20261,28578,2
20262,28579,1
20263,28580,1
20264,28581,1
20265,28582,1
20265,28583,1
20266,28584,1
20266,28585,1
20266,28586,2
20266,28587,1
20267,28588,1
20267,28589,1
20267,28590,1
20267,28591,1
20268,28592,1
20269,28593,1
20270,28594,1
20270,28596,1
20271,28595,1
20272,28597,2
20273,28598,1
20273,28599,1
20274,28600,1
20275,28601,1
20276,28603,1
20276,28604,1
20277,28605,1
20278,28606,1
20279,28607,1
20279,28608,1
20279,28609,2
20280,28610,1
20281,28611,1
20282,28612,1
20283,28613,1
20284,28614,1
20284,28615,1
20285,28616,1
20286,28617,1
20287,28618,1
20288,28619,3
20288,28620,1
20289,28621,1
20289,28622,1
20289,28623,1
20290,28624,1
20291,28625,2
20292,28626,1
20293,28627,2
20294,28628,2
20294,28630,1
20295,28629,1
20296,28631,1
20296,28632,2
20296,28633,1
20297,28634,1
20298,28635,2
20298,28636,1
20299,28637,1
20300,28638,1
20301,28639,1
20302,28640,1
20302,28641,1
20302,28642,1
20303,28643,1
20303,28644,2
20304,28645,1
20305,28646,1
20306,28647,1
20306,28648,1
20307,28649,1
20308,28650,1
20309,28651,1
20310,28652,2
20310,28653,1
20311,28654,2
20311,28655,2
20312,28656,1
20313,28660,2
20313,28661,1
20313,28662,1
20313,28663,1
20314,28664,1
20315,28665,2
20315,28666,1
20315,28667,1
20316,28668,1
20316,28669,1
20316,28670,1
20317,28671,1
20318,28672,1
20318,28673,1
20318,28674,1
20318,28675,1
20319,28676,1
20319,28677,2
20320,28678,1
20321,28679,1
20321,28680,3
20321,28681,1
20321,28682,3
20322,28683,1
20323,28684,3
20324,28685,1
20325,28686,1
20326,28687,1
20327,28688,1
20328,28689,1
20328,28690,1
20328,28691,1
20328,28692,2
20329,28693,1
20329,28694,1
20330,28695,2
20331,28696,1
20332,28697,1
20333,28698,1
20334,28699,1
20334,28700,1
20335,28701,2
20335,28702,1
20335,28703,1
20336,28704,1
20337,28705,1
20338,28706,1
20339,28707,1
20340,28708,1
20341,28709,1
20342,28710,1
20342,28711,1
20343,28712,2
20344,28713,2
20345,28714,2
20345,28715,1
20345,28716,1
20345,28717,1
20346,28718,1
20346,28719,1
20347,28720,1
20348,28721,1
20348,28722,1
20348,28723,1
20349,28724,1
20350,28725,1
20351,28726,1
20352,28727,1
20353,28728,1
20354,28731,1
20354,28732,1
20355,28733,1
20356,28734,1
20356,28735,2
20356,28736,1
20357,28737,3
20357,28738,1
20357,28739,1
20358,28743,1
20359,28744,1
20360,28745,1
20361,28746,1
20362,28747,1
20362,28748,2
20363,28749,1
20364,28750,1
20365,28751,2
20366,28752,1
20367,28753,2
20367,28754,1
20367,28756,1
20368,28755,1
20369,28757,1
20369,28758,1
20370,28759,2
20370,28760,1
20371,28761,1
20372,28762,1
20373,28763,1
20374,28764,1
20374,28765,1
20375,28766,1
20375,28767,1
20375,28768,2
20376,28769,1
20377,28770,1
20378,28771,1
20379,28776,1
20380,28777,1
20381,28778,1
20381,28779,1
20382,28780,1
20383,28781,1
20383,28782,3
20384,28783,1
20385,28784,2
20386,28785,3
20387,28786,2
20387,28787,1
20388,28788,1
20388,28789,1
20388,28790,1
20388,28791,1
20388,28792,2
20389,28793,2
20389,28794,1
20390,28795,1
20391,28796,2
20391,28797,1
20392,28800,1
20392,28801,1
20393,28803,1
20394,28804,1
20395,28805,1
20396,28806,1
20397,28807,1
20397,28808,1
20397,28809,1
20398,28810,1
20399,28811,1
20400,28812,1
20401,28813,1
20402,28814,1
20403,28815,1
20404,28816,1
20405,28817,1
20406,28818,1
20406,28819,1
20407,28820,1
20407,28821,1
20408,28822,1
20408,28823,1
20408,28824,1
20409,28825,1
20410,28826,1
20410,28827,2
20410,28828,2
20410,28829,1
20410,28830,1
20411,28831,1
20412,28832,1
20413,28833,1
20414,28834,1
20414,28835,1
20415,28836,1
20416,28837,1
20417,28838,1
20417,28839,2
20417,28840,1
20417,28841,1
20418,28842,2
20418,28843,1
20419,28844,2
20420,28845,1
20421,28846,1
20422,28847,3
20423,28848,1
20424,28849,1
20424,28850,1
20425,28851,1
20426,28853,1
20427,28854,3
20427,28855,1
20427,28856,1
20428,28857,1
20428,28858,1
20429,28859,1
20430,28860,1
20431,28861,1
20431,28862,1
20432,28863,2
20433,28864,3
20434,28865,1
20435,28866,1
20436,28867,1
20437,28871,1
20437,28872,1
20437,28873,1
20438,28874,1
20438,28875,1
20439,28876,1
20439,28878,1
20440,28877,1
20441,28879,1
20441,28880,1
20441,28881,2
20441,28883,1
20442,28882,1
20443,28884,1
20444,28886,1
20445,28887,1
20446,28888,1
20447,28889,1
20448,28890,1
20449,28891,1
20450,28892,1
20451,28893,1
20452,28894,1
20452,28895,1
20453,28896,1
20454,28903,1
20455,28904,1
20456,28905,3
20457,28906,1
20457,28908,1
20457,28909,1
20458,28907,1
20459,28910,1
20460,28911,1
20461,28912,1
20461,28913,1
20461,28914,1
20461,28915,2
20462,28916,1
20463,28917,1
20464,28918,1
20465,28919,1
20466,28920,2
20467,28921,3
20468,28922,1
20468,28923,2
20469,28924,1
20470,28925,1
20471,28926,1
20472,28927,1
20473,28928,1
20473,28929,1
20474,28930,1
20475,28931,1
20475,28932,1
20476,28933,1
20476,28934,1
20477,28935,1
20478,28936,1
20479,28937,2
20480,28938,1
20481,28939,2
20482,28940,1
20483,28941,3
20483,28942,1
20484,28943,1
20485,28944,1
20486,28945,1
20487,28946,1
20488,28947,1
20489,28948,1
20489,28949,1
20490,28950,1
20491,28951,3
20492,28952,1
20492,28953,1
20492,28954,1
20492,28955,1
20493,28956,1
20493,28957,3
20494,28958,1
20494,28959,1
20494,28960,1
20494,28961,1
20494,28962,1
20495,28963,1
20496,28964,1
20496,28966,1
20497,28965,1
20498,28967,3
20498,28968,1
20499,28969,1
20499,28970,1
20500,28971,3
20500,28972,1
20501,28973,1
20502,28974,1
20503,28975,1
20503,28976,2
20504,28977,1
20504,28978,1
20505,28979,1
20506,28980,1
20507,28981,1
20507,28982,1
20507,28983,1
20507,28984,1
20508,28985,1
20509,28986,1
20510,28987,3
20510,28988,1
20510,28989,1
20510,28990,1
20511,28991,1
20512,28992,1
20512,28993,1
20513,28998,1
20514,28999,2
20514,29001,1
20515,29000,1
20516,29002,1
20517,29003,1
20517,29005,1
20518,29004,1
20518,29006,1
20519,29007,1
20520,29008,1
20521,29009,3
20522,29010,1
20523,29011,1
20523,29012,1
20523,29013,2
20524,29017,1
20525,29018,2
20526,29019,1
20527,29020,1
20528,29022,2
20529,29023,1
20530,29024,1
20530,29025,1
20530,29026,2
20531,29027,1
20532,29028,1
20533,29029,1
20533,29030,1
20533,29031,1
20534,29032,1
20535,29033,1
20535,29034,1
20535,29035,1
20536,29036,1
20536,29037,1
20536,29038,1
20536,29039,1
20537,29040,1
20538,29041,1
20538,29042,1
20538,29043,1
20539,29044,1
20540,29045,1
20540,29046,1
20541,29047,2
20542,29048,1
20542,29049,1
20543,29050,1
20544,29051,1
20545,29052,1
20546,29053,1
20547,29054,1
20548,29055,2
20549,29056,1
20549,29057,1
20550,29058,1
20550,29059,1
20551,29060,1
20552,29061,1
20553,29062,1
20554,29063,1
20554,29065,1
20555,29064,1
20556,29066,1
20557,29067,1
20557,29068,1
20558,29069,1
20558,29070,1
20559,29071,1
20559,29072,1
20560,29073,1
20561,29074,2
20562,29075,1
20563,29076,1
20564,29077,1
20565,29078,1
20566,29079,1
20567,29080,1
20568,29081,1
20569,29082,2
20570,29083,1
20571,29084,1
20572,29085,1
20573,29086,1
20573,29087,1
20573,29088,1
20573,29089,1
20574,29090,2
20575,29091,1
20576,29092,2
20576,29093,2
20576,29094,1
20577,29095,1
20578,29096,1
20579,29097,1
20580,29098,1
20581,29099,1
20582,29100,2
20582,29101,1
20582,29102,1
20583,29103,1
20584,29104,1
20584,29105,1
20584,29106,1
20585,29107,1
20585,29108,2
20586,29109,1
20586,29110,1
20586,29111,1
20587,29112,1
20588,29113,1
20589,29114,1
20590,29115,1
20590,29116,1
20591,29117,1
20591,29118,1
20592,29119,2
20593,29120,1
20594,29123,1
20594,29124,2
20595,29125,1
20596,29126,1
20597,29127,1
20598,29128,1
20599,29131,1
20599,29132,1
20599,29133,2
20599,29134,1
20600,29135,1
20600,29136,1
20600,29137,1
20601,29138,1
20602,29139,1
20602,29140,1
20603,29141,1
20603,29142,2
20603,29144,1
20604,29143,1
20605,29145,1
20606,29146,1
20607,29147,1
20608,29148,1
20609,29149,1
20609,29150,1
20610,29151,1
20610,29152,1
20611,29153,1
20611,29154,1
20612,29155,1
20612,29157,1
20613,29156,1
20614,29158,1
20614,29160,3
20615,29159,1
20616,29162,1
20616,29163,1
20617,29165,1
20618,29166,1
20619,29167,2
20620,29168,1
20621,29169,2
20622,29170,1
20623,29171,1
20623,29172,1
20624,29174,1
20624,29175,2
20624,29176,1
20625,29177,1
20626,29178,1
20627,29179,1
20628,29181,1
20628,29182,1
20628,29183,1
20628,29184,1
20629,29185,2
20630,29187,2
20630,29188,1
20630,29189,1
20631,29190,1
20632,29191,2
20632,29192,1
20633,29193,1
20633,29194,1
20633,29195,1
20634,29196,1
20635,29197,2
20636,29198,1
20637,29199,1
20637,29200,1
20638,29201,1
20639,29202,1
20640,29203,1
20640,29204,1
20640,29206,1
20641,29205,2
20642,29207,1
20643,29208,1
20644,29209,2
20645,29210,1
20646,29211,1
20647,29212,1
20648,29213,1
20649,29214,1
20650,29215,1
20651,29217,1
20651,29218,1
20652,29219,2
20652,29220,1
20653,29221,1
20653,29222,1
20654,29223,1
20655,29224,1
20656,29225,1
20657,29226,1
20658,29227,1
20658,29228,1
20658,29229,1
20658,29231,1
20659,29230,1
20660,29232,1
20661,29233,1
20662,29234,1
20663,29235,2
20664,29236,1
20665,29237,1
20666,29238,1
20667,29239,1
20668,29240,1
20669,29241,1
20669,29242,2
20670,29243,3
20670,29244,2
20671,29245,1
20671,29246,1
20671,29247,1
20671,29248,1
20672,29249,1
20673,29250,1
20673,29251,1
20674,29252,1
20675,29253,1
20675,29254,1
20676,29255,2
20677,29256,1
20678,29257,1
20678,29258,3
20679,29259,1
20680,29260,1
20681,29261,2
20682,29262,1
20683,29263,1
20684,29264,1
20685,29265,2
20685,29266,1
20686,29267,1
20686,29268,1
20687,29269,1
20688,29270,2
20689,29271,1
20690,29272,1
20691,29273,1
20691,29274,1
20692,29276,1
20693,29277,2
20693,29278,1
20693,29279,1
20694,29280,1
20695,29281,1
20696,29282,1
20697,29283,1
20698,29284,3
20698,29285,1
20698,29286,1
20699,29287,1
20699,29288,3
20699,29289,1
20699,29290,2
20700,29291,2
20701,29292,1
20702,29293,1
20702,29294,2
20703,29295,2
20704,29296,1
20705,29297,1
20706,29298,1
20707,29299,1
20708,29300,1
20709,29301,1
20710,29302,1
20710,29303,1
20710,29304,1
20710,29305,1
20711,29306,1
20712,29307,1
20712,29308,1
20712,29309,1
20713,29310,1
20714,29311,1
20714,29312,1
20715,29313,1
20716,29314,1
20717,29315,1
20718,29316,1
20718,29317,1
20719,29318,1
20719,29319,1
20720,29320,1
20721,29321,1
20721,29322,1
20721,29323,1
20722,29324,1
20723,29325,1
20724,29326,1
20724,29327,1
20725,29328,1
20726,29329,1
20726,29332,1
20727,29330,2
20728,29331,3
20729,29333,2
20730,29334,1
20730,29335,1
20730,29336,1
20731,29337,1
20731,29338,1
20731,29339,1
20732,29340,1
20733,29341,1
20734,29344,1
20735,29345,1
20735,29347,1
20736,29346,1
20737,29348,1
20738,29349,1
20738,29352,1
20739,29350,1
20740,29351,1
20741,29353,1
20741,29354,1
20742,29355,1
20743,29356,1
20743,29357,1
20743,29358,1
20744,29359,1
20744,29360,1
20745,29361,1
20746,29362,2
20747,29364,1
20747,29365,1
20747,29366,1
20748,29367,2
20749,29368,1
20749,29369,1
20750,29370,1
20750,29371,1
20750,29372,1
20751,29373,1
20751,29374,1
20752,29375,1
20753,29376,1
20753,29377,1
20754,29378,1
20754,29379,1
20754,29380,1
20754,29381,1
20755,29382,1
20756,29383,1
20757,29384,1
20757,29386,1
20757,29387,2
20758,29385,1
20759,29388,2
20760,29389,1
20761,29390,1
20762,29391,1
20763,29392,1
20763,29393,1
20764,29394,1
20765,29395,1
20765,29396,1
20765,29397,2
20766,29398,2
20767,29399,2
20768,29400,1
20769,29401,1
20770,29402,1
20771,29403,1
20772,29404,1
20772,29405,1
20773,29406,1
20774,29407,1
20774,29408,1
20774,29409,1
20775,29410,1
20776,29411,1
20777,29412,1
20778,29413,1
20779,29414,1
20780,29415,1
20781,29416,1
20781,29417,1
20782,29418,2
20783,29420,1
20783,29421,1
20784,29422,2
20785,29423,2
20786,29424,1
20787,29425,1
20788,29426,1
20789,29427,1
20790,29428,1
20790,29429,1
20790,29430,2
20791,29431,1
20792,29432,1
20793,29433,1
20793,29434,1
20794,29435,1
20795,29436,1
20795,29437,1
20795,29438,1
20796,29439,1
20797,29440,1
20798,29441,1
20799,29442,1
20799,29443,2
20800,29444,1
20801,29445,1
20802,29446,1
20803,29447,2
20803,29449,1
20804,29448,2
20804,29450,1
20804,29451,1
20805,29452,1
20806,29453,1
20807,29454,1
20807,29455,2
20808,29456,1
20809,29457,1
20810,29458,2
20810,29459,1
20811,29460,1
20811,29461,3
20812,29462,1
20813,29463,1
20814,29464,1
20815,29465,3
20816,29466,1
20817,29467,1
20818,29468,2
20818,29469,1
20818,29470,1
20819,29471,1
20820,29472,3
20820,29473,1
20820,29474,1
20821,29475,1
20822,29476,1
20822,29477,1
20823,29478,1
20823,29479,1
20823,29480,2
20824,29481,1
20824,29482,1
20825,29483,1
20825,29484,1
20825,29485,1
20826,29486,2
20826,29487,1
20827,29488,1
20827,29489,1
20828,29490,1
20829,29491,1
20830,29492,1
20831,29494,1
20832,29495,1
20833,29498,1
20833,29499,1
20833,29500,1
20834,29501,1
20834,29502,2
20834,29503,1
20835,29504,1
20835,29505,2
20836,29506,2
20837,29507,1
20837,29508,1
20838,29511,1
20838,29512,1
20839,29513,2
20839,29514,1
20840,29515,1
20841,29516,1
20841,29517,1
20842,29518,1
20843,29519,1
20844,29520,1
20845,29521,1
20845,29522,1
20846,29523,1
20847,29524,1
20848,29525,1
20849,29526,1
20850,29527,2
20851,29528,1
20851,29529,2
20852,29530,1
20852,29531,1
20853,29532,1
20854,29533,1
20855,29534,1
20855,29535,1
20856,29536,1
20856,29537,1
20857,29538,3
20857,29539,1
20858,29540,1
20859,29543,1
20860,29544,1
20861,29545,1
20861,29546,1
20861,29547,1
20862,29548,1
20863,29549,1
20864,29550,1
20865,29551,1
20865,29552,1
20866,29553,1
20867,29554,1
20867,29555,1
20867,29556,1
20868,29557,1
20869,29558,1
20869,29559,1
20869,29560,1
20869,29561,1
20870,29562,1
20871,29564,1
20871,29565,2
20872,29566,1
20873,29567,2
20874,29568,1
20874,29569,1
20875,29570,1
20876,29571,1
20876,29572,1
20877,29573,1
20878,29574,1
20878,29575,1
20878,29576,1
20878,29577,1
20879,29579,1
20880,29580,1
20881,29581,1
20882,29582,1
20882,29583,1
20882,29584,1
20883,29585,1
20883,29586,1
20884,29587,1
20884,29588,1
20885,29589,1
20886,29590,1
20886,29591,2
20887,29592,1
20888,29593,1
20889,29594,1
20890,29595,1
20891,29596,1
20892,29597,1
20892,29598,1
20892,29600,1
20893,29599,1
20894,29601,1
20895,29602,2
20895,29603,1
20896,29604,2
20897,29607,1
20897,29608,1
20898,29609,1
20899,29610,1
20900,29611,1
20901,29612,1
20902,29613,1
20902,29614,1
20903,29615,1
20904,29616,1
20904,29617,3
20904,29618,1
20904,29619,1
20904,29620,1
20905,29621,1
20906,29622,1
20907,29623,2
20908,29624,1
20909,29625,1
20910,29626,1
20910,29627,1
20910,29628,1
20910,29629,1
20911,29630,1
20911,29631,1
20912,29632,1
20913,29633,1
20914,29634,1
20915,29635,1
20915,29636,2
20916,29637,1
20916,29638,1
20917,29642,1
20918,29643,1
20919,29644,1
20920,29645,1
20921,29646,2
20921,29647,1
20922,29648,1
20923,29649,1
20923,29650,1
20923,29652,1
20924,29651,1
20925,29653,2
20926,29656,1
20926,29657,1
20926,29658,1
20927,29659,2
20928,29660,1
20929,29661,1
20930,29662,1
20930,29663,2
20931,29664,1
20932,29665,1
20932,29666,1
20932,29667,1
20933,29668,2
20934,29669,1
20935,29670,1
20936,29671,1
20936,29673,1
20937,29672,1
20938,29674,1
20939,29675,1
20940,29676,1
20940,29677,1
20941,29678,1
20942,29679,1
20942,29680,1
20943,29681,1
20944,29682,1
20945,29683,1
20946,29684,1
20947,29685,1
20947,29686,1
20948,29687,2
20949,29688,2
20950,29689,2
20950,29690,1
20951,29691,1
20951,29692,1
20951,29693,1
20952,29694,1
20953,29695,2
20954,29696,1
20954,29697,1
20955,29698,1
20956,29699,1
20957,29700,1
20957,29701,1
20958,29702,1
20958,29703,1
20958,29704,1
20959,29705,1
20960,29706,1
20960,29707,1
20960,29708,1
20961,29709,1
20962,29710,1
20962,29711,1
20962,29712,1
20963,29713,1
20964,29714,1
20965,29715,1
20965,29717,2
20966,29716,1
20967,29718,1
20968,29719,1
20969,29720,1
20970,29721,1
20971,29724,1
20972,29725,1
20973,29726,1
20974,29727,1
20974,29728,3
20974,29729,1
20974,29730,1
20975,29731,2
20975,29732,1
20975,29733,1
20976,29734,1
20976,29735,1
20976,29736,1
20976,29737,1
20977,29738,2
20977,29739,1
20977,29740,1
20978,29741,2
20978,29742,1
20978,29743,1
20978,29744,1
20979,29745,1
20979,29746,2
20980,29751,1
20980,29752,1
20980,29753,1
20980,29754,1
20981,29755,1
20982,29756,1
20982,29757,1
20983,29758,1
20984,29759,1
20985,29760,1
20985,29761,1
20986,29762,1
20987,29763,1
20988,29764,1
20989,29765,1
20989,29766,1
20989,29767,1
20990,29768,1
20991,29769,1
20991,29770,2
20991,29771,1
20991,29772,1
20992,29774,1
20992,29775,1
20992,29776,1
20993,29777,1
20993,29778,2
20994,29779,1
20995,29780,1
20996,29781,2
20996,29782,1
20996,29783,1
20996,29784,1
20997,29785,1
20998,29786,1
20999,29787,1
20999,29788,1
21000,29789,1
21001,29790,1
21001,29791,1
21002,29792,1
21003,29793,1
21004,29795,1
21005,29796,1
21005,29797,1
21006,29798,1
21007,29799,1
21007,29800,1
21008,29801,1
21009,29802,1
21009,29803,2
21010,29804,1
21011,29805,1
21011,29806,1
21012,29808,2
21012,29809,2
21013,29810,1
21013,29811,1
21014,29812,2
21015,29813,1
21016,29814,1
21017,29815,1
21018,29816,1
21018,29817,1
21019,29818,1
21019,29819,1
21020,29820,1
21021,29822,2
21022,29823,1
21023,29824,1
21024,29825,1
21025,29826,1
21025,29827,1
21026,29828,2
21027,29829,1
21027,29830,1
21028,29831,1
21028,29832,2
21028,29833,2
21029,29834,1
21030,29835,1
21031,29836,3
21031,29837,1
21032,29838,1
21033,29839,1
21034,29840,1
21034,29841,1
21034,29842,1
21034,29843,3
21035,29844,1
21035,29845,1
21035,29846,1
21035,29847,1
21035,29848,1
21036,29849,2
21037,29850,1
21038,29851,1
21039,29852,1
21040,29853,1
21041,29854,1
21041,29855,1
21042,29856,1
21043,29857,2
21043,29858,1
21044,29859,1
21045,29860,1
21045,29861,3
21046,29862,1
21047,29863,2
21048,29864,1
21049,29865,1
21049,29866,1
21050,29867,1
21050,29869,1
21051,29868,1
21052,29870,1
21053,29873,2
21054,29875,1
21055,29876,1
21056,29877,1
21057,29878,1
21058,29879,2
21058,29880,1
21058,29881,2
21059,29882,1
21059,29883,1
21059,29884,1
21060,29885,1
21061,29886,2
21062,29887,1
21063,29888,1
21064,29889,1
21064,29890,1
21064,29891,1
21064,29892,1
21065,29893,1
21066,29894,2
21067,29895,1
21068,29896,1
21069,29897,1
21070,29898,1
21070,29899,1
21070,29900,1
21071,29901,1
21071,29902,2
21072,29903,1
21072,29904,1
21072,29905,1
21073,29909,1
21074,29910,1
21075,29911,1
21075,29912,2
21076,29913,1
21077,29914,1
21078,29915,1
21078,29916,1
21079,29917,1
21080,29919,1
21081,29920,1
21082,29921,1
21083,29922,1
21084,29923,1
21085,29924,1
21085,29925,1
21085,29926,1
21085,29927,2
21086,29928,1
21087,29929,1
21088,29930,1
21089,29931,1
21090,29932,1
21091,29934,1
21091,29935,1
21092,29936,2
21092,29937,1
21092,29938,2
21092,29939,1
21093,29940,1
21093,29941,1
21094,29942,1
21095,29943,1
21096,29944,1
21096,29945,1
21097,29946,1
21098,29947,1
21098,29948,1
21098,29949,1
21098,29951,1
21099,29950,2
21100,29952,1
21101,29955,2
21102,29956,1
21103,29957,1
21104,29958,1
21105,29959,1
21106,29960,1
21106,29961,1
21106,29962,1
21107,29963,1
21108,29967,3
21109,29968,1
21110,29969,1
21110,29970,1
21110,29971,1
21111,29972,1
21111,29973,1
21112,29974,2
21112,29975,1
21113,29979,2
21113,29980,1
21113,29981,1
21113,29982,2
21114,29985,1
21115,29986,1
21116,29987,1
21116,29988,1
21116,29989,3
21117,29990,1
21118,29991,1
21119,29992,1
21119,29993,1
21120,29995,3
21120,29996,1
21121,29997,1
21122,29998,1
21122,29999,1
21123,30000,1
21123,30001,1
21124,30002,1
21125,30003,1
21126,30004,1
21126,30005,1
21127,30006,1
21128,30007,1
21129,30008,1
21130,30009,3
21130,30010,1
21130,30011,1
21131,30012,1
21132,30013,2
21132,30014,1
21133,30015,1
21134,30016,1
21135,30017,1
21136,30018,1
21136,30019,1
21137,30020,1
21137,30021,2
21137,30022,1
21137,30023,1
21138,30024,1
21139,30025,3
21140,30026,1
21141,30027,1
21142,30028,2
21142,30029,2
21143,30030,1
21144,30031,1
21145,30032,1
21145,30033,1
21145,30034,1
21145,30035,1
21145,30036,1
21146,30037,2
21147,30038,1
21147,30039,2
21148,30040,1
21148,30041,1
21149,30042,1
21150,30043,1
21151,30044,1
21151,30045,1
21151,30046,1
21152,30047,2
21153,30048,1
21154,30049,1
21154,30050,1
21154,30051,1
21155,30052,2
21155,30053,1
21156,30054,1
21157,30055,1
21158,30056,2
21159,30057,1
21160,30058,2
21161,30059,1
21162,30060,1
21163,30061,1
21163,30064,1
21163,30065,1
21164,30062,1
21165,30063,1
21166,30066,1
21167,30067,1
21167,30068,1
21168,30069,1
21169,30070,1
21170,30072,1
21171,30073,1
21171,30074,1
21171,30075,1
21172,30076,1
21173,30077,1
21174,30078,1
21175,30079,1
21176,30080,1
21177,30081,1
21177,30082,1
21178,30083,1
21178,30084,1
21179,30085,1
21179,30086,1
21179,30087,2
21180,30088,1
21181,30089,2
21181,30090,1
21182,30091,1
21182,30092,1
21182,30093,1
21183,30094,1
21184,30095,1
21185,30096,2
21186,30097,1
21187,30098,1
21188,30099,1
21188,30100,1
21188,30101,1
21189,30104,1
21189,30105,1
21190,30106,1
21191,30107,1
21192,30108,2
21193,30109,1
21194,30110,1
21195,30111,1
21195,30112,2
21196,30113,2
21197,30115,1
21198,30116,1
21199,30117,1
21200,30118,1
21201,30119,1
21202,30120,1
21203,30121,1
21204,30122,1
21205,30123,1
21206,30124,1
21206,30125,1
21207,30126,1
21208,30127,1
21209,30128,1
21209,30129,2
21209,30130,2
21210,30131,1
21210,30132,1
21211,30133,2
21211,30134,1
21212,30135,2
21213,30136,1
21214,30137,1
21215,30138,1
21216,30139,1
21217,30140,3
21218,30141,1
21219,30142,1
21220,30143,2
21221,30144,1
21222,30145,2
21223,30146,1
21224,30147,1
21225,30148,1
21225,30149,2
21225,30150,1
21226,30151,1
21226,30152,1
21226,30153,1
21226,30154,1
21227,30155,1
21228,30156,1
21229,30157,1
21230,30158,1
21231,30159,1
21232,30160,1
21232,30161,2
21232,30162,1
21233,30163,1
21234,30164,1
21235,30167,1
21236,30168,1
21237,30169,1
21238,30170,1
21238,30171,1
21238,30172,1
21239,30173,1
21240,30174,1
21241,30175,1
21242,30176,1
21243,30177,1
21243,30178,1
21243,30179,1
21244,30180,1
21245,30181,1
21246,30182,1
21247,30183,1
21248,30184,1
21249,30185,1
21250,30186,1
21251,30187,1
21251,30188,1
21251,30189,1
21252,30190,1
21252,30191,2
21252,30192,1
21252,30193,1
21253,30194,1
21254,30195,2
21255,30196,2
21256,30197,1
21257,30198,1
21258,30199,1
21259,30201,1
21260,30202,1
21261,30203,1
21262,30204,1
21263,30205,1
21264,30206,1
21265,30207,1
21266,30208,2
21267,30209,1
21268,30210,1
21269,30211,1
21270,30212,1
21271,30213,2
21272,30214,1
21272,30215,1
21273,30216,1
21274,30217,1
21274,30218,1
21275,30219,1
21276,30220,1
21277,30221,1
21277,30222,1
21278,30223,2
21279,30224,3
21279,30225,1
21280,30226,1
21281,30227,1
21282,30228,1
21283,30229,1
21283,30230,1
21284,30231,1
21285,30232,1
21286,30233,1
21286,30234,1
21286,30235,1
21287,30236,2
21287,30237,1
21288,30238,1
21289,30239,1
21290,30240,1
21291,30241,1
21292,30242,1
21293,30243,1
21294,30244,1
21294,30245,1
21295,30246,1
21295,30247,1
21296,30248,1
21296,30249,1
21296,30250,1
21296,30251,1
21297,30252,2
21298,30253,1
21298,30254,1
21298,30255,1
21299,30256,1
21300,30257,2
21300,30258,2
21300,30259,1
21300,30260,3
21301,30261,1
21302,30262,1
21302,30263,1
21303,30264,1
21304,30265,1
21304,30266,1
21305,30270,1
21305,30271,1
21306,30272,1
21307,30273,1
21308,30274,1
21308,30276,1
21309,30275,1
21310,30277,1
21310,30278,1
21311,30279,1
21311,30280,1
21311,30281,1
21312,30282,1
21313,30283,1
21313,30284,1
21314,30285,1
21314,30286,1
21315,30287,1
21315,30288,1
21315,30289,1
21316,30290,1
21317,30291,1
21318,30292,2
21318,30293,1
21318,30294,1
21319,30295,1
21320,30296,1
21320,30297,1
21320,30298,1
21321,30299,1
21322,30300,2
21323,30301,1
21323,30302,2
21324,30303,1
21324,30304,1
21324,30305,1
21325,30307,3
21326,30308,1
21327,30309,1
21328,30310,1
21328,30311,1
21328,30312,1
21328,30313,1
21329,30314,1
21329,30315,1
21330,30316,1
21330,30317,2
21331,30318,2
21332,30319,1
21332,30320,1
21333,30321,1
21334,30322,2
21335,30323,1
21335,30324,1
21335,30325,1
21335,30326,1
21336,30327,1
21336,30328,1
21336,30329,2
21336,30330,1
21337,30331,1
21338,30332,1
21339,30333,1
21340,30334,1
21341,30335,1
21342,30336,1
21342,30337,1
21342,30338,1
21343,30342,1
21343,30343,1
21344,30344,1
21345,30345,1
21345,30346,1
21346,30347,1
21346,30348,1
21347,30349,1
21347,30350,1
21347,30351,1
21348,30352,1
21349,30353,1
21349,30354,1
21350,30355,1
21351,30356,1
21352,30357,1
21352,30358,1
21352,30359,1
21353,30360,1
21354,30361,2
21355,30362,1
21356,30363,1
21356,30364,1
21356,30365,1
21357,30366,1
21358,30367,1
21359,30368,1
21360,30369,1
21361,30370,1
21361,30371,1
21362,30372,1
21363,30373,1
21364,30374,1
21364,30375,1
21365,30376,1
21366,30377,1
21367,30381,1
21367,30382,1
21368,30383,1
21369,30384,1
21370,30388,1
21370,30389,1
21371,30390,1
21372,30391,1
21372,30392,1
21373,30393,1
21373,30394,1
21373,30395,1
21373,30396,2
21374,30397,1
21375,30398,1
21376,30399,1
21377,30400,1
21377,30401,1
21378,30402,1
21379,30403,1
21380,30404,1
21381,30405,1
21382,30406,1
21383,30407,1
21384,30408,1
21385,30409,1
21386,30410,1
21386,30411,1
21386,30412,1
21387,30413,1
21388,30414,1
21388,30415,2
21389,30416,1
21389,30417,1
21389,30418,1
21390,30421,1
21390,30423,1
21391,30422,1
21392,30424,1
21392,30425,1
21392,30426,1
21392,30427,1
21393,30428,1
21394,30429,1
21395,30430,1
21396,30431,1
21396,30432,2
21397,30435,1
21397,30437,1
21398,30436,1
21399,30438,1
21400,30439,1
21401,30440,1
21402,30441,2
21403,30442,1
21404,30443,1
21405,30444,1
21406,30445,1
21407,30446,1
21408,30447,1
21408,30448,1
21409,30449,1
21410,30450,1
21410,30451,1
21411,30452,1
21412,30453,1
21413,30454,1
21414,30455,1
21414,30456,2
21415,30457,1
21415,30458,1
21416,30459,2
21416,30460,1
21417,30461,2
21418,30462,1
21419,30463,1
21419,30464,1
21419,30465,1
21420,30466,2
21421,30467,1
21421,30468,1
21421,30469,1
21421,30470,2
21422,30471,1
21422,30472,1
21422,30473,1
21423,30474,1
21424,30475,1
21425,30476,1
21425,30477,1
21426,30478,2
21426,30479,1
21426,30480,1
21427,30481,2
21428,30482,1
21429,30483,1
21429,30484,1
21429,30485,1
21430,30487,1
21431,30488,1
21432,30489,1
21432,30490,1
21433,30491,1
21434,30492,1
21434,30493,1
21434,30495,1
21435,30494,2
21436,30496,1
21437,30497,1
21438,30498,1
21439,30499,2
21439,30501,1
21440,30500,1
21441,30502,1
21441,30503,1
21442,30505,1
21442,30506,1
21442,30507,1
21443,30508,1
21444,30509,1
21444,30510,1
21445,30511,3
21446,30512,1
21446,30514,1
21447,30513,1
21447,30515,1
21448,30516,1
21448,30518,1
21448,30519,2
21448,30520,1
21449,30517,1
21450,30521,1
21450,30522,1
21450,30523,1
21451,30524,2
21451,30526,1
21452,30525,1
21453,30527,1
21454,30528,1
21455,30529,1
21456,30530,1
21457,30531,1
21458,30532,3
21459,30533,1
21460,30534,3
21461,30535,1
21462,30536,1
21462,30537,1
21463,30538,1
21463,30539,1
21464,30540,1
21465,30541,1
21466,30542,2
21467,30543,1
21467,30544,1
21468,30545,2
21468,30546,1
21468,30548,1
21469,30547,1
21470,30549,1
21471,30550,1
21472,30553,2
21473,30554,1
21473,30555,1
21474,30556,1
21475,30557,1
21475,30558,1
21476,30559,1
21477,30560,1
21478,30561,1
21478,30563,1
21479,30562,1
21480,30564,2
21481,30565,1
21482,30566,1
21483,30567,2
21484,30568,1
21484,30569,1
21484,30570,1
21485,30571,1
21486,30572,1
21487,30573,1
21488,30574,2
21489,30575,1
21490,30576,1
21491,30577,1
21492,30578,1
21493,30579,2
21494,30580,1
21495,30581,1
21496,30582,1
21497,30583,1
21498,30585,1
21499,30586,2
21500,30587,1
21500,30588,1
21500,30590,1
21501,30589,1
21502,30591,2
21503,30592,1
21504,30593,1
21505,30594,1
21505,30595,1
21506,30596,1
21507,30597,1
21508,30598,1
21509,30599,1
21510,30600,2
21510,30601,2
21510,30602,1
21511,30603,1
21511,30604,1
21511,30606,1
21512,30605,1
21513,30607,1
21514,30608,1
21514,30609,3
21515,30610,1
21516,30611,1
21517,30612,2
21518,30613,2
21519,30614,1
21519,30615,1
21519,30616,2
21520,30617,1
21521,30618,1
21521,30619,1
21522,30620,1
21522,30621,1
21523,30623,1
21524,30624,2
21525,30625,1
21526,30626,1
21527,30627,1
21527,30628,1
21527,30629,1
21528,30630,1
21529,30631,1
21530,30632,1
21530,30633,2
21531,30634,1
21532,30635,1
21533,30636,1
21534,30637,1
21535,30638,1
21535,30639,1
21536,30641,1
21537,30642,1
21538,30643,1
21538,30644,1
21539,30645,1
21540,30646,1
21540,30647,1
21541,30648,1
21542,30653,1
21543,30654,1
21544,30655,1
21545,30656,1
21545,30658,1
21546,30657,1
21547,30659,1
21547,30660,2
21548,30661,1
21549,30662,1
21550,30663,1
21551,30664,1
21551,30666,1
21552,30665,1
21553,30667,1
21554,30668,1
21555,30669,1
21556,30670,1
21557,30671,1
21557,30672,1
21558,30674,1
21558,30675,1
21559,30676,1
21559,30677,1
21560,30678,1
21561,30679,1
21562,30685,1
21563,30686,1
21563,30688,1
21563,30689,1
21564,30687,1
21565,30690,1
21566,30691,1
21567,30692,1
21568,30694,1
21568,30696,1
21569,30695,1
21570,30697,1
21571,30698,1
21572,30699,1
21573,30700,1
21574,30701,1
21575,30702,1
21575,30703,1
21576,30704,1
21576,30705,1
21577,30706,2
21578,30707,1
21578,30708,2
21579,30709,1
21580,30710,1
21581,30711,1
21582,30712,1
21582,30713,1
21582,30714,1
21583,30715,1
21584,30716,1
21584,30717,1
21585,30718,1
21585,30719,1
21586,30723,1
21587,30724,1
21587,30725,2
21587,30726,2
21587,30727,3
21587,30728,1
21588,30729,1
21589,30730,1
21590,30731,1
21591,30732,2
21592,30733,1
21592,30734,1
21593,30735,1
21594,30736,1
21595,30737,1
21596,30738,1
21597,30739,1
21598,30740,1
21598,30741,1
21598,30742,1
21598,30743,1
21599,30744,1
21600,30745,1
21600,30746,2
21600,30747,1
21601,30748,1
21602,30749,3
21603,30750,1
21603,30751,1
21604,30752,1
21605,30753,1
21606,30754,1
21606,30755,1
21606,30756,1
21607,30757,1
21608,30758,3
21609,30759,1
21610,30760,1
21611,30761,1
21612,30762,1
21613,30763,1
21614,30764,1
21614,30765,1
21615,30766,3
21615,30768,1
21616,30767,1
21617,30769,1
21618,30774,1
21619,30775,1
21620,30776,1
21621,30777,1
21621,30778,1
21621,30779,1
21621,30780,1
21622,30781,1
21623,30782,3
21623,30783,1
21624,30784,1
21625,30785,1
21625,30786,1
21626,30787,1
21627,30788,2
21627,30790,1
21628,30789,1
21629,30791,1
21629,30792,1
21630,30793,2
21631,30794,2
21631,30795,1
21632,30796,1
21633,30797,1
21633,30798,1
21633,30799,1
21633,30800,1
21634,30801,1
21635,30802,1
21635,30803,1
21636,30804,1
21637,30805,2
21638,30806,2
21638,30807,1
21638,30808,1
21639,30809,1
21640,30810,3
21640,30811,1
21640,30812,1
21640,30813,1
21641,30814,1
21642,30815,1
21642,30816,3
21642,30817,1
21643,30818,2
21643,30819,1
21644,30820,1
21644,30821,1
21644,30822,1
21644,30823,2
21645,30824,1
21645,30825,1
21646,30826,1
21647,30827,1
21647,30828,1
21647,30829,1
21647,30830,1
21648,30831,1
21648,30832,2
21649,30833,1
21650,30834,1
21650,30836,1
21650,30837,1
21650,30838,1
21651,30835,1
21652,30839,1
21653,30840,1
21653,30841,1
21654,30842,1
21654,30843,1
21655,30844,1
21656,30845,1
21656,30846,1
21657,30847,1
21658,30848,1
21659,30849,1
21660,30850,2
21661,30851,2
21662,30852,2
21663,30853,1
21664,30854,1
21664,30855,1
21664,30856,1
21665,30857,1
21666,30858,1
21667,30859,1
21668,30860,1
21669,30861,1
21670,30865,1
21671,30866,2
21672,30867,1
21672,30868,1
21673,30869,1
21674,30870,1
21674,30871,1
21675,30872,1
21675,30873,1
21676,30874,1
21676,30875,1
21677,30876,1
21677,30877,1
21678,30883,1
21678,30884,1
21679,30885,1
21679,30886,1
21679,30887,1
21679,30888,1
21680,30889,1
21681,30890,1
21681,30891,1
21682,30892,1
21683,30893,1
21684,30894,2
21685,30895,1
21686,30896,1
21686,30897,1
21686,30898,1
21686,30899,1
21686,30900,1
21687,30901,1
21688,30902,1
21689,30903,1
21690,30904,1
21691,30905,1
21691,30906,1
21692,30908,1
21692,30909,1
21693,30910,3
21693,30911,1
21693,30912,1
21693,30913,1
21694,30914,1
21694,30916,1
21694,30917,2
21695,30915,1
21695,30918,1
21696,30919,1
21696,30920,1
21697,30921,1
21697,30922,1
21697,30923,1
21698,30924,1
21698,30925,1
21699,30926,2
21700,30927,1
21701,30928,1
21702,30929,1
21702,30930,1
21703,30933,1
21704,30934,1
21705,30935,1
21706,30936,1
21707,30937,1
21707,30938,1
21708,30939,1
21709,30940,1
21709,30942,1
21709,30943,1
21710,30941,1
21711,30944,1
21712,30945,1
21713,30946,3
21714,30947,1
21715,30948,1
21716,30949,2
21716,30950,1
21717,30951,1
21717,30952,1
21718,30954,1
21718,30955,1
21718,30956,1
21719,30957,1
21720,30958,1
21720,30959,1
21721,30961,1
21722,30962,2
21723,30963,1
21724,30964,1
21724,30965,1
21724,30966,1
21724,30967,2
21725,30968,1
21725,30969,3
21725,30971,1
21726,30970,1
21727,30972,1
21728,30973,1
21728,30974,1
21729,30977,1
21730,30978,1
21730,30979,1
21731,30980,1
21732,30981,1
21733,30982,1
21734,30983,1
21735,30984,1
21735,30985,1
21736,30986,1
21736,30987,1
21737,30991,1
21737,30992,1
21737,30993,1
21738,30994,1
21738,30995,1
21739,30996,1
21739,30997,1
21740,30998,1
21741,30999,1
21741,31000,1
21742,31001,1
21742,31002,2
21742,31003,1
21743,31004,1
21744,31005,1
21744,31006,1
21744,31007,1
21744,31008,1
21745,31009,3
21746,31010,1
21747,31011,1
21747,31013,1
21748,31012,1
21749,31014,1
21750,31015,1
21750,31016,1
21751,31017,1
21752,31018,1
21753,31019,1
21754,31022,1
21755,31023,1
21755,31024,1
21756,31025,1
21756,31026,1
21757,31027,1
21757,31028,1
21757,31029,1
21757,31030,1
21758,31031,1
21759,31032,1
21759,31033,1
21759,31034,1
21760,31035,1
21761,31036,1
21762,31037,1
21763,31038,1
21764,31039,1
21765,31040,1
21766,31041,1
21767,31042,1
21768,31043,1
21769,31044,1
21770,31046,1
21771,31047,1
21771,31048,2
21772,31049,1
21773,31050,1
21774,31051,1
21775,31052,1
21775,31053,1
21776,31054,1
21777,31055,1
21778,31056,1
21778,31058,1
21779,31057,2
21780,31059,1
21780,31060,1
21781,31061,1
21782,31062,1
21782,31063,2
21783,31064,1
21784,31065,1
21785,31066,1
21785,31067,1
21786,31068,1
21787,31069,1
21787,31070,1
21788,31071,1
21789,31072,2
21790,31073,2
21790,31074,1
21791,31075,1
21791,31076,1
21792,31077,1
21793,31078,2
21794,31079,1
21794,31080,1
21795,31081,1
21796,31082,1
21797,31083,1
21798,31084,1
21799,31085,1
21800,31086,1
21801,31087,1
21802,31088,2
21803,31089,1
21804,31090,1
21804,31091,1
21804,31092,1
21805,31093,1
21805,31094,2
21805,31095,1
21805,31096,1
21806,31097,1
21807,31098,1
21807,31099,2
21808,31100,1
21808,31101,1
21808,31102,1
21808,31103,1
21809,31104,1
21809,31105,1
21810,31106,2
21811,31107,2
21812,31108,1
21813,31109,1
21814,31110,2
21815,31111,1
21816,31112,1
21817,31113,1
21817,31114,2
21817,31115,1
21817,31116,1
21818,31117,1
21819,31118,2
21820,31119,2
21821,31120,1
21821,31121,1
21821,31123,1
21822,31122,1
21823,31125,1
21824,31126,1
21824,31127,2
21824,31128,1
21825,31129,1
21826,31131,1
21827,31132,1
21828,31133,1
21829,31134,1
21829,31135,1
21829,31136,1
21830,31137,1
21831,31138,1
21831,31139,1
21832,31142,2
21833,31143,1
21834,31144,1
21835,31145,1
21836,31146,1
21837,31147,1
21837,31148,1
21838,31149,1
21839,31150,1
21839,31151,1
21840,31152,1
21841,31153,1
21841,31154,1
21841,31155,1
21842,31156,1
21843,31157,1
21844,31158,1
21845,31159,1
21846,31160,1
21847,31161,1
21848,31162,1
21848,31163,1
21848,31164,1
21849,31165,1
21850,31166,1
21850,31167,1
21850,31168,1
21850,31169,1
21851,31170,1
21851,31171,1
21852,31172,1
21852,31173,1
21853,31174,1
21854,31175,1
21855,31176,1
21855,31178,1
21855,31179,1
21856,31177,1
21857,31180,1
21857,31181,2
21858,31182,1
21858,31183,1
21859,31184,1
21860,31185,1
21861,31186,1
21862,31187,1
21863,31188,1
21864,31189,1
21864,31190,1
21865,31192,1
21866,31193,1
21866,31194,2
21867,31195,1
21868,31196,1
21869,31197,1
21869,31198,1
21869,31199,3
21870,31201,1
21870,31202,1
21871,31204,3
21871,31205,1
21872,31206,2
21872,31207,1
21873,31208,1
21873,31209,2
21874,31210,1
21875,31211,1
21876,31212,2
21877,31213,2
21878,31215,1
21878,31216,1
21878,31217,1
21879,31218,1
21879,31219,2
21879,31220,1
21879,31221,1
21880,31222,1
21881,31223,1
21882,31224,2
21883,31228,1
21883,31229,1
21884,31230,2
21885,31231,1
21885,31232,1
21885,31233,1
21886,31234,1
21887,31235,1
21888,31236,1
21889,31237,1
21889,31238,1
21890,31239,1
21890,31240,1
21891,31241,1
21891,31243,1
21891,31244,2
21892,31242,1
21893,31245,1
21893,31246,1
21893,31247,1
21894,31248,1
21894,31249,1
21894,31250,1
21895,31251,1
21895,31252,2
21895,31253,1
21895,31254,1
21896,31255,1
21897,31256,2
21897,31257,1
21898,31258,1
21899,31259,2
21900,31260,2
21901,31261,1
21902,31262,1
21902,31263,1
21903,31264,1
21904,31265,2
21905,31266,1
21906,31267,1
21906,31268,1
21907,31269,1
21907,31270,1
21908,31271,1
21909,31272,1
21910,31273,1
21911,31274,2
21911,31275,1
21911,31276,1
21912,31277,1
21912,31278,1
21912,31279,1
21913,31280,1
21914,31284,1
21914,31285,1
21915,31286,1
21915,31287,2
21916,31288,1
21917,31289,1
21918,31290,2
21919,31291,1
21920,31292,1
21920,31293,1
21920,31294,2
21921,31295,1
21921,31297,1
21921,31298,1
21921,31299,1
21922,31296,1
21923,31300,1
21924,31301,1
21925,31302,1
21925,31303,1
21926,31304,1
21927,31305,1
21927,31306,2
21927,31307,2
21927,31308,1
21927,31309,1
21928,31310,1
21928,31311,1
21928,31312,1
21928,31313,2
21929,31314,1
21930,31315,1
21931,31316,1
21931,31317,1
21932,31320,1
21932,31321,1
21933,31322,2
21934,31323,1
21934,31325,1
21935,31324,1
21936,31326,1
21937,31327,2
21938,31328,1
21939,31329,1
21939,31330,1
21940,31331,1
21941,31332,1
21942,31333,1
21942,31334,1
21943,31335,1
21944,31336,1
21945,31337,3
21946,31338,2
21947,31339,1
21947,31340,2
21947,31341,2
21947,31342,1
21948,31343,1
21949,31344,1
21950,31345,3
21951,31346,1
21952,31347,1
21952,31348,1
21953,31349,2
21953,31351,1
21953,31352,1
21953,31353,1
21954,31350,1
21955,31354,1
21956,31355,2
21956,31356,2
21957,31357,1
21957,31358,1
21958,31359,2
21958,31360,1
21958,31361,1
21959,31362,1
21960,31363,1
21960,31364,1
21960,31365,1
21961,31366,1
21961,31368,1
21962,31367,1
21962,31369,1
21963,31370,1
21964,31371,1
21964,31372,1
21965,31373,1
21965,31374,1
21966,31375,1
21966,31376,1
21966,31377,1
21966,31378,1
21967,31379,1
21968,31380,2
21969,31381,1
21969,31382,1
21970,31383,1
21971,31384,1
21971,31385,1
21971,31386,1
21972,31389,1
21973,31390,1
21973,31391,1
21974,31392,1
21975,31393,2
21976,31394,1
21977,31395,1
21978,31396,1
21978,31397,1
21979,31400,2
21980,31401,2
21981,31402,1
21982,31403,1
21982,31404,1
21982,31405,1
21983,31406,1
21984,31407,2
21985,31408,1
21985,31409,1
21986,31410,1
21987,31411,1
21988,31412,1
21989,31413,1
21990,31414,2
21991,31415,1
21991,31416,1
21992,31417,1
21992,31418,2
21993,31419,1
21994,31420,1
21994,31421,1
21995,31422,1
21995,31423,1
21995,31426,1
21996,31424,2
21997,31425,1
21998,31427,1
21999,31428,1
21999,31429,1
22000,31430,1
22001,31431,2
22002,31432,1
22002,31433,1
22002,31434,1
22003,31435,1
22004,31436,1
22005,31437,1
22006,31438,1
22007,31439,2
22007,31440,2
22007,31442,1
22007,31443,1
22008,31441,1
22009,31447,1
22010,31448,1
22011,31449,1
22012,31450,3
22012,31451,1
22013,31452,1
22014,31456,1
22014,31457,1
22014,31458,1
22015,31459,1
22015,31460,1
22016,31461,1
22017,31462,1
22017,31463,1
22018,31464,1
22019,31465,1
22020,31466,1
22021,31467,1
22022,31468,1
22023,31469,1
22024,31470,1
22025,31471,1
22025,31472,2
22025,31473,3
22026,31474,1
22026,31475,1
22026,31476,1
22027,31477,1
22028,31478,1
22028,31479,2
22029,31480,1
22030,31483,2
22031,31484,2
22031,31485,1
22032,31486,1
22033,31487,1
22034,31488,1
22035,31489,1
22035,31492,1
22036,31490,1
22036,31491,1
22037,31493,1
22038,31494,1
22039,31495,1
22040,31496,2
22040,31497,1
22041,31498,1
22041,31499,2
22042,31500,1
22042,31501,1
22043,31502,1
22043,31503,1
22043,31505,2
22044,31504,1
22045,31506,1
22046,31507,1
22047,31508,3
22047,31509,2
22048,31510,1
22049,31511,1
22050,31512,3
22051,31513,1
22052,31514,1
22053,31515,1
22054,31516,1
22054,31517,1
22054,31518,1
22055,31519,2
22056,31520,1
22057,31521,1
22058,31522,2
22059,31523,1
22060,31524,1
22061,31525,1
22062,31526,1
22063,31527,1
22064,31528,1
22065,31529,1
22065,31530,1
22066,31531,1
22066,31532,1
22067,31533,1
22068,31534,2
22069,31535,1
22069,31536,1
22070,31537,1
22071,31538,2
22072,31539,1
22073,31540,3
22073,31541,1
22074,31542,1
22075,31544,1
22075,31545,1
22076,31546,2
22076,31547,1
22076,31548,1
22076,31549,3
22076,31550,1
22077,31551,1
22078,31552,1
22079,31553,1
22080,31554,2
22081,31555,1
22082,31556,1
22082,31557,1
22082,31558,1
22083,31559,1
22083,31560,1
22083,31561,1
22084,31562,1
22084,31563,1
22085,31564,2
22085,31566,1
22085,31567,1
22085,31568,1
22086,31565,1
22087,31569,1
22088,31572,1
22089,31573,2
22090,31574,1
22091,31575,1
22091,31576,1
22092,31577,1
22093,31578,1
22094,31579,1
22095,31580,1
22096,31581,1
22097,31582,1
22097,31583,1
22097,31584,3
22098,31585,2
22098,31586,1
22099,31587,1
22100,31588,1
22101,31589,1
22102,31590,1
22103,31591,1
22104,31592,1
22105,31593,1
22106,31594,1
22107,31595,1
22108,31598,1
22109,31599,1
22110,31601,1
22110,31602,2
22110,31603,1
22110,31604,2
22111,31605,1
22112,31606,1
22112,31607,2
22113,31608,1
22114,31609,1
22114,31610,1
22115,31611,2
22115,31613,1
22116,31612,1
22116,31614,1
22117,31616,1
22118,31617,2
22119,31618,1
22120,31619,1
22121,31620,1
22122,31621,3
22123,31622,2
22124,31623,1
22125,31624,1
22126,31626,1
22127,31627,1
22128,31628,1
22128,31629,2
22128,31630,1
22129,31631,1
22130,31632,2
22130,31633,1
22130,31634,1
22131,31635,1
22132,31636,1
22132,31637,1
22133,31638,2
22134,31639,1
22134,31640,1
22135,31641,1
22136,31642,1
22137,31643,1
22137,31644,1
22137,31645,1
22137,31646,1
22138,31647,1
22138,31648,1
22139,31649,1
22139,31650,1
22140,31651,1
22141,31652,1
22141,31653,1
22142,31654,1
22142,31655,2
22143,31656,1
22144,31657,1
22145,31658,1
22146,31659,1
22147,31660,1
22147,31661,1
22148,31663,1
22149,31664,1
22150,31665,2
22150,31666,1
22151,31667,1
22152,31668,1
22153,31669,1
22154,31670,1
22155,31671,1
22156,31672,2
22157,31673,1
22158,31674,1
22159,31675,1
22159,31676,1
22159,31677,1
22159,31678,1
22159,31679,1
22160,31680,1
22161,31681,1
22161,31682,1
22161,31683,2
22162,31684,1
22163,31685,1
22163,31686,2
22163,31687,1
22164,31688,1
22165,31689,1
22165,31690,1
22165,31691,1
22166,31692,1
22167,31693,1
22167,31694,1
22168,31695,1
22169,31696,1
22170,31697,1
22170,31698,1
22171,31699,1
22172,31700,1
22173,31701,1
22174,31702,1
22175,31703,1
22176,31704,1
22177,31705,1
22178,31706,1
22178,31707,1
22178,31709,1
22178,31710,1
22179,31708,1
22180,31711,1
22180,31712,2
22181,31713,1
22181,31714,1
22181,31715,2
22182,31716,1
22182,31717,1
22182,31718,1
22182,31719,1
22182,31720,1
22183,31721,1
22184,31722,1
22185,31723,1
22185,31724,1
22186,31725,2
22187,31726,1
22188,31727,1
22188,31728,1
22189,31729,1
22189,31730,1
22190,31731,1
22190,31732,2
22190,31733,1
22191,31734,2
22192,31735,1
22192,31736,1
22193,31737,2
22194,31738,1
22195,31739,1
22196,31740,1
22197,31741,1
22198,31743,1
22199,31744,1
22200,31745,1
22201,31746,1
22202,31747,1
22202,31748,1
22202,31749,1
22202,31750,2
22203,31751,1
22204,31752,1
22205,31753,1
22206,31754,1
22207,31755,1
22207,31756,1
22207,31757,1
22208,31758,1
22209,31759,1
22209,31760,1
22209,31761,1
22210,31762,2
22210,31763,1
22210,31764,1
22211,31765,1
22212,31766,1
22213,31767,1
22213,31768,1
22214,31769,1
22214,31770,1
22214,31771,1
22215,31772,1
22215,31773,1
22215,31774,2
22216,31775,1
22216,31776,1
22217,31777,2
22218,31778,1
22219,31779,1
22219,31780,1
22220,31781,2
22220,31782,1
22221,31783,1
22221,31784,1
22221,31785,1
22221,31786,1
22222,31787,1
22222,31788,2
22223,31789,1
22223,31790,2
22224,31791,1
22224,31792,1
22224,31793,1
22225,31794,1
22226,31795,1
22226,31796,1
22226,31797,1
22227,31798,1
22227,31799,1
22228,31800,1
22228,31801,1
22228,31802,1
22229,31804,1
22230,31805,1
22231,31806,1
22232,31807,1
22232,31808,1
22233,31809,1
22234,31810,1
22234,31811,1
22235,31812,1
22235,31813,1
22236,31814,1
22237,31815,1
22238,31816,1
22238,31817,1
22239,31818,1
22240,31819,1
22240,31820,1
22241,31821,1
22241,31822,1
22241,31823,1
22242,31824,1
22242,31825,1
22242,31826,1
22242,31827,1
22243,31828,1
22244,31829,1
22245,31830,1
22245,31832,1
22245,31833,1
22245,31834,2
22246,31831,1
22247,31835,3
22248,31836,1
22249,31837,1
22250,31838,1
22251,31839,1
22251,31840,1
22251,31841,1
22252,31842,1
22252,31843,1
22253,31844,1
22254,31845,1
22255,31846,1
22256,31847,1
22256,31848,1
22257,31849,1
22257,31850,1
22258,31851,1
22258,31852,1
22259,31853,1
22260,31854,1
22260,31856,1
22261,31855,1
22262,31857,1
22263,31858,1
22264,31859,1
22265,31860,2
22265,31861,2
22265,31862,1
22265,31863,1
22266,31864,1
22267,31865,2
22267,31866,1
22268,31867,1
22269,31868,1
22269,31869,1
22270,31870,1
22271,31871,1
22271,31872,1
22272,31873,1
22273,31874,2
22274,31875,1
22275,31876,1
22276,31877,1
22277,31879,2
22278,31880,1
22279,31882,1
22280,31883,1
22281,31884,1
22282,31885,3
22283,31886,1
22284,31887,1
22285,31888,1
22285,31889,1
22286,31890,1
22287,31891,1
22288,31892,1
22289,31893,1
22289,31894,1
22290,31895,1
22291,31896,1
22291,31897,1
22292,31898,1
22293,31899,1
22294,31900,1
22295,31901,1
22296,31902,1
22297,31903,1
22298,31904,1
22299,31905,2
22300,31906,1
22301,31907,1
22301,31908,1
22302,31909,1
22303,31910,1
22304,31911,1
22304,31912,2
22305,31913,1
22305,31914,1
22306,31915,1
22306,31916,1
22307,31918,1
22308,31919,1
22308,31920,3
22308,31921,1
22309,31922,1
22309,31923,1
22309,31925,1
22310,31924,1
22311,31926,1
22312,31927,1
22313,31928,2
22314,31929,2
22315,31930,1
22316,31931,1
22316,31932,2
22317,31933,1
22317,31934,1
22318,31936,1
22319,31938,1
22320,31939,1
22321,31940,1
22321,31941,1
22322,31942,1
22322,31943,1
22323,31944,1
22324,31945,1
22324,31946,1
22325,31947,2
22325,31948,1
22325,31949,1
22326,31951,1
22327,31952,1
22327,31953,1
22328,31954,1
22329,31955,1
22330,31956,1
22330,31957,1
22330,31958,1
22331,31959,1
22332,31960,2
22332,31961,1
22333,31962,1
22334,31963,1
22334,31964,1
22335,31965,1
22336,31966,1
22337,31967,1
22338,31968,1
22339,31969,1
22340,31970,1
22341,31971,1
22342,31972,1
22343,31973,1
22343,31974,1
22343,31975,1
22344,31976,1
22345,31977,2
22346,31978,1
22347,31979,1
22348,31980,1
22349,31981,1
22349,31982,1
22350,31983,1
22350,31984,1
22350,31985,1
22351,31986,1
22352,31987,1
22353,31988,2
22354,31989,1
22354,31990,2
22354,31991,1
22355,31992,1
22356,31998,2
22356,32001,1
22356,32002,2
22357,31999,1
22357,32000,1
22358,32003,1
22358,32004,1
22359,32005,1
22360,32006,1
22360,32007,1
22361,32008,1
22361,32009,1
22362,32010,1
22362,32011,1
22362,32012,1
22362,32013,1
22363,32014,1
22363,32015,1
22363,32016,1
22364,32017,1
22365,32018,1
22366,32019,1
22367,32020,1
22368,32021,1
22369,32022,1
22369,32023,1
22370,32024,1
22371,32025,1
22371,32026,1
22372,32027,1
22373,32028,1
22373,32029,1
22373,32030,1
22374,32031,1
22375,32032,1
22375,32033,1
22376,32034,1
22377,32035,1
22378,32036,1
22378,32038,1
22379,32037,1
22380,32039,1
22380,32040,2
22380,32041,1
22381,32042,1
22382,32043,1
22383,32044,1
22384,32045,1
22384,32046,1
22385,32047,1
22385,32048,1
22386,32049,1
22387,32050,1
22388,32052,1
22388,32056,1
22389,32053,1
22390,32054,1
22390,32055,1
22391,32059,1
22392,32061,2
22392,32062,1
22393,32063,1
22394,32064,1
22395,32065,1
22396,32066,1
22397,32067,1
22398,32068,1
22398,32069,1
22399,32070,1
22399,32071,1
22400,32072,1
22401,32073,1
22402,32074,1
22403,32075,1
22403,32077,1
22404,32076,1
22405,32078,2
22406,32079,1
22407,32080,1
22408,32081,1
22409,32082,3
22410,32083,1
22411,32084,3
22411,32086,1
22412,32085,1
22413,32087,1
22414,32088,1
22414,32089,1
22415,32090,1
22415,32091,1
22416,32092,1
22416,32093,1
22417,32094,2
22417,32095,2
22418,32096,2
22418,32097,1
22419,32098,1
22419,32099,1
22420,32100,1
22421,32105,1
22422,32106,1
22423,32107,1
22423,32108,1
22424,32109,1
22425,32110,1
22426,32111,1
22426,32112,1
22426,32113,1
22427,32114,1
22427,32115,1
22427,32116,1
22427,32117,1
22428,32118,1
22428,32120,1
22429,32119,1
22430,32121,1
22431,32122,1
22432,32123,1
22432,32124,3
22432,32125,1
22433,32126,1
22434,32127,1
22435,32128,1
22435,32129,1
22436,32130,1
22437,32131,1
22437,32132,1
22438,32133,2
22439,32134,1
22440,32135,1
22441,32136,1
22441,32137,2
22442,32138,1
22443,32139,1
22443,32140,2
22443,32141,1
22443,32142,2
22444,32143,1
22445,32144,1
22445,32145,1
22445,32146,1
22446,32147,2
22447,32148,1
22448,32150,2
22449,32151,1
22449,32152,1
22449,32153,1
22449,32154,1
22450,32155,1
22451,32156,1
22452,32157,1
22452,32158,1
22453,32159,1
22454,32160,3
22455,32161,1
22455,32162,1
22456,32163,1
22457,32164,1
22457,32166,2
22457,32168,1
22458,32165,1
22458,32167,1
22459,32169,1
22459,32170,1
22460,32171,1
22461,32172,1
22461,32173,1
22462,32174,2
22462,32175,1
22463,32176,1
22463,32177,1
22463,32178,2
22464,32179,2
22465,32180,3
22466,32181,1
22466,32182,2
22466,32183,1
22467,32184,1
22468,32185,1
22469,32186,2
22470,32187,1
22470,32188,1
22471,32189,1
22472,32190,2
22473,32191,1
22474,32192,1
22475,32194,1
22475,32196,1
22476,32195,1
22477,32197,1
22477,32198,1
22478,32204,1
22479,32205,1
22480,32206,2
22481,32207,1
22481,32208,1
22482,32209,1
22483,32210,1
22483,32211,1
22484,32212,2
22485,32213,1
22486,32214,2
22487,32215,1
22488,32216,1
22488,32217,1
22489,32218,2
22490,32219,1
22491,32220,1
22492,32221,1
22492,32222,1
22493,32223,1
22494,32224,1
22495,32225,1
22496,32233,1
22496,32235,1
22497,32234,1
22498,32236,1
22498,32237,2
22499,32240,1
22499,32241,1
22500,32244,1
22501,32245,1
22501,32246,1
22501,32247,2
22502,32248,1
22503,32249,1
22503,32250,1
22503,32251,1
22503,32252,1
22503,32253,3
22504,32254,1
22504,32255,2
22505,32256,1
22506,32257,1
22506,32258,1
22506,32259,1
22506,32260,1
22507,32261,1
22507,32262,1
22508,32263,1
22509,32264,1
22510,32265,2
22511,32266,1
22512,32267,1
22512,32268,1
22513,32269,1
22513,32270,1
22514,32271,1
22514,32272,1
22515,32274,1
22516,32275,1
22517,32276,2
22518,32277,2
22519,32278,2
22520,32279,1
22520,32280,1
22520,32281,1
22521,32282,1
22522,32283,1
22523,32284,1
22523,32285,1
22524,32286,1
22525,32287,1
22526,32288,1
22526,32289,1
22526,32290,1
22527,32291,2
22528,32292,1
22529,32293,1
22530,32294,1
22530,32295,1
22531,32296,1
22531,32297,1
22532,32298,1
22533,32299,1
22533,32300,1
22534,32301,1
22534,32302,1
22535,32303,1
22536,32304,2
22536,32305,1
22536,32306,1
22537,32307,1
22538,32308,1
22539,32309,1
22540,32310,1
22541,32311,1
22541,32312,1
22542,32313,1
22542,32314,1
22543,32315,2
22544,32316,1
22544,32317,1
22544,32318,1
22544,32319,1
22545,32320,2
22546,32321,1
22547,32322,2
22548,32323,3
22549,32324,1
22550,32325,3
22551,32326,1
22551,32327,1
22551,32328,1
22552,32329,2
22553,32330,1
22554,32331,1
22555,32332,1
22556,32333,1
22557,32334,1
22557,32335,1
22557,32336,1
22558,32337,1
22559,32340,1
22559,32341,1
22559,32342,2
22560,32343,1
22561,32344,1
22562,32345,1
22563,32346,1
22564,32347,1
22565,32348,1
22566,32349,1
22567,32350,1
22568,32351,1
22568,32352,1
22569,32353,1
22569,32354,1
22570,32355,2
22570,32356,1
22571,32357,1
22572,32358,2
22573,32359,1
22573,32360,1
22574,32362,1
22575,32363,1
22576,32364,1
22577,32365,1
22578,32366,1
22579,32367,3
22579,32368,1
22579,32369,1
22579,32370,1
22579,32371,1
22580,32372,1
22581,32373,1
22581,32374,1
22582,32375,1
22582,32376,1
22583,32377,1
22584,32378,1
22585,32381,1
22585,32382,2
22586,32383,1
22587,32384,1
22587,32385,1
22588,32386,2
22588,32387,1
22588,32388,1
22589,32389,2
22590,32390,1
22591,32391,1
22591,32393,1
22591,32394,1
22592,32392,1
22593,32395,2
22593,32396,1
22594,32397,1
22595,32398,2
22596,32399,1
22597,32400,1
22597,32401,1
22597,32402,1
22598,32403,1
22599,32404,1
22599,32405,1
22600,32406,1
22601,32407,1
22602,32408,1
22603,32409,1
22604,32410,1
22604,32411,1
22604,32412,1
22605,32413,1
22606,32414,1
22607,32415,1
22608,32416,1
22609,32417,1
22609,32419,3
22610,32418,2
22611,32420,1
22611,32421,1
22611,32422,1
22611,32423,1
22611,32424,1
22612,32425,1
22612,32426,1
22612,32427,1
22612,32428,1
22613,32429,1
22614,32430,1
22614,32431,1
22614,32432,1
22614,32433,1
22615,32434,1
22615,32435,1
22616,32436,1
22617,32437,2
22617,32439,1
22617,32441,1
22618,32438,1
22618,32440,1
22619,32442,1
22620,32443,1
22621,32444,1
22622,32445,1
22622,32446,1
22622,32447,1
22623,32448,2
22624,32449,3
22625,32450,1
22625,32451,1
22626,32452,1
22627,32453,1
22628,32454,1
22629,32455,1
22629,32456,1
22629,32457,1
22630,32458,1
22630,32459,1
22630,32460,1
22630,32461,1
22630,32462,1
22631,32463,1
22631,32464,2
22631,32465,1
22631,32466,1
22632,32467,1
22632,32468,2
22633,32470,1
22634,32471,1
22635,32472,1
22636,32473,2
22637,32474,1
22638,32475,1
22638,32476,1
22639,32477,1
22640,32478,1
22641,32479,1
22641,32481,1
22641,32482,1
22642,32480,1
22643,32483,1
22644,32484,1
22644,32486,2
22645,32485,1
22646,32487,1
22647,32488,1
22648,32489,1
22648,32490,2
22648,32492,1
22649,32491,1
22650,32493,1
22651,32494,1
22652,32495,1
22653,32496,1
22654,32497,1
22654,32498,1
22655,32499,1
22656,32500,1
22656,32501,3
22656,32502,1
22657,32503,1
22657,32504,1
22658,32505,1
22658,32506,1
22659,32507,1
22660,32511,1
22660,32512,1
22661,32513,1
22661,32514,1
22661,32515,1
22661,32516,1
22661,32517,1
22662,32518,1
22663,32522,1
22663,32523,1
22663,32524,1
22664,32525,1
22664,32526,3
22664,32527,1
22665,32528,1
22666,32529,1
22666,32530,1
22667,32531,1
22668,32532,1
22669,32533,1
22670,32534,3
22671,32535,1
22671,32536,1
22671,32537,1
22672,32538,1
22673,32539,1
22673,32540,1
22674,32541,1
22675,32542,1
22675,32543,2
22675,32544,1
22675,32545,1
22676,32546,1
22677,32547,1
22677,32548,1
22678,32549,1
22678,32550,1
22679,32552,1
22679,32553,1
22680,32554,1
22680,32555,1
22680,32556,1
22681,32557,1
22682,32560,2
22683,32561,1
22684,32562,1
22684,32563,1
22685,32564,1
22686,32565,1
22687,32566,1
22688,32567,1
22688,32568,3
22688,32569,2
22689,32570,1
22689,32571,1
22690,32572,1
22690,32573,2
22691,32574,1
22692,32575,1
22692,32576,2
22692,32577,1
22693,32578,1
22694,32579,1
22695,32580,1
22696,32581,1
22696,32582,1
22696,32583,1
22697,32584,1
22697,32585,1
22697,32586,1
22698,32587,1
22698,32588,1
22699,32589,1
22699,32590,1
22700,32591,1
22700,32592,1
22700,32593,1
22701,32594,1
22702,32595,3
22703,32596,1
22704,32597,1
22704,32598,1
22705,32599,1
22706,32600,2
22707,32601,1
22708,32602,2
22709,32603,1
22709,32604,2
22710,32605,1
22710,32606,1
22711,32607,2
22712,32608,1
22713,32613,1
22714,32614,1
22715,32615,2
22716,32616,1
22717,32617,2
22717,32619,1
22718,32618,1
22719,32620,1
22720,32621,2
22720,32622,1
22721,32623,1
22722,32624,1
22723,32625,1
22724,32626,1
22724,32627,1
22725,32629,1
22725,32631,2
22725,32633,1
22726,32630,1
22727,32632,1
22728,32634,1
22729,32635,1
22730,32636,1
22731,32647,1
22732,32648,1
22733,32649,3
22733,32650,1
22734,32651,2
22735,32653,1
22735,32654,2
22736,32660,1
22736,32661,1
22736,32662,1
22736,32663,1
22737,32664,2
22737,32665,3
22737,32666,2
22737,32667,1
22738,32671,1
22739,32672,1
22740,32673,1
22740,32674,1
22740,32675,1
22741,32676,1
22742,32677,1
22742,32678,1
22743,32679,1
22744,32683,1
22745,32684,1
22745,32685,1
22746,32686,1
22747,32688,1
22748,32691,1
22749,32692,1
22749,32693,1
22749,32694,1
22749,32695,1
22750,32696,2
22751,32697,1
22751,32698,2
22752,32699,1
22752,32700,1
22752,32701,1
22752,32702,2
22752,32703,1
22753,32704,1
22754,32705,1
22755,32706,1
22756,32709,1
22757,32710,1
22758,32711,1
22759,32712,1
22760,32713,1
22760,32714,1
22760,32715,1
22760,32716,1
22760,32717,2
22761,32718,1
22762,32719,1
22762,32720,1
22763,32721,1
22764,32722,2
22765,32723,1
22765,32724,1
22765,32725,2
22766,32726,1
22767,32727,2
22767,32728,1
22768,32730,1
22769,32731,1
22770,32732,1
22770,32733,1
22771,32739,1
22772,32740,1
22772,32742,1
22773,32741,1
22774,32744,1
22775,32745,1
22776,32747,1
22777,32748,1
22778,32749,1
22779,32750,2
22780,32751,1
22781,32755,1
22782,32759,1
22782,32760,1
22782,32761,1
22782,32762,1
22783,32763,1
22784,32764,2
22784,32766,1
22785,32765,2
22786,32769,1
22787,32770,1
22787,32771,1
22788,32772,1
22788,32773,1
22789,32774,1
22789,32775,1
22790,32776,1
22791,32777,1
22792,32780,1
22792,32781,1
22792,32782,1
